gene_symbol,source_row_count,selected_feature_key,selected_moderated_t,collapse_rule
A1BG,1,F00002,-7.425527183153782,single_source_row
A2M,1,F00003,-5.683203740850874,single_source_row
A2ML1,1,F00004,-5.38698869092686,single_source_row
AAAS,1,F00005,-1.170010837009842,single_source_row
AACS,1,F00006,-2.98635504861356,single_source_row
AAMDC,1,F00010,-5.184889034380604,single_source_row
AARS1,1,F00013,4.638072666913072,single_source_row
AARSD1,1,F00015,-2.365010801660693,single_source_row
AASDHPPT,1,F00017,0.3407311387870034,single_source_row
ABCC1,1,F00029,1.587828282957423,single_source_row
ABCD3,1,F00034,-0.6487732244578714,single_source_row
ABCE1,1,F00035,6.387570124056472,single_source_row
ABCF1,1,F00036,5.328990326265501,single_source_row
ABCF2,1,F00037,5.500545787073084,single_source_row
ABCF3,1,F00038,0.2496685847623063,single_source_row
ABHD10,1,F00039,-2.6400231604163853,single_source_row
ABHD11,1,F00040,-7.848247206987283,single_source_row
ABHD12,1,F00041,-1.8180584055618396,single_source_row
ABHD14B,1,F00042,-11.25541300552246,single_source_row
ABHD16A,1,F00043,-3.507151410236998,single_source_row
ABI1,1,F00048,-4.78622255713459,single_source_row
ABLIM1,1,F00052,-10.227311691162967,single_source_row
ABRACL,1,F00057,4.520933170294707,single_source_row
ABRAXAS2,1,F00058,-4.602216118114426,single_source_row
ACAA1,1,F00060,-1.1070978612140046,single_source_row
ACAA2,1,F00061,-5.704720537204588,single_source_row
ACACA,1,F00062,-0.076529233620463,single_source_row
ACAD9,1,F00066,-0.5387284785435086,single_source_row
ACADM,1,F00067,-5.716483338192331,single_source_row
ACADS,1,F00068,-7.449625571555472,single_source_row
ACADVL,1,F00070,-7.243008613058211,single_source_row
ACAP2,1,F00073,-0.2833493067239915,single_source_row
ACAT1,1,F00074,-8.693835999305982,single_source_row
ACAT2,1,F00075,-3.709767784754349,single_source_row
ACBD3,1,F00076,2.028036900309668,single_source_row
ACIN1,1,F00081,3.8232172553033936,single_source_row
ACLY,1,F00083,3.917282903189716,single_source_row
ACO1,1,F00084,-6.044283693785528,single_source_row
ACO2,1,F00085,-6.844162410438895,single_source_row
ACOT13,1,F00088,-5.044141769464186,single_source_row
ACOT7,1,F00091,3.721471943270076,single_source_row
ACOT9,1,F00093,0.790606900027108,single_source_row
ACOX1,1,F00094,-1.951804233436524,single_source_row
ACOX3,1,F00095,-7.253677702181611,single_source_row
ACP1,1,F00096,-3.238331146405749,single_source_row
ACSL1,1,F00103,-6.734114983044471,single_source_row
ACSL3,1,F00104,-0.2536205116701746,single_source_row
ACSL4,1,F00105,1.5594472558036236,single_source_row
ACSS1,1,F00107,-3.670630317081145,single_source_row
ACTA1,1,F00110,-5.5019677662503765,single_source_row
ACTB,1,F00112,2.9977408336616658,single_source_row
ACTBL2,1,F00113,-2.078186446377468,single_source_row
ACTG1,1,F00114,1.461622840229514,single_source_row
ACTL6A,1,F00115,4.675109556882407,single_source_row
ACTN1,1,F00117,6.594913438558851,single_source_row
ACTN2,1,F00118,-6.184989014323393,single_source_row
ACTN3,1,F00119,-5.295808528462046,single_source_row
ACTN4,1,F00120,-1.0632715719817905,single_source_row
ACTR10,1,F00121,-2.464885126227837,single_source_row
ACTR1A,1,F00122,-3.952727381115888,single_source_row
ACTR1B,1,F00123,-4.63849263194026,single_source_row
ACTR2,1,F00124,3.798721286106648,single_source_row
ACTR3,1,F00125,5.47206468475282,single_source_row
ACY1,1,F00128,-6.7778681460835655,single_source_row
ACYP1,1,F00129,-2.4337408219497583,single_source_row
ACYP2,1,F00130,-7.135873181142122,single_source_row
ADA,1,F00131,4.728548371349727,single_source_row
ADAM10,1,F00133,1.3873657632518963,single_source_row
ADAR,1,F00142,8.344362815743565,single_source_row
ADD1,1,F00145,-8.945819368908468,single_source_row
ADD2,1,F00146,-2.004223324840793,single_source_row
ADD3,1,F00147,-12.620162466457222,single_source_row
ADH5,1,F00159,-4.6468301438101385,single_source_row
ADH7,1,F00160,-4.700448774363514,single_source_row
ADIRF,1,F00164,-6.40261082698266,single_source_row
ADISSP,1,F00165,-1.0889944707889423,single_source_row
ADK,1,F00166,-0.8287730421781498,single_source_row
ADPRS,1,F00172,-4.042681719929751,single_source_row
ADRM1,1,F00173,1.3070208535662824,single_source_row
ADSL,1,F00174,-2.7457477394921783,single_source_row
ADSS2,1,F00176,-0.0401973539003518,single_source_row
AEBP1,1,F00177,0.692190160558165,single_source_row
AFAP1L2,1,F00180,3.7026876070635657,single_source_row
AFDN,1,F00181,-3.387177051284409,single_source_row
AFG3L2,1,F00186,-4.139876693159836,single_source_row
AFM,1,F00187,-7.169802650357349,single_source_row
AGFG1,1,F00194,0.7856296539684232,single_source_row
AGK,1,F00196,2.24529227078953,single_source_row
AGL,1,F00197,-6.517957686055096,single_source_row
AGO2,1,F00200,1.429433936831986,single_source_row
AGPAT3,1,F00204,1.7945421358109073,single_source_row
AGPS,1,F00207,7.3170127500066835,single_source_row
AGR2,1,F00208,-4.025005911134362,single_source_row
AGRN,1,F00210,0.0841612023463884,single_source_row
AGT,1,F00211,-7.058006599620866,single_source_row
AHCY,1,F00215,1.471588263843055,single_source_row
AHCYL2,1,F00217,-3.669343917768563,single_source_row
AHNAK,1,F00219,-7.003609775895396,single_source_row
AHNAK2,1,F00220,1.2287806158868504,single_source_row
AHSA1,1,F00222,5.974431878836749,single_source_row
AHSG,1,F00223,-7.179453929348267,single_source_row
AHSP,1,F00224,-2.2158460924413927,single_source_row
AIDA,1,F00225,-4.501340006638481,single_source_row
AIFM1,1,F00228,-3.7020221142403664,single_source_row
AIMP1,1,F00230,-2.414258904159734,single_source_row
AIMP2,1,F00231,2.5446200970743256,single_source_row
AIP,1,F00232,3.6645628500069543,single_source_row
AK1,1,F00236,-6.843893833364672,single_source_row
AK2,1,F00237,-4.2511496758343,single_source_row
AK3,1,F00238,-8.67282259936783,single_source_row
AK4,1,F00239,-3.969209396423432,single_source_row
AKAP12,1,F00243,-9.987527235957918,single_source_row
AKAP13,1,F00244,1.663841128594563,single_source_row
AKAP2,1,F00246,-1.3662378808462428,single_source_row
AKR1A1,1,F00251,-6.731984672752628,single_source_row
AKR1B1,1,F00252,-4.6665911349564295,single_source_row
AKR1B10,1,F00253,-0.1814645406746691,single_source_row
AKR1C2,1,F00256,-2.7377429506708006,single_source_row
AKR1C3,1,F00257,-1.995367865924602,single_source_row
AKR1D1,1,F00258,-3.855807677638353,single_source_row
AKR7A2,1,F00259,-10.097302646010723,single_source_row
AKT1S1,1,F00261,2.143886264325066,single_source_row
ALAD,1,F00264,-5.617035941791149,single_source_row
ALB,1,F00265,-8.29295600519056,single_source_row
ALCAM,1,F00266,-3.317481187657063,single_source_row
ALDH16A1,1,F00267,-0.1628737077662052,single_source_row
ALDH18A1,1,F00268,1.8276661850746745,single_source_row
ALDH1A1,1,F00269,-10.801804691764568,single_source_row
ALDH1A3,1,F00270,1.7885681385289611,single_source_row
ALDH1B1,1,F00271,-1.7327873395642714,single_source_row
ALDH1L2,1,F00273,-0.146012837400359,single_source_row
ALDH2,1,F00274,-11.368224508892938,single_source_row
ALDH3A1,1,F00275,-5.482659618775103,single_source_row
ALDH3A2,1,F00276,-11.799261856279529,single_source_row
ALDH4A1,1,F00278,-8.727169023471717,single_source_row
ALDH6A1,1,F00280,-12.722539442481809,single_source_row
ALDH7A1,1,F00281,-9.141726112589092,single_source_row
ALDH9A1,1,F00282,-13.955650742365211,single_source_row
ALDOA,1,F00283,-5.369484164827674,single_source_row
ALDOC,1,F00284,-7.317095140055873,single_source_row
ALG5,1,F00292,3.500438742799501,single_source_row
ALOX5AP,1,F00303,2.4636194830439,single_source_row
ALYREF,1,F00308,0.7685489106370501,single_source_row
AMBP,1,F00310,-8.342105618472043,single_source_row
AMPD2,1,F00319,3.761496018553319,single_source_row
AMPD3,1,F00320,3.070128271078618,single_source_row
ANG,1,F00329,-7.9936404563896595,single_source_row
ANK1,1,F00332,-3.351662576220924,single_source_row
ANK3,1,F00334,-5.808318033494416,single_source_row
ANKFY1,1,F00336,3.240272721833789,single_source_row
ANKRD22,1,F00344,-2.2745124995046058,single_source_row
ANKRD35,1,F00347,-3.3856927435659663,single_source_row
ANO10,1,F00353,-1.488191582624923,single_source_row
ANO6,1,F00354,0.0108842645585427,single_source_row
ANP32A,1,F00356,2.0865015089482584,single_source_row
ANP32B,1,F00357,5.459964206503691,single_source_row
ANP32E,1,F00358,3.1047912783798566,single_source_row
ANPEP,1,F00359,2.095799554223425,single_source_row
ANXA1,1,F00362,-2.7933238687928834,single_source_row
ANXA11,1,F00363,-5.314186684206724,single_source_row
ANXA2,1,F00364,-4.291002787637791,single_source_row
ANXA3,1,F00365,1.761924640723284,single_source_row
ANXA4,1,F00366,-4.001441109432605,single_source_row
ANXA5,1,F00367,-3.567288017239039,single_source_row
ANXA6,1,F00368,-3.413380134212799,single_source_row
ANXA7,1,F00369,-4.54060108820614,single_source_row
ANXA8,1,F00370,0.5688186663077506,single_source_row
ANXA8L1,1,F00371,-1.0936578838571602,single_source_row
AOC3,1,F00373,-9.811880993173038,single_source_row
AP1B1,1,F00375,0.066006004795373,single_source_row
AP1G1,1,F00376,3.911288687976726,single_source_row
AP1G2,1,F00377,2.022877939486628,single_source_row
AP1M1,1,F00378,4.38937465239116,single_source_row
AP1M2,1,F00379,-2.681865481675275,single_source_row
AP1S1,1,F00380,-1.076266372068838,single_source_row
AP2A1,1,F00383,7.2124575850720865,single_source_row
AP2A2,1,F00384,1.0465947850822814,single_source_row
AP2B1,1,F00385,3.80431240687992,single_source_row
AP2M1,1,F00386,0.4162417254571992,single_source_row
AP2S1,1,F00387,0.0152106185516374,single_source_row
AP3B1,1,F00388,4.849504753366756,single_source_row
AP3D1,1,F00389,2.576111096884885,single_source_row
AP3M1,1,F00390,3.037088856044974,single_source_row
AP3S1,1,F00392,2.277975359693529,single_source_row
APBA1,1,F00398,-2.6638844700162934,single_source_row
APCS,1,F00401,-8.665939076057882,single_source_row
APEH,1,F00402,-4.982422033388448,single_source_row
APEX1,1,F00403,4.775510487124444,single_source_row
API5,1,F00405,5.566816491704602,single_source_row
APMAP,1,F00408,3.945015802784073,single_source_row
APOA1,1,F00409,-7.182860973928477,single_source_row
APOA2,1,F00410,-7.57882808800722,single_source_row
APOA4,1,F00411,-7.096398827643771,single_source_row
APOB,1,F00413,-5.556789567292439,single_source_row
APOBEC3C,1,F00417,1.9657105157428405,single_source_row
APOC1,1,F00421,-4.496464004397131,single_source_row
APOC2,1,F00422,-5.259709477791617,single_source_row
APOC3,1,F00423,-5.453246736539207,single_source_row
APOD,1,F00425,-4.976382066598331,single_source_row
APOE,1,F00426,-5.818814586860444,single_source_row
APOF,1,F00427,-2.3531259226101184,single_source_row
APOH,1,F00428,-3.270502387647732,single_source_row
APOL1,1,F00429,-5.762425095070114,single_source_row
APOL2,1,F00430,3.7092520491604346,single_source_row
APOM,1,F00432,-7.004506047646542,single_source_row
APOO,1,F00433,-6.265942710278989,single_source_row
APOOL,1,F00434,-4.968538612016512,single_source_row
APP,1,F00435,3.526470596047424,single_source_row
APPL1,1,F00436,-10.26680931244529,single_source_row
APRT,1,F00438,-1.27400352179169,single_source_row
ARAF,1,F00444,-6.35407735496284,single_source_row
ARAP1,1,F00445,3.853043363541866,single_source_row
ARCN1,1,F00447,2.8220905736088646,single_source_row
ARF4,1,F00449,3.214139061238925,single_source_row
ARF5,1,F00450,1.2972834464642184,single_source_row
ARF6,1,F00451,-1.8101895134790744,single_source_row
ARFGAP1,1,F00452,-0.0910967609395133,single_source_row
ARFGAP2,1,F00453,-1.4876940208969949,single_source_row
ARFGEF1,1,F00455,1.4213796052620065,single_source_row
ARFIP1,1,F00458,-2.163045933074953,single_source_row
ARFIP2,1,F00459,-3.315109356313345,single_source_row
ARG1,1,F00461,0.9126378149488696,single_source_row
ARGLU1,1,F00463,2.613784840139388,single_source_row
ARHGAP1,1,F00464,3.485429875627059,single_source_row
ARHGAP17,1,F00466,-3.55464820355371,single_source_row
ARHGAP18,1,F00467,-0.0964376839281862,single_source_row
ARHGDIA,1,F00478,-2.6338860346902884,single_source_row
ARHGDIB,1,F00479,1.0081417244121484,single_source_row
ARHGEF1,1,F00480,6.671808351460199,single_source_row
ARHGEF10L,1,F00481,-3.5124734789217817,single_source_row
ARHGEF2,1,F00487,2.0374028613114272,single_source_row
ARHGEF7,1,F00494,-0.527220826238941,single_source_row
ARL1,1,F00505,1.4048268980968557,single_source_row
ARL2,1,F00507,-0.4147110982514798,single_source_row
ARL3,1,F00509,-1.6540853425720872,single_source_row
ARL6IP5,1,F00513,-6.815886492875181,single_source_row
ARL8A,1,F00514,-3.271525927706568,single_source_row
ARL8B,1,F00515,-0.2116156610819506,single_source_row
ARMC1,1,F00516,-1.4273081592119192,single_source_row
ARMC10,1,F00517,-2.046919554948757,single_source_row
ARMC8,1,F00519,-1.890809362333268,single_source_row
ARMT1,1,F00524,-0.4690642021158806,single_source_row
ARPC1A,1,F00526,-1.8692874951255531,single_source_row
ARPC1B,1,F00527,7.898918101117566,single_source_row
ARPC2,1,F00528,4.921695009753485,single_source_row
ARPC3,1,F00529,4.715532657037969,single_source_row
ARPC4,1,F00530,2.450797801200282,single_source_row
ARPC5,1,F00531,3.987644465768935,single_source_row
ARPC5L,1,F00532,0.6764446834052465,single_source_row
ARPP19,1,F00534,-1.034271352914948,single_source_row
ARRB1,1,F00535,-4.2094004676527454,single_source_row
ARRB2,1,F00536,-2.5001486263986177,single_source_row
ARSA,1,F00538,2.122985423944745,single_source_row
ASAH1,1,F00542,-7.896178091801998,single_source_row
ASCC2,1,F00547,4.217879585817137,single_source_row
ASCC3,1,F00548,4.290968624899839,single_source_row
ASL,1,F00553,-2.336922782371436,single_source_row
ASPH,1,F00556,-0.8692243394014154,single_source_row
ASPN,1,F00558,-11.066944291627053,single_source_row
ASPSCR1,1,F00560,-2.434595605660176,single_source_row
ASS1,1,F00562,-2.3905646824603517,single_source_row
ATAD1,1,F00564,0.2132403459000698,single_source_row
ATAD3A,1,F00566,0.5076177146358568,single_source_row
ATG3,1,F00573,3.0571900277859423,single_source_row
ATG7,1,F00577,-1.1563031394868206,single_source_row
ATIC,1,F00579,2.705925340411658,single_source_row
ATL2,1,F00581,-1.3768548222749444,single_source_row
ATL3,1,F00582,6.282367520489952,single_source_row
ATP12A,1,F00588,-5.480003491929658,single_source_row
ATP13A1,1,F00589,3.4731937521206664,single_source_row
ATP1A1,1,F00591,-0.5551608590885788,single_source_row
ATP1A2,1,F00592,-3.3682114517913715,single_source_row
ATP1B1,1,F00594,-6.3763353638482325,single_source_row
ATP1B3,1,F00596,3.549675966610515,single_source_row
ATP2A1,1,F00597,-4.853622982039228,single_source_row
ATP2A2,1,F00598,-3.377842278118297,single_source_row
ATP2A3,1,F00599,-3.396459956832617,single_source_row
ATP2B1,1,F00600,0.8141622686923716,single_source_row
ATP2B4,1,F00601,-1.703425896196593,single_source_row
ATP2C1,1,F00602,2.65941874163826,single_source_row
ATP5F1A,1,F00604,-7.159698276759843,single_source_row
ATP5F1B,1,F00605,-7.5439643048242,single_source_row
ATP5F1C,1,F00606,-6.728244174850728,single_source_row
ATP5F1D,1,F00607,-7.535036430460836,single_source_row
ATP5ME,1,F00609,-7.104556682725602,single_source_row
ATP5MF,1,F00610,-5.742540492385378,single_source_row
ATP5MG,1,F00611,-6.735985273511502,single_source_row
ATP5MJ,1,F00612,-3.4144373448099223,single_source_row
ATP5MK,1,F00613,-3.067241461396595,single_source_row
ATP5PB,1,F00614,-6.085008326851826,single_source_row
ATP5PD,1,F00615,-6.768622211703768,single_source_row
ATP5PF,1,F00616,-6.349554597971411,single_source_row
ATP5PO,1,F00617,-6.939764212503182,single_source_row
ATP6V0A1,1,F00620,2.4561670780537552,single_source_row
ATP6V0D1,1,F00623,5.41262063552527,single_source_row
ATP6V1A,1,F00625,1.5980546970849585,single_source_row
ATP6V1B2,1,F00626,1.4176246589909869,single_source_row
ATP6V1C1,1,F00627,3.050403472184284,single_source_row
ATP6V1D,1,F00629,-0.9848265929228348,single_source_row
ATP6V1E1,1,F00630,-0.3256344722172938,single_source_row
ATP6V1F,1,F00631,0.2238193697597141,single_source_row
ATP6V1G1,1,F00632,-0.3989482697070669,single_source_row
ATP6V1H,1,F00633,-1.1436355627347408,single_source_row
ATRN,1,F00640,-6.024600170730944,single_source_row
ATXN10,1,F00642,-0.0590128229710848,single_source_row
ATXN2L,1,F00644,4.750136434265415,single_source_row
AUP1,1,F00646,5.915177161432238,single_source_row
AZGP1,1,F00655,-9.108382682332088,single_source_row
AZU1,1,F00656,3.524466734833161,single_source_row
B2M,1,F00657,5.721384791750978,single_source_row
BABAM2,1,F00667,0.2930314306317116,single_source_row
BAG2,1,F00671,1.5790098194788298,single_source_row
BAG3,1,F00672,-4.298743872264419,single_source_row
BAG5,1,F00674,-3.995817654850103,single_source_row
BAG6,1,F00675,-0.5832064291360838,single_source_row
BAIAP2,1,F00676,-4.6277053862549336,single_source_row
BAIAP2L1,1,F00677,1.1453336783492885,single_source_row
BANF1,1,F00679,0.2958298163201126,single_source_row
BAP18,1,F00681,-0.0929020009384138,single_source_row
BASP1,1,F00683,5.557599716880815,single_source_row
BAX,1,F00684,4.022520783717099,single_source_row
BAZ1B,1,F00686,-0.1978615113730194,single_source_row
BCAM,1,F00691,-3.710852892100387,single_source_row
BCAP31,1,F00694,0.0018430376260611,single_source_row
BCAS2,1,F00697,3.769881587900473,single_source_row
BCAT2,1,F00700,-6.479498970583192,single_source_row
BCKDHA,1,F00702,-9.41495479887243,single_source_row
BCKDK,1,F00704,-1.488295702189233,single_source_row
BCL2L13,1,F00709,-1.70400186816352,single_source_row
BCLAF1,1,F00712,-0.8894304597091826,single_source_row
BCR,1,F00713,-3.644038413963878,single_source_row
BCS1L,1,F00714,-4.183966480798259,single_source_row
BDH1,1,F00715,-8.911438532344526,single_source_row
BDH2,1,F00716,-9.49133408303278,single_source_row
BGN,1,F00722,-8.453999061097592,single_source_row
BICD2,1,F00723,3.977112489215094,single_source_row
BID,1,F00726,6.214159815136145,single_source_row
BIN1,1,F00727,-5.138438804747119,single_source_row
BLMH,1,F00734,-2.010428121340988,single_source_row
BLOC1S1,1,F00735,-2.065212603939336,single_source_row
BLOC1S2,1,F00736,-2.8675058960225277,single_source_row
BLVRA,1,F00742,-4.518135743927577,single_source_row
BLVRB,1,F00743,-5.250514964122673,single_source_row
BOLA2,1,F00761,3.350540480160985,single_source_row
BPGM,1,F00766,0.1127164489345488,single_source_row
BPNT1,1,F00774,-2.364805627894431,single_source_row
BRI3BP,1,F00787,3.595951110297357,single_source_row
BRIX1,1,F00788,2.096739210185203,single_source_row
BRK1,1,F00789,-1.4551844992460277,single_source_row
BROX,1,F00790,-6.539856087938721,single_source_row
BSG,1,F00793,6.376423752422915,single_source_row
BST1,1,F00795,0.6284271170292084,single_source_row
BST2,1,F00796,2.6285890723294347,single_source_row
BTF3,1,F00801,0.5721696631828247,single_source_row
BTF3L4,1,F00802,-0.6518744777334371,single_source_row
BUB3,1,F00807,6.993851492997123,single_source_row
BUD31,1,F00810,2.487150415854021,single_source_row
BYSL,1,F00811,6.867278951287741,single_source_row
BZW1,1,F00812,6.605432339550437,single_source_row
BZW2,1,F00813,-2.708201740675735,single_source_row
C10orf67,1,F00814,10.409864178446265,single_source_row
C11orf54,1,F00817,-9.037139029938366,single_source_row
C11orf68,1,F00818,-3.744484971816687,single_source_row
C12orf57,1,F00821,0.25194162388834,single_source_row
C1QA,1,F00833,-3.075547764177571,single_source_row
C1QB,1,F00834,-2.276915426833356,single_source_row
C1QBP,1,F00835,-1.0209277698452517,single_source_row
C1QC,1,F00836,-2.5242082902175618,single_source_row
C1R,1,F00838,-1.983994908232702,single_source_row
C1S,1,F00840,-2.0974828201858298,single_source_row
C2,1,F00841,-5.896278935854975,single_source_row
C3,1,F00846,-5.494876621956154,single_source_row
C4A,1,F00848,-3.362729737603199,single_source_row
C4B,1,F00849,-3.143306816686649,single_source_row
C4BPA,1,F00850,1.5386044997447537,single_source_row
C4BPB,1,F00851,-0.417926214948928,single_source_row
C5,1,F00854,-1.5868624928172124,single_source_row
C6,1,F00857,-0.9325878373217354,single_source_row
C7,1,F00864,-0.9400963588296712,single_source_row
C7orf50,1,F00865,4.387606326360068,single_source_row
C8A,1,F00866,-2.173980961891235,single_source_row
C8B,1,F00867,-3.169514433884558,single_source_row
C8G,1,F00868,-2.515927827044094,single_source_row
C9,1,F00871,-2.5004815690499624,single_source_row
CA1,1,F00875,-2.3723044380317404,single_source_row
CA2,1,F00877,-1.4125582170776023,single_source_row
CA3,1,F00878,-6.766452645506676,single_source_row
CAB39,1,F00883,3.2763832373035915,single_source_row
CAB39L,1,F00884,0.8999480243493134,single_source_row
CACNA2D1,1,F00888,-6.508622661570128,single_source_row
CACNG6,1,F00890,5.081095403963255,single_source_row
CACYBP,1,F00892,4.031049789399208,single_source_row
CAD,1,F00893,5.483255656200014,single_source_row
CALD1,1,F00901,2.3659747014094,single_source_row
CALML3,1,F00905,-1.202946506275384,single_source_row
CALML5,1,F00906,-0.6946794895793004,single_source_row
CALR,1,F00907,4.997376998194583,single_source_row
CALU,1,F00908,3.4907667932738264,single_source_row
CAMK2D,1,F00913,-0.7675526733068481,single_source_row
CAMK2G,1,F00914,-3.789265489822262,single_source_row
CAMP,1,F00917,2.7869736382151213,single_source_row
CAND1,1,F00920,5.669199060001349,single_source_row
CANX,1,F00923,3.022453616517809,single_source_row
CAP1,1,F00924,6.627592944558412,single_source_row
CAP2,1,F00925,-6.010386684040405,single_source_row
CAPG,1,F00926,2.0598875574181954,single_source_row
CAPN1,1,F00927,-4.44146408203459,single_source_row
CAPN2,1,F00928,-7.1879450350994665,single_source_row
CAPNS1,1,F00932,-10.288941326700398,single_source_row
CAPRIN1,1,F00934,4.994250842102114,single_source_row
CAPZA1,1,F00937,5.6525153851772805,single_source_row
CAPZA2,1,F00938,-4.8929387823937205,single_source_row
CAPZB,1,F00939,1.749102919290821,single_source_row
CARHSP1,1,F00946,3.907434157517826,single_source_row
CARM1,1,F00947,-0.5242094718491149,single_source_row
CARS1,1,F00950,2.8766006549584797,single_source_row
CASK,1,F00953,3.04460527597862,single_source_row
CASP1,1,F00954,0.5209106537400326,single_source_row
CASP3,1,F00957,0.821120362573898,single_source_row
CASP7,1,F00960,4.664366581162858,single_source_row
CASQ1,1,F00962,-4.586341756701144,single_source_row
CAST,1,F00964,-4.777073253050862,single_source_row
CAT,1,F00968,-2.016881935997642,single_source_row
CAV1,1,F00969,-3.4589412295995703,single_source_row
CAVIN1,1,F00972,-6.91492734664033,single_source_row
CAVIN2,1,F00973,-9.595597339253004,single_source_row
CAVIN3,1,F00974,-6.48573340081522,single_source_row
CBFB,1,F00976,5.288889725617239,single_source_row
CBR1,1,F00980,-6.1084769864635975,single_source_row
CBR3,1,F00981,-10.714383180858364,single_source_row
CBX1,1,F00984,-2.2860088362575226,single_source_row
CBX3,1,F00985,4.522224678074267,single_source_row
CBX5,1,F00986,-1.3675539639186949,single_source_row
CC2D1A,1,F00988,-1.2980489059850104,single_source_row
CCAR1,1,F00990,4.487892868621136,single_source_row
CCAR2,1,F00991,-0.0252146739997569,single_source_row
CCDC124,1,F00995,2.2536000583689755,single_source_row
CCDC22,1,F01007,-3.247255498488093,single_source_row
CCDC47,1,F01009,4.116152582577488,single_source_row
CCDC6,1,F01013,-4.799045914208228,single_source_row
CCDC65,1,F01014,-6.558718842286343,single_source_row
CCDC88B,1,F01021,-0.5346978818285738,single_source_row
CCDC93,1,F01024,-1.2116375885642738,single_source_row
CCNK,1,F01035,-1.225318084660778,single_source_row
CCS,1,F01040,-2.8014424811881447,single_source_row
CCT2,1,F01041,2.532502256650605,single_source_row
CCT3,1,F01042,0.570865178725912,single_source_row
CCT4,1,F01043,3.928247289867581,single_source_row
CCT5,1,F01044,1.8144778517836708,single_source_row
CCT6A,1,F01045,2.422141596864757,single_source_row
CCT6B,1,F01046,-2.3817293487141304,single_source_row
CCT7,1,F01047,2.957281729536308,single_source_row
CCT8,1,F01048,1.5988584449881855,single_source_row
CD109,1,F01051,-4.834301994685613,single_source_row
CD14,1,F01052,-0.0304775682665413,single_source_row
CD163,1,F01054,0.5588203493562591,single_source_row
CD2AP,1,F01066,-0.4831512714400839,single_source_row
CD36,1,F01069,-4.988171537496751,single_source_row
CD44,1,F01076,4.322941294895849,single_source_row
CD47,1,F01078,2.306791704638961,single_source_row
CD55,1,F01082,-4.055087760481785,single_source_row
CD58,1,F01083,1.117237180731985,single_source_row
CD59,1,F01084,-2.332211487141347,single_source_row
CD5L,1,F01085,-4.072786382612656,single_source_row
CD74,1,F01089,1.7116267025641618,single_source_row
CD81,1,F01090,-3.706332552008433,single_source_row
CD82,1,F01091,1.2363586074000237,single_source_row
CD9,1,F01095,-7.084881776286402,single_source_row
CDA,1,F01098,2.009911323036341,single_source_row
CDC37,1,F01104,-1.1779850700898582,single_source_row
CDC42,1,F01107,4.2838192263804,single_source_row
CDC42BPB,1,F01109,-1.098930623391466,single_source_row
CDC5L,1,F01117,-2.0696864465094804,single_source_row
CDC73,1,F01119,1.4078324084439648,single_source_row
CDCP1,1,F01123,1.6476268696531882,single_source_row
CDH1,1,F01124,-4.839565850540194,single_source_row
CDH13,1,F01126,-5.959275108775063,single_source_row
CDIPT,1,F01130,0.1242620302736786,single_source_row
CDK5RAP3,1,F01139,0.4100283269008845,single_source_row
CDK9,1,F01143,6.647124466749206,single_source_row
CDKN2AIP,1,F01149,-0.9774552301795738,single_source_row
CDS2,1,F01153,-1.5239490456405391,single_source_row
CDV3,1,F01155,6.009980557764722,single_source_row
CEPT1,1,F01184,1.82895792548246,single_source_row
CERT1,1,F01190,-0.5051493053698555,single_source_row
CES1,1,F01191,-6.266401082946341,single_source_row
CES2,1,F01192,-4.9873922256990495,single_source_row
CFAP20,1,F01197,-1.2291501093640418,single_source_row
CFB,1,F01200,-7.010348050513097,single_source_row
CFD,1,F01201,-8.2630772692048,single_source_row
CFH,1,F01203,-2.6113119255176467,single_source_row
CFHR1,1,F01204,-0.8177040512755072,single_source_row
CFI,1,F01208,-6.409478742849912,single_source_row
CFL1,1,F01209,7.188101023600385,single_source_row
CFL2,1,F01210,-5.27815822488455,single_source_row
CGN,1,F01214,-2.797695584584633,single_source_row
CHCHD3,1,F01224,-3.62555276310335,single_source_row
CHD4,1,F01231,0.451761387369069,single_source_row
CHERP,1,F01236,2.715560773507706,single_source_row
CHID1,1,F01238,-3.123510223154918,single_source_row
CHMP1B,1,F01243,-0.7267135756981488,single_source_row
CHMP2A,1,F01244,-3.1881460160905264,single_source_row
CHMP3,1,F01246,-3.0817274252637405,single_source_row
CHMP4A,1,F01247,0.5569493169603579,single_source_row
CHMP4B,1,F01248,3.3050628509213333,single_source_row
CHMP5,1,F01250,1.7592664936640117,single_source_row
CHORDC1,1,F01253,3.884918935041492,single_source_row
CHP1,1,F01254,-0.6975280510202024,single_source_row
CIAO2B,1,F01265,1.613663669458888,single_source_row
CIAPIN1,1,F01266,0.3688457118372454,single_source_row
CILP,1,F01270,-10.53909593585172,single_source_row
CIRBP,1,F01273,-5.6411813002415965,single_source_row
CISD1,1,F01274,-5.056630138955248,single_source_row
CISD2,1,F01275,3.54339606779962,single_source_row
CKAP4,1,F01280,8.189878291525119,single_source_row
CKAP5,1,F01281,3.040456691930663,single_source_row
CKB,1,F01282,-6.160974881240963,single_source_row
CKM,1,F01283,-6.495114510153224,single_source_row
CKMT1A,1,F01284,0.2950443736933941,single_source_row
CLASP1,1,F01287,0.8924118219766062,single_source_row
CLEC3B,1,F01303,-8.956814368909209,single_source_row
CLEC4M,1,F01304,-0.3384246795885269,single_source_row
CLIC1,1,F01307,4.313153134086424,single_source_row
CLIC2,1,F01308,-5.796337557632154,single_source_row
CLIC3,1,F01309,-1.2193565813690217,single_source_row
CLIC4,1,F01310,5.049391027389476,single_source_row
CLINT1,1,F01312,-1.3316887132082986,single_source_row
CLIP1,1,F01313,0.023414778010778,single_source_row
CLNS1A,1,F01320,2.8618162682947688,single_source_row
CLPTM1,1,F01323,0.7625928163394297,single_source_row
CLPX,1,F01325,3.5752792855616127,single_source_row
CLTA,1,F01327,4.1006063263125245,single_source_row
CLTB,1,F01328,0.8496565476057703,single_source_row
CLTC,1,F01329,4.717159458310755,single_source_row
CLU,1,F01330,-5.135065403977933,single_source_row
CLUH,1,F01331,1.545671948670598,single_source_row
CMA1,1,F01333,-12.45729302470519,single_source_row
CMAS,1,F01334,-5.16164390655825,single_source_row
CMBL,1,F01335,-7.826430970693674,single_source_row
CMPK1,1,F01339,-7.688451441950909,single_source_row
CNBP,1,F01346,5.431845675861029,single_source_row
CNDP2,1,F01347,2.101809852043459,single_source_row
CNN1,1,F01350,-5.443342805352899,single_source_row
CNN2,1,F01351,6.038547451305825,single_source_row
CNN3,1,F01352,-2.495270977518946,single_source_row
CNOT1,1,F01355,2.647727016532093,single_source_row
CNP,1,F01363,-4.047073477332438,single_source_row
CNPY2,1,F01364,2.9018122910141555,single_source_row
CNRIP1,1,F01367,-7.44781893363719,single_source_row
CNTN1,1,F01369,-3.7380522936929226,single_source_row
COA3,1,F01372,-4.857166467423943,single_source_row
COA4,1,F01373,-5.048505719464583,single_source_row
COA6,1,F01374,-1.255034275718849,single_source_row
COASY,1,F01376,-3.035614879133452,single_source_row
COBLL1,1,F01378,-3.4009584014752536,single_source_row
COG2,1,F01381,0.7834892194602489,single_source_row
COG3,1,F01382,-1.519264109085282,single_source_row
COL10A1,1,F01389,-10.260755387569876,single_source_row
COL12A1,1,F01391,5.2797709511976425,single_source_row
COL14A1,1,F01392,-11.556585463549215,single_source_row
COL15A1,1,F01393,-9.691612134107997,single_source_row
COL16A1,1,F01394,-7.036817311379811,single_source_row
COL17A1,1,F01395,4.292398519832814,single_source_row
COL18A1,1,F01396,-6.398311292368455,single_source_row
COL1A1,1,F01398,-8.120980029539139,single_source_row
COL1A2,1,F01399,-8.931261516104014,single_source_row
COL2A1,1,F01405,-7.577301157131663,single_source_row
COL3A1,1,F01406,-10.01491286609711,single_source_row
COL4A1,1,F01407,-3.851983135517856,single_source_row
COL4A2,1,F01408,-5.073110311519497,single_source_row
COL4A3,1,F01409,-2.882261906783441,single_source_row
COL5A1,1,F01411,-8.039350702572905,single_source_row
COL5A2,1,F01412,-5.487451174320147,single_source_row
COL5A3,1,F01413,-7.200183685257635,single_source_row
COL6A1,1,F01414,-6.847077073167911,single_source_row
COL6A2,1,F01415,-7.013256559666278,single_source_row
COL6A3,1,F01416,-6.341489749558496,single_source_row
COL6A6,1,F01418,-7.161715890612288,single_source_row
COL7A1,1,F01419,-0.4732178642724933,single_source_row
COLGALT1,1,F01422,12.72256889757668,single_source_row
COMMD10,1,F01423,0.1950631112558017,single_source_row
COMMD2,1,F01424,-3.5998847417397486,single_source_row
COMMD3,1,F01425,1.653466346735916,single_source_row
COMMD9,1,F01431,1.230431827833833,single_source_row
COMT,1,F01433,-1.306323749936027,single_source_row
COMTD1,1,F01434,-4.449830258487362,single_source_row
COPA,1,F01435,3.901676567190076,single_source_row
COPB1,1,F01436,3.3900676720854155,single_source_row
COPB2,1,F01437,3.4362041567106267,single_source_row
COPE,1,F01438,1.4295277487557667,single_source_row
COPG1,1,F01439,3.3343582039476165,single_source_row
COPG2,1,F01440,1.215682770124004,single_source_row
COPS2,1,F01442,-2.724919250603118,single_source_row
COPS3,1,F01443,-3.722519655722812,single_source_row
COPS4,1,F01444,-5.439323031214989,single_source_row
COPS5,1,F01445,-1.571378565546888,single_source_row
COPS6,1,F01446,-2.335708834824717,single_source_row
COPS7A,1,F01447,-5.093825243215845,single_source_row
COPS8,1,F01449,-4.477174997543382,single_source_row
COPZ1,1,F01450,1.142123284896265,single_source_row
COQ5,1,F01454,-5.532359098368369,single_source_row
COQ6,1,F01455,-3.496730122733668,single_source_row
COQ9,1,F01458,-8.270681965461296,single_source_row
CORO1A,1,F01459,3.073573833935067,single_source_row
CORO1B,1,F01460,0.6995466016822456,single_source_row
CORO1C,1,F01461,10.227747780681302,single_source_row
CORO7,1,F01465,1.6126938954642016,single_source_row
COTL1,1,F01466,4.653971157434796,single_source_row
COX17,1,F01468,-0.3223306658162629,single_source_row
COX20,1,F01470,-0.3836144823661166,single_source_row
COX4I1,1,F01471,-6.373137087051487,single_source_row
COX5A,1,F01472,-6.956419093477697,single_source_row
COX5B,1,F01473,-7.723128999475689,single_source_row
COX6B1,1,F01476,-4.528968267864434,single_source_row
COX6C,1,F01477,-6.020682541112895,single_source_row
COX7A1,1,F01478,-7.059520332486093,single_source_row
COX7A2,1,F01479,-5.7311306523100365,single_source_row
COX7A2L,1,F01480,-0.6686657245273901,single_source_row
COX7C,1,F01481,-2.207265150651506,single_source_row
CP,1,F01482,-6.581441541390553,single_source_row
CPA3,1,F01483,-11.61624471740732,single_source_row
CPB2,1,F01485,0.2302199384748837,single_source_row
CPN1,1,F01490,-4.535017828728786,single_source_row
CPN2,1,F01491,-3.815807369390886,single_source_row
CPNE1,1,F01492,5.5009935633218925,single_source_row
CPNE3,1,F01494,-1.9476268675178692,single_source_row
CPOX,1,F01497,7.074403009390404,single_source_row
CPPED1,1,F01498,-2.144022020505709,single_source_row
CPQ,1,F01499,-3.929263353911084,single_source_row
CPSF1,1,F01501,4.808133801382488,single_source_row
CPSF2,1,F01502,0.8032194369428559,single_source_row
CPSF3,1,F01503,6.053315916941242,single_source_row
CPSF6,1,F01505,1.0986941017738203,single_source_row
CPSF7,1,F01506,1.336623628236893,single_source_row
CPT1A,1,F01507,2.4766447405242205,single_source_row
CPT2,1,F01509,-5.736185868243327,single_source_row
CPVL,1,F01511,-2.078433421285065,single_source_row
CRABP2,1,F01519,0.0905770295317539,single_source_row
CRAT,1,F01522,-7.513399428273143,single_source_row
CREG1,1,F01527,-0.9490100097868268,single_source_row
CRIP1,1,F01530,-6.578884862885924,single_source_row
CRIP2,1,F01531,-9.0914646912377,single_source_row
CRK,1,F01535,-3.437497495255361,single_source_row
CRKL,1,F01536,1.3695185636114242,single_source_row
CRLF3,1,F01537,-0.8379335969132002,single_source_row
CRNKL1,1,F01539,0.7142963256554956,single_source_row
CRNN,1,F01540,-9.8980999017965,single_source_row
CROT,1,F01542,-1.7368062377549764,single_source_row
CRTAP,1,F01544,9.345539587002127,single_source_row
CRYAB,1,F01545,-7.611068825840272,single_source_row
CRYBG1,1,F01546,-2.111155670679924,single_source_row
CRYBG2,1,F01547,-4.193309518119623,single_source_row
CRYZ,1,F01551,-9.688944319927272,single_source_row
CS,1,F01553,-4.043765122724302,single_source_row
CSDE1,1,F01554,1.6393196182788032,single_source_row
CSE1L,1,F01555,7.198990095252753,single_source_row
CSK,1,F01559,-0.0720002915530707,single_source_row
CSNK1A1,1,F01562,6.255987534334573,single_source_row
CSNK2A2,1,F01567,5.353899645866183,single_source_row
CSNK2B,1,F01568,3.714448680416806,single_source_row
CSPG4,1,F01569,4.301529234345918,single_source_row
CSRP1,1,F01570,-4.346952599371441,single_source_row
CSRP2,1,F01571,3.071657489232706,single_source_row
CST3,1,F01573,-6.1555280847912766,single_source_row
CSTA,1,F01576,-1.955055564936724,single_source_row
CSTB,1,F01577,-4.901361169537048,single_source_row
CSTF1,1,F01578,3.1655782196649245,single_source_row
CSTF2,1,F01579,4.356736442407887,single_source_row
CSTF3,1,F01581,2.6536673475001984,single_source_row
CTBP1,1,F01584,-4.482937367329157,single_source_row
CTNNA1,1,F01592,-0.8613111651859104,single_source_row
CTNNA2,1,F01593,-4.266995146588404,single_source_row
CTNNB1,1,F01596,-1.9160309912554203,single_source_row
CTNNBL1,1,F01598,3.8155578590951817,single_source_row
CTNND1,1,F01599,0.1800585260233456,single_source_row
CTPS1,1,F01601,9.604254876206584,single_source_row
CTSA,1,F01604,4.890314879884594,single_source_row
CTSB,1,F01605,6.744220667253576,single_source_row
CTSC,1,F01606,9.332955566389076,single_source_row
CTSD,1,F01607,0.7058228515600651,single_source_row
CTSG,1,F01608,0.5217727828594476,single_source_row
CTSS,1,F01612,3.2412070683192704,single_source_row
CTSZ,1,F01614,0.0869721226893574,single_source_row
CTTN,1,F01615,4.022860775014482,single_source_row
CTTNBP2NL,1,F01616,-1.4819796995696637,single_source_row
CUL1,1,F01620,1.991771522595141,single_source_row
CUL2,1,F01621,2.076366859968164,single_source_row
CUL3,1,F01622,-3.0077329030552,single_source_row
CUL4A,1,F01623,-3.903824142629134,single_source_row
CUL4B,1,F01624,-0.2701945030263228,single_source_row
CUL5,1,F01625,-4.75354626243543,single_source_row
CUTA,1,F01627,-4.722333168270646,single_source_row
CYB5A,1,F01648,-10.10866334530097,single_source_row
CYB5B,1,F01649,-0.1520980482756496,single_source_row
CYB5R1,1,F01650,-0.9652806640334464,single_source_row
CYB5R3,1,F01652,-4.273421948220003,single_source_row
CYBA,1,F01654,4.7455454702816455,single_source_row
CYBB,1,F01655,5.344431814523007,single_source_row
CYBC1,1,F01656,-2.758367311746248,single_source_row
CYBRD1,1,F01657,-10.651457146767536,single_source_row
CYC1,1,F01658,-4.898261029442836,single_source_row
CYCS,1,F01659,-1.9715551306513872,single_source_row
CYFIP1,1,F01660,1.344319981461166,single_source_row
CYP51A1,1,F01676,-1.366269873086289,single_source_row
CYP7B1,1,F01677,-0.4620354299740445,single_source_row
CYRIB,1,F01679,6.697748701176892,single_source_row
CZIB,1,F01684,-5.245680677704346,single_source_row
DAD1,1,F01691,4.232510084346221,single_source_row
DAG1,1,F01692,-6.59728604247437,single_source_row
DAP3,1,F01694,0.6439439661197175,single_source_row
DARS1,1,F01698,4.621444827464437,single_source_row
DARS2,1,F01699,-0.3928964583066276,single_source_row
DAZAP1,1,F01701,4.244125776390443,single_source_row
DBI,1,F01703,-9.01592789106432,single_source_row
DBN1,1,F01704,-0.2491171756831497,single_source_row
DBNL,1,F01705,-0.2360955388552574,single_source_row
DBT,1,F01708,-4.205466809593308,single_source_row
DCAF7,1,F01716,-1.09053311787934,single_source_row
DCAKD,1,F01717,-6.395758715991632,single_source_row
DCD,1,F01718,-4.868258545195327,single_source_row
DCN,1,F01723,-12.423979509406898,single_source_row
DCPS,1,F01726,-1.1343687361161174,single_source_row
DCTN1,1,F01729,-4.601852910189344,single_source_row
DCTN2,1,F01730,-6.360138541899842,single_source_row
DCTN3,1,F01731,-7.08899833012382,single_source_row
DCTN4,1,F01732,-2.1391786455739683,single_source_row
DCTN5,1,F01733,-4.246297950664058,single_source_row
DCTPP1,1,F01735,0.6979112895438832,single_source_row
DCUN1D1,1,F01736,-0.6597150402151203,single_source_row
DCXR,1,F01739,-9.804163364768222,single_source_row
DDAH2,1,F01742,-13.194985693150093,single_source_row
DDB1,1,F01743,-3.722286040689985,single_source_row
DDI2,1,F01747,-2.8027916610161445,single_source_row
DDOST,1,F01748,3.4054283473664198,single_source_row
DDRGK1,1,F01749,-1.2112979075460697,single_source_row
DDT,1,F01750,-4.019489629084896,single_source_row
DDX1,1,F01751,0.2693005556054939,single_source_row
DDX17,1,F01753,5.246575371205101,single_source_row
DDX18,1,F01754,7.200054012252302,single_source_row
DDX21,1,F01758,8.30059248951595,single_source_row
DDX23,1,F01759,-0.3886799316592286,single_source_row
DDX24,1,F01760,4.45109630385068,single_source_row
DDX27,1,F01761,4.645045244184709,single_source_row
DDX39A,1,F01764,4.540633612575019,single_source_row
DDX39B,1,F01765,4.107434085388689,single_source_row
DDX3X,1,F01766,4.542699790343138,single_source_row
DDX42,1,F01769,0.6046561115865196,single_source_row
DDX46,1,F01771,-0.5295521102423506,single_source_row
DDX5,1,F01774,9.001540174269634,single_source_row
DDX6,1,F01781,2.5775592110528867,single_source_row
DECR1,1,F01784,-5.58390970789165,single_source_row
DEK,1,F01795,3.633556550954557,single_source_row
DENR,1,F01806,1.8725008187862744,single_source_row
DERA,1,F01809,-3.27834508387163,single_source_row
DERL1,1,F01810,7.782306189515066,single_source_row
DES,1,F01814,-3.9567284852543674,single_source_row
DFFA,1,F01816,-0.0757728968836609,single_source_row
DGAT1,1,F01817,0.0946421238503897,single_source_row
DGKA,1,F01818,2.702321581719312,single_source_row
DGLUCY,1,F01823,-7.856408448458887,single_source_row
DHCR24,1,F01824,2.403439580142,single_source_row
DHCR7,1,F01825,2.363847594506458,single_source_row
DHODH,1,F01826,-2.274980729760301,single_source_row
DHRS1,1,F01828,-2.992053325744247,single_source_row
DHRS4,1,F01832,-2.1132688712614023,single_source_row
DHRS7,1,F01833,3.573191000727329,single_source_row
DHRS7B,1,F01834,-0.6965534739367002,single_source_row
DHX15,1,F01838,7.3647614864136,single_source_row
DHX30,1,F01841,-0.2855811385448835,single_source_row
DHX38,1,F01846,1.9858664079138395,single_source_row
DHX9,1,F01851,6.998783568267156,single_source_row
DIABLO,1,F01852,-2.486067032825428,single_source_row
DIAPH1,1,F01853,0.6594408049281063,single_source_row
DIAPH2,1,F01854,-4.435458134642,single_source_row
DICER1,1,F01856,-4.400234642336527,single_source_row
DIP2B,1,F01860,1.7858934754649851,single_source_row
DIS3,1,F01863,6.778149750625646,single_source_row
DKC1,1,F01865,3.053956120561434,single_source_row
DLAT,1,F01867,-5.869562157450503,single_source_row
DLD,1,F01868,-5.604496364378801,single_source_row
DLG1,1,F01869,-6.181606810316093,single_source_row
DLST,1,F01874,-5.436373265729796,single_source_row
DMD,1,F01879,-5.685239783306392,single_source_row
DNAJA1,1,F01892,10.997644888361997,single_source_row
DNAJA2,1,F01893,-0.8957031360943413,single_source_row
DNAJA3,1,F01894,-1.1182313205458236,single_source_row
DNAJB1,1,F01896,0.0988204302014145,single_source_row
DNAJB11,1,F01897,5.084412625395489,single_source_row
DNAJB2,1,F01899,-3.773232971018367,single_source_row
DNAJB4,1,F01900,-4.905923659207585,single_source_row
DNAJC10,1,F01905,3.634223719724206,single_source_row
DNAJC11,1,F01906,-2.8174530296295144,single_source_row
DNAJC13,1,F01907,0.2162542230881238,single_source_row
DNAJC19,1,F01909,0.6788497890457948,single_source_row
DNAJC2,1,F01910,-1.281636383157747,single_source_row
DNAJC3,1,F01913,1.762334414848621,single_source_row
DNAJC5,1,F01914,0.7569833647146467,single_source_row
DNAJC7,1,F01915,1.3918214537981104,single_source_row
DNAJC8,1,F01916,0.7297478709011382,single_source_row
DNAJC9,1,F01917,1.6176676448537866,single_source_row
DNM1L,1,F01922,1.384917322694606,single_source_row
DNM2,1,F01923,0.5936076415878893,single_source_row
DNPEP,1,F01927,-6.164756957446679,single_source_row
DNPH1,1,F01928,-7.108709435920442,single_source_row
DOCK2,1,F01933,2.0922430391574625,single_source_row
DOCK5,1,F01935,4.580709625145016,single_source_row
DOCK9,1,F01939,-1.4115708764652872,single_source_row
DPCD,1,F01947,-2.759680312776791,single_source_row
DPF2,1,F01949,-3.4561163177515986,single_source_row
DPM1,1,F01952,3.868332187235695,single_source_row
DPM3,1,F01953,3.626284383260989,single_source_row
DPP3,1,F01954,3.3013062481274007,single_source_row
DPP7,1,F01956,-2.1124877094790047,single_source_row
DPT,1,F01959,-11.079160728460549,single_source_row
DPY30,1,F01962,2.0771456123873047,single_source_row
DPYD,1,F01963,-1.386967963653048,single_source_row
DPYSL2,1,F01965,-9.111785926420792,single_source_row
DPYSL3,1,F01966,-7.482229565052629,single_source_row
DR1,1,F01969,0.8643598091133504,single_source_row
DRAP1,1,F01970,4.383037344664383,single_source_row
DRG1,1,F01971,2.996961350255872,single_source_row
DRG2,1,F01972,-1.4363308398770065,single_source_row
DSC2,1,F01974,-1.4968309074313468,single_source_row
DSC3,1,F01975,1.5657494774885343,single_source_row
DSG1,1,F01977,0.1706678669220575,single_source_row
DSG2,1,F01978,0.8525958801949667,single_source_row
DSG3,1,F01979,0.1491865036967254,single_source_row
DSP,1,F01981,0.8546611043350105,single_source_row
DST,1,F01982,3.7741585207518376,single_source_row
DSTN,1,F01983,1.7235230066532998,single_source_row
DTD1,1,F01985,-2.4177629088407446,single_source_row
DTX3L,1,F01990,5.369527307247019,single_source_row
DTYMK,1,F01991,3.732516693555081,single_source_row
DUOX1,1,F01992,-4.361427446984419,single_source_row
DUSP23,1,F02000,-2.6537627792401275,single_source_row
DUSP3,1,F02001,-4.57073823297692,single_source_row
DUT,1,F02003,-3.196333961393537,single_source_row
DYNC1H1,1,F02006,1.769206998327491,single_source_row
DYNC1I2,1,F02007,-0.8753088808684659,single_source_row
DYNC1LI1,1,F02008,-1.3673437307352982,single_source_row
DYNC1LI2,1,F02009,0.2304883660586356,single_source_row
DYNLL2,1,F02012,-8.83218601196689,single_source_row
DYNLRB1,1,F02013,-0.6290155188833659,single_source_row
DYNLT1,1,F02014,0.7300587582618675,single_source_row
DYNLT5,1,F02016,-8.24353543488041,single_source_row
DYSF,1,F02017,-0.6400049899781858,single_source_row
EARS2,1,F02019,-0.5554492808275812,single_source_row
EBNA1BP2,1,F02020,5.026683749823032,single_source_row
EBP,1,F02021,1.136556052804244,single_source_row
ECH1,1,F02024,-7.092761178146597,single_source_row
ECHDC1,1,F02025,-3.290754823726336,single_source_row
ECHS1,1,F02028,-8.000961140691333,single_source_row
ECI1,1,F02029,-6.535864177612116,single_source_row
ECI2,1,F02030,-4.945252575945957,single_source_row
ECM1,1,F02031,-3.4969162451470006,single_source_row
ECPAS,1,F02032,-0.0779785204504479,single_source_row
EDC4,1,F02037,-0.1184089371002745,single_source_row
EDF1,1,F02039,0.7069783646526138,single_source_row
EEA1,1,F02040,-4.19976956396608,single_source_row
EEF1A2,1,F02043,-5.654398777791009,single_source_row
EEF1B2,1,F02045,0.4623035083789139,single_source_row
EEF1D,1,F02046,4.013281548935788,single_source_row
EEF1E1,1,F02047,-0.1392572871188398,single_source_row
EEF1G,1,F02048,5.173482025141066,single_source_row
EEF2,1,F02049,4.163115358842646,single_source_row
EFCAB5,1,F02054,2.685747424802995,single_source_row
EFEMP1,1,F02057,-0.5475432897489718,single_source_row
EFHD2,1,F02060,5.930927874480018,single_source_row
EFL1,1,F02061,0.8767300244929108,single_source_row
EFTUD2,1,F02064,7.666953926293796,single_source_row
EGFR,1,F02065,3.996902331659646,single_source_row
EHBP1L1,1,F02068,1.7599456552281232,single_source_row
EHD1,1,F02069,1.8080635266887792,single_source_row
EHD2,1,F02070,-9.338393418130588,single_source_row
EHD4,1,F02072,2.872922216284121,single_source_row
EHHADH,1,F02074,0.9359742306800892,single_source_row
EI24,1,F02077,-1.261132295675233,single_source_row
EIF1,1,F02078,4.210477035511945,single_source_row
EIF2A,1,F02083,2.2568416668944757,single_source_row
EIF2AK2,1,F02084,11.42158020561554,single_source_row
EIF2B1,1,F02086,3.1355184367406794,single_source_row
EIF2B3,1,F02088,-1.8863498896547275,single_source_row
EIF2B4,1,F02089,0.8017845146603627,single_source_row
EIF2B5,1,F02090,0.620702350275444,single_source_row
EIF2S1,1,F02092,8.306127537084521,single_source_row
EIF2S2,1,F02093,9.489923135405418,single_source_row
EIF2S3,1,F02094,7.582799877844543,single_source_row
EIF3A,1,F02095,5.4761891445027535,single_source_row
EIF3B,1,F02096,4.791754632756399,single_source_row
EIF3D,1,F02098,5.147542260021956,single_source_row
EIF3E,1,F02099,6.7516720717051,single_source_row
EIF3F,1,F02100,3.4413885220171303,single_source_row
EIF3G,1,F02101,3.250143036805064,single_source_row
EIF3H,1,F02102,3.129044534157774,single_source_row
EIF3I,1,F02103,5.196691233924372,single_source_row
EIF3J,1,F02104,0.2774989868973423,single_source_row
EIF3K,1,F02105,4.436223222919709,single_source_row
EIF3L,1,F02106,3.8836965842659454,single_source_row
EIF3M,1,F02107,7.114964764721928,single_source_row
EIF4A1,1,F02108,8.566749572411636,single_source_row
EIF4A2,1,F02109,-5.013509166418669,single_source_row
EIF4A3,1,F02110,6.415259524856572,single_source_row
EIF4B,1,F02111,4.519300024867955,single_source_row
EIF4E,1,F02112,0.0305310375377995,single_source_row
EIF4EBP1,1,F02114,1.5954799884951747,single_source_row
EIF4G1,1,F02117,6.756908428841321,single_source_row
EIF4G2,1,F02118,9.03042299561808,single_source_row
EIF4H,1,F02120,1.8130028768803823,single_source_row
EIF5,1,F02121,-1.5688246732236957,single_source_row
EIF5A,1,F02122,-3.078332315458133,single_source_row
EIF5B,1,F02123,3.9890773441264895,single_source_row
EIF6,1,F02124,4.610407451388191,single_source_row
ELANE,1,F02127,4.071575606731508,single_source_row
ELAVL1,1,F02129,0.575344554109711,single_source_row
ELMO1,1,F02132,-0.198821736931401,single_source_row
ELOB,1,F02138,0.7129412730632527,single_source_row
ELOC,1,F02139,3.765026902365956,single_source_row
ELOVL1,1,F02140,0.6276330985651122,single_source_row
ELP1,1,F02143,0.2940802574873382,single_source_row
EMC1,1,F02147,5.730151929065869,single_source_row
EMC2,1,F02149,0.9377174971159457,single_source_row
EMC7,1,F02153,3.470364491849041,single_source_row
EMD,1,F02156,-2.916404456198058,single_source_row
EMILIN1,1,F02159,-3.9336361821725374,single_source_row
EMILIN2,1,F02160,-2.6380469823961,single_source_row
EML2,1,F02162,-3.722414772942343,single_source_row
EML3,1,F02163,0.391120890584087,single_source_row
EML4,1,F02164,2.877600303572725,single_source_row
ENDOD1,1,F02166,-5.886959827685724,single_source_row
ENO1,1,F02170,0.0493362206358127,single_source_row
ENO2,1,F02171,-3.3631257254183287,single_source_row
ENO3,1,F02172,-5.182525321044771,single_source_row
ENOPH1,1,F02173,-0.3893259545669166,single_source_row
ENPP2,1,F02177,-1.941251008349976,single_source_row
ENSA,1,F02180,-2.6911822183843794,single_source_row
ENTPD1,1,F02181,-3.844408185724516,single_source_row
ENTPD8,1,F02184,0.7291896719363233,single_source_row
ENY2,1,F02185,2.0174969811800776,single_source_row
EPB41,1,F02189,-4.064976584096477,single_source_row
EPB41L1,1,F02190,-7.335388942657187,single_source_row
EPB41L2,1,F02191,-8.94716618306928,single_source_row
EPB41L3,1,F02192,-6.538931726860702,single_source_row
EPB42,1,F02194,-3.0217059302247407,single_source_row
EPHA2,1,F02200,0.0490963503198759,single_source_row
EPHX1,1,F02205,-13.559546151452096,single_source_row
EPPK1,1,F02213,8.456274368625978,single_source_row
EPRS1,1,F02214,1.0312947086083095,single_source_row
EPS15,1,F02215,-0.5188888269883862,single_source_row
EPS15L1,1,F02216,-3.187246756219887,single_source_row
EPS8L2,1,F02219,-5.412807210744625,single_source_row
EPX,1,F02221,2.9728617839239933,single_source_row
ERAP1,1,F02224,3.626160002117967,single_source_row
ERC1,1,F02227,2.6037549358275736,single_source_row
ERG28,1,F02231,-0.2454860932009693,single_source_row
ERGIC1,1,F02232,-4.42828070184015,single_source_row
ERGIC2,1,F02233,2.3624566277986645,single_source_row
ERGIC3,1,F02234,-0.0989441013583454,single_source_row
ERH,1,F02235,1.5081791141619278,single_source_row
ERLIN1,1,F02239,-6.230886627690833,single_source_row
ERLIN2,1,F02240,-6.645280059133198,single_source_row
ERMP1,1,F02241,-3.630580493036264,single_source_row
ERO1A,1,F02242,2.521853614883234,single_source_row
ERP29,1,F02243,-0.2007928037145721,single_source_row
ERP44,1,F02244,2.617200938137972,single_source_row
ESD,1,F02248,-7.006454612857207,single_source_row
ESRP1,1,F02251,1.0232887331258242,single_source_row
ESRP2,1,F02252,-5.193200743190529,single_source_row
ESYT1,1,F02255,3.6220750197478,single_source_row
ESYT2,1,F02256,-4.043042558677994,single_source_row
ETF1,1,F02257,3.4637099293355447,single_source_row
ETFA,1,F02258,-7.201679048163224,single_source_row
ETFB,1,F02259,-7.873188570820376,single_source_row
ETFDH,1,F02261,-7.261719769299272,single_source_row
ETHE1,1,F02263,1.3862117928599151,single_source_row
EVL,1,F02268,-1.7539144162846756,single_source_row
EVPL,1,F02269,-5.086963029228569,single_source_row
EWSR1,1,F02270,-0.9178505980857948,single_source_row
EXOC1,1,F02272,-4.652333310007951,single_source_row
EXOC2,1,F02274,-0.4073674203471403,single_source_row
EXOC3,1,F02275,-1.3954171917051972,single_source_row
EXOC4,1,F02277,-2.470841076399274,single_source_row
EXOC5,1,F02278,0.2509793605526191,single_source_row
EXOC6B,1,F02280,0.2521404815457919,single_source_row
EXOC7,1,F02281,-1.0317579928290082,single_source_row
EXOC8,1,F02282,-2.059694368200218,single_source_row
EXOSC10,1,F02285,-1.0599942384651582,single_source_row
EXOSC3,1,F02287,2.097078011607993,single_source_row
EXOSC4,1,F02288,2.927052876447582,single_source_row
EXOSC6,1,F02290,4.671351567724972,single_source_row
EXOSC7,1,F02291,2.2884434014477453,single_source_row
EZR,1,F02298,0.2365855140564423,single_source_row
F10,1,F02299,-2.879332872537123,single_source_row
F11R,1,F02301,-0.6497239379914327,single_source_row
F12,1,F02302,-6.280881214353222,single_source_row
F13A1,1,F02303,-4.133728394623944,single_source_row
F13B,1,F02304,-1.642682395400058,single_source_row
F2,1,F02305,-2.759683830555987,single_source_row
F5,1,F02308,-1.328346789638449,single_source_row
F9,1,F02311,-3.37397957131544,single_source_row
FABP3,1,F02313,-6.616651317287482,single_source_row
FABP4,1,F02314,-3.1386695750878206,single_source_row
FABP5,1,F02315,3.770806620847547,single_source_row
FAF1,1,F02321,-4.399920748554007,single_source_row
FAF2,1,F02322,4.525087200093281,single_source_row
FAH,1,F02323,-6.749839265063175,single_source_row
FAHD1,1,F02324,-2.1961392729165405,single_source_row
FAHD2A,1,F02325,-5.899456550671554,single_source_row
FAM114A1,1,F02327,-1.5416372597927888,single_source_row
FAM114A2,1,F02328,-1.8900062034008351,single_source_row
FAM120A,1,F02330,1.872078235520668,single_source_row
FAM136A,1,F02333,-1.9503023474032632,single_source_row
FAM162A,1,F02334,-7.016677148288667,single_source_row
FAM3C,1,F02347,3.03241238205138,single_source_row
FAM83B,1,F02353,2.979820581224468,single_source_row
FAM83G,1,F02357,3.9563444783303856,single_source_row
FAM83H,1,F02358,2.663337912443274,single_source_row
FAM98A,1,F02361,-0.7228328388112119,single_source_row
FAM98B,1,F02362,2.0661464911317866,single_source_row
FARSA,1,F02371,-3.647109284324858,single_source_row
FARSB,1,F02372,-1.8294457054055728,single_source_row
FASN,1,F02374,-0.2785245908671649,single_source_row
FAU,1,F02381,-0.8975459416530605,single_source_row
FBL,1,F02382,4.214824435786367,single_source_row
FBLN1,1,F02384,-0.6796140103990155,single_source_row
FBLN2,1,F02385,-2.546090169911118,single_source_row
FBLN5,1,F02386,-7.259317011581623,single_source_row
FBN1,1,F02388,-6.177480794044811,single_source_row
FBP1,1,F02390,-1.3567239605137045,single_source_row
FBXO3,1,F02403,-0.703550359639488,single_source_row
FBXO7,1,F02407,-0.3409918095376784,single_source_row
FCGBP,1,F02413,-0.079915759683269,single_source_row
FCGRT,1,F02418,-6.782006666836154,single_source_row
FCHO2,1,F02419,-3.0393500397254067,single_source_row
FCN3,1,F02422,-4.864340478799344,single_source_row
FDPS,1,F02425,-0.0125088425174861,single_source_row
FDXR,1,F02427,-5.595160147319883,single_source_row
FEN1,1,F02430,5.780754862434506,single_source_row
FERMT2,1,F02432,-5.93538086120043,single_source_row
FERMT3,1,F02433,2.5737518182486934,single_source_row
FETUB,1,F02435,-6.523981868154954,single_source_row
FGA,1,F02437,-0.7567414183271447,single_source_row
FGB,1,F02438,0.3440145008455143,single_source_row
FGFBP1,1,F02442,-5.775312177726728,single_source_row
FGG,1,F02444,0.4489593914134288,single_source_row
FGL2,1,F02446,-2.4662718522001468,single_source_row
FH,1,F02448,-5.815483855759763,single_source_row
FHL1,1,F02452,-6.635079174749549,single_source_row
FHL2,1,F02453,5.076370393423796,single_source_row
FHL3,1,F02454,-4.404939591272214,single_source_row
FHOD1,1,F02456,-4.960187744048969,single_source_row
FIP1L1,1,F02460,-2.856304022455176,single_source_row
FIS1,1,F02461,-7.419810406043149,single_source_row
FKBP10,1,F02463,7.100180534883441,single_source_row
FKBP11,1,F02464,3.675422918820498,single_source_row
FKBP15,1,F02466,0.5404331773820689,single_source_row
FKBP1A,1,F02467,-3.631542832584988,single_source_row
FKBP2,1,F02468,-1.3417860909213433,single_source_row
FKBP3,1,F02469,-5.285969574879288,single_source_row
FKBP4,1,F02470,0.5977261155079315,single_source_row
FKBP5,1,F02471,1.9729829228753455,single_source_row
FKBP8,1,F02473,-3.858257260653612,single_source_row
FKBP9,1,F02474,12.370210731142976,single_source_row
FLAD1,1,F02475,3.417779817491994,single_source_row
FLG,1,F02476,-0.3023601011458249,single_source_row
FLG2,1,F02477,-1.5660651820463911,single_source_row
FLII,1,F02478,0.4875352979469817,single_source_row
FLNA,1,F02479,4.203836471609602,single_source_row
FLNB,1,F02480,7.507672577256992,single_source_row
FLNC,1,F02481,-4.305546332347556,single_source_row
FLOT1,1,F02482,-2.326848220615612,single_source_row
FLOT2,1,F02483,-1.9153280406460147,single_source_row
FLYWCH2,1,F02489,-1.7030721526248211,single_source_row
FMNL1,1,F02491,2.5849091732071776,single_source_row
FMOD,1,F02497,-3.462383017250533,single_source_row
FMR1,1,F02498,6.4243768619797,single_source_row
FN1,1,F02499,-0.0018763624761127,single_source_row
FN3KRP,1,F02501,-3.2134303358841665,single_source_row
FNTA,1,F02509,-1.708185036638189,single_source_row
FNTB,1,F02510,-1.3487728286288825,single_source_row
FOXK1,1,F02518,-2.756006999648244,single_source_row
FOXR2,1,F02521,5.19630412658316,single_source_row
FRG1,1,F02526,-1.6341683180846316,single_source_row
FRY,1,F02531,-10.857913538391845,single_source_row
FSCN1,1,F02533,11.807861902686785,single_source_row
FTH1,1,F02538,-0.8761800449820625,single_source_row
FTL,1,F02539,-0.7149792160248274,single_source_row
FTO,1,F02540,-0.4670700584532963,single_source_row
FTSJ3,1,F02541,2.376243892812779,single_source_row
FUBP1,1,F02542,5.656834525112559,single_source_row
FUBP3,1,F02543,3.5429119748140363,single_source_row
FUCA1,1,F02544,-4.854264327274835,single_source_row
FUNDC2,1,F02546,-5.480726791846548,single_source_row
FUS,1,F02549,0.0531021645490321,single_source_row
FXR1,1,F02555,2.341778013708513,single_source_row
FYCO1,1,F02560,-8.581684288481293,single_source_row
G3BP1,1,F02564,6.091114908444671,single_source_row
G3BP2,1,F02565,3.6895687641274617,single_source_row
G6PD,1,F02566,2.3854317961564444,single_source_row
GAA,1,F02567,-1.427646370302189,single_source_row
GABARAPL2,1,F02571,-1.1042741091811534,single_source_row
GAK,1,F02577,1.0902430996099404,single_source_row
GALK1,1,F02580,-2.2862622396473755,single_source_row
GALM,1,F02582,-4.628429436773303,single_source_row
GALNT2,1,F02586,6.25923921048583,single_source_row
GAN,1,F02594,-1.316520598688617,single_source_row
GANAB,1,F02595,4.692188359545616,single_source_row
GAPDH,1,F02598,-5.667055254657127,single_source_row
GAPVD1,1,F02600,0.923848506348636,single_source_row
GAR1,1,F02601,2.6398385784278724,single_source_row
GARS1,1,F02603,6.485295658860064,single_source_row
GART,1,F02604,7.295175111675255,single_source_row
GATD1,1,F02611,-1.6031637610441123,single_source_row
GBA1,1,F02614,3.312521988270896,single_source_row
GBE1,1,F02615,-6.970963562253294,single_source_row
GBF1,1,F02616,3.935071386566839,single_source_row
GBP1,1,F02617,7.251822242877335,single_source_row
GBP2,1,F02618,1.16847475914217,single_source_row
GBP6,1,F02621,-5.710059708912633,single_source_row
GC,1,F02623,-7.586924021594712,single_source_row
GCA,1,F02624,4.415769458276754,single_source_row
GCDH,1,F02628,-6.3437846269773965,single_source_row
GCLC,1,F02631,-2.339432175619632,single_source_row
GCLM,1,F02632,-0.8018795218260483,single_source_row
GCN1,1,F02633,3.507316625289703,single_source_row
GDI1,1,F02640,-2.495940787237758,single_source_row
GDI2,1,F02641,-2.80705707817842,single_source_row
GET3,1,F02648,-2.00604489596671,single_source_row
GFM1,1,F02651,0.1726147083985811,single_source_row
GFPT1,1,F02653,1.0638307886769007,single_source_row
GFUS,1,F02656,-0.5117080029316167,single_source_row
GGCT,1,F02661,-4.930447249118552,single_source_row
GGH,1,F02663,4.777573342614697,single_source_row
GGPS1,1,F02664,-2.4062445021010785,single_source_row
GGT5,1,F02666,-6.138773537265899,single_source_row
GHDC,1,F02669,-3.378175669715684,single_source_row
GHITM,1,F02670,-3.715148204512693,single_source_row
GIGYF2,1,F02673,0.0284328802389889,single_source_row
GIMAP1,1,F02674,-2.2990344124906392,single_source_row
GIMAP4,1,F02675,-2.8177668872719868,single_source_row
GIPC1,1,F02682,0.077142735029494,single_source_row
GIT1,1,F02684,-4.180921101984488,single_source_row
GLB1,1,F02693,5.303278222465459,single_source_row
GLG1,1,F02698,1.5525964910411685,single_source_row
GLIPR2,1,F02700,-2.1225739019140457,single_source_row
GLO1,1,F02702,-3.12457027692328,single_source_row
GLOD4,1,F02703,-8.350762486634022,single_source_row
GLRX,1,F02704,-0.0861688749583219,single_source_row
GLRX3,1,F02705,8.79297090255874,single_source_row
GLRX5,1,F02706,-4.291328916977732,single_source_row
GLS,1,F02707,4.572463442933784,single_source_row
GLTP,1,F02710,-1.142449444794078,single_source_row
GLUD1,1,F02711,-8.712108465153996,single_source_row
GLUL,1,F02712,-1.24809457469109,single_source_row
GLYR1,1,F02714,-2.6352867191115243,single_source_row
GM2A,1,F02715,3.881526713172133,single_source_row
GMDS,1,F02716,-4.084861429524132,single_source_row
GMFB,1,F02717,2.6361925338851973,single_source_row
GMFG,1,F02718,2.6076515200770327,single_source_row
GMPPA,1,F02721,-3.832821670026772,single_source_row
GMPPB,1,F02722,-0.8350642669574284,single_source_row
GMPS,1,F02725,3.9240225481631352,single_source_row
GNA11,1,F02726,-11.75231298212677,single_source_row
GNA13,1,F02727,-0.909711027937852,single_source_row
GNA15,1,F02728,-1.1534076194384348,single_source_row
GNAI1,1,F02729,-0.4547590736413461,single_source_row
GNAI2,1,F02730,3.2520883669923264,single_source_row
GNAI3,1,F02731,3.333255551880585,single_source_row
GNAO1,1,F02732,-1.640369797712241,single_source_row
GNAQ,1,F02733,-4.5302721473579695,single_source_row
GNB1,1,F02735,-3.302140770488945,single_source_row
GNB2,1,F02737,-2.0766967838779444,single_source_row
GNG12,1,F02741,-5.465704307203421,single_source_row
GNG2,1,F02742,-2.1830836445379456,single_source_row
GNG5,1,F02744,0.0476425191168462,single_source_row
GNL1,1,F02746,-0.1205528619433465,single_source_row
GNL3,1,F02748,0.6752490209061456,single_source_row
GNPDA1,1,F02752,0.8177814222526028,single_source_row
GNS,1,F02755,4.3988320322797305,single_source_row
GOLGA2,1,F02757,-0.6110258720941597,single_source_row
GOLGA3,1,F02758,0.6908338986590776,single_source_row
GOLGA4,1,F02759,-4.343567860966085,single_source_row
GOLGB1,1,F02763,-2.872988507693547,single_source_row
GOLIM4,1,F02764,2.0843061937821914,single_source_row
GOLPH3,1,F02767,1.0222222172823046,single_source_row
GOLT1B,1,F02769,5.389166914232882,single_source_row
GOPC,1,F02771,2.2571435802678224,single_source_row
GORASP2,1,F02773,-0.6305530661859972,single_source_row
GOSR1,1,F02774,2.208364634233301,single_source_row
GOT1,1,F02776,-8.257399962516734,single_source_row
GOT2,1,F02777,-4.970765664377609,single_source_row
GPAA1,1,F02784,5.675856769124904,single_source_row
GPC1,1,F02787,-1.7640300637310389,single_source_row
GPD1L,1,F02791,-9.791425852903393,single_source_row
GPD2,1,F02792,-4.818568244719387,single_source_row
GPHN,1,F02793,-3.0475385379568065,single_source_row
GPI,1,F02794,-4.782770085033144,single_source_row
GPLD1,1,F02796,-4.774438111487052,single_source_row
GPNMB,1,F02799,1.822960150835744,single_source_row
GPRIN3,1,F02807,-1.4392489698286297,single_source_row
GPS1,1,F02808,-2.1753176077300678,single_source_row
GPX1,1,F02813,-3.405952270204593,single_source_row
GPX3,1,F02815,-12.340542740654762,single_source_row
GPX4,1,F02816,-4.907126647027944,single_source_row
GPX7,1,F02817,-2.223478602797716,single_source_row
GRB2,1,F02824,-0.9598257841652352,single_source_row
GRHPR,1,F02828,-7.789937034198471,single_source_row
GRIPAP1,1,F02830,-2.235704445710433,single_source_row
GRK2,1,F02831,3.6153772406852274,single_source_row
GRN,1,F02835,1.0967541849877076,single_source_row
GRPEL1,1,F02836,4.613465177825262,single_source_row
GRSF1,1,F02838,3.0126542429807475,single_source_row
GRWD1,1,F02839,5.451359913846652,single_source_row
GSDMD,1,F02843,2.71980237558566,single_source_row
GSK3B,1,F02847,2.2512716540818123,single_source_row
GSN,1,F02849,-7.249950587679729,single_source_row
GSPT1,1,F02851,2.6668529647931054,single_source_row
GSPT2,1,F02852,3.50523984734434,single_source_row
GSR,1,F02853,-8.624510400489678,single_source_row
GSS,1,F02854,-1.0875328455509925,single_source_row
GSTK1,1,F02859,-3.796486492596788,single_source_row
GSTM2,1,F02861,-10.26735445234914,single_source_row
GSTM3,1,F02862,-5.034280393073774,single_source_row
GSTO1,1,F02864,1.127446776610436,single_source_row
GSTP1,1,F02865,-1.2568849844294068,single_source_row
GTF2A1,1,F02868,0.4101468488260419,single_source_row
GTF2F1,1,F02873,6.497096876381888,single_source_row
GTF2F2,1,F02874,5.3446548328475,single_source_row
GTF2I,1,F02877,0.726410900245022,single_source_row
GTF3C1,1,F02879,-1.7394316633553308,single_source_row
GTF3C3,1,F02881,-3.49162170405948,single_source_row
GTF3C5,1,F02883,-0.3809416405862768,single_source_row
GTPBP1,1,F02884,-0.747177899398653,single_source_row
GTPBP4,1,F02887,3.529855819692962,single_source_row
GUK1,1,F02894,-1.0660571159277632,single_source_row
GUSB,1,F02895,1.1305807892014217,single_source_row
GYG1,1,F02896,-4.546269323389876,single_source_row
GYS1,1,F02898,-3.232107215345448,single_source_row
H1-0,1,F02902,-9.187885500687193,single_source_row
H1-1,1,F02903,-0.7289241790849528,single_source_row
H1-10,1,F02904,-4.441024362740862,single_source_row
H1-2,1,F02905,-2.7032795475399074,single_source_row
H1-3,1,F02906,-0.0933982908165887,single_source_row
H1-4,1,F02907,-3.0032496599292187,single_source_row
H1-5,1,F02908,3.621993671490538,single_source_row
H2AC21,1,F02911,0.5202677848762475,single_source_row
H3-7,1,F02916,-4.9104938421570825,single_source_row
H4C1,1,F02919,-3.708947926742279,single_source_row
H6PD,1,F02920,-5.106321312435816,single_source_row
HABP2,1,F02922,-4.362979056157432,single_source_row
HACD2,1,F02923,0.2558190704976204,single_source_row
HACD3,1,F02924,4.390959659677698,single_source_row
HADH,1,F02927,-8.806024540742095,single_source_row
HADHA,1,F02928,-6.175132849517291,single_source_row
HADHB,1,F02929,-6.401219182429851,single_source_row
HAGH,1,F02930,-6.513518048187229,single_source_row
HARS1,1,F02935,2.2684246129168395,single_source_row
HBA1,1,F02940,-3.199687333648681,single_source_row
HBB,1,F02941,-3.029908860100417,single_source_row
HBD,1,F02942,-2.2668103536739195,single_source_row
HBE1,1,F02943,0.7858590991945448,single_source_row
HBS1L,1,F02948,-0.1046797570009107,single_source_row
HCCS,1,F02950,-1.027356710443515,single_source_row
HCFC1,1,F02951,0.647180250728904,single_source_row
HCLS1,1,F02954,0.7262022131499987,single_source_row
HDAC1,1,F02955,2.022743846523561,single_source_row
HDDC2,1,F02960,-4.881399780828337,single_source_row
HDDC3,1,F02961,-5.644182503464533,single_source_row
HDGF,1,F02962,3.0892973182289207,single_source_row
HDGFL2,1,F02963,2.458885397937688,single_source_row
HDHD2,1,F02965,-7.878484964643084,single_source_row
HDHD5,1,F02967,-3.3620536196058564,single_source_row
HDLBP,1,F02968,4.21717718684431,single_source_row
HEATR1,1,F02969,-2.0507960258244338,single_source_row
HEATR3,1,F02970,5.9925310983943,single_source_row
HEBP1,1,F02975,-5.112658218857558,single_source_row
HEBP2,1,F02976,-9.903140874946049,single_source_row
HECTD1,1,F02978,1.059262427574423,single_source_row
HECTD3,1,F02979,-1.5402148744778263,single_source_row
HERC4,1,F02988,-0.9124378878364818,single_source_row
HEXA,1,F02991,5.775686810811508,single_source_row
HEXB,1,F02992,2.6039595448310813,single_source_row
HGH1,1,F02996,0.2725498765362609,single_source_row
HGS,1,F02997,-2.224084954382421,single_source_row
HIBADH,1,F02999,-6.506798013403898,single_source_row
HIBCH,1,F03000,-10.415725633450752,single_source_row
HIGD1A,1,F03004,-0.6477384238074896,single_source_row
HINT1,1,F03007,-4.521627993625856,single_source_row
HINT2,1,F03008,-5.220455931609117,single_source_row
HINT3,1,F03009,-7.859186984104356,single_source_row
HK1,1,F03013,-5.771673193281911,single_source_row
HK2,1,F03014,1.3716885014834568,single_source_row
HLA-A,1,F03016,5.516494117597126,single_source_row
HLA-B,1,F03017,6.74452954653889,single_source_row
HLA-C,1,F03018,6.086685622670523,single_source_row
HLA-DPA1,1,F03022,2.983817673911459,single_source_row
HLA-DRA,1,F03026,3.977452308177931,single_source_row
HM13,1,F03035,4.7888771640198255,single_source_row
HMBS,1,F03037,-1.1699268108276142,single_source_row
HMCN1,1,F03039,0.5814531722026242,single_source_row
HMGA1,1,F03042,6.032153375609599,single_source_row
HMGB1,1,F03044,-1.189150018901148,single_source_row
HMGB2,1,F03045,0.4159010307111273,single_source_row
HMGB3,1,F03046,7.22282567506299,single_source_row
HMGCL,1,F03047,-4.318093051024721,single_source_row
HMGCS1,1,F03048,-1.000998369035036,single_source_row
HMGN1,1,F03050,0.0143484511654732,single_source_row
HMOX2,1,F03057,5.338114289320954,single_source_row
HNRNPA0,1,F03059,0.8474209047100009,single_source_row
HNRNPA1,1,F03060,2.971362264079008,single_source_row
HNRNPA2B1,1,F03061,2.809524872821734,single_source_row
HNRNPA3,1,F03062,-0.9102983319781568,single_source_row
HNRNPAB,1,F03063,1.479266733143432,single_source_row
HNRNPC,1,F03064,2.1105825565388936,single_source_row
HNRNPD,1,F03066,3.1392038478143016,single_source_row
HNRNPDL,1,F03067,5.029626285762772,single_source_row
HNRNPF,1,F03068,5.695973498901156,single_source_row
HNRNPH1,1,F03069,3.764174833650194,single_source_row
HNRNPH2,1,F03070,0.0972651701631741,single_source_row
HNRNPH3,1,F03071,0.0671446252404211,single_source_row
HNRNPK,1,F03072,3.977335174174466,single_source_row
HNRNPL,1,F03073,4.608649427064213,single_source_row
HNRNPLL,1,F03074,0.9290609024500996,single_source_row
HNRNPM,1,F03075,3.858705775821949,single_source_row
HNRNPR,1,F03076,1.656448313760031,single_source_row
HNRNPU,1,F03077,4.716954824528109,single_source_row
HNRNPUL1,1,F03078,2.958306885281212,single_source_row
HNRNPUL2,1,F03079,4.132005038956234,single_source_row
HOOK1,1,F03083,-1.7416845469519406,single_source_row
HOOK3,1,F03085,-6.383172047224635,single_source_row
HP,1,F03087,-7.404679267332479,single_source_row
HP1BP3,1,F03088,-5.70804682721837,single_source_row
HPR,1,F03095,-5.632548007070886,single_source_row
HPRT1,1,F03096,3.376877272381193,single_source_row
HPX,1,F03099,-7.510388122022277,single_source_row
HRG,1,F03103,-4.698853936667454,single_source_row
HRNR,1,F03104,-3.648648119059796,single_source_row
HS1BP3,1,F03106,0.3400024899613898,single_source_row
HSBP1,1,F03110,-0.3843207873521826,single_source_row
HSD17B10,1,F03112,-6.7001075684565965,single_source_row
HSD17B11,1,F03113,1.6242691608269388,single_source_row
HSD17B12,1,F03114,-2.0857859171709867,single_source_row
HSD17B4,1,F03116,-0.3087942889520814,single_source_row
HSD17B8,1,F03118,-9.475663410951723,single_source_row
HSDL1,1,F03119,-2.496309851084026,single_source_row
HSDL2,1,F03120,-6.205396674524406,single_source_row
HSP90AA1,1,F03122,3.532273006166831,single_source_row
HSP90AB1,1,F03125,7.703535334444589,single_source_row
HSP90AB2P,1,F03126,-2.71507535612875,single_source_row
HSP90AB4P,1,F03128,4.964715178707071,single_source_row
HSP90B1,1,F03129,4.750442506887127,single_source_row
HSPA12A,1,F03130,-6.401103311003064,single_source_row
HSPA1L,1,F03135,-7.232337316951303,single_source_row
HSPA2,1,F03136,-3.5871228139656024,single_source_row
HSPA4,1,F03137,-0.3615448824345671,single_source_row
HSPA4L,1,F03138,-2.5229188502501065,single_source_row
HSPA5,1,F03139,4.335790716428168,single_source_row
HSPA8,1,F03141,-0.2719306657535871,single_source_row
HSPA9,1,F03142,-3.0330556294184907,single_source_row
HSPB1,1,F03143,-4.103633393272522,single_source_row
HSPB6,1,F03146,-10.289150164295538,single_source_row
HSPB8,1,F03148,-6.711159530971917,single_source_row
HSPBP1,1,F03149,1.4588845404552926,single_source_row
HSPD1,1,F03150,1.0905638897252337,single_source_row
HSPE1,1,F03151,0.0817154104858596,single_source_row
HSPG2,1,F03152,-6.137670346921801,single_source_row
HSPH1,1,F03153,13.975308910883063,single_source_row
HTATIP2,1,F03154,2.578748494171089,single_source_row
HTRA1,1,F03157,3.261346838322672,single_source_row
HTRA2,1,F03158,-3.674815802135794,single_source_row
HTT,1,F03160,1.0890000842942946,single_source_row
HUWE1,1,F03162,-3.213772086915275,single_source_row
HYOU1,1,F03167,4.003274385401566,single_source_row
IAH1,1,F03169,-2.6027907938625865,single_source_row
IARS1,1,F03170,3.617637675439902,single_source_row
IARS2,1,F03171,-3.203655981341649,single_source_row
IBA57,1,F03172,-4.759581751511322,single_source_row
ICAM1,1,F03174,6.645915581572575,single_source_row
ICMT,1,F03177,-0.1977828332717046,single_source_row
IDE,1,F03180,-0.6025742853802095,single_source_row
IDH1,1,F03181,-7.015341212971779,single_source_row
IDH2,1,F03182,-5.59941596545242,single_source_row
IDH3A,1,F03183,-3.241592007065636,single_source_row
IDH3B,1,F03184,-3.194215401986379,single_source_row
IDH3G,1,F03185,-3.3317089191263856,single_source_row
IDI1,1,F03186,-1.2337994072914706,single_source_row
IFI16,1,F03192,10.508571728542748,single_source_row
IFI35,1,F03195,4.802079406985625,single_source_row
IFIT1,1,F03199,4.740921116905127,single_source_row
IFIT3,1,F03202,4.913720776785734,single_source_row
IGBP1,1,F03211,0.3450852186557964,single_source_row
IGF2R,1,F03216,2.6290112730964244,single_source_row
IGFALS,1,F03217,-6.059077086846876,single_source_row
IGHA1,1,F03225,-7.632053107946145,single_source_row
IGHG2,1,F03227,-7.478672379242814,single_source_row
IGHG3,1,F03228,-4.1046344368975385,single_source_row
IGHG4,1,F03229,-6.141607569848246,single_source_row
IGHM,1,F03230,-5.991927157962521,single_source_row
IGHV3-15,1,F03241,-5.623980989727906,single_source_row
IGHV3-38,1,F03245,-5.133133277008897,single_source_row
IGHV3-43,1,F03246,-4.412928458624818,single_source_row
IGHV3-49,1,F03247,-6.238265232837172,single_source_row
IGHV3-7,1,F03249,-6.617744077331768,single_source_row
IGHV3-72,1,F03250,-4.999691838868323,single_source_row
IGHV3-74,1,F03252,-7.104471774582028,single_source_row
IGHV6-1,1,F03259,-6.260867598446259,single_source_row
IGKC,1,F03260,-7.498497597557503,single_source_row
IGKV1-5,1,F03266,-5.701640263745719,single_source_row
IGKV3-20,1,F03277,-7.372470271857645,single_source_row
IGKV3D-15,1,F03279,-6.787593140786638,single_source_row
IGKV3D-20,1,F03280,-7.385805458081107,single_source_row
IGKV4-1,1,F03282,-7.091527065986631,single_source_row
IGLL1,1,F03286,-7.614708941938753,single_source_row
IGLV1-40,1,F03289,-6.686508556843127,single_source_row
IGLV1-47,1,F03290,-7.161896106132632,single_source_row
IGLV1-51,1,F03291,-4.815876332822847,single_source_row
IGLV3-19,1,F03299,-6.098253926016433,single_source_row
IGLV8-61,1,F03308,-6.939023557822776,single_source_row
IK,1,F03313,2.4859919021649226,single_source_row
IKBIP,1,F03314,3.377842292887928,single_source_row
IKBKG,1,F03316,-1.9662693326241856,single_source_row
IL16,1,F03320,-1.6756511603438056,single_source_row
IL18,1,F03322,1.7845220267244768,single_source_row
IL1RN,1,F03328,-5.372437403384988,single_source_row
ILF2,1,F03333,5.586659233015865,single_source_row
ILF3,1,F03334,6.491053210891736,single_source_row
ILK,1,F03335,-2.514624819711144,single_source_row
ILKAP,1,F03336,1.6232551243969733,single_source_row
ILVBL,1,F03337,-5.873739172476219,single_source_row
IMMT,1,F03338,-4.7722130390093005,single_source_row
IMPA1,1,F03341,-1.0913559028206363,single_source_row
IMPA2,1,F03342,0.788202893861946,single_source_row
IMPDH2,1,F03345,-0.9216512072675018,single_source_row
INF2,1,F03350,2.8219907248941167,single_source_row
INPP1,1,F03353,-4.260823826833595,single_source_row
INTS1,1,F03361,-6.733716960035434,single_source_row
INTS12,1,F03364,-4.732373995147516,single_source_row
IPO4,1,F03377,2.3752438382360395,single_source_row
IPO5,1,F03378,6.9167701809265045,single_source_row
IPO7,1,F03379,8.190441785750231,single_source_row
IPO9,1,F03381,6.015480845524047,single_source_row
IQGAP1,1,F03383,-0.2542308889811933,single_source_row
IQGAP2,1,F03384,-3.765992382581282,single_source_row
IREB2,1,F03386,0.0909272360939388,single_source_row
IRF2BP1,1,F03387,-3.092454168226465,single_source_row
IRF2BP2,1,F03388,-0.4058457477883821,single_source_row
IRF2BPL,1,F03389,-1.4721277384358316,single_source_row
IRF6,1,F03392,5.0745155242555535,single_source_row
IRGQ,1,F03395,-1.911019361981571,single_source_row
ISG15,1,F03399,10.910013418018416,single_source_row
ISOC1,1,F03402,-10.007828136076958,single_source_row
ISOC2,1,F03403,-6.583827686659621,single_source_row
IST1,1,F03404,-0.4044406130713358,single_source_row
ITCH,1,F03407,2.665083383528276,single_source_row
ITGA1,1,F03409,-2.249647430579693,single_source_row
ITGA2,1,F03411,4.203210695543286,single_source_row
ITGA2B,1,F03412,0.551657691377678,single_source_row
ITGA3,1,F03413,7.113143286219043,single_source_row
ITGA5,1,F03415,1.600223747099176,single_source_row
ITGA6,1,F03416,7.60374453721658,single_source_row
ITGAM,1,F03420,3.389074925032709,single_source_row
ITGAV,1,F03421,5.658861249766739,single_source_row
ITGB1,1,F03423,4.039712025282989,single_source_row
ITGB2,1,F03425,2.7184143564216225,single_source_row
ITGB3,1,F03426,0.7476167980496636,single_source_row
ITGB4,1,F03427,7.544761307321462,single_source_row
ITGB5,1,F03428,0.2900235987164645,single_source_row
ITIH1,1,F03431,-2.8520916318522858,single_source_row
ITIH2,1,F03432,-3.540754999827518,single_source_row
ITIH3,1,F03433,-2.80748406930172,single_source_row
ITIH4,1,F03434,-5.37474275124311,single_source_row
ITM2B,1,F03437,3.386009810878332,single_source_row
ITPA,1,F03438,0.7994522193440863,single_source_row
ITPR2,1,F03442,-1.3899678275283218,single_source_row
ITPR3,1,F03443,1.1580064167994282,single_source_row
IVD,1,F03447,-6.108629845915556,single_source_row
IVL,1,F03448,-0.21320046310262,single_source_row
JAGN1,1,F03453,-1.1688493869044676,single_source_row
JCHAIN,1,F03456,-6.254707665368069,single_source_row
JMJD7,1,F03460,-6.229708487889702,single_source_row
JPT1,1,F03464,2.5659006936296804,single_source_row
JPT2,1,F03465,3.293903969178807,single_source_row
JUP,1,F03470,0.5731500172851262,single_source_row
KANK2,1,F03473,-10.149298855536726,single_source_row
KARS1,1,F03476,4.423396644844991,single_source_row
KCMF1,1,F03485,0.6349489451151377,single_source_row
KCTD12,1,F03493,-6.645637638839968,single_source_row
KCTD16,1,F03496,-8.056522107732544,single_source_row
KDM1A,1,F03503,1.5854757261503027,single_source_row
KDSR,1,F03510,0.7272132769072432,single_source_row
KEAP1,1,F03511,0.9106839148525032,single_source_row
KHDRBS1,1,F03513,2.701828402869068,single_source_row
KHSRP,1,F03516,3.4202711673948323,single_source_row
KIAA1217,1,F03521,-6.572775046761304,single_source_row
KIAA1522,1,F03522,-4.398003055656284,single_source_row
KIF13B,1,F03530,-4.076842228188473,single_source_row
KIF2A,1,F03541,3.944034405722909,single_source_row
KIF5B,1,F03545,3.291473926506485,single_source_row
KLC1,1,F03557,2.637503143099608,single_source_row
KLC4,1,F03560,-1.769497083186595,single_source_row
KLK10,1,F03571,0.4297187871520939,single_source_row
KLKB1,1,F03581,-5.102326807643307,single_source_row
KNG1,1,F03586,-6.164160562565403,single_source_row
KPNA1,1,F03589,-0.2216720883433686,single_source_row
KPNA2,1,F03590,1.7146289942688178,single_source_row
KPNA3,1,F03591,0.8492697471947739,single_source_row
KPNA4,1,F03592,1.2137912118368803,single_source_row
KPNA6,1,F03593,2.9150912438001995,single_source_row
KPNB1,1,F03595,3.402730099297121,single_source_row
KRAS,1,F03597,-0.4956605154683488,single_source_row
KRR1,1,F03601,5.014907358526556,single_source_row
KRT1,1,F03602,0.0818645288890209,single_source_row
KRT10,1,F03603,1.1460335308061769,single_source_row
KRT13,1,F03605,-9.834061028026191,single_source_row
KRT14,1,F03606,5.205813060036833,single_source_row
KRT15,1,F03607,-5.226470545506664,single_source_row
KRT16,1,F03608,4.737610743263307,single_source_row
KRT17,1,F03609,9.847903319126978,single_source_row
KRT18,1,F03610,0.2328867395883617,single_source_row
KRT19,1,F03611,-3.747037460437589,single_source_row
KRT2,1,F03612,-3.169743103675449,single_source_row
KRT24,1,F03614,1.903116390569071,single_source_row
KRT3,1,F03615,-2.8583105917063696,single_source_row
KRT36,1,F03620,0.6095768357024459,single_source_row
KRT4,1,F03622,-11.438013255280948,single_source_row
KRT5,1,F03623,2.299019929049632,single_source_row
KRT6A,1,F03624,0.9263793095997432,single_source_row
KRT6B,1,F03625,3.6645096920188633,single_source_row
KRT6C,1,F03626,3.376978822575485,single_source_row
KRT7,1,F03627,-3.476819339419045,single_source_row
KRT71,1,F03628,-2.1826227502760536,single_source_row
KRT72,1,F03629,2.6966821677697848,single_source_row
KRT73,1,F03630,-0.4605631020448784,single_source_row
KRT75,1,F03631,3.426337909519939,single_source_row
KRT76,1,F03632,-5.530394826245751,single_source_row
KRT78,1,F03634,-6.920911149909174,single_source_row
KRT8,1,F03636,-2.3022993239701184,single_source_row
KRT80,1,F03637,1.1115497925813715,single_source_row
KRT84,1,F03640,-6.707541506224131,single_source_row
KRT9,1,F03643,-3.084712967332431,single_source_row
KTN1,1,F03674,4.50288778239516,single_source_row
LACTB,1,F03684,-1.1280295608151685,single_source_row
LACTB2,1,F03685,2.388290190820375,single_source_row
LAD1,1,F03686,4.447130624781801,single_source_row
LAMA2,1,F03689,-5.535496445104712,single_source_row
LAMA3,1,F03690,5.6242654191908175,single_source_row
LAMA4,1,F03691,-2.580326545621681,single_source_row
LAMA5,1,F03692,-9.190073616811354,single_source_row
LAMB1,1,F03693,2.531647773444885,single_source_row
LAMB2,1,F03694,-10.083474639650223,single_source_row
LAMB3,1,F03695,10.839381173498628,single_source_row
LAMC1,1,F03696,-4.332483487816934,single_source_row
LAMC2,1,F03697,8.220454748643995,single_source_row
LAMP1,1,F03699,5.448678893863522,single_source_row
LAMP2,1,F03700,4.090696505055649,single_source_row
LAMTOR1,1,F03701,1.7629042720577794,single_source_row
LAMTOR2,1,F03702,-4.83273823878156,single_source_row
LAMTOR3,1,F03703,-1.0173913170408413,single_source_row
LAMTOR4,1,F03704,-3.318736756701223,single_source_row
LAMTOR5,1,F03705,-1.973881777436359,single_source_row
LANCL1,1,F03706,-10.601454683165215,single_source_row
LAP3,1,F03708,4.167355525254771,single_source_row
LARP1,1,F03711,-0.8228246584783083,single_source_row
LARS1,1,F03715,-1.0929803504433178,single_source_row
LASP1,1,F03718,2.788139514114873,single_source_row
LBP,1,F03722,-6.4966047909564,single_source_row
LBR,1,F03723,2.061828275548151,single_source_row
LCN2,1,F03732,1.291365999304335,single_source_row
LCP1,1,F03733,4.128146471547422,single_source_row
LDAH,1,F03736,1.5507667381278754,single_source_row
LDB3,1,F03737,-4.016046204402617,single_source_row
LDHA,1,F03738,0.6136864651358819,single_source_row
LDHAL6B,1,F03739,3.358434279648829,single_source_row
LDHB,1,F03740,-1.7630070722065434,single_source_row
LEMD2,1,F03746,-1.6693927091931078,single_source_row
LETM1,1,F03750,1.4174826811553505,single_source_row
LGALS1,1,F03753,-0.6472375838536132,single_source_row
LGALS13,1,F03754,2.154212145812662,single_source_row
LGALS3,1,F03755,-7.463326858871524,single_source_row
LGALS3BP,1,F03756,5.774157612422363,single_source_row
LGALS7,1,F03757,2.3310012922287053,single_source_row
LGALSL,1,F03760,-0.1359222832091776,single_source_row
LGMN,1,F03761,-0.0203104259378945,single_source_row
LHPP,1,F03762,-5.454086166194053,single_source_row
LIG3,1,F03764,0.9867683687182336,single_source_row
LIMA1,1,F03769,11.437371453343935,single_source_row
LIMS1,1,F03774,-0.3939135338582756,single_source_row
LIN7C,1,F03775,-3.041793253743647,single_source_row
LLGL1,1,F03781,-1.113598610151716,single_source_row
LMAN1,1,F03784,2.001772913679132,single_source_row
LMAN2,1,F03785,-0.7946740272391886,single_source_row
LMCD1,1,F03787,-5.421055299743981,single_source_row
LMF2,1,F03789,5.4150217558194775,single_source_row
LMNA,1,F03790,-8.063305670109806,single_source_row
LMNB1,1,F03791,2.0614591043139217,single_source_row
LMNB2,1,F03792,-6.829515660367627,single_source_row
LMO7,1,F03793,-6.927337769761059,single_source_row
LMOD1,1,F03794,-10.8399030368238,single_source_row
LNPEP,1,F03797,0.0971803550870984,single_source_row
LNPK,1,F03798,-6.834166402779167,single_source_row
LONP1,1,F03799,-1.993033321823112,single_source_row
LPA,1,F03806,-3.2449433194340136,single_source_row
LPCAT2,1,F03809,5.286431571415878,single_source_row
LPCAT3,1,F03810,1.483128355611213,single_source_row
LPGAT1,1,F03812,2.197108067163218,single_source_row
LPP,1,F03816,-4.47386334183992,single_source_row
LRBA,1,F03819,-3.291143387600381,single_source_row
LRG1,1,F03823,-8.269845928911506,single_source_row
LRP1,1,F03825,-4.355948828023015,single_source_row
LRPAP1,1,F03827,2.2015388180508144,single_source_row
LRPPRC,1,F03828,0.2351754266972353,single_source_row
LRRC1,1,F03829,-1.5716927644461385,single_source_row
LRRC40,1,F03837,1.3216891896693443,single_source_row
LRRC47,1,F03839,-7.892320241640167,single_source_row
LRRC57,1,F03840,-0.8715196676894765,single_source_row
LRRC59,1,F03841,8.432794981150959,single_source_row
LRRFIP1,1,F03847,-0.6852100664175368,single_source_row
LRRFIP2,1,F03848,-3.723995977026036,single_source_row
LSM1,1,F03854,1.331752104905543,single_source_row
LSM14A,1,F03856,0.0621268597443475,single_source_row
LSM3,1,F03859,0.1938804021334767,single_source_row
LSM6,1,F03862,3.2418857670465897,single_source_row
LSM7,1,F03863,-0.7963149459278221,single_source_row
LSM8,1,F03864,0.4679001294094818,single_source_row
LSP1,1,F03866,2.7548386330214463,single_source_row
LSS,1,F03868,-7.370921598175345,single_source_row
LTA4H,1,F03870,-4.435974293684369,single_source_row
LTB4R,1,F03871,-3.125381954659495,single_source_row
LTBP1,1,F03872,1.4584312285727654,single_source_row
LTBP2,1,F03873,-3.0718670975952547,single_source_row
LTF,1,F03878,2.250484610321516,single_source_row
LTN1,1,F03879,-2.062613237347368,single_source_row
LUC7L2,1,F03882,1.7938079833062244,single_source_row
LUC7L3,1,F03883,5.024448536839785,single_source_row
LUM,1,F03884,-12.104353411570369,single_source_row
LUZP1,1,F03885,6.71412730990998,single_source_row
LXN,1,F03886,-3.61295454545381,single_source_row
LY6D,1,F03887,-1.1857797927878548,single_source_row
LYAR,1,F03891,3.43642670835024,single_source_row
LYPD3,1,F03894,-0.5729477952245182,single_source_row
LYPLA1,1,F03896,1.802199061928216,single_source_row
LYPLA2,1,F03897,0.952087414481492,single_source_row
LYPLAL1,1,F03898,-3.1159575618205992,single_source_row
LYZ,1,F03903,-0.4618787757353431,single_source_row
LZIC,1,F03904,-3.3776615496436118,single_source_row
M6PR,1,F03907,6.047166793355964,single_source_row
MACF1,1,F03910,2.275291549634599,single_source_row
MACROD1,1,F03911,-7.240814495544008,single_source_row
MACROH2A1,1,F03912,-3.803458879928855,single_source_row
MACROH2A2,1,F03913,-5.889580004402843,single_source_row
MAGOHB,1,F03933,3.922552287112459,single_source_row
MAGT1,1,F03934,-1.188206433894844,single_source_row
MAL2,1,F03937,-3.802340838169583,single_source_row
MAN2A1,1,F03944,2.8731635572610683,single_source_row
MAN2B1,1,F03945,3.8974699476534167,single_source_row
MAN2C1,1,F03947,2.833261298465832,single_source_row
MANF,1,F03950,2.232558166177756,single_source_row
MAOA,1,F03952,-8.318290720570126,single_source_row
MAOB,1,F03953,-13.127402736946047,single_source_row
MAP1B,1,F03955,-4.62790032175767,single_source_row
MAP1S,1,F03957,-0.9845631813100506,single_source_row
MAP2K1,1,F03959,0.5779751267898157,single_source_row
MAP2K2,1,F03960,-2.7278843638010186,single_source_row
MAP2K3,1,F03961,1.388699595957842,single_source_row
MAP2K4,1,F03962,1.1500822891891496,single_source_row
MAP3K20,1,F03965,-1.6550385350879495,single_source_row
MAP4,1,F03970,1.9018089243418408,single_source_row
MAP4K4,1,F03971,2.7500935312880466,single_source_row
MAP7,1,F03973,-0.1663742175632274,single_source_row
MAP7D1,1,F03974,7.088069700104219,single_source_row
MAPK1,1,F03975,-0.8604643501635847,single_source_row
MAPK13,1,F03976,-3.165036676264581,single_source_row
MAPK14,1,F03977,2.424664213496862,single_source_row
MAPK1IP1L,1,F03978,2.407337554001556,single_source_row
MAPK3,1,F03979,-7.1914795100540845,single_source_row
MAPRE1,1,F03986,6.633030070301246,single_source_row
MAPRE2,1,F03987,-3.4637613787947488,single_source_row
MAPRE3,1,F03988,-2.133835359303889,single_source_row
MARCKS,1,F03991,5.048227849707806,single_source_row
MARCKSL1,1,F03992,6.287861237641418,single_source_row
MARK2,1,F03994,-0.813233882591062,single_source_row
MARS1,1,F03996,4.048119335819064,single_source_row
MAT2A,1,F04003,0.7210201748163159,single_source_row
MAT2B,1,F04004,1.089811436085778,single_source_row
MATR3,1,F04007,1.6348145916995451,single_source_row
MAVS,1,F04009,-2.513018129805387,single_source_row
MB,1,F04012,-7.43485655531313,single_source_row
MBD2,1,F04014,0.7037285738836564,single_source_row
MBNL1,1,F04018,0.4690897003419766,single_source_row
MBOAT7,1,F04021,4.072432133454562,single_source_row
MCAM,1,F04024,-2.61012600951899,single_source_row
MCCC1,1,F04027,-9.074342267475297,single_source_row
MCCC2,1,F04028,-6.7835236419103655,single_source_row
MCFD2,1,F04031,-1.492650601634535,single_source_row
MCM2,1,F04033,4.299558831143982,single_source_row
MCM3,1,F04034,5.249921302963938,single_source_row
MCM5,1,F04037,2.3897623112252964,single_source_row
MCM6,1,F04038,4.670587143322554,single_source_row
MCM7,1,F04039,6.320208784540037,single_source_row
MCTS1,1,F04044,-1.2931869688234925,single_source_row
MCU,1,F04045,-1.0173917690824614,single_source_row
MDH1,1,F04047,-8.05830867826847,single_source_row
MDH2,1,F04048,-5.529863733667908,single_source_row
MDP1,1,F04051,-5.095506871260735,single_source_row
ME1,1,F04052,-5.479926316872646,single_source_row
ME2,1,F04053,1.1271603733376852,single_source_row
MEAK7,1,F04056,4.995768188337668,single_source_row
MECP2,1,F04057,-9.654684191695845,single_source_row
MECR,1,F04058,-5.55409049933026,single_source_row
MED23,1,F04066,-7.045151883988573,single_source_row
MEMO1,1,F04073,0.6351122082644156,single_source_row
MESD,1,F04075,3.805143854358232,single_source_row
METAP1,1,F04078,1.7086501644113656,single_source_row
METAP2,1,F04079,1.907729211166656,single_source_row
METTL13,1,F04081,0.3301841263884693,single_source_row
MFAP2,1,F04089,-2.3213716963921485,single_source_row
MFAP5,1,F04091,-8.403426371236385,single_source_row
MFF,1,F04092,-3.4125411059838964,single_source_row
MFGE8,1,F04093,-1.430597698475334,single_source_row
MFN1,1,F04094,-0.3974338428616548,single_source_row
MFN2,1,F04095,-2.731407927447927,single_source_row
MFSD10,1,F04096,3.6156787008092577,single_source_row
MGAT1,1,F04101,1.4364166739929831,single_source_row
MGAT3,1,F04103,-2.458781544448091,single_source_row
MGLL,1,F04105,-11.900262978411382,single_source_row
MGST2,1,F04110,-9.729413839559465,single_source_row
MGST3,1,F04111,-5.914963534554475,single_source_row
MIA3,1,F04113,-1.5670759459887045,single_source_row
MICAL1,1,F04114,2.783356092541972,single_source_row
MICALL1,1,F04117,-0.0462809801648435,single_source_row
MICOS10,1,F04119,-1.2901131617275157,single_source_row
MICOS13,1,F04120,-3.4565817909105987,single_source_row
MIF,1,F04128,0.574456488503956,single_source_row
MINK1,1,F04132,-0.4361688735051177,single_source_row
MIX23,1,F04137,-0.6619608337060464,single_source_row
MKI67,1,F04138,-0.9172421543396176,single_source_row
MLEC,1,F04143,1.5534754876050532,single_source_row
MMAB,1,F04154,-5.354302407510821,single_source_row
MMGT1,1,F04156,1.487394663199682,single_source_row
MMP8,1,F04168,0.5633534485624175,single_source_row
MMP9,1,F04169,1.536021722002458,single_source_row
MMRN1,1,F04170,-0.1742133136273947,single_source_row
MMRN2,1,F04171,2.0279798870721746,single_source_row
MMS19,1,F04172,4.149616892133277,single_source_row
MMUT,1,F04175,-5.848029154346728,single_source_row
MNDA,1,F04177,3.311888019324974,single_source_row
MOGS,1,F04186,5.982646136032315,single_source_row
MON2,1,F04187,2.7976310519105443,single_source_row
MOV10,1,F04194,1.4565148663796683,single_source_row
MPDU1,1,F04199,5.892704121746613,single_source_row
MPG,1,F04201,0.9433652289621054,single_source_row
MPI,1,F04204,-7.22220163315388,single_source_row
MPO,1,F04207,3.253625325120208,single_source_row
MPP1,1,F04208,-3.6262552985513703,single_source_row
MPRIP,1,F04210,-0.7870437681547936,single_source_row
MPST,1,F04211,-8.39258257090039,single_source_row
MRC1,1,F04216,-5.243100440019538,single_source_row
MRC2,1,F04217,-3.9423227206258806,single_source_row
MRE11,1,F04218,2.851199027222468,single_source_row
MRI1,1,F04222,-2.781733541927062,single_source_row
MRPL11,1,F04229,-1.9537963911421532,single_source_row
MRPL12,1,F04230,-0.9104371342004416,single_source_row
MRPL13,1,F04231,-1.4221780611044292,single_source_row
MRPL15,1,F04233,-3.096235200017008,single_source_row
MRPL16,1,F04234,-2.554897193059501,single_source_row
MRPL17,1,F04235,-2.7538229588588115,single_source_row
MRPL18,1,F04236,-5.413793194415553,single_source_row
MRPL19,1,F04237,0.2125004996811303,single_source_row
MRPL2,1,F04238,-1.7986445706640637,single_source_row
MRPL21,1,F04240,-1.0029164459677968,single_source_row
MRPL23,1,F04242,-3.647128286325981,single_source_row
MRPL28,1,F04245,-0.8013927894904489,single_source_row
MRPL3,1,F04246,-3.00369118046475,single_source_row
MRPL37,1,F04252,-3.257100252500829,single_source_row
MRPL38,1,F04253,-0.5777664667796146,single_source_row
MRPL39,1,F04254,-1.2887507987369085,single_source_row
MRPL4,1,F04255,-3.5702467679074195,single_source_row
MRPL40,1,F04256,-2.9655052757511324,single_source_row
MRPL41,1,F04257,-1.568455051802364,single_source_row
MRPL43,1,F04258,-1.1012912649894842,single_source_row
MRPL44,1,F04259,-2.0615071149449005,single_source_row
MRPL46,1,F04261,-3.455954403440449,single_source_row
MRPL47,1,F04262,1.4170557259236023,single_source_row
MRPL48,1,F04263,0.8128703978705815,single_source_row
MRPL49,1,F04264,-1.7260170533076136,single_source_row
MRPL50,1,F04265,-3.1250002597989357,single_source_row
MRPL58,1,F04269,-3.425363469075112,single_source_row
MRPL9,1,F04270,0.8608636202331481,single_source_row
MRPS16,1,F04276,-1.4038916782440851,single_source_row
MRPS17,1,F04277,-1.0349595194252927,single_source_row
MRPS18B,1,F04279,-2.534233796477677,single_source_row
MRPS2,1,F04280,-1.4960423240684189,single_source_row
MRPS22,1,F04281,-1.7415601027677017,single_source_row
MRPS23,1,F04282,-1.466011184198739,single_source_row
MRPS27,1,F04286,-0.3665477750165049,single_source_row
MRPS28,1,F04287,-1.4788536008734805,single_source_row
MRPS31,1,F04289,-1.7593177289273276,single_source_row
MRPS34,1,F04291,-2.0705171415912966,single_source_row
MRPS35,1,F04292,-1.683815033437839,single_source_row
MRPS36,1,F04293,-4.895832194357865,single_source_row
MRPS7,1,F04296,0.2671352896379533,single_source_row
MRPS9,1,F04297,-2.8708592791007743,single_source_row
MRTO4,1,F04300,-0.2943375226332037,single_source_row
MSH6,1,F04305,2.916070620792051,single_source_row
MSI2,1,F04307,-2.756207062341645,single_source_row
MSMO1,1,F04309,-0.5962508127854569,single_source_row
MSN,1,F04310,5.8261825940433605,single_source_row
MST1L,1,F04314,3.982929291312784,single_source_row
MT-ATP6,1,F04325,-4.011765094115924,single_source_row
MT-ATP8,1,F04326,-3.685633672415696,single_source_row
MT-CO2,1,F04331,-6.052581485486097,single_source_row
MT-CO3,1,F04332,-6.60180519111166,single_source_row
MT-ND2,1,F04350,-5.354452399491109,single_source_row
MT-ND4,1,F04352,-3.1162341085194623,single_source_row
MT-ND5,1,F04353,-6.197419241410671,single_source_row
MTA2,1,F04321,2.071659393279724,single_source_row
MTAP,1,F04323,2.360649198622346,single_source_row
MTCH2,1,F04329,-1.8823352519446528,single_source_row
MTDH,1,F04334,6.492791020373339,single_source_row
MTHFD1,1,F04338,-0.8502180109379842,single_source_row
MTOR,1,F04355,0.3121955011056767,single_source_row
MTPN,1,F04357,-2.0526739269995367,single_source_row
MTREX,1,F04359,2.181023248481975,single_source_row
MTX1,1,F04363,0.8619595001376641,single_source_row
MTX2,1,F04364,-4.939180555435836,single_source_row
MUC5B,1,F04371,-4.5216573482399705,single_source_row
MVD,1,F04376,-1.5522198877693956,single_source_row
MVK,1,F04377,-1.4797731029357997,single_source_row
MVP,1,F04378,6.049370374691354,single_source_row
MX1,1,F04379,7.064555415122611,single_source_row
MXRA7,1,F04382,-3.309759248677834,single_source_row
MYADM,1,F04383,-0.3061919604564241,single_source_row
MYBBP1A,1,F04384,7.319848228026089,single_source_row
MYBPC1,1,F04385,-5.449307805142842,single_source_row
MYBPC2,1,F04386,-3.132271097306268,single_source_row
MYCBP,1,F04388,0.2761974129830979,single_source_row
MYDGF,1,F04391,1.167248538482612,single_source_row
MYG1,1,F04393,1.2769049499966914,single_source_row
MYH1,1,F04394,-4.614502713994146,single_source_row
MYH10,1,F04395,0.1763966409326857,single_source_row
MYH11,1,F04396,-13.159139066411289,single_source_row
MYH14,1,F04398,-10.840272288036324,single_source_row
MYH2,1,F04401,-5.6484082123684,single_source_row
MYH3,1,F04402,-2.407437112845549,single_source_row
MYH4,1,F04403,-5.046210676787191,single_source_row
MYH7,1,F04405,-6.130607900353463,single_source_row
MYH9,1,F04408,6.865772080527684,single_source_row
MYL1,1,F04409,-6.17925609882986,single_source_row
MYL11,1,F04410,-4.917604181373489,single_source_row
MYL2,1,F04412,-5.85941321285062,single_source_row
MYL3,1,F04413,-6.848831603357073,single_source_row
MYL4,1,F04414,-4.7631142636163695,single_source_row
MYL6,1,F04416,-0.8837701616113206,single_source_row
MYL6B,1,F04417,-6.379363727187887,single_source_row
MYL9,1,F04418,-5.495858564161964,single_source_row
MYLK,1,F04419,-5.962727511565154,single_source_row
MYO18A,1,F04423,-2.4709157536591797,single_source_row
MYO1B,1,F04426,10.481269862536804,single_source_row
MYO1C,1,F04427,-7.443823394007072,single_source_row
MYO1D,1,F04428,0.9854024424732398,single_source_row
MYO1E,1,F04429,6.699411669336295,single_source_row
MYO1F,1,F04430,2.1220354255850125,single_source_row
MYO1G,1,F04431,0.4324678644941238,single_source_row
MYO6,1,F04435,-1.2029927802458171,single_source_row
MYOF,1,F04438,4.550758899718447,single_source_row
MYOM1,1,F04439,-5.161938971858426,single_source_row
MYOM2,1,F04440,-4.041571589270924,single_source_row
MYOM3,1,F04441,-4.971139502527304,single_source_row
MYPN,1,F04446,-6.209077955385205,single_source_row
MZB1,1,F04448,3.3813465319288496,single_source_row
NAA15,1,F04453,3.663417132754028,single_source_row
NAA50,1,F04460,4.9320508385335575,single_source_row
NADK2,1,F04465,-2.605302309427252,single_source_row
NAE1,1,F04467,-3.266075099241098,single_source_row
NAGA,1,F04469,-1.2674248469094131,single_source_row
NAGK,1,F04470,-2.753565733496978,single_source_row
NAMPT,1,F04474,4.587589734269685,single_source_row
NANS,1,F04476,-1.419910112718914,single_source_row
NAP1L1,1,F04477,0.0786770175516523,single_source_row
NAP1L4,1,F04478,-3.6074624659517194,single_source_row
NAPA,1,F04479,-1.2522057588086155,single_source_row
NAPG,1,F04480,-1.3920093466605798,single_source_row
NAPRT,1,F04481,-0.6664792774571157,single_source_row
NARS1,1,F04482,1.696325093735075,single_source_row
NASP,1,F04484,6.3979615231344,single_source_row
NAT10,1,F04485,8.220996346435927,single_source_row
NAXE,1,F04490,-5.473834601165845,single_source_row
NBAS,1,F04491,-3.026625973259045,single_source_row
NBEAL2,1,F04494,-2.223351566306201,single_source_row
NCAPD2,1,F04499,-3.837503283146492,single_source_row
NCCRP1,1,F04507,-2.62677378356291,single_source_row
NCEH1,1,F04509,0.6144132683812307,single_source_row
NCF2,1,F04511,3.915725777269644,single_source_row
NCF4,1,F04512,3.60545350216074,single_source_row
NCK1,1,F04513,-3.077513430013435e-05,single_source_row
NCK2,1,F04514,-3.386920632941345,single_source_row
NCKAP1,1,F04515,-0.2529683951015685,single_source_row
NCL,1,F04518,4.631862895128548,single_source_row
NCLN,1,F04519,8.605589766131734,single_source_row
NCSTN,1,F04524,5.207164865677667,single_source_row
NDRG1,1,F04530,4.02390719458931,single_source_row
NDRG2,1,F04531,-11.028587246232352,single_source_row
NDRG3,1,F04532,2.355499980272969,single_source_row
NDUFA10,1,F04537,-6.222345897855637,single_source_row
NDUFA11,1,F04538,-5.189923539031187,single_source_row
NDUFA12,1,F04539,-7.5217859664016595,single_source_row
NDUFA13,1,F04540,-7.470254555914132,single_source_row
NDUFA2,1,F04541,-8.016131250736338,single_source_row
NDUFA3,1,F04542,-4.987907389325234,single_source_row
NDUFA4,1,F04543,-5.948364272387732,single_source_row
NDUFA5,1,F04545,-7.146799129990361,single_source_row
NDUFA6,1,F04546,-7.1563296312007525,single_source_row
NDUFA7,1,F04547,-6.452584652625136,single_source_row
NDUFA8,1,F04548,-6.943487603131145,single_source_row
NDUFA9,1,F04549,-6.696085927431514,single_source_row
NDUFAB1,1,F04550,-4.789981325339434,single_source_row
NDUFAF4,1,F04553,-3.282078513623926,single_source_row
NDUFB1,1,F04556,-4.70437422188235,single_source_row
NDUFB10,1,F04557,-6.887526652171788,single_source_row
NDUFB11,1,F04558,-5.405613619486122,single_source_row
NDUFB2,1,F04559,-4.472303111744038,single_source_row
NDUFB3,1,F04560,-4.982436364678648,single_source_row
NDUFB4,1,F04561,-6.559935790457807,single_source_row
NDUFB5,1,F04562,-5.41785292809058,single_source_row
NDUFB6,1,F04563,-6.033764935475208,single_source_row
NDUFB7,1,F04564,-5.100548884828766,single_source_row
NDUFB8,1,F04565,-5.66944820270728,single_source_row
NDUFB9,1,F04566,-6.9594009567178805,single_source_row
NDUFC2,1,F04567,-3.8901015730106985,single_source_row
NDUFS1,1,F04568,-7.375980210065458,single_source_row
NDUFS2,1,F04569,-5.9385785719676285,single_source_row
NDUFS3,1,F04570,-6.997096882300794,single_source_row
NDUFS4,1,F04571,-7.549400821160514,single_source_row
NDUFS5,1,F04572,-6.35575643806809,single_source_row
NDUFS6,1,F04573,-5.860781405926232,single_source_row
NDUFS7,1,F04574,-5.748970972783497,single_source_row
NDUFS8,1,F04575,-7.831361316904209,single_source_row
NDUFV1,1,F04576,-6.6084063936740325,single_source_row
NDUFV2,1,F04577,-7.503659650351938,single_source_row
NEB,1,F04579,-3.357231035029389,single_source_row
NECAP2,1,F04582,0.8315657907836008,single_source_row
NECTIN1,1,F04583,-1.0039983029548534,single_source_row
NECTIN2,1,F04584,-1.452658659333827,single_source_row
NEDD8,1,F04589,-3.316036720798194,single_source_row
NEFL,1,F04591,-2.6448372425684363,single_source_row
NEK9,1,F04595,-2.2650041283811264,single_source_row
NELFB,1,F04597,3.904744331297732,single_source_row
NEMF,1,F04600,1.802732338732309,single_source_row
NENF,1,F04601,-0.7546401791209396,single_source_row
NES,1,F04603,-2.744571832005353,single_source_row
NFKB1,1,F04618,1.9564813525505165,single_source_row
NFKB2,1,F04619,7.341807627802487,single_source_row
NFS1,1,F04624,-2.775087517688616,single_source_row
NGDN,1,F04629,-0.8658191399340862,single_source_row
NHERF1,1,F04633,-6.290222931331738,single_source_row
NHERF2,1,F04634,-8.168251101339527,single_source_row
NHLRC2,1,F04635,-4.661142016666099,single_source_row
NHP2,1,F04637,2.6178521847265794,single_source_row
NIBAN1,1,F04639,-4.820144844276696,single_source_row
NIBAN2,1,F04640,-3.589051701568972,single_source_row
NID1,1,F04641,-6.73208119460972,single_source_row
NID2,1,F04642,-3.448947426366593,single_source_row
NIF3L1,1,F04643,-3.4108922047391843,single_source_row
NIPAL4,1,F04649,-3.865081812910078,single_source_row
NIPSNAP1,1,F04651,-0.4418865807826119,single_source_row
NIPSNAP2,1,F04652,-6.308851873612837,single_source_row
NIPSNAP3A,1,F04653,-5.174156228039607,single_source_row
NIT1,1,F04656,-0.3857546360007984,single_source_row
NIT2,1,F04657,-2.098349222213169,single_source_row
NLN,1,F04663,-0.6004998693691216,single_source_row
NLRX1,1,F04669,-3.7821237605882794,single_source_row
NME1,1,F04671,4.9985068760543845,single_source_row
NME2,1,F04672,1.2831014372937752,single_source_row
NME3,1,F04673,-3.8497504168872823,single_source_row
NMT1,1,F04680,7.74249126820126,single_source_row
NNMT,1,F04681,5.935572501196273,single_source_row
NNT,1,F04682,-5.751443078179222,single_source_row
NOD1,1,F04689,-5.507662086791512,single_source_row
NOL3,1,F04692,-6.901288961670811,single_source_row
NOLC1,1,F04696,6.069508557437034,single_source_row
NOM1,1,F04697,-4.870550075665888,single_source_row
NONO,1,F04700,4.688643762566138,single_source_row
NOP2,1,F04704,2.896261492060113,single_source_row
NOP56,1,F04706,6.804657926495203,single_source_row
NOP58,1,F04707,5.08643473135604,single_source_row
NOP9,1,F04708,3.2489987835065146,single_source_row
NPC2,1,F04718,2.7578388982637976,single_source_row
NPEPL1,1,F04720,-7.238448099419367,single_source_row
NPEPPS,1,F04721,-4.575558498306451,single_source_row
NPLOC4,1,F04723,2.6047600981003574,single_source_row
NPM1,1,F04724,3.3332278674377176,single_source_row
NPM3,1,F04725,3.967758820578785,single_source_row
NPTN,1,F04728,1.6309279341502465,single_source_row
NQO1,1,F04729,-1.604787188989126,single_source_row
NQO2,1,F04730,-9.479988735454464,single_source_row
NRAP,1,F04735,-3.87061902236626,single_source_row
NRBP1,1,F04738,0.9667377499121064,single_source_row
NRDC,1,F04740,0.9798046672264696,single_source_row
NRM,1,F04745,-2.0363009870223427,single_source_row
NRP1,1,F04746,-4.779750944542117,single_source_row
NSDHL,1,F04752,4.480705183637551,single_source_row
NSF,1,F04753,-2.179655525995455,single_source_row
NSFL1C,1,F04754,-1.874538084580204,single_source_row
NSUN2,1,F04758,10.210775538880348,single_source_row
NT5C,1,F04762,-10.492694759456198,single_source_row
NT5C2,1,F04764,-0.1553203009266455,single_source_row
NT5C3A,1,F04765,-0.1509472053476102,single_source_row
NT5DC1,1,F04766,-0.2310918865378523,single_source_row
NT5E,1,F04769,-2.004394829758283,single_source_row
NTMT1,1,F04770,1.960952171703668,single_source_row
NTPCR,1,F04772,-2.268466461900016,single_source_row
NUBP1,1,F04774,-4.0098174306816725,single_source_row
NUBP2,1,F04775,-0.2892572239043814,single_source_row
NUCB1,1,F04777,3.7801917266132654,single_source_row
NUCB2,1,F04778,-6.0095857365409096,single_source_row
NUCKS1,1,F04779,1.038994919125078,single_source_row
NUDC,1,F04780,5.0407228079119655,single_source_row
NUDCD2,1,F04782,-4.497427201298834,single_source_row
NUDCD3,1,F04783,1.1480394284898408,single_source_row
NUDT16,1,F04787,-2.3545951309172355,single_source_row
NUDT19,1,F04789,-6.304498766072688,single_source_row
NUDT2,1,F04790,-1.44255774028303,single_source_row
NUDT21,1,F04791,4.558844621501583,single_source_row
NUDT5,1,F04795,0.1536446075348068,single_source_row
NUFIP2,1,F04799,-0.7794753657052089,single_source_row
NUMA1,1,F04800,-4.090447676160532,single_source_row
NUMB,1,F04801,-0.4036003516914455,single_source_row
NUP107,1,F04803,1.11718102737637,single_source_row
NUP133,1,F04804,3.1530324961421083,single_source_row
NUP153,1,F04805,3.1770099120791717,single_source_row
NUP155,1,F04806,7.123517119038822,single_source_row
NUP160,1,F04807,3.454857658758617,single_source_row
NUP188,1,F04808,4.498096335749436,single_source_row
NUP205,1,F04809,0.0300991253089668,single_source_row
NUP210,1,F04810,-0.9081588418651906,single_source_row
NUP214,1,F04811,2.5618091935752254,single_source_row
NUP35,1,F04812,3.304086509875452,single_source_row
NUP43,1,F04815,1.129568115997318,single_source_row
NUP50,1,F04816,2.447920064413154,single_source_row
NUP54,1,F04817,2.5368130184749176,single_source_row
NUP62,1,F04819,2.941262285465457,single_source_row
NUP85,1,F04820,0.8928736378605076,single_source_row
NUP88,1,F04821,3.036648269422085,single_source_row
NUP93,1,F04822,4.151669353716328,single_source_row
NUP98,1,F04823,0.5471788092693871,single_source_row
NUTF2,1,F04825,-0.1924270068072923,single_source_row
NXN,1,F04828,6.132063007960181,single_source_row
OAS2,1,F04833,6.927073962410461,single_source_row
OAS3,1,F04834,9.434847414245665,single_source_row
OAT,1,F04836,-0.0945415944461998,single_source_row
OBSCN,1,F04837,-4.205388988028556,single_source_row
OCIAD1,1,F04840,-0.1372374968097578,single_source_row
OGA,1,F04849,1.0401959773725935,single_source_row
OGDH,1,F04850,-4.281539976132001,single_source_row
OGN,1,F04853,-14.36355862884785,single_source_row
OGT,1,F04854,0.4707280012418777,single_source_row
OLA1,1,F04856,-2.9154822233153874,single_source_row
OLFML1,1,F04860,-12.025866772295998,single_source_row
OPA1,1,F04866,-3.5182875062801684,single_source_row
OPA3,1,F04867,-3.642288961674344,single_source_row
OPLAH,1,F04868,-5.406823152430314,single_source_row
OPTN,1,F04869,-1.7638607815572511,single_source_row
ORM1,1,F04879,-6.74743174888494,single_source_row
ORM2,1,F04880,-6.9125875140222925,single_source_row
OSBP,1,F04884,0.4882937004332883,single_source_row
OSBPL8,1,F04892,2.548836148512444,single_source_row
OSBPL9,1,F04893,2.674341186186365,single_source_row
OSGEP,1,F04895,-3.5509875789458647,single_source_row
OSTC,1,F04896,4.963855775168273,single_source_row
OSTF1,1,F04897,1.706055457611205,single_source_row
OTUB1,1,F04899,2.656871707402713,single_source_row
OXA1L,1,F04906,1.390421860584833,single_source_row
OXCT1,1,F04907,-8.120242701461914,single_source_row
OXSR1,1,F04910,-2.266697850311479,single_source_row
P3H1,1,F04912,7.420491212023598,single_source_row
P4HA1,1,F04916,9.762764392026911,single_source_row
P4HB,1,F04918,0.6983048896979437,single_source_row
PA2G4,1,F04919,5.445225062367564,single_source_row
PAAF1,1,F04920,0.8658587582705448,single_source_row
PABPC1,1,F04921,5.045977082253864,single_source_row
PABPC4,1,F04923,0.7133410639558888,single_source_row
PABPN1,1,F04924,0.4058694811330426,single_source_row
PACSIN2,1,F04927,-4.314427279032736,single_source_row
PACSIN3,1,F04928,-5.580043244183273,single_source_row
PADI2,1,F04930,-5.203517260031562,single_source_row
PADI4,1,F04932,2.247401149000613,single_source_row
PAFAH1B1,1,F04934,2.457551926976434,single_source_row
PAFAH1B2,1,F04935,-1.1482171952776965,single_source_row
PAFAH1B3,1,F04936,-4.847315863464566,single_source_row
PAICS,1,F04939,6.052911950136953,single_source_row
PAIP1,1,F04940,2.8885761760631907,single_source_row
PAK1,1,F04942,2.193329905956044,single_source_row
PAK2,1,F04944,7.925076374909839,single_source_row
PALLD,1,F04948,3.739511917463988,single_source_row
PALMD,1,F04951,-5.787395268469131,single_source_row
PANK4,1,F04959,-6.3790354699600735,single_source_row
PAPSS1,1,F04966,2.4842908937109485,single_source_row
PARK7,1,F04972,-5.877253448322788,single_source_row
PARP1,1,F04975,1.7516539950861434,single_source_row
PARP14,1,F04978,1.519734324255635,single_source_row
PARP4,1,F04980,2.349277051357012,single_source_row
PARP9,1,F04981,6.962441099955343,single_source_row
PARVA,1,F04982,-4.495795386755993,single_source_row
PARVB,1,F04983,0.1814928667158944,single_source_row
PAWR,1,F04987,5.291162745276743,single_source_row
PBDC1,1,F04990,-0.2341294567781565,single_source_row
PBRM1,1,F04992,-2.5268131375497465,single_source_row
PBXIP1,1,F04994,-4.578643770361015,single_source_row
PC,1,F04995,3.064273272279636,single_source_row
PCBD1,1,F04996,-13.084538049518914,single_source_row
PCBP1,1,F04998,2.7177179959139925,single_source_row
PCBP2,1,F04999,4.141036597141463,single_source_row
PCCA,1,F05002,-5.795613915988212,single_source_row
PCCB,1,F05003,-9.359436929600577,single_source_row
PCK2,1,F05013,0.3773174222598291,single_source_row
PCM1,1,F05015,-1.420549581752727,single_source_row
PCMT1,1,F05016,-5.477751892001817,single_source_row
PCNA,1,F05018,9.220220085094358,single_source_row
PCNP,1,F05019,2.453349919817479,single_source_row
PCOLCE,1,F05020,-3.4172282069222573,single_source_row
PCYOX1,1,F05024,-8.792651546894477,single_source_row
PCYT1A,1,F05026,4.560294562690566,single_source_row
PDAP1,1,F05028,1.41931520567707,single_source_row
PDCD10,1,F05029,1.9384661137382009,single_source_row
PDCD11,1,F05030,1.9466206685739675,single_source_row
PDCD4,1,F05033,-8.701000750619835,single_source_row
PDCD5,1,F05034,2.8260601230324807,single_source_row
PDCD6,1,F05035,0.8021142254013922,single_source_row
PDCD6IP,1,F05036,-2.464390572069839,single_source_row
PDCL3,1,F05038,1.0838405831216522,single_source_row
PDE12,1,F05040,-5.2211130031595925,single_source_row
PDHA1,1,F05048,-6.693126343967206,single_source_row
PDHB,1,F05049,-7.179848549352023,single_source_row
PDHX,1,F05050,-6.766384603612439,single_source_row
PDIA3,1,F05051,2.378753264245298,single_source_row
PDIA4,1,F05052,4.487691106380455,single_source_row
PDIA5,1,F05053,0.0880922898945473,single_source_row
PDIA6,1,F05054,4.280485091258777,single_source_row
PDLIM1,1,F05060,2.470011169481664,single_source_row
PDLIM2,1,F05061,-5.329953791130627,single_source_row
PDLIM3,1,F05062,-5.089166164804362,single_source_row
PDLIM4,1,F05063,-0.2874675371361294,single_source_row
PDLIM5,1,F05064,-5.60113226080035,single_source_row
PDLIM7,1,F05065,-0.1381772888919657,single_source_row
PDP1,1,F05066,0.2256829645832512,single_source_row
PDPR,1,F05069,-3.2863424602959674,single_source_row
PDS5A,1,F05070,0.9041916216836146,single_source_row
PDS5B,1,F05071,2.503005555371258,single_source_row
PDXDC1,1,F05072,-3.467282515925864,single_source_row
PDXK,1,F05073,0.2004679350947764,single_source_row
PEA15,1,F05078,-4.652084201682393,single_source_row
PEBP1,1,F05080,-13.43935237284263,single_source_row
PECAM1,1,F05081,-4.478709639341859,single_source_row
PEF1,1,F05083,2.404913838275032,single_source_row
PELO,1,F05085,0.5202071624123616,single_source_row
PELP1,1,F05086,4.008002024950023,single_source_row
PEPD,1,F05087,-5.7811424178830295,single_source_row
PES1,1,F05090,8.378461697175718,single_source_row
PEX19,1,F05097,-1.4990861578472885,single_source_row
PFAS,1,F05100,0.4289248325780917,single_source_row
PFDN1,1,F05101,-1.558045528999518,single_source_row
PFDN2,1,F05102,2.664295610258229,single_source_row
PFDN4,1,F05103,4.200662470018058,single_source_row
PFDN5,1,F05104,-0.3013717248136541,single_source_row
PFDN6,1,F05105,0.6259941717525529,single_source_row
PFKL,1,F05109,-3.0425752056047237,single_source_row
PFKM,1,F05110,-5.607429008019343,single_source_row
PFKP,1,F05111,0.2755606371512796,single_source_row
PFN1,1,F05112,1.996677498394621,single_source_row
PFN2,1,F05113,-0.9141555532480506,single_source_row
PGAM1,1,F05115,1.3064516973952414,single_source_row
PGAM5,1,F05117,4.424101737252276,single_source_row
PGD,1,F05118,-5.499199217230147,single_source_row
PGK1,1,F05120,-3.57335187202084,single_source_row
PGLS,1,F05121,-2.876114566176903,single_source_row
PGLYRP2,1,F05123,-5.6515452861696565,single_source_row
PGM1,1,F05124,-7.106512825277164,single_source_row
PGM2,1,F05125,0.1141300643537656,single_source_row
PGM3,1,F05127,0.4121099040579947,single_source_row
PGM5,1,F05128,-4.473856879048402,single_source_row
PGP,1,F05129,-1.907846992182872,single_source_row
PGRMC1,1,F05130,-0.657865393541955,single_source_row
PGRMC2,1,F05131,-4.801376103049057,single_source_row
PHB1,1,F05133,-1.6463623930078968,single_source_row
PHB2,1,F05134,-0.6176892959388323,single_source_row
PHF3,1,F05140,-6.31145672154665,single_source_row
PHGDH,1,F05143,-6.38541815794472,single_source_row
PHPT1,1,F05154,-5.376398996528852,single_source_row
PI4K2A,1,F05159,4.712463600067664,single_source_row
PI4KA,1,F05161,-3.6860823264755305,single_source_row
PICALM,1,F05163,4.698395488973018,single_source_row
PIGC,1,F05168,-1.5664737287102826,single_source_row
PIGK,1,F05170,3.3851599498898377,single_source_row
PIGS,1,F05174,2.2721790553351253,single_source_row
PIGT,1,F05175,2.736660971737325,single_source_row
PIGU,1,F05176,1.9866889424121488,single_source_row
PIK3C3,1,F05180,-2.658133316342345,single_source_row
PIK3R4,1,F05185,6.399181230054271,single_source_row
PIN1,1,F05187,-5.233305068302408,single_source_row
PIP,1,F05190,-2.470668597307956,single_source_row
PIP4K2A,1,F05191,-1.1336535770428653,single_source_row
PIP4K2C,1,F05193,2.1353098169642126,single_source_row
PIR,1,F05198,-3.1777710313278043,single_source_row
PITHD1,1,F05200,-4.8466909493736585,single_source_row
PITPNA,1,F05201,-6.642383849994228,single_source_row
PITPNB,1,F05202,3.796425438892303,single_source_row
PITRM1,1,F05204,-2.751197612316836,single_source_row
PKM,1,F05212,0.2938023942759522,single_source_row
PKN2,1,F05215,-1.9832824010091927,single_source_row
PKP1,1,F05216,0.5004133597736338,single_source_row
PKP3,1,F05218,1.2248942388181043,single_source_row
PLAA,1,F05226,0.5691801579413213,single_source_row
PLBD1,1,F05231,2.0123116962306056,single_source_row
PLBD2,1,F05232,3.462464100622042,single_source_row
PLCB3,1,F05235,2.4996757241093084,single_source_row
PLCD1,1,F05237,-6.202616852173925,single_source_row
PLCG2,1,F05240,2.220205780967896,single_source_row
PLD1,1,F05243,-4.88393129236642,single_source_row
PLD3,1,F05245,2.3379540655139635,single_source_row
PLEC,1,F05246,3.8094973081210552,single_source_row
PLEK,1,F05247,1.405945325553405,single_source_row
PLEKHF1,1,F05253,-1.9948766747416808,single_source_row
PLEKHM1,1,F05256,0.5612606984012725,single_source_row
PLEKHO2,1,F05258,-1.203726095520309,single_source_row
PLG,1,F05259,-0.8979057392949021,single_source_row
PLIN3,1,F05264,-0.3150733475499251,single_source_row
PLOD1,1,F05270,2.249551196984071,single_source_row
PLP2,1,F05274,4.921019137477862,single_source_row
PLPBP,1,F05275,-6.25888013296102,single_source_row
PLPP3,1,F05277,-10.009104962637611,single_source_row
PLRG1,1,F05279,3.545591078512777,single_source_row
PLS1,1,F05280,6.413996706673856,single_source_row
PLS3,1,F05281,4.5294175216776456,single_source_row
PLXDC2,1,F05287,-3.922368789734661,single_source_row
PLXNB2,1,F05290,-3.796344450662639,single_source_row
PML,1,F05293,8.513807590437137,single_source_row
PMM2,1,F05294,1.985996630133782,single_source_row
PMPCA,1,F05297,-0.0296364356181949,single_source_row
PMPCB,1,F05298,-0.1175014651611773,single_source_row
PMVK,1,F05300,-2.5784626052023727,single_source_row
PNN,1,F05305,2.5924425934979323,single_source_row
PNP,1,F05307,5.039713983775082,single_source_row
PNPO,1,F05311,-5.591809402557083,single_source_row
PNPT1,1,F05312,1.0210754957812322,single_source_row
POF1B,1,F05316,-1.6675686089687247,single_source_row
POFUT1,1,F05317,3.659755095509588,single_source_row
POGLUT1,1,F05319,4.249794131303466,single_source_row
POGLUT3,1,F05321,-2.1561223004475223,single_source_row
POLDIP2,1,F05329,1.1755342117119163,single_source_row
POLDIP3,1,F05330,0.0036827980243398,single_source_row
POLR2A,1,F05341,3.864210763160528,single_source_row
POLR2B,1,F05342,5.828248707863531,single_source_row
POLR2C,1,F05343,-1.310895973618465,single_source_row
POLR2E,1,F05345,3.7496835827184247,single_source_row
POLR2H,1,F05347,5.242505151516497,single_source_row
POLR2I,1,F05348,-0.5371714746205447,single_source_row
PON1,1,F05362,-7.846595482243771,single_source_row
POR,1,F05366,1.4313733731013838,single_source_row
POSTN,1,F05367,5.829147327099084,single_source_row
PPA1,1,F05370,1.341145349041447,single_source_row
PPA2,1,F05371,-6.008530769299736,single_source_row
PPAT,1,F05373,2.6016198103959347,single_source_row
PPBP,1,F05374,-1.2025518726305595,single_source_row
PPCS,1,F05376,0.1444366014808055,single_source_row
PPFIBP1,1,F05380,6.241126189994767,single_source_row
PPIA,1,F05383,-2.5586496452734444,single_source_row
PPIB,1,F05384,5.559058480238657,single_source_row
PPIC,1,F05385,2.5671270268486333,single_source_row
PPID,1,F05386,1.0410764304974656,single_source_row
PPIF,1,F05388,3.818819593098536,single_source_row
PPIH,1,F05390,0.0173658630896674,single_source_row
PPIL3,1,F05393,-5.296433004889279,single_source_row
PPL,1,F05396,-5.084329893316815,single_source_row
PPM1A,1,F05397,-1.8091038585522472,single_source_row
PPM1F,1,F05399,-5.273770814045453,single_source_row
PPM1G,1,F05400,5.633450856974126,single_source_row
PPME1,1,F05403,3.2618985975534307,single_source_row
PPOX,1,F05404,-4.203109161768268,single_source_row
PPP1CA,1,F05405,8.477936695339173,single_source_row
PPP1CB,1,F05406,-3.970445338970039,single_source_row
PPP1CC,1,F05407,2.204344013191417,single_source_row
PPP1R12A,1,F05410,0.2171911993998055,single_source_row
PPP1R12C,1,F05412,-4.721234408458344,single_source_row
PPP1R13L,1,F05413,1.1334963772187203,single_source_row
PPP1R14B,1,F05415,2.428055410647903,single_source_row
PPP1R7,1,F05424,-8.075226213430073,single_source_row
PPP1R9B,1,F05426,-0.2506396726420676,single_source_row
PPP2CB,1,F05427,-1.9809486482889944,single_source_row
PPP2R1A,1,F05428,-0.804147307322031,single_source_row
PPP2R2A,1,F05430,-6.239101801503942,single_source_row
PPP2R5A,1,F05431,-8.826767374065893,single_source_row
PPP2R5D,1,F05434,-0.3316211115054841,single_source_row
PPP2R5E,1,F05435,3.858131341228223,single_source_row
PPP3CA,1,F05436,0.5972969503180705,single_source_row
PPP4C,1,F05440,5.165808060155376,single_source_row
PPP4R1,1,F05441,4.619098401207348,single_source_row
PPP5C,1,F05444,-3.068577158887859,single_source_row
PPP6C,1,F05445,-0.7370580347775703,single_source_row
PPP6R1,1,F05446,2.16466881140936,single_source_row
PPP6R3,1,F05448,2.86988137593208,single_source_row
PPT1,1,F05449,-2.76889823804717,single_source_row
PRAF2,1,F05453,-0.7791587495208575,single_source_row
PRCP,1,F05460,-0.0435881677219351,single_source_row
PRDX1,1,F05462,-5.259426563221861,single_source_row
PRDX2,1,F05463,-5.170050356802807,single_source_row
PRDX3,1,F05464,-4.539998665619642,single_source_row
PRDX4,1,F05465,2.8626539986097987,single_source_row
PRDX5,1,F05466,-4.5339407658345,single_source_row
PRDX6,1,F05467,-8.406884503764461,single_source_row
PREB,1,F05468,-1.843650888231655,single_source_row
PRELP,1,F05469,-15.258042054381471,single_source_row
PREP,1,F05470,-3.3905199703604763,single_source_row
PRG2,1,F05474,2.748455584437146,single_source_row
PRKAA1,1,F05480,2.208105546820603,single_source_row
PRKACA,1,F05483,-6.14703065791482,single_source_row
PRKAG1,1,F05485,-1.155795982683974,single_source_row
PRKAR1A,1,F05486,-4.890922928318127,single_source_row
PRKAR2A,1,F05488,-10.175067409726324,single_source_row
PRKCD,1,F05492,4.00470718523397,single_source_row
PRKCSH,1,F05495,4.063031247955539,single_source_row
PRKDC,1,F05498,8.903872069261887,single_source_row
PRKRA,1,F05500,-0.8407702898589109,single_source_row
PRMT1,1,F05502,5.525473306157851,single_source_row
PRMT5,1,F05504,3.946290695184752,single_source_row
PRNP,1,F05506,5.391112772547388,single_source_row
PROCR,1,F05509,2.3660255454505648,single_source_row
PROS1,1,F05514,-1.5738212347696263,single_source_row
PRPF19,1,F05516,5.865092109513662,single_source_row
PRPF31,1,F05518,0.1463271725022846,single_source_row
PRPF4,1,F05521,-0.4303740825242599,single_source_row
PRPF40A,1,F05522,0.6647774391251824,single_source_row
PRPF4B,1,F05523,1.904417423837929,single_source_row
PRPF6,1,F05524,5.145536943957941,single_source_row
PRPF8,1,F05525,3.944944658503916,single_source_row
PRPS1,1,F05527,1.2144850445596145,single_source_row
PRPSAP1,1,F05529,-0.0207986461419697,single_source_row
PRPSAP2,1,F05530,-0.1552051811117314,single_source_row
PRRC1,1,F05536,-0.04476328972228,single_source_row
PRRC2C,1,F05539,5.120476946595855,single_source_row
PRTN3,1,F05546,4.215480012461277,single_source_row
PRX,1,F05548,-2.6361477928674986,single_source_row
PRXL2A,1,F05549,1.3635607466613788,single_source_row
PSAP,1,F05551,4.420271055302698,single_source_row
PSAT1,1,F05552,1.1335706622098352,single_source_row
PSIP1,1,F05555,-5.925374290832257,single_source_row
PSMA1,1,F05556,0.8883696611943371,single_source_row
PSMA2,1,F05557,1.2052848628910198,single_source_row
PSMA3,1,F05558,2.752844983395956,single_source_row
PSMA4,1,F05559,4.162233866497186,single_source_row
PSMA5,1,F05560,0.055281946038776,single_source_row
PSMA6,1,F05561,3.1588574018007662,single_source_row
PSMA7,1,F05562,1.6850523854935913,single_source_row
PSMB1,1,F05563,1.6050522696594205,single_source_row
PSMB10,1,F05564,3.0192627296824344,single_source_row
PSMB2,1,F05565,4.146201095651414,single_source_row
PSMB3,1,F05566,4.372065898628335,single_source_row
PSMB4,1,F05567,-0.9051566549111988,single_source_row
PSMB5,1,F05568,-2.901031925011824,single_source_row
PSMB6,1,F05569,-4.956411455166007,single_source_row
PSMB7,1,F05570,-1.7594104129999202,single_source_row
PSMB8,1,F05571,5.525036107003159,single_source_row
PSMB9,1,F05572,5.803926134752861,single_source_row
PSMC1,1,F05573,1.5411798824306653,single_source_row
PSMC2,1,F05574,3.33331065303741,single_source_row
PSMC3,1,F05575,-0.0673543819322812,single_source_row
PSMC4,1,F05576,-0.8475950464846205,single_source_row
PSMC5,1,F05577,0.8448362990811862,single_source_row
PSMC6,1,F05578,2.598098464525523,single_source_row
PSMD1,1,F05579,2.3594104884533627,single_source_row
PSMD10,1,F05580,-0.2311851274704396,single_source_row
PSMD11,1,F05581,5.141283168529685,single_source_row
PSMD12,1,F05582,3.478648164756645,single_source_row
PSMD13,1,F05583,5.099616155865974,single_source_row
PSMD14,1,F05584,1.9692648907521453,single_source_row
PSMD2,1,F05585,6.217231950628645,single_source_row
PSMD3,1,F05586,1.2692907576223376,single_source_row
PSMD4,1,F05587,-1.2896967806279953,single_source_row
PSMD5,1,F05588,0.0049778712923922,single_source_row
PSMD6,1,F05589,2.872438939379448,single_source_row
PSMD7,1,F05590,3.7049873438225975,single_source_row
PSMD8,1,F05591,1.1398536611121102,single_source_row
PSMD9,1,F05592,0.3888970350186754,single_source_row
PSME1,1,F05593,3.509691682723111,single_source_row
PSME2,1,F05594,5.303534196343213,single_source_row
PSME3,1,F05595,5.057172432680296,single_source_row
PSMF1,1,F05598,-2.400392372339233,single_source_row
PSMG1,1,F05599,3.822347891939998,single_source_row
PSPC1,1,F05603,0.1859880377435485,single_source_row
PTBP1,1,F05607,6.140645346627616,single_source_row
PTBP2,1,F05608,2.86799257257709,single_source_row
PTBP3,1,F05609,2.6833479898539565,single_source_row
PTCD3,1,F05612,-0.5032865600884016,single_source_row
PTDSS1,1,F05613,5.212337632638003,single_source_row
PTGES2,1,F05618,-3.7215127057280704,single_source_row
PTGES3,1,F05619,6.3926203678888935,single_source_row
PTGFRN,1,F05620,0.2845958831436474,single_source_row
PTGR1,1,F05622,-8.253770324284208,single_source_row
PTGR3,1,F05624,-6.156297326926511,single_source_row
PTGS1,1,F05625,-0.2362111464315394,single_source_row
PTK2,1,F05628,2.2017097955872145,single_source_row
PTK6,1,F05630,-3.2395046456636574,single_source_row
PTK7,1,F05631,11.170722843979553,single_source_row
PTMA,1,F05632,1.4398120952123123,single_source_row
PTPA,1,F05635,-5.26203365092148,single_source_row
PTPMT1,1,F05636,-3.7665346494145058,single_source_row
PTPN1,1,F05637,8.890145422522384,single_source_row
PTPN11,1,F05638,-0.5997784894725655,single_source_row
PTPN23,1,F05643,-3.770347332177103,single_source_row
PTPN6,1,F05645,2.787595479930435,single_source_row
PTPRC,1,F05648,3.1905760771951672,single_source_row
PTPRF,1,F05651,-0.5501219944749677,single_source_row
PTRH2,1,F05656,5.097983524398026,single_source_row
PTRHD1,1,F05657,-3.199495925135162,single_source_row
PTX3,1,F05660,-1.1726873821450468,single_source_row
PUF60,1,F05662,4.919653741697542,single_source_row
PURA,1,F05666,-10.877375309046537,single_source_row
PURB,1,F05667,0.7909001111980686,single_source_row
PUS1,1,F05668,5.501623378509896,single_source_row
PWP2,1,F05672,2.7536915605934964,single_source_row
PXN,1,F05678,3.209063774343556,single_source_row
PYCARD,1,F05679,5.885726600362182,single_source_row
PYGB,1,F05683,-2.3670513306485272,single_source_row
PYGL,1,F05684,5.925179889172104,single_source_row
PYGM,1,F05685,-6.56448175545259,single_source_row
PYM1,1,F05687,0.0424002907588887,single_source_row
QARS1,1,F05690,-1.6369340540537822,single_source_row
QDPR,1,F05691,-8.972868502632492,single_source_row
QKI,1,F05692,2.2088047559908954,single_source_row
QSOX1,1,F05699,-4.451980149612384,single_source_row
QTRT1,1,F05701,-0.5856230247824397,single_source_row
RAB10,1,F05705,-0.561696819572771,single_source_row
RAB11B,1,F05706,-0.7944779812031029,single_source_row
RAB11FIP1,1,F05707,-7.964041230440283,single_source_row
RAB11FIP5,1,F05708,-1.979843418244936,single_source_row
RAB12,1,F05709,-1.3507326897042788,single_source_row
RAB14,1,F05711,-0.6233970193456916,single_source_row
RAB17,1,F05712,1.4639826266679774,single_source_row
RAB18,1,F05713,3.0557036445315178,single_source_row
RAB1A,1,F05715,-1.747632974213995,single_source_row
RAB1B,1,F05716,-0.8500206833811386,single_source_row
RAB21,1,F05717,2.621746766704505,single_source_row
RAB25,1,F05721,-3.507324963990672,single_source_row
RAB27A,1,F05722,-1.657821418938938,single_source_row
RAB27B,1,F05723,-3.810729429484524,single_source_row
RAB2A,1,F05725,0.8375659217668132,single_source_row
RAB2B,1,F05726,1.1869516355337133,single_source_row
RAB31,1,F05728,6.753797478386749,single_source_row
RAB35,1,F05732,3.9927616000870327,single_source_row
RAB3D,1,F05735,-1.5808243154070702,single_source_row
RAB3GAP1,1,F05736,1.0715850917481928,single_source_row
RAB3GAP2,1,F05737,-0.3789586628225272,single_source_row
RAB5A,1,F05742,-0.7562369095071354,single_source_row
RAB5B,1,F05743,-7.109990891609983,single_source_row
RAB5C,1,F05744,3.169510663789001,single_source_row
RAB6A,1,F05745,1.582243362000636,single_source_row
RAB7A,1,F05748,6.861658467586655,single_source_row
RAB8A,1,F05749,0.8745737918373552,single_source_row
RAB8B,1,F05750,-1.895283515290417,single_source_row
RABEP1,1,F05753,-5.773249658374145,single_source_row
RABGAP1,1,F05755,-0.1803828409477137,single_source_row
RABGEF1,1,F05757,1.0127732125402256,single_source_row
RABGGTA,1,F05758,2.986338462864777,single_source_row
RABL3,1,F05761,0.5475319418019251,single_source_row
RABL6,1,F05762,-3.758234138051161,single_source_row
RAC1,1,F05763,-2.5592278817250373,single_source_row
RAC2,1,F05764,4.020172292042763,single_source_row
RACK1,1,F05766,5.390864190699464,single_source_row
RAD21,1,F05767,-1.925481276359672,single_source_row
RAD23A,1,F05768,-5.222138109245262,single_source_row
RAD23B,1,F05769,-0.1141709034047582,single_source_row
RAD50,1,F05770,-2.299671299022017,single_source_row
RAE1,1,F05773,-2.039333210866127,single_source_row
RAI14,1,F05775,-3.0360711620256238,single_source_row
RALA,1,F05776,-6.4376439067419104,single_source_row
RALB,1,F05777,3.8625237229605487,single_source_row
RALY,1,F05783,3.5612263814430145,single_source_row
RAN,1,F05785,5.709364002789485,single_source_row
RANBP1,1,F05786,3.559845089814667,single_source_row
RANBP2,1,F05788,1.7959506528407445,single_source_row
RANBP3,1,F05789,-1.8726811941093733,single_source_row
RANGAP1,1,F05792,5.726069077467152,single_source_row
RAP1A,1,F05793,-3.8291316370122006,single_source_row
RAP1GDS1,1,F05796,3.911737796056721,single_source_row
RAP2B,1,F05798,9.180652783058662,single_source_row
RARS1,1,F05802,3.618555927508022,single_source_row
RAVER1,1,F05816,4.234753723781696,single_source_row
RBBP4,1,F05820,1.0775524908579448,single_source_row
RBBP7,1,F05822,2.4905189181609564,single_source_row
RBM12,1,F05829,2.6511499570304533,single_source_row
RBM14,1,F05831,3.0309305854758315,single_source_row
RBM15,1,F05832,1.2895905623006954,single_source_row
RBM17,1,F05834,3.3016629847305285,single_source_row
RBM25,1,F05838,5.545922293224139,single_source_row
RBM3,1,F05842,-0.8957196842027864,single_source_row
RBM39,1,F05845,7.308995882106594,single_source_row
RBM4,1,F05846,2.2949773173440784,single_source_row
RBM8A,1,F05855,4.19807483875975,single_source_row
RBMX,1,F05858,1.6166099490262598,single_source_row
RBMXL1,1,F05860,-2.943415819432176,single_source_row
RBP4,1,F05862,-5.8365152572992764,single_source_row
RBX1,1,F05866,-1.1849858532014246,single_source_row
RCC1,1,F05868,6.661130837756657,single_source_row
RCC2,1,F05870,8.830362920135475,single_source_row
RCN1,1,F05874,0.5610641520652208,single_source_row
RCN2,1,F05875,-1.411849427131805,single_source_row
RCN3,1,F05876,4.478303797120835,single_source_row
RCSD1,1,F05879,-3.5497473243340014,single_source_row
RDH11,1,F05881,3.8883545136976063,single_source_row
RDH13,1,F05883,-5.736325823104535,single_source_row
RDH14,1,F05884,-3.3592891527831625,single_source_row
RDX,1,F05886,-1.9655488035675015,single_source_row
RECQL,1,F05888,6.624278188417412,single_source_row
REEP5,1,F05892,-1.2265732070545867,single_source_row
RELA,1,F05895,2.7070948556914605,single_source_row
RELCH,1,F05897,-1.99625100472304,single_source_row
RER1,1,F05902,4.032955948421482,single_source_row
RETREG3,1,F05907,1.0055951626799913,single_source_row
RETSAT,1,F05908,-2.1901913439802945,single_source_row
REXO2,1,F05909,1.9313090315882229,single_source_row
RFC1,1,F05911,-8.099251036215357,single_source_row
RFC4,1,F05914,6.236341656694504,single_source_row
RFTN1,1,F05918,1.2973066834589688,single_source_row
RGS10,1,F05923,1.4056908502920724,single_source_row
RHCG,1,F05932,-8.513171946489365,single_source_row
RHEB,1,F05933,4.510963376706053,single_source_row
RHOA,1,F05934,0.4569468140602948,single_source_row
RHOC,1,F05936,4.467588438199801,single_source_row
RHOG,1,F05939,4.846775834475479,single_source_row
RHOT1,1,F05940,-5.165245470286896,single_source_row
RHOT2,1,F05941,3.7913503589046473,single_source_row
RIC8A,1,F05943,7.047530921572876,single_source_row
RIDA,1,F05946,-3.7837276588210513,single_source_row
RIGI,1,F05948,5.405906449232187,single_source_row
RIN1,1,F05952,4.194417881667567,single_source_row
RMDN1,1,F05964,0.2888534992088622,single_source_row
RNASE2,1,F05970,2.931178774828277,single_source_row
RNASE3,1,F05971,4.237725735425514,single_source_row
RNASET2,1,F05979,-0.218365589711892,single_source_row
RNF185,1,F05991,1.1798452671659745,single_source_row
RNF213,1,F05995,3.342595280911628,single_source_row
RNH1,1,F06005,-2.1584685886559964,single_source_row
RNMT,1,F06006,1.1285781451756514,single_source_row
RNPEP,1,F06007,-3.8254753708902056,single_source_row
RNPS1,1,F06008,1.5637631093603548,single_source_row
RO60,1,F06009,-1.74724220362175,single_source_row
ROCK1,1,F06011,-2.072305210779501,single_source_row
ROCK2,1,F06012,-3.3914792192686134,single_source_row
RP2,1,F06015,-0.7854152338314193,single_source_row
RPA1,1,F06016,0.5956154866032011,single_source_row
RPA2,1,F06017,-0.4808458227276657,single_source_row
RPA3,1,F06018,1.276507642270457,single_source_row
RPE,1,F06021,-1.7789354270013529,single_source_row
RPF2,1,F06023,4.735664335017883,single_source_row
RPIA,1,F06024,-3.019874884599415,single_source_row
RPL10,1,F06025,5.507514494036604,single_source_row
RPL10A,1,F06026,4.044907681240659,single_source_row
RPL11,1,F06027,3.267056937408084,single_source_row
RPL12,1,F06028,3.288741251561466,single_source_row
RPL13,1,F06029,-1.8875801056160495,single_source_row
RPL13A,1,F06030,3.721855113257223,single_source_row
RPL14,1,F06031,1.4184943107656705,single_source_row
RPL15,1,F06032,2.371695399932471,single_source_row
RPL17,1,F06033,2.16933109993631,single_source_row
RPL18,1,F06034,3.2746945516263084,single_source_row
RPL18A,1,F06035,5.016066310368938,single_source_row
RPL19,1,F06036,2.6705539353418004,single_source_row
RPL21,1,F06037,2.314712594188264,single_source_row
RPL22,1,F06038,0.1208056075116243,single_source_row
RPL23,1,F06040,-0.739326732968393,single_source_row
RPL23A,1,F06041,2.6807853902770384,single_source_row
RPL24,1,F06042,1.5986534353762445,single_source_row
RPL26,1,F06043,-0.6562680223160017,single_source_row
RPL27,1,F06044,0.9825025687644736,single_source_row
RPL27A,1,F06045,4.877664580543139,single_source_row
RPL28,1,F06046,1.2486773220322491,single_source_row
RPL29,1,F06047,0.9147228684814994,single_source_row
RPL3,1,F06048,2.762651440695308,single_source_row
RPL30,1,F06049,3.102480000443181,single_source_row
RPL31,1,F06050,-1.4773986224007982,single_source_row
RPL32,1,F06051,3.5378989771935307,single_source_row
RPL34,1,F06052,2.2468544540400184,single_source_row
RPL35,1,F06053,1.3841020322722348,single_source_row
RPL35A,1,F06054,3.681428711768196,single_source_row
RPL36,1,F06055,-4.613085887449295,single_source_row
RPL36AL,1,F06056,-0.7721071232261745,single_source_row
RPL37A,1,F06057,-1.3359743157649198,single_source_row
RPL38,1,F06058,2.2250635714599727,single_source_row
RPL4,1,F06061,2.479987932884099,single_source_row
RPL5,1,F06062,3.7108841339780834,single_source_row
RPL6,1,F06063,3.796729046514228,single_source_row
RPL7,1,F06064,3.087480865793089,single_source_row
RPL7A,1,F06065,2.84607682266622,single_source_row
RPL8,1,F06067,-1.3109068120030225,single_source_row
RPL9,1,F06068,2.2654931033243675,single_source_row
RPLP0,1,F06069,2.2409111836714493,single_source_row
RPLP1,1,F06070,1.5723554317632442,single_source_row
RPLP2,1,F06071,0.535409322213235,single_source_row
RPN1,1,F06072,4.531613341243455,single_source_row
RPN2,1,F06073,3.6415814508952575,single_source_row
RPP25L,1,F06075,3.083092539309284,single_source_row
RPP38,1,F06077,-1.936928743719485,single_source_row
RPRD1B,1,F06080,1.8872792378021237,single_source_row
RPS10,1,F06082,0.7177453559748685,single_source_row
RPS11,1,F06083,4.934284350945837,single_source_row
RPS12,1,F06084,3.036171502545788,single_source_row
RPS13,1,F06085,2.5139188669269297,single_source_row
RPS14,1,F06086,1.1863154052543838,single_source_row
RPS15,1,F06087,-4.257419083436816,single_source_row
RPS15A,1,F06088,5.451363591964567,single_source_row
RPS16,1,F06089,2.156706325524519,single_source_row
RPS17,1,F06090,3.113138770456788,single_source_row
RPS18,1,F06091,1.440156241114394,single_source_row
RPS19,1,F06092,1.0041208574801692,single_source_row
RPS2,1,F06094,4.673247003025375,single_source_row
RPS20,1,F06095,1.5435862714346644,single_source_row
RPS21,1,F06096,-0.854581947628478,single_source_row
RPS23,1,F06097,2.792352964752477,single_source_row
RPS24,1,F06098,-0.8697256054150175,single_source_row
RPS25,1,F06099,1.561757659930492,single_source_row
RPS26,1,F06100,3.178487300352707,single_source_row
RPS27,1,F06102,4.270818917030568,single_source_row
RPS27L,1,F06104,-2.8715217492565555,single_source_row
RPS28,1,F06105,1.1607779846191797,single_source_row
RPS29,1,F06106,2.5784214027043664,single_source_row
RPS3,1,F06107,3.572750909263536,single_source_row
RPS3A,1,F06108,4.988736430320762,single_source_row
RPS4X,1,F06109,3.693184117311513,single_source_row
RPS5,1,F06111,3.708369668024384,single_source_row
RPS6,1,F06112,4.360772086493942,single_source_row
RPS6KA3,1,F06114,-1.0702993992874363,single_source_row
RPS7,1,F06120,2.557536568452484,single_source_row
RPS8,1,F06121,3.8126452155935215,single_source_row
RPS9,1,F06122,3.519484946810854,single_source_row
RPSA,1,F06123,-3.7456118341742486,single_source_row
RRAS,1,F06131,-5.922583858345519,single_source_row
RRAS2,1,F06132,1.3417672842436437,single_source_row
RRBP1,1,F06133,4.016955855413989,single_source_row
RRM1,1,F06134,0.3956551933250409,single_source_row
RRM2B,1,F06136,-0.1988920645116305,single_source_row
RRP12,1,F06138,4.591700199015625,single_source_row
RRP9,1,F06144,0.8012766608841885,single_source_row
RRS1,1,F06145,5.031796778688584,single_source_row
RSF1,1,F06148,3.2351291535058238,single_source_row
RSL1D1,1,F06149,8.061489264674826,single_source_row
RSU1,1,F06153,-3.258785263818798,single_source_row
RTCA,1,F06154,1.942741458705662,single_source_row
RTCB,1,F06155,0.192556897662416,single_source_row
RTL8C,1,F06159,-0.4253534691076807,single_source_row
RTN3,1,F06162,2.7862788707337214,single_source_row
RTN4,1,F06163,1.448063985448285,single_source_row
RTRAF,1,F06165,0.9852264375654252,single_source_row
RUFY1,1,F06166,1.287406205958168,single_source_row
RUVBL1,1,F06173,6.006521771647595,single_source_row
RUVBL2,1,F06174,4.176000873966649,single_source_row
RYR1,1,F06179,-3.3785098862144505,single_source_row
S100A1,1,F06182,-7.377353888655029,single_source_row
S100A10,1,F06183,-5.368212974023917,single_source_row
S100A11,1,F06184,3.121045859645073,single_source_row
S100A12,1,F06185,3.9216597701790974,single_source_row
S100A13,1,F06186,-5.093961939739684,single_source_row
S100A14,1,F06187,-1.7422306626662325,single_source_row
S100A16,1,F06188,-2.4386187201917817,single_source_row
S100A2,1,F06189,4.739305340272624,single_source_row
S100A4,1,F06191,-6.680974843438805,single_source_row
S100A6,1,F06192,-6.716782219139323,single_source_row
S100A7,1,F06193,3.008469386937291,single_source_row
S100A8,1,F06195,-2.057782290303114,single_source_row
S100A9,1,F06196,-2.288053956164465,single_source_row
S100P,1,F06198,4.998340908459259,single_source_row
SAA4,1,F06201,-8.164387901789885,single_source_row
SACM1L,1,F06204,-1.9544331278946396,single_source_row
SAE1,1,F06206,1.6785558270265708,single_source_row
SAFB,1,F06207,5.419077631814427,single_source_row
SAFB2,1,F06208,1.7419038908556232,single_source_row
SAMD9,1,F06213,4.522934638501058,single_source_row
SAMHD1,1,F06215,1.1770748083810176,single_source_row
SAMM50,1,F06216,-3.5480273112777523,single_source_row
SAP18,1,F06219,0.2831530111403091,single_source_row
SAR1A,1,F06222,2.1596055080510106,single_source_row
SAR1B,1,F06223,-3.446322362902007,single_source_row
SARG,1,F06225,-2.7265215203838182,single_source_row
SARNP,1,F06227,1.5697676853566425,single_source_row
SARS1,1,F06228,2.588079479860252,single_source_row
SARS2,1,F06229,-3.538919587634258,single_source_row
SART1,1,F06230,-0.0062644067625392,single_source_row
SART3,1,F06231,1.7232458768424788,single_source_row
SBDS,1,F06235,-2.661744952148573,single_source_row
SBSN,1,F06238,-2.637917098957145,single_source_row
SCAMP2,1,F06245,0.8246541577744193,single_source_row
SCAMP3,1,F06246,0.1574888506738685,single_source_row
SCAMP4,1,F06247,0.2801155469762431,single_source_row
SCARB2,1,F06250,2.6145249349895043,single_source_row
SCCPDH,1,F06251,-3.906905069868488,single_source_row
SCEL,1,F06254,-6.347762990273006,single_source_row
SCFD1,1,F06255,0.9895580638021734,single_source_row
SCFD2,1,F06256,-6.137940393201414,single_source_row
SCO1,1,F06264,-2.099241737756396,single_source_row
SCP2,1,F06267,1.636261242025696,single_source_row
SCRIB,1,F06269,-3.8849623932991686,single_source_row
SCRN1,1,F06270,-0.6391901549917175,single_source_row
SCRN2,1,F06271,-7.4217060972489906,single_source_row
SCYL1,1,F06273,3.1682238998991763,single_source_row
SCYL2,1,F06274,3.047234937022949,single_source_row
SDC1,1,F06277,-2.17650034176838,single_source_row
SDCBP,1,F06280,0.4738681776196535,single_source_row
SDHA,1,F06286,-4.576935738745641,single_source_row
SDHB,1,F06290,-5.116450594652186,single_source_row
SDHC,1,F06291,-1.6945518260571957,single_source_row
SDR16C5,1,F06293,-0.8292562426502642,single_source_row
SDR39U1,1,F06294,-6.994891418662395,single_source_row
SEC11A,1,F06297,5.709071256759334,single_source_row
SEC13,1,F06299,2.503577307673288,single_source_row
SEC16A,1,F06302,-1.3880640402734423,single_source_row
SEC22B,1,F06303,-1.91908140666412,single_source_row
SEC23A,1,F06304,4.613027713080177,single_source_row
SEC23B,1,F06305,-1.1971691481420763,single_source_row
SEC23IP,1,F06306,0.8599384675868283,single_source_row
SEC24A,1,F06307,2.1852907267782267,single_source_row
SEC24B,1,F06308,1.6528604123040689,single_source_row
SEC24C,1,F06309,2.086459147680761,single_source_row
SEC24D,1,F06310,0.8500687078696569,single_source_row
SEC31A,1,F06311,2.7722401360946085,single_source_row
SEC61A1,1,F06312,7.788203616134985,single_source_row
SEC61B,1,F06313,5.350971449737158,single_source_row
SEC62,1,F06315,3.337505503400621,single_source_row
SEC63,1,F06316,5.237603584023981,single_source_row
SEH1L,1,F06318,2.652995023516062,single_source_row
SELENBP1,1,F06321,-9.82788475446984,single_source_row
SELENOF,1,F06322,1.547399967724606,single_source_row
SELENOH,1,F06323,2.2265204759333224,single_source_row
SELENOI,1,F06324,1.1199827026178042,single_source_row
SELENOM,1,F06325,-0.4753407869127715,single_source_row
SELENOP,1,F06328,-5.782071589594647,single_source_row
SEMA4B,1,F06334,-0.1317491583059191,single_source_row
SEPHS1,1,F06339,2.058853505700965,single_source_row
SEPTIN10,1,F06342,-2.6404670242746997,single_source_row
SEPTIN11,1,F06343,-1.7804158030549335,single_source_row
SEPTIN2,1,F06344,-1.8188488692550904,single_source_row
SEPTIN7,1,F06348,0.0083910501214769,single_source_row
SEPTIN8,1,F06349,-1.8835840876118213,single_source_row
SEPTIN9,1,F06350,7.51303269519825,single_source_row
SERBP1,1,F06351,3.1173587678073367,single_source_row
SERPINA1,1,F06354,-8.668795163613735,single_source_row
SERPINA3,1,F06358,-8.071437971615577,single_source_row
SERPINA4,1,F06359,-3.582096397277368,single_source_row
SERPINA5,1,F06360,-5.299859127714177,single_source_row
SERPINA6,1,F06361,-6.929378140719085,single_source_row
SERPINA7,1,F06362,-7.124988806918942,single_source_row
SERPINB1,1,F06363,-2.147556621287624,single_source_row
SERPINB13,1,F06366,-2.8348315471836205,single_source_row
SERPINB2,1,F06367,-1.8276563010637945,single_source_row
SERPINB3,1,F06368,0.2925391322551489,single_source_row
SERPINB5,1,F06370,3.6866771744378233,single_source_row
SERPINB6,1,F06371,-10.27689113930832,single_source_row
SERPINB8,1,F06373,2.6265915282811947,single_source_row
SERPINB9,1,F06374,1.7610936937429262,single_source_row
SERPINC1,1,F06375,-7.330026788984576,single_source_row
SERPIND1,1,F06376,-6.001350763853573,single_source_row
SERPINF1,1,F06379,-6.191897782431894,single_source_row
SERPINF2,1,F06380,-2.689108527740858,single_source_row
SERPING1,1,F06381,-6.026118636873121,single_source_row
SERPINH1,1,F06382,14.610174724002864,single_source_row
SET,1,F06384,5.062624624736517,single_source_row
SETD3,1,F06386,-2.0707874236096075,single_source_row
SETD7,1,F06387,-3.601422713000367,single_source_row
SF1,1,F06389,3.1268292051782214,single_source_row
SF3A1,1,F06390,4.031351402180227,single_source_row
SF3A3,1,F06392,3.6007964340795287,single_source_row
SF3B1,1,F06393,6.092387904231661,single_source_row
SF3B2,1,F06394,3.848481137941464,single_source_row
SF3B3,1,F06395,6.4231684377017055,single_source_row
SF3B4,1,F06396,1.5798076514296522,single_source_row
SF3B5,1,F06397,1.1994150033180375,single_source_row
SF3B6,1,F06398,2.1388592988821675,single_source_row
SFN,1,F06400,3.846439298744275,single_source_row
SFPQ,1,F06401,5.8012060330338215,single_source_row
SFXN1,1,F06406,3.535473864244316,single_source_row
SFXN3,1,F06408,3.40166329343082,single_source_row
SGPL1,1,F06416,5.7614493634744965,single_source_row
SGTA,1,F06420,2.1701897240073773,single_source_row
SH3BGRL,1,F06427,-3.660479169244671,single_source_row
SH3BGRL2,1,F06428,-11.899760820310648,single_source_row
SH3BGRL3,1,F06429,0.0313370182484601,single_source_row
SH3GL1,1,F06433,-1.8399390439755932,single_source_row
SH3GLB1,1,F06434,-5.288222962904328,single_source_row
SH3GLB2,1,F06435,-7.176324890875767,single_source_row
SH3KBP1,1,F06436,-0.6915636535322699,single_source_row
SH3PXD2B,1,F06438,-0.5416116364903414,single_source_row
SHMT1,1,F06447,-8.966585162721232,single_source_row
SHMT2,1,F06448,6.184978266471425,single_source_row
SHTN1,1,F06452,0.7418697249993179,single_source_row
SIPA1,1,F06466,-2.946233032955687,single_source_row
SIRT2,1,F06470,-6.6416889520502185,single_source_row
SIRT3,1,F06471,-5.45194977277707,single_source_row
SIRT5,1,F06472,-3.2167971926851098,single_source_row
SKIC2,1,F06479,-4.274481412798187,single_source_row
SKIC3,1,F06480,-3.942915639378314,single_source_row
SKIC8,1,F06481,-3.18239461718969,single_source_row
SKP1,1,F06482,1.6867235103181135,single_source_row
SLC12A2,1,F06487,-2.9585503129504422,single_source_row
SLC16A1,1,F06494,6.086442253386565,single_source_row
SLC16A3,1,F06496,1.0131903692914273,single_source_row
SLC1A4,1,F06504,0.2522106809127976,single_source_row
SLC1A5,1,F06505,5.422114050774008,single_source_row
SLC25A1,1,F06510,-1.3221926522677436,single_source_row
SLC25A10,1,F06511,-2.594063220533477,single_source_row
SLC25A11,1,F06512,-5.04686220406454,single_source_row
SLC25A12,1,F06513,-5.524647904055447,single_source_row
SLC25A13,1,F06514,0.63552243626031,single_source_row
SLC25A20,1,F06517,-0.4803683599454346,single_source_row
SLC25A24,1,F06519,3.940904663772829,single_source_row
SLC25A3,1,F06521,-3.5918070456600657,single_source_row
SLC25A4,1,F06525,-7.209182439488127,single_source_row
SLC25A5,1,F06529,4.355954035460116,single_source_row
SLC25A6,1,F06530,-0.9613118601505222,single_source_row
SLC27A3,1,F06535,0.3657218596256418,single_source_row
SLC27A4,1,F06536,1.189626322430405,single_source_row
SLC29A1,1,F06539,-1.4992025437815562,single_source_row
SLC2A1,1,F06540,3.9661355529263296,single_source_row
SLC35A4,1,F06554,-4.053005018271759,single_source_row
SLC35E1,1,F06558,-4.740549473219405,single_source_row
SLC35F6,1,F06559,-0.8719995714034775,single_source_row
SLC39A10,1,F06567,-0.1118517106560734,single_source_row
SLC39A7,1,F06572,0.7370643032546994,single_source_row
SLC3A2,1,F06575,14.136281365798771,single_source_row
SLC44A1,1,F06577,1.816952504335912,single_source_row
SLC44A2,1,F06578,-5.024360973024685,single_source_row
SLC4A1,1,F06580,-3.485843372746063,single_source_row
SLC4A1AP,1,F06581,4.765914061834407,single_source_row
SLC7A1,1,F06590,4.056541225818552,single_source_row
SLC7A5,1,F06591,8.854512603465322,single_source_row
SLFN5,1,F06595,-2.047974159456413,single_source_row
SLIRP,1,F06596,-2.1899496345577507,single_source_row
SLK,1,F06598,-1.8048868223154348,single_source_row
SLMAP,1,F06599,-5.10476155170398,single_source_row
SLPI,1,F06600,-1.7676006913762023,single_source_row
SLTM,1,F06601,0.9653053643508184,single_source_row
SMAD2,1,F06606,-3.7312332302914006,single_source_row
SMAP1,1,F06609,-1.9445776803621213,single_source_row
SMAP2,1,F06610,-1.036320864733721,single_source_row
SMARCA2,1,F06612,-3.088841676665185,single_source_row
SMARCA5,1,F06614,0.6540758800559007,single_source_row
SMARCC1,1,F06618,-1.346412297942254,single_source_row
SMARCC2,1,F06619,-1.6413057401340847,single_source_row
SMARCD2,1,F06621,0.8615059041675481,single_source_row
SMARCE1,1,F06622,-2.7214407659050166,single_source_row
SMC1A,1,F06623,-1.9429639805866128,single_source_row
SMC2,1,F06624,2.422325744355513,single_source_row
SMC3,1,F06625,0.6212936620773308,single_source_row
SMCHD1,1,F06629,3.0374952896655603,single_source_row
SMPD4,1,F06644,3.8990790532574704,single_source_row
SMS,1,F06648,3.2860313450546275,single_source_row
SMTN,1,F06649,-1.13461399320887,single_source_row
SMU1,1,F06651,2.540492605359077,single_source_row
SNAP23,1,F06656,2.3862002554141517,single_source_row
SNAP29,1,F06657,3.0967802366241544,single_source_row
SNAPIN,1,F06659,-3.3650476629977404,single_source_row
SNCA,1,F06660,-2.227346848702468,single_source_row
SND1,1,F06663,6.380029376120486,single_source_row
SNF8,1,F06664,-1.0649464839467864,single_source_row
SNRNP200,1,F06666,7.241356707124255,single_source_row
SNRNP40,1,F06668,5.220346969835423,single_source_row
SNRNP70,1,F06669,4.902812718207892,single_source_row
SNRPA,1,F06670,4.870758654447362,single_source_row
SNRPA1,1,F06671,2.559699232223182,single_source_row
SNRPD1,1,F06675,6.0007715773180985,single_source_row
SNRPD2,1,F06676,4.41514532378201,single_source_row
SNRPD3,1,F06677,2.3131321909778744,single_source_row
SNRPE,1,F06678,-1.78600806351064,single_source_row
SNRPF,1,F06679,3.551710537318049,single_source_row
SNTB1,1,F06682,-7.984165126542074,single_source_row
SNTB2,1,F06683,-10.876398245277128,single_source_row
SNU13,1,F06684,5.988529821923177,single_source_row
SNW1,1,F06686,0.2963215796240613,single_source_row
SNX1,1,F06687,-0.3105986298666197,single_source_row
SNX12,1,F06688,-1.912113562323719,single_source_row
SNX17,1,F06690,-2.861291448453406,single_source_row
SNX18,1,F06691,-3.340346506457629,single_source_row
SNX2,1,F06692,-4.754936791206529,single_source_row
SNX27,1,F06694,0.3230292378050466,single_source_row
SNX3,1,F06696,-0.7355178582874231,single_source_row
SNX4,1,F06698,-0.2071839775278485,single_source_row
SNX5,1,F06699,-5.122043128597596,single_source_row
SNX6,1,F06700,-1.6208509309753136,single_source_row
SNX9,1,F06703,-1.794629270258101,single_source_row
SOD1,1,F06708,-6.159622459478646,single_source_row
SOD2,1,F06709,0.7780007679671354,single_source_row
SOD3,1,F06710,-14.251547158858015,single_source_row
SON,1,F06711,1.4009428331856202,single_source_row
SORBS1,1,F06712,-6.48257423317008,single_source_row
SORBS2,1,F06713,-8.321033556976865,single_source_row
SORBS3,1,F06714,-11.492758523074173,single_source_row
SORD,1,F06715,-1.5096979582080914,single_source_row
SOWAHC,1,F06720,0.1726813930004602,single_source_row
SP100,1,F06724,4.211363073352781,single_source_row
SPAG9,1,F06733,3.9082832379262,single_source_row
SPARC,1,F06735,3.8678267655845984,single_source_row
SPART,1,F06737,-0.7552887643826764,single_source_row
SPCS1,1,F06743,0.1667696191142635,single_source_row
SPCS2,1,F06744,3.193904829420747,single_source_row
SPCS3,1,F06745,3.552538637924313,single_source_row
SPINK5,1,F06756,-5.498609263172253,single_source_row
SPINT1,1,F06758,-4.48040369893527,single_source_row
SPINT2,1,F06759,2.7745937897298987,single_source_row
SPR,1,F06768,-6.689658299072136,single_source_row
SPRR1A,1,F06769,2.710210410693316,single_source_row
SPRR1B,1,F06770,4.270719166385637,single_source_row
SPRR3,1,F06775,-7.216026185722199,single_source_row
SPRYD4,1,F06780,-3.342811973098478,single_source_row
SPTA1,1,F06782,-3.370173748315628,single_source_row
SPTAN1,1,F06783,-13.021129617007416,single_source_row
SPTB,1,F06784,-4.151258814807196,single_source_row
SPTBN1,1,F06785,-10.93366295096858,single_source_row
SPTBN2,1,F06786,-5.435510738510354,single_source_row
SPTLC1,1,F06788,1.4086063268206246,single_source_row
SPTLC2,1,F06789,2.3654679371184577,single_source_row
SQOR,1,F06791,6.41365074297584,single_source_row
SQSTM1,1,F06792,0.619153886482093,single_source_row
SRA1,1,F06793,0.1297950196991741,single_source_row
SRC,1,F06795,2.581256728521208,single_source_row
SRI,1,F06803,-3.431148170432155,single_source_row
SRM,1,F06805,6.9540717618251415,single_source_row
SRP14,1,F06806,-2.412147671475622,single_source_row
SRP19,1,F06807,6.014333543781918,single_source_row
SRP54,1,F06808,4.426233188072791,single_source_row
SRP68,1,F06809,2.9832677365313414,single_source_row
SRP72,1,F06810,3.896849179249752,single_source_row
SRP9,1,F06811,0.4885210381693567,single_source_row
SRPRA,1,F06814,4.012725358294198,single_source_row
SRPRB,1,F06815,4.533952105826688,single_source_row
SRRM1,1,F06818,4.324761605720421,single_source_row
SRRM2,1,F06819,2.132466320804903,single_source_row
SRRT,1,F06820,3.940379892637624,single_source_row
SRSF1,1,F06821,3.87073844137097,single_source_row
SRSF10,1,F06822,3.3406064420378043,single_source_row
SRSF11,1,F06823,-0.0306902542962053,single_source_row
SRSF2,1,F06824,-1.279323147330797,single_source_row
SRSF3,1,F06825,3.666705628034782,single_source_row
SRSF4,1,F06826,2.778427353936551,single_source_row
SRSF5,1,F06827,-0.4214840521668581,single_source_row
SRSF6,1,F06828,5.771016125001259,single_source_row
SRSF7,1,F06829,0.0711057409303024,single_source_row
SRSF9,1,F06830,0.5053006373266312,single_source_row
SS18,1,F06832,1.611184202311836,single_source_row
SSB,1,F06834,2.536211137130707,single_source_row
SSBP1,1,F06835,-1.2711462219135687,single_source_row
SSC5D,1,F06837,-4.895342501130646,single_source_row
SSH3,1,F06839,-1.6630116687473393,single_source_row
SSR1,1,F06842,5.9298930478118335,single_source_row
SSR3,1,F06843,4.496268871658088,single_source_row
SSR4,1,F06844,5.244007373190524,single_source_row
SSRP1,1,F06845,6.917948044188256,single_source_row
SSU72,1,F06847,-0.4705073539682293,single_source_row
ST14,1,F06849,1.5744091056725191,single_source_row
STAB1,1,F06856,-7.776158723659274,single_source_row
STAG1,1,F06858,0.7354809888525582,single_source_row
STAM,1,F06860,-2.124050809585898,single_source_row
STARD10,1,F06865,-2.115649674336964,single_source_row
STAT1,1,F06869,10.065876062819957,single_source_row
STAT2,1,F06870,8.925319585098299,single_source_row
STAT3,1,F06871,6.387414342558031,single_source_row
STAT5A,1,F06872,-0.6753920335585774,single_source_row
STAT6,1,F06874,1.8940371917071304,single_source_row
STAU1,1,F06875,4.071855154774783,single_source_row
STEAP4,1,F06880,-1.6585783585245482,single_source_row
STIM1,1,F06882,-4.195495825243123,single_source_row
STING1,1,F06883,0.4974723399717601,single_source_row
STIP1,1,F06884,2.671201169598564,single_source_row
STK24,1,F06888,2.5394038600984605,single_source_row
STK26,1,F06890,0.1109090345372921,single_source_row
STK38,1,F06893,-0.4073212222053797,single_source_row
STK39,1,F06895,-2.844933951047439,single_source_row
STK4,1,F06896,2.9987624568069013,single_source_row
STMN1,1,F06897,4.909609851000591,single_source_row
STOM,1,F06898,0.8991380805905546,single_source_row
STOML2,1,F06900,1.415598500076377,single_source_row
STRAP,1,F06903,8.571774928777609,single_source_row
STRN,1,F06906,-2.313742358294941,single_source_row
STRN3,1,F06907,2.178786226129417,single_source_row
STT3A,1,F06910,4.818800887745124,single_source_row
STT3B,1,F06911,2.5314021671107145,single_source_row
STUB1,1,F06912,-7.837918456447801,single_source_row
STX12,1,F06915,0.7724826100836215,single_source_row
STX16,1,F06916,2.2797532132034166,single_source_row
STX18,1,F06918,-0.6087479000648871,single_source_row
STX4,1,F06922,-3.9645202911151807,single_source_row
STX5,1,F06923,0.242022778734422,single_source_row
STX7,1,F06925,-4.202536322973338,single_source_row
STX8,1,F06926,3.561394220080325,single_source_row
STXBP1,1,F06927,-2.4401110934155805,single_source_row
STXBP2,1,F06928,1.154998987128239,single_source_row
STXBP3,1,F06929,-5.950468433424682,single_source_row
STXBP5,1,F06930,-5.139272816847746,single_source_row
SUB1,1,F06932,4.574145085968847,single_source_row
SUCLA2,1,F06933,-5.023247449246467,single_source_row
SUCLG1,1,F06934,-6.700521944940082,single_source_row
SUCLG2,1,F06935,-10.52691360023375,single_source_row
SUGT1,1,F06939,0.2320077902724279,single_source_row
SULT2B1,1,F06943,-2.477581474561065,single_source_row
SUMF2,1,F06945,1.4878249150615652,single_source_row
SUMO1,1,F06946,-0.8311449238854061,single_source_row
SUN1,1,F06949,-5.661775706668268,single_source_row
SUN2,1,F06950,-6.55015581075905,single_source_row
SUPT16H,1,F06952,3.958129044566328,single_source_row
SUPT4H1,1,F06953,3.467719732332816,single_source_row
SUPT5H,1,F06954,0.3069429018805017,single_source_row
SUPT6H,1,F06955,3.839073148125983,single_source_row
SURF4,1,F06958,6.777514353446904,single_source_row
SUSD2,1,F06960,-5.765129800954783,single_source_row
SVIL,1,F06962,-4.195148121676587,single_source_row
SWAP70,1,F06964,2.523379252878176,single_source_row
SYAP1,1,F06965,-3.277254789486806,single_source_row
SYK,1,F06968,1.0810167751680897,single_source_row
SYMPK,1,F06969,2.221335804165838,single_source_row
SYNCRIP,1,F06973,3.733870963712832,single_source_row
SYNE1,1,F06974,-2.9430781444459964,single_source_row
SYNE2,1,F06975,-3.953953302870739,single_source_row
SYNGR2,1,F06978,-0.2075827905970081,single_source_row
SYNJ2BP,1,F06979,-2.868224801443704,single_source_row
SYNM,1,F06980,-7.021082654068151,single_source_row
SYNPO,1,F06981,-6.1041243151978,single_source_row
SYNPO2,1,F06982,-6.903287932285971,single_source_row
SYPL1,1,F06985,0.0067413473546743,single_source_row
SYTL1,1,F06990,-6.781641690798066,single_source_row
TACC2,1,F06997,-4.239510301535722,single_source_row
TACO1,1,F06999,-2.6820405848672504,single_source_row
TACSTD2,1,F07000,-4.308172105653717,single_source_row
TAGLN,1,F07010,-5.585656365720358,single_source_row
TAGLN2,1,F07011,2.952962683050063,single_source_row
TALDO1,1,F07012,-1.9759322778991133,single_source_row
TAMM41,1,F07013,0.1631973147207945,single_source_row
TANGO2,1,F07015,-3.5628148696491766,single_source_row
TAOK1,1,F07017,-0.0385269552389276,single_source_row
TAOK3,1,F07019,0.8485156455015394,single_source_row
TAP1,1,F07020,8.03762392013811,single_source_row
TAP2,1,F07021,7.452643058249469,single_source_row
TAPBP,1,F07022,9.465647323884378,single_source_row
TARDBP,1,F07027,5.216235758351379,single_source_row
TARS1,1,F07028,3.1066768469246937,single_source_row
TARS2,1,F07029,-1.695489303032281,single_source_row
TAX1BP3,1,F07033,-0.91339155004179,single_source_row
TBC1D15,1,F07039,-0.7585698303021357,single_source_row
TBC1D17,1,F07040,-7.394360802292152,single_source_row
TBC1D2,1,F07041,4.173493404966398,single_source_row
TBC1D4,1,F07046,-1.2921673376576266,single_source_row
TBC1D5,1,F07047,-4.288389138638312,single_source_row
TBCA,1,F07051,0.2760337565851667,single_source_row
TBCB,1,F07052,-0.251533244682452,single_source_row
TBCD,1,F07054,-2.485172837934695,single_source_row
TBCE,1,F07055,-0.4833126363819562,single_source_row
TBL1XR1,1,F07058,2.62746599134201,single_source_row
TBL2,1,F07059,2.939336484414336,single_source_row
TBL3,1,F07060,2.040459392588758,single_source_row
TBRG4,1,F07063,0.1784632203166473,single_source_row
TBXAS1,1,F07065,-0.8839001720497636,single_source_row
TCEA1,1,F07070,2.373011009511938,single_source_row
TCERG1,1,F07075,3.323237123494572,single_source_row
TCHH,1,F07080,-3.790885669287682,single_source_row
TCIRG1,1,F07082,3.0740789764229235,single_source_row
TCOF1,1,F07085,2.8695105290427274,single_source_row
TCP1,1,F07086,2.374027991329164,single_source_row
TDRD15,1,F07090,-1.6718377705089251,single_source_row
TECR,1,F07093,-4.098967065744492,single_source_row
TES,1,F07105,3.7052726634421207,single_source_row
TF,1,F07114,-6.769945491737023,single_source_row
TFAM,1,F07115,-6.825792664475776,single_source_row
TFG,1,F07125,2.710829467597802,single_source_row
TFRC,1,F07127,11.351324600223212,single_source_row
TGFB1I1,1,F07130,-4.068741100452221,single_source_row
TGFBI,1,F07131,0.212585458622783,single_source_row
TGM1,1,F07132,-2.631468742493712,single_source_row
TGM2,1,F07133,-0.9381545401361464,single_source_row
TGM3,1,F07134,-5.545602250771481,single_source_row
TGOLN2,1,F07136,1.606493222389632,single_source_row
THBS1,1,F07140,1.0848994111517174,single_source_row
THBS4,1,F07142,-7.38528609715331,single_source_row
THEM6,1,F07144,-6.306558175209303,single_source_row
THOC2,1,F07149,4.9686718107815135,single_source_row
THOC6,1,F07152,3.1875241205728044,single_source_row
THOP1,1,F07154,-0.7458196249969476,single_source_row
THRAP3,1,F07155,3.0206160171079164,single_source_row
THUMPD1,1,F07159,-0.6176318858388901,single_source_row
THY1,1,F07161,5.226259692727338,single_source_row
THYN1,1,F07162,-4.448318696705875,single_source_row
TIA1,1,F07163,2.464864090837146,single_source_row
TIAL1,1,F07164,1.356112378004786,single_source_row
TIGAR,1,F07166,7.074374400153375,single_source_row
TIMM13,1,F07170,-6.138027125558842,single_source_row
TIMM44,1,F07176,0.9892011181939108,single_source_row
TIMM50,1,F07177,-0.7682339308826354,single_source_row
TIMM8A,1,F07178,-5.505604068359873,single_source_row
TIMM9,1,F07180,-3.316184133623941,single_source_row
TIMMDC1,1,F07181,1.2735258428911496,single_source_row
TINAGL1,1,F07185,-7.203417339958189,single_source_row
TIPRL,1,F07186,3.659255197088717,single_source_row
TJP1,1,F07188,-5.396629999585535,single_source_row
TJP2,1,F07189,0.0317534257791397,single_source_row
TKFC,1,F07193,-5.506062946853707,single_source_row
TKT,1,F07194,0.1344374175309081,single_source_row
TLE3,1,F07199,-3.458838399821328,single_source_row
TLN1,1,F07204,-0.2705129949509103,single_source_row
TLN2,1,F07205,-7.69401834565796,single_source_row
TM9SF2,1,F07210,2.91232603561238,single_source_row
TM9SF3,1,F07211,2.3206940047093934,single_source_row
TM9SF4,1,F07212,-0.7599043835025635,single_source_row
TMBIM1,1,F07214,1.2579992777521387,single_source_row
TMCO1,1,F07219,5.142429257612104,single_source_row
TMED1,1,F07220,-0.8134599450757455,single_source_row
TMED10,1,F07221,1.9409902902052307,single_source_row
TMED2,1,F07222,-2.675610138196836,single_source_row
TMED3,1,F07223,-2.5591859112351183,single_source_row
TMED4,1,F07224,-0.3669944315071704,single_source_row
TMED5,1,F07225,4.758213012642042,single_source_row
TMED7,1,F07226,2.5724107157099625,single_source_row
TMED9,1,F07227,1.8850437084811085,single_source_row
TMEM109,1,F07229,-6.990593912240298,single_source_row
TMEM11,1,F07230,-4.943221202310198,single_source_row
TMEM126A,1,F07234,-1.6881134756936886,single_source_row
TMEM165,1,F07242,-1.8590114974781824,single_source_row
TMEM167A,1,F07243,3.8807660127576606,single_source_row
TMEM198,1,F07249,-5.93647688693499,single_source_row
TMEM205,1,F07252,-3.875913725081861,single_source_row
TMEM214,1,F07254,0.0654317919646265,single_source_row
TMEM245,1,F07258,-0.5882072838888894,single_source_row
TMEM256,1,F07259,-3.561880965380016,single_source_row
TMEM30A,1,F07264,-2.4819530292313514,single_source_row
TMEM33,1,F07265,7.14413544672269,single_source_row
TMEM40,1,F07269,-2.275575267739101,single_source_row
TMEM41A,1,F07270,4.275941130992265,single_source_row
TMEM41B,1,F07271,-1.4236202243748748,single_source_row
TMEM43,1,F07272,-4.639899095063443,single_source_row
TMOD1,1,F07286,-6.663091650373774,single_source_row
TMOD3,1,F07288,-2.445261312628121,single_source_row
TMPO,1,F07290,1.046789324817239,single_source_row
TMSB10,1,F07297,7.394130483340933,single_source_row
TMSB4X,1,F07298,-1.6657251194758518,single_source_row
TMT1A,1,F07299,-6.834176426886522,single_source_row
TMTC3,1,F07300,7.875456459175788,single_source_row
TMX1,1,F07301,7.868956740112713,single_source_row
TMX2,1,F07302,5.253514985911259,single_source_row
TMX3,1,F07303,1.929293186388156,single_source_row
TMX4,1,F07304,-7.795975924886252,single_source_row
TNC,1,F07305,10.239360509117237,single_source_row
TNFAIP2,1,F07306,-1.903796987495341,single_source_row
TNKS1BP1,1,F07316,4.260331092334021,single_source_row
TNNC2,1,F07321,-5.298203137535564,single_source_row
TNNI1,1,F07322,-5.396070454146487,single_source_row
TNNT3,1,F07326,-3.542153787288211,single_source_row
TNPO1,1,F07327,7.690346221648575,single_source_row
TNPO3,1,F07329,1.7245735642847289,single_source_row
TNS1,1,F07332,-10.89966557370843,single_source_row
TNXB,1,F07336,-13.300383888548351,single_source_row
TOLLIP,1,F07339,-6.591919826034875,single_source_row
TOM1,1,F07340,-7.332402740224778,single_source_row
TOM1L2,1,F07342,-6.143589063401934,single_source_row
TOMM22,1,F07344,-0.0871187657930024,single_source_row
TOMM34,1,F07345,2.344828111747201,single_source_row
TOMM40,1,F07346,4.979865313532386,single_source_row
TOMM6,1,F07348,-1.4562144711837235,single_source_row
TOMM70,1,F07350,-3.101495243510288,single_source_row
TOP1,1,F07352,6.359737456008433,single_source_row
TOP2A,1,F07353,-0.0137341197990652,single_source_row
TOP2B,1,F07354,-3.1186492741550804,single_source_row
TOR1AIP1,1,F07358,5.221624225308531,single_source_row
TOR4A,1,F07362,-4.378921279874509,single_source_row
TP53BP1,1,F07364,0.4201145510743284,single_source_row
TP53I3,1,F07367,-0.0475019757079417,single_source_row
TPBG,1,F07371,9.43447732950198,single_source_row
TPD52,1,F07372,-2.507844816841013,single_source_row
TPD52L1,1,F07373,-4.956476585689581,single_source_row
TPD52L2,1,F07374,4.278015194302471,single_source_row
TPI1,1,F07375,-4.58617745162505,single_source_row
TPM1,1,F07376,-6.350332935022646,single_source_row
TPM2,1,F07377,-6.070235449804619,single_source_row
TPM3,1,F07378,-5.78042020936347,single_source_row
TPM4,1,F07379,5.293528434346885,single_source_row
TPP1,1,F07381,-0.999874181123402,single_source_row
TPP2,1,F07382,-2.493440981779855,single_source_row
TPPP,1,F07383,-3.509049038779276,single_source_row
TPPP3,1,F07384,-5.521332704581658,single_source_row
TPR,1,F07385,1.9525649190857317,single_source_row
TPT1,1,F07391,0.4328235027467066,single_source_row
TRA2A,1,F07393,1.7713308538776482,single_source_row
TRA2B,1,F07394,4.279754186437101,single_source_row
TRADD,1,F07396,-3.833009172479168,single_source_row
TRAP1,1,F07403,-0.8113262571957527,single_source_row
TRAPPC4,1,F07410,-0.1536958774132533,single_source_row
TRAPPC5,1,F07411,0.2996330670360449,single_source_row
TRIM16,1,F07421,-3.144446017331248,single_source_row
TRIM21,1,F07423,5.332888457693824,single_source_row
TRIM22,1,F07424,2.599147436242109,single_source_row
TRIM25,1,F07427,3.951863117693168,single_source_row
TRIM28,1,F07429,3.84433598481487,single_source_row
TRIM29,1,F07430,-1.4553538839785276,single_source_row
TRIM47,1,F07436,2.000877158650185,single_source_row
TRIOBP,1,F07444,-7.290465768725829,single_source_row
TRIP10,1,F07445,-6.695581946332603,single_source_row
TRIP11,1,F07446,0.0380722387899002,single_source_row
TRIP12,1,F07447,4.924295318117373,single_source_row
TRIP6,1,F07450,1.3571226032016164,single_source_row
TRMT10C,1,F07454,2.172466073494088,single_source_row
TRMT112,1,F07456,2.0207479978839005,single_source_row
TRNT1,1,F07464,-2.6950846422908445,single_source_row
TSFM,1,F07479,1.552820903253189,single_source_row
TSG101,1,F07480,-0.6160419179455969,single_source_row
TSN,1,F07483,-2.1987190425934844,single_source_row
TSPO,1,F07492,-4.672634368224702,single_source_row
TSR3,1,F07495,-5.0478428117186365,single_source_row
TST,1,F07498,-10.058244001161455,single_source_row
TSTD1,1,F07499,-7.080223721618432,single_source_row
TTC1,1,F07500,0.1247685985930853,single_source_row
TTC38,1,F07504,-5.627906585078617,single_source_row
TTLL12,1,F07516,-0.2469689733422964,single_source_row
TTN,1,F07518,-6.40591395640159,single_source_row
TTR,1,F07521,-7.668077031285855,single_source_row
TUBA1C,1,F07525,3.7524486456256634,single_source_row
TUBA4A,1,F07527,0.9612389034314244,single_source_row
TUBA4B,1,F07528,7.089184722431084,single_source_row
TUBB,1,F07530,4.050180617757913,single_source_row
TUBB2A,1,F07532,0.3479530945633736,single_source_row
TUBB3,1,F07534,9.390767325647117,single_source_row
TUBB4A,1,F07535,1.075362101551698,single_source_row
TUBB4B,1,F07536,-1.0246996000364028,single_source_row
TUBB6,1,F07537,6.088818470117669,single_source_row
TUBGCP2,1,F07540,-2.5735668729914,single_source_row
TUFM,1,F07543,-3.241297744057838,single_source_row
TUFT1,1,F07544,-3.1824888040347163,single_source_row
TWF1,1,F07548,1.436766878894646,single_source_row
TWF2,1,F07549,-4.053395958622102,single_source_row
TXLNA,1,F07552,2.668636165294257,single_source_row
TXN,1,F07555,-3.5983431718744447,single_source_row
TXN2,1,F07556,-0.3980574739721951,single_source_row
TXNDC12,1,F07557,2.507763858229314,single_source_row
TXNDC17,1,F07559,2.3959464287541463,single_source_row
TXNDC5,1,F07560,3.023445074026024,single_source_row
TXNDC9,1,F07562,3.259279009858749,single_source_row
TXNL1,1,F07564,-4.721065830090592,single_source_row
TXNRD1,1,F07565,0.6337688865583093,single_source_row
TYMP,1,F07567,9.726067188603531,single_source_row
U2AF1,1,F07570,3.4223400239575064,single_source_row
U2AF2,1,F07571,8.788089955653586,single_source_row
U2SURP,1,F07572,5.707845255159226,single_source_row
UACA,1,F07573,-6.645332858451458,single_source_row
UAP1,1,F07574,1.3667078174513616,single_source_row
UBA1,1,F07576,-4.687597667983646,single_source_row
UBA2,1,F07577,3.787284435818658,single_source_row
UBA3,1,F07578,-0.7712027997142319,single_source_row
UBA6,1,F07580,8.726023477592545,single_source_row
UBA7,1,F07581,1.3455644033727223,single_source_row
UBAC1,1,F07582,-4.332127268402443,single_source_row
UBAP2,1,F07585,-6.309153150499129,single_source_row
UBAP2L,1,F07586,1.4547861437683356,single_source_row
UBE2G1,1,F07596,2.6562990787786966,single_source_row
UBE2I,1,F07599,1.9464801728532355,single_source_row
UBE2K,1,F07601,1.6147656058165156,single_source_row
UBE2L3,1,F07602,0.5561213193474579,single_source_row
UBE2L6,1,F07603,6.459188380511121,single_source_row
UBE2M,1,F07604,-0.6622918508059831,single_source_row
UBE2N,1,F07605,-2.159689617424297,single_source_row
UBE2O,1,F07606,-2.1249617804342846,single_source_row
UBE2V1,1,F07611,0.5695571973308914,single_source_row
UBE2V2,1,F07612,0.1260752454041353,single_source_row
UBE3A,1,F07614,-3.532883079149587,single_source_row
UBE3C,1,F07615,2.2288046972363307,single_source_row
UBE4A,1,F07616,-2.450186096354615,single_source_row
UBE4B,1,F07617,1.7505950437264677,single_source_row
UBL4A,1,F07621,0.7261862640150307,single_source_row
UBLCP1,1,F07624,2.0179618396633257,single_source_row
UBQLN1,1,F07625,5.542867946342576,single_source_row
UBQLN2,1,F07626,2.6534709383311936,single_source_row
UBR4,1,F07631,2.419616194987276,single_source_row
UBTF,1,F07634,-1.4523647487489808,single_source_row
UBXN1,1,F07635,0.0184294645180716,single_source_row
UBXN6,1,F07637,-5.005185911729844,single_source_row
UBXN7,1,F07638,2.072193618143264,single_source_row
UCHL1,1,F07639,-6.625624124402394,single_source_row
UCHL3,1,F07640,-3.1909284167271164,single_source_row
UCHL5,1,F07641,-2.863134309724356,single_source_row
UFC1,1,F07644,-2.9507170584907216,single_source_row
UFD1,1,F07645,-0.1388269987504537,single_source_row
UFL1,1,F07646,-0.380868644337216,single_source_row
UFM1,1,F07647,0.9317644100727354,single_source_row
UGDH,1,F07650,-0.791448780237231,single_source_row
UGGT1,1,F07651,2.6699220227386427,single_source_row
UGP2,1,F07653,-5.865161782884544,single_source_row
UMPS,1,F07665,6.177703668098453,single_source_row
UNC45A,1,F07669,2.428873623982403,single_source_row
UNC93B1,1,F07671,1.1114711997494249,single_source_row
UPF1,1,F07673,5.6245340316549415,single_source_row
UPF2,1,F07674,0.9336307553094818,single_source_row
UQCR10,1,F07682,-4.600681848702959,single_source_row
UQCRB,1,F07684,-6.495876346958172,single_source_row
UQCRC1,1,F07685,-6.057699103121921,single_source_row
UQCRC2,1,F07686,-6.089555305164737,single_source_row
UQCRFS1,1,F07687,-6.098398260259387,single_source_row
UQCRH,1,F07688,-2.974325381457197,single_source_row
UQCRQ,1,F07689,-5.694137085999314,single_source_row
UROD,1,F07695,0.7434372096634134,single_source_row
USE1,1,F07697,-3.437427508439044,single_source_row
USO1,1,F07698,-0.4788869474683846,single_source_row
USP10,1,F07699,5.022572825349838,single_source_row
USP14,1,F07702,-1.3545478349465765,single_source_row
USP15,1,F07703,2.347075239605113,single_source_row
USP24,1,F07705,3.529839494562836,single_source_row
USP39,1,F07711,5.668405128632678,single_source_row
USP47,1,F07715,-2.992413030441765,single_source_row
USP5,1,F07716,-3.315228157566118,single_source_row
USP7,1,F07717,-0.7469017888325679,single_source_row
USP8,1,F07718,-2.7782014442874474,single_source_row
USP9X,1,F07719,-0.4475176875852469,single_source_row
UTP14A,1,F07721,1.829447640445237,single_source_row
UTP18,1,F07723,1.8472357926545224,single_source_row
UTP3,1,F07727,1.828044302704505,single_source_row
UTRN,1,F07730,-11.851406700773364,single_source_row
VAC14,1,F07734,3.707287079699163,single_source_row
VAMP3,1,F07736,-3.253082784657728,single_source_row
VAMP8,1,F07740,-1.8745020338087524,single_source_row
VAPA,1,F07742,0.1254906370856049,single_source_row
VAPB,1,F07743,-2.221468697364604,single_source_row
VARS1,1,F07744,4.173546564643388,single_source_row
VASP,1,F07746,2.0422349629819165,single_source_row
VAT1,1,F07747,-6.229008303037444,single_source_row
VAV2,1,F07750,0.8264969065046891,single_source_row
VBP1,1,F07751,3.324640623069444,single_source_row
VCAN,1,F07753,-1.5832573087271946,single_source_row
VCL,1,F07754,-3.027249134281079,single_source_row
VCP,1,F07755,1.4918367925060416,single_source_row
VCPIP1,1,F07756,6.000515100313262,single_source_row
VDAC1,1,F07757,-3.841360937277375,single_source_row
VDAC2,1,F07758,-3.479985717249409,single_source_row
VDAC3,1,F07759,-4.541621103538308,single_source_row
VIM,1,F07762,-6.446735599012116,single_source_row
VKORC1L1,1,F07768,2.275061409794267,single_source_row
VPS11,1,F07774,-0.7642673176316483,single_source_row
VPS13C,1,F07777,-1.056623961008485,single_source_row
VPS16,1,F07779,2.6763444814519537,single_source_row
VPS18,1,F07780,0.96741792611141,single_source_row
VPS25,1,F07781,-4.933161046807445,single_source_row
VPS26A,1,F07782,-0.3688597913581553,single_source_row
VPS26B,1,F07783,-3.696658099660369,single_source_row
VPS29,1,F07786,3.652740119774431,single_source_row
VPS33A,1,F07787,2.796700254417479,single_source_row
VPS33B,1,F07788,3.560077421450029,single_source_row
VPS35,1,F07789,3.764929647720877,single_source_row
VPS35L,1,F07790,0.6421050589396856,single_source_row
VPS36,1,F07791,-3.1347282907435514,single_source_row
VPS37B,1,F07793,-1.2679226704518969,single_source_row
VPS45,1,F07796,2.938051162153114,single_source_row
VPS4A,1,F07797,-6.799495559095583,single_source_row
VPS4B,1,F07798,-0.0076714469521825,single_source_row
VPS51,1,F07800,1.3427310688858711,single_source_row
VPS52,1,F07801,-1.2928463463760098,single_source_row
VPS53,1,F07802,1.2087994972609146,single_source_row
VSNL1,1,F07811,0.1222787624495067,single_source_row
VTA1,1,F07812,-0.7126633124255316,single_source_row
VTI1B,1,F07814,-0.0782282912676473,single_source_row
VTN,1,F07815,-2.590862051619917,single_source_row
VWA1,1,F07816,-3.26940079966334,single_source_row
VWA5A,1,F07817,-6.482974180403168,single_source_row
VWA8,1,F07818,-5.623974078685243,single_source_row
VWF,1,F07819,-5.399534664690662,single_source_row
WARS1,1,F07822,5.937547672158082,single_source_row
WAS,1,F07824,-1.3799619711569011,single_source_row
WASF2,1,F07826,-3.5487280421650182,single_source_row
WASHC3,1,F07830,2.047815727253487,single_source_row
WASHC4,1,F07831,1.9333149179050104,single_source_row
WASHC5,1,F07832,3.05413974525985,single_source_row
WASL,1,F07833,-0.276133809842136,single_source_row
WBP11,1,F07834,-1.685058133518229,single_source_row
WBP2,1,F07835,-7.6156821529594,single_source_row
WDFY1,1,F07836,2.584109202798758,single_source_row
WDR1,1,F07841,0.3277917733471839,single_source_row
WDR11,1,F07842,2.975469396099147,single_source_row
WDR18,1,F07845,2.744780873708373,single_source_row
WDR26,1,F07846,1.214927008377891,single_source_row
WDR3,1,F07847,-0.3501833320873039,single_source_row
WDR36,1,F07849,7.520826600554768,single_source_row
WDR37,1,F07850,-2.3039051944633395,single_source_row
WDR44,1,F07853,-1.9426690411948333,single_source_row
WDR5,1,F07857,2.537193230737896,single_source_row
WDR77,1,F07864,0.859442383579773,single_source_row
WDR82,1,F07866,3.27149687933939,single_source_row
WDR91,1,F07867,-4.188867130874133,single_source_row
WFS1,1,F07871,-2.028070526536227,single_source_row
WLS,1,F07876,3.3575415133825945,single_source_row
WNK1,1,F07877,-2.997633068404604,single_source_row
WTAP,1,F07883,2.740657878147968,single_source_row
XAB2,1,F07886,0.180147046499557,single_source_row
XDH,1,F07887,3.355559013992296,single_source_row
XPNPEP1,1,F07892,-0.2970428194687221,single_source_row
XPO1,1,F07893,3.4679149794090383,single_source_row
XPO5,1,F07895,6.83877576245292,single_source_row
XPO7,1,F07897,-3.935138077410134,single_source_row
XPOT,1,F07898,4.161613666908849,single_source_row
XRCC1,1,F07900,-1.6523190464890618,single_source_row
XRCC5,1,F07902,2.84705037771646,single_source_row
XRCC6,1,F07903,1.9251799261864049,single_source_row
XRN1,1,F07904,2.45951817434524,single_source_row
XRN2,1,F07905,3.99105377509668,single_source_row
YAP1,1,F07908,-2.214156784978327,single_source_row
YARS1,1,F07909,5.054899375140346,single_source_row
YBX1,1,F07911,6.700838993155501,single_source_row
YBX3,1,F07912,0.2195679454282303,single_source_row
YIPF5,1,F07920,3.3030500175372874,single_source_row
YIPF6,1,F07921,0.6388252643192883,single_source_row
YKT6,1,F07922,4.085997683490722,single_source_row
YLPM1,1,F07923,3.2787075978260214,single_source_row
YOD1,1,F07925,-0.3411832918857205,single_source_row
YTHDC1,1,F07927,1.2147959790404077,single_source_row
YTHDF3,1,F07931,4.803205223662711,single_source_row
YWHAB,1,F07932,1.585721474180503,single_source_row
YWHAE,1,F07933,-3.3762042804190195,single_source_row
YWHAG,1,F07934,-1.3747481323101614,single_source_row
YWHAH,1,F07935,7.353691317181874,single_source_row
YWHAQ,1,F07936,4.728774747778909,single_source_row
YWHAZ,1,F07937,3.681102750762362,single_source_row
ZC3H11A,1,F07949,0.7255138080762504,single_source_row
ZC3H15,1,F07953,0.9990227830161956,single_source_row
ZC3H7B,1,F07957,1.0671934041141014,single_source_row
ZC3HAV1,1,F07958,6.883705613170239,single_source_row
ZCCHC8,1,F07962,-2.3533224548733385,single_source_row
ZFR,1,F07980,-1.6034106841937046,single_source_row
ZMPSTE24,1,F07990,7.203490855528711,single_source_row
ZNF185,1,F08000,-3.44106037750936,single_source_row
ZNF207,1,F08002,2.259955645032391,single_source_row
ZNF326,1,F08015,2.299221311774025,single_source_row
ZNF598,1,F08037,-0.3943938460942441,single_source_row
ZPR1,1,F08062,-0.6405322972446504,single_source_row
ZRANB2,1,F08063,0.8211406144691956,single_source_row
ZW10,1,F08068,-1.074788747074242,single_source_row
ZYX,1,F08070,4.53901920129965,single_source_row
