gene_symbol,selected_feature_key,statistic
SERPINH1,F06382,14.610174724002864
SLC3A2,F06575,14.136281365798771
HSPH1,F03153,13.975308910883063
COLGALT1,F01422,12.72256889757668
FKBP9,F02474,12.370210731142976
FSCN1,F02533,11.807861902686785
LIMA1,F03769,11.437371453343935
EIF2AK2,F02084,11.42158020561554
TFRC,F07127,11.351324600223212
PTK7,F05631,11.170722843979553
DNAJA1,F01892,10.997644888361997
ISG15,F03399,10.910013418018416
LAMB3,F03695,10.839381173498628
IFI16,F03192,10.508571728542748
MYO1B,F04426,10.481269862536804
C10orf67,F00814,10.409864178446265
TNC,F07305,10.239360509117237
CORO1C,F01461,10.227747780681302
NSUN2,F04758,10.210775538880348
STAT1,F06869,10.065876062819957
KRT17,F03609,9.847903319126978
P4HA1,F04916,9.762764392026911
TYMP,F07567,9.726067188603531
CTPS1,F01601,9.604254876206584
EIF2S2,F02093,9.489923135405418
TAPBP,F07022,9.465647323884378
OAS3,F04834,9.434847414245665
TPBG,F07371,9.43447732950198
TUBB3,F07534,9.390767325647117
CRTAP,F01544,9.345539587002127
CTSC,F01606,9.332955566389076
PCNA,F05018,9.220220085094358
RAP2B,F05798,9.180652783058662
EIF4G2,F02118,9.03042299561808
DDX5,F01774,9.001540174269634
STAT2,F06870,8.925319585098299
PRKDC,F05498,8.903872069261887
PTPN1,F05637,8.890145422522384
SLC7A5,F06591,8.854512603465322
RCC2,F05870,8.830362920135475
GLRX3,F02705,8.79297090255874
U2AF2,F07571,8.788089955653586
UBA6,F07580,8.726023477592545
NCLN,F04519,8.605589766131734
STRAP,F06903,8.571774928777609
EIF4A1,F02108,8.566749572411636
PML,F05293,8.513807590437137
PPP1CA,F05405,8.477936695339173
EPPK1,F02213,8.456274368625978
LRRC59,F03841,8.432794981150959
PES1,F05090,8.378461697175718
ADAR,F00142,8.344362815743565
EIF2S1,F02092,8.306127537084521
DDX21,F01758,8.30059248951595
NAT10,F04485,8.220996346435927
LAMC2,F03697,8.220454748643995
IPO7,F03379,8.190441785750231
CKAP4,F01280,8.189878291525119
RSL1D1,F06149,8.061489264674826
TAP1,F07020,8.03762392013811
PAK2,F04944,7.925076374909839
ARPC1B,F00527,7.898918101117566
TMTC3,F07300,7.875456459175788
TMX1,F07301,7.868956740112713
SEC61A1,F06312,7.788203616134985
DERL1,F01810,7.782306189515066
NMT1,F04680,7.74249126820126
HSP90AB1,F03125,7.703535334444589
TNPO1,F07327,7.690346221648575
EFTUD2,F02064,7.666953926293796
ITGA6,F03416,7.60374453721658
EIF2S3,F02094,7.582799877844543
ITGB4,F03427,7.544761307321462
WDR36,F07849,7.520826600554768
SEPTIN9,F06350,7.51303269519825
FLNB,F02480,7.507672577256992
TAP2,F07021,7.452643058249469
P3H1,F04912,7.420491212023598
TMSB10,F07297,7.394130483340933
DHX15,F01838,7.3647614864136
YWHAH,F07935,7.353691317181874
NFKB2,F04619,7.341807627802487
MYBBP1A,F04384,7.319848228026089
AGPS,F00207,7.3170127500066835
RBM39,F05845,7.308995882106594
GART,F02604,7.295175111675255
GBP1,F02617,7.251822242877335
SNRNP200,F06666,7.241356707124255
HMGB3,F03046,7.22282567506299
AP2A1,F00383,7.2124575850720865
ZMPSTE24,F07990,7.203490855528711
DDX18,F01754,7.200054012252302
CSE1L,F01555,7.198990095252753
CFL1,F01209,7.188101023600385
TMEM33,F07265,7.14413544672269
NUP155,F04806,7.123517119038822
EIF3M,F02107,7.114964764721928
ITGA3,F03413,7.113143286219043
FKBP10,F02463,7.100180534883441
TUBA4B,F07528,7.089184722431084
MAP7D1,F03974,7.088069700104219
CPOX,F01497,7.074403009390404
TIGAR,F07166,7.074374400153375
MX1,F04379,7.064555415122611
RIC8A,F05943,7.047530921572876
DHX9,F01851,6.998783568267156
BUB3,F00807,6.993851492997123
PARP9,F04981,6.962441099955343
SRM,F06805,6.9540717618251415
OAS2,F04833,6.927073962410461
SSRP1,F06845,6.917948044188256
IPO5,F03378,6.9167701809265045
ZC3HAV1,F07958,6.883705613170239
BYSL,F00811,6.867278951287741
MYH9,F04408,6.865772080527684
RAB7A,F05748,6.861658467586655
XPO5,F07895,6.83877576245292
NOP56,F04706,6.804657926495203
DIS3,F01863,6.778149750625646
SURF4,F06958,6.777514353446904
EIF4G1,F02117,6.756908428841321
RAB31,F05728,6.753797478386749
EIF3E,F02099,6.7516720717051
HLA-B,F03017,6.74452954653889
CTSB,F01605,6.744220667253576
LUZP1,F03885,6.71412730990998
YBX1,F07911,6.700838993155501
MYO1E,F04429,6.699411669336295
CYRIB,F01679,6.697748701176892
ARHGEF1,F00480,6.671808351460199
RCC1,F05868,6.661130837756657
CDK9,F01143,6.647124466749206
ICAM1,F03174,6.645915581572575
MAPRE1,F03986,6.633030070301246
CAP1,F00924,6.627592944558412
RECQL,F05888,6.624278188417412
BZW1,F00812,6.605432339550437
ACTN1,F00117,6.594913438558851
GTF2F1,F02873,6.497096876381888
MTDH,F04334,6.492791020373339
ILF3,F03334,6.491053210891736
GARS1,F02603,6.485295658860064
UBE2L6,F07603,6.459188380511121
FMR1,F02498,6.4243768619797
SF3B3,F06395,6.4231684377017055
EIF4A3,F02110,6.415259524856572
PLS1,F05280,6.413996706673856
SQOR,F06791,6.41365074297584
PIK3R4,F05185,6.399181230054271
NASP,F04484,6.3979615231344
PTGES3,F05619,6.3926203678888935
ABCE1,F00035,6.387570124056472
STAT3,F06871,6.387414342558031
SND1,F06663,6.380029376120486
BSG,F00793,6.376423752422915
TOP1,F07352,6.359737456008433
MCM7,F04039,6.320208784540037
MARCKSL1,F03992,6.287861237641418
ATL3,F00582,6.282367520489952
GALNT2,F02586,6.25923921048583
CSNK1A1,F01562,6.255987534334573
PPFIBP1,F05380,6.241126189994767
RFC4,F05914,6.236341656694504
PSMD2,F05585,6.217231950628645
BID,F00726,6.214159815136145
SHMT2,F06448,6.184978266471425
UMPS,F07665,6.177703668098453
PTBP1,F05607,6.140645346627616
NXN,F04828,6.132063007960181
SF3B1,F06393,6.092387904231661
G3BP1,F02564,6.091114908444671
TUBB6,F07537,6.088818470117669
HLA-C,F03018,6.086685622670523
SLC16A1,F06494,6.086442253386565
NOLC1,F04696,6.069508557437034
CPSF3,F01503,6.053315916941242
PAICS,F04939,6.052911950136953
MVP,F04378,6.049370374691354
M6PR,F03907,6.047166793355964
CNN2,F01351,6.038547451305825
HMGA1,F03042,6.032153375609599
IPO9,F03381,6.015480845524047
SRP19,F06807,6.014333543781918
CDV3,F01155,6.009980557764722
RUVBL1,F06173,6.006521771647595
SNRPD1,F06675,6.0007715773180985
VCPIP1,F07756,6.000515100313262
HEATR3,F02970,5.9925310983943
SNU13,F06684,5.988529821923177
MOGS,F04186,5.982646136032315
AHSA1,F00222,5.974431878836749
WARS1,F07822,5.937547672158082
NNMT,F04681,5.935572501196273
EFHD2,F02060,5.930927874480018
SSR1,F06842,5.9298930478118335
PYGL,F05684,5.925179889172104
AUP1,F00646,5.915177161432238
MPDU1,F04199,5.892704121746613
PYCARD,F05679,5.885726600362182
PRPF19,F05516,5.865092109513662
POSTN,F05367,5.829147327099084
POLR2B,F05342,5.828248707863531
MSN,F04310,5.8261825940433605
PSMB9,F05572,5.803926134752861
SFPQ,F06401,5.8012060330338215
FEN1,F02430,5.780754862434506
HEXA,F02991,5.775686810811508
LGALS3BP,F03756,5.774157612422363
SRSF6,F06828,5.771016125001259
SGPL1,F06416,5.7614493634744965
EMC1,F02147,5.730151929065869
RANGAP1,F05792,5.726069077467152
B2M,F00657,5.721384791750978
RAN,F05785,5.709364002789485
SEC11A,F06297,5.709071256759334
U2SURP,F07572,5.707845255159226
HNRNPF,F03068,5.695973498901156
GPAA1,F02784,5.675856769124904
CAND1,F00920,5.669199060001349
USP39,F07711,5.668405128632678
ITGAV,F03421,5.658861249766739
FUBP1,F02542,5.656834525112559
CAPZA1,F00937,5.6525153851772805
PPM1G,F05400,5.633450856974126
UPF1,F07673,5.6245340316549415
LAMA3,F03690,5.6242654191908175
ILF2,F03333,5.586659233015865
API5,F00405,5.566816491704602
PPIB,F05384,5.559058480238657
BASP1,F00683,5.557599716880815
RBM25,F05838,5.545922293224139
UBQLN1,F07625,5.542867946342576
PRMT1,F05502,5.525473306157851
PSMB8,F05571,5.525036107003159
HLA-A,F03016,5.516494117597126
RPL10,F06025,5.507514494036604
PUS1,F05668,5.501623378509896
CPNE1,F01492,5.5009935633218925
ABCF2,F00037,5.500545787073084
CAD,F00893,5.483255656200014
EIF3A,F02095,5.4761891445027535
ACTR3,F00125,5.47206468475282
ANP32B,F00357,5.459964206503691
RPS15A,F06088,5.451363591964567
GRWD1,F02839,5.451359913846652
LAMP1,F03699,5.448678893863522
PA2G4,F04919,5.445225062367564
CNBP,F01346,5.431845675861029
SLC1A5,F06505,5.422114050774008
SAFB,F06207,5.419077631814427
LMF2,F03789,5.4150217558194775
ATP6V0D1,F00623,5.41262063552527
RIGI,F05948,5.405906449232187
PRNP,F05506,5.391112772547388
RACK1,F05766,5.390864190699464
GOLT1B,F02769,5.389166914232882
DTX3L,F01990,5.369527307247019
CSNK2A2,F01567,5.353899645866183
SEC61B,F06313,5.350971449737158
GTF2F2,F02874,5.3446548328475
CYBB,F01655,5.344431814523007
HMOX2,F03057,5.338114289320954
TRIM21,F07423,5.332888457693824
ABCF1,F00036,5.328990326265501
PSME2,F05594,5.303534196343213
GLB1,F02693,5.303278222465459
TPM4,F07379,5.293528434346885
PAWR,F04987,5.291162745276743
CBFB,F00976,5.288889725617239
LPCAT2,F03809,5.286431571415878
COL12A1,F01391,5.2797709511976425
TMX2,F07302,5.253514985911259
MCM3,F04034,5.249921302963938
DDX17,F01753,5.246575371205101
SSR4,F06844,5.244007373190524
POLR2H,F05347,5.242505151516497
SEC63,F06316,5.237603584023981
THY1,F07161,5.226259692727338
TOR1AIP1,F07358,5.221624225308531
SNRNP40,F06668,5.220346969835423
TARDBP,F07027,5.216235758351379
PTDSS1,F05613,5.212337632638003
NCSTN,F04524,5.207164865677667
KRT14,F03606,5.205813060036833
EIF3I,F02103,5.196691233924372
FOXR2,F02521,5.19630412658316
EEF1G,F02048,5.173482025141066
PPP4C,F05440,5.165808060155376
EIF3D,F02098,5.147542260021956
PRPF6,F05524,5.145536943957941
TMCO1,F07219,5.142429257612104
PSMD11,F05581,5.141283168529685
PRRC2C,F05539,5.120476946595855
PSMD13,F05583,5.099616155865974
PTRH2,F05656,5.097983524398026
NOP58,F04707,5.08643473135604
DNAJB11,F01897,5.084412625395489
CACNG6,F00890,5.081095403963255
FHL2,F02453,5.076370393423796
IRF6,F03392,5.0745155242555535
SET,F06384,5.062624624736517
PSME3,F05595,5.057172432680296
YARS1,F07909,5.054899375140346
CLIC4,F01310,5.049391027389476
MARCKS,F03991,5.048227849707806
PABPC1,F04921,5.045977082253864
NUDC,F04780,5.0407228079119655
PNP,F05307,5.039713983775082
RRS1,F06145,5.031796778688584
HNRNPDL,F03067,5.029626285762772
EBNA1BP2,F02020,5.026683749823032
LUC7L3,F03883,5.024448536839785
USP10,F07699,5.022572825349838
RPL18A,F06035,5.016066310368938
KRR1,F03601,5.014907358526556
NME1,F04671,4.9985068760543845
S100P,F06198,4.998340908459259
CALR,F00907,4.997376998194583
MEAK7,F04056,4.995768188337668
CAPRIN1,F00934,4.994250842102114
RPS3A,F06108,4.988736430320762
TOMM40,F07346,4.979865313532386
THOC2,F07149,4.9686718107815135
HSP90AB4P,F03128,4.964715178707071
OSTC,F04896,4.963855775168273
RPS11,F06083,4.934284350945837
NAA50,F04460,4.9320508385335575
TRIP12,F07447,4.924295318117373
ARPC2,F00528,4.921695009753485
PLP2,F05274,4.921019137477862
PUF60,F05662,4.919653741697542
IFIT3,F03202,4.913720776785734
STMN1,F06897,4.909609851000591
SNRNP70,F06669,4.902812718207892
CTSA,F01604,4.890314879884594
RPL27A,F06045,4.877664580543139
SNRPA,F06670,4.870758654447362
AP3B1,F00388,4.849504753366756
RHOG,F05939,4.846775834475479
STT3A,F06910,4.818800887745124
CPSF1,F01501,4.808133801382488
YTHDF3,F07931,4.803205223662711
IFI35,F03195,4.802079406985625
EIF3B,F02096,4.791754632756399
HM13,F03035,4.7888771640198255
GGH,F02663,4.777573342614697
APEX1,F00403,4.775510487124444
SLC4A1AP,F06581,4.765914061834407
TMED5,F07225,4.758213012642042
HSP90B1,F03129,4.750442506887127
ATXN2L,F00644,4.750136434265415
CYBA,F01654,4.7455454702816455
IFIT1,F03199,4.740921116905127
S100A2,F06189,4.739305340272624
KRT16,F03608,4.737610743263307
RPF2,F06023,4.735664335017883
YWHAQ,F07936,4.728774747778909
ADA,F00131,4.728548371349727
CLTC,F01329,4.717159458310755
HNRNPU,F03077,4.716954824528109
ARPC3,F00529,4.715532657037969
PI4K2A,F05159,4.712463600067664
PICALM,F05163,4.698395488973018
GANAB,F02595,4.692188359545616
NONO,F04700,4.688643762566138
ACTL6A,F00115,4.675109556882407
RPS2,F06094,4.673247003025375
EXOSC6,F02290,4.671351567724972
MCM6,F04038,4.670587143322554
CASP7,F00960,4.664366581162858
COTL1,F01466,4.653971157434796
DDX27,F01761,4.645045244184709
AARS1,F00013,4.638072666913072
NCL,F04518,4.631862895128548
DARS1,F01698,4.621444827464437
PPP4R1,F05441,4.619098401207348
GRPEL1,F02836,4.613465177825262
SEC23A,F06304,4.613027713080177
EIF6,F02124,4.610407451388191
HNRNPL,F03073,4.608649427064213
RRP12,F06138,4.591700199015625
NAMPT,F04474,4.587589734269685
DOCK5,F01935,4.580709625145016
SUB1,F06932,4.574145085968847
GLS,F02707,4.572463442933784
PCYT1A,F05026,4.560294562690566
NUDT21,F04791,4.558844621501583
MYOF,F04438,4.550758899718447
DDX3X,F01766,4.542699790343138
DDX39A,F01764,4.540633612575019
ZYX,F08070,4.53901920129965
SRPRB,F06815,4.533952105826688
RPN1,F06072,4.531613341243455
PLS3,F05281,4.5294175216776456
FAF2,F02322,4.525087200093281
SAMD9,F06213,4.522934638501058
CBX3,F00985,4.522224678074267
ABRACL,F00057,4.520933170294707
EIF4B,F02111,4.519300024867955
RHEB,F05933,4.510963376706053
KTN1,F03674,4.50288778239516
NUP188,F04808,4.498096335749436
SSR3,F06843,4.496268871658088
CCAR1,F00990,4.487892868621136
PDIA4,F05052,4.487691106380455
NSDHL,F04752,4.480705183637551
RCN3,F05876,4.478303797120835
RHOC,F05936,4.467588438199801
DDX24,F01760,4.45109630385068
LAD1,F03686,4.447130624781801
EIF3K,F02105,4.436223222919709
SRP54,F06808,4.426233188072791
PGAM5,F05117,4.424101737252276
KARS1,F03476,4.423396644844991
PSAP,F05551,4.420271055302698
GCA,F02624,4.415769458276754
SNRPD2,F06676,4.41514532378201
GNS,F02755,4.3988320322797305
HACD3,F02924,4.390959659677698
AP1M1,F00378,4.38937465239116
C7orf50,F00865,4.387606326360068
DRAP1,F01970,4.383037344664383
PSMB3,F05566,4.372065898628335
RPS6,F06112,4.360772086493942
CSTF2,F01579,4.356736442407887
SLC25A5,F06529,4.355954035460116
HSPA5,F03139,4.335790716428168
SRRM1,F06818,4.324761605720421
CD44,F01076,4.322941294895849
CLIC1,F01307,4.313153134086424
CSPG4,F01569,4.301529234345918
MCM2,F04033,4.299558831143982
COL17A1,F01395,4.292398519832814
ASCC3,F00548,4.290968624899839
CDC42,F01107,4.2838192263804
PDIA6,F05054,4.280485091258777
TRA2B,F07394,4.279754186437101
TPD52L2,F07374,4.278015194302471
TMEM41A,F07270,4.275941130992265
RPS27,F06102,4.270818917030568
SPRR1B,F06770,4.270719166385637
TNKS1BP1,F07316,4.260331092334021
POGLUT1,F05319,4.249794131303466
DAZAP1,F01701,4.244125776390443
RNASE3,F05971,4.237725735425514
RAVER1,F05816,4.234753723781696
DAD1,F01691,4.232510084346221
ASCC2,F00547,4.217879585817137
HDLBP,F02968,4.21717718684431
PRTN3,F05546,4.215480012461277
FBL,F02382,4.214824435786367
SP100,F06724,4.211363073352781
EIF1,F02078,4.210477035511945
FLNA,F02479,4.203836471609602
ITGA2,F03411,4.203210695543286
PFDN4,F05103,4.200662470018058
RBM8A,F05855,4.19807483875975
RIN1,F05952,4.194417881667567
RUVBL2,F06174,4.176000873966649
VARS1,F07744,4.173546564643388
TBC1D2,F07041,4.173493404966398
LAP3,F03708,4.167355525254771
EEF2,F02049,4.163115358842646
PSMA4,F05559,4.162233866497186
XPOT,F07898,4.161613666908849
NUP93,F04822,4.151669353716328
MMS19,F04172,4.149616892133277
PSMB2,F05565,4.146201095651414
PCBP2,F04999,4.141036597141463
HNRNPUL2,F03079,4.132005038956234
LCP1,F03733,4.128146471547422
CCDC47,F01009,4.116152582577488
DDX39B,F01765,4.107434085388689
CLTA,F01327,4.1006063263125245
LAMP2,F03700,4.090696505055649
YKT6,F07922,4.085997683490722
MBOAT7,F04021,4.072432133454562
STAU1,F06875,4.071855154774783
ELANE,F02127,4.071575606731508
PRKCSH,F05495,4.063031247955539
SLC7A1,F06590,4.056541225818552
TUBB,F07530,4.050180617757913
MARS1,F03996,4.048119335819064
RPL10A,F06026,4.044907681240659
ITGB1,F03423,4.039712025282989
RER1,F05902,4.032955948421482
SF3A1,F06390,4.031351402180227
CACYBP,F00892,4.031049789399208
NDRG1,F04530,4.02390719458931
CTTN,F01615,4.022860775014482
BAX,F00684,4.022520783717099
RAC2,F05764,4.020172292042763
RRBP1,F06133,4.016955855413989
EEF1D,F02046,4.013281548935788
SRPRA,F06814,4.012725358294198
PELP1,F05086,4.008002024950023
PRKCD,F05492,4.00470718523397
HYOU1,F03167,4.003274385401566
EGFR,F02065,3.996902331659646
RAB35,F05732,3.9927616000870327
XRN2,F07905,3.99105377509668
EIF5B,F02123,3.9890773441264895
ARPC5,F00531,3.987644465768935
MST1L,F04314,3.982929291312784
HLA-DRA,F03026,3.977452308177931
HNRNPK,F03072,3.977335174174466
BICD2,F00723,3.977112489215094
NPM3,F04725,3.967758820578785
SLC2A1,F06540,3.9661355529263296
SUPT16H,F06952,3.958129044566328
FAM83G,F02357,3.9563444783303856
TRIM25,F07427,3.951863117693168
PRMT5,F05504,3.946290695184752
APMAP,F00408,3.945015802784073
PRPF8,F05525,3.944944658503916
KIF2A,F03541,3.944034405722909
SLC25A24,F06519,3.940904663772829
SRRT,F06820,3.940379892637624
GBF1,F02616,3.935071386566839
CCT4,F01043,3.928247289867581
GMPS,F02725,3.9240225481631352
MAGOHB,F03933,3.922552287112459
S100A12,F06185,3.9216597701790974
ACLY,F00083,3.917282903189716
NCF2,F04511,3.915725777269644
RAP1GDS1,F05796,3.911737796056721
AP1G1,F00376,3.911288687976726
SPAG9,F06733,3.9082832379262
CARHSP1,F00946,3.907434157517826
NELFB,F04597,3.904744331297732
COPA,F01435,3.901676567190076
SMPD4,F06644,3.8990790532574704
MAN2B1,F03945,3.8974699476534167
SRP72,F06810,3.896849179249752
RDH11,F05881,3.8883545136976063
CHORDC1,F01253,3.884918935041492
EIF3L,F02106,3.8836965842659454
GM2A,F02715,3.881526713172133
TMEM167A,F07243,3.8807660127576606
SRSF1,F06821,3.87073844137097
DPM1,F01952,3.868332187235695
SPARC,F06735,3.8678267655845984
POLR2A,F05341,3.864210763160528
RALB,F05777,3.8625237229605487
HNRNPM,F03075,3.858705775821949
PPP2R5E,F05435,3.858131341228223
ARAP1,F00445,3.853043363541866
SF3B2,F06394,3.848481137941464
SFN,F06400,3.846439298744275
TRIM28,F07429,3.84433598481487
SUPT6H,F06955,3.839073148125983
ACIN1,F00081,3.8232172553033936
PSMG1,F05599,3.822347891939998
PPIF,F05388,3.818819593098536
CTNNBL1,F01598,3.8155578590951817
RPS8,F06121,3.8126452155935215
PLEC,F05246,3.8094973081210552
MESD,F04075,3.805143854358232
AP2B1,F00385,3.80431240687992
ACTR2,F00124,3.798721286106648
RPL6,F06063,3.796729046514228
PITPNB,F05202,3.796425438892303
RHOT2,F05941,3.7913503589046473
UBA2,F07577,3.787284435818658
NUCB1,F04777,3.7801917266132654
DST,F01982,3.7741585207518376
FABP5,F02315,3.770806620847547
BCAS2,F00697,3.769881587900473
ELOC,F02139,3.765026902365956
VPS35,F07789,3.764929647720877
HNRNPH1,F03069,3.764174833650194
AMPD2,F00319,3.761496018553319
TUBA1C,F07525,3.7524486456256634
POLR2E,F05345,3.7496835827184247
PALLD,F04948,3.739511917463988
SYNCRIP,F06973,3.733870963712832
DTYMK,F01991,3.732516693555081
RPL13A,F06030,3.721855113257223
ACOT7,F00091,3.721471943270076
CSNK2B,F01568,3.714448680416806
RPL5,F06062,3.7108841339780834
APOL2,F00430,3.7092520491604346
RPS5,F06111,3.708369668024384
VAC14,F07734,3.707287079699163
TES,F07105,3.7052726634421207
PSMD7,F05590,3.7049873438225975
AFAP1L2,F00180,3.7026876070635657
RPS4X,F06109,3.693184117311513
G3BP2,F02565,3.6895687641274617
SERPINB5,F06370,3.6866771744378233
RPL35A,F06054,3.681428711768196
YWHAZ,F07937,3.681102750762362
FKBP11,F02464,3.675422918820498
SRSF3,F06825,3.666705628034782
AIP,F00232,3.6645628500069543
KRT6B,F03625,3.6645096920188633
NAA15,F04453,3.663417132754028
POFUT1,F05317,3.659755095509588
TIPRL,F07186,3.659255197088717
VPS29,F07786,3.652740119774431
RPN2,F06073,3.6415814508952575
DNAJC10,F01905,3.634223719724206
DEK,F01795,3.633556550954557
DPM3,F01953,3.626284383260989
ERAP1,F02224,3.626160002117967
ESYT1,F02255,3.6220750197478
H1-5,F02908,3.621993671490538
RARS1,F05802,3.618555927508022
IARS1,F03170,3.617637675439902
MFSD10,F04096,3.6156787008092577
GRK2,F02831,3.6153772406852274
NCF4,F04512,3.60545350216074
SF3A3,F06392,3.6007964340795287
BRI3BP,F00787,3.595951110297357
CLPX,F01325,3.5752792855616127
DHRS7,F01833,3.573191000727329
RPS3,F06107,3.572750909263536
STX8,F06926,3.561394220080325
RALY,F05783,3.5612263814430145
VPS33B,F07788,3.560077421450029
RANBP1,F05786,3.559845089814667
SPCS3,F06745,3.552538637924313
SNRPF,F06679,3.551710537318049
ATP1B3,F00596,3.549675966610515
PLRG1,F05279,3.545591078512777
CISD2,F01275,3.54339606779962
FUBP3,F02543,3.5429119748140363
RPL32,F06051,3.5378989771935307
SFXN1,F06406,3.535473864244316
HSP90AA1,F03122,3.532273006166831
GTPBP4,F02887,3.529855819692962
USP24,F07705,3.529839494562836
APP,F00435,3.526470596047424
AZU1,F00656,3.524466734833161
RPS9,F06122,3.519484946810854
PSME1,F05593,3.509691682723111
GCN1,F02633,3.507316625289703
GSPT2,F02852,3.50523984734434
ALG5,F00292,3.500438742799501
CALU,F00908,3.4907667932738264
ARHGAP1,F00464,3.485429875627059
PSMD12,F05582,3.478648164756645
ATP13A1,F00589,3.4731937521206664
EMC7,F02153,3.470364491849041
XPO1,F07893,3.4679149794090383
SUPT4H1,F06953,3.467719732332816
ETF1,F02257,3.4637099293355447
PLBD2,F05232,3.462464100622042
NUP160,F04807,3.454857658758617
EIF3F,F02100,3.4413885220171303
LYAR,F03891,3.43642670835024
COPB2,F01437,3.4362041567106267
KRT75,F03631,3.426337909519939
U2AF1,F07570,3.4223400239575064
KHSRP,F03516,3.4202711673948323
FLAD1,F02475,3.417779817491994
DDOST,F01748,3.4054283473664198
KPNB1,F03595,3.402730099297121
SFXN3,F06408,3.40166329343082
COPB1,F01436,3.3900676720854155
ITGAM,F03420,3.389074925032709
ITM2B,F03437,3.386009810878332
PIGK,F05170,3.3851599498898377
MZB1,F04448,3.3813465319288496
IKBIP,F03314,3.377842292887928
KRT6C,F03626,3.376978822575485
HPRT1,F03096,3.376877272381193
LDHAL6B,F03739,3.358434279648829
WLS,F07876,3.3575415133825945
XDH,F07887,3.355559013992296
BOLA2,F00761,3.350540480160985
RNF213,F05995,3.342595280911628
SRSF10,F06822,3.3406064420378043
SEC62,F06315,3.337505503400621
COPG1,F01439,3.3343582039476165
PSMC2,F05574,3.33331065303741
GNAI3,F02731,3.333255551880585
NPM1,F04724,3.3332278674377176
VBP1,F07751,3.324640623069444
TCERG1,F07075,3.323237123494572
GBA1,F02614,3.312521988270896
MNDA,F04177,3.311888019324974
CHMP4B,F01248,3.3050628509213333
NUP35,F04812,3.304086509875452
YIPF5,F07920,3.3030500175372874
RBM17,F05834,3.3016629847305285
DPP3,F01954,3.3013062481274007
JPT2,F03465,3.293903969178807
KIF5B,F03545,3.291473926506485
RPL12,F06028,3.288741251561466
SMS,F06648,3.2860313450546275
YLPM1,F07923,3.2787075978260214
CAB39,F00883,3.2763832373035915
RPL18,F06034,3.2746945516263084
WDR82,F07866,3.27149687933939
RPL11,F06027,3.267056937408084
PPME1,F05403,3.2618985975534307
HTRA1,F03157,3.261346838322672
TXNDC9,F07562,3.259279009858749
MPO,F04207,3.253625325120208
GNAI2,F02730,3.2520883669923264
EIF3G,F02101,3.250143036805064
NOP9,F04708,3.2489987835065146
LSM6,F03862,3.2418857670465897
CTSS,F01612,3.2412070683192704
ANKFY1,F00336,3.240272721833789
RSF1,F06148,3.2351291535058238
ARF4,F00449,3.214139061238925
PXN,F05678,3.209063774343556
SPCS2,F06744,3.193904829420747
PTPRC,F05648,3.1905760771951672
THOC6,F07152,3.1875241205728044
RPS26,F06100,3.178487300352707
NUP153,F04805,3.1770099120791717
RAB5C,F05744,3.169510663789001
SCYL1,F06273,3.1682238998991763
CSTF1,F01578,3.1655782196649245
PSMA6,F05561,3.1588574018007662
NUP133,F04804,3.1530324961421083
HNRNPD,F03066,3.1392038478143016
EIF2B1,F02086,3.1355184367406794
EIF3H,F02102,3.129044534157774
SF1,F06389,3.1268292051782214
S100A11,F06184,3.121045859645073
SERBP1,F06351,3.1173587678073367
RPS17,F06090,3.113138770456788
TARS1,F07028,3.1066768469246937
ANP32E,F00358,3.1047912783798566
RPL30,F06049,3.102480000443181
SNAP29,F06657,3.0967802366241544
HDGF,F02962,3.0892973182289207
RPL7,F06064,3.087480865793089
RPP25L,F06075,3.083092539309284
TCIRG1,F07082,3.0740789764229235
CORO1A,F01459,3.073573833935067
CSRP2,F01571,3.071657489232706
AMPD3,F00320,3.070128271078618
PC,F04995,3.064273272279636
ATG3,F00573,3.0571900277859423
RAB18,F05713,3.0557036445315178
WASHC5,F07832,3.05413974525985
DKC1,F01865,3.053956120561434
ATP6V1C1,F00627,3.050403472184284
SCYL2,F06274,3.047234937022949
CASK,F00953,3.04460527597862
CKAP5,F01281,3.040456691930663
SMCHD1,F06629,3.0374952896655603
AP3M1,F00390,3.037088856044974
NUP88,F04821,3.036648269422085
RPS12,F06084,3.036171502545788
FAM3C,F02347,3.03241238205138
RBM14,F05831,3.0309305854758315
TXNDC5,F07560,3.023445074026024
CANX,F00923,3.022453616517809
THRAP3,F07155,3.0206160171079164
PSMB10,F05564,3.0192627296824344
GRSF1,F02838,3.0126542429807475
S100A7,F06193,3.008469386937291
STK4,F06896,2.9987624568069013
ACTB,F00112,2.9977408336616658
DRG1,F01971,2.996961350255872
RABGGTA,F05758,2.986338462864777
HLA-DPA1,F03022,2.983817673911459
SRP68,F06809,2.9832677365313414
FAM83B,F02353,2.979820581224468
WDR11,F07842,2.975469396099147
EPX,F02221,2.9728617839239933
HNRNPA1,F03060,2.971362264079008
HNRNPUL1,F03078,2.958306885281212
CCT7,F01047,2.957281729536308
TAGLN2,F07011,2.952962683050063
NUP62,F04819,2.941262285465457
TBL2,F07059,2.939336484414336
VPS45,F07796,2.938051162153114
RNASE2,F05970,2.931178774828277
EXOSC4,F02288,2.927052876447582
MSH6,F04305,2.916070620792051
KPNA6,F03593,2.9150912438001995
TM9SF2,F07210,2.91232603561238
CNPY2,F01364,2.9018122910141555
NOP2,F04704,2.896261492060113
PAIP1,F04940,2.8885761760631907
EML4,F02164,2.877600303572725
CARS1,F00950,2.8766006549584797
MAN2A1,F03944,2.8731635572610683
EHD4,F02072,2.872922216284121
PSMD6,F05589,2.872438939379448
PPP6R3,F05448,2.86988137593208
TCOF1,F07085,2.8695105290427274
PTBP2,F05608,2.86799257257709
PRDX4,F05465,2.8626539986097987
CLNS1A,F01320,2.8618162682947688
MRE11,F04218,2.851199027222468
XRCC5,F07902,2.84705037771646
RPL7A,F06065,2.84607682266622
MAN2C1,F03947,2.833261298465832
PDCD5,F05034,2.8260601230324807
ARCN1,F00447,2.8220905736088646
INF2,F03350,2.8219907248941167
HNRNPA2B1,F03061,2.809524872821734
MON2,F04187,2.7976310519105443
VPS33A,F07787,2.796700254417479
RPS23,F06097,2.792352964752477
LASP1,F03718,2.788139514114873
PTPN6,F05645,2.787595479930435
CAMP,F00917,2.7869736382151213
RTN3,F06162,2.7862788707337214
MICAL1,F04114,2.783356092541972
SRSF4,F06826,2.778427353936551
SPINT2,F06759,2.7745937897298987
SEC31A,F06311,2.7722401360946085
RPL3,F06048,2.762651440695308
NPC2,F04718,2.7578388982637976
LSP1,F03866,2.7548386330214463
PWP2,F05672,2.7536915605934964
PSMA3,F05558,2.752844983395956
MAP4K4,F03971,2.7500935312880466
PRG2,F05474,2.748455584437146
WDR18,F07845,2.744780873708373
WTAP,F07883,2.740657878147968
PIGT,F05175,2.736660971737325
GSDMD,F02843,2.71980237558566
ITGB2,F03425,2.7184143564216225
PCBP1,F04998,2.7177179959139925
CHERP,F01236,2.715560773507706
TFG,F07125,2.710829467597802
SPRR1A,F06769,2.710210410693316
RELA,F05895,2.7070948556914605
ATIC,F00579,2.705925340411658
DGKA,F01818,2.702321581719312
KHDRBS1,F03513,2.701828402869068
KRT72,F03629,2.6966821677697848
EFCAB5,F02054,2.685747424802995
PTBP3,F05609,2.6833479898539565
RPL23A,F06041,2.6807853902770384
VPS16,F07779,2.6763444814519537
OSBPL9,F04893,2.674341186186365
STIP1,F06884,2.671201169598564
RPL19,F06036,2.6705539353418004
UGGT1,F07651,2.6699220227386427
TXLNA,F07552,2.668636165294257
GSPT1,F02851,2.6668529647931054
ITCH,F03407,2.665083383528276
PFDN2,F05102,2.664295610258229
FAM83H,F02358,2.663337912443274
ATP2C1,F00602,2.65941874163826
OTUB1,F04899,2.656871707402713
UBE2G1,F07596,2.6562990787786966
CSTF3,F01581,2.6536673475001984
UBQLN2,F07626,2.6534709383311936
SEH1L,F06318,2.652995023516062
RBM12,F05829,2.6511499570304533
CNOT1,F01355,2.647727016532093
GAR1,F02601,2.6398385784278724
KLC1,F03557,2.637503143099608
GMFB,F02717,2.6361925338851973
IGF2R,F03216,2.6290112730964244
BST2,F00796,2.6285890723294347
TBL1XR1,F07058,2.62746599134201
SERPINB8,F06373,2.6265915282811947
RAB21,F05717,2.621746766704505
NHP2,F04637,2.6178521847265794
ERP44,F02244,2.617200938137972
SCARB2,F06250,2.6145249349895043
ARGLU1,F00463,2.613784840139388
GMFG,F02718,2.6076515200770327
NPLOC4,F04723,2.6047600981003574
HEXB,F02992,2.6039595448310813
ERC1,F02227,2.6037549358275736
PPAT,F05373,2.6016198103959347
TRIM22,F07424,2.599147436242109
PSMC6,F05578,2.598098464525523
PNN,F05305,2.5924425934979323
SARS1,F06228,2.588079479860252
FMNL1,F02491,2.5849091732071776
WDFY1,F07836,2.584109202798758
SRC,F06795,2.581256728521208
HTATIP2,F03154,2.578748494171089
RPS29,F06106,2.5784214027043664
DDX6,F01781,2.5775592110528867
AP3D1,F00389,2.576111096884885
FERMT3,F02433,2.5737518182486934
TMED7,F07226,2.5724107157099625
PPIC,F05385,2.5671270268486333
JPT1,F03464,2.5659006936296804
NUP214,F04811,2.5618091935752254
SNRPA1,F06671,2.559699232223182
RPS7,F06120,2.557536568452484
OSBPL8,F04892,2.548836148512444
AIMP2,F00231,2.5446200970743256
SMU1,F06651,2.540492605359077
STK24,F06888,2.5394038600984605
WDR5,F07857,2.537193230737896
NUP54,F04817,2.5368130184749176
SSB,F06834,2.536211137130707
CCT2,F01041,2.532502256650605
LAMB1,F03693,2.531647773444885
STT3B,F06911,2.5314021671107145
SWAP70,F06964,2.523379252878176
ERO1A,F02242,2.521853614883234
RPS13,F06085,2.5139188669269297
TXNDC12,F07557,2.507763858229314
SEC13,F06299,2.503577307673288
PDS5B,F05071,2.503005555371258
PLCB3,F05235,2.4996757241093084
RBBP7,F05822,2.4905189181609564
BUD31,F00810,2.487150415854021
IK,F03313,2.4859919021649226
PAPSS1,F04966,2.4842908937109485
RPL4,F06061,2.479987932884099
CPT1A,F01507,2.4766447405242205
PDLIM1,F05060,2.470011169481664
TIA1,F07163,2.464864090837146
ALOX5AP,F00303,2.4636194830439
XRN1,F07904,2.45951817434524
HDGFL2,F02963,2.458885397937688
PAFAH1B1,F04934,2.457551926976434
ATP6V0A1,F00620,2.4561670780537552
PCNP,F05019,2.453349919817479
ARPC4,F00530,2.450797801200282
NUP50,F04816,2.447920064413154
UNC45A,F07669,2.428873623982403
PPP1R14B,F05415,2.428055410647903
MAPK14,F03977,2.424664213496862
SMC2,F06624,2.422325744355513
CCT6A,F01045,2.422141596864757
UBR4,F07631,2.419616194987276
MAPK1IP1L,F03978,2.407337554001556
PEF1,F05083,2.404913838275032
DHCR24,F01824,2.403439580142
TXNDC17,F07559,2.3959464287541463
MCM5,F04037,2.3897623112252964
LACTB2,F03685,2.388290190820375
SNAP23,F06656,2.3862002554141517
G6PD,F02566,2.3854317961564444
PDIA3,F05051,2.378753264245298
FTSJ3,F02541,2.376243892812779
IPO4,F03377,2.3752438382360395
TCP1,F07086,2.374027991329164
TCEA1,F07070,2.373011009511938
RPL15,F06032,2.371695399932471
PROCR,F05509,2.3660255454505648
CALD1,F00901,2.3659747014094
SPTLC2,F06789,2.3654679371184577
DHCR7,F01825,2.363847594506458
ERGIC2,F02233,2.3624566277986645
MTAP,F04323,2.360649198622346
PSMD1,F05579,2.3594104884533627
NDRG3,F04532,2.355499980272969
PARP4,F04980,2.349277051357012
USP15,F07703,2.347075239605113
TOMM34,F07345,2.344828111747201
FXR1,F02555,2.341778013708513
PLD3,F05245,2.3379540655139635
LGALS7,F03757,2.3310012922287053
TM9SF3,F07211,2.3206940047093934
RPL21,F06037,2.314712594188264
SNRPD3,F06677,2.3131321909778744
CD47,F01078,2.306791704638961
ZNF326,F08015,2.299221311774025
KRT5,F03623,2.299019929049632
RBM4,F05846,2.2949773173440784
EXOSC7,F02291,2.2884434014477453
STX16,F06916,2.2797532132034166
AP3S1,F00392,2.277975359693529
MACF1,F03910,2.275291549634599
VKORC1L1,F07768,2.275061409794267
PIGS,F05174,2.2721790553351253
HARS1,F02935,2.2684246129168395
RPL9,F06068,2.2654931033243675
ZNF207,F08002,2.259955645032391
GOPC,F02771,2.2571435802678224
EIF2A,F02083,2.2568416668944757
CCDC124,F00995,2.2536000583689755
GSK3B,F02847,2.2512716540818123
LTF,F03878,2.250484610321516
PLOD1,F05270,2.249551196984071
PADI4,F04932,2.247401149000613
RPL34,F06052,2.2468544540400184
AGK,F00196,2.24529227078953
RPLP0,F06069,2.2409111836714493
MANF,F03950,2.232558166177756
UBE3C,F07615,2.2288046972363307
SELENOH,F06323,2.2265204759333224
RPL38,F06058,2.2250635714599727
SYMPK,F06969,2.221335804165838
PLCG2,F05240,2.220205780967896
QKI,F05692,2.2088047559908954
GOSR1,F02774,2.208364634233301
PRKAA1,F05480,2.208105546820603
PPP1CC,F05407,2.204344013191417
PTK2,F05628,2.2017097955872145
LRPAP1,F03827,2.2015388180508144
LPGAT1,F03812,2.197108067163218
PAK1,F04942,2.193329905956044
SEC24A,F06307,2.1852907267782267
MTREX,F04359,2.181023248481975
STRN3,F06907,2.178786226129417
TRMT10C,F07454,2.172466073494088
SGTA,F06420,2.1701897240073773
RPL17,F06033,2.16933109993631
PPP6R1,F05446,2.16466881140936
SAR1A,F06222,2.1596055080510106
RPS16,F06089,2.156706325524519
LGALS13,F03754,2.154212145812662
AKT1S1,F00261,2.143886264325066
SF3B6,F06398,2.1388592988821675
PIP4K2C,F05193,2.1353098169642126
SRRM2,F06819,2.132466320804903
ARSA,F00538,2.122985423944745
MYO1F,F04430,2.1220354255850125
HNRNPC,F03064,2.1105825565388936
CNDP2,F01347,2.101809852043459
EXOSC3,F02287,2.097078011607993
BRIX1,F00788,2.096739210185203
ANPEP,F00359,2.095799554223425
DOCK2,F01933,2.0922430391574625
ANP32A,F00356,2.0865015089482584
SEC24C,F06309,2.086459147680761
GOLIM4,F02764,2.0843061937821914
DPY30,F01962,2.0771456123873047
CUL2,F01621,2.076366859968164
UBXN7,F07638,2.072193618143264
MTA2,F04321,2.071659393279724
FAM98B,F02362,2.0661464911317866
LBR,F03723,2.061828275548151
LMNB1,F03791,2.0614591043139217
CAPG,F00926,2.0598875574181954
SEPHS1,F06339,2.058853505700965
WASHC3,F07830,2.047815727253487
VASP,F07746,2.0422349629819165
TBL3,F07060,2.040459392588758
ARHGEF2,F00487,2.0374028613114272
ACBD3,F00076,2.028036900309668
MMRN2,F04171,2.0279798870721746
AP1G2,F00377,2.022877939486628
HDAC1,F02955,2.022743846523561
TRMT112,F07456,2.0207479978839005
UBLCP1,F07624,2.0179618396633257
ENY2,F02185,2.0174969811800776
PLBD1,F05231,2.0123116962306056
CDA,F01098,2.009911323036341
LMAN1,F03784,2.001772913679132
TRIM47,F07436,2.000877158650185
PFN1,F05112,1.996677498394621
CUL1,F01620,1.991771522595141
PIGU,F05176,1.9866889424121488
PMM2,F05294,1.985996630133782
DHX38,F01846,1.9858664079138395
FKBP5,F02471,1.9729829228753455
PSMD14,F05584,1.9692648907521453
APOBEC3C,F00417,1.9657105157428405
NTMT1,F04770,1.960952171703668
NFKB1,F04618,1.9564813525505165
TPR,F07385,1.9525649190857317
PDCD11,F05030,1.9466206685739675
UBE2I,F07599,1.9464801728532355
RTCA,F06154,1.942741458705662
TMED10,F07221,1.9409902902052307
PDCD10,F05029,1.9384661137382009
WASHC4,F07831,1.9333149179050104
REXO2,F05909,1.9313090315882229
TMX3,F07303,1.929293186388156
XRCC6,F07903,1.9251799261864049
METAP2,F04079,1.907729211166656
PRPF4B,F05523,1.904417423837929
KRT24,F03614,1.903116390569071
MAP4,F03970,1.9018089243418408
STAT6,F06874,1.8940371917071304
RPRD1B,F06080,1.8872792378021237
TMED9,F07227,1.8850437084811085
DENR,F01806,1.8725008187862744
FAM120A,F02330,1.872078235520668
UTP18,F07723,1.8472357926545224
UTP14A,F07721,1.829447640445237
CEPT1,F01184,1.82895792548246
UTP3,F07727,1.828044302704505
ALDH18A1,F00268,1.8276661850746745
GPNMB,F02799,1.822960150835744
SLC44A1,F06577,1.816952504335912
CCT5,F01044,1.8144778517836708
EIF4H,F02120,1.8130028768803823
EHD1,F02069,1.8080635266887792
NEMF,F04600,1.802732338732309
LYPLA1,F03896,1.802199061928216
RANBP2,F05788,1.7959506528407445
AGPAT3,F00204,1.7945421358109073
LUC7L2,F03882,1.7938079833062244
ALDH1A3,F00270,1.7885681385289611
DIP2B,F01860,1.7858934754649851
IL18,F03322,1.7845220267244768
TRA2A,F07393,1.7713308538776482
DYNC1H1,F02006,1.769206998327491
LAMTOR1,F03701,1.7629042720577794
DNAJC3,F01913,1.762334414848621
ANXA3,F00365,1.761924640723284
SERPINB9,F06374,1.7610936937429262
EHBP1L1,F02068,1.7599456552281232
CHMP5,F01250,1.7592664936640117
PARP1,F04975,1.7516539950861434
UBE4B,F07617,1.7505950437264677
CAPZB,F00939,1.749102919290821
SAFB2,F06208,1.7419038908556232
TNPO3,F07329,1.7245735642847289
DSTN,F01983,1.7235230066532998
SART3,F06231,1.7232458768424788
KPNA2,F03590,1.7146289942688178
CD74,F01089,1.7116267025641618
METAP1,F04078,1.7086501644113656
OSTF1,F04897,1.706055457611205
NARS1,F04482,1.696325093735075
SKP1,F06482,1.6867235103181135
PSMA7,F05562,1.6850523854935913
SAE1,F06206,1.6785558270265708
AKAP13,F00244,1.663841128594563
HNRNPR,F03076,1.656448313760031
COMMD3,F01425,1.653466346735916
SEC24B,F06308,1.6528604123040689
CDCP1,F01123,1.6476268696531882
CSDE1,F01554,1.6393196182788032
SCP2,F06267,1.636261242025696
MATR3,F04007,1.6348145916995451
NPTN,F04728,1.6309279341502465
HSD17B11,F03113,1.6242691608269388
ILKAP,F03336,1.6232551243969733
DNAJC9,F01917,1.6176676448537866
RBMX,F05858,1.6166099490262598
UBE2K,F07601,1.6147656058165156
CIAO2B,F01265,1.613663669458888
CORO7,F01465,1.6126938954642016
SS18,F06832,1.611184202311836
TGOLN2,F07136,1.606493222389632
PSMB1,F05563,1.6050522696594205
ITGA5,F03415,1.600223747099176
CCT8,F01048,1.5988584449881855
RPL24,F06042,1.5986534353762445
ATP6V1A,F00625,1.5980546970849585
EIF4EBP1,F02114,1.5954799884951747
ABCC1,F00029,1.587828282957423
YWHAB,F07932,1.585721474180503
KDM1A,F03503,1.5854757261503027
RAB6A,F05745,1.582243362000636
SF3B4,F06396,1.5798076514296522
BAG2,F00671,1.5790098194788298
ST14,F06849,1.5744091056725191
RPLP1,F06070,1.5723554317632442
SARNP,F06227,1.5697676853566425
DSC3,F01975,1.5657494774885343
RNPS1,F06008,1.5637631093603548
RPS25,F06099,1.561757659930492
ACSL4,F00105,1.5594472558036236
MLEC,F04143,1.5534754876050532
TSFM,F07479,1.552820903253189
GLG1,F02698,1.5525964910411685
LDAH,F03736,1.5507667381278754
SELENOF,F06322,1.547399967724606
CLUH,F01331,1.545671948670598
RPS20,F06095,1.5435862714346644
PSMC1,F05573,1.5411798824306653
C4BPA,F00850,1.5386044997447537
MMP9,F04169,1.536021722002458
PARP14,F04978,1.519734324255635
ERH,F02235,1.5081791141619278
VCP,F07755,1.4918367925060416
SUMF2,F06945,1.4878249150615652
MMGT1,F04156,1.487394663199682
LPCAT3,F03810,1.483128355611213
HNRNPAB,F03063,1.479266733143432
AHCY,F00215,1.471588263843055
RAB17,F05712,1.4639826266679774
ACTG1,F00114,1.461622840229514
HSPBP1,F03149,1.4588845404552926
LTBP1,F03872,1.4584312285727654
MOV10,F04194,1.4565148663796683
UBAP2L,F07586,1.4547861437683356
RTN4,F06163,1.448063985448285
RPS18,F06091,1.440156241114394
PTMA,F05632,1.4398120952123123
TWF1,F07548,1.436766878894646
MGAT1,F04101,1.4364166739929831
POR,F05366,1.4313733731013838
COPE,F01438,1.4295277487557667
AGO2,F00200,1.429433936831986
ARFGEF1,F00455,1.4213796052620065
PDAP1,F05028,1.41931520567707
RPL14,F06031,1.4184943107656705
ATP6V1B2,F00626,1.4176246589909869
LETM1,F03750,1.4174826811553505
MRPL47,F04262,1.4170557259236023
STOML2,F06900,1.415598500076377
SPTLC1,F06788,1.4086063268206246
CDC73,F01119,1.4078324084439648
PLEK,F05247,1.405945325553405
RGS10,F05923,1.4056908502920724
ARL1,F00505,1.4048268980968557
SON,F06711,1.4009428331856202
DNAJC7,F01915,1.3918214537981104
OXA1L,F04906,1.390421860584833
MAP2K3,F03961,1.388699595957842
ADAM10,F00133,1.3873657632518963
ETHE1,F02263,1.3862117928599151
DNM1L,F01922,1.384917322694606
RPL35,F06053,1.3841020322722348
HK2,F03014,1.3716885014834568
CRKL,F01536,1.3695185636114242
UAP1,F07574,1.3667078174513616
PRXL2A,F05549,1.3635607466613788
TRIP6,F07450,1.3571226032016164
TIAL1,F07164,1.356112378004786
UBA7,F07581,1.3455644033727223
CYFIP1,F01660,1.344319981461166
VPS51,F07800,1.3427310688858711
RRAS2,F06132,1.3417672842436437
PPA1,F05370,1.341145349041447
CPSF7,F01506,1.336623628236893
LSM1,F03854,1.331752104905543
LRRC40,F03837,1.3216891896693443
ADRM1,F00173,1.3070208535662824
PGAM1,F05115,1.3064516973952414
RFTN1,F05918,1.2973066834589688
ARF5,F00450,1.2972834464642184
LCN2,F03732,1.291365999304335
RBM15,F05832,1.2895905623006954
RUFY1,F06166,1.287406205958168
NME2,F04672,1.2831014372937752
MYG1,F04393,1.2769049499966914
RPA3,F06018,1.276507642270457
TIMMDC1,F07181,1.2735258428911496
PSMD3,F05586,1.2692907576223376
TMBIM1,F07214,1.2579992777521387
RPL28,F06046,1.2486773220322491
CD82,F01091,1.2363586074000237
COMMD9,F01431,1.230431827833833
AHNAK2,F00220,1.2287806158868504
PKP3,F05218,1.2248942388181043
COPG2,F01440,1.215682770124004
WDR26,F07846,1.214927008377891
YTHDC1,F07927,1.2147959790404077
PRPS1,F05527,1.2144850445596145
KPNA4,F03592,1.2137912118368803
VPS53,F07802,1.2087994972609146
PSMA2,F05557,1.2052848628910198
SF3B5,F06397,1.1994150033180375
SLC27A4,F06536,1.189626322430405
RAB2B,F05726,1.1869516355337133
RPS14,F06086,1.1863154052543838
RNF185,F05991,1.1798452671659745
SAMHD1,F06215,1.1770748083810176
POLDIP2,F05329,1.1755342117119163
GBP2,F02618,1.16847475914217
MYDGF,F04391,1.167248538482612
RPS28,F06105,1.1607779846191797
ITPR3,F03443,1.1580064167994282
STXBP2,F06928,1.154998987128239
MAP2K4,F03962,1.1500822891891496
NUDCD3,F04783,1.1480394284898408
KRT10,F03603,1.1460335308061769
BAIAP2L1,F00677,1.1453336783492885
COPZ1,F01450,1.142123284896265
PSMD8,F05591,1.1398536611121102
EBP,F02021,1.136556052804244
PSAT1,F05552,1.1335706622098352
PPP1R13L,F05413,1.1334963772187203
GUSB,F02895,1.1305807892014217
NUP43,F04815,1.129568115997318
RNMT,F06006,1.1285781451756514
GSTO1,F02864,1.127446776610436
ME2,F04053,1.1271603733376852
SELENOI,F06324,1.1199827026178042
CD58,F01083,1.117237180731985
NUP107,F04803,1.11718102737637
KRT80,F03637,1.1115497925813715
UNC93B1,F07671,1.1114711997494249
CPSF6,F01505,1.0986941017738203
GRN,F02835,1.0967541849877076
HSPD1,F03150,1.0905638897252337
GAK,F02577,1.0902430996099404
MAT2B,F04004,1.089811436085778
HTT,F03160,1.0890000842942946
THBS1,F07140,1.0848994111517174
PDCL3,F05038,1.0838405831216522
SYK,F06968,1.0810167751680897
RBBP4,F05820,1.0775524908579448
TUBB4A,F07535,1.075362101551698
RAB3GAP1,F05736,1.0715850917481928
ZC3H7B,F07957,1.0671934041141014
GFPT1,F02653,1.0638307886769007
HECTD1,F02978,1.059262427574423
TMPO,F07290,1.046789324817239
AP2A2,F00384,1.0465947850822814
PPID,F05386,1.0410764304974656
OGA,F04849,1.0401959773725935
NUCKS1,F04779,1.038994919125078
EPRS1,F02214,1.0312947086083095
ESRP1,F02251,1.0232887331258242
GOLPH3,F02767,1.0222222172823046
PNPT1,F05312,1.0210754957812322
SLC16A3,F06496,1.0131903692914273
RABGEF1,F05757,1.0127732125402256
ARHGDIB,F00479,1.0081417244121484
RETREG3,F05907,1.0055951626799913
RPS19,F06092,1.0041208574801692
ZC3H15,F07953,0.9990227830161956
SCFD1,F06255,0.9895580638021734
TIMM44,F07176,0.9892011181939108
LIG3,F03764,0.9867683687182336
MYO1D,F04428,0.9854024424732398
RTRAF,F06165,0.9852264375654252
RPL27,F06044,0.9825025687644736
NRDC,F04740,0.9798046672264696
VPS18,F07780,0.96741792611141
NRBP1,F04738,0.9667377499121064
SLTM,F06601,0.9653053643508184
TUBA4A,F07527,0.9612389034314244
LYPLA2,F03897,0.952087414481492
MPG,F04201,0.9433652289621054
EMC2,F02149,0.9377174971159457
EHHADH,F02074,0.9359742306800892
UPF2,F07674,0.9336307553094818
UFM1,F07647,0.9317644100727354
HNRNPLL,F03074,0.9290609024500996
KRT6A,F03624,0.9263793095997432
GAPVD1,F02600,0.923848506348636
RPL29,F06047,0.9147228684814994
ARG1,F00461,0.9126378149488696
KEAP1,F03511,0.9106839148525032
PDS5A,F05070,0.9041916216836146
CAB39L,F00884,0.8999480243493134
STOM,F06898,0.8991380805905546
NUP85,F04820,0.8928736378605076
CLASP1,F01287,0.8924118219766062
PSMA1,F05556,0.8883696611943371
EFL1,F02061,0.8767300244929108
RAB8A,F05749,0.8745737918373552
PAAF1,F04920,0.8658587582705448
DR1,F01969,0.8643598091133504
MTX1,F04363,0.8619595001376641
SMARCD2,F06621,0.8615059041675481
MRPL9,F04270,0.8608636202331481
SEC23IP,F06306,0.8599384675868283
WDR77,F07864,0.859442383579773
DSP,F01981,0.8546611043350105
DSG2,F01978,0.8525958801949667
SEC24D,F06310,0.8500687078696569
CLTB,F01328,0.8496565476057703
KPNA3,F03591,0.8492697471947739
TAOK3,F07019,0.8485156455015394
HNRNPA0,F03059,0.8474209047100009
PSMC5,F05577,0.8448362990811862
RAB2A,F05725,0.8375659217668132
NECAP2,F04582,0.8315657907836008
VAV2,F07750,0.8264969065046891
SCAMP2,F06245,0.8246541577744193
ZRANB2,F08063,0.8211406144691956
CASP3,F00957,0.821120362573898
GNPDA1,F02752,0.8177814222526028
ATP2B1,F00600,0.8141622686923716
MRPL48,F04263,0.8128703978705815
CPSF2,F01502,0.8032194369428559
PDCD6,F05035,0.8021142254013922
EIF2B4,F02089,0.8017845146603627
RRP9,F06144,0.8012766608841885
ITPA,F03438,0.7994522193440863
PURB,F05667,0.7909001111980686
ACOT9,F00093,0.790606900027108
IMPA2,F03342,0.788202893861946
HBE1,F02943,0.7858590991945448
AGFG1,F00194,0.7856296539684232
COG2,F01381,0.7834892194602489
SOD2,F06709,0.7780007679671354
STX12,F06915,0.7724826100836215
ALYREF,F00308,0.7685489106370501
CLPTM1,F01323,0.7625928163394297
DNAJC5,F01914,0.7569833647146467
ITGB3,F03426,0.7476167980496636
UROD,F07695,0.7434372096634134
SHTN1,F06452,0.7418697249993179
SLC39A7,F06572,0.7370643032546994
STAG1,F06858,0.7354809888525582
DYNLT1,F02014,0.7300587582618675
DNAJC8,F01916,0.7297478709011382
ENTPD8,F02184,0.7291896719363233
KDSR,F03510,0.7272132769072432
GTF2I,F02877,0.726410900245022
HCLS1,F02954,0.7262022131499987
UBL4A,F07621,0.7261862640150307
ZC3H11A,F07949,0.7255138080762504
MAT2A,F04003,0.7210201748163159
RPS10,F06082,0.7177453559748685
CRNKL1,F01539,0.7142963256554956
PABPC4,F04923,0.7133410639558888
ELOB,F02138,0.7129412730632527
EDF1,F02039,0.7069783646526138
CTSD,F01607,0.7058228515600651
MBD2,F04014,0.7037285738836564
CORO1B,F01460,0.6995466016822456
P4HB,F04918,0.6983048896979437
DCTPP1,F01735,0.6979112895438832
AEBP1,F00177,0.692190160558165
GOLGA3,F02758,0.6908338986590776
DNAJC19,F01909,0.6788497890457948
ARPC5L,F00532,0.6764446834052465
GNL3,F02748,0.6752490209061456
PRPF40A,F05522,0.6647774391251824
DIAPH1,F01853,0.6594408049281063
SMARCA5,F06614,0.6540758800559007
HCFC1,F02951,0.647180250728904
DAP3,F01694,0.6439439661197175
VPS35L,F07790,0.6421050589396856
YIPF6,F07921,0.6388252643192883
SLC25A13,F06514,0.63552243626031
MEMO1,F04073,0.6351122082644156
KCMF1,F03485,0.6349489451151377
TXNRD1,F07565,0.6337688865583093
BST1,F00795,0.6284271170292084
ELOVL1,F02140,0.6276330985651122
PFDN6,F05105,0.6259941717525529
SMC3,F06625,0.6212936620773308
EIF2B5,F02090,0.620702350275444
SQSTM1,F06792,0.619153886482093
NCEH1,F04509,0.6144132683812307
LDHA,F03738,0.6136864651358819
KRT36,F03620,0.6095768357024459
DDX42,F01769,0.6046561115865196
FKBP4,F02470,0.5977261155079315
PPP3CA,F05436,0.5972969503180705
RPA1,F06016,0.5956154866032011
DNM2,F01923,0.5936076415878893
HMCN1,F03039,0.5814531722026242
MAP2K1,F03959,0.5779751267898157
ELAVL1,F02129,0.575344554109711
MIF,F04128,0.574456488503956
JUP,F03470,0.5731500172851262
BTF3,F00801,0.5721696631828247
CCT3,F01042,0.570865178725912
UBE2V1,F07611,0.5695571973308914
PLAA,F05226,0.5691801579413213
ANXA8,F00370,0.5688186663077506
MMP8,F04168,0.5633534485624175
PLEKHM1,F05256,0.5612606984012725
RCN1,F05874,0.5610641520652208
CD163,F01054,0.5588203493562591
CHMP4A,F01247,0.5569493169603579
UBE2L3,F07602,0.5561213193474579
ITGA2B,F03412,0.551657691377678
RABL3,F05761,0.5475319418019251
NUP98,F04823,0.5471788092693871
FKBP15,F02466,0.5404331773820689
RPLP2,F06071,0.535409322213235
CTSG,F01608,0.5217727828594476
CASP1,F00954,0.5209106537400326
H2AC21,F02911,0.5202677848762475
PELO,F05085,0.5202071624123616
ATAD3A,F00566,0.5076177146358568
SRSF9,F06830,0.5053006373266312
PKP1,F05216,0.5004133597736338
STING1,F06883,0.4974723399717601
SRP9,F06811,0.4885210381693567
OSBP,F04884,0.4882937004332883
FLII,F02478,0.4875352979469817
SDCBP,F06280,0.4738681776196535
OGT,F04854,0.4707280012418777
MBNL1,F04018,0.4690897003419766
LSM8,F03864,0.4679001294094818
EEF1B2,F02045,0.4623035083789139
RHOA,F05934,0.4569468140602948
CHD4,F01231,0.451761387369069
FGG,F02444,0.4489593914134288
TPT1,F07391,0.4328235027467066
MYO1G,F04431,0.4324678644941238
KLK10,F03571,0.4297187871520939
PFAS,F05100,0.4289248325780917
TP53BP1,F07364,0.4201145510743284
AP2M1,F00386,0.4162417254571992
HMGB2,F03045,0.4159010307111273
PGM3,F05127,0.4121099040579947
GTF2A1,F02868,0.4101468488260419
CDK5RAP3,F01139,0.4100283269008845
PABPN1,F04924,0.4058694811330426
RRM1,F06134,0.3956551933250409
EML3,F02163,0.391120890584087
PSMD9,F05592,0.3888970350186754
PCK2,F05013,0.3773174222598291
CIAPIN1,F01266,0.3688457118372454
SLC27A3,F06535,0.3657218596256418
TUBB2A,F07532,0.3479530945633736
IGBP1,F03211,0.3450852186557964
FGB,F02438,0.3440145008455143
AASDHPPT,F00017,0.3407311387870034
HS1BP3,F03106,0.3400024899613898
METTL13,F04081,0.3301841263884693
WDR1,F07841,0.3277917733471839
SNX27,F06694,0.3230292378050466
MTOR,F04355,0.3121955011056767
SUPT5H,F06954,0.3069429018805017
TRAPPC5,F07411,0.2996330670360449
SNW1,F06686,0.2963215796240613
BANF1,F00679,0.2958298163201126
CKMT1A,F01284,0.2950443736933941
ELP1,F02143,0.2940802574873382
PKM,F05212,0.2938023942759522
BABAM2,F00667,0.2930314306317116
SERPINB3,F06368,0.2925391322551489
ITGB5,F03428,0.2900235987164645
RMDN1,F05964,0.2888534992088622
PTGFRN,F05620,0.2845958831436474
SAP18,F06219,0.2831530111403091
SCAMP4,F06247,0.2801155469762431
EIF3J,F02104,0.2774989868973423
MYCBP,F04388,0.2761974129830979
TBCA,F07051,0.2760337565851667
PFKP,F05111,0.2755606371512796
HGH1,F02996,0.2725498765362609
DDX1,F01751,0.2693005556054939
MRPS7,F04296,0.2671352896379533
HACD2,F02923,0.2558190704976204
SLC1A4,F06504,0.2522106809127976
EXOC6B,F02280,0.2521404815457919
C12orf57,F00821,0.25194162388834
EXOC5,F02278,0.2509793605526191
ABCF3,F00038,0.2496685847623063
STX5,F06923,0.242022778734422
EZR,F02298,0.2365855140564423
LRPPRC,F03828,0.2351754266972353
KRT18,F03610,0.2328867395883617
SUGT1,F06939,0.2320077902724279
DYNC1LI2,F02009,0.2304883660586356
CPB2,F01485,0.2302199384748837
PDP1,F05066,0.2256829645832512
ATP6V1F,F00631,0.2238193697597141
YBX3,F07912,0.2195679454282303
PPP1R12A,F05410,0.2171911993998055
DNAJC13,F01907,0.2162542230881238
ATAD1,F00564,0.2132403459000698
TGFBI,F07131,0.212585458622783
MRPL19,F04237,0.2125004996811303
PDXK,F05073,0.2004679350947764
COMMD10,F01423,0.1950631112558017
LSM3,F03859,0.1938804021334767
RTCB,F06155,0.192556897662416
PSPC1,F05603,0.1859880377435485
PARVB,F04983,0.1814928667158944
XAB2,F07886,0.180147046499557
CTNND1,F01599,0.1800585260233456
TBRG4,F07063,0.1784632203166473
MYH10,F04395,0.1763966409326857
SOWAHC,F06720,0.1726813930004602
GFM1,F02651,0.1726147083985811
DSG1,F01977,0.1706678669220575
SPCS1,F06743,0.1667696191142635
TAMM41,F07013,0.1631973147207945
SCAMP3,F06246,0.1574888506738685
NUDT5,F04795,0.1536446075348068
DSG3,F01979,0.1491865036967254
PRPF31,F05518,0.1463271725022846
PPCS,F05376,0.1444366014808055
TKT,F07194,0.1344374175309081
SRA1,F06793,0.1297950196991741
UBE2V2,F07612,0.1260752454041353
VAPA,F07742,0.1254906370856049
TTC1,F07500,0.1247685985930853
CDIPT,F01130,0.1242620302736786
VSNL1,F07811,0.1222787624495067
RPL22,F06038,0.1208056075116243
PGM2,F05125,0.1141300643537656
BPGM,F00766,0.1127164489345488
STK26,F06890,0.1109090345372921
DNAJB1,F01896,0.0988204302014145
HNRNPH2,F03070,0.0972651701631741
LNPEP,F03797,0.0971803550870984
DGAT1,F01817,0.0946421238503897
IREB2,F03386,0.0909272360939388
CRABP2,F01519,0.0905770295317539
PDIA5,F05053,0.0880922898945473
CTSZ,F01614,0.0869721226893574
AGRN,F00210,0.0841612023463884
KRT1,F03602,0.0818645288890209
HSPE1,F03151,0.0817154104858596
NAP1L1,F04477,0.0786770175516523
GIPC1,F02682,0.077142735029494
SRSF7,F06829,0.0711057409303024
HNRNPH3,F03071,0.0671446252404211
AP1B1,F00375,0.066006004795373
TMEM214,F07254,0.0654317919646265
LSM14A,F03856,0.0621268597443475
PSMA5,F05560,0.055281946038776
FUS,F02549,0.0531021645490321
ENO1,F02170,0.0493362206358127
EPHA2,F02200,0.0490963503198759
GNG5,F02744,0.0476425191168462
PYM1,F05687,0.0424002907588887
TRIP11,F07446,0.0380722387899002
TJP2,F07189,0.0317534257791397
SH3BGRL3,F06429,0.0313370182484601
EIF4E,F02112,0.0305310375377995
NUP205,F04809,0.0300991253089668
GIGYF2,F02673,0.0284328802389889
CLIP1,F01313,0.023414778010778
UBXN1,F07635,0.0184294645180716
PPIH,F05390,0.0173658630896674
AP2S1,F00387,0.0152106185516374
HMGN1,F03050,0.0143484511654732
ANO6,F00354,0.0108842645585427
SEPTIN7,F06348,0.0083910501214769
SYPL1,F06985,0.0067413473546743
PSMD5,F05588,0.0049778712923922
POLDIP3,F05330,0.0036827980243398
BCAP31,F00694,0.0018430376260611
NCK1,F04513,-3.077513430013435e-05
FN1,F02499,-0.0018763624761127
SART1,F06230,-0.0062644067625392
VPS4B,F07798,-0.0076714469521825
FDPS,F02425,-0.0125088425174861
TOP2A,F07353,-0.0137341197990652
LGMN,F03761,-0.0203104259378945
PRPSAP1,F05529,-0.0207986461419697
CCAR2,F00991,-0.0252146739997569
PMPCA,F05297,-0.0296364356181949
CD14,F01052,-0.0304775682665413
SRSF11,F06823,-0.0306902542962053
TAOK1,F07017,-0.0385269552389276
ADSS2,F00176,-0.0401973539003518
PRCP,F05460,-0.0435881677219351
PRRC1,F05536,-0.04476328972228
MICALL1,F04117,-0.0462809801648435
TP53I3,F07367,-0.0475019757079417
ATXN10,F00642,-0.0590128229710848
PSMC3,F05575,-0.0673543819322812
CSK,F01559,-0.0720002915530707
DFFA,F01816,-0.0757728968836609
ACACA,F00062,-0.076529233620463
ECPAS,F02032,-0.0779785204504479
VTI1B,F07814,-0.0782282912676473
FCGBP,F02413,-0.079915759683269
GLRX,F02704,-0.0861688749583219
TOMM22,F07344,-0.0871187657930024
ARFGAP1,F00452,-0.0910967609395133
BAP18,F00681,-0.0929020009384138
H1-3,F02906,-0.0933982908165887
OAT,F04836,-0.0945415944461998
ARHGAP18,F00467,-0.0964376839281862
ERGIC3,F02234,-0.0989441013583454
HBS1L,F02948,-0.1046797570009107
SLC39A10,F06567,-0.1118517106560734
RAD23B,F05769,-0.1141709034047582
PMPCB,F05298,-0.1175014651611773
EDC4,F02037,-0.1184089371002745
GNL1,F02746,-0.1205528619433465
SEMA4B,F06334,-0.1317491583059191
LGALSL,F03760,-0.1359222832091776
OCIAD1,F04840,-0.1372374968097578
PDLIM7,F05065,-0.1381772888919657
UFD1,F07645,-0.1388269987504537
EEF1E1,F02047,-0.1392572871188398
ALDH1L2,F00273,-0.146012837400359
NT5C3A,F04765,-0.1509472053476102
CYB5B,F01649,-0.1520980482756496
TRAPPC4,F07410,-0.1536958774132533
PRPSAP2,F05530,-0.1552051811117314
NT5C2,F04764,-0.1553203009266455
ALDH16A1,F00267,-0.1628737077662052
MAP7,F03973,-0.1663742175632274
MMRN1,F04170,-0.1742133136273947
RABGAP1,F05755,-0.1803828409477137
AKR1B10,F00253,-0.1814645406746691
NUTF2,F04825,-0.1924270068072923
ICMT,F03177,-0.1977828332717046
BAZ1B,F00686,-0.1978615113730194
ELMO1,F02132,-0.198821736931401
RRM2B,F06136,-0.1988920645116305
ERP29,F02243,-0.2007928037145721
SNX4,F06698,-0.2071839775278485
SYNGR2,F06978,-0.2075827905970081
ARL8B,F00515,-0.2116156610819506
IVL,F03448,-0.21320046310262
RNASET2,F05979,-0.218365589711892
KPNA1,F03589,-0.2216720883433686
NT5DC1,F04766,-0.2310918865378523
PSMD10,F05580,-0.2311851274704396
PBDC1,F04990,-0.2341294567781565
DBNL,F01705,-0.2360955388552574
PTGS1,F05625,-0.2362111464315394
ERG28,F02231,-0.2454860932009693
TTLL12,F07516,-0.2469689733422964
DBN1,F01704,-0.2491171756831497
PPP1R9B,F05426,-0.2506396726420676
TBCB,F07052,-0.251533244682452
NCKAP1,F04515,-0.2529683951015685
ACSL3,F00104,-0.2536205116701746
IQGAP1,F03383,-0.2542308889811933
CUL4B,F01624,-0.2701945030263228
TLN1,F07204,-0.2705129949509103
HSPA8,F03141,-0.2719306657535871
WASL,F07833,-0.276133809842136
FASN,F02374,-0.2785245908671649
ACAP2,F00073,-0.2833493067239915
DHX30,F01841,-0.2855811385448835
PDLIM4,F05063,-0.2874675371361294
NUBP2,F04775,-0.2892572239043814
MRTO4,F04300,-0.2943375226332037
XPNPEP1,F07892,-0.2970428194687221
PFDN5,F05104,-0.3013717248136541
FLG,F02476,-0.3023601011458249
MYADM,F04383,-0.3061919604564241
HSD17B4,F03116,-0.3087942889520814
SNX1,F06687,-0.3105986298666197
PLIN3,F05264,-0.3150733475499251
COX17,F01468,-0.3223306658162629
ATP6V1E1,F00630,-0.3256344722172938
PPP2R5D,F05434,-0.3316211115054841
CLEC4M,F01304,-0.3384246795885269
FBXO7,F02407,-0.3409918095376784
YOD1,F07925,-0.3411832918857205
WDR3,F07847,-0.3501833320873039
HSPA4,F03137,-0.3615448824345671
MRPS27,F04286,-0.3665477750165049
TMED4,F07224,-0.3669944315071704
VPS26A,F07782,-0.3688597913581553
RAB3GAP2,F05737,-0.3789586628225272
UFL1,F07646,-0.380868644337216
GTF3C5,F02883,-0.3809416405862768
COX20,F01470,-0.3836144823661166
HSBP1,F03110,-0.3843207873521826
NIT1,F04656,-0.3857546360007984
DDX23,F01759,-0.3886799316592286
ENOPH1,F02173,-0.3893259545669166
DARS2,F01699,-0.3928964583066276
LIMS1,F03774,-0.3939135338582756
ZNF598,F08037,-0.3943938460942441
MFN1,F04094,-0.3974338428616548
TXN2,F07556,-0.3980574739721951
ATP6V1G1,F00632,-0.3989482697070669
NUMB,F04801,-0.4036003516914455
IST1,F03404,-0.4044406130713358
IRF2BP2,F03388,-0.4058457477883821
STK38,F06893,-0.4073212222053797
EXOC2,F02274,-0.4073674203471403
ARL2,F00507,-0.4147110982514798
C4BPB,F00851,-0.417926214948928
SRSF5,F06827,-0.4214840521668581
RTL8C,F06159,-0.4253534691076807
PRPF4,F05521,-0.4303740825242599
MINK1,F04132,-0.4361688735051177
NIPSNAP1,F04651,-0.4418865807826119
USP9X,F07719,-0.4475176875852469
GNAI1,F02729,-0.4547590736413461
KRT73,F03630,-0.4605631020448784
LYZ,F03903,-0.4618787757353431
CYP7B1,F01677,-0.4620354299740445
FTO,F02540,-0.4670700584532963
ARMT1,F00524,-0.4690642021158806
SSU72,F06847,-0.4705073539682293
COL7A1,F01419,-0.4732178642724933
SELENOM,F06325,-0.4753407869127715
USO1,F07698,-0.4788869474683846
SLC25A20,F06517,-0.4803683599454346
RPA2,F06017,-0.4808458227276657
CD2AP,F01066,-0.4831512714400839
TBCE,F07055,-0.4833126363819562
KRAS,F03597,-0.4956605154683488
PTCD3,F05612,-0.5032865600884016
CERT1,F01190,-0.5051493053698555
GFUS,F02656,-0.5117080029316167
EPS15,F02215,-0.5188888269883862
CARM1,F00947,-0.5242094718491149
ARHGEF7,F00494,-0.527220826238941
DDX46,F01771,-0.5295521102423506
CCDC88B,F01021,-0.5346978818285738
POLR2I,F05348,-0.5371714746205447
ACAD9,F00066,-0.5387284785435086
SH3PXD2B,F06438,-0.5416116364903414
EFEMP1,F02057,-0.5475432897489718
PTPRF,F05651,-0.5501219944749677
ATP1A1,F00591,-0.5551608590885788
EARS2,F02019,-0.5554492808275812
RAB10,F05705,-0.561696819572771
LYPD3,F03894,-0.5729477952245182
MRPL38,F04253,-0.5777664667796146
BAG6,F00675,-0.5832064291360838
QTRT1,F05701,-0.5856230247824397
TMEM245,F07258,-0.5882072838888894
MSMO1,F04309,-0.5962508127854569
PTPN11,F05638,-0.5997784894725655
NLN,F04663,-0.6004998693691216
IDE,F03180,-0.6025742853802095
STX18,F06918,-0.6087479000648871
GOLGA2,F02757,-0.6110258720941597
TSG101,F07480,-0.6160419179455969
THUMPD1,F07159,-0.6176318858388901
PHB2,F05134,-0.6176892959388323
RAB14,F05711,-0.6233970193456916
DYNLRB1,F02013,-0.6290155188833659
GORASP2,F02773,-0.6305530661859972
SCRN1,F06270,-0.6391901549917175
DYSF,F02017,-0.6400049899781858
ZPR1,F08062,-0.6405322972446504
LGALS1,F03753,-0.6472375838536132
HIGD1A,F03004,-0.6477384238074896
ABCD3,F00034,-0.6487732244578714
F11R,F02301,-0.6497239379914327
BTF3L4,F00802,-0.6518744777334371
RPL26,F06043,-0.6562680223160017
PGRMC1,F05130,-0.657865393541955
DCUN1D1,F01736,-0.6597150402151203
MIX23,F04137,-0.6619608337060464
UBE2M,F07604,-0.6622918508059831
NAPRT,F04481,-0.6664792774571157
COX7A2L,F01480,-0.6686657245273901
STAT5A,F06872,-0.6753920335585774
FBLN1,F02384,-0.6796140103990155
LRRFIP1,F03847,-0.6852100664175368
SH3KBP1,F06436,-0.6915636535322699
CALML5,F00906,-0.6946794895793004
DHRS7B,F01834,-0.6965534739367002
CHP1,F01254,-0.6975280510202024
FBXO3,F02403,-0.703550359639488
VTA1,F07812,-0.7126633124255316
FTL,F02539,-0.7149792160248274
FAM98A,F02361,-0.7228328388112119
CHMP1B,F01243,-0.7267135756981488
H1-1,F02903,-0.7289241790849528
SNX3,F06696,-0.7355178582874231
PPP6C,F05445,-0.7370580347775703
RPL23,F06040,-0.739326732968393
THOP1,F07154,-0.7458196249969476
USP7,F07717,-0.7469017888325679
GTPBP1,F02884,-0.747177899398653
NENF,F04601,-0.7546401791209396
SPART,F06737,-0.7552887643826764
RAB5A,F05742,-0.7562369095071354
FGA,F02437,-0.7567414183271447
TBC1D15,F07039,-0.7585698303021357
TM9SF4,F07212,-0.7599043835025635
VPS11,F07774,-0.7642673176316483
CAMK2D,F00913,-0.7675526733068481
TIMM50,F07177,-0.7682339308826354
UBA3,F07578,-0.7712027997142319
RPL36AL,F06056,-0.7721071232261745
PRAF2,F05453,-0.7791587495208575
NUFIP2,F04799,-0.7794753657052089
RP2,F06015,-0.7854152338314193
MPRIP,F04210,-0.7870437681547936
UGDH,F07650,-0.791448780237231
RAB11B,F05706,-0.7944779812031029
LMAN2,F03785,-0.7946740272391886
LSM7,F03863,-0.7963149459278221
MRPL28,F04245,-0.8013927894904489
GCLM,F02632,-0.8018795218260483
PPP2R1A,F05428,-0.804147307322031
TRAP1,F07403,-0.8113262571957527
MARK2,F03994,-0.813233882591062
TMED1,F07220,-0.8134599450757455
CFHR1,F01204,-0.8177040512755072
LARP1,F03711,-0.8228246584783083
ADK,F00166,-0.8287730421781498
SDR16C5,F06293,-0.8292562426502642
SUMO1,F06946,-0.8311449238854061
GMPPB,F02722,-0.8350642669574284
CRLF3,F01537,-0.8379335969132002
PRKRA,F05500,-0.8407702898589109
PSMC4,F05576,-0.8475950464846205
RAB1B,F05716,-0.8500206833811386
MTHFD1,F04338,-0.8502180109379842
RPS21,F06096,-0.854581947628478
MAPK1,F03975,-0.8604643501635847
CTNNA1,F01592,-0.8613111651859104
NGDN,F04629,-0.8658191399340862
ASPH,F00556,-0.8692243394014154
RPS24,F06098,-0.8697256054150175
LRRC57,F03840,-0.8715196676894765
SLC35F6,F06559,-0.8719995714034775
DYNC1I2,F02007,-0.8753088808684659
FTH1,F02538,-0.8761800449820625
MYL6,F04416,-0.8837701616113206
TBXAS1,F07065,-0.8839001720497636
BCLAF1,F00712,-0.8894304597091826
DNAJA2,F01893,-0.8957031360943413
RBM3,F05842,-0.8957196842027864
FAU,F02381,-0.8975459416530605
PLG,F05259,-0.8979057392949021
PSMB4,F05567,-0.9051566549111988
NUP210,F04810,-0.9081588418651906
GNA13,F02727,-0.909711027937852
HNRNPA3,F03062,-0.9102983319781568
MRPL12,F04230,-0.9104371342004416
HERC4,F02988,-0.9124378878364818
TAX1BP3,F07033,-0.91339155004179
PFN2,F05113,-0.9141555532480506
MKI67,F04138,-0.9172421543396176
EWSR1,F02270,-0.9178505980857948
IMPDH2,F03345,-0.9216512072675018
C6,F00857,-0.9325878373217354
TGM2,F07133,-0.9381545401361464
C7,F00864,-0.9400963588296712
CREG1,F01527,-0.9490100097868268
GRB2,F02824,-0.9598257841652352
SLC25A6,F06530,-0.9613118601505222
CYB5R1,F01650,-0.9652806640334464
CDKN2AIP,F01149,-0.9774552301795738
MAP1S,F03957,-0.9845631813100506
ATP6V1D,F00629,-0.9848265929228348
TPP1,F07381,-0.999874181123402
HMGCS1,F03048,-1.000998369035036
MRPL21,F04240,-1.0029164459677968
NECTIN1,F04583,-1.0039983029548534
LAMTOR3,F03703,-1.0173913170408413
MCU,F04045,-1.0173917690824614
C1QBP,F00835,-1.0209277698452517
TUBB4B,F07536,-1.0246996000364028
HCCS,F02950,-1.027356710443515
EXOC7,F02281,-1.0317579928290082
ARPP19,F00534,-1.034271352914948
MRPS17,F04277,-1.0349595194252927
SMAP2,F06610,-1.036320864733721
VPS13C,F07777,-1.056623961008485
EXOSC10,F02285,-1.0599942384651582
ACTN4,F00120,-1.0632715719817905
SNF8,F06664,-1.0649464839467864
GUK1,F02894,-1.0660571159277632
RPS6KA3,F06114,-1.0702993992874363
ZW10,F08068,-1.074788747074242
AP1S1,F00380,-1.076266372068838
GSS,F02854,-1.0875328455509925
ADISSP,F00165,-1.0889944707889423
DCAF7,F01716,-1.09053311787934
IMPA1,F03341,-1.0913559028206363
LARS1,F03715,-1.0929803504433178
ANXA8L1,F00371,-1.0936578838571602
CDC42BPB,F01109,-1.098930623391466
MRPL43,F04258,-1.1012912649894842
GABARAPL2,F02571,-1.1042741091811534
ACAA1,F00060,-1.1070978612140046
LLGL1,F03781,-1.113598610151716
DNAJA3,F01894,-1.1182313205458236
LACTB,F03684,-1.1280295608151685
PIP4K2A,F05191,-1.1336535770428653
DCPS,F01726,-1.1343687361161174
SMTN,F06649,-1.13461399320887
GLTP,F02710,-1.142449444794078
ATP6V1H,F00633,-1.1436355627347408
PAFAH1B2,F04935,-1.1482171952776965
GNA15,F02728,-1.1534076194384348
PRKAG1,F05485,-1.155795982683974
ATG7,F00577,-1.1563031394868206
JAGN1,F03453,-1.1688493869044676
HMBS,F03037,-1.1699268108276142
AAAS,F00005,-1.170010837009842
PTX3,F05660,-1.1726873821450468
CDC37,F01104,-1.1779850700898582
RBX1,F05866,-1.1849858532014246
LY6D,F03887,-1.1857797927878548
MAGT1,F03934,-1.188206433894844
HMGB1,F03044,-1.189150018901148
SEC23B,F06305,-1.1971691481420763
PPBP,F05374,-1.2025518726305595
CALML3,F00905,-1.202946506275384
MYO6,F04435,-1.2029927802458171
PLEKHO2,F05258,-1.203726095520309
DDRGK1,F01749,-1.2112979075460697
CCDC93,F01024,-1.2116375885642738
CLIC3,F01309,-1.2193565813690217
CCNK,F01035,-1.225318084660778
REEP5,F05892,-1.2265732070545867
CFAP20,F01197,-1.2291501093640418
IDI1,F03186,-1.2337994072914706
GLUL,F02712,-1.24809457469109
NAPA,F04479,-1.2522057588086155
COA6,F01374,-1.255034275718849
GSTP1,F02865,-1.2568849844294068
EI24,F02077,-1.261132295675233
NAGA,F04469,-1.2674248469094131
VPS37B,F07793,-1.2679226704518969
SSBP1,F06835,-1.2711462219135687
APRT,F00438,-1.27400352179169
SRSF2,F06824,-1.279323147330797
DNAJC2,F01910,-1.281636383157747
MRPL39,F04254,-1.2887507987369085
PSMD4,F05587,-1.2896967806279953
MICOS10,F04119,-1.2901131617275157
TBC1D4,F07046,-1.2921673376576266
VPS52,F07801,-1.2928463463760098
MCTS1,F04044,-1.2931869688234925
CC2D1A,F00988,-1.2980489059850104
COMT,F01433,-1.306323749936027
POLR2C,F05343,-1.310895973618465
RPL8,F06067,-1.3109068120030225
GAN,F02594,-1.316520598688617
SLC25A1,F06510,-1.3221926522677436
F5,F02308,-1.328346789638449
CLINT1,F01312,-1.3316887132082986
RPL37A,F06057,-1.3359743157649198
FKBP2,F02468,-1.3417860909213433
SMARCC1,F06618,-1.346412297942254
FNTB,F02510,-1.3487728286288825
RAB12,F05709,-1.3507326897042788
USP14,F07702,-1.3545478349465765
FBP1,F02390,-1.3567239605137045
AKAP2,F00246,-1.3662378808462428
CYP51A1,F01676,-1.366269873086289
DYNC1LI1,F02008,-1.3673437307352982
CBX5,F00986,-1.3675539639186949
YWHAG,F07934,-1.3747481323101614
ATL2,F00581,-1.3768548222749444
WAS,F07824,-1.3799619711569011
DPYD,F01963,-1.386967963653048
SEC16A,F06302,-1.3880640402734423
ITPR2,F03442,-1.3899678275283218
NAPG,F04480,-1.3920093466605798
EXOC3,F02275,-1.3954171917051972
MRPS16,F04276,-1.4038916782440851
DOCK9,F01939,-1.4115708764652872
RCN2,F05875,-1.411849427131805
CA2,F00877,-1.4125582170776023
NANS,F04476,-1.419910112718914
PCM1,F05015,-1.420549581752727
MRPL13,F04231,-1.4221780611044292
TMEM41B,F07271,-1.4236202243748748
ARMC1,F00516,-1.4273081592119192
GAA,F02567,-1.427646370302189
MFGE8,F04093,-1.430597698475334
DRG2,F01972,-1.4363308398770065
GPRIN3,F02807,-1.4392489698286297
NUDT2,F04790,-1.44255774028303
UBTF,F07634,-1.4523647487489808
NECTIN2,F04584,-1.452658659333827
BRK1,F00789,-1.4551844992460277
TRIM29,F07430,-1.4553538839785276
TOMM6,F07348,-1.4562144711837235
MRPS23,F04282,-1.466011184198739
IRF2BPL,F03389,-1.4721277384358316
RPL31,F06050,-1.4773986224007982
MRPS28,F04287,-1.4788536008734805
MVK,F04377,-1.4797731029357997
CTTNBP2NL,F01616,-1.4819796995696637
ARFGAP2,F00453,-1.4876940208969949
ANO10,F00353,-1.488191582624923
BCKDK,F00704,-1.488295702189233
MCFD2,F04031,-1.492650601634535
MRPS2,F04280,-1.4960423240684189
DSC2,F01974,-1.4968309074313468
PEX19,F05097,-1.4990861578472885
SLC29A1,F06539,-1.4992025437815562
SORD,F06715,-1.5096979582080914
COG3,F01382,-1.519264109085282
CDS2,F01153,-1.5239490456405391
HECTD3,F02979,-1.5402148744778263
FAM114A1,F02327,-1.5416372597927888
MVD,F04376,-1.5522198877693956
PFDN1,F05101,-1.558045528999518
FLG2,F02477,-1.5660651820463911
PIGC,F05168,-1.5664737287102826
MIA3,F04113,-1.5670759459887045
MRPL41,F04257,-1.568455051802364
EIF5,F02121,-1.5688246732236957
COPS5,F01445,-1.571378565546888
LRRC1,F03829,-1.5716927644461385
PROS1,F05514,-1.5738212347696263
RAB3D,F05735,-1.5808243154070702
VCAN,F07753,-1.5832573087271946
C5,F00854,-1.5868624928172124
GATD1,F02611,-1.6031637610441123
ZFR,F07980,-1.6034106841937046
NQO1,F04729,-1.604787188989126
SNX6,F06700,-1.6208509309753136
FRG1,F02526,-1.6341683180846316
QARS1,F05690,-1.6369340540537822
GNAO1,F02732,-1.640369797712241
SMARCC2,F06619,-1.6413057401340847
F13B,F02304,-1.642682395400058
PHB1,F05133,-1.6463623930078968
XRCC1,F07900,-1.6523190464890618
ARL3,F00509,-1.6540853425720872
MAP3K20,F03965,-1.6550385350879495
RAB27A,F05722,-1.657821418938938
STEAP4,F06880,-1.6585783585245482
SSH3,F06839,-1.6630116687473393
TMSB4X,F07298,-1.6657251194758518
POF1B,F05316,-1.6675686089687247
LEMD2,F03746,-1.6693927091931078
TDRD15,F07090,-1.6718377705089251
IL16,F03320,-1.6756511603438056
MRPS35,F04292,-1.683815033437839
WBP11,F07834,-1.685058133518229
TMEM126A,F07234,-1.6881134756936886
SDHC,F06291,-1.6945518260571957
TARS2,F07029,-1.695489303032281
FLYWCH2,F02489,-1.7030721526248211
ATP2B4,F00601,-1.703425896196593
BCL2L13,F00709,-1.70400186816352
FNTA,F02509,-1.708185036638189
MRPL49,F04264,-1.7260170533076136
ALDH1B1,F00271,-1.7327873395642714
CROT,F01542,-1.7368062377549764
GTF3C1,F02879,-1.7394316633553308
MRPS22,F04281,-1.7415601027677017
HOOK1,F03083,-1.7416845469519406
S100A14,F06187,-1.7422306626662325
RO60,F06009,-1.74724220362175
RAB1A,F05715,-1.747632974213995
EVL,F02268,-1.7539144162846756
MRPS31,F04289,-1.7593177289273276
PSMB7,F05570,-1.7594104129999202
LDHB,F03740,-1.7630070722065434
OPTN,F04869,-1.7638607815572511
GPC1,F02787,-1.7640300637310389
SLPI,F06600,-1.7676006913762023
KLC4,F03560,-1.769497083186595
RPE,F06021,-1.7789354270013529
SEPTIN11,F06343,-1.7804158030549335
SNRPE,F06678,-1.78600806351064
SNX9,F06703,-1.794629270258101
MRPL2,F04238,-1.7986445706640637
SLK,F06598,-1.8048868223154348
PPM1A,F05397,-1.8091038585522472
ARF6,F00451,-1.8101895134790744
ABHD12,F00041,-1.8180584055618396
SEPTIN2,F06344,-1.8188488692550904
SERPINB2,F06367,-1.8276563010637945
FARSB,F02372,-1.8294457054055728
SH3GL1,F06433,-1.8399390439755932
PREB,F05468,-1.843650888231655
TMEM165,F07242,-1.8590114974781824
ARPC1A,F00526,-1.8692874951255531
RANBP3,F05789,-1.8726811941093733
VAMP8,F07740,-1.8745020338087524
NSFL1C,F04754,-1.874538084580204
MTCH2,F04329,-1.8823352519446528
SEPTIN8,F06349,-1.8835840876118213
EIF2B3,F02088,-1.8863498896547275
RPL13,F06029,-1.8875801056160495
FAM114A2,F02328,-1.8900062034008351
ARMC8,F00519,-1.890809362333268
RAB8B,F05750,-1.895283515290417
TNFAIP2,F07306,-1.903796987495341
PGP,F05129,-1.907846992182872
IRGQ,F03395,-1.911019361981571
SNX12,F06688,-1.912113562323719
FLOT2,F02483,-1.9153280406460147
CTNNB1,F01596,-1.9160309912554203
SEC22B,F06303,-1.91908140666412
RAD21,F05767,-1.925481276359672
RPP38,F06077,-1.936928743719485
ENPP2,F02177,-1.941251008349976
WDR44,F07853,-1.9426690411948333
SMC1A,F06623,-1.9429639805866128
SMAP1,F06609,-1.9445776803621213
CPNE3,F01494,-1.9476268675178692
FAM136A,F02333,-1.9503023474032632
ACOX1,F00094,-1.951804233436524
MRPL11,F04229,-1.9537963911421532
SACM1L,F06204,-1.9544331278946396
CSTA,F01576,-1.955055564936724
RDX,F05886,-1.9655488035675015
IKBKG,F03316,-1.9662693326241856
CYCS,F01659,-1.9715551306513872
LAMTOR5,F03705,-1.973881777436359
TALDO1,F07012,-1.9759322778991133
RAB11FIP5,F05708,-1.979843418244936
PPP2CB,F05427,-1.9809486482889944
PKN2,F05215,-1.9832824010091927
C1R,F00838,-1.983994908232702
LONP1,F03799,-1.993033321823112
PLEKHF1,F05253,-1.9948766747416808
AKR1C3,F00257,-1.995367865924602
RELCH,F05897,-1.99625100472304
ADD2,F00146,-2.004223324840793
NT5E,F04769,-2.004394829758283
GET3,F02648,-2.00604489596671
BLMH,F00734,-2.010428121340988
CAT,F00968,-2.016881935997642
WFS1,F07871,-2.028070526536227
NRM,F04745,-2.0363009870223427
RAE1,F05773,-2.039333210866127
ARMC10,F00517,-2.046919554948757
SLFN5,F06595,-2.047974159456413
HEATR1,F02969,-2.0507960258244338
MTPN,F04357,-2.0526739269995367
S100A8,F06195,-2.057782290303114
EXOC8,F02282,-2.059694368200218
MRPL44,F04259,-2.0615071149449005
LTN1,F03879,-2.062613237347368
BLOC1S1,F00735,-2.065212603939336
CDC5L,F01117,-2.0696864465094804
MRPS34,F04291,-2.0705171415912966
SETD3,F06386,-2.0707874236096075
ROCK1,F06011,-2.072305210779501
GNB2,F02737,-2.0766967838779444
ACTBL2,F00113,-2.078186446377468
CPVL,F01511,-2.078433421285065
HSD17B12,F03114,-2.0857859171709867
C1S,F00840,-2.0974828201858298
NIT2,F04657,-2.098349222213169
SCO1,F06264,-2.099241737756396
CRYBG1,F01546,-2.111155670679924
DPP7,F01956,-2.1124877094790047
DHRS4,F01832,-2.1132688712614023
STARD10,F06865,-2.115649674336964
GLIPR2,F02700,-2.1225739019140457
STAM,F06860,-2.124050809585898
UBE2O,F07606,-2.1249617804342846
MAPRE3,F03988,-2.133835359303889
DCTN4,F01732,-2.1391786455739683
CPPED1,F01498,-2.144022020505709
SERPINB1,F06363,-2.147556621287624
POGLUT3,F05321,-2.1561223004475223
RNH1,F06005,-2.1584685886559964
UBE2N,F07605,-2.159689617424297
ARFIP1,F00458,-2.163045933074953
C8A,F00866,-2.173980961891235
GPS1,F02808,-2.1753176077300678
SDC1,F06277,-2.17650034176838
NSF,F04753,-2.179655525995455
KRT71,F03628,-2.1826227502760536
GNG2,F02742,-2.1830836445379456
SLIRP,F06596,-2.1899496345577507
RETSAT,F05908,-2.1901913439802945
FAHD1,F02324,-2.1961392729165405
TSN,F07483,-2.1987190425934844
COX7C,F01481,-2.207265150651506
YAP1,F07908,-2.214156784978327
AHSP,F00224,-2.2158460924413927
VAPB,F07743,-2.221468697364604
NBEAL2,F04494,-2.223351566306201
GPX7,F02817,-2.223478602797716
HGS,F02997,-2.224084954382421
SNCA,F06660,-2.227346848702468
GRIPAP1,F02830,-2.235704445710433
ITGA1,F03409,-2.249647430579693
NEK9,F04595,-2.2650041283811264
OXSR1,F04910,-2.266697850311479
HBD,F02942,-2.2668103536739195
NTPCR,F04772,-2.268466461900016
ANKRD22,F00344,-2.2745124995046058
DHODH,F01826,-2.274980729760301
TMEM40,F07269,-2.275575267739101
C1QB,F00834,-2.276915426833356
CBX1,F00984,-2.2860088362575226
GALK1,F02580,-2.2862622396473755
S100A9,F06196,-2.288053956164465
GIMAP1,F02674,-2.2990344124906392
RAD50,F05770,-2.299671299022017
KRT8,F03636,-2.3022993239701184
WDR37,F07850,-2.3039051944633395
STRN,F06906,-2.313742358294941
MFAP2,F04089,-2.3213716963921485
FLOT1,F02482,-2.326848220615612
CD59,F01084,-2.332211487141347
COPS6,F01446,-2.335708834824717
ASL,F00553,-2.336922782371436
GCLC,F02631,-2.339432175619632
APOF,F00427,-2.3531259226101184
ZCCHC8,F07962,-2.3533224548733385
NUDT16,F04787,-2.3545951309172355
BPNT1,F00774,-2.364805627894431
AARSD1,F00015,-2.365010801660693
PYGB,F05683,-2.3670513306485272
CA1,F00875,-2.3723044380317404
CCT6B,F01046,-2.3817293487141304
ASS1,F00562,-2.3905646824603517
PSMF1,F05598,-2.400392372339233
GGPS1,F02664,-2.4062445021010785
MYH3,F04402,-2.407437112845549
SRP14,F06806,-2.412147671475622
AIMP1,F00230,-2.414258904159734
DTD1,F01985,-2.4177629088407446
ACYP1,F00129,-2.4337408219497583
ASPSCR1,F00560,-2.434595605660176
S100A16,F06188,-2.4386187201917817
STXBP1,F06927,-2.4401110934155805
TMOD3,F07288,-2.445261312628121
UBE4A,F07616,-2.450186096354615
MGAT3,F04103,-2.458781544448091
PDCD6IP,F05036,-2.464390572069839
ACTR10,F00121,-2.464885126227837
FGL2,F02446,-2.4662718522001468
PIP,F05190,-2.470668597307956
EXOC4,F02277,-2.470841076399274
MYO18A,F04423,-2.4709157536591797
SULT2B1,F06943,-2.477581474561065
TMEM30A,F07264,-2.4819530292313514
TBCD,F07054,-2.485172837934695
DIABLO,F01852,-2.486067032825428
TPP2,F07382,-2.493440981779855
CNN3,F01352,-2.495270977518946
GDI1,F02640,-2.495940787237758
HSDL1,F03119,-2.496309851084026
ARRB2,F00536,-2.5001486263986177
C9,F00871,-2.5004815690499624
TPD52,F07372,-2.507844816841013
MAVS,F04009,-2.513018129805387
ILK,F03335,-2.514624819711144
C8G,F00868,-2.515927827044094
HSPA4L,F03138,-2.5229188502501065
C1QC,F00836,-2.5242082902175618
PBRM1,F04992,-2.5268131375497465
MRPS18B,F04279,-2.534233796477677
FBLN2,F02385,-2.546090169911118
MRPL16,F04234,-2.554897193059501
PPIA,F05383,-2.5586496452734444
TMED3,F07223,-2.5591859112351183
RAC1,F05763,-2.5592278817250373
TUBGCP2,F07540,-2.5735668729914
PMVK,F05300,-2.5784626052023727
LAMA4,F03691,-2.580326545621681
VTN,F07815,-2.590862051619917
SLC25A10,F06511,-2.594063220533477
IAH1,F03169,-2.6027907938625865
NADK2,F04465,-2.605302309427252
MCAM,F04024,-2.61012600951899
CFH,F01203,-2.6113119255176467
NCCRP1,F04507,-2.62677378356291
TGM1,F07132,-2.631468742493712
ARHGDIA,F00478,-2.6338860346902884
GLYR1,F02714,-2.6352867191115243
PRX,F05548,-2.6361477928674986
SBSN,F06238,-2.637917098957145
EMILIN2,F02160,-2.6380469823961
ABHD10,F00039,-2.6400231604163853
SEPTIN10,F06342,-2.6404670242746997
NEFL,F04591,-2.6448372425684363
DUSP23,F02000,-2.6537627792401275
PIK3C3,F05180,-2.658133316342345
SBDS,F06235,-2.661744952148573
APBA1,F00398,-2.6638844700162934
TMED2,F07222,-2.675610138196836
AP1M2,F00379,-2.681865481675275
TACO1,F06999,-2.6820405848672504
SERPINF2,F06380,-2.689108527740858
ENSA,F02180,-2.6911822183843794
TRNT1,F07464,-2.6950846422908445
H1-2,F02905,-2.7032795475399074
BZW2,F00813,-2.708201740675735
HSP90AB2P,F03126,-2.71507535612875
SMARCE1,F06622,-2.7214407659050166
COPS2,F01442,-2.724919250603118
SARG,F06225,-2.7265215203838182
MAP2K2,F03960,-2.7278843638010186
MFN2,F04095,-2.731407927447927
AKR1C2,F00256,-2.7377429506708006
NES,F04603,-2.744571832005353
ADSL,F00174,-2.7457477394921783
PITRM1,F05204,-2.751197612316836
NAGK,F04470,-2.753565733496978
MRPL17,F04235,-2.7538229588588115
FOXK1,F02518,-2.756006999648244
MSI2,F04307,-2.756207062341645
CYBC1,F01656,-2.758367311746248
DPCD,F01947,-2.759680312776791
F2,F02305,-2.759683830555987
PPT1,F05449,-2.76889823804717
NFS1,F04624,-2.775087517688616
USP8,F07718,-2.7782014442874474
MRI1,F04222,-2.781733541927062
ANXA1,F00362,-2.7933238687928834
CGN,F01214,-2.797695584584633
CCS,F01040,-2.8014424811881447
DDI2,F01747,-2.8027916610161445
GDI2,F02641,-2.80705707817842
ITIH3,F03433,-2.80748406930172
DNAJC11,F01906,-2.8174530296295144
GIMAP4,F02675,-2.8177668872719868
SERPINB13,F06366,-2.8348315471836205
STK39,F06895,-2.844933951047439
ITIH1,F03431,-2.8520916318522858
FIP1L1,F02460,-2.856304022455176
KRT3,F03615,-2.8583105917063696
SNX17,F06690,-2.861291448453406
UCHL5,F07641,-2.863134309724356
BLOC1S2,F00736,-2.8675058960225277
SYNJ2BP,F06979,-2.868224801443704
MRPS9,F04297,-2.8708592791007743
RPS27L,F06104,-2.8715217492565555
GOLGB1,F02763,-2.872988507693547
PGLS,F05121,-2.876114566176903
F10,F02299,-2.879332872537123
COL4A3,F01409,-2.882261906783441
PSMB5,F05568,-2.901031925011824
OLA1,F04856,-2.9154822233153874
EMD,F02156,-2.916404456198058
SYNE1,F06974,-2.9430781444459964
RBMXL1,F05860,-2.943415819432176
SIPA1,F06466,-2.946233032955687
UFC1,F07644,-2.9507170584907216
SLC12A2,F06487,-2.9585503129504422
MRPL40,F04256,-2.9655052757511324
UQCRH,F07688,-2.974325381457197
AACS,F00006,-2.98635504861356
DHRS1,F01828,-2.992053325744247
USP47,F07715,-2.992413030441765
WNK1,F07877,-2.997633068404604
H1-4,F02907,-3.0032496599292187
MRPL3,F04246,-3.00369118046475
CUL3,F01622,-3.0077329030552
RPIA,F06024,-3.019874884599415
EPB42,F02194,-3.0217059302247407
NBAS,F04491,-3.026625973259045
VCL,F07754,-3.027249134281079
HBB,F02941,-3.029908860100417
HSPA9,F03142,-3.0330556294184907
COASY,F01376,-3.035614879133452
RAI14,F05775,-3.0360711620256238
FCHO2,F02419,-3.0393500397254067
LIN7C,F03775,-3.041793253743647
PFKL,F05109,-3.0425752056047237
GPHN,F02793,-3.0475385379568065
ATP5MK,F00613,-3.067241461396595
PPP5C,F05444,-3.068577158887859
LTBP2,F03873,-3.0718670975952547
C1QA,F00833,-3.075547764177571
EIF5A,F02122,-3.078332315458133
CHMP3,F01246,-3.0817274252637405
KRT9,F03643,-3.084712967332431
SMARCA2,F06612,-3.088841676665185
IRF2BP1,F03387,-3.092454168226465
MRPL15,F04233,-3.096235200017008
TOMM70,F07350,-3.101495243510288
LYPLAL1,F03898,-3.1159575618205992
MT-ND4,F04352,-3.1162341085194623
TOP2B,F07354,-3.1186492741550804
CHID1,F01238,-3.123510223154918
GLO1,F02702,-3.12457027692328
MRPL50,F04265,-3.1250002597989357
LTB4R,F03871,-3.125381954659495
MYBPC2,F04386,-3.132271097306268
VPS36,F07791,-3.1347282907435514
FABP4,F02314,-3.1386695750878206
C4B,F00849,-3.143306816686649
TRIM16,F07421,-3.144446017331248
MAPK13,F03976,-3.165036676264581
C8B,F00867,-3.169514433884558
KRT2,F03612,-3.169743103675449
PIR,F05198,-3.1777710313278043
SKIC8,F06481,-3.18239461718969
TUFT1,F07544,-3.1824888040347163
EPS15L1,F02216,-3.187246756219887
CHMP2A,F01244,-3.1881460160905264
UCHL3,F07640,-3.1909284167271164
IDH3B,F03184,-3.194215401986379
DUT,F02003,-3.196333961393537
PTRHD1,F05657,-3.199495925135162
HBA1,F02940,-3.199687333648681
IARS2,F03171,-3.203655981341649
FN3KRP,F02501,-3.2134303358841665
HUWE1,F03162,-3.213772086915275
SIRT5,F06472,-3.2167971926851098
GYS1,F02898,-3.232107215345448
ACP1,F00096,-3.238331146405749
PTK6,F05630,-3.2395046456636574
TUFM,F07543,-3.241297744057838
IDH3A,F03183,-3.241592007065636
LPA,F03806,-3.2449433194340136
CCDC22,F01007,-3.247255498488093
VAMP3,F07736,-3.253082784657728
MRPL37,F04252,-3.257100252500829
RSU1,F06153,-3.258785263818798
NAE1,F04467,-3.266075099241098
VWA1,F07816,-3.26940079966334
APOH,F00428,-3.270502387647732
ARL8A,F00514,-3.271525927706568
SYAP1,F06965,-3.277254789486806
DERA,F01809,-3.27834508387163
NDUFAF4,F04553,-3.282078513623926
PDPR,F05069,-3.2863424602959674
ECHDC1,F02025,-3.290754823726336
LRBA,F03819,-3.291143387600381
GNB1,F02735,-3.302140770488945
MXRA7,F04382,-3.309759248677834
ARFIP2,F00459,-3.315109356313345
USP5,F07716,-3.315228157566118
NEDD8,F04589,-3.316036720798194
TIMM9,F07180,-3.316184133623941
ALCAM,F00266,-3.317481187657063
LAMTOR4,F03704,-3.318736756701223
IDH3G,F03185,-3.3317089191263856
SNX18,F06691,-3.340346506457629
SPRYD4,F06780,-3.342811973098478
ANK1,F00332,-3.351662576220924
NEB,F04579,-3.357231035029389
RDH14,F05884,-3.3592891527831625
HDHD5,F02967,-3.3620536196058564
C4A,F00848,-3.362729737603199
ENO2,F02171,-3.3631257254183287
SNAPIN,F06659,-3.3650476629977404
ATP1A2,F00592,-3.3682114517913715
SPTA1,F06782,-3.370173748315628
F9,F02311,-3.37397957131544
YWHAE,F07933,-3.3762042804190195
LZIC,F03904,-3.3776615496436118
ATP2A2,F00598,-3.377842278118297
GHDC,F02669,-3.378175669715684
RYR1,F06179,-3.3785098862144505
ANKRD35,F00347,-3.3856927435659663
NCK2,F04514,-3.386920632941345
AFDN,F00181,-3.387177051284409
PREP,F05470,-3.3905199703604763
ROCK2,F06012,-3.3914792192686134
ATP2A3,F00599,-3.396459956832617
COBLL1,F01378,-3.4009584014752536
GPX1,F02813,-3.405952270204593
NIF3L1,F04643,-3.4108922047391843
MFF,F04092,-3.4125411059838964
ANXA6,F00368,-3.413380134212799
ATP5MJ,F00612,-3.4144373448099223
PCOLCE,F05020,-3.4172282069222573
MRPL58,F04269,-3.425363469075112
SRI,F06803,-3.431148170432155
USE1,F07697,-3.437427508439044
CRK,F01535,-3.437497495255361
ZNF185,F08000,-3.44106037750936
SAR1B,F06223,-3.446322362902007
NID2,F04642,-3.448947426366593
MRPL46,F04261,-3.455954403440449
DPF2,F01949,-3.4561163177515986
MICOS13,F04120,-3.4565817909105987
TLE3,F07199,-3.458838399821328
CAV1,F00969,-3.4589412295995703
FMOD,F02497,-3.462383017250533
MAPRE2,F03987,-3.4637613787947488
PDXDC1,F05072,-3.467282515925864
KRT7,F03627,-3.476819339419045
VDAC2,F07758,-3.479985717249409
SLC4A1,F06580,-3.485843372746063
GTF3C3,F02881,-3.49162170405948
COQ6,F01455,-3.496730122733668
ECM1,F02031,-3.4969162451470006
ABHD16A,F00043,-3.507151410236998
RAB25,F05721,-3.507324963990672
TPPP,F07383,-3.509049038779276
ARHGEF10L,F00481,-3.5124734789217817
OPA1,F04866,-3.5182875062801684
UBE3A,F07614,-3.532883079149587
SARS2,F06229,-3.538919587634258
ITIH2,F03432,-3.540754999827518
TNNT3,F07326,-3.542153787288211
SAMM50,F06216,-3.5480273112777523
WASF2,F07826,-3.5487280421650182
RCSD1,F05879,-3.5497473243340014
OSGEP,F04895,-3.5509875789458647
ARHGAP17,F00466,-3.55464820355371
TMEM256,F07259,-3.561880965380016
TANGO2,F07015,-3.5628148696491766
ANXA5,F00367,-3.567288017239039
MRPL4,F04255,-3.5702467679074195
PGK1,F05120,-3.57335187202084
SERPINA4,F06359,-3.582096397277368
HSPA2,F03136,-3.5871228139656024
NIBAN2,F04640,-3.589051701568972
SLC25A3,F06521,-3.5918070456600657
TXN,F07555,-3.5983431718744447
COMMD2,F01424,-3.5998847417397486
SETD7,F06387,-3.601422713000367
NAP1L4,F04478,-3.6074624659517194
LXN,F03886,-3.61295454545381
CHCHD3,F01224,-3.62555276310335
MPP1,F04208,-3.6262552985513703
ERMP1,F02241,-3.630580493036264
FKBP1A,F02467,-3.631542832584988
OPA3,F04867,-3.642288961674344
BCR,F00713,-3.644038413963878
FARSA,F02371,-3.647109284324858
MRPL23,F04242,-3.647128286325981
HRNR,F03104,-3.648648119059796
SH3BGRL,F06427,-3.660479169244671
AHCYL2,F00217,-3.669343917768563
ACSS1,F00107,-3.670630317081145
HTRA2,F03158,-3.674815802135794
MT-ATP8,F04326,-3.685633672415696
PI4KA,F05161,-3.6860823264755305
VPS26B,F07783,-3.696658099660369
AIFM1,F00228,-3.7020221142403664
CD81,F01090,-3.706332552008433
H4C1,F02919,-3.708947926742279
ACAT2,F00075,-3.709767784754349
BCAM,F00691,-3.710852892100387
GHITM,F02670,-3.715148204512693
PTGES2,F05618,-3.7215127057280704
DDB1,F01743,-3.722286040689985
EML2,F02162,-3.722414772942343
COPS3,F01443,-3.722519655722812
LRRFIP2,F03848,-3.723995977026036
SMAD2,F06606,-3.7312332302914006
CNTN1,F01369,-3.7380522936929226
C11orf68,F00818,-3.744484971816687
RPSA,F06123,-3.7456118341742486
KRT19,F03611,-3.747037460437589
RABL6,F05762,-3.758234138051161
IQGAP2,F03384,-3.765992382581282
PTPMT1,F05636,-3.7665346494145058
PTPN23,F05643,-3.770347332177103
DNAJB2,F01899,-3.773232971018367
NLRX1,F04669,-3.7821237605882794
RIDA,F05946,-3.7837276588210513
CAMK2G,F00914,-3.789265489822262
TCHH,F07080,-3.790885669287682
PLXNB2,F05290,-3.796344450662639
GSTK1,F02859,-3.796486492596788
MAL2,F03937,-3.802340838169583
MACROH2A1,F03912,-3.803458879928855
RAB27B,F05723,-3.810729429484524
CPN2,F01491,-3.815807369390886
RNPEP,F06007,-3.8254753708902056
RAP1A,F05793,-3.8291316370122006
GMPPA,F02721,-3.832821670026772
TRADD,F07396,-3.833009172479168
NCAPD2,F04499,-3.837503283146492
VDAC1,F07757,-3.841360937277375
ENTPD1,F02181,-3.844408185724516
NME3,F04673,-3.8497504168872823
COL4A1,F01407,-3.851983135517856
AKR1D1,F00258,-3.855807677638353
FKBP8,F02473,-3.858257260653612
NIPAL4,F04649,-3.865081812910078
NRAP,F04735,-3.87061902236626
TMEM205,F07252,-3.875913725081861
SCRIB,F06269,-3.8849623932991686
NDUFC2,F04567,-3.8901015730106985
CUL4A,F01623,-3.903824142629134
SCCPDH,F06251,-3.906905069868488
PLXDC2,F05287,-3.922368789734661
CPQ,F01499,-3.929263353911084
EMILIN1,F02159,-3.9336361821725374
XPO7,F07897,-3.935138077410134
MRC2,F04217,-3.9423227206258806
SKIC3,F06480,-3.942915639378314
ACTR1A,F00122,-3.952727381115888
SYNE2,F06975,-3.953953302870739
DES,F01814,-3.9567284852543674
STX4,F06922,-3.9645202911151807
AK4,F00239,-3.969209396423432
PPP1CB,F05406,-3.970445338970039
BAG5,F00674,-3.995817654850103
ANXA4,F00366,-4.001441109432605
NUBP1,F04774,-4.0098174306816725
MT-ATP6,F04325,-4.011765094115924
LDB3,F03737,-4.016046204402617
DDT,F01750,-4.019489629084896
AGR2,F00208,-4.025005911134362
MYOM2,F04440,-4.041571589270924
ADPRS,F00172,-4.042681719929751
ESYT2,F02256,-4.043042558677994
CS,F01553,-4.043765122724302
CNP,F01363,-4.047073477332438
SLC35A4,F06554,-4.053005018271759
TWF2,F07549,-4.053395958622102
CD55,F01082,-4.055087760481785
EPB41,F02189,-4.064976584096477
TGFB1I1,F07130,-4.068741100452221
CD5L,F01085,-4.072786382612656
KIF13B,F03530,-4.076842228188473
GMDS,F02716,-4.084861429524132
NUMA1,F04800,-4.090447676160532
TECR,F07093,-4.098967065744492
HSPB1,F03143,-4.103633393272522
IGHG3,F03228,-4.1046344368975385
F13A1,F02303,-4.133728394623944
AFG3L2,F00186,-4.139876693159836
SPTB,F06784,-4.151258814807196
GIT1,F02684,-4.180921101984488
BCS1L,F00714,-4.183966480798259
WDR91,F07867,-4.188867130874133
CRYBG2,F01547,-4.193309518119623
SVIL,F06962,-4.195148121676587
STIM1,F06882,-4.195495825243123
EEA1,F02040,-4.19976956396608
STX7,F06925,-4.202536322973338
PPOX,F05404,-4.203109161768268
OBSCN,F04837,-4.205388988028556
DBT,F01708,-4.205466809593308
ARRB1,F00535,-4.2094004676527454
TACC2,F06997,-4.239510301535722
DCTN5,F01733,-4.246297950664058
AK2,F00237,-4.2511496758343
RPS15,F06087,-4.257419083436816
INPP1,F03353,-4.260823826833595
CTNNA2,F01593,-4.266995146588404
CYB5R3,F01652,-4.273421948220003
SKIC2,F06479,-4.274481412798187
OGDH,F04850,-4.281539976132001
TBC1D5,F07047,-4.288389138638312
ANXA2,F00364,-4.291002787637791
GLRX5,F02706,-4.291328916977732
BAG3,F00672,-4.298743872264419
FLNC,F02481,-4.305546332347556
TACSTD2,F07000,-4.308172105653717
PACSIN2,F04927,-4.314427279032736
HMGCL,F03047,-4.318093051024721
UBAC1,F07582,-4.332127268402443
LAMC1,F03696,-4.332483487816934
GOLGA4,F02759,-4.343567860966085
CSRP1,F01570,-4.346952599371441
LRP1,F03825,-4.355948828023015
DUOX1,F01992,-4.361427446984419
HABP2,F02922,-4.362979056157432
TOR4A,F07362,-4.378921279874509
KIAA1522,F03522,-4.398003055656284
FAF1,F02321,-4.399920748554007
DICER1,F01856,-4.400234642336527
FHL3,F02454,-4.404939591272214
IGHV3-43,F03246,-4.412928458624818
ERGIC1,F02232,-4.42828070184015
DIAPH2,F01854,-4.435458134642
LTA4H,F03870,-4.435974293684369
H1-10,F02904,-4.441024362740862
CAPN1,F00927,-4.44146408203459
THYN1,F07162,-4.448318696705875
COMTD1,F01434,-4.449830258487362
QSOX1,F05699,-4.451980149612384
NDUFB2,F04559,-4.472303111744038
PGM5,F05128,-4.473856879048402
LPP,F03816,-4.47386334183992
COPS8,F01449,-4.477174997543382
PECAM1,F05081,-4.478709639341859
SPINT1,F06758,-4.48040369893527
CTBP1,F01584,-4.482937367329157
PARVA,F04982,-4.495795386755993
APOC1,F00421,-4.496464004397131
NUDCD2,F04782,-4.497427201298834
AIDA,F00225,-4.501340006638481
BLVRA,F00742,-4.518135743927577
HINT1,F03007,-4.521627993625856
MUC5B,F04371,-4.5216573482399705
COX6B1,F01476,-4.528968267864434
GNAQ,F02733,-4.5302721473579695
PRDX5,F05466,-4.5339407658345
CPN1,F01490,-4.535017828728786
PRDX3,F05464,-4.539998665619642
ANXA7,F00369,-4.54060108820614
VDAC3,F07759,-4.541621103538308
GYG1,F02896,-4.546269323389876
DUSP3,F02001,-4.57073823297692
NPEPPS,F04721,-4.575558498306451
SDHA,F06286,-4.576935738745641
PBXIP1,F04994,-4.578643770361015
TPI1,F07375,-4.58617745162505
CASQ1,F00962,-4.586341756701144
UQCR10,F07682,-4.600681848702959
DCTN1,F01729,-4.601852910189344
ABRAXAS2,F00058,-4.602216118114426
RPL36,F06055,-4.613085887449295
MYH1,F04394,-4.614502713994146
BAIAP2,F00676,-4.6277053862549336
MAP1B,F03955,-4.62790032175767
GALM,F02582,-4.628429436773303
ACTR1B,F00123,-4.63849263194026
TMEM43,F07272,-4.639899095063443
ADH5,F00159,-4.6468301438101385
PEA15,F05078,-4.652084201682393
EXOC1,F02272,-4.652333310007951
NHLRC2,F04635,-4.661142016666099
AKR1B1,F00252,-4.6665911349564295
TSPO,F07492,-4.672634368224702
UBA1,F07576,-4.687597667983646
HRG,F03103,-4.698853936667454
ADH7,F00160,-4.700448774363514
NDUFB1,F04556,-4.70437422188235
TXNL1,F07564,-4.721065830090592
PPP1R12C,F05412,-4.721234408458344
CUTA,F01627,-4.722333168270646
INTS12,F03364,-4.732373995147516
SLC35E1,F06558,-4.740549473219405
CUL5,F01625,-4.75354626243543
SNX2,F06692,-4.754936791206529
IBA57,F03172,-4.759581751511322
MYL4,F04414,-4.7631142636163695
IMMT,F03338,-4.7722130390093005
GPLD1,F02796,-4.774438111487052
CAST,F00964,-4.777073253050862
NRP1,F04746,-4.779750944542117
GPI,F02794,-4.782770085033144
ABI1,F00048,-4.78622255713459
NDUFAB1,F04550,-4.789981325339434
CCDC6,F01013,-4.799045914208228
PGRMC2,F05131,-4.801376103049057
IGLV1-51,F03291,-4.815876332822847
GPD2,F02792,-4.818568244719387
NIBAN1,F04639,-4.820144844276696
LAMTOR2,F03702,-4.83273823878156
CD109,F01051,-4.834301994685613
CDH1,F01124,-4.839565850540194
PITHD1,F05200,-4.8466909493736585
PAFAH1B3,F04936,-4.847315863464566
ATP2A1,F00597,-4.853622982039228
FUCA1,F02544,-4.854264327274835
COA3,F01372,-4.857166467423943
FCN3,F02422,-4.864340478799344
DCD,F01718,-4.868258545195327
NOM1,F04697,-4.870550075665888
HDDC2,F02960,-4.881399780828337
PLD1,F05243,-4.88393129236642
PRKAR1A,F05486,-4.890922928318127
CAPZA2,F00938,-4.8929387823937205
SSC5D,F06837,-4.895342501130646
MRPS36,F04293,-4.895832194357865
CYC1,F01658,-4.898261029442836
CSTB,F01577,-4.901361169537048
DNAJB4,F01900,-4.905923659207585
GPX4,F02816,-4.907126647027944
H3-7,F02916,-4.9104938421570825
MYL11,F04410,-4.917604181373489
GGCT,F02661,-4.930447249118552
VPS25,F07781,-4.933161046807445
MTX2,F04364,-4.939180555435836
TMEM11,F07230,-4.943221202310198
ECI2,F02030,-4.945252575945957
PSMB6,F05569,-4.956411455166007
TPD52L1,F07373,-4.956476585689581
FHOD1,F02456,-4.960187744048969
APOOL,F00434,-4.968538612016512
GOT2,F02777,-4.970765664377609
MYOM3,F04441,-4.971139502527304
APOD,F00425,-4.976382066598331
APEH,F00402,-4.982422033388448
NDUFB3,F04560,-4.982436364678648
CES2,F01192,-4.9873922256990495
NDUFA3,F04542,-4.987907389325234
CD36,F01069,-4.988171537496751
IGHV3-72,F03250,-4.999691838868323
UBXN6,F07637,-5.005185911729844
EIF4A2,F02109,-5.013509166418669
SUCLA2,F06933,-5.023247449246467
SLC44A2,F06578,-5.024360973024685
GSTM3,F02862,-5.034280393073774
ACOT13,F00088,-5.044141769464186
MYH4,F04403,-5.046210676787191
SLC25A11,F06512,-5.04686220406454
TSR3,F07495,-5.0478428117186365
COA4,F01373,-5.048505719464583
CISD1,F01274,-5.056630138955248
COL4A2,F01408,-5.073110311519497
PPL,F05396,-5.084329893316815
EVPL,F02269,-5.086963029228569
PDLIM3,F05062,-5.089166164804362
COPS7A,F01447,-5.093825243215845
S100A13,F06186,-5.093961939739684
MDP1,F04051,-5.095506871260735
NDUFB7,F04564,-5.100548884828766
KLKB1,F03581,-5.102326807643307
SLMAP,F06599,-5.10476155170398
H6PD,F02920,-5.106321312435816
HEBP1,F02975,-5.112658218857558
SDHB,F06290,-5.116450594652186
SNX5,F06699,-5.122043128597596
IGHV3-38,F03245,-5.133133277008897
CLU,F01330,-5.135065403977933
BIN1,F00727,-5.138438804747119
STXBP5,F06930,-5.139272816847746
CMAS,F01334,-5.16164390655825
MYOM1,F04439,-5.161938971858426
RHOT1,F05940,-5.165245470286896
PRDX2,F05463,-5.170050356802807
NIPSNAP3A,F04653,-5.174156228039607
ENO3,F02172,-5.182525321044771
AAMDC,F00010,-5.184889034380604
NDUFA11,F04538,-5.189923539031187
ESRP2,F02252,-5.193200743190529
PADI2,F04930,-5.203517260031562
HINT2,F03008,-5.220455931609117
PDE12,F05040,-5.2211130031595925
RAD23A,F05768,-5.222138109245262
KRT15,F03607,-5.226470545506664
PIN1,F05187,-5.233305068302408
MRC1,F04216,-5.243100440019538
CZIB,F01684,-5.245680677704346
BLVRB,F00743,-5.250514964122673
PRDX1,F05462,-5.259426563221861
APOC2,F00422,-5.259709477791617
PTPA,F05635,-5.26203365092148
PPM1F,F05399,-5.273770814045453
CFL2,F01210,-5.27815822488455
FKBP3,F02469,-5.285969574879288
SH3GLB1,F06434,-5.288222962904328
ACTN3,F00119,-5.295808528462046
PPIL3,F05393,-5.296433004889279
TNNC2,F07321,-5.298203137535564
SERPINA5,F06360,-5.299859127714177
ANXA11,F00363,-5.314186684206724
PDLIM2,F05061,-5.329953791130627
MMAB,F04154,-5.354302407510821
MT-ND2,F04350,-5.354452399491109
S100A10,F06183,-5.368212974023917
ALDOA,F00283,-5.369484164827674
IL1RN,F03328,-5.372437403384988
ITIH4,F03434,-5.37474275124311
PHPT1,F05154,-5.376398996528852
A2ML1,F00004,-5.38698869092686
TNNI1,F07322,-5.396070454146487
TJP1,F07188,-5.396629999585535
VWF,F07819,-5.399534664690662
NDUFB11,F04558,-5.405613619486122
OPLAH,F04868,-5.406823152430314
EPS8L2,F02219,-5.412807210744625
MRPL18,F04236,-5.413793194415553
NDUFB5,F04562,-5.41785292809058
LMCD1,F03787,-5.421055299743981
SPTBN2,F06786,-5.435510738510354
DLST,F01874,-5.436373265729796
COPS4,F01444,-5.439323031214989
CNN1,F01350,-5.443342805352899
MYBPC1,F04385,-5.449307805142842
SIRT3,F06471,-5.45194977277707
APOC3,F00423,-5.453246736539207
LHPP,F03762,-5.454086166194053
GNG12,F02741,-5.465704307203421
NAXE,F04490,-5.473834601165845
PCMT1,F05016,-5.477751892001817
ME1,F04052,-5.479926316872646
ATP12A,F00588,-5.480003491929658
FUNDC2,F02546,-5.480726791846548
ALDH3A1,F00275,-5.482659618775103
COL5A2,F01412,-5.487451174320147
C3,F00846,-5.494876621956154
MYL9,F04418,-5.495858564161964
SPINK5,F06756,-5.498609263172253
PGD,F05118,-5.499199217230147
ACTA1,F00110,-5.5019677662503765
TIMM8A,F07178,-5.505604068359873
TKFC,F07193,-5.506062946853707
NOD1,F04689,-5.507662086791512
TPPP3,F07384,-5.521332704581658
SLC25A12,F06513,-5.524647904055447
MDH2,F04048,-5.529863733667908
KRT76,F03632,-5.530394826245751
COQ5,F01454,-5.532359098368369
LAMA2,F03689,-5.535496445104712
TGM3,F07134,-5.545602250771481
MECR,F04058,-5.55409049933026
APOB,F00413,-5.556789567292439
PACSIN3,F04928,-5.580043244183273
DECR1,F01784,-5.58390970789165
TAGLN,F07010,-5.585656365720358
PNPO,F05311,-5.591809402557083
FDXR,F02427,-5.595160147319883
IDH2,F03182,-5.59941596545242
PDLIM5,F05064,-5.60113226080035
DLD,F01868,-5.604496364378801
PFKM,F05110,-5.607429008019343
ALAD,F00264,-5.617035941791149
VWA8,F07818,-5.623974078685243
IGHV3-15,F03241,-5.623980989727906
TTC38,F07504,-5.627906585078617
HPR,F03095,-5.632548007070886
CIRBP,F01273,-5.6411813002415965
HDDC3,F02961,-5.644182503464533
MYH2,F04401,-5.6484082123684
PGLYRP2,F05123,-5.6515452861696565
EEF1A2,F02043,-5.654398777791009
SUN1,F06949,-5.661775706668268
GAPDH,F02598,-5.667055254657127
NDUFB8,F04565,-5.66944820270728
A2M,F00003,-5.683203740850874
DMD,F01879,-5.685239783306392
UQCRQ,F07689,-5.694137085999314
IGKV1-5,F03266,-5.701640263745719
ACAA2,F00061,-5.704720537204588
HP1BP3,F03088,-5.70804682721837
GBP6,F02621,-5.710059708912633
ACADM,F00067,-5.716483338192331
COX7A2,F01479,-5.7311306523100365
CPT2,F01509,-5.736185868243327
RDH13,F05883,-5.736325823104535
ATP5MF,F00610,-5.742540492385378
NDUFS7,F04574,-5.748970972783497
NNT,F04682,-5.751443078179222
APOL1,F00429,-5.762425095070114
SUSD2,F06960,-5.765129800954783
HK1,F03013,-5.771673193281911
RABEP1,F05753,-5.773249658374145
FGFBP1,F02442,-5.775312177726728
TPM3,F07378,-5.78042020936347
PEPD,F05087,-5.7811424178830295
SELENOP,F06328,-5.782071589594647
PALMD,F04951,-5.787395268469131
PCCA,F05002,-5.795613915988212
CLIC2,F01308,-5.796337557632154
ANK3,F00334,-5.808318033494416
FH,F02448,-5.815483855759763
APOE,F00426,-5.818814586860444
RBP4,F05862,-5.8365152572992764
MMUT,F04175,-5.848029154346728
MYL2,F04412,-5.85941321285062
NDUFS6,F04573,-5.860781405926232
UGP2,F07653,-5.865161782884544
DLAT,F01867,-5.869562157450503
ILVBL,F03337,-5.873739172476219
PARK7,F04972,-5.877253448322788
ENDOD1,F02166,-5.886959827685724
MACROH2A2,F03913,-5.889580004402843
C2,F00841,-5.896278935854975
FAHD2A,F02325,-5.899456550671554
MGST3,F04111,-5.914963534554475
RRAS,F06131,-5.922583858345519
PSIP1,F05555,-5.925374290832257
FERMT2,F02432,-5.93538086120043
TMEM198,F07249,-5.93647688693499
NDUFS2,F04569,-5.9385785719676285
NDUFA4,F04543,-5.948364272387732
STXBP3,F06929,-5.950468433424682
CDH13,F01126,-5.959275108775063
MYLK,F04419,-5.962727511565154
IGHM,F03230,-5.991927157962521
SERPIND1,F06376,-6.001350763853573
PPA2,F05371,-6.008530769299736
NUCB2,F04778,-6.0095857365409096
CAP2,F00925,-6.010386684040405
COX6C,F01477,-6.020682541112895
ATRN,F00640,-6.024600170730944
SERPING1,F06381,-6.026118636873121
NDUFB6,F04563,-6.033764935475208
ACO1,F00084,-6.044283693785528
MT-CO2,F04331,-6.052581485486097
UQCRC1,F07685,-6.057699103121921
IGFALS,F03217,-6.059077086846876
TPM2,F07377,-6.070235449804619
ATP5PB,F00614,-6.085008326851826
UQCRC2,F07686,-6.089555305164737
IGLV3-19,F03299,-6.098253926016433
UQCRFS1,F07687,-6.098398260259387
SYNPO,F06981,-6.1041243151978
CBR1,F00980,-6.1084769864635975
IVD,F03447,-6.108629845915556
MYH7,F04405,-6.130607900353463
HSPG2,F03152,-6.137670346921801
SCFD2,F06256,-6.137940393201414
TIMM13,F07170,-6.138027125558842
GGT5,F02666,-6.138773537265899
IGHG4,F03229,-6.141607569848246
TOM1L2,F07342,-6.143589063401934
PRKACA,F05483,-6.14703065791482
CST3,F01573,-6.1555280847912766
PTGR3,F05624,-6.156297326926511
SOD1,F06708,-6.159622459478646
CKB,F01282,-6.160974881240963
KNG1,F03586,-6.164160562565403
DNPEP,F01927,-6.164756957446679
HADHA,F02928,-6.175132849517291
FBN1,F02388,-6.177480794044811
MYL1,F04409,-6.17925609882986
DLG1,F01869,-6.181606810316093
ACTN2,F00118,-6.184989014323393
SERPINF1,F06379,-6.191897782431894
MT-ND5,F04353,-6.197419241410671
PLCD1,F05237,-6.202616852173925
HSDL2,F03120,-6.205396674524406
MYPN,F04446,-6.209077955385205
NDUFA10,F04537,-6.222345897855637
VAT1,F07747,-6.229008303037444
JMJD7,F03460,-6.229708487889702
ERLIN1,F02239,-6.230886627690833
IGHV3-49,F03247,-6.238265232837172
PPP2R2A,F05430,-6.239101801503942
JCHAIN,F03456,-6.254707665368069
PLPBP,F05275,-6.25888013296102
IGHV6-1,F03259,-6.260867598446259
APOO,F00433,-6.265942710278989
CES1,F01191,-6.266401082946341
F12,F02302,-6.280881214353222
NHERF1,F04633,-6.290222931331738
NUDT19,F04789,-6.304498766072688
THEM6,F07144,-6.306558175209303
NIPSNAP2,F04652,-6.308851873612837
UBAP2,F07585,-6.309153150499129
PHF3,F05140,-6.31145672154665
COL6A3,F01416,-6.341489749558496
GCDH,F02628,-6.3437846269773965
SCEL,F06254,-6.347762990273006
ATP5PF,F00616,-6.349554597971411
TPM1,F07376,-6.350332935022646
ARAF,F00444,-6.35407735496284
NDUFS5,F04572,-6.35575643806809
DCTN2,F01730,-6.360138541899842
COX4I1,F01471,-6.373137087051487
ATP1B1,F00594,-6.3763353638482325
PANK4,F04959,-6.3790354699600735
MYL6B,F04417,-6.379363727187887
HOOK3,F03085,-6.383172047224635
PHGDH,F05143,-6.38541815794472
DCAKD,F01717,-6.395758715991632
COL18A1,F01396,-6.398311292368455
HSPA12A,F03130,-6.401103311003064
HADHB,F02929,-6.401219182429851
ADIRF,F00164,-6.40261082698266
TTN,F07518,-6.40591395640159
CFI,F01208,-6.409478742849912
RALA,F05776,-6.4376439067419104
VIM,F07762,-6.446735599012116
NDUFA7,F04547,-6.452584652625136
BCAT2,F00700,-6.479498970583192
SORBS1,F06712,-6.48257423317008
VWA5A,F07817,-6.482974180403168
CAVIN3,F00974,-6.48573340081522
CKM,F01283,-6.495114510153224
UQCRB,F07684,-6.495876346958172
LBP,F03722,-6.4966047909564
HIBADH,F02999,-6.506798013403898
CACNA2D1,F00888,-6.508622661570128
HAGH,F02930,-6.513518048187229
AGL,F00197,-6.517957686055096
FETUB,F02435,-6.523981868154954
ECI1,F02029,-6.535864177612116
EPB41L3,F02192,-6.538931726860702
BROX,F00790,-6.539856087938721
SUN2,F06950,-6.55015581075905
CCDC65,F01014,-6.558718842286343
NDUFB4,F04561,-6.559935790457807
PYGM,F05685,-6.56448175545259
KIAA1217,F03521,-6.572775046761304
CRIP1,F01530,-6.578884862885924
CP,F01482,-6.581441541390553
ISOC2,F03403,-6.583827686659621
TOLLIP,F07339,-6.591919826034875
DAG1,F01692,-6.59728604247437
MT-CO3,F04332,-6.60180519111166
NDUFV1,F04576,-6.6084063936740325
FABP3,F02313,-6.616651317287482
IGHV3-7,F03249,-6.617744077331768
UCHL1,F07639,-6.625624124402394
FHL1,F02452,-6.635079174749549
SIRT2,F06470,-6.6416889520502185
PITPNA,F05201,-6.642383849994228
ERLIN2,F02240,-6.645280059133198
UACA,F07573,-6.645332858451458
KCTD12,F03493,-6.645637638839968
TMOD1,F07286,-6.663091650373774
S100A4,F06191,-6.680974843438805
IGLV1-40,F03289,-6.686508556843127
SPR,F06768,-6.689658299072136
PDHA1,F05048,-6.693126343967206
TRIP10,F07445,-6.695581946332603
NDUFA9,F04549,-6.696085927431514
HSD17B10,F03112,-6.7001075684565965
SUCLG1,F06934,-6.700521944940082
KRT84,F03640,-6.707541506224131
HSPB8,F03148,-6.711159530971917
S100A6,F06192,-6.716782219139323
ATP5F1C,F00606,-6.728244174850728
AKR1A1,F00251,-6.731984672752628
NID1,F04641,-6.73208119460972
INTS1,F03361,-6.733716960035434
ACSL1,F00103,-6.734114983044471
ATP5MG,F00611,-6.735985273511502
ORM1,F04879,-6.74743174888494
FAH,F02323,-6.749839265063175
PDHX,F05050,-6.766384603612439
CA3,F00878,-6.766452645506676
ATP5PD,F00615,-6.768622211703768
TF,F07114,-6.769945491737023
ACY1,F00128,-6.7778681460835655
SYTL1,F06990,-6.781641690798066
FCGRT,F02418,-6.782006666836154
MCCC2,F04028,-6.7835236419103655
IGKV3D-15,F03279,-6.787593140786638
VPS4A,F07797,-6.799495559095583
ARL6IP5,F00513,-6.815886492875181
TFAM,F07115,-6.825792664475776
LMNB2,F03792,-6.829515660367627
LNPK,F03798,-6.834166402779167
TMT1A,F07299,-6.834176426886522
AK1,F00236,-6.843893833364672
ACO2,F00085,-6.844162410438895
COL6A1,F01414,-6.847077073167911
MYL3,F04413,-6.848831603357073
NDUFB10,F04557,-6.887526652171788
NOL3,F04692,-6.901288961670811
SYNPO2,F06982,-6.903287932285971
ORM2,F04880,-6.9125875140222925
CAVIN1,F00972,-6.91492734664033
KRT78,F03634,-6.920911149909174
LMO7,F03793,-6.927337769761059
SERPINA6,F06361,-6.929378140719085
IGLV8-61,F03308,-6.939023557822776
ATP5PO,F00617,-6.939764212503182
NDUFA8,F04548,-6.943487603131145
COX5A,F01472,-6.956419093477697
NDUFB9,F04566,-6.9594009567178805
GBE1,F02615,-6.970963562253294
TMEM109,F07229,-6.990593912240298
SDR39U1,F06294,-6.994891418662395
NDUFS3,F04570,-6.997096882300794
AHNAK,F00219,-7.003609775895396
APOM,F00432,-7.004506047646542
ESD,F02248,-7.006454612857207
CFB,F01200,-7.010348050513097
COL6A2,F01415,-7.013256559666278
IDH1,F03181,-7.015341212971779
FAM162A,F02334,-7.016677148288667
SYNM,F06980,-7.021082654068151
COL16A1,F01394,-7.036817311379811
MED23,F04066,-7.045151883988573
AGT,F00211,-7.058006599620866
COX7A1,F01478,-7.059520332486093
TSTD1,F07499,-7.080223721618432
CD9,F01095,-7.084881776286402
DCTN3,F01731,-7.08899833012382
IGKV4-1,F03282,-7.091527065986631
ECH1,F02024,-7.092761178146597
APOA4,F00411,-7.096398827643771
IGHV3-74,F03252,-7.104471774582028
ATP5ME,F00609,-7.104556682725602
PGM1,F05124,-7.106512825277164
DNPH1,F01928,-7.108709435920442
RAB5B,F05743,-7.109990891609983
SERPINA7,F06362,-7.124988806918942
ACYP2,F00130,-7.135873181142122
NDUFA5,F04545,-7.146799129990361
NDUFA6,F04546,-7.1563296312007525
ATP5F1A,F00604,-7.159698276759843
COL6A6,F01418,-7.161715890612288
IGLV1-47,F03290,-7.161896106132632
AFM,F00187,-7.169802650357349
SH3GLB2,F06435,-7.176324890875767
AHSG,F00223,-7.179453929348267
PDHB,F05049,-7.179848549352023
APOA1,F00409,-7.182860973928477
CAPN2,F00928,-7.1879450350994665
MAPK3,F03979,-7.1914795100540845
COL5A3,F01413,-7.200183685257635
ETFA,F02258,-7.201679048163224
TINAGL1,F07185,-7.203417339958189
SLC25A4,F06525,-7.209182439488127
SPRR3,F06775,-7.216026185722199
MPI,F04204,-7.22220163315388
HSPA1L,F03135,-7.232337316951303
NPEPL1,F04720,-7.238448099419367
MACROD1,F03911,-7.240814495544008
ACADVL,F00070,-7.243008613058211
GSN,F02849,-7.249950587679729
ACOX3,F00095,-7.253677702181611
FBLN5,F02386,-7.259317011581623
ETFDH,F02261,-7.261719769299272
TRIOBP,F07444,-7.290465768725829
ALDOC,F00284,-7.317095140055873
SERPINC1,F06375,-7.330026788984576
TOM1,F07340,-7.332402740224778
EPB41L1,F02190,-7.335388942657187
LSS,F03868,-7.370921598175345
IGKV3-20,F03277,-7.372470271857645
NDUFS1,F04568,-7.375980210065458
S100A1,F06182,-7.377353888655029
THBS4,F07142,-7.38528609715331
IGKV3D-20,F03280,-7.385805458081107
TBC1D17,F07040,-7.394360802292152
HP,F03087,-7.404679267332479
FIS1,F02461,-7.419810406043149
SCRN2,F06271,-7.4217060972489906
A1BG,F00002,-7.425527183153782
MB,F04012,-7.43485655531313
MYO1C,F04427,-7.443823394007072
CNRIP1,F01367,-7.44781893363719
ACADS,F00068,-7.449625571555472
LGALS3,F03755,-7.463326858871524
NDUFA13,F04540,-7.470254555914132
IGHG2,F03227,-7.478672379242814
DPYSL3,F01966,-7.482229565052629
IGKC,F03260,-7.498497597557503
NDUFV2,F04577,-7.503659650351938
HPX,F03099,-7.510388122022277
CRAT,F01522,-7.513399428273143
NDUFA12,F04539,-7.5217859664016595
ATP5F1D,F00607,-7.535036430460836
ATP5F1B,F00605,-7.5439643048242
NDUFS4,F04571,-7.549400821160514
COL2A1,F01405,-7.577301157131663
APOA2,F00410,-7.57882808800722
GC,F02623,-7.586924021594712
CRYAB,F01545,-7.611068825840272
IGLL1,F03286,-7.614708941938753
WBP2,F07835,-7.6156821529594
IGHA1,F03225,-7.632053107946145
TTR,F07521,-7.668077031285855
CMPK1,F01339,-7.688451441950909
TLN2,F07205,-7.69401834565796
COX5B,F01473,-7.723128999475689
STAB1,F06856,-7.776158723659274
GRHPR,F02828,-7.789937034198471
TMX4,F07304,-7.795975924886252
CMBL,F01335,-7.826430970693674
NDUFS8,F04575,-7.831361316904209
STUB1,F06912,-7.837918456447801
PON1,F05362,-7.846595482243771
ABHD11,F00040,-7.848247206987283
DGLUCY,F01823,-7.856408448458887
HINT3,F03009,-7.859186984104356
ETFB,F02259,-7.873188570820376
HDHD2,F02965,-7.878484964643084
LRRC47,F03839,-7.892320241640167
ASAH1,F00542,-7.896178091801998
RAB11FIP1,F05707,-7.964041230440283
SNTB1,F06682,-7.984165126542074
ANG,F00329,-7.9936404563896595
ECHS1,F02028,-8.000961140691333
NDUFA2,F04541,-8.016131250736338
COL5A1,F01411,-8.039350702572905
KCTD16,F03496,-8.056522107732544
MDH1,F04047,-8.05830867826847
LMNA,F03790,-8.063305670109806
SERPINA3,F06358,-8.071437971615577
PPP1R7,F05424,-8.075226213430073
RFC1,F05911,-8.099251036215357
OXCT1,F04907,-8.120242701461914
COL1A1,F01398,-8.120980029539139
SAA4,F06201,-8.164387901789885
NHERF2,F04634,-8.168251101339527
DYNLT5,F02016,-8.24353543488041
PTGR1,F05622,-8.253770324284208
GOT1,F02776,-8.257399962516734
CFD,F01201,-8.2630772692048
LRG1,F03823,-8.269845928911506
COQ9,F01458,-8.270681965461296
ALB,F00265,-8.29295600519056
MAOA,F03952,-8.318290720570126
SORBS2,F06713,-8.321033556976865
AMBP,F00310,-8.342105618472043
GLOD4,F02703,-8.350762486634022
MPST,F04211,-8.39258257090039
MFAP5,F04091,-8.403426371236385
PRDX6,F05467,-8.406884503764461
BGN,F00722,-8.453999061097592
RHCG,F05932,-8.513171946489365
FYCO1,F02560,-8.581684288481293
GSR,F02853,-8.624510400489678
APCS,F00401,-8.665939076057882
SERPINA1,F06354,-8.668795163613735
AK3,F00238,-8.67282259936783
ACAT1,F00074,-8.693835999305982
PDCD4,F05033,-8.701000750619835
GLUD1,F02711,-8.712108465153996
ALDH4A1,F00278,-8.727169023471717
PCYOX1,F05024,-8.792651546894477
HADH,F02927,-8.806024540742095
PPP2R5A,F05431,-8.826767374065893
DYNLL2,F02012,-8.83218601196689
BDH1,F00715,-8.911438532344526
COL1A2,F01399,-8.931261516104014
ADD1,F00145,-8.945819368908468
EPB41L2,F02191,-8.94716618306928
CLEC3B,F01303,-8.956814368909209
SHMT1,F06447,-8.966585162721232
QDPR,F05691,-8.972868502632492
DBI,F01703,-9.01592789106432
C11orf54,F00817,-9.037139029938366
MCCC1,F04027,-9.074342267475297
CRIP2,F01531,-9.0914646912377
AZGP1,F00655,-9.108382682332088
DPYSL2,F01965,-9.111785926420792
ALDH7A1,F00281,-9.141726112589092
H1-0,F02902,-9.187885500687193
LAMA5,F03692,-9.190073616811354
EHD2,F02070,-9.338393418130588
PCCB,F05003,-9.359436929600577
BCKDHA,F00702,-9.41495479887243
HSD17B8,F03118,-9.475663410951723
NQO2,F04730,-9.479988735454464
BDH2,F00716,-9.49133408303278
CAVIN2,F00973,-9.595597339253004
MECP2,F04057,-9.654684191695845
CRYZ,F01551,-9.688944319927272
COL15A1,F01393,-9.691612134107997
MGST2,F04110,-9.729413839559465
GPD1L,F02791,-9.791425852903393
DCXR,F01739,-9.804163364768222
AOC3,F00373,-9.811880993173038
SELENBP1,F06321,-9.82788475446984
KRT13,F03605,-9.834061028026191
CRNN,F01540,-9.8980999017965
HEBP2,F02976,-9.903140874946049
AKAP12,F00243,-9.987527235957918
ISOC1,F03402,-10.007828136076958
PLPP3,F05277,-10.009104962637611
COL3A1,F01406,-10.01491286609711
TST,F07498,-10.058244001161455
LAMB2,F03694,-10.083474639650223
AKR7A2,F00259,-10.097302646010723
CYB5A,F01648,-10.10866334530097
KANK2,F03473,-10.149298855536726
PRKAR2A,F05488,-10.175067409726324
ABLIM1,F00052,-10.227311691162967
COL10A1,F01389,-10.260755387569876
APPL1,F00436,-10.26680931244529
GSTM2,F02861,-10.26735445234914
SERPINB6,F06371,-10.27689113930832
CAPNS1,F00932,-10.288941326700398
HSPB6,F03146,-10.289150164295538
HIBCH,F03000,-10.415725633450752
NT5C,F04762,-10.492694759456198
SUCLG2,F06935,-10.52691360023375
CILP,F01270,-10.53909593585172
LANCL1,F03706,-10.601454683165215
CYBRD1,F01657,-10.651457146767536
CBR3,F00981,-10.714383180858364
ALDH1A1,F00269,-10.801804691764568
LMOD1,F03794,-10.8399030368238
MYH14,F04398,-10.840272288036324
FRY,F02531,-10.857913538391845
SNTB2,F06683,-10.876398245277128
PURA,F05666,-10.877375309046537
TNS1,F07332,-10.89966557370843
SPTBN1,F06785,-10.93366295096858
NDRG2,F04531,-11.028587246232352
ASPN,F00558,-11.066944291627053
DPT,F01959,-11.079160728460549
ABHD14B,F00042,-11.25541300552246
ALDH2,F00274,-11.368224508892938
KRT4,F03622,-11.438013255280948
SORBS3,F06714,-11.492758523074173
COL14A1,F01392,-11.556585463549215
CPA3,F01483,-11.61624471740732
GNA11,F02726,-11.75231298212677
ALDH3A2,F00276,-11.799261856279529
UTRN,F07730,-11.851406700773364
SH3BGRL2,F06428,-11.899760820310648
MGLL,F04105,-11.900262978411382
OLFML1,F04860,-12.025866772295998
LUM,F03884,-12.104353411570369
GPX3,F02815,-12.340542740654762
DCN,F01723,-12.423979509406898
CMA1,F01333,-12.45729302470519
ADD3,F00147,-12.620162466457222
ALDH6A1,F00280,-12.722539442481809
SPTAN1,F06783,-13.021129617007416
PCBD1,F04996,-13.084538049518914
MAOB,F03953,-13.127402736946047
MYH11,F04396,-13.159139066411289
DDAH2,F01742,-13.194985693150093
TNXB,F07336,-13.300383888548351
PEBP1,F05080,-13.43935237284263
EPHX1,F02205,-13.559546151452096
ALDH9A1,F00282,-13.955650742365211
SOD3,F06710,-14.251547158858015
OGN,F04853,-14.36355862884785
PRELP,F05469,-15.258042054381471
