pathway_id,pathway_name,measured_gene_count,enrichment_score,normalized_enrichment_score,empirical_p_value,leading_edge_gene_count,leading_edge_genes,measured_genes,bh_q_value
R-HSA-72203,Processing of Capped Intron-Containing Pre-mRNA,162,0.611205056634103,3.297254124137497,0.000999000999000999,104,DDX5;U2AF2;EFTUD2;DHX15;RBM39;SNRNP200;NUP155;DHX9;YBX1;GTF2F1;SF3B3;EIF4A3;PTBP1;SF3B1;CPSF3;SNRPD1;SNU13;PRPF19;POLR2B;SRSF6;U2SURP;HNRNPF;USP39;RBM25;GTF2F2;POLR2H;SNRNP40;PRPF6;LUC7L3;THOC2;PUF60;SNRNP70;SNRPA;CPSF1;HNRNPU;HNRNPL;NUDT21;DDX39A;NUP188;CCAR1;SNRPD2;CSTF2;SRRM1;TRA2B;RBM8A;NUP93;PCBP2;DDX39B;SF3A1;HNRNPK;PRPF8;SRRT;MAGOHB;SRSF1;POLR2A;HNRNPM;SF3B2;ACIN1;CTNNBL1;BCAS2;HNRNPH1;POLR2E;SRSF3;SF3A3;SNRPF;PLRG1;NUP160;U2AF1;SRSF10;TCERG1;NUP35;RBM17;LSM6;THOC6;NUP153;CSTF1;NUP133;HNRNPD;SF1;NUP88;HNRNPA1;NUP62;HNRNPA2B1;SRSF4;WTAP;PCBP1;CHERP;CSTF3;SEH1L;PNN;NUP214;SNRPA1;SMU1;NUP54;SEC13;BUD31;IK;NUP50;SNRPD3;SYMPK;MTREX;SF3B6;SRRM2;HNRNPC,AAAS;ACIN1;ALYREF;BCAS2;BUD31;CCAR1;CDC5L;CHERP;CPSF1;CPSF2;CPSF3;CPSF6;CPSF7;CRNKL1;CSTF1;CSTF2;CSTF3;CTNNBL1;DDX23;DDX39A;DDX39B;DDX42;DDX46;DDX5;DHX15;DHX38;DHX9;DNAJC8;EFTUD2;EIF4A3;EIF4E;FIP1L1;FUS;GTF2F1;GTF2F2;HNRNPA1;HNRNPA2B1;HNRNPA3;HNRNPC;HNRNPD;HNRNPF;HNRNPH1;HNRNPH2;HNRNPK;HNRNPL;HNRNPM;HNRNPR;HNRNPU;HSPA8;IK;LSM3;LSM6;LSM7;LSM8;LUC7L3;MAGOHB;MTREX;NUDT21;NUP107;NUP133;NUP153;NUP155;NUP160;NUP188;NUP205;NUP210;NUP214;NUP35;NUP43;NUP50;NUP54;NUP62;NUP85;NUP88;NUP93;NUP98;PABPN1;PCBP1;PCBP2;PLRG1;PNN;POLDIP3;POLR2A;POLR2B;POLR2C;POLR2E;POLR2H;POLR2I;PPIH;PPIL3;PRPF19;PRPF31;PRPF4;PRPF40A;PRPF4B;PRPF6;PRPF8;PTBP1;PUF60;RAE1;RANBP2;RBM17;RBM25;RBM39;RBM8A;RBMX;RNPS1;SAP18;SARNP;SART1;SEC13;SEH1L;SF1;SF3A1;SF3A3;SF3B1;SF3B2;SF3B3;SF3B4;SF3B5;SF3B6;SMU1;SNRNP200;SNRNP40;SNRNP70;SNRPA;SNRPA1;SNRPD1;SNRPD2;SNRPD3;SNRPE;SNRPF;SNU13;SNW1;SRRM1;SRRM2;SRRT;SRSF1;SRSF10;SRSF11;SRSF2;SRSF3;SRSF4;SRSF5;SRSF6;SRSF7;SRSF9;SYMPK;TCERG1;THOC2;THOC6;TPR;TRA2B;U2AF1;U2AF2;U2SURP;USP39;WBP11;WTAP;XAB2;YBX1;ZC3H11A,0.005587269872984159
R-HSA-72172,mRNA Splicing,118,0.6300309938521446,3.2606787476650325,0.000999000999000999,74,DDX5;U2AF2;EFTUD2;DHX15;RBM39;SNRNP200;DHX9;YBX1;GTF2F1;SF3B3;EIF4A3;PTBP1;SF3B1;SNRPD1;SNU13;PRPF19;POLR2B;SRSF6;U2SURP;HNRNPF;USP39;RBM25;GTF2F2;POLR2H;SNRNP40;PRPF6;LUC7L3;PUF60;SNRNP70;SNRPA;HNRNPU;HNRNPL;CCAR1;SNRPD2;SRRM1;TRA2B;RBM8A;PCBP2;DDX39B;SF3A1;HNRNPK;PRPF8;SRRT;MAGOHB;SRSF1;POLR2A;HNRNPM;SF3B2;ACIN1;CTNNBL1;BCAS2;HNRNPH1;POLR2E;SRSF3;SF3A3;SNRPF;PLRG1;U2AF1;SRSF10;TCERG1;RBM17;LSM6;HNRNPD;SF1;HNRNPA1;HNRNPA2B1;SRSF4;PCBP1;CHERP;PNN;SNRPA1;SMU1;BUD31;IK,ACIN1;ALYREF;BCAS2;BUD31;CCAR1;CDC5L;CHERP;CRNKL1;CTNNBL1;DDX23;DDX39B;DDX42;DDX46;DDX5;DHX15;DHX38;DHX9;DNAJC8;EFTUD2;EIF4A3;FUS;GTF2F1;GTF2F2;HNRNPA1;HNRNPA2B1;HNRNPA3;HNRNPC;HNRNPD;HNRNPF;HNRNPH1;HNRNPH2;HNRNPK;HNRNPL;HNRNPM;HNRNPR;HNRNPU;HSPA8;IK;LSM3;LSM6;LSM7;LSM8;LUC7L3;MAGOHB;MTREX;PCBP1;PCBP2;PLRG1;PNN;POLR2A;POLR2B;POLR2C;POLR2E;POLR2H;POLR2I;PPIH;PPIL3;PRPF19;PRPF31;PRPF4;PRPF40A;PRPF4B;PRPF6;PRPF8;PTBP1;PUF60;RBM17;RBM25;RBM39;RBM8A;RBMX;RNPS1;SAP18;SART1;SF1;SF3A1;SF3A3;SF3B1;SF3B2;SF3B3;SF3B4;SF3B5;SF3B6;SMU1;SNRNP200;SNRNP40;SNRNP70;SNRPA;SNRPA1;SNRPD1;SNRPD2;SNRPD3;SNRPE;SNRPF;SNU13;SNW1;SRRM1;SRRM2;SRRT;SRSF1;SRSF10;SRSF11;SRSF2;SRSF3;SRSF4;SRSF5;SRSF6;SRSF7;SRSF9;TCERG1;TRA2B;U2AF1;U2AF2;U2SURP;USP39;WBP11;XAB2;YBX1,0.005587269872984159
R-HSA-72163,mRNA Splicing - Major Pathway,118,0.6300309938521446,3.1930509715588222,0.000999000999000999,74,DDX5;U2AF2;EFTUD2;DHX15;RBM39;SNRNP200;DHX9;YBX1;GTF2F1;SF3B3;EIF4A3;PTBP1;SF3B1;SNRPD1;SNU13;PRPF19;POLR2B;SRSF6;U2SURP;HNRNPF;USP39;RBM25;GTF2F2;POLR2H;SNRNP40;PRPF6;LUC7L3;PUF60;SNRNP70;SNRPA;HNRNPU;HNRNPL;CCAR1;SNRPD2;SRRM1;TRA2B;RBM8A;PCBP2;DDX39B;SF3A1;HNRNPK;PRPF8;SRRT;MAGOHB;SRSF1;POLR2A;HNRNPM;SF3B2;ACIN1;CTNNBL1;BCAS2;HNRNPH1;POLR2E;SRSF3;SF3A3;SNRPF;PLRG1;U2AF1;SRSF10;TCERG1;RBM17;LSM6;HNRNPD;SF1;HNRNPA1;HNRNPA2B1;SRSF4;PCBP1;CHERP;PNN;SNRPA1;SMU1;BUD31;IK,ACIN1;ALYREF;BCAS2;BUD31;CCAR1;CDC5L;CHERP;CRNKL1;CTNNBL1;DDX23;DDX39B;DDX42;DDX46;DDX5;DHX15;DHX38;DHX9;DNAJC8;EFTUD2;EIF4A3;FUS;GTF2F1;GTF2F2;HNRNPA1;HNRNPA2B1;HNRNPA3;HNRNPC;HNRNPD;HNRNPF;HNRNPH1;HNRNPH2;HNRNPK;HNRNPL;HNRNPM;HNRNPR;HNRNPU;HSPA8;IK;LSM3;LSM6;LSM7;LSM8;LUC7L3;MAGOHB;MTREX;PCBP1;PCBP2;PLRG1;PNN;POLR2A;POLR2B;POLR2C;POLR2E;POLR2H;POLR2I;PPIH;PPIL3;PRPF19;PRPF31;PRPF4;PRPF40A;PRPF4B;PRPF6;PRPF8;PTBP1;PUF60;RBM17;RBM25;RBM39;RBM8A;RBMX;RNPS1;SAP18;SART1;SF1;SF3A1;SF3A3;SF3B1;SF3B2;SF3B3;SF3B4;SF3B5;SF3B6;SMU1;SNRNP200;SNRNP40;SNRNP70;SNRPA;SNRPA1;SNRPD1;SNRPD2;SNRPD3;SNRPE;SNRPF;SNU13;SNW1;SRRM1;SRRM2;SRRT;SRSF1;SRSF10;SRSF11;SRSF2;SRSF3;SRSF4;SRSF5;SRSF6;SRSF7;SRSF9;TCERG1;TRA2B;U2AF1;U2AF2;U2SURP;USP39;WBP11;XAB2;YBX1,0.005587269872984159
R-HSA-909733,Interferon alpha/beta signaling,25,0.8182415147500893,3.043235367530336,0.000999000999000999,18,EIF2AK2;ISG15;STAT1;OAS3;STAT2;PTPN1;ADAR;MX1;OAS2;HLA-B;ABCE1;HLA-C;PSMB8;HLA-A;IRF6;IFIT3;IFI35;IFIT1,ABCE1;ADAR;BST2;EIF2AK2;GBP2;HLA-A;HLA-B;HLA-C;IFI35;IFIT1;IFIT3;IRF6;ISG15;KPNA1;KPNB1;MX1;OAS2;OAS3;PSMB8;PTPN1;PTPN11;PTPN6;SAMHD1;STAT1;STAT2,0.005587269872984159
R-HSA-168255,Influenza Infection,127,0.5344793302849706,2.8372488729920597,0.000999000999000999,77,EIF2AK2;ISG15;NUP155;IPO5;GTF2F1;POLR2B;RAN;RPL10;RPS15A;GTF2F2;POLR2H;RPL18A;CALR;RPS3A;RPS11;RPL27A;CLTC;RPS2;NUP188;RPS6;RPS27;NUP93;CLTA;RPL10A;POLR2A;RPS8;RPL6;POLR2E;RPL13A;RPL5;RPS5;RPS4X;RPL35A;RPS3;RPL32;HSP90AA1;RPS9;XPO1;NUP160;KPNB1;NUP35;RPL12;RPL18;RPL11;RPS26;NUP153;NUP133;RPS17;RPL30;RPL7;NUP88;RPS12;CANX;GRSF1;NUP62;RPL7A;RPS23;RPL3;RPL23A;RPL19;SEH1L;RPS29;NUP214;RPS7;NUP54;RPS13;SEC13;RPL4;NUP50;RPL15;RPL21;RPL9;RPL34;RPLP0;RPL38;RPL17;RPS16,AAAS;CALR;CANX;CLTA;CLTC;DNAJC3;EIF2AK2;FAU;GRSF1;GTF2F1;GTF2F2;HSP90AA1;IPO5;ISG15;KPNA1;KPNA2;KPNA3;KPNA4;KPNB1;NUP107;NUP133;NUP153;NUP155;NUP160;NUP188;NUP205;NUP210;NUP214;NUP35;NUP43;NUP50;NUP54;NUP62;NUP85;NUP88;NUP93;NUP98;PABPN1;PARP1;POLR2A;POLR2B;POLR2C;POLR2E;POLR2H;POLR2I;RAE1;RAN;RANBP2;RPL10;RPL10A;RPL11;RPL12;RPL13;RPL13A;RPL14;RPL15;RPL17;RPL18;RPL18A;RPL19;RPL21;RPL22;RPL23;RPL23A;RPL24;RPL26;RPL27;RPL27A;RPL28;RPL29;RPL3;RPL30;RPL31;RPL32;RPL34;RPL35;RPL35A;RPL36;RPL36AL;RPL37A;RPL38;RPL4;RPL5;RPL6;RPL7;RPL7A;RPL8;RPL9;RPLP0;RPLP1;RPLP2;RPS10;RPS11;RPS12;RPS13;RPS14;RPS15;RPS15A;RPS16;RPS17;RPS18;RPS19;RPS2;RPS20;RPS21;RPS23;RPS24;RPS25;RPS26;RPS27;RPS27L;RPS28;RPS29;RPS3;RPS3A;RPS4X;RPS5;RPS6;RPS7;RPS8;RPS9;RPSA;SEC13;SEH1L;SLC25A6;TPR;XPO1,0.005587269872984159
R-HSA-72165,mRNA Splicing - Minor Pathway,31,0.7121779174935262,2.813484745708371,0.000999000999000999,20,EFTUD2;SNRNP200;YBX1;GTF2F1;SF3B3;SF3B1;SNRPD1;POLR2B;SRSF6;GTF2F2;POLR2H;SNRNP40;PRPF6;SNRPD2;PRPF8;SRSF1;POLR2A;SF3B2;POLR2E;SNRPF,DDX23;DDX42;EFTUD2;GTF2F1;GTF2F2;POLR2A;POLR2B;POLR2C;POLR2E;POLR2H;POLR2I;PRPF6;PRPF8;SF3B1;SF3B2;SF3B3;SF3B4;SF3B5;SF3B6;SNRNP200;SNRNP40;SNRPD1;SNRPD2;SNRPD3;SNRPE;SNRPF;SRSF1;SRSF2;SRSF6;SRSF7;YBX1,0.005587269872984159
R-HSA-913531,Interferon Signaling,115,0.5537184260947294,2.8073453525414718,0.000999000999000999,50,EIF2AK2;ISG15;STAT1;EIF2S2;OAS3;TUBB3;EIF4G2;STAT2;PTPN1;EIF4A1;PML;ADAR;EIF2S1;EIF2S3;FLNB;GBP1;NUP155;TUBA4B;MX1;DHX9;OAS2;EIF4G1;HLA-B;YBX1;ICAM1;ILF3;UBE2L6;EIF4A3;ABCE1;STAT3;TUBB6;HLA-C;B2M;ILF2;PSMB8;HLA-A;RIGI;TRIM21;IRF6;IFIT3;IFI35;IFIT1;NUP188;CD44;SP100;FLNA;NUP93;PRKCD;HLA-DRA;TRIM25,AAAS;ABCE1;ADAR;B2M;BST2;CAMK2D;CAMK2G;CD44;DHX9;DNAJC3;EIF2AK2;EIF2S1;EIF2S2;EIF2S3;EIF4A1;EIF4A2;EIF4A3;EIF4E;EIF4G1;EIF4G2;FLNA;FLNB;GBP1;GBP2;GBP6;HLA-A;HLA-B;HLA-C;HLA-DPA1;HLA-DRA;HSPA1L;HSPA2;HSPA8;ICAM1;IFI35;IFIT1;IFIT3;IKBKG;ILF2;ILF3;IRF6;ISG15;KPNA1;KPNA2;KPNA3;KPNA4;KPNB1;MAPK1;MAPK3;MAVS;MX1;NCK1;NPM1;NUP107;NUP133;NUP153;NUP155;NUP160;NUP188;NUP205;NUP210;NUP214;NUP35;NUP43;NUP50;NUP54;NUP62;NUP85;NUP88;NUP93;NUP98;OAS2;OAS3;PDE12;PIN1;PML;PPP2CB;PPP2R1A;PPP2R5A;PRKCD;PRKRA;PSMB8;PTPN1;PTPN11;PTPN6;RAE1;RANBP2;RIGI;SAMHD1;SEC13;SEH1L;SNCA;SP100;STAT1;STAT2;STAT3;SUMO1;TPR;TRIM21;TRIM22;TRIM25;TRIM29;TUBA1C;TUBA4A;TUBA4B;TUBB2A;TUBB3;TUBB4A;TUBB4B;TUBB6;UBA7;UBE2I;UBE2L6;UBE2N;YBX1,0.005587269872984159
R-HSA-1799339,SRP-dependent cotranslational protein targeting to membrane,95,0.5461355260510128,2.761613015035388,0.000999000999000999,62,SEC61A1;SRP19;SSR1;SEC11A;RPL10;RPS15A;SEC61B;SSR4;RPL18A;RPS3A;RPS11;RPL27A;RPS2;SRPRB;RPN1;SSR3;SRP54;RPS6;RPS27;RPL10A;SRPRA;SRP72;RPS8;RPL6;RPL13A;RPL5;RPS5;RPS4X;RPL35A;RPN2;RPS3;SPCS3;RPL32;RPS9;DDOST;RPL12;RPL18;RPL11;SPCS2;RPS26;RPS17;RPL30;RPL7;RPS12;SRP68;RPL7A;RPS23;RPL3;RPL23A;RPL19;RPS29;RPS7;RPS13;RPL4;RPL15;RPL21;RPL9;RPL34;RPLP0;RPL38;RPL17;RPS16,DDOST;FAU;RPL10;RPL10A;RPL11;RPL12;RPL13;RPL13A;RPL14;RPL15;RPL17;RPL18;RPL18A;RPL19;RPL21;RPL22;RPL23;RPL23A;RPL24;RPL26;RPL27;RPL27A;RPL28;RPL29;RPL3;RPL30;RPL31;RPL32;RPL34;RPL35;RPL35A;RPL36;RPL36AL;RPL37A;RPL38;RPL4;RPL5;RPL6;RPL7;RPL7A;RPL8;RPL9;RPLP0;RPLP1;RPLP2;RPN1;RPN2;RPS10;RPS11;RPS12;RPS13;RPS14;RPS15;RPS15A;RPS16;RPS17;RPS18;RPS19;RPS2;RPS20;RPS21;RPS23;RPS24;RPS25;RPS26;RPS27;RPS27L;RPS28;RPS29;RPS3;RPS3A;RPS4X;RPS5;RPS6;RPS7;RPS8;RPS9;RPSA;SEC11A;SEC61A1;SEC61B;SPCS1;SPCS2;SPCS3;SRP14;SRP19;SRP54;SRP68;SRP72;SRP9;SRPRA;SRPRB;SSR1;SSR3;SSR4,0.005587269872984159
R-HSA-72706,GTP hydrolysis and joining of the 60S ribosomal subunit,98,0.5438804027428379,2.7559107676581176,0.000999000999000999,63,EIF2S2;EIF4A1;EIF2S1;EIF2S3;EIF3M;EIF4G1;EIF3E;RPL10;EIF3A;RPS15A;EIF3I;EIF3D;RPL18A;RPS3A;RPS11;RPL27A;EIF3B;RPS2;EIF4B;EIF3K;RPS6;RPS27;RPL10A;EIF5B;EIF3L;RPS8;RPL6;RPL13A;RPL5;RPS5;RPS4X;RPL35A;RPS3;RPL32;RPS9;EIF3F;RPL12;RPL18;RPL11;EIF3G;RPS26;EIF3H;RPS17;RPL30;RPL7;RPS12;RPL7A;RPS23;RPL3;RPL23A;RPL19;RPS29;RPS7;RPS13;RPL4;RPL15;RPL21;RPL9;RPL34;RPLP0;RPL38;RPL17;RPS16,EIF2S1;EIF2S2;EIF2S3;EIF3A;EIF3B;EIF3D;EIF3E;EIF3F;EIF3G;EIF3H;EIF3I;EIF3J;EIF3K;EIF3L;EIF3M;EIF4A1;EIF4A2;EIF4B;EIF4E;EIF4G1;EIF4H;EIF5;EIF5B;FAU;RPL10;RPL10A;RPL11;RPL12;RPL13;RPL13A;RPL14;RPL15;RPL17;RPL18;RPL18A;RPL19;RPL21;RPL22;RPL23;RPL23A;RPL24;RPL26;RPL27;RPL27A;RPL28;RPL29;RPL3;RPL30;RPL31;RPL32;RPL34;RPL35;RPL35A;RPL36;RPL36AL;RPL37A;RPL38;RPL4;RPL5;RPL6;RPL7;RPL7A;RPL8;RPL9;RPLP0;RPLP1;RPLP2;RPS10;RPS11;RPS12;RPS13;RPS14;RPS15;RPS15A;RPS16;RPS17;RPS18;RPS19;RPS2;RPS20;RPS21;RPS23;RPS24;RPS25;RPS26;RPS27;RPS27L;RPS28;RPS29;RPS3;RPS3A;RPS4X;RPS5;RPS6;RPS7;RPS8;RPS9;RPSA,0.005587269872984159
R-HSA-156827,L13a-mediated translational silencing of Ceruloplasmin expression,97,0.5487887546769085,2.737501935474092,0.000999000999000999,63,EIF2S2;EIF4A1;EIF2S1;EIF2S3;EIF3M;EIF4G1;EIF3E;RPL10;EIF3A;RPS15A;EIF3I;EIF3D;PABPC1;RPL18A;RPS3A;RPS11;RPL27A;EIF3B;RPS2;EIF4B;EIF3K;RPS6;RPS27;RPL10A;EIF3L;RPS8;RPL6;RPL13A;RPL5;RPS5;RPS4X;RPL35A;RPS3;RPL32;RPS9;EIF3F;RPL12;RPL18;RPL11;EIF3G;RPS26;EIF3H;RPS17;RPL30;RPL7;RPS12;RPL7A;RPS23;RPL3;RPL23A;RPL19;RPS29;RPS7;RPS13;RPL4;RPL15;RPL21;RPL9;RPL34;RPLP0;RPL38;RPL17;RPS16,EIF2S1;EIF2S2;EIF2S3;EIF3A;EIF3B;EIF3D;EIF3E;EIF3F;EIF3G;EIF3H;EIF3I;EIF3J;EIF3K;EIF3L;EIF3M;EIF4A1;EIF4A2;EIF4B;EIF4E;EIF4G1;EIF4H;FAU;PABPC1;RPL10;RPL10A;RPL11;RPL12;RPL13;RPL13A;RPL14;RPL15;RPL17;RPL18;RPL18A;RPL19;RPL21;RPL22;RPL23;RPL23A;RPL24;RPL26;RPL27;RPL27A;RPL28;RPL29;RPL3;RPL30;RPL31;RPL32;RPL34;RPL35;RPL35A;RPL36;RPL36AL;RPL37A;RPL38;RPL4;RPL5;RPL6;RPL7;RPL7A;RPL8;RPL9;RPLP0;RPLP1;RPLP2;RPS10;RPS11;RPS12;RPS13;RPS14;RPS15;RPS15A;RPS16;RPS17;RPS18;RPS19;RPS2;RPS20;RPS21;RPS23;RPS24;RPS25;RPS26;RPS27;RPS27L;RPS28;RPS29;RPS3;RPS3A;RPS4X;RPS5;RPS6;RPS7;RPS8;RPS9;RPSA,0.005587269872984159
R-HSA-8868773,rRNA processing in the nucleus and cytosol,116,0.5326578812006035,2.7206752503813725,0.000999000999000999,78,PES1;DDX21;NAT10;WDR36;BYSL;NOP56;DIS3;SNU13;RPL10;RPS15A;NOP58;EBNA1BP2;RPL18A;KRR1;RPS3A;RPS11;RPL27A;RPS2;EXOSC6;NCL;RPS6;RPS27;FBL;RPL10A;PELP1;XRN2;RPS8;RPL6;RPL13A;RPL5;RPS5;RPS4X;RPL35A;RPS3;RPL32;RPS9;RPL12;RPL18;RPL11;RPS26;RPS17;RPL30;RPL7;DKC1;RPS12;EXOSC4;NOP2;RPL7A;RPS23;RPL3;PWP2;WDR18;RPL23A;RPL19;GAR1;NHP2;RPS29;RPS7;RPS13;RPL4;FTSJ3;RPL15;RPL21;EXOSC7;RPL9;RPL34;RPLP0;RPL38;MTREX;RPL17;RPS16;EXOSC3;TBL3;TRMT112;PDCD11;UTP18;UTP14A;UTP3,BYSL;DDX21;DIS3;DKC1;EBNA1BP2;EXOSC10;EXOSC3;EXOSC4;EXOSC6;EXOSC7;FAU;FBL;FTSJ3;GAR1;GNL3;HEATR1;KRR1;MTREX;NAT10;NCL;NHP2;NOP2;NOP56;NOP58;PDCD11;PELP1;PES1;PWP2;RPL10;RPL10A;RPL11;RPL12;RPL13;RPL13A;RPL14;RPL15;RPL17;RPL18;RPL18A;RPL19;RPL21;RPL22;RPL23;RPL23A;RPL24;RPL26;RPL27;RPL27A;RPL28;RPL29;RPL3;RPL30;RPL31;RPL32;RPL34;RPL35;RPL35A;RPL36;RPL36AL;RPL37A;RPL38;RPL4;RPL5;RPL6;RPL7;RPL7A;RPL8;RPL9;RPLP0;RPLP1;RPLP2;RPP38;RPS10;RPS11;RPS12;RPS13;RPS14;RPS15;RPS15A;RPS16;RPS17;RPS18;RPS19;RPS2;RPS20;RPS21;RPS23;RPS24;RPS25;RPS26;RPS27;RPS27L;RPS28;RPS29;RPS3;RPS3A;RPS4X;RPS5;RPS6;RPS7;RPS8;RPS9;RPSA;RRP9;SNU13;TBL3;THUMPD1;TRMT112;TSR3;UTP14A;UTP18;UTP3;WDR18;WDR3;WDR36;XRN2,0.005587269872984159
R-HSA-6791226,Major pathway of rRNA processing in the nucleolus and cytosol,108,0.5352505856135125,2.703521243903267,0.000999000999000999,72,PES1;DDX21;WDR36;BYSL;NOP56;DIS3;SNU13;RPL10;RPS15A;NOP58;EBNA1BP2;RPL18A;KRR1;RPS3A;RPS11;RPL27A;RPS2;EXOSC6;NCL;RPS6;RPS27;FBL;RPL10A;PELP1;XRN2;RPS8;RPL6;RPL13A;RPL5;RPS5;RPS4X;RPL35A;RPS3;RPL32;RPS9;RPL12;RPL18;RPL11;RPS26;RPS17;RPL30;RPL7;RPS12;EXOSC4;RPL7A;RPS23;RPL3;PWP2;WDR18;RPL23A;RPL19;RPS29;RPS7;RPS13;RPL4;FTSJ3;RPL15;RPL21;EXOSC7;RPL9;RPL34;RPLP0;RPL38;MTREX;RPL17;RPS16;EXOSC3;TBL3;PDCD11;UTP18;UTP14A;UTP3,BYSL;DDX21;DIS3;EBNA1BP2;EXOSC10;EXOSC3;EXOSC4;EXOSC6;EXOSC7;FAU;FBL;FTSJ3;GNL3;HEATR1;KRR1;MTREX;NCL;NOP56;NOP58;PDCD11;PELP1;PES1;PWP2;RPL10;RPL10A;RPL11;RPL12;RPL13;RPL13A;RPL14;RPL15;RPL17;RPL18;RPL18A;RPL19;RPL21;RPL22;RPL23;RPL23A;RPL24;RPL26;RPL27;RPL27A;RPL28;RPL29;RPL3;RPL30;RPL31;RPL32;RPL34;RPL35;RPL35A;RPL36;RPL36AL;RPL37A;RPL38;RPL4;RPL5;RPL6;RPL7;RPL7A;RPL8;RPL9;RPLP0;RPLP1;RPLP2;RPP38;RPS10;RPS11;RPS12;RPS13;RPS14;RPS15;RPS15A;RPS16;RPS17;RPS18;RPS19;RPS2;RPS20;RPS21;RPS23;RPS24;RPS25;RPS26;RPS27;RPS27L;RPS28;RPS29;RPS3;RPS3A;RPS4X;RPS5;RPS6;RPS7;RPS8;RPS9;RPSA;RRP9;SNU13;TBL3;UTP14A;UTP18;UTP3;WDR18;WDR3;WDR36;XRN2,0.005587269872984159
R-HSA-72737,Cap-dependent Translation Initiation,104,0.5357599641132793,2.699078179553061,0.000999000999000999,65,EIF2S2;EIF4A1;EIF2S1;EIF2S3;EIF3M;EIF4G1;EIF3E;RPL10;EIF3A;RPS15A;EIF3I;EIF3D;PABPC1;RPL18A;RPS3A;RPS11;RPL27A;EIF3B;RPS2;EIF4B;EIF3K;RPS6;RPS27;RPL10A;EIF5B;EIF3L;RPS8;RPL6;RPL13A;RPL5;RPS5;RPS4X;RPL35A;RPS3;RPL32;RPS9;EIF3F;RPL12;RPL18;RPL11;EIF3G;RPS26;EIF2B1;EIF3H;RPS17;RPL30;RPL7;RPS12;RPL7A;RPS23;RPL3;RPL23A;RPL19;RPS29;RPS7;RPS13;RPL4;RPL15;RPL21;RPL9;RPL34;RPLP0;RPL38;RPL17;RPS16,EIF2B1;EIF2B3;EIF2B4;EIF2B5;EIF2S1;EIF2S2;EIF2S3;EIF3A;EIF3B;EIF3D;EIF3E;EIF3F;EIF3G;EIF3H;EIF3I;EIF3J;EIF3K;EIF3L;EIF3M;EIF4A1;EIF4A2;EIF4B;EIF4E;EIF4EBP1;EIF4G1;EIF4H;EIF5;EIF5B;FAU;PABPC1;RPL10;RPL10A;RPL11;RPL12;RPL13;RPL13A;RPL14;RPL15;RPL17;RPL18;RPL18A;RPL19;RPL21;RPL22;RPL23;RPL23A;RPL24;RPL26;RPL27;RPL27A;RPL28;RPL29;RPL3;RPL30;RPL31;RPL32;RPL34;RPL35;RPL35A;RPL36;RPL36AL;RPL37A;RPL38;RPL4;RPL5;RPL6;RPL7;RPL7A;RPL8;RPL9;RPLP0;RPLP1;RPLP2;RPS10;RPS11;RPS12;RPS13;RPS14;RPS15;RPS15A;RPS16;RPS17;RPS18;RPS19;RPS2;RPS20;RPS21;RPS23;RPS24;RPS25;RPS26;RPS27;RPS27L;RPS28;RPS29;RPS3;RPS3A;RPS4X;RPS5;RPS6;RPS7;RPS8;RPS9;RPSA,0.005587269872984159
R-HSA-168273,Influenza Viral RNA Transcription and Replication,112,0.51790470994125,2.664227528720149,0.000999000999000999,78,NUP155;IPO5;GTF2F1;POLR2B;RPL10;RPS15A;GTF2F2;POLR2H;RPL18A;RPS3A;RPS11;RPL27A;RPS2;NUP188;RPS6;RPS27;NUP93;RPL10A;POLR2A;RPS8;RPL6;POLR2E;RPL13A;RPL5;RPS5;RPS4X;RPL35A;RPS3;RPL32;HSP90AA1;RPS9;NUP160;NUP35;RPL12;RPL18;RPL11;RPS26;NUP153;NUP133;RPS17;RPL30;RPL7;NUP88;RPS12;GRSF1;NUP62;RPL7A;RPS23;RPL3;RPL23A;RPL19;SEH1L;RPS29;NUP214;RPS7;NUP54;RPS13;SEC13;RPL4;NUP50;RPL15;RPL21;RPL9;RPL34;RPLP0;RPL38;RPL17;RPS16;TPR;RANBP2;DNAJC3;PARP1;RPL24;RPLP1;RPS25;RPS20;RPS18;RPL14,AAAS;DNAJC3;FAU;GRSF1;GTF2F1;GTF2F2;HSP90AA1;IPO5;NUP107;NUP133;NUP153;NUP155;NUP160;NUP188;NUP205;NUP210;NUP214;NUP35;NUP43;NUP50;NUP54;NUP62;NUP85;NUP88;NUP93;NUP98;PARP1;POLR2A;POLR2B;POLR2C;POLR2E;POLR2H;POLR2I;RAE1;RANBP2;RPL10;RPL10A;RPL11;RPL12;RPL13;RPL13A;RPL14;RPL15;RPL17;RPL18;RPL18A;RPL19;RPL21;RPL22;RPL23;RPL23A;RPL24;RPL26;RPL27;RPL27A;RPL28;RPL29;RPL3;RPL30;RPL31;RPL32;RPL34;RPL35;RPL35A;RPL36;RPL36AL;RPL37A;RPL38;RPL4;RPL5;RPL6;RPL7;RPL7A;RPL8;RPL9;RPLP0;RPLP1;RPLP2;RPS10;RPS11;RPS12;RPS13;RPS14;RPS15;RPS15A;RPS16;RPS17;RPS18;RPS19;RPS2;RPS20;RPS21;RPS23;RPS24;RPS25;RPS26;RPS27;RPS27L;RPS28;RPS29;RPS3;RPS3A;RPS4X;RPS5;RPS6;RPS7;RPS8;RPS9;RPSA;SEC13;SEH1L;TPR,0.005587269872984159
R-HSA-72689,Formation of a pool of free 40S subunits,87,0.5363634857740214,2.6640396653345078,0.000999000999000999,56,EIF3M;EIF3E;RPL10;EIF3A;RPS15A;EIF3I;EIF3D;RPL18A;RPS3A;RPS11;RPL27A;EIF3B;RPS2;EIF3K;RPS6;RPS27;RPL10A;EIF3L;RPS8;RPL6;RPL13A;RPL5;RPS5;RPS4X;RPL35A;RPS3;RPL32;RPS9;EIF3F;RPL12;RPL18;RPL11;EIF3G;RPS26;EIF3H;RPS17;RPL30;RPL7;RPS12;RPL7A;RPS23;RPL3;RPL23A;RPL19;RPS29;RPS7;RPS13;RPL4;RPL15;RPL21;RPL9;RPL34;RPLP0;RPL38;RPL17;RPS16,EIF3A;EIF3B;EIF3D;EIF3E;EIF3F;EIF3G;EIF3H;EIF3I;EIF3J;EIF3K;EIF3L;EIF3M;FAU;RPL10;RPL10A;RPL11;RPL12;RPL13;RPL13A;RPL14;RPL15;RPL17;RPL18;RPL18A;RPL19;RPL21;RPL22;RPL23;RPL23A;RPL24;RPL26;RPL27;RPL27A;RPL28;RPL29;RPL3;RPL30;RPL31;RPL32;RPL34;RPL35;RPL35A;RPL36;RPL36AL;RPL37A;RPL38;RPL4;RPL5;RPL6;RPL7;RPL7A;RPL8;RPL9;RPLP0;RPLP1;RPLP2;RPS10;RPS11;RPS12;RPS13;RPS14;RPS15;RPS15A;RPS16;RPS17;RPS18;RPS19;RPS2;RPS20;RPS21;RPS23;RPS24;RPS25;RPS26;RPS27;RPS27L;RPS28;RPS29;RPS3;RPS3A;RPS4X;RPS5;RPS6;RPS7;RPS8;RPS9;RPSA,0.005587269872984159
R-HSA-72613,Eukaryotic Translation Initiation,104,0.5357599641132793,2.634441634611628,0.000999000999000999,65,EIF2S2;EIF4A1;EIF2S1;EIF2S3;EIF3M;EIF4G1;EIF3E;RPL10;EIF3A;RPS15A;EIF3I;EIF3D;PABPC1;RPL18A;RPS3A;RPS11;RPL27A;EIF3B;RPS2;EIF4B;EIF3K;RPS6;RPS27;RPL10A;EIF5B;EIF3L;RPS8;RPL6;RPL13A;RPL5;RPS5;RPS4X;RPL35A;RPS3;RPL32;RPS9;EIF3F;RPL12;RPL18;RPL11;EIF3G;RPS26;EIF2B1;EIF3H;RPS17;RPL30;RPL7;RPS12;RPL7A;RPS23;RPL3;RPL23A;RPL19;RPS29;RPS7;RPS13;RPL4;RPL15;RPL21;RPL9;RPL34;RPLP0;RPL38;RPL17;RPS16,EIF2B1;EIF2B3;EIF2B4;EIF2B5;EIF2S1;EIF2S2;EIF2S3;EIF3A;EIF3B;EIF3D;EIF3E;EIF3F;EIF3G;EIF3H;EIF3I;EIF3J;EIF3K;EIF3L;EIF3M;EIF4A1;EIF4A2;EIF4B;EIF4E;EIF4EBP1;EIF4G1;EIF4H;EIF5;EIF5B;FAU;PABPC1;RPL10;RPL10A;RPL11;RPL12;RPL13;RPL13A;RPL14;RPL15;RPL17;RPL18;RPL18A;RPL19;RPL21;RPL22;RPL23;RPL23A;RPL24;RPL26;RPL27;RPL27A;RPL28;RPL29;RPL3;RPL30;RPL31;RPL32;RPL34;RPL35;RPL35A;RPL36;RPL36AL;RPL37A;RPL38;RPL4;RPL5;RPL6;RPL7;RPL7A;RPL8;RPL9;RPLP0;RPLP1;RPLP2;RPS10;RPS11;RPS12;RPS13;RPS14;RPS15;RPS15A;RPS16;RPS17;RPS18;RPS19;RPS2;RPS20;RPS21;RPS23;RPS24;RPS25;RPS26;RPS27;RPS27L;RPS28;RPS29;RPS3;RPS3A;RPS4X;RPS5;RPS6;RPS7;RPS8;RPS9;RPSA,0.005587269872984159
R-HSA-72662,"Activation of the mRNA upon binding of the cap-binding complex and eIFs, and subsequent binding to 43S",55,0.5808655013736508,2.6128168516168637,0.000999000999000999,36,EIF2S2;EIF4A1;EIF2S1;EIF2S3;EIF3M;EIF4G1;EIF3E;EIF3A;RPS15A;EIF3I;EIF3D;PABPC1;RPS3A;RPS11;EIF3B;RPS2;EIF4B;EIF3K;RPS6;RPS27;EIF3L;RPS8;RPS5;RPS4X;RPS3;RPS9;EIF3F;EIF3G;RPS26;EIF3H;RPS17;RPS12;RPS23;RPS29;RPS7;RPS13,EIF2S1;EIF2S2;EIF2S3;EIF3A;EIF3B;EIF3D;EIF3E;EIF3F;EIF3G;EIF3H;EIF3I;EIF3J;EIF3K;EIF3L;EIF3M;EIF4A1;EIF4A2;EIF4B;EIF4E;EIF4EBP1;EIF4G1;EIF4H;FAU;PABPC1;RPS10;RPS11;RPS12;RPS13;RPS14;RPS15;RPS15A;RPS16;RPS17;RPS18;RPS19;RPS2;RPS20;RPS21;RPS23;RPS24;RPS25;RPS26;RPS27;RPS27L;RPS28;RPS29;RPS3;RPS3A;RPS4X;RPS5;RPS6;RPS7;RPS8;RPS9;RPSA,0.005587269872984159
R-HSA-9833482,PKR-mediated signaling,36,0.6476490234281034,2.589262670615166,0.000999000999000999,15,EIF2AK2;ISG15;STAT1;EIF2S2;TUBB3;ADAR;EIF2S1;EIF2S3;TUBA4B;DHX9;ILF3;UBE2L6;STAT3;TUBB6;ILF2,ADAR;DHX9;DNAJC3;EIF2AK2;EIF2S1;EIF2S2;EIF2S3;HSPA1L;HSPA2;HSPA8;IKBKG;ILF2;ILF3;ISG15;MAVS;NCK1;NPM1;PPP2CB;PPP2R1A;PPP2R5A;PRKRA;SNCA;STAT1;STAT3;SUMO1;TRIM25;TUBA1C;TUBA4A;TUBA4B;TUBB2A;TUBB3;TUBB4A;TUBB4B;TUBB6;UBE2I;UBE2L6,0.005587269872984159
R-HSA-72695,"Formation of the ternary complex, and subsequently, the 43S complex",47,0.5981467262990767,2.581667100769,0.000999000999000999,32,EIF2S2;EIF2S1;EIF2S3;EIF3M;EIF3E;EIF3A;RPS15A;EIF3I;EIF3D;RPS3A;RPS11;EIF3B;RPS2;EIF3K;RPS6;RPS27;EIF3L;RPS8;RPS5;RPS4X;RPS3;RPS9;EIF3F;EIF3G;RPS26;EIF3H;RPS17;RPS12;RPS23;RPS29;RPS7;RPS13,EIF2S1;EIF2S2;EIF2S3;EIF3A;EIF3B;EIF3D;EIF3E;EIF3F;EIF3G;EIF3H;EIF3I;EIF3J;EIF3K;EIF3L;EIF3M;FAU;RPS10;RPS11;RPS12;RPS13;RPS14;RPS15;RPS15A;RPS16;RPS17;RPS18;RPS19;RPS2;RPS20;RPS21;RPS23;RPS24;RPS25;RPS26;RPS27;RPS27L;RPS28;RPS29;RPS3;RPS3A;RPS4X;RPS5;RPS6;RPS7;RPS8;RPS9;RPSA,0.005587269872984159
R-HSA-72649,Translation initiation complex formation,54,0.587585083351748,2.573097159034453,0.000999000999000999,36,EIF2S2;EIF4A1;EIF2S1;EIF2S3;EIF3M;EIF4G1;EIF3E;EIF3A;RPS15A;EIF3I;EIF3D;PABPC1;RPS3A;RPS11;EIF3B;RPS2;EIF4B;EIF3K;RPS6;RPS27;EIF3L;RPS8;RPS5;RPS4X;RPS3;RPS9;EIF3F;EIF3G;RPS26;EIF3H;RPS17;RPS12;RPS23;RPS29;RPS7;RPS13,EIF2S1;EIF2S2;EIF2S3;EIF3A;EIF3B;EIF3D;EIF3E;EIF3F;EIF3G;EIF3H;EIF3I;EIF3J;EIF3K;EIF3L;EIF3M;EIF4A1;EIF4A2;EIF4B;EIF4E;EIF4G1;EIF4H;FAU;PABPC1;RPS10;RPS11;RPS12;RPS13;RPS14;RPS15;RPS15A;RPS16;RPS17;RPS18;RPS19;RPS2;RPS20;RPS21;RPS23;RPS24;RPS25;RPS26;RPS27;RPS27L;RPS28;RPS29;RPS3;RPS3A;RPS4X;RPS5;RPS6;RPS7;RPS8;RPS9;RPSA,0.005587269872984159
R-HSA-9010553,Regulation of expression of SLITs and ROBOs,131,0.4860670633396873,2.5342818591351906,0.000999000999000999,93,EIF4G1;EIF4A3;PSMD2;PSMB9;PSMB8;RPL10;RPS15A;PSME2;PSMD11;PSMD13;PSME3;PABPC1;RPL18A;RPS3A;RPS11;RPL27A;RPS2;PSMB3;RPS6;RPS27;RBM8A;PSMA4;PSMB2;RPL10A;MAGOHB;RPS8;RPL6;ELOC;RPL13A;RPL5;RPS5;PSMD7;RPS4X;RPL35A;RPS3;RPL32;RPS9;PSME1;GSPT2;PSMD12;ETF1;PSMC2;RPL12;RPL18;RPL11;RPS26;PSMA6;RPS17;RPL30;RPL7;RPS12;PSMB10;PSMD6;RPL7A;RPS23;RPL3;PSMA3;RPL23A;RPL19;GSPT1;PSMC6;RPS29;RPS7;RPS13;RPL4;RPL15;PSMD1;RPL21;RPL9;RPL34;RPLP0;RPL38;RPL17;RPS16;CUL2;PSMD14;PSMA7;PSMB1;RPL24;RPLP1;RNPS1;RPS25;RPS20;PSMC1;RPS18;RPL14;RPL35;PSMD3;RPL28;PSMA2;RPS14;RPS28;PSMD8,CUL2;DAG1;EIF4A3;EIF4G1;ELOB;ELOC;ETF1;FAU;GSPT1;GSPT2;MAGOHB;PABPC1;PSMA1;PSMA2;PSMA3;PSMA4;PSMA5;PSMA6;PSMA7;PSMB1;PSMB10;PSMB2;PSMB3;PSMB4;PSMB5;PSMB6;PSMB7;PSMB8;PSMB9;PSMC1;PSMC2;PSMC3;PSMC4;PSMC5;PSMC6;PSMD1;PSMD10;PSMD11;PSMD12;PSMD13;PSMD14;PSMD2;PSMD3;PSMD4;PSMD5;PSMD6;PSMD7;PSMD8;PSMD9;PSME1;PSME2;PSME3;PSMF1;RBM8A;RBX1;RNPS1;RPL10;RPL10A;RPL11;RPL12;RPL13;RPL13A;RPL14;RPL15;RPL17;RPL18;RPL18A;RPL19;RPL21;RPL22;RPL23;RPL23A;RPL24;RPL26;RPL27;RPL27A;RPL28;RPL29;RPL3;RPL30;RPL31;RPL32;RPL34;RPL35;RPL35A;RPL36;RPL36AL;RPL37A;RPL38;RPL4;RPL5;RPL6;RPL7;RPL7A;RPL8;RPL9;RPLP0;RPLP1;RPLP2;RPS10;RPS11;RPS12;RPS13;RPS14;RPS15;RPS15A;RPS16;RPS17;RPS18;RPS19;RPS2;RPS20;RPS21;RPS23;RPS24;RPS25;RPS26;RPS27;RPS27L;RPS28;RPS29;RPS3;RPS3A;RPS4X;RPS5;RPS6;RPS7;RPS8;RPS9;RPSA;UPF2,0.005587269872984159
R-HSA-159236,Transport of Mature mRNA derived from an Intron-Containing Transcript,49,0.5817469334467491,2.523333950403664,0.000999000999000999,33,U2AF2;NUP155;EIF4A3;SRSF6;THOC2;DDX39A;NUP188;SRRM1;RBM8A;NUP93;DDX39B;MAGOHB;SRSF1;SRSF3;NUP160;U2AF1;NUP35;THOC6;NUP153;NUP133;NUP88;NUP62;SRSF4;SEH1L;NUP214;NUP54;SEC13;NUP50;DHX38;TPR;RANBP2;SARNP;RNPS1,AAAS;ALYREF;DDX39A;DDX39B;DHX38;EIF4A3;MAGOHB;NUP107;NUP133;NUP153;NUP155;NUP160;NUP188;NUP205;NUP210;NUP214;NUP35;NUP43;NUP50;NUP54;NUP62;NUP85;NUP88;NUP93;NUP98;POLDIP3;RAE1;RANBP2;RBM8A;RNPS1;SARNP;SEC13;SEH1L;SRRM1;SRSF1;SRSF11;SRSF2;SRSF3;SRSF4;SRSF5;SRSF6;SRSF7;SRSF9;THOC2;THOC6;TPR;U2AF1;U2AF2;ZC3H11A,0.005587269872984159
R-HSA-1169410,Antiviral mechanism by IFN-stimulated genes,84,0.5154162374880659,2.490029418548808,0.000999000999000999,26,EIF2AK2;ISG15;STAT1;EIF2S2;OAS3;TUBB3;EIF4G2;EIF4A1;ADAR;EIF2S1;EIF2S3;FLNB;NUP155;TUBA4B;MX1;DHX9;OAS2;EIF4G1;ILF3;UBE2L6;EIF4A3;ABCE1;STAT3;TUBB6;ILF2;RIGI,AAAS;ABCE1;ADAR;DHX9;DNAJC3;EIF2AK2;EIF2S1;EIF2S2;EIF2S3;EIF4A1;EIF4A2;EIF4A3;EIF4E;EIF4G1;EIF4G2;FLNA;FLNB;HSPA1L;HSPA2;HSPA8;IFIT1;IKBKG;ILF2;ILF3;ISG15;KPNA1;KPNA2;KPNA3;KPNA4;KPNB1;MAPK3;MAVS;MX1;NCK1;NPM1;NUP107;NUP133;NUP153;NUP155;NUP160;NUP188;NUP205;NUP210;NUP214;NUP35;NUP43;NUP50;NUP54;NUP62;NUP85;NUP88;NUP93;NUP98;OAS2;OAS3;PDE12;PIN1;PPP2CB;PPP2R1A;PPP2R5A;PRKRA;RAE1;RANBP2;RIGI;SEC13;SEH1L;SNCA;STAT1;STAT3;SUMO1;TPR;TRIM25;TUBA1C;TUBA4A;TUBA4B;TUBB2A;TUBB3;TUBB4A;TUBB4B;TUBB6;UBA7;UBE2I;UBE2L6;UBE2N,0.005587269872984159
R-HSA-72702,Ribosomal scanning and start codon recognition,54,0.5765991900472798,2.4898202388633757,0.000999000999000999,35,EIF2S2;EIF4A1;EIF2S1;EIF2S3;EIF3M;EIF4G1;EIF3E;EIF3A;RPS15A;EIF3I;EIF3D;RPS3A;RPS11;EIF3B;RPS2;EIF4B;EIF3K;RPS6;RPS27;EIF3L;RPS8;RPS5;RPS4X;RPS3;RPS9;EIF3F;EIF3G;RPS26;EIF3H;RPS17;RPS12;RPS23;RPS29;RPS7;RPS13,EIF2S1;EIF2S2;EIF2S3;EIF3A;EIF3B;EIF3D;EIF3E;EIF3F;EIF3G;EIF3H;EIF3I;EIF3J;EIF3K;EIF3L;EIF3M;EIF4A1;EIF4A2;EIF4B;EIF4E;EIF4G1;EIF4H;EIF5;FAU;RPS10;RPS11;RPS12;RPS13;RPS14;RPS15;RPS15A;RPS16;RPS17;RPS18;RPS19;RPS2;RPS20;RPS21;RPS23;RPS24;RPS25;RPS26;RPS27;RPS27L;RPS28;RPS29;RPS3;RPS3A;RPS4X;RPS5;RPS6;RPS7;RPS8;RPS9;RPSA,0.005587269872984159
R-HSA-72202,Transport of Mature Transcript to Cytoplasm,55,0.5671878407628277,2.4825059805008736,0.000999000999000999,36,U2AF2;NUP155;EIF4A3;CPSF3;SRSF6;THOC2;CPSF1;DDX39A;NUP188;SRRM1;RBM8A;NUP93;DDX39B;MAGOHB;SRSF1;SRSF3;NUP160;U2AF1;NUP35;THOC6;NUP153;NUP133;NUP88;NUP62;SRSF4;SEH1L;NUP214;NUP54;SEC13;NUP50;SYMPK;DHX38;TPR;RANBP2;SARNP;RNPS1,AAAS;ALYREF;CPSF1;CPSF2;CPSF3;DDX39A;DDX39B;DHX38;EIF4A3;EIF4E;FIP1L1;MAGOHB;NUP107;NUP133;NUP153;NUP155;NUP160;NUP188;NUP205;NUP210;NUP214;NUP35;NUP43;NUP50;NUP54;NUP62;NUP85;NUP88;NUP93;NUP98;POLDIP3;RAE1;RANBP2;RBM8A;RNPS1;SARNP;SEC13;SEH1L;SRRM1;SRSF1;SRSF11;SRSF2;SRSF3;SRSF4;SRSF5;SRSF6;SRSF7;SRSF9;SYMPK;THOC2;THOC6;TPR;U2AF1;U2AF2;ZC3H11A,0.005587269872984159
R-HSA-877300,Interferon gamma signaling,31,0.6501593090621847,2.4824578277452076,0.000999000999000999,19,STAT1;OAS3;PTPN1;PML;GBP1;OAS2;HLA-B;YBX1;ICAM1;HLA-C;B2M;HLA-A;TRIM21;IRF6;CD44;SP100;PRKCD;HLA-DRA;TRIM25,B2M;CAMK2D;CAMK2G;CD44;GBP1;GBP2;GBP6;HLA-A;HLA-B;HLA-C;HLA-DPA1;HLA-DRA;ICAM1;IRF6;MAPK1;MAPK3;OAS2;OAS3;PML;PRKCD;PTPN1;PTPN11;PTPN6;SP100;STAT1;SUMO1;TRIM21;TRIM22;TRIM25;TRIM29;YBX1,0.005587269872984159
R-HSA-975956,Nonsense Mediated Decay (NMD) independent of the Exon Junction Complex (EJC),81,0.5158378891752441,2.478458733113116,0.000999000999000999,51,EIF4G1;UPF1;RPL10;RPS15A;PABPC1;RPL18A;RPS3A;RPS11;RPL27A;RPS2;RPS6;RPS27;RPL10A;RPS8;RPL6;RPL13A;RPL5;RPS5;RPS4X;RPL35A;RPS3;RPL32;RPS9;GSPT2;ETF1;RPL12;RPL18;RPL11;RPS26;RPS17;RPL30;RPL7;RPS12;RPL7A;RPS23;RPL3;RPL23A;RPL19;GSPT1;RPS29;RPS7;RPS13;RPL4;RPL15;RPL21;RPL9;RPL34;RPLP0;RPL38;RPL17;RPS16,EIF4G1;ETF1;FAU;GSPT1;GSPT2;PABPC1;RPL10;RPL10A;RPL11;RPL12;RPL13;RPL13A;RPL14;RPL15;RPL17;RPL18;RPL18A;RPL19;RPL21;RPL22;RPL23;RPL23A;RPL24;RPL26;RPL27;RPL27A;RPL28;RPL29;RPL3;RPL30;RPL31;RPL32;RPL34;RPL35;RPL35A;RPL36;RPL36AL;RPL37A;RPL38;RPL4;RPL5;RPL6;RPL7;RPL7A;RPL8;RPL9;RPLP0;RPLP1;RPLP2;RPS10;RPS11;RPS12;RPS13;RPS14;RPS15;RPS15A;RPS16;RPS17;RPS18;RPS19;RPS2;RPS20;RPS21;RPS23;RPS24;RPS25;RPS26;RPS27;RPS27L;RPS28;RPS29;RPS3;RPS3A;RPS4X;RPS5;RPS6;RPS7;RPS8;RPS9;RPSA;UPF1,0.005587269872984159
R-HSA-162906,HIV Infection,135,0.4700819512595122,2.467297879096547,0.000999000999000999,67,PAK2;NMT1;AP2A1;NUP155;SSRP1;RCC1;CDK9;GTF2F1;PSMD2;HMGA1;POLR2B;PSMB9;FEN1;RANGAP1;B2M;RAN;PSMB8;HLA-A;GTF2F2;PSME2;POLR2H;PSMD11;PSMD13;PSME3;NUP188;AP1M1;PSMB3;SLC25A5;PSMA4;NUP93;PSMB2;SUPT16H;AP1G1;NELFB;POLR2A;AP2B1;ELOC;POLR2E;PSMD7;RANBP1;PSME1;PSMD12;XPO1;SUPT4H1;NUP160;KPNB1;PSMC2;NPM1;CHMP4B;NUP35;NUP153;PSMA6;NUP133;NUP88;PSMB10;NUP62;PSMD6;XRCC5;PSMA3;SEH1L;PSMC6;NUP214;NUP54;SEC13;NUP50;TCEA1;PSMD1,AAAS;AP1B1;AP1G1;AP1M1;AP1M2;AP1S1;AP2A1;AP2A2;AP2B1;AP2M1;AP2S1;ATP6V1H;B2M;BANF1;CCNK;CDK9;CHMP2A;CHMP3;CHMP4A;CHMP4B;CHMP5;CUL5;DOCK2;ELMO1;ELOB;ELOC;FEN1;GTF2A1;GTF2F1;GTF2F2;HLA-A;HMGA1;KPNA1;KPNB1;NELFB;NMT1;NPM1;NUP107;NUP133;NUP153;NUP155;NUP160;NUP188;NUP205;NUP210;NUP214;NUP35;NUP43;NUP50;NUP54;NUP62;NUP85;NUP88;NUP93;NUP98;PAK2;PDCD6IP;POLR2A;POLR2B;POLR2C;POLR2E;POLR2H;POLR2I;PPIA;PSIP1;PSMA1;PSMA2;PSMA3;PSMA4;PSMA5;PSMA6;PSMA7;PSMB1;PSMB10;PSMB2;PSMB3;PSMB4;PSMB5;PSMB6;PSMB7;PSMB8;PSMB9;PSMC1;PSMC2;PSMC3;PSMC4;PSMC5;PSMC6;PSMD1;PSMD10;PSMD11;PSMD12;PSMD13;PSMD14;PSMD2;PSMD3;PSMD4;PSMD5;PSMD6;PSMD7;PSMD8;PSMD9;PSME1;PSME2;PSME3;PSMF1;RAC1;RAE1;RAN;RANBP1;RANBP2;RANGAP1;RBX1;RCC1;RNMT;SEC13;SEH1L;SKP1;SLC25A4;SLC25A5;SLC25A6;SSRP1;SUPT16H;SUPT4H1;SUPT5H;TCEA1;TPR;TSG101;VPS37B;VPS4A;VPS4B;VTA1;XPO1;XRCC5;XRCC6,0.005587269872984159
R-HSA-9633012,Response of EIF2AK4 (GCN2) to amino acid deficiency,79,0.5170232588372167,2.4561022846611134,0.000999000999000999,49,EIF2S2;EIF2S1;EIF2S3;RPL10;RPS15A;RPL18A;RPS3A;RPS11;RPL27A;RPS2;RPS6;RPS27;RPL10A;RPS8;RPL6;RPL13A;RPL5;RPS5;RPS4X;RPL35A;RPS3;RPL32;RPS9;GCN1;RPL12;RPL18;RPL11;RPS26;RPS17;RPL30;RPL7;RPS12;RPL7A;RPS23;RPL3;RPL23A;RPL19;RPS29;RPS7;RPS13;RPL4;RPL15;RPL21;RPL9;RPL34;RPLP0;RPL38;RPL17;RPS16,EIF2S1;EIF2S2;EIF2S3;FAU;GCN1;RPL10;RPL10A;RPL11;RPL12;RPL13;RPL13A;RPL14;RPL15;RPL17;RPL18;RPL18A;RPL19;RPL21;RPL22;RPL23;RPL23A;RPL24;RPL26;RPL27;RPL27A;RPL28;RPL29;RPL3;RPL30;RPL31;RPL32;RPL34;RPL35;RPL35A;RPL36;RPL36AL;RPL37A;RPL38;RPL4;RPL5;RPL6;RPL7;RPL7A;RPL8;RPL9;RPLP0;RPLP1;RPLP2;RPS10;RPS11;RPS12;RPS13;RPS14;RPS15;RPS15A;RPS16;RPS17;RPS18;RPS19;RPS2;RPS20;RPS21;RPS23;RPS24;RPS25;RPS26;RPS27;RPS27L;RPS28;RPS29;RPS3;RPS3A;RPS4X;RPS5;RPS6;RPS7;RPS8;RPS9;RPSA,0.005587269872984159
R-HSA-9694516,SARS-CoV-2 Infection,144,0.45731314941378776,2.419492444501281,0.000999000999000999,81,ISG15;STAT1;DDX5;STAT2;HSP90AB1;YWHAH;NUP155;PARP9;HLA-B;PIK3R4;CSNK1A1;G3BP1;HLA-C;SNRPD1;MOGS;B2M;PRMT1;HLA-A;RPS15A;CNBP;RIGI;RPS3A;RPS11;STT3A;YWHAQ;GANAB;RPS2;SEC23A;RPN1;NUP188;SNRPD2;RPS6;RPS27;DAD1;NUP93;PRKCSH;TRIM25;SFN;RPS8;RPS5;RPS4X;G3BP2;YWHAZ;RPN2;RPS3;VPS33B;SNRPF;HSP90AA1;RPS9;NUP160;DDOST;CHMP4B;NUP35;RPS26;NUP153;NUP133;RPS17;NUP88;RPS12;CANX;NUP62;VPS45;MAN2A1;VPS33A;RPS23;PTPN6;VPS16;SEH1L;RPS29;NUP214;RPS7;NUP54;RPS13;SEC13;NUP50;PARP4;SNRPD3;GSK3B;SEC24A;RPS16;SEC24C,AAAS;AGRN;ANO10;ANO6;B2M;CANX;CAV1;CHMP2A;CHMP3;CHMP4A;CHMP4B;CNBP;CSNK1A1;DAD1;DDOST;DDX5;FAU;G3BP1;G3BP2;GANAB;GPC1;GSK3B;HLA-A;HLA-B;HLA-C;HSP90AA1;HSP90AB1;HSPG2;IKBKG;ISG15;KPNA2;LARP1;MAGT1;MAN2A1;MAVS;MGAT1;MOGS;NOD1;NRP1;NUP107;NUP133;NUP153;NUP155;NUP160;NUP188;NUP205;NUP210;NUP214;NUP35;NUP43;NUP50;NUP54;NUP62;NUP85;NUP88;NUP93;NUP98;PARP14;PARP4;PARP9;PIK3C3;PIK3R4;PRKCSH;PRMT1;PTPN11;PTPN6;RAE1;RANBP2;RIGI;RPN1;RPN2;RPS10;RPS11;RPS12;RPS13;RPS14;RPS15;RPS15A;RPS16;RPS17;RPS18;RPS19;RPS2;RPS20;RPS21;RPS23;RPS24;RPS25;RPS26;RPS27;RPS27L;RPS28;RPS29;RPS3;RPS3A;RPS4X;RPS5;RPS6;RPS7;RPS8;RPS9;RPSA;SAR1B;SDC1;SEC13;SEC23A;SEC24A;SEC24B;SEC24C;SEC24D;SEH1L;SFN;SNRPD1;SNRPD2;SNRPD3;SNRPE;SNRPF;STAT1;STAT2;STING1;STT3A;SUMO1;TJP1;TKFC;TOMM70;TPR;TRIM25;TUFM;UBE2I;UBE2N;UBE2V1;VCP;VPS11;VPS16;VPS18;VPS33A;VPS33B;VPS45;YWHAB;YWHAE;YWHAG;YWHAH;YWHAQ;YWHAZ,0.005587269872984159
R-HSA-167243,Tat-mediated HIV elongation arrest and recovery,17,0.7328937018752494,2.414789377930307,0.000999000999000999,12,SSRP1;CDK9;GTF2F1;POLR2B;GTF2F2;POLR2H;SUPT16H;NELFB;POLR2A;ELOC;POLR2E;SUPT4H1,CDK9;ELOB;ELOC;GTF2F1;GTF2F2;NELFB;POLR2A;POLR2B;POLR2C;POLR2E;POLR2H;POLR2I;SSRP1;SUPT16H;SUPT4H1;SUPT5H;TCEA1,0.005587269872984159
R-HSA-975957,Nonsense Mediated Decay (NMD) enhanced by the Exon Junction Complex (EJC),88,0.49704077714492206,2.411657133100322,0.000999000999000999,54,EIF4G1;EIF4A3;UPF1;RPL10;RPS15A;PABPC1;RPL18A;RPS3A;RPS11;RPL27A;RPS2;RPS6;RPS27;RBM8A;RPL10A;MAGOHB;RPS8;RPL6;RPL13A;RPL5;RPS5;RPS4X;RPL35A;RPS3;RPL32;RPS9;GSPT2;ETF1;RPL12;RPL18;RPL11;RPS26;RPS17;RPL30;RPL7;RPS12;RPL7A;RPS23;RPL3;RPL23A;RPL19;GSPT1;RPS29;RPS7;RPS13;RPL4;RPL15;RPL21;RPL9;RPL34;RPLP0;RPL38;RPL17;RPS16,EIF4A3;EIF4G1;ETF1;FAU;GSPT1;GSPT2;MAGOHB;PABPC1;PPP2R1A;PPP2R2A;RBM8A;RNPS1;RPL10;RPL10A;RPL11;RPL12;RPL13;RPL13A;RPL14;RPL15;RPL17;RPL18;RPL18A;RPL19;RPL21;RPL22;RPL23;RPL23A;RPL24;RPL26;RPL27;RPL27A;RPL28;RPL29;RPL3;RPL30;RPL31;RPL32;RPL34;RPL35;RPL35A;RPL36;RPL36AL;RPL37A;RPL38;RPL4;RPL5;RPL6;RPL7;RPL7A;RPL8;RPL9;RPLP0;RPLP1;RPLP2;RPS10;RPS11;RPS12;RPS13;RPS14;RPS15;RPS15A;RPS16;RPS17;RPS18;RPS19;RPS2;RPS20;RPS21;RPS23;RPS24;RPS25;RPS26;RPS27;RPS27L;RPS28;RPS29;RPS3;RPS3A;RPS4X;RPS5;RPS6;RPS7;RPS8;RPS9;RPSA;UPF1;UPF2,0.005587269872984159
R-HSA-450531,Regulation of mRNA stability by proteins that bind AU-rich elements,64,0.5197468510259551,2.4105117618126046,0.000999000999000999,43,TNPO1;DIS3;EIF4G1;PSMD2;PSMB9;PSMB8;PSME2;PSMD11;PSMD13;SET;PSME3;PABPC1;EXOSC6;PSMB3;PSMA4;PSMB2;PRKCD;PSMD7;YWHAZ;PSME1;PSMD12;XPO1;KHSRP;PSMC2;PSMA6;HNRNPD;PSMB10;EXOSC4;PSMD6;PSMA3;PSMC6;NUP214;XRN1;MAPK14;PSMD1;EXOSC7;EXOSC3;ANP32A;PSMD14;PSMA7;PSMB1;YWHAB;PSMC1,ANP32A;DIS3;EIF4G1;ELAVL1;ENPP2;EXOSC3;EXOSC4;EXOSC6;EXOSC7;HNRNPD;HSPA8;HSPB1;KHSRP;MAPK14;NUP214;PABPC1;PRKCD;PSMA1;PSMA2;PSMA3;PSMA4;PSMA5;PSMA6;PSMA7;PSMB1;PSMB10;PSMB2;PSMB3;PSMB4;PSMB5;PSMB6;PSMB7;PSMB8;PSMB9;PSMC1;PSMC2;PSMC3;PSMC4;PSMC5;PSMC6;PSMD1;PSMD10;PSMD11;PSMD12;PSMD13;PSMD14;PSMD2;PSMD3;PSMD4;PSMD5;PSMD6;PSMD7;PSMD8;PSMD9;PSME1;PSME2;PSME3;PSMF1;SET;TNPO1;XPO1;XRN1;YWHAB;YWHAZ,0.005587269872984159
R-HSA-6796648,TP53 Regulates Transcription of DNA Repair Genes,18,0.7156940101529422,2.406083479428201,0.000999000999000999,12,SSRP1;CDK9;GTF2F1;POLR2B;GTF2F2;POLR2H;SUPT16H;NELFB;POLR2A;ELOC;POLR2E;SUPT4H1,CCNK;CDK9;ELOB;ELOC;GTF2F1;GTF2F2;NELFB;POLR2A;POLR2B;POLR2C;POLR2E;POLR2H;POLR2I;SSRP1;SUPT16H;SUPT4H1;SUPT5H;TCEA1,0.005587269872984159
R-HSA-927802,Nonsense-Mediated Decay (NMD),88,0.49704077714492206,2.404913531535032,0.000999000999000999,54,EIF4G1;EIF4A3;UPF1;RPL10;RPS15A;PABPC1;RPL18A;RPS3A;RPS11;RPL27A;RPS2;RPS6;RPS27;RBM8A;RPL10A;MAGOHB;RPS8;RPL6;RPL13A;RPL5;RPS5;RPS4X;RPL35A;RPS3;RPL32;RPS9;GSPT2;ETF1;RPL12;RPL18;RPL11;RPS26;RPS17;RPL30;RPL7;RPS12;RPL7A;RPS23;RPL3;RPL23A;RPL19;GSPT1;RPS29;RPS7;RPS13;RPL4;RPL15;RPL21;RPL9;RPL34;RPLP0;RPL38;RPL17;RPS16,EIF4A3;EIF4G1;ETF1;FAU;GSPT1;GSPT2;MAGOHB;PABPC1;PPP2R1A;PPP2R2A;RBM8A;RNPS1;RPL10;RPL10A;RPL11;RPL12;RPL13;RPL13A;RPL14;RPL15;RPL17;RPL18;RPL18A;RPL19;RPL21;RPL22;RPL23;RPL23A;RPL24;RPL26;RPL27;RPL27A;RPL28;RPL29;RPL3;RPL30;RPL31;RPL32;RPL34;RPL35;RPL35A;RPL36;RPL36AL;RPL37A;RPL38;RPL4;RPL5;RPL6;RPL7;RPL7A;RPL8;RPL9;RPLP0;RPLP1;RPLP2;RPS10;RPS11;RPS12;RPS13;RPS14;RPS15;RPS15A;RPS16;RPS17;RPS18;RPS19;RPS2;RPS20;RPS21;RPS23;RPS24;RPS25;RPS26;RPS27;RPS27L;RPS28;RPS29;RPS3;RPS3A;RPS4X;RPS5;RPS6;RPS7;RPS8;RPS9;RPSA;UPF1;UPF2,0.005587269872984159
R-HSA-8852276,The role of GTSE1 in G2/M progression after G2 checkpoint,52,0.5349852221367833,2.3993975490174044,0.000999000999000999,26,TUBB3;HSP90AB1;TUBA4B;MAPRE1;PSMD2;TUBB6;PSMB9;PSMB8;PSME2;PSMD11;PSMD13;PSME3;PSMB3;PSMA4;PSMB2;TUBA1C;PSMD7;HSP90AA1;PSME1;PSMD12;PSMC2;PSMA6;PSMB10;PSMD6;PSMA3;PSMC6,HSP90AA1;HSP90AB1;MAPRE1;PSMA1;PSMA2;PSMA3;PSMA4;PSMA5;PSMA6;PSMA7;PSMB1;PSMB10;PSMB2;PSMB3;PSMB4;PSMB5;PSMB6;PSMB7;PSMB8;PSMB9;PSMC1;PSMC2;PSMC3;PSMC4;PSMC5;PSMC6;PSMD1;PSMD10;PSMD11;PSMD12;PSMD13;PSMD14;PSMD2;PSMD3;PSMD4;PSMD5;PSMD6;PSMD7;PSMD8;PSMD9;PSME1;PSME2;PSME3;PSMF1;TUBA1C;TUBA4A;TUBA4B;TUBB2A;TUBB3;TUBB4A;TUBB4B;TUBB6,0.005587269872984159
R-HSA-192823,Viral mRNA Translation,77,0.49196081901041777,2.390121991178311,0.000999000999000999,57,RPL10;RPS15A;RPL18A;RPS3A;RPS11;RPL27A;RPS2;RPS6;RPS27;RPL10A;RPS8;RPL6;RPL13A;RPL5;RPS5;RPS4X;RPL35A;RPS3;RPL32;RPS9;RPL12;RPL18;RPL11;RPS26;RPS17;RPL30;RPL7;RPS12;GRSF1;RPL7A;RPS23;RPL3;RPL23A;RPL19;RPS29;RPS7;RPS13;RPL4;RPL15;RPL21;RPL9;RPL34;RPLP0;RPL38;RPL17;RPS16;DNAJC3;RPL24;RPLP1;RPS25;RPS20;RPS18;RPL14;RPL35;RPL28;RPS14;RPS28,DNAJC3;FAU;GRSF1;RPL10;RPL10A;RPL11;RPL12;RPL13;RPL13A;RPL14;RPL15;RPL17;RPL18;RPL18A;RPL19;RPL21;RPL22;RPL23;RPL23A;RPL24;RPL26;RPL27;RPL27A;RPL28;RPL29;RPL3;RPL30;RPL31;RPL32;RPL34;RPL35;RPL35A;RPL36;RPL36AL;RPL37A;RPL38;RPL4;RPL5;RPL6;RPL7;RPL7A;RPL8;RPL9;RPLP0;RPLP1;RPLP2;RPS10;RPS11;RPS12;RPS13;RPS14;RPS15;RPS15A;RPS16;RPS17;RPS18;RPS19;RPS2;RPS20;RPS21;RPS23;RPS24;RPS25;RPS26;RPS27;RPS27L;RPS28;RPS29;RPS3;RPS3A;RPS4X;RPS5;RPS6;RPS7;RPS8;RPS9;RPSA,0.005587269872984159
R-HSA-162909,Host Interactions of HIV factors,103,0.4733273186596696,2.387212721300896,0.000999000999000999,52,PAK2;AP2A1;NUP155;RCC1;CDK9;PSMD2;HMGA1;PSMB9;RANGAP1;B2M;RAN;PSMB8;HLA-A;PSME2;PSMD11;PSMD13;PSME3;NUP188;AP1M1;PSMB3;SLC25A5;PSMA4;NUP93;PSMB2;AP1G1;AP2B1;ELOC;PSMD7;RANBP1;PSME1;PSMD12;XPO1;NUP160;KPNB1;PSMC2;NPM1;NUP35;NUP153;PSMA6;NUP133;NUP88;PSMB10;NUP62;PSMD6;PSMA3;SEH1L;PSMC6;NUP214;NUP54;SEC13;NUP50;PSMD1,AAAS;AP1B1;AP1G1;AP1M1;AP1M2;AP1S1;AP2A1;AP2A2;AP2B1;AP2M1;AP2S1;ATP6V1H;B2M;BANF1;CDK9;CUL5;DOCK2;ELMO1;ELOB;ELOC;HLA-A;HMGA1;KPNA1;KPNB1;NPM1;NUP107;NUP133;NUP153;NUP155;NUP160;NUP188;NUP205;NUP210;NUP214;NUP35;NUP43;NUP50;NUP54;NUP62;NUP85;NUP88;NUP93;NUP98;PAK2;PPIA;PSIP1;PSMA1;PSMA2;PSMA3;PSMA4;PSMA5;PSMA6;PSMA7;PSMB1;PSMB10;PSMB2;PSMB3;PSMB4;PSMB5;PSMB6;PSMB7;PSMB8;PSMB9;PSMC1;PSMC2;PSMC3;PSMC4;PSMC5;PSMC6;PSMD1;PSMD10;PSMD11;PSMD12;PSMD13;PSMD14;PSMD2;PSMD3;PSMD4;PSMD5;PSMD6;PSMD7;PSMD8;PSMD9;PSME1;PSME2;PSME3;PSMF1;RAC1;RAE1;RAN;RANBP1;RANBP2;RANGAP1;RBX1;RCC1;SEC13;SEH1L;SKP1;SLC25A4;SLC25A5;SLC25A6;TPR;XPO1,0.005587269872984159
R-HSA-75955,RNA Polymerase II Transcription Elongation,21,0.6650695197718044,2.379574354580069,0.000999000999000999,13,SSRP1;CDK9;GTF2F1;POLR2B;GTF2F2;POLR2H;SUPT16H;NELFB;POLR2A;SUPT6H;ELOC;POLR2E;SUPT4H1,CCNK;CDC73;CDK9;ELOB;ELOC;GTF2F1;GTF2F2;NELFB;POLR2A;POLR2B;POLR2C;POLR2E;POLR2H;POLR2I;SKIC8;SSRP1;SUPT16H;SUPT4H1;SUPT5H;SUPT6H;TCEA1,0.005587269872984159
R-HSA-674695,RNA Polymerase II Pre-transcription Events,22,0.6603309019077483,2.376325380561847,0.000999000999000999,13,SSRP1;CDK9;GTF2F1;POLR2B;GTF2F2;POLR2H;SUPT16H;NELFB;POLR2A;SUPT6H;ELOC;POLR2E;SUPT4H1,CCNK;CDC73;CDK9;ELOB;ELOC;GTF2A1;GTF2F1;GTF2F2;NELFB;POLR2A;POLR2B;POLR2C;POLR2E;POLR2H;POLR2I;SKIC8;SSRP1;SUPT16H;SUPT4H1;SUPT5H;SUPT6H;TCEA1,0.005587269872984159
R-HSA-167200,Formation of HIV-1 elongation complex containing HIV-1 Tat,17,0.7328937018752494,2.3714355483333254,0.000999000999000999,12,SSRP1;CDK9;GTF2F1;POLR2B;GTF2F2;POLR2H;SUPT16H;NELFB;POLR2A;ELOC;POLR2E;SUPT4H1,CDK9;ELOB;ELOC;GTF2F1;GTF2F2;NELFB;POLR2A;POLR2B;POLR2C;POLR2E;POLR2H;POLR2I;SSRP1;SUPT16H;SUPT4H1;SUPT5H;TCEA1,0.005587269872984159
R-HSA-167152,Formation of HIV elongation complex in the absence of HIV Tat,18,0.7156940101529422,2.369710001120891,0.000999000999000999,12,SSRP1;CDK9;GTF2F1;POLR2B;GTF2F2;POLR2H;SUPT16H;NELFB;POLR2A;ELOC;POLR2E;SUPT4H1,CCNK;CDK9;ELOB;ELOC;GTF2F1;GTF2F2;NELFB;POLR2A;POLR2B;POLR2C;POLR2E;POLR2H;POLR2I;SSRP1;SUPT16H;SUPT4H1;SUPT5H;TCEA1,0.005587269872984159
R-HSA-9705683,SARS-CoV-2-host interactions,111,0.46953073615221824,2.3694148909175965,0.000999000999000999,60,ISG15;STAT1;STAT2;HSP90AB1;YWHAH;NUP155;HLA-B;PIK3R4;G3BP1;HLA-C;SNRPD1;B2M;HLA-A;RPS15A;CNBP;RIGI;RPS3A;RPS11;YWHAQ;RPS2;SEC23A;NUP188;SNRPD2;RPS6;RPS27;NUP93;TRIM25;SFN;RPS8;RPS5;RPS4X;G3BP2;YWHAZ;RPS3;VPS33B;SNRPF;HSP90AA1;RPS9;NUP160;NUP35;RPS26;NUP153;NUP133;RPS17;NUP88;RPS12;NUP62;VPS45;VPS33A;RPS23;PTPN6;VPS16;SEH1L;RPS29;NUP214;RPS7;NUP54;RPS13;SEC13;NUP50,AAAS;B2M;CAV1;CNBP;FAU;G3BP1;G3BP2;HLA-A;HLA-B;HLA-C;HSP90AA1;HSP90AB1;IKBKG;ISG15;KPNA2;LARP1;MAVS;NOD1;NUP107;NUP133;NUP153;NUP155;NUP160;NUP188;NUP205;NUP210;NUP214;NUP35;NUP43;NUP50;NUP54;NUP62;NUP85;NUP88;NUP93;NUP98;PIK3C3;PIK3R4;PTPN11;PTPN6;RAE1;RANBP2;RIGI;RPS10;RPS11;RPS12;RPS13;RPS14;RPS15;RPS15A;RPS16;RPS17;RPS18;RPS19;RPS2;RPS20;RPS21;RPS23;RPS24;RPS25;RPS26;RPS27;RPS27L;RPS28;RPS29;RPS3;RPS3A;RPS4X;RPS5;RPS6;RPS7;RPS8;RPS9;RPSA;SAR1B;SEC13;SEC23A;SEC24A;SEC24B;SEC24C;SEC24D;SEH1L;SFN;SNRPD1;SNRPD2;SNRPD3;SNRPE;SNRPF;STAT1;STAT2;STING1;TJP1;TKFC;TOMM70;TPR;TRIM25;TUFM;UBE2N;UBE2V1;VPS11;VPS16;VPS18;VPS33A;VPS33B;VPS45;YWHAB;YWHAE;YWHAG;YWHAH;YWHAQ;YWHAZ,0.005587269872984159
R-HSA-167172,Transcription of the HIV genome,20,0.6949401286645964,2.369198652271802,0.000999000999000999,12,SSRP1;CDK9;GTF2F1;POLR2B;GTF2F2;POLR2H;SUPT16H;NELFB;POLR2A;ELOC;POLR2E;SUPT4H1,CCNK;CDK9;ELOB;ELOC;GTF2A1;GTF2F1;GTF2F2;NELFB;POLR2A;POLR2B;POLR2C;POLR2E;POLR2H;POLR2I;RNMT;SSRP1;SUPT16H;SUPT4H1;SUPT5H;TCEA1,0.005587269872984159
R-HSA-167287,HIV elongation arrest and recovery,18,0.7156940101529422,2.36513666531272,0.000999000999000999,12,SSRP1;CDK9;GTF2F1;POLR2B;GTF2F2;POLR2H;SUPT16H;NELFB;POLR2A;ELOC;POLR2E;SUPT4H1,CCNK;CDK9;ELOB;ELOC;GTF2F1;GTF2F2;NELFB;POLR2A;POLR2B;POLR2C;POLR2E;POLR2H;POLR2I;SSRP1;SUPT16H;SUPT4H1;SUPT5H;TCEA1,0.005587269872984159
R-HSA-72187,mRNA 3'-end processing,37,0.5910636373948093,2.3601674386214047,0.000999000999000999,20,U2AF2;EIF4A3;CPSF3;SRSF6;THOC2;CPSF1;NUDT21;DDX39A;CSTF2;SRRM1;RBM8A;DDX39B;MAGOHB;SRSF1;SRSF3;U2AF1;THOC6;CSTF1;SRSF4;CSTF3,ALYREF;CPSF1;CPSF2;CPSF3;CPSF6;CPSF7;CSTF1;CSTF2;CSTF3;DDX39A;DDX39B;DHX38;EIF4A3;FIP1L1;MAGOHB;NUDT21;PABPN1;POLDIP3;RBM8A;RNPS1;SARNP;SRRM1;SRSF1;SRSF11;SRSF2;SRSF3;SRSF4;SRSF5;SRSF6;SRSF7;SRSF9;SYMPK;THOC2;THOC6;U2AF1;U2AF2;ZC3H11A,0.005587269872984159
R-HSA-156902,Peptide chain elongation,76,0.49202448485892164,2.358117058912709,0.000999000999000999,46,RPL10;RPS15A;RPL18A;RPS3A;RPS11;RPL27A;RPS2;RPS6;RPS27;EEF2;RPL10A;RPS8;RPL6;RPL13A;RPL5;RPS5;RPS4X;RPL35A;RPS3;RPL32;RPS9;RPL12;RPL18;RPL11;RPS26;RPS17;RPL30;RPL7;RPS12;RPL7A;RPS23;RPL3;RPL23A;RPL19;RPS29;RPS7;RPS13;RPL4;RPL15;RPL21;RPL9;RPL34;RPLP0;RPL38;RPL17;RPS16,EEF2;FAU;RPL10;RPL10A;RPL11;RPL12;RPL13;RPL13A;RPL14;RPL15;RPL17;RPL18;RPL18A;RPL19;RPL21;RPL22;RPL23;RPL23A;RPL24;RPL26;RPL27;RPL27A;RPL28;RPL29;RPL3;RPL30;RPL31;RPL32;RPL34;RPL35;RPL35A;RPL36;RPL36AL;RPL37A;RPL38;RPL4;RPL5;RPL6;RPL7;RPL7A;RPL8;RPL9;RPLP0;RPLP1;RPLP2;RPS10;RPS11;RPS12;RPS13;RPS14;RPS15;RPS15A;RPS16;RPS17;RPS18;RPS19;RPS2;RPS20;RPS21;RPS23;RPS24;RPS25;RPS26;RPS27;RPS27L;RPS28;RPS29;RPS3;RPS3A;RPS4X;RPS5;RPS6;RPS7;RPS8;RPS9;RPSA,0.005587269872984159
R-HSA-167169,HIV Transcription Elongation,17,0.7328937018752494,2.3570279122549644,0.000999000999000999,12,SSRP1;CDK9;GTF2F1;POLR2B;GTF2F2;POLR2H;SUPT16H;NELFB;POLR2A;ELOC;POLR2E;SUPT4H1,CDK9;ELOB;ELOC;GTF2F1;GTF2F2;NELFB;POLR2A;POLR2B;POLR2C;POLR2E;POLR2H;POLR2I;SSRP1;SUPT16H;SUPT4H1;SUPT5H;TCEA1,0.005587269872984159
R-HSA-167238,Pausing and recovery of Tat-mediated HIV elongation,17,0.7328937018752494,2.354113046921599,0.000999000999000999,12,SSRP1;CDK9;GTF2F1;POLR2B;GTF2F2;POLR2H;SUPT16H;NELFB;POLR2A;ELOC;POLR2E;SUPT4H1,CDK9;ELOB;ELOC;GTF2F1;GTF2F2;NELFB;POLR2A;POLR2B;POLR2C;POLR2E;POLR2H;POLR2I;SSRP1;SUPT16H;SUPT4H1;SUPT5H;TCEA1,0.005587269872984159
R-HSA-2408557,Selenocysteine synthesis,76,0.4902679269974876,2.350322287783636,0.000999000999000999,46,RPL10;RPS15A;RPL18A;RPS3A;RPS11;RPL27A;RPS2;RPS6;RPS27;RPL10A;RPS8;RPL6;RPL13A;RPL5;RPS5;RPS4X;RPL35A;RPS3;RPL32;RPS9;RPL12;RPL18;RPL11;RPS26;RPS17;RPL30;RPL7;RPS12;RPL7A;RPS23;RPL3;RPL23A;RPL19;SARS1;RPS29;RPS7;RPS13;RPL4;RPL15;RPL21;RPL9;RPL34;RPLP0;RPL38;RPL17;RPS16,FAU;RPL10;RPL10A;RPL11;RPL12;RPL13;RPL13A;RPL14;RPL15;RPL17;RPL18;RPL18A;RPL19;RPL21;RPL22;RPL23;RPL23A;RPL24;RPL26;RPL27;RPL27A;RPL28;RPL29;RPL3;RPL30;RPL31;RPL32;RPL34;RPL35;RPL35A;RPL36;RPL36AL;RPL37A;RPL38;RPL4;RPL5;RPL6;RPL7;RPL7A;RPL8;RPL9;RPLP0;RPLP1;RPLP2;RPS10;RPS11;RPS12;RPS13;RPS14;RPS15;RPS15A;RPS16;RPS17;RPS18;RPS19;RPS2;RPS20;RPS21;RPS23;RPS24;RPS25;RPS26;RPS27;RPS27L;RPS28;RPS29;RPS3;RPS3A;RPS4X;RPS5;RPS6;RPS7;RPS8;RPS9;RPSA;SARS1,0.005587269872984159
R-HSA-162599,Late Phase of HIV Life Cycle,62,0.5141396037726513,2.347820366941692,0.000999000999000999,34,NMT1;NUP155;SSRP1;RCC1;CDK9;GTF2F1;POLR2B;RANGAP1;RAN;GTF2F2;POLR2H;NUP188;NUP93;SUPT16H;NELFB;POLR2A;ELOC;POLR2E;RANBP1;XPO1;SUPT4H1;NUP160;CHMP4B;NUP35;NUP153;NUP133;NUP88;NUP62;SEH1L;NUP214;NUP54;SEC13;NUP50;TCEA1,AAAS;CCNK;CDK9;CHMP2A;CHMP3;CHMP4A;CHMP4B;CHMP5;ELOB;ELOC;GTF2A1;GTF2F1;GTF2F2;NELFB;NMT1;NUP107;NUP133;NUP153;NUP155;NUP160;NUP188;NUP205;NUP210;NUP214;NUP35;NUP43;NUP50;NUP54;NUP62;NUP85;NUP88;NUP93;NUP98;PDCD6IP;POLR2A;POLR2B;POLR2C;POLR2E;POLR2H;POLR2I;PPIA;RAE1;RAN;RANBP1;RANBP2;RANGAP1;RCC1;RNMT;SEC13;SEH1L;SSRP1;SUPT16H;SUPT4H1;SUPT5H;TCEA1;TPR;TSG101;VPS37B;VPS4A;VPS4B;VTA1;XPO1,0.005587269872984159
R-HSA-73856,RNA Polymerase II Transcription Termination,40,0.5664181927506383,2.345720964662706,0.000999000999000999,21,U2AF2;EIF4A3;CPSF3;SRSF6;THOC2;CPSF1;NUDT21;DDX39A;CSTF2;SRRM1;RBM8A;DDX39B;MAGOHB;SRSF1;SRSF3;SNRPF;U2AF1;THOC6;CSTF1;SRSF4;CSTF3,ALYREF;CPSF1;CPSF2;CPSF3;CPSF6;CPSF7;CSTF1;CSTF2;CSTF3;DDX39A;DDX39B;DHX38;EIF4A3;FIP1L1;MAGOHB;NUDT21;PABPN1;POLDIP3;RBM8A;RNPS1;SARNP;SNRPD3;SNRPE;SNRPF;SRRM1;SRSF1;SRSF11;SRSF2;SRSF3;SRSF4;SRSF5;SRSF6;SRSF7;SRSF9;SYMPK;THOC2;THOC6;U2AF1;U2AF2;ZC3H11A,0.005587269872984159
R-HSA-167290,Pausing and recovery of HIV elongation,18,0.7156940101529422,2.3448582599922316,0.000999000999000999,12,SSRP1;CDK9;GTF2F1;POLR2B;GTF2F2;POLR2H;SUPT16H;NELFB;POLR2A;ELOC;POLR2E;SUPT4H1,CCNK;CDK9;ELOB;ELOC;GTF2F1;GTF2F2;NELFB;POLR2A;POLR2B;POLR2C;POLR2E;POLR2H;POLR2I;SSRP1;SUPT16H;SUPT4H1;SUPT5H;TCEA1,0.005587269872984159
R-HSA-9711097,Cellular response to starvation,98,0.47553638079500854,2.336962462320126,0.000999000999000999,65,EIF2S2;EIF2S1;EIF2S3;RPL10;RPS15A;ATP6V0D1;RPL18A;RPS3A;RPS11;RPL27A;RPS2;RHEB;RPS6;RPS27;RPL10A;RPS8;RPL6;RPL13A;RPL5;RPS5;RPS4X;RPL35A;RPS3;RPL32;RPS9;GCN1;RPL12;RPL18;RPL11;RPS26;RPS17;RPL30;RPL7;TCIRG1;ATP6V1C1;RPS12;RPL7A;RPS23;RPL3;RPL23A;RPL19;SEH1L;RPS29;RPS7;RPS13;SEC13;RPL4;RPL15;RPL21;RPL9;RPL34;RPLP0;RPL38;RPL17;RPS16;LAMTOR1;RPL24;ATP6V1A;RPLP1;RPS25;RPS20;RPS18;RPL14;ATP6V1B2;RPL35,ATP6V0D1;ATP6V1A;ATP6V1B2;ATP6V1C1;ATP6V1D;ATP6V1E1;ATP6V1F;ATP6V1G1;ATP6V1H;EIF2S1;EIF2S2;EIF2S3;FAU;GCN1;LAMTOR1;LAMTOR2;LAMTOR3;LAMTOR4;LAMTOR5;MTOR;RHEB;RPL10;RPL10A;RPL11;RPL12;RPL13;RPL13A;RPL14;RPL15;RPL17;RPL18;RPL18A;RPL19;RPL21;RPL22;RPL23;RPL23A;RPL24;RPL26;RPL27;RPL27A;RPL28;RPL29;RPL3;RPL30;RPL31;RPL32;RPL34;RPL35;RPL35A;RPL36;RPL36AL;RPL37A;RPL38;RPL4;RPL5;RPL6;RPL7;RPL7A;RPL8;RPL9;RPLP0;RPLP1;RPLP2;RPS10;RPS11;RPS12;RPS13;RPS14;RPS15;RPS15A;RPS16;RPS17;RPS18;RPS19;RPS2;RPS20;RPS21;RPS23;RPS24;RPS25;RPS26;RPS27;RPS27L;RPS28;RPS29;RPS3;RPS3A;RPS4X;RPS5;RPS6;RPS7;RPS8;RPS9;RPSA;SEC13;SEH1L;TCIRG1,0.005587269872984159
R-HSA-112382,Formation of RNA Pol II elongation complex,21,0.6650695197718044,2.319214131240004,0.000999000999000999,13,SSRP1;CDK9;GTF2F1;POLR2B;GTF2F2;POLR2H;SUPT16H;NELFB;POLR2A;SUPT6H;ELOC;POLR2E;SUPT4H1,CCNK;CDC73;CDK9;ELOB;ELOC;GTF2F1;GTF2F2;NELFB;POLR2A;POLR2B;POLR2C;POLR2E;POLR2H;POLR2I;SKIC8;SSRP1;SUPT16H;SUPT4H1;SUPT5H;SUPT6H;TCEA1,0.005587269872984159
R-HSA-162587,HIV Life Cycle,69,0.4982909201542241,2.301129958102244,0.000999000999000999,37,NMT1;NUP155;SSRP1;RCC1;CDK9;GTF2F1;HMGA1;POLR2B;FEN1;RANGAP1;RAN;GTF2F2;POLR2H;NUP188;NUP93;SUPT16H;NELFB;POLR2A;ELOC;POLR2E;RANBP1;XPO1;SUPT4H1;NUP160;CHMP4B;NUP35;NUP153;NUP133;NUP88;NUP62;XRCC5;SEH1L;NUP214;NUP54;SEC13;NUP50;TCEA1,AAAS;BANF1;CCNK;CDK9;CHMP2A;CHMP3;CHMP4A;CHMP4B;CHMP5;ELOB;ELOC;FEN1;GTF2A1;GTF2F1;GTF2F2;HMGA1;KPNA1;NELFB;NMT1;NUP107;NUP133;NUP153;NUP155;NUP160;NUP188;NUP205;NUP210;NUP214;NUP35;NUP43;NUP50;NUP54;NUP62;NUP85;NUP88;NUP93;NUP98;PDCD6IP;POLR2A;POLR2B;POLR2C;POLR2E;POLR2H;POLR2I;PPIA;PSIP1;RAE1;RAN;RANBP1;RANBP2;RANGAP1;RCC1;RNMT;SEC13;SEH1L;SSRP1;SUPT16H;SUPT4H1;SUPT5H;TCEA1;TPR;TSG101;VPS37B;VPS4A;VPS4B;VTA1;XPO1;XRCC5;XRCC6,0.005587269872984159
R-HSA-72312,rRNA processing,125,0.4435647119107493,2.2911391722467815,0.000999000999000999,79,PES1;DDX21;NAT10;WDR36;BYSL;NOP56;DIS3;SNU13;RPL10;RPS15A;NOP58;EBNA1BP2;RPL18A;KRR1;RPS3A;RPS11;RPL27A;RPS2;EXOSC6;NCL;RPS6;RPS27;FBL;RPL10A;PELP1;XRN2;RPS8;RPL6;RPL13A;RPL5;RPS5;RPS4X;RPL35A;RPS3;RPL32;RPS9;RPL12;RPL18;RPL11;RPS26;RPS17;RPL30;RPL7;DKC1;RPS12;EXOSC4;NOP2;RPL7A;RPS23;RPL3;PWP2;WDR18;RPL23A;RPL19;GAR1;NHP2;RPS29;RPS7;RPS13;RPL4;FTSJ3;RPL15;RPL21;EXOSC7;RPL9;RPL34;RPLP0;RPL38;MTREX;TRMT10C;RPL17;RPS16;EXOSC3;TBL3;TRMT112;PDCD11;UTP18;UTP14A;UTP3,BYSL;DDX21;DIS3;DKC1;EBNA1BP2;EXOSC10;EXOSC3;EXOSC4;EXOSC6;EXOSC7;FAU;FBL;FTSJ3;GAR1;GNL3;HEATR1;HSD17B10;KRR1;MT-ATP6;MT-ATP8;MT-CO2;MT-CO3;MT-ND2;MT-ND4;MT-ND5;MTREX;NAT10;NCL;NHP2;NOP2;NOP56;NOP58;PDCD11;PELP1;PES1;PWP2;RPL10;RPL10A;RPL11;RPL12;RPL13;RPL13A;RPL14;RPL15;RPL17;RPL18;RPL18A;RPL19;RPL21;RPL22;RPL23;RPL23A;RPL24;RPL26;RPL27;RPL27A;RPL28;RPL29;RPL3;RPL30;RPL31;RPL32;RPL34;RPL35;RPL35A;RPL36;RPL36AL;RPL37A;RPL38;RPL4;RPL5;RPL6;RPL7;RPL7A;RPL8;RPL9;RPLP0;RPLP1;RPLP2;RPP38;RPS10;RPS11;RPS12;RPS13;RPS14;RPS15;RPS15A;RPS16;RPS17;RPS18;RPS19;RPS2;RPS20;RPS21;RPS23;RPS24;RPS25;RPS26;RPS27;RPS27L;RPS28;RPS29;RPS3;RPS3A;RPS4X;RPS5;RPS6;RPS7;RPS8;RPS9;RPSA;RRP9;SNU13;TBL3;THUMPD1;TRMT10C;TRMT112;TSR3;UTP14A;UTP18;UTP3;WDR18;WDR3;WDR36;XRN2,0.005587269872984159
R-HSA-1169408,ISG15 antiviral mechanism,48,0.5392031865998028,2.2908161298991176,0.000999000999000999,28,EIF2AK2;ISG15;STAT1;EIF4G2;EIF4A1;FLNB;NUP155;MX1;EIF4G1;UBE2L6;EIF4A3;RIGI;IFIT1;NUP188;NUP93;TRIM25;NUP160;KPNB1;NUP35;NUP153;NUP133;NUP88;NUP62;SEH1L;NUP214;NUP54;SEC13;NUP50,AAAS;EIF2AK2;EIF4A1;EIF4A2;EIF4A3;EIF4E;EIF4G1;EIF4G2;FLNB;IFIT1;ISG15;KPNA1;KPNA2;KPNA3;KPNA4;KPNB1;MAPK3;MX1;NUP107;NUP133;NUP153;NUP155;NUP160;NUP188;NUP205;NUP210;NUP214;NUP35;NUP43;NUP50;NUP54;NUP62;NUP85;NUP88;NUP93;NUP98;PIN1;RAE1;RANBP2;RIGI;SEC13;SEH1L;STAT1;TPR;TRIM25;UBA7;UBE2L6;UBE2N,0.005587269872984159
R-HSA-9615933,Postmitotic nuclear pore complex (NPC) reformation,22,0.6492399748961917,2.28898595310965,0.000999000999000999,15,TNPO1;NUP155;RCC1;RANGAP1;RAN;NUP188;NUP93;NUP160;KPNB1;NUP35;NUP133;NUP62;SEH1L;NUP54;SEC13,KPNB1;NUP107;NUP133;NUP155;NUP160;NUP188;NUP205;NUP35;NUP43;NUP54;NUP62;NUP85;NUP93;NUP98;RAN;RANGAP1;RCC1;SEC13;SEH1L;SUMO1;TNPO1;UBE2I,0.005587269872984159
R-HSA-165054,Rev-mediated nuclear export of HIV RNA,29,0.5973020443411869,2.287296835371933,0.000999000999000999,19,NUP155;RCC1;RANGAP1;RAN;NUP188;NUP93;RANBP1;XPO1;NUP160;NUP35;NUP153;NUP133;NUP88;NUP62;SEH1L;NUP214;NUP54;SEC13;NUP50,AAAS;NUP107;NUP133;NUP153;NUP155;NUP160;NUP188;NUP205;NUP210;NUP214;NUP35;NUP43;NUP50;NUP54;NUP62;NUP85;NUP88;NUP93;NUP98;RAE1;RAN;RANBP1;RANBP2;RANGAP1;RCC1;SEC13;SEH1L;TPR;XPO1,0.005587269872984159
R-HSA-177243,Interactions of Rev with host cellular proteins,31,0.6079125221837277,2.286844965695707,0.000999000999000999,21,NUP155;RCC1;RANGAP1;RAN;NUP188;NUP93;RANBP1;XPO1;NUP160;KPNB1;NPM1;NUP35;NUP153;NUP133;NUP88;NUP62;SEH1L;NUP214;NUP54;SEC13;NUP50,AAAS;KPNB1;NPM1;NUP107;NUP133;NUP153;NUP155;NUP160;NUP188;NUP205;NUP210;NUP214;NUP35;NUP43;NUP50;NUP54;NUP62;NUP85;NUP88;NUP93;NUP98;RAE1;RAN;RANBP1;RANBP2;RANGAP1;RCC1;SEC13;SEH1L;TPR;XPO1,0.005587269872984159
R-HSA-156842,Eukaryotic Translation Elongation,80,0.47972988355176915,2.2817478579763653,0.000999000999000999,48,RPL10;RPS15A;EEF1G;RPL18A;RPS3A;RPS11;RPL27A;RPS2;RPS6;RPS27;EEF2;RPL10A;EEF1D;RPS8;RPL6;RPL13A;RPL5;RPS5;RPS4X;RPL35A;RPS3;RPL32;RPS9;RPL12;RPL18;RPL11;RPS26;RPS17;RPL30;RPL7;RPS12;RPL7A;RPS23;RPL3;RPL23A;RPL19;RPS29;RPS7;RPS13;RPL4;RPL15;RPL21;RPL9;RPL34;RPLP0;RPL38;RPL17;RPS16,EEF1A2;EEF1B2;EEF1D;EEF1G;EEF2;FAU;RPL10;RPL10A;RPL11;RPL12;RPL13;RPL13A;RPL14;RPL15;RPL17;RPL18;RPL18A;RPL19;RPL21;RPL22;RPL23;RPL23A;RPL24;RPL26;RPL27;RPL27A;RPL28;RPL29;RPL3;RPL30;RPL31;RPL32;RPL34;RPL35;RPL35A;RPL36;RPL36AL;RPL37A;RPL38;RPL4;RPL5;RPL6;RPL7;RPL7A;RPL8;RPL9;RPLP0;RPLP1;RPLP2;RPS10;RPS11;RPS12;RPS13;RPS14;RPS15;RPS15A;RPS16;RPS17;RPS18;RPS19;RPS2;RPS20;RPS21;RPS23;RPS24;RPS25;RPS26;RPS27;RPS27L;RPS28;RPS29;RPS3;RPS3A;RPS4X;RPS5;RPS6;RPS7;RPS8;RPS9;RPSA,0.005587269872984159
R-HSA-2408522,Selenoamino acid metabolism,92,0.46621809853482604,2.2742834022800733,0.000999000999000999,54,NNMT;RPL10;RPS15A;RPL18A;RPS3A;RPS11;RPL27A;RPS2;DARS1;KARS1;RPS6;RPS27;MARS1;RPL10A;RPS8;RPL6;RPL13A;RPL5;RPS5;RPS4X;RPL35A;RARS1;IARS1;RPS3;RPL32;RPS9;RPL12;RPL18;RPL11;RPS26;RPS17;RPL30;RPL7;RPS12;RPL7A;RPS23;RPL3;RPL23A;RPL19;SARS1;RPS29;RPS7;AIMP2;RPS13;PAPSS1;RPL4;RPL15;RPL21;RPL9;RPL34;RPLP0;RPL38;RPL17;RPS16,AHCY;AIMP1;AIMP2;DARS1;EEF1E1;EPRS1;FAU;GSR;IARS1;KARS1;LARS1;MARS1;NNMT;PAPSS1;QARS1;RARS1;RPL10;RPL10A;RPL11;RPL12;RPL13;RPL13A;RPL14;RPL15;RPL17;RPL18;RPL18A;RPL19;RPL21;RPL22;RPL23;RPL23A;RPL24;RPL26;RPL27;RPL27A;RPL28;RPL29;RPL3;RPL30;RPL31;RPL32;RPL34;RPL35;RPL35A;RPL36;RPL36AL;RPL37A;RPL38;RPL4;RPL5;RPL6;RPL7;RPL7A;RPL8;RPL9;RPLP0;RPLP1;RPLP2;RPS10;RPS11;RPS12;RPS13;RPS14;RPS15;RPS15A;RPS16;RPS17;RPS18;RPS19;RPS2;RPS20;RPS21;RPS23;RPS24;RPS25;RPS26;RPS27;RPS27L;RPS28;RPS29;RPS3;RPS3A;RPS4X;RPS5;RPS6;RPS7;RPS8;RPS9;RPSA;SARS1;TXNRD1,0.005587269872984159
R-HSA-72764,Eukaryotic Translation Termination,80,0.4773228121249752,2.260507215260658,0.000999000999000999,59,RPL10;RPS15A;RPL18A;RPS3A;RPS11;RPL27A;RPS2;RPS6;RPS27;RPL10A;RPS8;RPL6;RPL13A;RPL5;RPS5;RPS4X;RPL35A;RPS3;RPL32;RPS9;GSPT2;ETF1;RPL12;RPL18;RPL11;RPS26;RPS17;RPL30;RPL7;RPS12;RPL7A;RPS23;RPL3;RPL23A;RPL19;GSPT1;RPS29;RPS7;RPS13;RPL4;RPL15;RPL21;RPL9;RPL34;RPLP0;RPL38;RPL17;RPS16;TRMT112;RPL24;RPLP1;RPS25;RPS20;RPS18;RPL14;RPL35;RPL28;RPS14;RPS28,APEH;ETF1;FAU;GSPT1;GSPT2;RPL10;RPL10A;RPL11;RPL12;RPL13;RPL13A;RPL14;RPL15;RPL17;RPL18;RPL18A;RPL19;RPL21;RPL22;RPL23;RPL23A;RPL24;RPL26;RPL27;RPL27A;RPL28;RPL29;RPL3;RPL30;RPL31;RPL32;RPL34;RPL35;RPL35A;RPL36;RPL36AL;RPL37A;RPL38;RPL4;RPL5;RPL6;RPL7;RPL7A;RPL8;RPL9;RPLP0;RPLP1;RPLP2;RPS10;RPS11;RPS12;RPS13;RPS14;RPS15;RPS15A;RPS16;RPS17;RPS18;RPS19;RPS2;RPS20;RPS21;RPS23;RPS24;RPS25;RPS26;RPS27;RPS27L;RPS28;RPS29;RPS3;RPS3A;RPS4X;RPS5;RPS6;RPS7;RPS8;RPS9;RPSA;TRMT112,0.005587269872984159
R-HSA-168325,Viral Messenger RNA Synthesis,32,0.5880583794302534,2.258264745273237,0.000999000999000999,20,NUP155;GTF2F1;POLR2B;GTF2F2;POLR2H;NUP188;NUP93;POLR2A;POLR2E;NUP160;NUP35;NUP153;NUP133;NUP88;NUP62;SEH1L;NUP214;NUP54;SEC13;NUP50,AAAS;GTF2F1;GTF2F2;NUP107;NUP133;NUP153;NUP155;NUP160;NUP188;NUP205;NUP210;NUP214;NUP35;NUP43;NUP50;NUP54;NUP62;NUP85;NUP88;NUP93;NUP98;POLR2A;POLR2B;POLR2C;POLR2E;POLR2H;POLR2I;RAE1;RANBP2;SEC13;SEH1L;TPR,0.005587269872984159
R-HSA-72766,Translation,212,0.4026238762848694,2.253103424867486,0.000999000999000999,103,EIF2S2;EIF4A1;EIF2S1;SEC61A1;EIF2S3;EIF3M;EIF4G1;EIF3E;GARS1;SRP19;WARS1;SSR1;SEC11A;RPL10;EIF3A;RPS15A;SEC61B;SSR4;EIF3I;EEF1G;EIF3D;YARS1;PABPC1;RPL18A;RPS3A;RPS11;RPL27A;EIF3B;RPS2;AARS1;DARS1;SRPRB;RPN1;EIF4B;SSR3;EIF3K;SRP54;KARS1;RPS6;RPS27;VARS1;EEF2;MARS1;RPL10A;EEF1D;SRPRA;EIF5B;SRP72;EIF3L;RPS8;RPL6;RPL13A;RPL5;RPS5;RPS4X;RPL35A;RPN2;RARS1;IARS1;RPS3;SPCS3;RPL32;RPS9;GSPT2;ETF1;EIF3F;DDOST;RPL12;RPL18;RPL11;EIF3G;SPCS2;RPS26;EIF2B1;EIF3H;RPS17;TARS1;RPL30;RPL7;RPS12;SRP68;CARS1;RPL7A;RPS23;RPL3;RPL23A;RPL19;GSPT1;SARS1;RPS29;RPS7;AIMP2;RPS13;RPL4;RPL15;RPL21;HARS1;RPL9;RPL34;RPLP0;RPL38;RPL17;RPS16,AARS1;AIMP1;AIMP2;APEH;CARS1;DAP3;DARS1;DARS2;DDOST;EARS2;EEF1A2;EEF1B2;EEF1D;EEF1E1;EEF1G;EEF2;EIF2B1;EIF2B3;EIF2B4;EIF2B5;EIF2S1;EIF2S2;EIF2S3;EIF3A;EIF3B;EIF3D;EIF3E;EIF3F;EIF3G;EIF3H;EIF3I;EIF3J;EIF3K;EIF3L;EIF3M;EIF4A1;EIF4A2;EIF4B;EIF4E;EIF4EBP1;EIF4G1;EIF4H;EIF5;EIF5B;EPRS1;ETF1;FARSA;FARSB;FAU;GARS1;GFM1;GSPT1;GSPT2;HARS1;IARS1;IARS2;KARS1;LARS1;MARS1;MRPL11;MRPL12;MRPL13;MRPL15;MRPL16;MRPL17;MRPL18;MRPL19;MRPL2;MRPL21;MRPL23;MRPL28;MRPL3;MRPL37;MRPL38;MRPL39;MRPL4;MRPL40;MRPL41;MRPL43;MRPL44;MRPL46;MRPL47;MRPL48;MRPL49;MRPL50;MRPL58;MRPL9;MRPS16;MRPS17;MRPS18B;MRPS2;MRPS22;MRPS23;MRPS27;MRPS28;MRPS31;MRPS34;MRPS35;MRPS36;MRPS7;MRPS9;NARS1;OXA1L;PABPC1;PPA1;PPA2;PTCD3;QARS1;RARS1;RPL10;RPL10A;RPL11;RPL12;RPL13;RPL13A;RPL14;RPL15;RPL17;RPL18;RPL18A;RPL19;RPL21;RPL22;RPL23;RPL23A;RPL24;RPL26;RPL27;RPL27A;RPL28;RPL29;RPL3;RPL30;RPL31;RPL32;RPL34;RPL35;RPL35A;RPL36;RPL36AL;RPL37A;RPL38;RPL4;RPL5;RPL6;RPL7;RPL7A;RPL8;RPL9;RPLP0;RPLP1;RPLP2;RPN1;RPN2;RPS10;RPS11;RPS12;RPS13;RPS14;RPS15;RPS15A;RPS16;RPS17;RPS18;RPS19;RPS2;RPS20;RPS21;RPS23;RPS24;RPS25;RPS26;RPS27;RPS27L;RPS28;RPS29;RPS3;RPS3A;RPS4X;RPS5;RPS6;RPS7;RPS8;RPS9;RPSA;SARS1;SARS2;SEC11A;SEC61A1;SEC61B;SPCS1;SPCS2;SPCS3;SRP14;SRP19;SRP54;SRP68;SRP72;SRP9;SRPRA;SRPRB;SSR1;SSR3;SSR4;TARS1;TARS2;TRMT112;TSFM;TUFM;VARS1;WARS1;YARS1,0.005587269872984159
R-HSA-180746,Nuclear import of Rev protein,28,0.5865125520742612,2.2391314645499234,0.000999000999000999,20,NUP155;RCC1;RAN;NUP188;NUP93;NUP160;KPNB1;NPM1;NUP35;NUP153;NUP133;NUP88;NUP62;SEH1L;NUP214;NUP54;SEC13;NUP50;TPR;RANBP2,AAAS;KPNB1;NPM1;NUP107;NUP133;NUP153;NUP155;NUP160;NUP188;NUP205;NUP210;NUP214;NUP35;NUP43;NUP50;NUP54;NUP62;NUP85;NUP88;NUP93;NUP98;RAE1;RAN;RANBP2;RCC1;SEC13;SEH1L;TPR,0.005587269872984159
R-HSA-1280215,Cytokine Signaling in Immune system,258,0.3969227479312127,2.2364403534109862,0.000999000999000999,121,FSCN1;EIF2AK2;ISG15;STAT1;EIF2S2;OAS3;TUBB3;EIF4G2;STAT2;PTPN1;EIF4A1;PML;ADAR;EIF2S1;PAK2;EIF2S3;FLNB;NFKB2;GBP1;CFL1;NUP155;TUBA4B;MX1;DHX9;OAS2;EIF4G1;HLA-B;YBX1;ICAM1;ILF3;UBE2L6;EIF4A3;ABCE1;STAT3;PSMD2;TUBB6;HLA-C;CNN2;MSN;PSMB9;B2M;HNRNPF;CAPZA1;ILF2;PSMB8;HLA-A;RIGI;TRIM21;PSME2;PSMD11;PSMD13;IRF6;PSME3;HNRNPDL;IFIT3;IFI35;HSP90B1;IFIT1;NUP188;PSMB3;CD44;CDC42;PRTN3;SP100;FLNA;PSMA4;NUP93;PSMB2;LCP1;ITGB1;PRKCD;HLA-DRA;TRIM25;S100A12;ELOC;TUBA1C;PSMD7;YWHAZ;AIP;HSP90AA1;APP;PSME1;PSMD12;NUP160;KPNB1;ITGAM;IKBIP;BOLA2;PSMC2;NPM1;NUP35;NUP153;PSMA6;NUP133;NUP88;CANX;PSMB10;HLA-DPA1;NUP62;PSMD6;HNRNPA2B1;PTPN6;PSMA3;GSDMD;ITGB2;RELA;TXLNA;SEH1L;BST2;TRIM22;PSMC6;SRC;NUP214;SNRPA1;NUP54;SEC13;NUP50;MAPK14;TCP1;MTAP;PSMD1,AAAS;ABCE1;ADAR;AIP;ANXA1;ANXA2;APP;B2M;BOLA2;BST2;CA1;CAMK2D;CAMK2G;CANX;CAPZA1;CASP1;CASP3;CD36;CD44;CDC42;CFL1;CNN2;COL1A2;CRK;CRKL;CSK;CTSG;CUL1;CUL5;DHX9;DNAJC3;DUSP3;EIF2AK2;EIF2S1;EIF2S2;EIF2S3;EIF4A1;EIF4A2;EIF4A3;EIF4E;EIF4G1;EIF4G2;ELOB;ELOC;F13A1;FLNA;FLNB;FN1;FSCN1;GBP1;GBP2;GBP6;GRB2;GSDMD;GSTO1;HLA-A;HLA-B;HLA-C;HLA-DPA1;HLA-DRA;HMGB1;HNRNPA2B1;HNRNPDL;HNRNPF;HSP90AA1;HSP90B1;HSPA1L;HSPA2;HSPA8;HSPA9;ICAM1;IFI35;IFIT1;IFIT3;IGHG4;IKBIP;IKBKG;IL16;IL18;IL1RN;ILF2;ILF3;IRF6;ISG15;ITGAM;ITGB1;ITGB2;KPNA1;KPNA2;KPNA3;KPNA4;KPNB1;KRAS;LAMA5;LBP;LCN2;LCP1;LMNB1;MAOA;MAP2K1;MAP2K3;MAP2K4;MAPK1;MAPK14;MAPK3;MAVS;MIF;MMP9;MSN;MTAP;MX1;NCK1;NFKB1;NFKB2;NLRX1;NOD1;NPM1;NUP107;NUP133;NUP153;NUP155;NUP160;NUP188;NUP205;NUP210;NUP214;NUP35;NUP43;NUP50;NUP54;NUP62;NUP85;NUP88;NUP93;NUP98;OAS2;OAS3;P4HB;PAK2;PDCD4;PDE12;PIN1;PITPNA;PLCG2;PML;PPIA;PPP2CB;PPP2R1A;PPP2R5A;PPP2R5D;PRKACA;PRKCD;PRKRA;PRTN3;PSMA1;PSMA2;PSMA3;PSMA4;PSMA5;PSMA6;PSMA7;PSMB1;PSMB10;PSMB2;PSMB3;PSMB4;PSMB5;PSMB6;PSMB7;PSMB8;PSMB9;PSMC1;PSMC2;PSMC3;PSMC4;PSMC5;PSMC6;PSMD1;PSMD10;PSMD11;PSMD12;PSMD13;PSMD14;PSMD2;PSMD3;PSMD4;PSMD5;PSMD6;PSMD7;PSMD8;PSMD9;PSME1;PSME2;PSME3;PSMF1;PTPN1;PTPN11;PTPN23;PTPN6;RAE1;RALA;RANBP2;RBX1;RELA;RIGI;RPLP0;RPS6KA3;S100A12;SAMHD1;SDC1;SEC13;SEH1L;SERPINB2;SKP1;SNCA;SNRPA1;SOD1;SOD2;SP100;SQSTM1;SRC;STAT1;STAT2;STAT3;STAT5A;STAT6;STX4;STXBP2;SUMO1;SYK;TALDO1;TCP1;TOLLIP;TPR;TRIM21;TRIM22;TRIM25;TRIM29;TUBA1C;TUBA4A;TUBA4B;TUBB2A;TUBB3;TUBB4A;TUBB4B;TUBB6;TXLNA;UBA3;UBA7;UBE2I;UBE2L6;UBE2M;UBE2N;UBE2V1;USP14;VIM;YBX1;YWHAZ,0.005587269872984159
R-HSA-68949,Orc1 removal from chromatin,49,0.5037383423539945,2.2311436565391505,0.000999000999000999,31,MCM7;PSMD2;PSMB9;PSMB8;PSME2;MCM3;PSMD11;PSMD13;PSME3;MCM6;PSMB3;MCM2;PSMA4;PSMB2;PSMD7;PSME1;PSMD12;PSMC2;PSMA6;PSMB10;PSMD6;PSMA3;PSMC6;MCM5;PSMD1;CUL1;PSMD14;SKP1;PSMA7;PSMB1;PSMC1,CUL1;MCM2;MCM3;MCM5;MCM6;MCM7;PSMA1;PSMA2;PSMA3;PSMA4;PSMA5;PSMA6;PSMA7;PSMB1;PSMB10;PSMB2;PSMB3;PSMB4;PSMB5;PSMB6;PSMB7;PSMB8;PSMB9;PSMC1;PSMC2;PSMC3;PSMC4;PSMC5;PSMC6;PSMD1;PSMD10;PSMD11;PSMD12;PSMD13;PSMD14;PSMD2;PSMD3;PSMD4;PSMD5;PSMD6;PSMD7;PSMD8;PSMD9;PSME1;PSME2;PSME3;PSMF1;RBX1;SKP1,0.005587269872984159
R-HSA-376176,Signaling by ROBO receptors,150,0.4217869138457671,2.220979628010652,0.000999000999000999,83,PAK2;EIF4G1;CAP1;EIF4A3;PSMD2;PSMB9;PSMB8;RPL10;RPS15A;PSME2;PSMD11;PSMD13;PSME3;PABPC1;RPL18A;RPS3A;RPS11;RPL27A;RPS2;PSMB3;RPS6;CDC42;RPS27;RBM8A;PSMA4;PSMB2;RPL10A;MAGOHB;RPS8;RPL6;ELOC;RPL13A;RPL5;RPS5;PSMD7;RPS4X;RPL35A;RPS3;RPL32;RPS9;PSME1;GSPT2;PSMD12;ETF1;PSMC2;RPL12;RPL18;RPL11;RPS26;PSMA6;RPS17;RPL30;RPL7;RPS12;PSMB10;PSMD6;RPL7A;RPS23;RPL3;PSMA3;RPL23A;RPL19;GSPT1;PSMC6;SRC;RPS29;RPS7;RPS13;RPL4;RPL15;PSMD1;RPL21;RPL9;RPL34;RPLP0;RPL38;PAK1;RPL17;RPS16;CUL2;VASP;PFN1;PSMD14,CAP1;CAP2;CDC42;CLASP1;CUL2;DAG1;EIF4A3;EIF4G1;ELOB;ELOC;ETF1;EVL;FAU;GPC1;GSPT1;GSPT2;MAGOHB;NCK1;NCK2;NRP1;PABPC1;PAK1;PAK2;PFN1;PFN2;PRKACA;PRKAR2A;PSMA1;PSMA2;PSMA3;PSMA4;PSMA5;PSMA6;PSMA7;PSMB1;PSMB10;PSMB2;PSMB3;PSMB4;PSMB5;PSMB6;PSMB7;PSMB8;PSMB9;PSMC1;PSMC2;PSMC3;PSMC4;PSMC5;PSMC6;PSMD1;PSMD10;PSMD11;PSMD12;PSMD13;PSMD14;PSMD2;PSMD3;PSMD4;PSMD5;PSMD6;PSMD7;PSMD8;PSMD9;PSME1;PSME2;PSME3;PSMF1;RAC1;RBM8A;RBX1;RHOA;RNPS1;RPL10;RPL10A;RPL11;RPL12;RPL13;RPL13A;RPL14;RPL15;RPL17;RPL18;RPL18A;RPL19;RPL21;RPL22;RPL23;RPL23A;RPL24;RPL26;RPL27;RPL27A;RPL28;RPL29;RPL3;RPL30;RPL31;RPL32;RPL34;RPL35;RPL35A;RPL36;RPL36AL;RPL37A;RPL38;RPL4;RPL5;RPL6;RPL7;RPL7A;RPL8;RPL9;RPLP0;RPLP1;RPLP2;RPS10;RPS11;RPS12;RPS13;RPS14;RPS15;RPS15A;RPS16;RPS17;RPS18;RPS19;RPS2;RPS20;RPS21;RPS23;RPS24;RPS25;RPS26;RPS27;RPS27L;RPS28;RPS29;RPS3;RPS3A;RPS4X;RPS5;RPS6;RPS7;RPS8;RPS9;RPSA;SRC;UPF2;VASP,0.005587269872984159
R-HSA-446107,Type I hemidesmosome assembly,10,0.798308557123212,2.2174058401885826,0.000999000999000999,9,LAMB3;LAMC2;ITGA6;ITGB4;LAMA3;KRT14;COL17A1;PLEC;DST,COL17A1;DST;ITGA6;ITGB4;KRT14;KRT5;LAMA3;LAMB3;LAMC2;PLEC,0.005587269872984159
R-HSA-9705671,SARS-CoV-2 activates/modulates innate and adaptive immune responses,58,0.48976703313445713,2.212235410432122,0.000999000999000999,37,ISG15;STAT1;STAT2;HSP90AB1;NUP155;HLA-B;PIK3R4;G3BP1;HLA-C;B2M;HLA-A;CNBP;RIGI;SEC23A;NUP188;NUP93;TRIM25;G3BP2;HSP90AA1;NUP160;NUP35;NUP153;NUP133;NUP88;NUP62;PTPN6;SEH1L;NUP214;NUP54;SEC13;NUP50;SEC24A;SEC24C;TPR;RANBP2;KPNA2;SEC24B,AAAS;B2M;CNBP;G3BP1;G3BP2;HLA-A;HLA-B;HLA-C;HSP90AA1;HSP90AB1;IKBKG;ISG15;KPNA2;LARP1;MAVS;NOD1;NUP107;NUP133;NUP153;NUP155;NUP160;NUP188;NUP205;NUP210;NUP214;NUP35;NUP43;NUP50;NUP54;NUP62;NUP85;NUP88;NUP93;NUP98;PIK3C3;PIK3R4;PTPN11;PTPN6;RAE1;RANBP2;RIGI;SAR1B;SEC13;SEC23A;SEC24A;SEC24B;SEC24C;SEC24D;SEH1L;STAT1;STAT2;STING1;TKFC;TOMM70;TPR;TRIM25;UBE2N;UBE2V1,0.005587269872984159
R-HSA-194441,Metabolism of non-coding RNA,32,0.5633795990731507,2.2052977425960645,0.000999000999000999,22,NUP155;SNRPD1;NUP188;SNRPD2;NUP93;PRMT5;SNRPF;NUP160;NUP35;NUP153;NUP133;NUP88;NUP62;CLNS1A;SEH1L;NUP214;NUP54;SEC13;NUP50;SNRPD3;TPR;RANBP2,AAAS;CLNS1A;NUP107;NUP133;NUP153;NUP155;NUP160;NUP188;NUP205;NUP210;NUP214;NUP35;NUP43;NUP50;NUP54;NUP62;NUP85;NUP88;NUP93;NUP98;PRMT5;RAE1;RANBP2;SEC13;SEH1L;SNRPD1;SNRPD2;SNRPD3;SNRPE;SNRPF;TPR;WDR77,0.005587269872984159
R-HSA-2990846,SUMOylation,59,0.49537844983613993,2.2052619704082974,0.000999000999000999,37,EIF2AK2;PCNA;DDX5;PML;NFKB2;NUP155;TOP1;RANGAP1;SAFB;DDX17;NOP58;NUP188;SP100;NUP93;HNRNPK;TRIM28;UBA2;NUP160;NPM1;NUP35;NUP153;NUP133;NUP88;NUP62;RELA;SEH1L;NUP214;NUP54;SEC13;NUP50;HNRNPC;HDAC1;TPR;UBE2I;RANBP2;PARP1;SAE1,AAAS;CBX5;CTBP1;DDX17;DDX5;EIF2AK2;H4C1;HDAC1;HNRNPC;HNRNPK;IKBKG;NFKB2;NOP58;NPM1;NUP107;NUP133;NUP153;NUP155;NUP160;NUP188;NUP205;NUP210;NUP214;NUP35;NUP43;NUP50;NUP54;NUP62;NUP85;NUP88;NUP93;NUP98;PARK7;PARP1;PCNA;PML;RAD21;RAE1;RANBP2;RANGAP1;RELA;RPA1;SAE1;SAFB;SEC13;SEH1L;SMC1A;SMC3;SP100;STAG1;SUMO1;TOP1;TOP2A;TOP2B;TP53BP1;TPR;TRIM28;UBA2;UBE2I,0.005587269872984159
R-HSA-9018519,Estrogen-dependent gene expression,30,0.5699254233990214,2.195560666671055,0.000999000999000999,13,DDX5;HSP90AB1;CDK9;GTF2F1;PTGES3;POLR2B;PRMT1;GTF2F2;CBFB;POLR2H;POLR2A;POLR2E;HSP90AA1,AGO2;CARM1;CBFB;CDK9;CTSD;DDX5;FKBP4;GTF2A1;GTF2F1;GTF2F2;H4C1;HDAC1;HSP90AA1;HSP90AB1;KDM1A;KPNA2;MOV10;POLR2A;POLR2B;POLR2C;POLR2E;POLR2H;POLR2I;PRMT1;PTGES3;RAD21;SMC1A;SMC3;STAG1;TLE3,0.005587269872984159
R-HSA-3108232,SUMO E3 ligases SUMOylate target proteins,57,0.49368450457113383,2.195334494679577,0.000999000999000999,35,EIF2AK2;PCNA;DDX5;PML;NFKB2;NUP155;TOP1;RANGAP1;SAFB;DDX17;NOP58;NUP188;SP100;NUP93;HNRNPK;TRIM28;NUP160;NPM1;NUP35;NUP153;NUP133;NUP88;NUP62;RELA;SEH1L;NUP214;NUP54;SEC13;NUP50;HNRNPC;HDAC1;TPR;UBE2I;RANBP2;PARP1,AAAS;CBX5;CTBP1;DDX17;DDX5;EIF2AK2;H4C1;HDAC1;HNRNPC;HNRNPK;IKBKG;NFKB2;NOP58;NPM1;NUP107;NUP133;NUP153;NUP155;NUP160;NUP188;NUP205;NUP210;NUP214;NUP35;NUP43;NUP50;NUP54;NUP62;NUP85;NUP88;NUP93;NUP98;PARK7;PARP1;PCNA;PML;RAD21;RAE1;RANBP2;RANGAP1;RELA;RPA1;SAFB;SEC13;SEH1L;SMC1A;SMC3;SP100;STAG1;SUMO1;TOP1;TOP2A;TOP2B;TP53BP1;TPR;TRIM28;UBE2I,0.005587269872984159
R-HSA-68867,Assembly of the pre-replicative complex,50,0.5041437497609069,2.1927080258587566,0.000999000999000999,27,MCM7;PSMD2;PSMB9;PSMB8;PSME2;MCM3;PSMD11;PSMD13;PSME3;MCM6;PSMB3;MCM2;PSMA4;PSMB2;PSMD7;PSME1;PSMD12;KPNB1;PSMC2;PSMA6;PSMB10;KPNA6;PSMD6;PSMA3;PSMC6;MCM5;PSMD1,H4C1;KPNA1;KPNA6;KPNB1;MCM2;MCM3;MCM5;MCM6;MCM7;PSMA1;PSMA2;PSMA3;PSMA4;PSMA5;PSMA6;PSMA7;PSMB1;PSMB10;PSMB2;PSMB3;PSMB4;PSMB5;PSMB6;PSMB7;PSMB8;PSMB9;PSMC1;PSMC2;PSMC3;PSMC4;PSMC5;PSMC6;PSMD1;PSMD10;PSMD11;PSMD12;PSMD13;PSMD14;PSMD2;PSMD3;PSMD4;PSMD5;PSMD6;PSMD7;PSMD8;PSMD9;PSME1;PSME2;PSME3;PSMF1,0.005587269872984159
R-HSA-202403,TCR signaling,59,0.47330599027699194,2.189547818728764,0.000999000999000999,35,PAK2;PSMD2;PSMB9;PSMB8;PSME2;PSMD11;PSMD13;PSME3;PSMB3;PSMA4;PSMB2;HLA-DRA;PSMD7;PSME1;PSMD12;PSMC2;PTPRC;PSMA6;PSMB10;HLA-DPA1;PSMD6;PSMA3;RELA;PSMC6;PSMD1;PLCG2;PAK1;VASP;CUL1;PSMD14;NFKB1;SKP1;PSMA7;PSMB1;PSMC1,CSK;CUL1;EVL;HLA-DPA1;HLA-DRA;IKBKG;NCK1;NFKB1;PAK1;PAK2;PLCG2;PSMA1;PSMA2;PSMA3;PSMA4;PSMA5;PSMA6;PSMA7;PSMB1;PSMB10;PSMB2;PSMB3;PSMB4;PSMB5;PSMB6;PSMB7;PSMB8;PSMB9;PSMC1;PSMC2;PSMC3;PSMC4;PSMC5;PSMC6;PSMD1;PSMD10;PSMD11;PSMD12;PSMD13;PSMD14;PSMD2;PSMD3;PSMD4;PSMD5;PSMD6;PSMD7;PSMD8;PSMD9;PSME1;PSME2;PSME3;PSMF1;PTPRC;RELA;SKP1;UBE2N;UBE2V1;VASP;WAS,0.005587269872984159
R-HSA-168276,NS1 Mediated Effects on Host Pathways,32,0.5621995371514276,2.186228007594162,0.000999000999000999,20,EIF2AK2;ISG15;NUP155;NUP188;NUP93;NUP160;KPNB1;NUP35;NUP153;NUP133;NUP88;NUP62;SEH1L;NUP214;NUP54;SEC13;NUP50;TPR;RANBP2;KPNA2,AAAS;EIF2AK2;ISG15;KPNA1;KPNA2;KPNA3;KPNA4;KPNB1;NUP107;NUP133;NUP153;NUP155;NUP160;NUP188;NUP205;NUP210;NUP214;NUP35;NUP43;NUP50;NUP54;NUP62;NUP85;NUP88;NUP93;NUP98;PABPN1;RAE1;RANBP2;SEC13;SEH1L;TPR,0.005587269872984159
R-HSA-6790901,rRNA modification in the nucleus and cytosol,28,0.5823473769543395,2.185904410956828,0.000999000999000999,22,NAT10;WDR36;NOP56;SNU13;NOP58;KRR1;RPS2;RPS6;FBL;RPS9;DKC1;NOP2;PWP2;GAR1;NHP2;RPS7;TBL3;TRMT112;PDCD11;UTP18;UTP14A;UTP3,DKC1;FBL;GAR1;HEATR1;KRR1;NAT10;NHP2;NOP2;NOP56;NOP58;PDCD11;PWP2;RPS14;RPS2;RPS6;RPS7;RPS9;RRP9;SNU13;TBL3;THUMPD1;TRMT112;TSR3;UTP14A;UTP18;UTP3;WDR3;WDR36,0.005587269872984159
R-HSA-2467813,Separation of Sister Chromatids,89,0.43779619224773425,2.177311583356254,0.000999000999000999,40,TUBB3;RCC2;TUBA4B;BUB3;MAPRE1;PSMD2;TUBB6;PSMB9;RANGAP1;PSMB8;PSME2;PSMD11;PSMD13;PSME3;NUDC;PSMB3;RPS27;PSMA4;PSMB2;KIF2A;PPP2R5E;TUBA1C;PSMD7;PSME1;PSMD12;XPO1;NUP160;PSMC2;PSMA6;NUP133;CKAP5;PSMB10;PSMD6;PSMA3;SEH1L;PSMC6;SEC13;PDS5B;PAFAH1B1;PSMD1,BUB3;CKAP5;CLASP1;CLIP1;DYNC1H1;DYNC1I2;DYNC1LI1;DYNC1LI2;DYNLL2;KIF2A;MAPRE1;NUDC;NUP107;NUP133;NUP160;NUP43;NUP85;NUP98;PAFAH1B1;PDS5A;PDS5B;PPP1CC;PPP2CB;PPP2R1A;PPP2R5A;PPP2R5D;PPP2R5E;PSMA1;PSMA2;PSMA3;PSMA4;PSMA5;PSMA6;PSMA7;PSMB1;PSMB10;PSMB2;PSMB3;PSMB4;PSMB5;PSMB6;PSMB7;PSMB8;PSMB9;PSMC1;PSMC2;PSMC3;PSMC4;PSMC5;PSMC6;PSMD1;PSMD10;PSMD11;PSMD12;PSMD13;PSMD14;PSMD2;PSMD3;PSMD4;PSMD5;PSMD6;PSMD7;PSMD8;PSMD9;PSME1;PSME2;PSME3;PSMF1;RAD21;RANBP2;RANGAP1;RCC2;RPS27;SEC13;SEH1L;SMC1A;SMC3;STAG1;TAOK1;TUBA1C;TUBA4A;TUBA4B;TUBB2A;TUBB3;TUBB4A;TUBB4B;TUBB6;XPO1;ZW10,0.005587269872984159
R-HSA-69481,G2/M Checkpoints,63,0.4736814354725841,2.1696955863895173,0.000999000999000999,31,YWHAH;MCM7;RFC4;PSMD2;PSMB9;PSMB8;PSME2;MCM3;PSMD11;PSMD13;PSME3;YWHAQ;MCM6;PSMB3;MCM2;PSMA4;PSMB2;SFN;PSMD7;YWHAZ;PSME1;PSMD12;PSMC2;PSMA6;PSMB10;PSMD6;MRE11;PSMA3;PSMC6;MCM5;PSMD1,H4C1;MCM2;MCM3;MCM5;MCM6;MCM7;MRE11;PSMA1;PSMA2;PSMA3;PSMA4;PSMA5;PSMA6;PSMA7;PSMB1;PSMB10;PSMB2;PSMB3;PSMB4;PSMB5;PSMB6;PSMB7;PSMB8;PSMB9;PSMC1;PSMC2;PSMC3;PSMC4;PSMC5;PSMC6;PSMD1;PSMD10;PSMD11;PSMD12;PSMD13;PSMD14;PSMD2;PSMD3;PSMD4;PSMD5;PSMD6;PSMD7;PSMD8;PSMD9;PSME1;PSME2;PSME3;PSMF1;RAD50;RFC4;RPA1;RPA2;RPA3;SFN;TP53BP1;UBE2N;UBE2V2;YWHAB;YWHAE;YWHAG;YWHAH;YWHAQ;YWHAZ,0.005587269872984159
R-HSA-69620,Cell Cycle Checkpoints,97,0.4426726503292195,2.1680968749655944,0.000999000999000999,46,RCC2;YWHAH;BUB3;MAPRE1;MCM7;RFC4;PSMD2;PSMB9;RANGAP1;PSMB8;PSME2;MCM3;PSMD11;PSMD13;PSME3;NUDC;YWHAQ;MCM6;PSMB3;MCM2;RPS27;PSMA4;PSMB2;KIF2A;PPP2R5E;SFN;PSMD7;YWHAZ;PSME1;PSMD12;XPO1;NUP160;PSMC2;PSMA6;NUP133;CKAP5;PSMB10;PSMD6;MRE11;PSMA3;SEH1L;PSMC6;SEC13;PAFAH1B1;MCM5;PSMD1,BUB3;CKAP5;CLASP1;CLIP1;DYNC1H1;DYNC1I2;DYNC1LI1;DYNC1LI2;DYNLL2;H4C1;KIF2A;MAPRE1;MCM2;MCM3;MCM5;MCM6;MCM7;MRE11;NUDC;NUP107;NUP133;NUP160;NUP43;NUP85;NUP98;PAFAH1B1;PPP1CC;PPP2CB;PPP2R1A;PPP2R5A;PPP2R5D;PPP2R5E;PSMA1;PSMA2;PSMA3;PSMA4;PSMA5;PSMA6;PSMA7;PSMB1;PSMB10;PSMB2;PSMB3;PSMB4;PSMB5;PSMB6;PSMB7;PSMB8;PSMB9;PSMC1;PSMC2;PSMC3;PSMC4;PSMC5;PSMC6;PSMD1;PSMD10;PSMD11;PSMD12;PSMD13;PSMD14;PSMD2;PSMD3;PSMD4;PSMD5;PSMD6;PSMD7;PSMD8;PSMD9;PSME1;PSME2;PSME3;PSMF1;RAD50;RANBP2;RANGAP1;RCC2;RFC4;RPA1;RPA2;RPA3;RPS27;SEC13;SEH1L;SFN;TAOK1;TP53BP1;UBE2N;UBE2V2;XPO1;YWHAB;YWHAE;YWHAG;YWHAH;YWHAQ;YWHAZ;ZW10,0.005587269872984159
R-HSA-167158,Formation of the HIV-1 Early Elongation Complex,11,0.759592935727179,2.1617389544911587,0.000999000999000999,8,GTF2F1;POLR2B;GTF2F2;POLR2H;NELFB;POLR2A;POLR2E;SUPT4H1,GTF2F1;GTF2F2;NELFB;POLR2A;POLR2B;POLR2C;POLR2E;POLR2H;POLR2I;SUPT4H1;SUPT5H,0.005587269872984159
R-HSA-1236975,Antigen processing-Cross presentation,77,0.4487005322787149,2.150630458977567,0.000999000999000999,38,TAPBP;TAP1;SEC61A1;TAP2;HLA-B;PSMD2;HLA-C;PSMB9;B2M;ITGAV;PSMB8;HLA-A;SEC61B;CYBB;PSME2;PSMD11;PSMD13;PSME3;CALR;CYBA;PSMB3;PSMA4;PSMB2;NCF2;PSMD7;NCF4;PSME1;PSMD12;PSMC2;CTSS;PSMA6;PSMB10;PSMD6;PSMA3;PSMC6;SNAP23;PDIA3;PSMD1,B2M;CALR;CD14;CD36;CTSS;CYBA;CYBB;FGA;FGB;FGG;HLA-A;HLA-B;HLA-C;HMGB1;IKBKG;ITGAV;ITGB5;LNPEP;MRC1;MRC2;NCF2;NCF4;PDIA3;PSMA1;PSMA2;PSMA3;PSMA4;PSMA5;PSMA6;PSMA7;PSMB1;PSMB10;PSMB2;PSMB3;PSMB4;PSMB5;PSMB6;PSMB7;PSMB8;PSMB9;PSMC1;PSMC2;PSMC3;PSMC4;PSMC5;PSMC6;PSMD1;PSMD10;PSMD11;PSMD12;PSMD13;PSMD14;PSMD2;PSMD3;PSMD4;PSMD5;PSMD6;PSMD7;PSMD8;PSMD9;PSME1;PSME2;PSME3;PSMF1;S100A1;S100A8;S100A9;SEC22B;SEC61A1;SEC61B;SNAP23;STX4;TAP1;TAP2;TAPBP;VAMP3;VAMP8,0.005587269872984159
R-HSA-9694635,Translation of Structural Proteins_9694635,20,0.6310066463078936,2.1480895541285308,0.000999000999000999,18,PARP9;CSNK1A1;MOGS;PRMT1;STT3A;GANAB;RPN1;DAD1;PRKCSH;RPN2;DDOST;CANX;MAN2A1;PARP4;GSK3B;UBE2I;PARP14;MGAT1,CANX;CSNK1A1;DAD1;DDOST;GANAB;GSK3B;MAGT1;MAN2A1;MGAT1;MOGS;PARP14;PARP4;PARP9;PRKCSH;PRMT1;RPN1;RPN2;STT3A;SUMO1;UBE2I,0.005587269872984159
R-HSA-168274,Export of Viral Ribonucleoproteins from Nucleus,26,0.5715515714611487,2.1274826931111295,0.000999000999000999,18,NUP155;RAN;NUP188;NUP93;XPO1;NUP160;NUP35;NUP153;NUP133;NUP88;NUP62;SEH1L;NUP214;NUP54;SEC13;NUP50;TPR;RANBP2,AAAS;NUP107;NUP133;NUP153;NUP155;NUP160;NUP188;NUP205;NUP210;NUP214;NUP35;NUP43;NUP50;NUP54;NUP62;NUP85;NUP88;NUP93;NUP98;RAE1;RAN;RANBP2;SEC13;SEH1L;TPR;XPO1,0.005587269872984159
R-HSA-167242,Abortive elongation of HIV-1 transcript in the absence of Tat,11,0.759592935727179,2.1164647720236065,0.000999000999000999,8,GTF2F1;POLR2B;GTF2F2;POLR2H;NELFB;POLR2A;POLR2E;SUPT4H1,GTF2F1;GTF2F2;NELFB;POLR2A;POLR2B;POLR2C;POLR2E;POLR2H;POLR2I;SUPT4H1;SUPT5H,0.005587269872984159
R-HSA-9013694,Signaling by NOTCH4,48,0.4847343616863355,2.07550371477944,0.000999000999000999,32,PSMD2;PSMB9;PSMB8;PSME2;NCSTN;PSMD11;PSMD13;PSME3;PSMB3;PSMA4;PSMB2;PSMD7;YWHAZ;PSME1;PSMD12;PSMC2;PSMA6;PSMB10;PSMD6;PSMA3;PSMC6;PSMD1;CUL1;PSMD14;SKP1;PSMA7;PSMB1;PSMC1;ADAM10;PSMD3;PSMA2;PSMD8,ADAM10;CUL1;NCSTN;PSMA1;PSMA2;PSMA3;PSMA4;PSMA5;PSMA6;PSMA7;PSMB1;PSMB10;PSMB2;PSMB3;PSMB4;PSMB5;PSMB6;PSMB7;PSMB8;PSMB9;PSMC1;PSMC2;PSMC3;PSMC4;PSMC5;PSMC6;PSMD1;PSMD10;PSMD11;PSMD12;PSMD13;PSMD14;PSMD2;PSMD3;PSMD4;PSMD5;PSMD6;PSMD7;PSMD8;PSMD9;PSME1;PSME2;PSME3;PSMF1;RBX1;SKP1;SNW1;YWHAZ,0.005587269872984159
R-HSA-8866654,E3 ubiquitin ligases ubiquitinate target proteins,11,0.7432260012222777,2.0657055257350687,0.000999000999000999,5,PCNA;PRKDC;DERL1;HLA-B;HLA-A,CDC73;DERL1;HLA-A;HLA-B;PCNA;PRKDC;SKIC8;UBE2L3;UBE2N;UBE2V2;VCP,0.005587269872984159
R-HSA-174143,APC/C-mediated degradation of cell cycle proteins,44,0.49086421270110675,2.011719658631216,0.000999000999000999,30,BUB3;PSMD2;PSMB9;PSMB8;PSME2;PSMD11;PSMD13;PSME3;PSMB3;PSMA4;PSMB2;PSMD7;PSME1;PSMD12;PSMC2;PSMA6;PSMB10;PSMD6;PSMA3;PSMC6;PSMD1;CUL1;PSMD14;SKP1;PSMA7;PSMB1;PSMC1;PSMD3;PSMA2;PSMD8,BUB3;CUL1;PSMA1;PSMA2;PSMA3;PSMA4;PSMA5;PSMA6;PSMA7;PSMB1;PSMB10;PSMB2;PSMB3;PSMB4;PSMB5;PSMB6;PSMB7;PSMB8;PSMB9;PSMC1;PSMC2;PSMC3;PSMC4;PSMC5;PSMC6;PSMD1;PSMD10;PSMD11;PSMD12;PSMD13;PSMD14;PSMD2;PSMD3;PSMD4;PSMD5;PSMD6;PSMD7;PSMD8;PSMD9;PSME1;PSME2;PSME3;PSMF1;SKP1,0.005587269872984159
R-HSA-180534,Vpu mediated degradation of CD4,42,0.47870690016639056,1.995390360841461,0.000999000999000999,28,PSMD2;PSMB9;PSMB8;PSME2;PSMD11;PSMD13;PSME3;PSMB3;PSMA4;PSMB2;PSMD7;PSME1;PSMD12;PSMC2;PSMA6;PSMB10;PSMD6;PSMA3;PSMC6;PSMD1;PSMD14;SKP1;PSMA7;PSMB1;PSMC1;PSMD3;PSMA2;PSMD8,PSMA1;PSMA2;PSMA3;PSMA4;PSMA5;PSMA6;PSMA7;PSMB1;PSMB10;PSMB2;PSMB3;PSMB4;PSMB5;PSMB6;PSMB7;PSMB8;PSMB9;PSMC1;PSMC2;PSMC3;PSMC4;PSMC5;PSMC6;PSMD1;PSMD10;PSMD11;PSMD12;PSMD13;PSMD14;PSMD2;PSMD3;PSMD4;PSMD5;PSMD6;PSMD7;PSMD8;PSMD9;PSME1;PSME2;PSME3;PSMF1;SKP1,0.005587269872984159
R-HSA-68882,Mitotic Anaphase,117,0.3863684416388578,1.9897471906161532,0.000999000999000999,50,TUBB3;RCC2;TNPO1;NUP155;TUBA4B;BUB3;RCC1;MAPRE1;PSMD2;TUBB6;PSMB9;RANGAP1;RAN;PSMB8;PSME2;PSMD11;PSMD13;PSME3;NUDC;NUP188;PSMB3;RPS27;PSMA4;NUP93;PSMB2;KIF2A;PPP2R5E;TUBA1C;PSMD7;PSME1;PSMD12;XPO1;NUP160;KPNB1;PSMC2;CHMP4B;NUP35;PSMA6;NUP133;CKAP5;PSMB10;NUP62;PSMD6;PSMA3;SEH1L;PSMC6;NUP54;SEC13;PDS5B;PAFAH1B1,BANF1;BUB3;CHMP2A;CHMP3;CHMP4A;CHMP4B;CKAP5;CLASP1;CLIP1;DYNC1H1;DYNC1I2;DYNC1LI1;DYNC1LI2;DYNLL2;EMD;IST1;KIF2A;KPNB1;LBR;LEMD2;LMNA;LMNB1;MAPRE1;NUDC;NUP107;NUP133;NUP155;NUP160;NUP188;NUP205;NUP35;NUP43;NUP54;NUP62;NUP85;NUP93;NUP98;PAFAH1B1;PDS5A;PDS5B;PPP1CC;PPP2CB;PPP2R1A;PPP2R2A;PPP2R5A;PPP2R5D;PPP2R5E;PSMA1;PSMA2;PSMA3;PSMA4;PSMA5;PSMA6;PSMA7;PSMB1;PSMB10;PSMB2;PSMB3;PSMB4;PSMB5;PSMB6;PSMB7;PSMB8;PSMB9;PSMC1;PSMC2;PSMC3;PSMC4;PSMC5;PSMC6;PSMD1;PSMD10;PSMD11;PSMD12;PSMD13;PSMD14;PSMD2;PSMD3;PSMD4;PSMD5;PSMD6;PSMD7;PSMD8;PSMD9;PSME1;PSME2;PSME3;PSMF1;RAD21;RAN;RANBP2;RANGAP1;RCC1;RCC2;RPS27;SEC13;SEH1L;SIRT2;SMC1A;SMC3;STAG1;SUMO1;TAOK1;TMPO;TNPO1;TUBA1C;TUBA4A;TUBA4B;TUBB2A;TUBB3;TUBB4A;TUBB4B;TUBB6;UBE2I;VPS4A;XPO1;ZW10,0.005587269872984159
R-HSA-69610,p53-Independent DNA Damage Response,41,0.4760921864953522,1.9620434986516362,0.000999000999000999,27,PSMD2;PSMB9;PSMB8;PSME2;PSMD11;PSMD13;PSME3;PSMB3;PSMA4;PSMB2;PSMD7;PSME1;PSMD12;PSMC2;PSMA6;PSMB10;PSMD6;PSMA3;PSMC6;PSMD1;PSMD14;PSMA7;PSMB1;PSMC1;PSMD3;PSMA2;PSMD8,PSMA1;PSMA2;PSMA3;PSMA4;PSMA5;PSMA6;PSMA7;PSMB1;PSMB10;PSMB2;PSMB3;PSMB4;PSMB5;PSMB6;PSMB7;PSMB8;PSMB9;PSMC1;PSMC2;PSMC3;PSMC4;PSMC5;PSMC6;PSMD1;PSMD10;PSMD11;PSMD12;PSMD13;PSMD14;PSMD2;PSMD3;PSMD4;PSMD5;PSMD6;PSMD7;PSMD8;PSMD9;PSME1;PSME2;PSME3;PSMF1,0.005587269872984159
R-HSA-187577,SCF(Skp2)-mediated degradation of p27/p21,44,0.4580580218094836,1.90779723744128,0.000999000999000999,29,PSMD2;PSMB9;PSMB8;PSME2;PSMD11;PSMD13;PSME3;PSMB3;PSMA4;PSMB2;PSMD7;PSME1;PSMD12;PSMC2;PSMA6;PSMB10;PSMD6;PSMA3;PSMC6;PSMD1;CUL1;PSMD14;SKP1;PSMA7;PSMB1;PSMC1;PSMD3;PSMA2;PSMD8,CUL1;PSMA1;PSMA2;PSMA3;PSMA4;PSMA5;PSMA6;PSMA7;PSMB1;PSMB10;PSMB2;PSMB3;PSMB4;PSMB5;PSMB6;PSMB7;PSMB8;PSMB9;PSMC1;PSMC2;PSMC3;PSMC4;PSMC5;PSMC6;PSMD1;PSMD10;PSMD11;PSMD12;PSMD13;PSMD14;PSMD2;PSMD3;PSMD4;PSMD5;PSMD6;PSMD7;PSMD8;PSMD9;PSME1;PSME2;PSME3;PSMF1;PTK6;SKP1,0.005587269872984159
R-HSA-556833,Metabolism of lipids,191,-0.34230379169022507,-1.5472978351043645,0.000999000999000999,66,PI4KA;ACAT2;PTGES2;PTPMT1;AKR1D1;PPP1CB;ESYT2;TECR;HMGCL;LTA4H;AKR1B1;TSPO;NDUFAB1;GPD2;PLD1;GPX4;ECI2;CD36;SLC44A2;ACOT13;ME1;MECR;DECR1;FDXR;ACAA2;ACADM;CPT2;PCCA;MMUT;CBR1;GGT5;PRKACA;HADHA;NUDT19;HADHB;ECI1;FABP3;ACSL1;SERPINA6;MED23;AGT;APOA1;ACADVL;ACOX3;LSS;ACADS;CRAT;APOA2;GC;PON1;ASAH1;ECHS1;OXCT1;PTGR1;ALB;ACAT1;HADH;BDH1;DBI;PCCB;HSD17B8;BDH2;GPD1L;PLPP3;ALDH3A2;MGLL,AACS;ABCC1;ACAA1;ACAA2;ACACA;ACADM;ACADS;ACADVL;ACAT1;ACAT2;ACLY;ACOT13;ACOT7;ACOT9;ACOX1;ACOX3;ACSL1;ACSL3;ACSL4;AGK;AGPAT3;AGPS;AGT;AKR1B1;AKR1C2;AKR1C3;AKR1D1;ALB;ALDH3A2;ALOX5AP;APOA1;APOA2;ARSA;ASAH1;BDH1;BDH2;CARM1;CAV1;CBR1;CD36;CDIPT;CDS2;CEPT1;CERT1;CPNE1;CPNE3;CPT1A;CPT2;CRAT;CROT;CSNK2A2;CSNK2B;CTSA;CYP51A1;CYP7B1;DBI;DECR1;DGAT1;DHCR24;DHCR7;DHRS7B;EBP;ECHS1;ECI1;ECI2;EHHADH;ELOVL1;ESYT1;ESYT2;FABP3;FABP4;FABP5;FASN;FDPS;FDXR;FHL2;GBA1;GC;GGPS1;GGT5;GLB1;GLTP;GM2A;GPD1L;GPD2;GPX1;GPX4;HACD2;HACD3;HADH;HADHA;HADHB;HEXA;HEXB;HMGCL;HMGCS1;HSD17B11;HSD17B12;HSD17B4;HSD17B8;IDI1;KDSR;KPNB1;LBR;LGMN;LPCAT2;LPCAT3;LPGAT1;LSS;LTA4H;M6PR;MBOAT7;ME1;MECR;MED23;MGLL;MMUT;MSMO1;MVD;MVK;NDUFAB1;NSDHL;NUDT19;OSBP;OSBPL8;OSBPL9;OXCT1;PCCA;PCCB;PCYT1A;PI4K2A;PI4KA;PIK3C3;PIK3R4;PIP4K2A;PIP4K2C;PITPNB;PLBD1;PLD1;PLD3;PLIN3;PLPP3;PMVK;PON1;PPP1CA;PPP1CB;PPP1CC;PPT1;PRKACA;PSAP;PTDSS1;PTGES2;PTGES3;PTGR1;PTGS1;PTPMT1;RAB14;RAB5A;RAN;RUFY1;SACM1L;SAR1B;SCP2;SEC23A;SEC24A;SEC24B;SEC24C;SEC24D;SELENOI;SERPINA6;SGPL1;SLC25A1;SLC25A20;SLC27A3;SLC44A1;SLC44A2;SMPD4;SPTLC1;SPTLC2;STARD10;SUMF2;TBL1XR1;TBXAS1;TECR;THRAP3;TSPO;TXNRD1;UBE2I;VAC14;VAPA;VAPB,0.005587269872984159
R-HSA-9709957,Sensory Perception,50,-0.4472102649570031,-1.6724792376847541,0.000999000999000999,20,CAPZA2;APOC2;EPS8L2;APOC3;APOB;APOE;RBP4;HSPG2;EPB41L3;APOM;APOA4;APOA1;GSN;TRIOBP;EPB41L1;MYO1C;APOA2;TTR;SPTBN1;SPTAN1,ACTB;ACTG1;AGRN;AKR1B10;AKR1C3;APOA1;APOA2;APOA4;APOB;APOC2;APOC3;APOE;APOM;ATP2B1;CAPZA1;CAPZA2;CAPZB;CASK;DNAJC5;EPB41L1;EPB41L3;EPS8L2;EZR;FNTA;FNTB;GNB1;GPC1;GSN;HSPG2;ITPR3;LRP1;METAP1;METAP2;MPP1;MSN;MYH9;MYO1C;NMT1;PLS1;RBP4;RDH11;RDX;RETSAT;SDC1;SPTAN1;SPTBN1;TRIOBP;TTR;TWF1;TWF2,0.005587269872984159
R-HSA-5668914,Diseases of metabolism,60,-0.472781472815302,-1.8165471008542091,0.000999000999000999,22,MMAB;OPLAH;FDXR;PCCA;MMUT;HSPG2;DAG1;ACY1;MCCC2;GBE1;IDH1;PGM1;MPI;MAOA;BGN;MCCC1;PCCB;DCXR;LUM;DCN;OGN;PRELP,ACACA;ACY1;ADA;AGRN;AHCY;APRT;BGN;CSPG4;CTSA;CYP7B1;DAG1;DCN;DCXR;DPM1;DPM3;FDXR;FMOD;GAA;GALK1;GBE1;GCLC;GCLM;GFPT1;GLB1;GNS;GPC1;GSS;GUSB;GYG1;GYS1;HEXA;HEXB;HPRT1;HSPG2;IDH1;LUM;MAOA;MCCC1;MCCC2;MMAB;MMUT;MOGS;MPDU1;MPI;MUC5B;OGN;OPLAH;PC;PCCA;PCCB;PGM1;PMM2;PNP;PRELP;RPIA;SDC1;TALDO1;TBXAS1;THBS1;VCAN,0.005587269872984159
R-HSA-156590,Glutathione conjugation,16,-0.6479822480382368,-1.824917650256934,0.000999000999000999,9,GGCT;GSTM3;OPLAH;MGST3;GGT5;AKR1A1;ESD;MGST2;GSTM2,AKR1A1;CNDP2;ESD;GCLC;GCLM;GGCT;GGT5;GSS;GSTK1;GSTM2;GSTM3;GSTO1;GSTP1;MGST2;MGST3;OPLAH,0.005587269872984159
R-HSA-70263,Gluconeogenesis,22,-0.603898310154746,-1.8749083252229943,0.000999000999000999,14,ENO2;PGK1;TPI1;GPI;GOT2;SLC25A11;ENO3;ALDOA;SLC25A12;MDH2;GAPDH;ALDOC;MDH1;GOT1,ALDOA;ALDOC;ENO1;ENO2;ENO3;FBP1;GAPDH;GOT1;GOT2;GPI;MDH1;MDH2;PC;PCK2;PGAM1;PGK1;SLC25A1;SLC25A10;SLC25A11;SLC25A12;SLC25A13;TPI1,0.005587269872984159
R-HSA-6806667,Metabolism of fat-soluble vitamins,20,-0.6262502887983761,-1.8857407782080515,0.000999000999000999,11,APOC2;APOC3;APOB;APOE;RBP4;HSPG2;APOM;APOA4;APOA1;APOA2;TTR,AGRN;AKR1B10;AKR1C3;APOA1;APOA2;APOA4;APOB;APOC2;APOC3;APOE;APOM;GPC1;HSPG2;LRP1;RBP4;RDH11;RETSAT;SDC1;TTR;VKORC1L1,0.005587269872984159
R-HSA-9662851,Anti-inflammatory response favouring Leishmania parasite infection,34,-0.575712951068877,-1.9594118552780055,0.000999000999000999,18,IGLV1-51;PRKAR1A;GNG12;IGKV1-5;IGLV3-19;GGT5;IGHG4;PRKACA;IGHV3-7;IGLV1-40;IGLV8-61;IGKV4-1;IGLV1-47;IGKV3-20;IGKV3D-20;IGHG2;IGKC;PRKAR2A,CD163;GGT5;GNAI1;GNAI2;GNAI3;GNB1;GNB2;GNG12;GNG2;GNG5;IGHG2;IGHG3;IGHG4;IGHV3-7;IGKC;IGKV1-5;IGKV3-20;IGKV3D-20;IGKV4-1;IGLV1-40;IGLV1-47;IGLV1-51;IGLV3-19;IGLV8-61;ITPR2;ITPR3;MAPK14;MYH9;PLCG2;PRKACA;PRKAR1A;PRKAR2A;SRC;SYK,0.005587269872984159
R-HSA-71406,Pyruvate metabolism and Citric Acid (TCA) cycle,36,-0.5608054488729619,-1.9669406368667905,0.000999000999000999,26,GLO1;IDH3B;IDH3A;PDPR;IDH3G;VDAC1;CS;OGDH;SDHA;SUCLA2;SDHB;DLST;ME1;MDH2;IDH2;DLD;NNT;FH;DLAT;HAGH;PDHA1;SUCLG1;PDHX;ACO2;PDHB;SUCLG2,ACO2;BSG;CS;DLAT;DLD;DLST;FAHD1;FH;GLO1;HAGH;IDH2;IDH3A;IDH3B;IDH3G;LDHA;LDHAL6B;LDHB;MDH2;ME1;ME2;NNT;OGDH;PDHA1;PDHB;PDHX;PDP1;PDPR;SDHA;SDHB;SDHC;SLC16A1;SLC16A3;SUCLA2;SUCLG1;SUCLG2;VDAC1,0.005587269872984159
R-HSA-173623,Classical antibody-mediated complement activation,19,-0.6607806236786864,-1.9694222263765502,0.000999000999000999,12,IGKV1-5;IGLV3-19;IGHG4;IGHV3-7;IGLV1-40;IGLV8-61;IGKV4-1;IGLV1-47;IGKV3-20;IGKV3D-20;IGHG2;IGKC,C1QA;C1QB;C1QC;C1R;C1S;IGHG2;IGHG3;IGHG4;IGHV3-7;IGKC;IGKV1-5;IGKV3-20;IGKV3D-20;IGKV4-1;IGLV1-40;IGLV1-47;IGLV1-51;IGLV3-19;IGLV8-61,0.005587269872984159
R-HSA-1474228,Degradation of the extracellular matrix,55,-0.5244545279146476,-1.9738056451353316,0.000999000999000999,31,LAMC1;CAPN1;CAST;CDH1;COL4A2;KLKB1;COL5A2;A2M;HSPG2;FBN1;COL6A3;COL18A1;NID1;COL6A1;COL6A2;COL16A1;COL6A6;CAPN2;COL5A3;COL2A1;COL5A1;COL1A1;COL1A2;LAMA5;COL15A1;COL3A1;COL10A1;CAPNS1;COL14A1;DCN;CMA1,A2M;ADAM10;BSG;CAPN1;CAPN2;CAPNS1;CASP3;CAST;CD44;CDH1;CMA1;COL10A1;COL12A1;COL14A1;COL15A1;COL16A1;COL17A1;COL18A1;COL1A1;COL1A2;COL2A1;COL3A1;COL4A1;COL4A2;COL4A3;COL5A1;COL5A2;COL5A3;COL6A1;COL6A2;COL6A3;COL6A6;COL7A1;CTSB;CTSD;CTSG;CTSS;DCN;ELANE;FBN1;FN1;HSPG2;HTRA1;KLKB1;LAMA3;LAMA5;LAMB1;LAMB3;LAMC1;LAMC2;MMP8;MMP9;NCSTN;NID1;PLG,0.005587269872984159
R-HSA-9664433,Leishmania parasite growth and survival,34,-0.575712951068877,-1.9888536882312158,0.000999000999000999,18,IGLV1-51;PRKAR1A;GNG12;IGKV1-5;IGLV3-19;GGT5;IGHG4;PRKACA;IGHV3-7;IGLV1-40;IGLV8-61;IGKV4-1;IGLV1-47;IGKV3-20;IGKV3D-20;IGHG2;IGKC;PRKAR2A,CD163;GGT5;GNAI1;GNAI2;GNAI3;GNB1;GNB2;GNG12;GNG2;GNG5;IGHG2;IGHG3;IGHG4;IGHV3-7;IGKC;IGKV1-5;IGKV3-20;IGKV3D-20;IGKV4-1;IGLV1-40;IGLV1-47;IGLV1-51;IGLV3-19;IGLV8-61;ITPR2;ITPR3;MAPK14;MYH9;PLCG2;PRKACA;PRKAR1A;PRKAR2A;SRC;SYK,0.005587269872984159
R-HSA-71403,Citric acid cycle (TCA cycle),20,-0.6613147525222014,-1.9983107395062438,0.000999000999000999,17,IDH3B;IDH3A;IDH3G;CS;OGDH;SDHA;SUCLA2;SDHB;DLST;MDH2;IDH2;DLD;NNT;FH;SUCLG1;ACO2;SUCLG2,ACO2;CS;DLD;DLST;FAHD1;FH;IDH2;IDH3A;IDH3B;IDH3G;MDH2;ME2;NNT;OGDH;SDHA;SDHB;SDHC;SUCLA2;SUCLG1;SUCLG2,0.005587269872984159
R-HSA-211945,Phase I - Functionalization of compounds,27,-0.6082724815525001,-2.0015731111760315,0.000999000999000999,16,CYB5R3;ADH5;ADH7;CES2;ALDH3A1;FDXR;CES1;CMBL;MAOA;NQO2;AOC3;CBR3;ALDH1A1;ALDH2;MAOB;EPHX1,ACSS1;ADH5;ADH7;AIP;ALDH1A1;ALDH1B1;ALDH2;ALDH3A1;AOC3;CBR3;CES1;CES2;CMBL;CYB5B;CYB5R3;CYP51A1;CYP7B1;EPHX1;FDXR;HSP90AB1;MAOA;MAOB;NQO2;POR;PTGES3;PTGS1;TBXAS1,0.005587269872984159
R-HSA-390522,Striated Muscle Contraction,24,-0.628892829967577,-2.002350375273453,0.000999000999000999,21,MYBPC2;NEB;TNNT3;DES;MYL4;ACTN3;TNNC2;TNNI1;MYBPC1;ACTA1;DMD;TPM3;MYL2;TPM2;MYL1;ACTN2;TPM1;TTN;VIM;TMOD1;MYL3,ACTA1;ACTN2;ACTN3;DES;DMD;MYBPC1;MYBPC2;MYH3;MYL1;MYL2;MYL3;MYL4;NEB;TMOD1;TMOD3;TNNC2;TNNI1;TNNT3;TPM1;TPM2;TPM3;TPM4;TTN;VIM,0.005587269872984159
R-HSA-196854,Metabolism of vitamins and cofactors,65,-0.5115704172308357,-2.004072730539266,0.000999000999000999,27,APOC2;MMAB;APOC3;NAXE;COQ5;APOB;PNPO;PCCA;APOE;RBP4;MMUT;HSPG2;PANK4;DCAKD;SPR;MCCC2;APOM;IDH1;APOA4;APOA1;APOA2;TTR;COQ9;SHMT1;MCCC1;PCCB;CYB5A,AASDHPPT;ABCC1;ACACA;AGRN;AKR1B10;AKR1C3;ALDH1L2;APOA1;APOA2;APOA4;APOB;APOC2;APOC3;APOE;APOM;BST1;COASY;COQ5;COQ6;COQ9;CYB5A;CYB5R3;DCAKD;ENPP2;FASN;FLAD1;GPC1;GPHN;GSTO1;HSP90AA1;HSPG2;IDH1;LRP1;MCCC1;MCCC2;MMAB;MMUT;MTHFD1;NADK2;NAMPT;NAPRT;NAXE;NFS1;NNMT;NT5E;PANK4;PARP14;PARP4;PARP9;PC;PCCA;PCCB;PDXK;PNPO;PPCS;RBP4;RDH11;RETSAT;SDC1;SHMT1;SHMT2;SLC2A1;SPR;TTR;VKORC1L1,0.005587269872984159
R-HSA-983695,Antigen activates B Cell Receptor (BCR) leading to generation of second messengers,20,-0.659915698570968,-2.0044735851338555,0.000999000999000999,12,STIM1;IGLV1-51;IGKV1-5;IGHM;IGLV3-19;IGHV3-7;IGLV1-40;IGKV4-1;IGLV1-47;IGKV3-20;IGKV3D-20;IGKC,GRB2;IGHM;IGHV3-7;IGKC;IGKV1-5;IGKV3-20;IGKV3D-20;IGKV4-1;IGLV1-40;IGLV1-47;IGLV1-51;IGLV3-19;ITPR2;ITPR3;NCK1;PLCG2;PTPN6;SH3KBP1;STIM1;SYK,0.005587269872984159
R-HSA-375165,NCAM signaling for neurite out-growth,25,-0.6273398414521476,-2.010315836454849,0.000999000999000999,14,COL4A2;SPTBN2;COL5A2;COL6A3;COL6A1;COL6A2;COL6A6;MAPK3;COL5A3;COL2A1;COL5A1;COL3A1;SPTBN1;SPTAN1,AGRN;COL2A1;COL3A1;COL4A1;COL4A2;COL4A3;COL5A1;COL5A2;COL5A3;COL6A1;COL6A2;COL6A3;COL6A6;GRB2;KRAS;MAPK1;MAPK3;PRNP;PTK2;SPTA1;SPTAN1;SPTB;SPTBN1;SPTBN2;SRC,0.005587269872984159
R-HSA-5690714,CD22 mediated BCR regulation,12,-0.7739362980532146,-2.022305736614281,0.000999000999000999,11,IGLV1-51;IGKV1-5;IGHM;IGLV3-19;IGHV3-7;IGLV1-40;IGKV4-1;IGLV1-47;IGKV3-20;IGKV3D-20;IGKC,IGHM;IGHV3-7;IGKC;IGKV1-5;IGKV3-20;IGKV3D-20;IGKV4-1;IGLV1-40;IGLV1-47;IGLV1-51;IGLV3-19;PTPN6,0.005587269872984159
R-HSA-166786,Creation of C4 and C2 activators,20,-0.6657304649000203,-2.0388754628834587,0.000999000999000999,15,IGHG3;IGLV1-51;FCN3;IGKV1-5;IGLV3-19;IGHG4;IGHV3-7;IGLV1-40;IGLV8-61;IGKV4-1;IGLV1-47;IGKV3-20;IGKV3D-20;IGHG2;IGKC,C1QA;C1QB;C1QC;C1R;C1S;FCN3;IGHG2;IGHG3;IGHG4;IGHV3-7;IGKC;IGKV1-5;IGKV3-20;IGKV3D-20;IGKV4-1;IGLV1-40;IGLV1-47;IGLV1-51;IGLV3-19;IGLV8-61,0.005587269872984159
R-HSA-2029485,Role of phospholipids in phagocytosis,21,-0.6637638236176772,-2.0392162019201816,0.000999000999000999,15,IGHG3;IGLV1-51;PLD1;IGKV1-5;IGLV3-19;IGHG4;IGHV3-7;IGLV1-40;IGLV8-61;IGKV4-1;IGLV1-47;IGKV3-20;IGKV3D-20;IGHG2;IGKC,IGHG2;IGHG3;IGHG4;IGHV3-7;IGKC;IGKV1-5;IGKV3-20;IGKV3D-20;IGKV4-1;IGLV1-40;IGLV1-47;IGLV1-51;IGLV3-19;IGLV8-61;ITPR2;ITPR3;PLCG2;PLD1;PLD3;PRKCD;SYK,0.005587269872984159
R-HSA-166663,Initial triggering of complement,26,-0.6523161175989649,-2.0786316067655277,0.000999000999000999,18,IGLV1-51;FCN3;C3;IGKV1-5;C2;IGLV3-19;IGHG4;IGHV3-7;IGLV1-40;IGLV8-61;CFB;IGKV4-1;IGLV1-47;IGKV3-20;IGKV3D-20;IGHG2;IGKC;CFD,C1QA;C1QB;C1QC;C1R;C1S;C2;C3;C4A;C4B;CFB;CFD;FCN3;IGHG2;IGHG3;IGHG4;IGHV3-7;IGKC;IGKV1-5;IGKV3-20;IGKV3D-20;IGKV4-1;IGLV1-40;IGLV1-47;IGLV1-51;IGLV3-19;IGLV8-61,0.005587269872984159
R-HSA-1442490,Collagen degradation,28,-0.6388623309633256,-2.0817705936600017,0.000999000999000999,15,COL6A3;COL18A1;COL6A1;COL6A2;COL16A1;COL6A6;COL5A3;COL2A1;COL5A1;COL1A1;COL1A2;COL15A1;COL3A1;COL10A1;COL14A1,ADAM10;COL10A1;COL12A1;COL14A1;COL15A1;COL16A1;COL17A1;COL18A1;COL1A1;COL1A2;COL2A1;COL3A1;COL4A1;COL4A2;COL4A3;COL5A1;COL5A2;COL5A3;COL6A1;COL6A2;COL6A3;COL6A6;COL7A1;CTSB;CTSD;ELANE;MMP8;MMP9,0.005587269872984159
R-HSA-3000178,ECM proteoglycans,42,-0.5763950109759058,-2.0867389951525985,0.000999000999000999,21,COL5A2;LAMA2;HSPG2;COL6A3;DAG1;COL6A1;COL6A2;COL6A6;COL5A3;COL2A1;COL5A1;COL1A1;BGN;COL1A2;LAMA5;COL3A1;LAMB2;ASPN;LUM;DCN;TNXB,AGRN;APP;ASPN;BGN;COL1A1;COL1A2;COL2A1;COL3A1;COL4A1;COL4A2;COL4A3;COL5A1;COL5A2;COL5A3;COL6A1;COL6A2;COL6A3;COL6A6;DAG1;DCN;FMOD;FN1;HSPG2;ITGA2;ITGA2B;ITGAV;ITGB1;ITGB3;ITGB5;LAMA2;LAMA3;LAMA4;LAMA5;LAMB1;LAMB2;LAMC1;LUM;SPARC;TNC;TNXB;VCAN;VTN,0.005587269872984159
R-HSA-977606,Regulation of Complement cascade,48,-0.573725012988731,-2.0999773138201037,0.000999000999000999,39,C1R;C1S;C8A;C1QB;CD59;C9;C8G;C1QC;VTN;CFH;F2;C1QA;C4B;C8B;C4A;CD81;CPN2;CD55;IGHG3;CPN1;IGLV1-51;CLU;C3;IGKV1-5;C2;SERPING1;IGLV3-19;IGHG4;CFI;IGHV3-7;IGLV1-40;IGLV8-61;CFB;IGKV4-1;IGLV1-47;IGKV3-20;IGKV3D-20;IGHG2;IGKC,C1QA;C1QB;C1QC;C1R;C1S;C2;C3;C4A;C4B;C4BPA;C4BPB;C5;C6;C7;C8A;C8B;C8G;C9;CD55;CD59;CD81;CFB;CFH;CFHR1;CFI;CLU;CPB2;CPN1;CPN2;ELANE;F2;IGHG2;IGHG3;IGHG4;IGHV3-7;IGKC;IGKV1-5;IGKV3-20;IGKV3D-20;IGKV4-1;IGLV1-40;IGLV1-47;IGLV1-51;IGLV3-19;IGLV8-61;PROS1;SERPING1;VTN,0.005587269872984159
R-HSA-2029481,FCGR activation,16,-0.7378591546376325,-2.100125726410961,0.000999000999000999,14,IGHG3;IGLV1-51;IGKV1-5;IGLV3-19;IGHG4;IGHV3-7;IGLV1-40;IGLV8-61;IGKV4-1;IGLV1-47;IGKV3-20;IGKV3D-20;IGHG2;IGKC,IGHG2;IGHG3;IGHG4;IGHV3-7;IGKC;IGKV1-5;IGKV3-20;IGKV3D-20;IGKV4-1;IGLV1-40;IGLV1-47;IGLV1-51;IGLV3-19;IGLV8-61;SRC;SYK,0.005587269872984159
R-HSA-163210,Formation of ATP by chemiosmotic coupling,13,-0.7722456938788869,-2.1061163787915094,0.000999000999000999,11,ATP5MF;ATP5PB;ATP5PF;ATP5F1C;ATP5MG;ATP5PD;ATP5PO;ATP5ME;ATP5F1A;ATP5F1D;ATP5F1B,ATP5F1A;ATP5F1B;ATP5F1C;ATP5F1D;ATP5ME;ATP5MF;ATP5MG;ATP5PB;ATP5PD;ATP5PF;ATP5PO;MT-ATP6;MT-ATP8,0.005587269872984159
R-HSA-2871809,FCERI mediated Ca+2 mobilization,18,-0.70977841797357,-2.121794175404649,0.000999000999000999,11,IGLV1-51;IGKV1-5;IGLV3-19;IGHV3-7;IGLV1-40;IGLV8-61;IGKV4-1;IGLV1-47;IGKV3-20;IGKV3D-20;IGKC,GRB2;IGHV3-7;IGKC;IGKV1-5;IGKV3-20;IGKV3D-20;IGKV4-1;IGLV1-40;IGLV1-47;IGLV1-51;IGLV3-19;IGLV8-61;ITPR2;ITPR3;PLCG2;PPP3CA;SYK;VAV2,0.005587269872984159
R-HSA-1592230,Mitochondrial biogenesis,38,-0.6119013468103315,-2.128676194144304,0.000999000999000999,28,DNAJC11;HSPA9;SIRT5;MICOS13;SAMM50;CHCHD3;MT-ATP8;MT-ATP6;IMMT;MTX2;TMEM11;APOOL;SIRT3;IDH2;ATP5MF;ATP5PB;APOO;ATP5PF;ATP5F1C;ATP5MG;ATP5PD;TFAM;ATP5PO;ATP5ME;ATP5F1A;ATP5F1D;ATP5F1B;GLUD1,APOO;APOOL;ATP5F1A;ATP5F1B;ATP5F1C;ATP5F1D;ATP5ME;ATP5MF;ATP5MG;ATP5PB;ATP5PD;ATP5PF;ATP5PO;CARM1;CHCHD3;CYCS;DNAJC11;GLUD1;HCFC1;HSPA9;IDH2;IMMT;MAPK14;MICOS10;MICOS13;MT-ATP6;MT-ATP8;MTX1;MTX2;PRKAG1;SAMM50;SIRT3;SIRT5;SOD2;SSBP1;TBL1XR1;TFAM;TMEM11,0.005587269872984159
R-HSA-166658,Complement cascade,50,-0.5780414198007677,-2.1291562849541905,0.000999000999000999,41,C1R;C1S;C8A;C1QB;CD59;C9;C8G;C1QC;VTN;CFH;F2;C1QA;C4B;C8B;C4A;CD81;CPN2;CD55;IGHG3;CPN1;IGLV1-51;FCN3;CLU;C3;IGKV1-5;C2;SERPING1;IGLV3-19;IGHG4;CFI;IGHV3-7;IGLV1-40;IGLV8-61;CFB;IGKV4-1;IGLV1-47;IGKV3-20;IGKV3D-20;IGHG2;IGKC;CFD,C1QA;C1QB;C1QC;C1R;C1S;C2;C3;C4A;C4B;C4BPA;C4BPB;C5;C6;C7;C8A;C8B;C8G;C9;CD55;CD59;CD81;CFB;CFD;CFH;CFHR1;CFI;CLU;CPB2;CPN1;CPN2;ELANE;F2;FCN3;IGHG2;IGHG3;IGHG4;IGHV3-7;IGKC;IGKV1-5;IGKV3-20;IGKV3D-20;IGKV4-1;IGLV1-40;IGLV1-47;IGLV1-51;IGLV3-19;IGLV8-61;PROS1;SERPING1;VTN,0.005587269872984159
R-HSA-2730905,Role of LAT2/NTAL/LAB on calcium mobilization,13,-0.7838820162651499,-2.1298317296180014,0.000999000999000999,11,IGLV1-51;IGKV1-5;IGLV3-19;IGHV3-7;IGLV1-40;IGLV8-61;IGKV4-1;IGLV1-47;IGKV3-20;IGKV3D-20;IGKC,GRB2;IGHV3-7;IGKC;IGKV1-5;IGKV3-20;IGKV3D-20;IGKV4-1;IGLV1-40;IGLV1-47;IGLV1-51;IGLV3-19;IGLV8-61;SYK,0.005587269872984159
R-HSA-8949613,Cristae formation,25,-0.6752601520228468,-2.1397070008381194,0.000999000999000999,23,DNAJC11;HSPA9;MICOS13;SAMM50;CHCHD3;MT-ATP8;MT-ATP6;IMMT;MTX2;TMEM11;APOOL;ATP5MF;ATP5PB;APOO;ATP5PF;ATP5F1C;ATP5MG;ATP5PD;ATP5PO;ATP5ME;ATP5F1A;ATP5F1D;ATP5F1B,APOO;APOOL;ATP5F1A;ATP5F1B;ATP5F1C;ATP5F1D;ATP5ME;ATP5MF;ATP5MG;ATP5PB;ATP5PD;ATP5PF;ATP5PO;CHCHD3;DNAJC11;HSPA9;IMMT;MICOS10;MICOS13;MT-ATP6;MT-ATP8;MTX1;MTX2;SAMM50;TMEM11,0.005587269872984159
R-HSA-389661,Glyoxylate metabolism and glycine degradation,13,-0.7805092186128183,-2.148623451526,0.000999000999000999,13,DBT;OGDH;NDUFAB1;GOT2;DLST;DLD;DLAT;PDHA1;PDHX;PDHB;GRHPR;ALDH4A1;BCKDHA,ALDH4A1;BCKDHA;DBT;DLAT;DLD;DLST;GOT2;GRHPR;NDUFAB1;OGDH;PDHA1;PDHB;PDHX,0.005587269872984159
R-HSA-397014,Muscle contraction,68,-0.5514775043957599,-2.157095688373278,0.000999000999000999,44,NEB;ATP1A2;ATP2A2;RYR1;ATP2A3;ANXA6;SRI;TNNT3;CAMK2G;DES;STIM1;ANXA2;CASQ1;MYL4;ATP2A1;MYL11;ACTN3;TNNC2;TNNI1;MYBPC1;MYL9;ACTA1;DMD;TPM3;CLIC2;MYL2;MYLK;TPM2;PRKACA;MYL1;ACTN2;CES1;TPM1;ATP1B1;MYL6B;TTN;VIM;SORBS1;TMOD1;MYL3;LMOD1;ALDH2;SORBS3;MYH11,ACTA1;ACTN2;ACTN3;ALDH2;ANXA1;ANXA2;ANXA6;ASPH;ATP1A1;ATP1A2;ATP1B1;ATP1B3;ATP2A1;ATP2A2;ATP2A3;ATP2B1;ATP2B4;CACNG6;CALD1;CAMK2D;CAMK2G;CASQ1;CES1;CLIC2;DES;DMD;DYSF;ITGA1;ITGB5;ITPR2;ITPR3;LMOD1;MYBPC1;MYBPC2;MYH11;MYH3;MYL1;MYL11;MYL2;MYL3;MYL4;MYL6;MYL6B;MYL9;MYLK;NEB;PAK1;PAK2;PRKACA;PXN;RYR1;SORBS1;SORBS3;SRI;STIM1;TLN1;TMOD1;TMOD3;TNNC2;TNNI1;TNNT3;TPM1;TPM2;TPM3;TPM4;TTN;VCL;VIM,0.005587269872984159
R-HSA-2173782,Binding and Uptake of Ligands by Scavenger Receptors,42,-0.6080099331267896,-2.17137744415185,0.000999000999000999,29,IGLV1-51;SSC5D;CD36;COL4A2;APOB;HPR;IGKV1-5;APOL1;APOE;IGLV3-19;JCHAIN;IGHV3-7;IGLV1-40;IGLV8-61;IGKV4-1;IGLV1-47;APOA1;IGKV3-20;IGKV3D-20;HP;IGKC;HPX;IGHA1;STAB1;COL1A1;ALB;AMBP;COL1A2;COL3A1,ALB;AMBP;APOA1;APOB;APOE;APOL1;CALR;CD163;CD36;COL1A1;COL1A2;COL3A1;COL4A1;COL4A2;FTH1;FTL;HBA1;HBB;HP;HPR;HPX;HSP90AA1;HSP90B1;HSPH1;HYOU1;IGHA1;IGHV3-7;IGKC;IGKV1-5;IGKV3-20;IGKV3D-20;IGKV4-1;IGLV1-40;IGLV1-47;IGLV1-51;IGLV3-19;IGLV8-61;JCHAIN;LRP1;SPARC;SSC5D;STAB1,0.005587269872984159
R-HSA-211859,Biological oxidations,58,-0.5711209065574473,-2.171672841248738,0.000999000999000999,28,ADH5;ADH7;GGCT;CES2;GSTM3;OPLAH;ALDH3A1;FDXR;UGP2;MGST3;GGT5;CES1;AKR1A1;ACY1;ESD;CMBL;MAOA;NQO2;MGST2;AOC3;AKR7A2;GSTM2;CBR3;ALDH1A1;ABHD14B;ALDH2;MAOB;EPHX1,ABHD10;ABHD14B;ACSS1;ACY1;ADH5;ADH7;AHCY;AIP;AKR1A1;AKR7A2;ALDH1A1;ALDH1B1;ALDH2;ALDH3A1;AOC3;BPNT1;CBR3;CES1;CES2;CMBL;CNDP2;COMT;CYB5B;CYB5R3;CYP51A1;CYP7B1;EPHX1;ESD;FDXR;GCLC;GCLM;GGCT;GGT5;GSS;GSTK1;GSTM2;GSTM3;GSTO1;GSTP1;HSP90AB1;MAOA;MAOB;MAT2A;MAT2B;MGST2;MGST3;NNMT;NQO2;OPLAH;PAPSS1;POR;PTGES3;PTGS1;SULT2B1;TBXAS1;TRMT112;UGDH;UGP2,0.005587269872984159
R-HSA-8948216,Collagen chain trimerization,22,-0.7161305993053422,-2.176237422958018,0.000999000999000999,17,COL4A2;COL5A2;COL6A3;COL18A1;COL6A1;COL6A2;COL16A1;COL6A6;COL5A3;COL2A1;COL5A1;COL1A1;COL1A2;COL15A1;COL3A1;COL10A1;COL14A1,COL10A1;COL12A1;COL14A1;COL15A1;COL16A1;COL17A1;COL18A1;COL1A1;COL1A2;COL2A1;COL3A1;COL4A1;COL4A2;COL4A3;COL5A1;COL5A2;COL5A3;COL6A1;COL6A2;COL6A3;COL6A6;COL7A1,0.005587269872984159
R-HSA-70895,Branched-chain amino acid catabolism,14,-0.8026014062955856,-2.190102439652975,0.000999000999000999,12,DLD;IVD;BCAT2;HIBADH;HSD17B10;MCCC2;ECHS1;ACAT1;MCCC1;BCKDHA;HIBCH;ALDH6A1,ACAT1;ALDH6A1;BCAT2;BCKDHA;BCKDK;DBT;DLD;ECHS1;HIBADH;HIBCH;HSD17B10;IVD;MCCC1;MCCC2,0.005587269872984159
R-HSA-9664323,FCGR3A-mediated IL10 synthesis,22,-0.7080922593319402,-2.198605621011666,0.000999000999000999,16,IGLV1-51;PRKAR1A;IGKV1-5;IGLV3-19;IGHG4;PRKACA;IGHV3-7;IGLV1-40;IGLV8-61;IGKV4-1;IGLV1-47;IGKV3-20;IGKV3D-20;IGHG2;IGKC;PRKAR2A,IGHG2;IGHG3;IGHG4;IGHV3-7;IGKC;IGKV1-5;IGKV3-20;IGKV3D-20;IGKV4-1;IGLV1-40;IGLV1-47;IGLV1-51;IGLV3-19;IGLV8-61;ITPR2;ITPR3;PLCG2;PRKACA;PRKAR1A;PRKAR2A;SRC;SYK,0.005587269872984159
R-HSA-8978868,Fatty acid metabolism,62,-0.580863344574644,-2.24790817887979,0.000999000999000999,30,NDUFAB1;GPX4;ECI2;ACOT13;MECR;DECR1;ACAA2;ACADM;CPT2;PCCA;MMUT;CBR1;GGT5;HADHA;NUDT19;HADHB;ECI1;ACSL1;ACADVL;ACOX3;ACADS;CRAT;PON1;ECHS1;PTGR1;HADH;DBI;PCCB;HSD17B8;ALDH3A2,ABCC1;ACAA1;ACAA2;ACACA;ACADM;ACADS;ACADVL;ACLY;ACOT13;ACOT7;ACOT9;ACOX1;ACOX3;ACSL1;ACSL3;ACSL4;AKR1C3;ALDH3A2;ALOX5AP;CBR1;CPT1A;CPT2;CRAT;CROT;DBI;DECR1;ECHS1;ECI1;ECI2;EHHADH;ELOVL1;FASN;GGT5;GPX1;GPX4;HACD2;HACD3;HADH;HADHA;HADHB;HSD17B12;HSD17B4;HSD17B8;LTA4H;MECR;MMUT;NDUFAB1;NUDT19;PCCA;PCCB;PON1;PPT1;PTGES2;PTGES3;PTGR1;PTGS1;SCP2;SLC25A1;SLC25A20;SLC27A3;TBXAS1;TECR,0.005587269872984159
R-HSA-77289,Mitochondrial Fatty Acid Beta-Oxidation,19,-0.7731034033680932,-2.2734141432474435,0.000999000999000999,17,NDUFAB1;ACOT13;MECR;DECR1;ACAA2;ACADM;PCCA;MMUT;HADHA;HADHB;ECI1;ACADVL;ACADS;ECHS1;HADH;DBI;PCCB,ACAA2;ACADM;ACADS;ACADVL;ACOT13;ACOT7;ACOT9;DBI;DECR1;ECHS1;ECI1;HADH;HADHA;HADHB;MECR;MMUT;NDUFAB1;PCCA;PCCB,0.005587269872984159
R-HSA-2168880,Scavenging of heme from plasma,24,-0.7542587477479729,-2.350017301395681,0.000999000999000999,19,HPR;IGKV1-5;APOL1;IGLV3-19;JCHAIN;IGHV3-7;IGLV1-40;IGLV8-61;IGKV4-1;IGLV1-47;APOA1;IGKV3-20;IGKV3D-20;HP;IGKC;HPX;IGHA1;ALB;AMBP,ALB;AMBP;APOA1;APOL1;CD163;HBA1;HBB;HP;HPR;HPX;IGHA1;IGHV3-7;IGKC;IGKV1-5;IGKV3-20;IGKV3D-20;IGKV4-1;IGLV1-40;IGLV1-47;IGLV1-51;IGLV3-19;IGLV8-61;JCHAIN;LRP1,0.005587269872984159
R-HSA-6799198,Complex I biogenesis,40,-0.7449391182107199,-2.639691710594916,0.000999000999000999,35,NDUFB2;NDUFB1;NDUFAB1;NDUFB3;NDUFA3;NDUFB7;NDUFA11;MT-ND2;NDUFB11;NDUFB5;NDUFB8;NDUFS7;NDUFS6;NDUFS2;NDUFB6;MT-ND5;NDUFA10;NDUFS5;NDUFA7;NDUFB4;NDUFV1;NDUFA9;NDUFB10;NDUFA8;NDUFB9;NDUFS3;NDUFA5;NDUFA6;NDUFS1;NDUFA13;NDUFV2;NDUFA12;NDUFS4;NDUFS8;NDUFA2,ACAD9;MT-ND2;MT-ND4;MT-ND5;NDUFA10;NDUFA11;NDUFA12;NDUFA13;NDUFA2;NDUFA3;NDUFA5;NDUFA6;NDUFA7;NDUFA8;NDUFA9;NDUFAB1;NDUFAF4;NDUFB1;NDUFB10;NDUFB11;NDUFB2;NDUFB3;NDUFB4;NDUFB5;NDUFB6;NDUFB7;NDUFB8;NDUFB9;NDUFC2;NDUFS1;NDUFS2;NDUFS3;NDUFS4;NDUFS5;NDUFS6;NDUFS7;NDUFS8;NDUFV1;NDUFV2;TIMMDC1,0.005587269872984159
R-HSA-1428517,The citric acid (TCA) cycle and respiratory electron transport,116,-0.6672761206804464,-2.834993101996121,0.000999000999000999,87,VDAC1;NDUFC2;MT-ATP6;CS;OGDH;NDUFB2;COX6B1;SDHA;UQCR10;NDUFB1;NDUFAB1;CYC1;NDUFB3;NDUFA3;SUCLA2;NDUFB7;SDHB;NDUFA11;MT-ND2;NDUFB11;NDUFB5;DLST;ME1;MDH2;IDH2;DLD;NDUFB8;UQCRQ;ATP5MF;NDUFS7;NNT;FH;NDUFS6;DLAT;NDUFS2;NDUFA4;COX6C;NDUFB6;MT-CO2;UQCRC1;ATP5PB;UQCRC2;UQCRFS1;MT-ND5;NDUFA10;ATP5PF;NDUFS5;COX4I1;NDUFA7;UQCRB;HAGH;NDUFB4;MT-CO3;NDUFV1;PDHA1;NDUFA9;SUCLG1;ATP5F1C;ATP5MG;PDHX;ATP5PD;ACO2;NDUFB10;ATP5PO;NDUFA8;COX5A;NDUFB9;NDUFS3;ATP5ME;NDUFA5;NDUFA6;ATP5F1A;PDHB;ETFA;ETFDH;NDUFS1;NDUFA13;NDUFV2;NDUFA12;ATP5F1D;ATP5F1B;NDUFS4;COX5B;NDUFS8;ETFB;NDUFA2;SUCLG2,ACAD9;ACO2;ATP5F1A;ATP5F1B;ATP5F1C;ATP5F1D;ATP5ME;ATP5MF;ATP5MG;ATP5PB;ATP5PD;ATP5PF;ATP5PO;BSG;COX20;COX4I1;COX5A;COX5B;COX6B1;COX6C;COX7A2L;COX7C;CS;CYC1;CYCS;DLAT;DLD;DLST;ETFA;ETFB;ETFDH;FAHD1;FH;GLO1;HAGH;IDH2;IDH3A;IDH3B;IDH3G;LDHA;LDHAL6B;LDHB;LRPPRC;MDH2;ME1;ME2;MT-ATP6;MT-ATP8;MT-CO2;MT-CO3;MT-ND2;MT-ND4;MT-ND5;NDUFA10;NDUFA11;NDUFA12;NDUFA13;NDUFA2;NDUFA3;NDUFA4;NDUFA5;NDUFA6;NDUFA7;NDUFA8;NDUFA9;NDUFAB1;NDUFAF4;NDUFB1;NDUFB10;NDUFB11;NDUFB2;NDUFB3;NDUFB4;NDUFB5;NDUFB6;NDUFB7;NDUFB8;NDUFB9;NDUFC2;NDUFS1;NDUFS2;NDUFS3;NDUFS4;NDUFS5;NDUFS6;NDUFS7;NDUFS8;NDUFV1;NDUFV2;NNT;OGDH;PDHA1;PDHB;PDHX;PDP1;PDPR;SCO1;SDHA;SDHB;SDHC;SLC16A1;SLC16A3;SUCLA2;SUCLG1;SUCLG2;TACO1;TIMMDC1;TRAP1;UQCR10;UQCRB;UQCRC1;UQCRC2;UQCRFS1;UQCRH;UQCRQ;VDAC1,0.005587269872984159
R-HSA-611105,Respiratory electron transport,70,-0.7260002034938146,-2.868571668050764,0.000999000999000999,55,NDUFB2;COX6B1;SDHA;UQCR10;NDUFB1;NDUFAB1;CYC1;NDUFB3;NDUFA3;NDUFB7;SDHB;NDUFA11;MT-ND2;NDUFB11;NDUFB5;NDUFB8;UQCRQ;NDUFS7;NDUFS6;NDUFS2;NDUFA4;COX6C;NDUFB6;MT-CO2;UQCRC1;UQCRC2;UQCRFS1;MT-ND5;NDUFA10;NDUFS5;COX4I1;NDUFA7;UQCRB;NDUFB4;MT-CO3;NDUFV1;NDUFA9;NDUFB10;NDUFA8;COX5A;NDUFB9;NDUFS3;NDUFA5;NDUFA6;ETFA;ETFDH;NDUFS1;NDUFA13;NDUFV2;NDUFA12;NDUFS4;COX5B;NDUFS8;ETFB;NDUFA2,ACAD9;COX20;COX4I1;COX5A;COX5B;COX6B1;COX6C;COX7A2L;COX7C;CYC1;CYCS;ETFA;ETFB;ETFDH;LRPPRC;MT-CO2;MT-CO3;MT-ND2;MT-ND4;MT-ND5;NDUFA10;NDUFA11;NDUFA12;NDUFA13;NDUFA2;NDUFA3;NDUFA4;NDUFA5;NDUFA6;NDUFA7;NDUFA8;NDUFA9;NDUFAB1;NDUFAF4;NDUFB1;NDUFB10;NDUFB11;NDUFB2;NDUFB3;NDUFB4;NDUFB5;NDUFB6;NDUFB7;NDUFB8;NDUFB9;NDUFC2;NDUFS1;NDUFS2;NDUFS3;NDUFS4;NDUFS5;NDUFS6;NDUFS7;NDUFS8;NDUFV1;NDUFV2;SCO1;SDHA;SDHB;SDHC;TACO1;TIMMDC1;TRAP1;UQCR10;UQCRB;UQCRC1;UQCRC2;UQCRFS1;UQCRH;UQCRQ,0.005587269872984159
R-HSA-163200,"Respiratory electron transport, ATP synthesis by chemiosmotic coupling, and heat production by uncoupling proteins.",83,-0.7251941982997057,-2.938988636672977,0.000999000999000999,66,NDUFB2;COX6B1;SDHA;UQCR10;NDUFB1;NDUFAB1;CYC1;NDUFB3;NDUFA3;NDUFB7;SDHB;NDUFA11;MT-ND2;NDUFB11;NDUFB5;NDUFB8;UQCRQ;ATP5MF;NDUFS7;NDUFS6;NDUFS2;NDUFA4;COX6C;NDUFB6;MT-CO2;UQCRC1;ATP5PB;UQCRC2;UQCRFS1;MT-ND5;NDUFA10;ATP5PF;NDUFS5;COX4I1;NDUFA7;UQCRB;NDUFB4;MT-CO3;NDUFV1;NDUFA9;ATP5F1C;ATP5MG;ATP5PD;NDUFB10;ATP5PO;NDUFA8;COX5A;NDUFB9;NDUFS3;ATP5ME;NDUFA5;NDUFA6;ATP5F1A;ETFA;ETFDH;NDUFS1;NDUFA13;NDUFV2;NDUFA12;ATP5F1D;ATP5F1B;NDUFS4;COX5B;NDUFS8;ETFB;NDUFA2,ACAD9;ATP5F1A;ATP5F1B;ATP5F1C;ATP5F1D;ATP5ME;ATP5MF;ATP5MG;ATP5PB;ATP5PD;ATP5PF;ATP5PO;COX20;COX4I1;COX5A;COX5B;COX6B1;COX6C;COX7A2L;COX7C;CYC1;CYCS;ETFA;ETFB;ETFDH;LRPPRC;MT-ATP6;MT-ATP8;MT-CO2;MT-CO3;MT-ND2;MT-ND4;MT-ND5;NDUFA10;NDUFA11;NDUFA12;NDUFA13;NDUFA2;NDUFA3;NDUFA4;NDUFA5;NDUFA6;NDUFA7;NDUFA8;NDUFA9;NDUFAB1;NDUFAF4;NDUFB1;NDUFB10;NDUFB11;NDUFB2;NDUFB3;NDUFB4;NDUFB5;NDUFB6;NDUFB7;NDUFB8;NDUFB9;NDUFC2;NDUFS1;NDUFS2;NDUFS3;NDUFS4;NDUFS5;NDUFS6;NDUFS7;NDUFS8;NDUFV1;NDUFV2;SCO1;SDHA;SDHB;SDHC;TACO1;TIMMDC1;TRAP1;UQCR10;UQCRB;UQCRC1;UQCRC2;UQCRFS1;UQCRH;UQCRQ,0.005587269872984159
R-HSA-167246,Tat-mediated elongation of the HIV-1 transcript,17,0.7328937018752494,2.36368120468238,0.001998001998001998,12,SSRP1;CDK9;GTF2F1;POLR2B;GTF2F2;POLR2H;SUPT16H;NELFB;POLR2A;ELOC;POLR2E;SUPT4H1,CDK9;ELOB;ELOC;GTF2F1;GTF2F2;NELFB;POLR2A;POLR2B;POLR2C;POLR2E;POLR2H;POLR2I;SSRP1;SUPT16H;SUPT4H1;SUPT5H;TCEA1,0.00873986348846684
R-HSA-69002,DNA Replication Pre-Initiation,53,0.49130797221062095,2.213212404051979,0.001998001998001998,27,MCM7;PSMD2;PSMB9;PSMB8;PSME2;MCM3;PSMD11;PSMD13;PSME3;MCM6;PSMB3;MCM2;PSMA4;PSMB2;PSMD7;PSME1;PSMD12;KPNB1;PSMC2;PSMA6;PSMB10;KPNA6;PSMD6;PSMA3;PSMC6;MCM5;PSMD1,H4C1;KPNA1;KPNA6;KPNB1;MCM2;MCM3;MCM5;MCM6;MCM7;PSMA1;PSMA2;PSMA3;PSMA4;PSMA5;PSMA6;PSMA7;PSMB1;PSMB10;PSMB2;PSMB3;PSMB4;PSMB5;PSMB6;PSMB7;PSMB8;PSMB9;PSMC1;PSMC2;PSMC3;PSMC4;PSMC5;PSMC6;PSMD1;PSMD10;PSMD11;PSMD12;PSMD13;PSMD14;PSMD2;PSMD3;PSMD4;PSMD5;PSMD6;PSMD7;PSMD8;PSMD9;PSME1;PSME2;PSME3;PSMF1;RPA1;RPA2;RPA3,0.00873986348846684
R-HSA-191859,snRNP Assembly,32,0.5633795990731507,2.208402905789393,0.001998001998001998,22,NUP155;SNRPD1;NUP188;SNRPD2;NUP93;PRMT5;SNRPF;NUP160;NUP35;NUP153;NUP133;NUP88;NUP62;CLNS1A;SEH1L;NUP214;NUP54;SEC13;NUP50;SNRPD3;TPR;RANBP2,AAAS;CLNS1A;NUP107;NUP133;NUP153;NUP155;NUP160;NUP188;NUP205;NUP210;NUP214;NUP35;NUP43;NUP50;NUP54;NUP62;NUP85;NUP88;NUP93;NUP98;PRMT5;RAE1;RANBP2;SEC13;SEH1L;SNRPD1;SNRPD2;SNRPD3;SNRPE;SNRPF;TPR;WDR77,0.00873986348846684
R-HSA-983170,"Antigen Presentation: Folding, assembly and peptide loading of class I MHC",23,0.6170287361407356,2.1769043441201443,0.001998001998001998,18,TAPBP;TAP1;TAP2;HLA-B;PIK3R4;HLA-C;B2M;HLA-A;CALR;SEC23A;HSPA5;ERAP1;CANX;SEC31A;SEC13;PDIA3;SEC24A;SEC24C,B2M;BCAP31;CALR;CANX;ERAP1;HLA-A;HLA-B;HLA-C;HSPA5;PDIA3;PIK3C3;PIK3R4;SAR1B;SEC13;SEC23A;SEC24A;SEC24B;SEC24C;SEC24D;SEC31A;TAP1;TAP2;TAPBP,0.00873986348846684
R-HSA-69206,G1/S Transition,57,0.4738171278599625,2.1583978117040528,0.001998001998001998,38,PCNA;MCM7;PSMD2;PSMB9;PSMB8;PSME2;MCM3;PSMD11;PSMD13;PSME3;MCM6;PSMB3;MCM2;PSMA4;PSMB2;PSMD7;PSME1;PSMD12;PSMC2;PSMA6;PSMB10;PSMD6;PSMA3;PSMC6;MCM5;PSMD1;HDAC1;CUL1;PSMD14;SKP1;PSMA7;PSMB1;PSMC1;RPA3;PSMD3;PSMA2;PSMD8;RBBP4,CUL1;HDAC1;MCM2;MCM3;MCM5;MCM6;MCM7;PCNA;PPP2CB;PPP2R1A;PSMA1;PSMA2;PSMA3;PSMA4;PSMA5;PSMA6;PSMA7;PSMB1;PSMB10;PSMB2;PSMB3;PSMB4;PSMB5;PSMB6;PSMB7;PSMB8;PSMB9;PSMC1;PSMC2;PSMC3;PSMC4;PSMC5;PSMC6;PSMD1;PSMD10;PSMD11;PSMD12;PSMD13;PSMD14;PSMD2;PSMD3;PSMD4;PSMD5;PSMD6;PSMD7;PSMD8;PSMD9;PSME1;PSME2;PSME3;PSMF1;PTK6;RBBP4;RPA1;RPA2;RPA3;SKP1,0.00873986348846684
R-HSA-69052,Switching of origins to a post-replicative state,49,0.5037383423539945,2.1510819601620796,0.001998001998001998,31,MCM7;PSMD2;PSMB9;PSMB8;PSME2;MCM3;PSMD11;PSMD13;PSME3;MCM6;PSMB3;MCM2;PSMA4;PSMB2;PSMD7;PSME1;PSMD12;PSMC2;PSMA6;PSMB10;PSMD6;PSMA3;PSMC6;MCM5;PSMD1;CUL1;PSMD14;SKP1;PSMA7;PSMB1;PSMC1,CUL1;MCM2;MCM3;MCM5;MCM6;MCM7;PSMA1;PSMA2;PSMA3;PSMA4;PSMA5;PSMA6;PSMA7;PSMB1;PSMB10;PSMB2;PSMB3;PSMB4;PSMB5;PSMB6;PSMB7;PSMB8;PSMB9;PSMC1;PSMC2;PSMC3;PSMC4;PSMC5;PSMC6;PSMD1;PSMD10;PSMD11;PSMD12;PSMD13;PSMD14;PSMD2;PSMD3;PSMD4;PSMD5;PSMD6;PSMD7;PSMD8;PSMD9;PSME1;PSME2;PSME3;PSMF1;RBX1;SKP1,0.00873986348846684
R-HSA-113418,Formation of the Early Elongation Complex,11,0.759592935727179,2.1373265282777725,0.001998001998001998,8,GTF2F1;POLR2B;GTF2F2;POLR2H;NELFB;POLR2A;POLR2E;SUPT4H1,GTF2F1;GTF2F2;NELFB;POLR2A;POLR2B;POLR2C;POLR2E;POLR2H;POLR2I;SUPT4H1;SUPT5H,0.00873986348846684
R-HSA-9772573,Late SARS-CoV-2 Infection Events,22,0.6108590163567076,2.13085551889708,0.001998001998001998,18,PARP9;CSNK1A1;MOGS;PRMT1;STT3A;GANAB;RPN1;DAD1;PRKCSH;RPN2;DDOST;CANX;MAN2A1;PARP4;GSK3B;UBE2I;PARP14;MGAT1,ANO10;ANO6;CANX;CSNK1A1;DAD1;DDOST;GANAB;GSK3B;MAGT1;MAN2A1;MGAT1;MOGS;PARP14;PARP4;PARP9;PRKCSH;PRMT1;RPN1;RPN2;STT3A;SUMO1;UBE2I,0.00873986348846684
R-HSA-9678108,SARS-CoV-1 Infection,81,0.4484285683268222,2.120411064453092,0.001998001998001998,55,DDX5;YWHAH;PARP9;PIK3R4;MOGS;PYCARD;PPIB;RPS15A;RIGI;RPS3A;RPS11;YWHAQ;GANAB;RPS2;RPS6;RPS27;PCBP2;PRKCSH;TRIM25;SFN;RPS8;RPS5;RPS4X;YWHAZ;RPS3;RPS9;KPNB1;NPM1;CHMP4B;RPS26;RPS17;RPS12;CANX;HNRNPA1;RPS23;RELA;ITCH;BST2;PSMC6;RPS29;RPS7;RPS13;PARP4;GSK3B;RPS16;NFKB1;UBE2I;KPNA2;YWHAB;RPS25;RPS20;PARP14;VCP;RPS18;MGAT1,BST2;CANX;CASP1;CAV1;CHMP2A;CHMP3;CHMP4A;CHMP4B;DDX5;FAU;FKBP1A;GANAB;GSK3B;HNRNPA1;ITCH;KPNA2;KPNB1;MAVS;MGAT1;MOGS;NFKB1;NPM1;PARP14;PARP4;PARP9;PCBP2;PIK3C3;PIK3R4;PPIA;PPIB;PPIH;PRKCSH;PSMC6;PYCARD;RELA;RIGI;RPS10;RPS11;RPS12;RPS13;RPS14;RPS15;RPS15A;RPS16;RPS17;RPS18;RPS19;RPS2;RPS20;RPS21;RPS23;RPS24;RPS25;RPS26;RPS27;RPS27L;RPS28;RPS29;RPS3;RPS3A;RPS4X;RPS5;RPS6;RPS7;RPS8;RPS9;RPSA;SFN;STING1;SUMO1;TKFC;TOMM70;TRIM25;UBE2I;VCP;YWHAB;YWHAE;YWHAG;YWHAH;YWHAQ;YWHAZ,0.00873986348846684
R-HSA-453276,Regulation of mitotic cell cycle,44,0.49086421270110675,2.107136330048071,0.001998001998001998,30,BUB3;PSMD2;PSMB9;PSMB8;PSME2;PSMD11;PSMD13;PSME3;PSMB3;PSMA4;PSMB2;PSMD7;PSME1;PSMD12;PSMC2;PSMA6;PSMB10;PSMD6;PSMA3;PSMC6;PSMD1;CUL1;PSMD14;SKP1;PSMA7;PSMB1;PSMC1;PSMD3;PSMA2;PSMD8,BUB3;CUL1;PSMA1;PSMA2;PSMA3;PSMA4;PSMA5;PSMA6;PSMA7;PSMB1;PSMB10;PSMB2;PSMB3;PSMB4;PSMB5;PSMB6;PSMB7;PSMB8;PSMB9;PSMC1;PSMC2;PSMC3;PSMC4;PSMC5;PSMC6;PSMD1;PSMD10;PSMD11;PSMD12;PSMD13;PSMD14;PSMD2;PSMD3;PSMD4;PSMD5;PSMD6;PSMD7;PSMD8;PSMD9;PSME1;PSME2;PSME3;PSMF1;SKP1,0.00873986348846684
R-HSA-69239,Synthesis of DNA,56,0.47277539958083353,2.10426454427155,0.001998001998001998,38,PCNA;MCM7;RFC4;PSMD2;PSMB9;FEN1;PSMB8;PSME2;MCM3;PSMD11;PSMD13;PSME3;MCM6;PSMB3;MCM2;PSMA4;PSMB2;PSMD7;PSME1;PSMD12;PSMC2;PSMA6;PSMB10;PSMD6;PSMA3;PSMC6;MCM5;PSMD1;CUL1;PSMD14;SKP1;PSMA7;PSMB1;PSMC1;RPA3;PSMD3;PSMA2;PSMD8,CUL1;FEN1;MCM2;MCM3;MCM5;MCM6;MCM7;PCNA;PSMA1;PSMA2;PSMA3;PSMA4;PSMA5;PSMA6;PSMA7;PSMB1;PSMB10;PSMB2;PSMB3;PSMB4;PSMB5;PSMB6;PSMB7;PSMB8;PSMB9;PSMC1;PSMC2;PSMC3;PSMC4;PSMC5;PSMC6;PSMD1;PSMD10;PSMD11;PSMD12;PSMD13;PSMD14;PSMD2;PSMD3;PSMD4;PSMD5;PSMD6;PSMD7;PSMD8;PSMD9;PSME1;PSME2;PSME3;PSMF1;RBX1;RFC1;RFC4;RPA1;RPA2;RPA3;SKP1,0.00873986348846684
R-HSA-6784531,tRNA processing in the nucleus,34,0.5251869163081679,2.101916460120136,0.001998001998001998,21,NUP155;RAN;CPSF1;NUP188;CSTF2;XPOT;NUP93;NUP160;NUP35;NUP153;NUP133;NUP88;NUP62;SEH1L;NUP214;NUP54;SEC13;NUP50;FAM98B;TPR;RANBP2,AAAS;CPSF1;CSTF2;DDX1;FAM98B;NUP107;NUP133;NUP153;NUP155;NUP160;NUP188;NUP205;NUP210;NUP214;NUP35;NUP43;NUP50;NUP54;NUP62;NUP85;NUP88;NUP93;NUP98;RAE1;RAN;RANBP2;RPP38;RTCB;RTRAF;SEC13;SEH1L;TPR;TRNT1;XPOT,0.00873986348846684
R-HSA-168333,NEP/NS2 Interacts with the Cellular Export Machinery,26,0.5715515714611487,2.0980472207631706,0.001998001998001998,18,NUP155;RAN;NUP188;NUP93;XPO1;NUP160;NUP35;NUP153;NUP133;NUP88;NUP62;SEH1L;NUP214;NUP54;SEC13;NUP50;TPR;RANBP2,AAAS;NUP107;NUP133;NUP153;NUP155;NUP160;NUP188;NUP205;NUP210;NUP214;NUP35;NUP43;NUP50;NUP54;NUP62;NUP85;NUP88;NUP93;NUP98;RAE1;RAN;RANBP2;SEC13;SEH1L;TPR;XPO1,0.00873986348846684
R-HSA-1236974,ER-Phagosome pathway,67,0.44525904518283693,2.095614453958126,0.001998001998001998,32,TAPBP;TAP1;SEC61A1;TAP2;HLA-B;PSMD2;HLA-C;PSMB9;B2M;PSMB8;HLA-A;SEC61B;PSME2;PSMD11;PSMD13;PSME3;CALR;PSMB3;PSMA4;PSMB2;PSMD7;PSME1;PSMD12;PSMC2;PSMA6;PSMB10;PSMD6;PSMA3;PSMC6;SNAP23;PDIA3;PSMD1,B2M;CALR;CD14;CD36;FGA;FGB;FGG;HLA-A;HLA-B;HLA-C;HMGB1;IKBKG;PDIA3;PSMA1;PSMA2;PSMA3;PSMA4;PSMA5;PSMA6;PSMA7;PSMB1;PSMB10;PSMB2;PSMB3;PSMB4;PSMB5;PSMB6;PSMB7;PSMB8;PSMB9;PSMC1;PSMC2;PSMC3;PSMC4;PSMC5;PSMC6;PSMD1;PSMD10;PSMD11;PSMD12;PSMD13;PSMD14;PSMD2;PSMD3;PSMD4;PSMD5;PSMD6;PSMD7;PSMD8;PSMD9;PSME1;PSME2;PSME3;PSMF1;S100A1;S100A8;S100A9;SEC22B;SEC61A1;SEC61B;SNAP23;STX4;TAP1;TAP2;TAPBP;VAMP3;VAMP8,0.00873986348846684
R-HSA-3232142,SUMOylation of ubiquitinylation proteins,27,0.5630999392185173,2.071508956788521,0.001998001998001998,18,PML;NUP155;NUP188;NUP93;NUP160;NUP35;NUP153;NUP133;NUP88;NUP62;SEH1L;NUP214;NUP54;SEC13;NUP50;TPR;UBE2I;RANBP2,AAAS;NUP107;NUP133;NUP153;NUP155;NUP160;NUP188;NUP205;NUP210;NUP214;NUP35;NUP43;NUP50;NUP54;NUP62;NUP85;NUP88;NUP93;NUP98;PML;RAE1;RANBP2;SEC13;SEH1L;SUMO1;TPR;UBE2I,0.00873986348846684
R-HSA-9694548,Maturation of spike protein_9694548,12,0.7134565202449605,2.0687436703863646,0.001998001998001998,10,MOGS;STT3A;GANAB;RPN1;DAD1;PRKCSH;RPN2;DDOST;CANX;MAN2A1,CANX;DAD1;DDOST;GANAB;MAGT1;MAN2A1;MGAT1;MOGS;PRKCSH;RPN1;RPN2;STT3A,0.00873986348846684
R-HSA-5607764,CLEC7A (Dectin-1) signaling,59,0.46026847142809285,2.0348034439778515,0.001998001998001998,38,NFKB2;PSMD2;PYCARD;PSMB9;PSMB8;PSME2;PSMD11;PSMD13;PSME3;PSMB3;PSMA4;PSMB2;PRKCD;PSMD7;PSME1;PSMD12;PSMC2;PSMA6;PSMB10;PSMD6;PSMA3;RELA;PSMC6;SRC;PSMD1;PLCG2;CUL1;PSMD14;NFKB1;SKP1;PSMA7;PSMB1;PSMC1;PSMD3;PSMA2;ITPR3;PSMD8;SYK,CUL1;IKBKG;ITPR2;ITPR3;NFKB1;NFKB2;PLCG2;PPP3CA;PRKCD;PSMA1;PSMA2;PSMA3;PSMA4;PSMA5;PSMA6;PSMA7;PSMB1;PSMB10;PSMB2;PSMB3;PSMB4;PSMB5;PSMB6;PSMB7;PSMB8;PSMB9;PSMC1;PSMC2;PSMC3;PSMC4;PSMC5;PSMC6;PSMD1;PSMD10;PSMD11;PSMD12;PSMD13;PSMD14;PSMD2;PSMD3;PSMD4;PSMD5;PSMD6;PSMD7;PSMD8;PSMD9;PSME1;PSME2;PSME3;PSMF1;PYCARD;RELA;SKP1;SRC;SYK;UBA3;UBE2M;UBE2N;UBE2V1,0.00873986348846684
R-HSA-159234,Transport of Mature mRNAs Derived from Intronless Transcripts,31,0.5257425301968581,2.0261127571438338,0.001998001998001998,19,NUP155;CPSF3;CPSF1;NUP188;NUP93;NUP160;NUP35;NUP153;NUP133;NUP88;NUP62;SEH1L;NUP214;NUP54;SEC13;NUP50;SYMPK;TPR;RANBP2,AAAS;ALYREF;CPSF1;CPSF2;CPSF3;EIF4E;FIP1L1;NUP107;NUP133;NUP153;NUP155;NUP160;NUP188;NUP205;NUP210;NUP214;NUP35;NUP43;NUP50;NUP54;NUP62;NUP85;NUP88;NUP93;NUP98;RAE1;RANBP2;SEC13;SEH1L;SYMPK;TPR,0.00873986348846684
R-HSA-9762114,GSK3B and BTRC:CUL1-mediated-degradation of NFE2L2,45,0.476154046487246,2.0244784639546576,0.001998001998001998,30,PSMD2;PSMB9;PSMB8;PSME2;PSMD11;PSMD13;PSME3;PSMB3;PSMA4;PSMB2;PSMD7;PSME1;PSMD12;PSMC2;PSMA6;PSMB10;PSMD6;PSMA3;PSMC6;PSMD1;GSK3B;CUL1;PSMD14;SKP1;PSMA7;PSMB1;PSMC1;PSMD3;PSMA2;PSMD8,CUL1;GSK3B;PSMA1;PSMA2;PSMA3;PSMA4;PSMA5;PSMA6;PSMA7;PSMB1;PSMB10;PSMB2;PSMB3;PSMB4;PSMB5;PSMB6;PSMB7;PSMB8;PSMB9;PSMC1;PSMC2;PSMC3;PSMC4;PSMC5;PSMC6;PSMD1;PSMD10;PSMD11;PSMD12;PSMD13;PSMD14;PSMD2;PSMD3;PSMD4;PSMD5;PSMD6;PSMD7;PSMD8;PSMD9;PSME1;PSME2;PSME3;PSMF1;RBX1;SKP1,0.00873986348846684
R-HSA-69601,Ubiquitin Mediated Degradation of Phosphorylated Cdc25A,41,0.4760921864953522,2.0144844193155858,0.001998001998001998,27,PSMD2;PSMB9;PSMB8;PSME2;PSMD11;PSMD13;PSME3;PSMB3;PSMA4;PSMB2;PSMD7;PSME1;PSMD12;PSMC2;PSMA6;PSMB10;PSMD6;PSMA3;PSMC6;PSMD1;PSMD14;PSMA7;PSMB1;PSMC1;PSMD3;PSMA2;PSMD8,PSMA1;PSMA2;PSMA3;PSMA4;PSMA5;PSMA6;PSMA7;PSMB1;PSMB10;PSMB2;PSMB3;PSMB4;PSMB5;PSMB6;PSMB7;PSMB8;PSMB9;PSMC1;PSMC2;PSMC3;PSMC4;PSMC5;PSMC6;PSMD1;PSMD10;PSMD11;PSMD12;PSMD13;PSMD14;PSMD2;PSMD3;PSMD4;PSMD5;PSMD6;PSMD7;PSMD8;PSMD9;PSME1;PSME2;PSME3;PSMF1,0.00873986348846684
R-HSA-174113,SCF-beta-TrCP mediated degradation of Emi1,43,0.4816675561740172,2.0060869493758817,0.001998001998001998,29,PSMD2;PSMB9;PSMB8;PSME2;PSMD11;PSMD13;PSME3;PSMB3;PSMA4;PSMB2;PSMD7;PSME1;PSMD12;PSMC2;PSMA6;PSMB10;PSMD6;PSMA3;PSMC6;PSMD1;CUL1;PSMD14;SKP1;PSMA7;PSMB1;PSMC1;PSMD3;PSMA2;PSMD8,CUL1;PSMA1;PSMA2;PSMA3;PSMA4;PSMA5;PSMA6;PSMA7;PSMB1;PSMB10;PSMB2;PSMB3;PSMB4;PSMB5;PSMB6;PSMB7;PSMB8;PSMB9;PSMC1;PSMC2;PSMC3;PSMC4;PSMC5;PSMC6;PSMD1;PSMD10;PSMD11;PSMD12;PSMD13;PSMD14;PSMD2;PSMD3;PSMD4;PSMD5;PSMD6;PSMD7;PSMD8;PSMD9;PSME1;PSME2;PSME3;PSMF1;SKP1,0.00873986348846684
R-HSA-176814,Activation of APC/C and APC/C:Cdc20 mediated degradation of mitotic proteins,42,0.4884554551537088,1.9988451740615656,0.001998001998001998,20,BUB3;PSMD2;PSMB9;PSMB8;PSME2;PSMD11;PSMD13;PSME3;PSMB3;PSMA4;PSMB2;PSMD7;PSME1;PSMD12;PSMC2;PSMA6;PSMB10;PSMD6;PSMA3;PSMC6,BUB3;PSMA1;PSMA2;PSMA3;PSMA4;PSMA5;PSMA6;PSMA7;PSMB1;PSMB10;PSMB2;PSMB3;PSMB4;PSMB5;PSMB6;PSMB7;PSMB8;PSMB9;PSMC1;PSMC2;PSMC3;PSMC4;PSMC5;PSMC6;PSMD1;PSMD10;PSMD11;PSMD12;PSMD13;PSMD14;PSMD2;PSMD3;PSMD4;PSMD5;PSMD6;PSMD7;PSMD8;PSMD9;PSME1;PSME2;PSME3;PSMF1,0.00873986348846684
R-HSA-9679506,SARS-CoV Infections,204,0.35527058791874583,1.9951930090213812,0.001998001998001998,91,ISG15;STAT1;DDX5;STAT2;HSP90AB1;YWHAH;AP2A1;NUP155;PARP9;HLA-B;PIK3R4;PTGES3;CSNK1A1;G3BP1;HLA-C;SNRPD1;MOGS;PYCARD;B2M;PPIB;PRMT1;HLA-A;RPS15A;CNBP;RIGI;RPS3A;RPS11;STT3A;YWHAQ;GANAB;RPS2;SEC23A;RPN1;NUP188;SNRPD2;RPS6;RPS27;DAD1;NUP93;PCBP2;PRKCSH;TUBB;ITGB1;TRIM25;SFN;RPS8;AP2B1;RPS5;RPS4X;G3BP2;YWHAZ;RPN2;RPS3;VPS33B;SNRPF;ATP1B3;HSP90AA1;RPS9;NUP160;DDOST;KPNB1;NPM1;CHMP4B;NUP35;RPS26;NUP153;NUP133;RPS17;NUP88;RPS12;CANX;HNRNPA1;NUP62;VPS45;MAN2A1;VPS33A;RPS23;PTPN6;RELA;VPS16;ITCH;SEH1L;BST2;PSMC6;RPS29;NUP214;RPS7;NUP54;RPS13;SEC13;RBBP7,AAAS;AGRN;ANO10;ANO6;AP2A1;AP2A2;AP2B1;AP2M1;AP2S1;ATP1A1;ATP1A2;ATP1B1;ATP1B3;B2M;BST2;CANX;CASP1;CAV1;CHD4;CHMP2A;CHMP3;CHMP4A;CHMP4B;CNBP;COMT;CSNK1A1;CUL3;DAD1;DDOST;DDX5;FAU;FKBP1A;FKBP4;FNTA;FNTB;G3BP1;G3BP2;GANAB;GPC1;GRB2;GSK3B;HDAC1;HLA-A;HLA-B;HLA-C;HNRNPA1;HSP90AA1;HSP90AB1;HSPG2;IGHM;IGHV3-7;IGKC;IGKV1-5;IGKV3-20;IGKV3D-20;IGKV4-1;IGLV1-40;IGLV1-47;IGLV1-51;IGLV3-19;IKBKG;IMPDH2;ISG15;ITCH;ITGB1;KDM1A;KEAP1;KPNA2;KPNB1;LARP1;MAGT1;MAN2A1;MAVS;MGAT1;MOGS;MTA2;NCK1;NFKB1;NOD1;NPM1;NRP1;NUP107;NUP133;NUP153;NUP155;NUP160;NUP188;NUP205;NUP210;NUP214;NUP35;NUP43;NUP50;NUP54;NUP62;NUP85;NUP88;NUP93;NUP98;PARP14;PARP4;PARP9;PCBP2;PIK3C3;PIK3R4;PLCG2;PPIA;PPIB;PPIH;PRKCSH;PRMT1;PSMC6;PTGES3;PTPN11;PTPN6;PYCARD;RAE1;RANBP2;RBBP4;RBBP7;RBX1;RELA;RIGI;ROCK1;ROCK2;RPN1;RPN2;RPS10;RPS11;RPS12;RPS13;RPS14;RPS15;RPS15A;RPS16;RPS17;RPS18;RPS19;RPS2;RPS20;RPS21;RPS23;RPS24;RPS25;RPS26;RPS27;RPS27L;RPS28;RPS29;RPS3;RPS3A;RPS4X;RPS5;RPS6;RPS7;RPS8;RPS9;RPSA;SAP18;SAR1B;SDC1;SEC13;SEC23A;SEC24A;SEC24B;SEC24C;SEC24D;SEH1L;SFN;SH3KBP1;SNRPD1;SNRPD2;SNRPD3;SNRPE;SNRPF;STAT1;STAT2;STING1;STT3A;SUMO1;SYK;TJP1;TKFC;TOMM70;TPR;TRIM25;TUBB;TUFM;UBE2I;UBE2N;UBE2V1;VCP;VPS11;VPS16;VPS18;VPS33A;VPS33B;VPS45;YWHAB;YWHAE;YWHAG;YWHAH;YWHAQ;YWHAZ,0.00873986348846684
R-HSA-9604323,Negative regulation of NOTCH4 signaling,45,0.4780966845192609,1.9946390660979865,0.001998001998001998,30,PSMD2;PSMB9;PSMB8;PSME2;PSMD11;PSMD13;PSME3;PSMB3;PSMA4;PSMB2;PSMD7;YWHAZ;PSME1;PSMD12;PSMC2;PSMA6;PSMB10;PSMD6;PSMA3;PSMC6;PSMD1;CUL1;PSMD14;SKP1;PSMA7;PSMB1;PSMC1;PSMD3;PSMA2;PSMD8,CUL1;PSMA1;PSMA2;PSMA3;PSMA4;PSMA5;PSMA6;PSMA7;PSMB1;PSMB10;PSMB2;PSMB3;PSMB4;PSMB5;PSMB6;PSMB7;PSMB8;PSMB9;PSMC1;PSMC2;PSMC3;PSMC4;PSMC5;PSMC6;PSMD1;PSMD10;PSMD11;PSMD12;PSMD13;PSMD14;PSMD2;PSMD3;PSMD4;PSMD5;PSMD6;PSMD7;PSMD8;PSMD9;PSME1;PSME2;PSME3;PSMF1;RBX1;SKP1;YWHAZ,0.00873986348846684
R-HSA-6803529,FGFR2 alternative splicing,17,0.6056277220485051,1.9609934423600954,0.001998001998001998,10,GTF2F1;PTBP1;POLR2B;HNRNPF;GTF2F2;POLR2H;POLR2A;HNRNPM;HNRNPH1;POLR2E,ESRP1;ESRP2;GTF2F1;GTF2F2;HNRNPA1;HNRNPF;HNRNPH1;HNRNPM;POLR2A;POLR2B;POLR2C;POLR2E;POLR2H;POLR2I;PTBP1;TIA1;TIAL1,0.00873986348846684
R-HSA-2555396,Mitotic Metaphase and Anaphase,117,0.3863684416388578,1.9549823515215463,0.001998001998001998,50,TUBB3;RCC2;TNPO1;NUP155;TUBA4B;BUB3;RCC1;MAPRE1;PSMD2;TUBB6;PSMB9;RANGAP1;RAN;PSMB8;PSME2;PSMD11;PSMD13;PSME3;NUDC;NUP188;PSMB3;RPS27;PSMA4;NUP93;PSMB2;KIF2A;PPP2R5E;TUBA1C;PSMD7;PSME1;PSMD12;XPO1;NUP160;KPNB1;PSMC2;CHMP4B;NUP35;PSMA6;NUP133;CKAP5;PSMB10;NUP62;PSMD6;PSMA3;SEH1L;PSMC6;NUP54;SEC13;PDS5B;PAFAH1B1,BANF1;BUB3;CHMP2A;CHMP3;CHMP4A;CHMP4B;CKAP5;CLASP1;CLIP1;DYNC1H1;DYNC1I2;DYNC1LI1;DYNC1LI2;DYNLL2;EMD;IST1;KIF2A;KPNB1;LBR;LEMD2;LMNA;LMNB1;MAPRE1;NUDC;NUP107;NUP133;NUP155;NUP160;NUP188;NUP205;NUP35;NUP43;NUP54;NUP62;NUP85;NUP93;NUP98;PAFAH1B1;PDS5A;PDS5B;PPP1CC;PPP2CB;PPP2R1A;PPP2R2A;PPP2R5A;PPP2R5D;PPP2R5E;PSMA1;PSMA2;PSMA3;PSMA4;PSMA5;PSMA6;PSMA7;PSMB1;PSMB10;PSMB2;PSMB3;PSMB4;PSMB5;PSMB6;PSMB7;PSMB8;PSMB9;PSMC1;PSMC2;PSMC3;PSMC4;PSMC5;PSMC6;PSMD1;PSMD10;PSMD11;PSMD12;PSMD13;PSMD14;PSMD2;PSMD3;PSMD4;PSMD5;PSMD6;PSMD7;PSMD8;PSMD9;PSME1;PSME2;PSME3;PSMF1;RAD21;RAN;RANBP2;RANGAP1;RCC1;RCC2;RPS27;SEC13;SEH1L;SIRT2;SMC1A;SMC3;STAG1;SUMO1;TAOK1;TMPO;TNPO1;TUBA1C;TUBA4A;TUBA4B;TUBB2A;TUBB3;TUBB4A;TUBB4B;TUBB6;UBE2I;VPS4A;XPO1;ZW10,0.00873986348846684
R-HSA-69615,G1/S DNA Damage Checkpoints,41,0.4760921864953522,1.9433447643371666,0.001998001998001998,27,PSMD2;PSMB9;PSMB8;PSME2;PSMD11;PSMD13;PSME3;PSMB3;PSMA4;PSMB2;PSMD7;PSME1;PSMD12;PSMC2;PSMA6;PSMB10;PSMD6;PSMA3;PSMC6;PSMD1;PSMD14;PSMA7;PSMB1;PSMC1;PSMD3;PSMA2;PSMD8,PSMA1;PSMA2;PSMA3;PSMA4;PSMA5;PSMA6;PSMA7;PSMB1;PSMB10;PSMB2;PSMB3;PSMB4;PSMB5;PSMB6;PSMB7;PSMB8;PSMB9;PSMC1;PSMC2;PSMC3;PSMC4;PSMC5;PSMC6;PSMD1;PSMD10;PSMD11;PSMD12;PSMD13;PSMD14;PSMD2;PSMD3;PSMD4;PSMD5;PSMD6;PSMD7;PSMD8;PSMD9;PSME1;PSME2;PSME3;PSMF1,0.00873986348846684
R-HSA-9692914,SARS-CoV-1-host interactions,63,0.4365186219023235,1.9392305885743681,0.001998001998001998,34,YWHAH;PYCARD;PPIB;RPS15A;RIGI;RPS3A;RPS11;YWHAQ;RPS2;RPS6;RPS27;PCBP2;TRIM25;SFN;RPS8;RPS5;RPS4X;YWHAZ;RPS3;RPS9;KPNB1;NPM1;RPS26;RPS17;RPS12;HNRNPA1;RPS23;RELA;ITCH;BST2;PSMC6;RPS29;RPS7;RPS13,BST2;CASP1;CAV1;FAU;FKBP1A;HNRNPA1;ITCH;KPNA2;KPNB1;MAVS;NFKB1;NPM1;PCBP2;PPIA;PPIB;PPIH;PSMC6;PYCARD;RELA;RIGI;RPS10;RPS11;RPS12;RPS13;RPS14;RPS15;RPS15A;RPS16;RPS17;RPS18;RPS19;RPS2;RPS20;RPS21;RPS23;RPS24;RPS25;RPS26;RPS27;RPS27L;RPS28;RPS29;RPS3;RPS3A;RPS4X;RPS5;RPS6;RPS7;RPS8;RPS9;RPSA;SFN;STING1;TKFC;TOMM70;TRIM25;UBE2I;YWHAB;YWHAE;YWHAG;YWHAH;YWHAQ;YWHAZ,0.00873986348846684
R-HSA-1640170,Cell Cycle,214,0.34045700862997885,1.9318278761776135,0.001998001998001998,90,TUBB3;PCNA;RCC2;HSP90AB1;TNPO1;YWHAH;NUP155;TUBA4B;BUB3;RCC1;MAPRE1;MCM7;RFC4;PSMD2;TUBB6;RUVBL1;POLR2B;PSMB9;FEN1;RANGAP1;RAN;PSMB8;CSNK2A2;PSME2;MCM3;POLR2H;PSMD11;PSMD13;SET;PSME3;NUDC;YWHAQ;MCM6;NUP188;PSMB3;MCM2;RPS27;RUVBL2;PSMA4;NUP93;PSMB2;TUBB;KIF2A;POLR2A;PPP2R5E;SFN;TUBA1C;POLR2E;CSNK2B;PSMD7;YWHAZ;HSP90AA1;PSME1;PSMD12;XPO1;NUP160;KPNB1;PSMC2;NPM1;CHMP4B;NUP35;PPME1;RSF1;NUP153;PSMA6;NUP133;DKC1;CKAP5;NUP88;PSMB10;NUP62;EML4;PSMD6;PPP6R3;MRE11;PSMA3;SEH1L;GAR1;NHP2;PSMC6;SRC;NUP214;NUP54;SEC13;PDS5B;RBBP7;PAFAH1B1;NUP50;SMC2;MCM5,AAAS;ACTR1A;ARPP19;BANF1;BUB3;CHMP2A;CHMP3;CHMP4A;CHMP4B;CKAP5;CLASP1;CLIP1;CSNK2A2;CSNK2B;CUL1;DCTN1;DCTN2;DCTN3;DKC1;DYNC1H1;DYNC1I2;DYNC1LI1;DYNC1LI2;DYNLL2;EMD;EML4;ENSA;FEN1;GAR1;GOLGA2;GORASP2;GSK3B;H4C1;HDAC1;HSP90AA1;HSP90AB1;HSPA2;IST1;KIF2A;KPNB1;LBR;LEMD2;LMNA;LMNB1;MAPK1;MAPK3;MAPRE1;MCM2;MCM3;MCM5;MCM6;MCM7;MRE11;NCAPD2;NEK9;NHP2;NPM1;NUDC;NUMA1;NUP107;NUP133;NUP153;NUP155;NUP160;NUP188;NUP205;NUP210;NUP214;NUP35;NUP43;NUP50;NUP54;NUP62;NUP85;NUP88;NUP93;NUP98;OPTN;PAFAH1B1;PCM1;PCNA;PDS5A;PDS5B;POLR2A;POLR2B;POLR2C;POLR2E;POLR2H;POLR2I;PPME1;PPP1CB;PPP1CC;PPP1R12A;PPP2CB;PPP2R1A;PPP2R2A;PPP2R5A;PPP2R5D;PPP2R5E;PPP6C;PPP6R3;PRKACA;PSMA1;PSMA2;PSMA3;PSMA4;PSMA5;PSMA6;PSMA7;PSMB1;PSMB10;PSMB2;PSMB3;PSMB4;PSMB5;PSMB6;PSMB7;PSMB8;PSMB9;PSMC1;PSMC2;PSMC3;PSMC4;PSMC5;PSMC6;PSMD1;PSMD10;PSMD11;PSMD12;PSMD13;PSMD14;PSMD2;PSMD3;PSMD4;PSMD5;PSMD6;PSMD7;PSMD8;PSMD9;PSME1;PSME2;PSME3;PSMF1;PTK6;RAB1A;RAB1B;RAB2A;RAB8A;RAD21;RAD50;RAE1;RAN;RANBP2;RANGAP1;RBBP4;RBBP7;RBX1;RCC1;RCC2;RFC1;RFC4;RPA1;RPA2;RPA3;RPS27;RSF1;RUVBL1;RUVBL2;SEC13;SEH1L;SET;SFN;SIRT2;SKP1;SMARCA5;SMC1A;SMC2;SMC3;SRC;STAG1;SUMO1;SUN1;SUN2;SYNE1;SYNE2;TAOK1;TMPO;TNPO1;TOP2A;TP53BP1;TPR;TUBA1C;TUBA4A;TUBA4B;TUBB;TUBB2A;TUBB3;TUBB4A;TUBB4B;TUBB6;TUBGCP2;UBE2I;UBE2N;UBE2V2;USO1;VPS4A;XPO1;YWHAB;YWHAE;YWHAG;YWHAH;YWHAQ;YWHAZ;ZW10,0.00873986348846684
R-HSA-9824272,Somitogenesis,42,0.4615499417310845,1.9159778491889272,0.001998001998001998,27,PSMD2;PSMB9;PSMB8;PSME2;PSMD11;PSMD13;PSME3;PSMB3;PSMA4;PSMB2;PSMD7;PSME1;PSMD12;PSMC2;PSMA6;PSMB10;PSMD6;PSMA3;PSMC6;PSMD1;PSMD14;PSMA7;PSMB1;PSMC1;PSMD3;PSMA2;PSMD8,CTNNB1;PSMA1;PSMA2;PSMA3;PSMA4;PSMA5;PSMA6;PSMA7;PSMB1;PSMB10;PSMB2;PSMB3;PSMB4;PSMB5;PSMB6;PSMB7;PSMB8;PSMB9;PSMC1;PSMC2;PSMC3;PSMC4;PSMC5;PSMC6;PSMD1;PSMD10;PSMD11;PSMD12;PSMD13;PSMD14;PSMD2;PSMD3;PSMD4;PSMD5;PSMD6;PSMD7;PSMD8;PSMD9;PSME1;PSME2;PSME3;PSMF1,0.00873986348846684
R-HSA-5610783,Degradation of GLI2 by the proteasome,47,0.4450041483977909,1.9056745743429522,0.001998001998001998,28,CSNK1A1;PSMD2;PSMB9;PSMB8;PSME2;PSMD11;PSMD13;PSME3;PSMB3;PSMA4;PSMB2;PSMD7;PSME1;PSMD12;PSMC2;PSMA6;PSMB10;PSMD6;PSMA3;PSMC6;PSMD1;GSK3B;CUL1;PSMD14;SKP1;PSMA7;PSMB1;PSMC1,CSNK1A1;CUL1;GSK3B;PRKACA;PSMA1;PSMA2;PSMA3;PSMA4;PSMA5;PSMA6;PSMA7;PSMB1;PSMB10;PSMB2;PSMB3;PSMB4;PSMB5;PSMB6;PSMB7;PSMB8;PSMB9;PSMC1;PSMC2;PSMC3;PSMC4;PSMC5;PSMC6;PSMD1;PSMD10;PSMD11;PSMD12;PSMD13;PSMD14;PSMD2;PSMD3;PSMD4;PSMD5;PSMD6;PSMD7;PSMD8;PSMD9;PSME1;PSME2;PSME3;PSMF1;RBX1;SKP1,0.00873986348846684
R-HSA-71387,Metabolism of carbohydrates,109,-0.3781360345979267,-1.5767492878483513,0.001998001998001998,33,GYG1;TPI1;AKR1B1;GPI;GOT2;SLC25A11;ENO3;ALDOA;PGD;TKFC;SLC25A12;MDH2;PFKM;GAPDH;HK1;UGP2;HSPG2;PRKACA;AGL;PYGM;AKR1A1;GBE1;PGM1;ALDOC;MDH1;GOT1;BGN;DCXR;ALDH1A1;LUM;DCN;OGN;PRELP,AAAS;AGL;AGRN;AKR1A1;AKR1B1;ALDH1A1;ALDOA;ALDOC;BGN;BPGM;CD44;CHP1;CSPG4;DCN;DCXR;DERA;ENO1;ENO2;ENO3;FBP1;FMOD;G6PD;GAA;GALK1;GAPDH;GBE1;GLB1;GNPDA1;GNS;GOT1;GOT2;GPC1;GPI;GUSB;GYG1;GYS1;HEXA;HEXB;HK1;HK2;HSPG2;LUM;MAN2B1;MAN2C1;MDH1;MDH2;NUP107;NUP133;NUP153;NUP155;NUP160;NUP188;NUP205;NUP210;NUP214;NUP35;NUP43;NUP50;NUP54;NUP62;NUP85;NUP88;NUP93;NUP98;OGN;PAPSS1;PC;PCK2;PFKL;PFKM;PFKP;PGAM1;PGD;PGK1;PGLS;PGM1;PGM2;PGP;PKM;PPP2CB;PPP2R1A;PPP2R5D;PRELP;PRKACA;PRPS1;PYGB;PYGL;PYGM;RAE1;RANBP2;RPE;RPIA;SDC1;SEC13;SEH1L;SLC25A1;SLC25A10;SLC25A11;SLC25A12;SLC25A13;SLC2A1;SORD;TALDO1;TKFC;TKT;TPI1;TPR;UGP2;VCAN,0.00873986348846684
R-HSA-114608,Platelet degranulation,84,-0.40248135304063437,-1.6141754634517382,0.001998001998001998,38,ECM1;ANXA5;SERPINA4;RAB27B;SCCPDH;F13A1;TOR4A;QSOX1;PECAM1;NHLRC2;HRG;CD109;APOOL;CD36;CLU;ALDOA;ITIH4;VWF;A2M;SELENOP;ENDOD1;SERPING1;SOD1;KNG1;ACTN2;TTN;ORM1;TF;ORM2;CD9;AHSG;APOA1;A1BG;SERPINA3;CFD;ALB;SERPINA1;CLEC3B,A1BG;A2M;ACTN1;ACTN2;ACTN4;AHSG;ALB;ALDOA;ANXA5;APOA1;APOH;APOOL;APP;CALU;CAP1;CD109;CD36;CD9;CFD;CFL1;CHID1;CLEC3B;CLU;CYB5R1;CYRIB;ECM1;ENDOD1;F13A1;F5;FAM3C;FERMT3;FGA;FGB;FGG;FLNA;FN1;HRG;HSPA5;ITGA2B;ITGB3;ITIH3;ITIH4;KNG1;LAMP2;LGALS3BP;MANF;MMRN1;NHLRC2;OLA1;ORM1;ORM2;PECAM1;PFN1;PLEK;PLG;PPBP;PPIA;PROS1;PSAP;QSOX1;RAB27B;SCCPDH;SELENOP;SERPINA1;SERPINA3;SERPINA4;SERPINF2;SERPING1;SOD1;SPARC;STXBP2;TAGLN2;TF;THBS1;TLN1;TMSB4X;TMX3;TOR4A;TTN;TUBA4A;VCL;VTI1B;VWF;WDR1,0.00873986348846684
R-HSA-5368287,Mitochondrial translation,48,-0.44950586702359413,-1.6717558916120923,0.001998001998001998,35,MRPL12;MRPL21;MRPS17;MRPL43;MRPL39;MRPS16;MRPL13;MRPS23;MRPS28;MRPS2;MRPL41;MRPS35;MRPL49;MRPS22;MRPS31;MRPL2;MRPL11;MRPL44;MRPS34;MRPS18B;MRPL16;MRPL17;MRPS9;MRPL40;MRPL3;MRPL15;MRPL50;TUFM;MRPL37;MRPL58;MRPL46;MRPL4;MRPL23;MRPS36;MRPL18,DAP3;GFM1;MRPL11;MRPL12;MRPL13;MRPL15;MRPL16;MRPL17;MRPL18;MRPL19;MRPL2;MRPL21;MRPL23;MRPL28;MRPL3;MRPL37;MRPL38;MRPL39;MRPL4;MRPL40;MRPL41;MRPL43;MRPL44;MRPL46;MRPL47;MRPL48;MRPL49;MRPL50;MRPL58;MRPL9;MRPS16;MRPS17;MRPS18B;MRPS2;MRPS22;MRPS23;MRPS27;MRPS28;MRPS31;MRPS34;MRPS35;MRPS36;MRPS7;MRPS9;OXA1L;PTCD3;TSFM;TUFM,0.00873986348846684
R-HSA-3560782,Diseases associated with glycosaminoglycan metabolism,14,-0.6599001620469609,-1.813977413069807,0.001998001998001998,5,BGN;LUM;DCN;OGN;PRELP,AGRN;BGN;CSPG4;DCN;FMOD;GPC1;HEXA;HEXB;HSPG2;LUM;OGN;PRELP;SDC1;VCAN,0.00873986348846684
R-HSA-1268020,Mitochondrial protein import,36,-0.5284060488473629,-1.8349498400112227,0.001998001998001998,21,PITRM1;HSPA9;TOMM70;TIMM9;IDH3G;SAMM50;CHCHD3;VDAC1;CS;BCS1L;CYC1;MTX2;COA4;TIMM8A;SLC25A12;NDUFB8;TIMM13;ACO2;ATP5F1A;SLC25A4;ATP5F1B,ACO2;ATP5F1A;ATP5F1B;BCS1L;CHCHD3;COA4;COA6;COX17;CS;CYC1;DNAJC19;GRPEL1;HSPA9;HSPD1;IDH3G;MTX1;MTX2;NDUFB8;PITRM1;PMPCA;PMPCB;SAMM50;SLC25A12;SLC25A13;SLC25A4;SLC25A6;TIMM13;TIMM44;TIMM50;TIMM8A;TIMM9;TOMM22;TOMM40;TOMM6;TOMM70;VDAC1,0.00873986348846684
R-HSA-419037,NCAM1 interactions,14,-0.6795338492017782,-1.877464418391851,0.001998001998001998,10,COL4A2;COL5A2;COL6A3;COL6A1;COL6A2;COL6A6;COL5A3;COL2A1;COL5A1;COL3A1,AGRN;COL2A1;COL3A1;COL4A1;COL4A2;COL4A3;COL5A1;COL5A2;COL5A3;COL6A1;COL6A2;COL6A3;COL6A6;PRNP,0.00873986348846684
R-HSA-8963898,Plasma lipoprotein assembly,12,-0.7293994196963864,-1.9063613612200765,0.001998001998001998,10,APOC1;APOC2;APOC3;APOB;A2M;APOE;PRKACA;APOA4;APOA1;APOA2,A2M;APOA1;APOA2;APOA4;APOB;APOC1;APOC2;APOC3;APOE;P4HB;PRKACA;SAR1B,0.00873986348846684
R-HSA-975634,Retinoid metabolism and transport,19,-0.6468686340389622,-1.936507166494858,0.001998001998001998,11,APOC2;APOC3;APOB;APOE;RBP4;HSPG2;APOM;APOA4;APOA1;APOA2;TTR,AGRN;AKR1B10;AKR1C3;APOA1;APOA2;APOA4;APOB;APOC2;APOC3;APOE;APOM;GPC1;HSPG2;LRP1;RBP4;RDH11;RETSAT;SDC1;TTR,0.00873986348846684
R-HSA-4615885,SUMOylation of DNA replication proteins,31,0.5497368751882417,2.205467028527556,0.002997002997002997,20,PCNA;NUP155;TOP1;RANGAP1;NUP188;NUP93;NUP160;NUP35;NUP153;NUP133;NUP88;NUP62;SEH1L;NUP214;NUP54;SEC13;NUP50;TPR;UBE2I;RANBP2,AAAS;NUP107;NUP133;NUP153;NUP155;NUP160;NUP188;NUP205;NUP210;NUP214;NUP35;NUP43;NUP50;NUP54;NUP62;NUP85;NUP88;NUP93;NUP98;PCNA;RAE1;RANBP2;RANGAP1;SEC13;SEH1L;SUMO1;TOP1;TOP2A;TOP2B;TPR;UBE2I,0.011281987243525705
R-HSA-4570464,SUMOylation of RNA binding proteins,29,0.5679836431228695,2.116630726971275,0.002997002997002997,20,NUP155;NOP58;NUP188;NUP93;HNRNPK;NUP160;NUP35;NUP153;NUP133;NUP88;NUP62;SEH1L;NUP214;NUP54;SEC13;NUP50;HNRNPC;TPR;UBE2I;RANBP2,AAAS;HNRNPC;HNRNPK;NOP58;NUP107;NUP133;NUP153;NUP155;NUP160;NUP188;NUP205;NUP210;NUP214;NUP35;NUP43;NUP50;NUP54;NUP62;NUP85;NUP88;NUP93;NUP98;RAE1;RANBP2;SEC13;SEH1L;SUMO1;TPR;UBE2I,0.011281987243525705
R-HSA-176408,Regulation of APC/C activators between G1/S and early anaphase,44,0.49086421270110675,2.0846767048915376,0.002997002997002997,30,BUB3;PSMD2;PSMB9;PSMB8;PSME2;PSMD11;PSMD13;PSME3;PSMB3;PSMA4;PSMB2;PSMD7;PSME1;PSMD12;PSMC2;PSMA6;PSMB10;PSMD6;PSMA3;PSMC6;PSMD1;CUL1;PSMD14;SKP1;PSMA7;PSMB1;PSMC1;PSMD3;PSMA2;PSMD8,BUB3;CUL1;PSMA1;PSMA2;PSMA3;PSMA4;PSMA5;PSMA6;PSMA7;PSMB1;PSMB10;PSMB2;PSMB3;PSMB4;PSMB5;PSMB6;PSMB7;PSMB8;PSMB9;PSMC1;PSMC2;PSMC3;PSMC4;PSMC5;PSMC6;PSMD1;PSMD10;PSMD11;PSMD12;PSMD13;PSMD14;PSMD2;PSMD3;PSMD4;PSMD5;PSMD6;PSMD7;PSMD8;PSMD9;PSME1;PSME2;PSME3;PSMF1;SKP1,0.011281987243525705
R-HSA-176409,APC/C:Cdc20 mediated degradation of mitotic proteins,42,0.4884554551537088,2.0803493280689414,0.002997002997002997,20,BUB3;PSMD2;PSMB9;PSMB8;PSME2;PSMD11;PSMD13;PSME3;PSMB3;PSMA4;PSMB2;PSMD7;PSME1;PSMD12;PSMC2;PSMA6;PSMB10;PSMD6;PSMA3;PSMC6,BUB3;PSMA1;PSMA2;PSMA3;PSMA4;PSMA5;PSMA6;PSMA7;PSMB1;PSMB10;PSMB2;PSMB3;PSMB4;PSMB5;PSMB6;PSMB7;PSMB8;PSMB9;PSMC1;PSMC2;PSMC3;PSMC4;PSMC5;PSMC6;PSMD1;PSMD10;PSMD11;PSMD12;PSMD13;PSMD14;PSMD2;PSMD3;PSMD4;PSMD5;PSMD6;PSMD7;PSMD8;PSMD9;PSME1;PSME2;PSME3;PSMF1,0.011281987243525705
R-HSA-202424,Downstream TCR signaling,50,0.46646652541380124,2.0719301054304085,0.002997002997002997,30,PSMD2;PSMB9;PSMB8;PSME2;PSMD11;PSMD13;PSME3;PSMB3;PSMA4;PSMB2;HLA-DRA;PSMD7;PSME1;PSMD12;PSMC2;PSMA6;PSMB10;HLA-DPA1;PSMD6;PSMA3;RELA;PSMC6;PSMD1;CUL1;PSMD14;NFKB1;SKP1;PSMA7;PSMB1;PSMC1,CUL1;HLA-DPA1;HLA-DRA;IKBKG;NFKB1;PSMA1;PSMA2;PSMA3;PSMA4;PSMA5;PSMA6;PSMA7;PSMB1;PSMB10;PSMB2;PSMB3;PSMB4;PSMB5;PSMB6;PSMB7;PSMB8;PSMB9;PSMC1;PSMC2;PSMC3;PSMC4;PSMC5;PSMC6;PSMD1;PSMD10;PSMD11;PSMD12;PSMD13;PSMD14;PSMD2;PSMD3;PSMD4;PSMD5;PSMD6;PSMD7;PSMD8;PSMD9;PSME1;PSME2;PSME3;PSMF1;RELA;SKP1;UBE2N;UBE2V1,0.011281987243525705
R-HSA-211733,Regulation of activated PAK-2p34 by proteasome mediated degradation,42,0.4905166440487194,2.069893361952467,0.002997002997002997,20,PAK2;PSMD2;PSMB9;PSMB8;PSME2;PSMD11;PSMD13;PSME3;PSMB3;PSMA4;PSMB2;PSMD7;PSME1;PSMD12;PSMC2;PSMA6;PSMB10;PSMD6;PSMA3;PSMC6,PAK2;PSMA1;PSMA2;PSMA3;PSMA4;PSMA5;PSMA6;PSMA7;PSMB1;PSMB10;PSMB2;PSMB3;PSMB4;PSMB5;PSMB6;PSMB7;PSMB8;PSMB9;PSMC1;PSMC2;PSMC3;PSMC4;PSMC5;PSMC6;PSMD1;PSMD10;PSMD11;PSMD12;PSMD13;PSMD14;PSMD2;PSMD3;PSMD4;PSMD5;PSMD6;PSMD7;PSMD8;PSMD9;PSME1;PSME2;PSME3;PSMF1,0.011281987243525705
R-HSA-5578749,Transcriptional regulation by small RNAs,33,0.5293003337880501,2.0597242298733835,0.002997002997002997,19,NUP155;POLR2B;RAN;POLR2H;NUP188;NUP93;POLR2A;POLR2E;NUP160;NUP35;NUP153;NUP133;NUP88;NUP62;SEH1L;NUP214;NUP54;SEC13;NUP50,AAAS;AGO2;H4C1;NUP107;NUP133;NUP153;NUP155;NUP160;NUP188;NUP205;NUP210;NUP214;NUP35;NUP43;NUP50;NUP54;NUP62;NUP85;NUP88;NUP93;NUP98;POLR2A;POLR2B;POLR2C;POLR2E;POLR2H;POLR2I;RAE1;RAN;RANBP2;SEC13;SEH1L;TPR,0.011281987243525705
R-HSA-5676590,NIK-->noncanonical NF-kB signaling,46,0.48103163148329736,2.05270524927604,0.002997002997002997,30,NFKB2;PSMD2;PSMB9;PSMB8;PSME2;PSMD11;PSMD13;PSME3;PSMB3;PSMA4;PSMB2;PSMD7;PSME1;PSMD12;PSMC2;PSMA6;PSMB10;PSMD6;PSMA3;PSMC6;PSMD1;CUL1;PSMD14;SKP1;PSMA7;PSMB1;PSMC1;PSMD3;PSMA2;PSMD8,CUL1;NFKB2;PSMA1;PSMA2;PSMA3;PSMA4;PSMA5;PSMA6;PSMA7;PSMB1;PSMB10;PSMB2;PSMB3;PSMB4;PSMB5;PSMB6;PSMB7;PSMB8;PSMB9;PSMC1;PSMC2;PSMC3;PSMC4;PSMC5;PSMC6;PSMD1;PSMD10;PSMD11;PSMD12;PSMD13;PSMD14;PSMD2;PSMD3;PSMD4;PSMD5;PSMD6;PSMD7;PSMD8;PSMD9;PSME1;PSME2;PSME3;PSMF1;SKP1;UBA3;UBE2M,0.011281987243525705
R-HSA-69306,DNA Replication,60,0.46434419922329545,2.0522114731418526,0.002997002997002997,30,PCNA;MCM7;RFC4;PSMD2;PSMB9;FEN1;PSMB8;PSME2;MCM3;PSMD11;PSMD13;PSME3;MCM6;PSMB3;MCM2;PSMA4;PSMB2;PSMD7;PSME1;PSMD12;KPNB1;PSMC2;PSMA6;PSMB10;KPNA6;PSMD6;PSMA3;PSMC6;MCM5;PSMD1,CUL1;FEN1;H4C1;KPNA1;KPNA6;KPNB1;MCM2;MCM3;MCM5;MCM6;MCM7;PCNA;PSMA1;PSMA2;PSMA3;PSMA4;PSMA5;PSMA6;PSMA7;PSMB1;PSMB10;PSMB2;PSMB3;PSMB4;PSMB5;PSMB6;PSMB7;PSMB8;PSMB9;PSMC1;PSMC2;PSMC3;PSMC4;PSMC5;PSMC6;PSMD1;PSMD10;PSMD11;PSMD12;PSMD13;PSMD14;PSMD2;PSMD3;PSMD4;PSMD5;PSMD6;PSMD7;PSMD8;PSMD9;PSME1;PSME2;PSME3;PSMF1;RBX1;RFC1;RFC4;RPA1;RPA2;RPA3;SKP1,0.011281987243525705
R-HSA-167160,RNA Pol II CTD phosphorylation and interaction with CE during HIV infection,10,0.7367992401331104,2.0479412788512055,0.002997002997002997,6,GTF2F1;POLR2B;GTF2F2;POLR2H;POLR2A;POLR2E,GTF2F1;GTF2F2;POLR2A;POLR2B;POLR2C;POLR2E;POLR2H;POLR2I;RNMT;SUPT5H,0.011281987243525705
R-HSA-351202,Metabolism of polyamines,44,0.4857757471899147,2.0468825353796234,0.002997002997002997,21,SRM;PSMD2;PSMB9;PSMB8;PSME2;PSMD11;PSMD13;PSME3;PSMB3;PSMA4;PSMB2;PSMD7;PSME1;PSMD12;PSMC2;SMS;PSMA6;PSMB10;PSMD6;PSMA3;PSMC6,NQO1;PSMA1;PSMA2;PSMA3;PSMA4;PSMA5;PSMA6;PSMA7;PSMB1;PSMB10;PSMB2;PSMB3;PSMB4;PSMB5;PSMB6;PSMB7;PSMB8;PSMB9;PSMC1;PSMC2;PSMC3;PSMC4;PSMC5;PSMC6;PSMD1;PSMD10;PSMD11;PSMD12;PSMD13;PSMD14;PSMD2;PSMD3;PSMD4;PSMD5;PSMD6;PSMD7;PSMD8;PSMD9;PSME1;PSME2;PSME3;PSMF1;SMS;SRM,0.011281987243525705
R-HSA-168271,Transport of Ribonucleoproteins into the Host Nucleus,26,0.5575752805484534,2.0399696904349893,0.002997002997002997,17,NUP155;NUP188;NUP93;NUP160;KPNB1;NUP35;NUP153;NUP133;NUP88;NUP62;SEH1L;NUP214;NUP54;SEC13;NUP50;TPR;RANBP2,AAAS;KPNA1;KPNB1;NUP107;NUP133;NUP153;NUP155;NUP160;NUP188;NUP205;NUP210;NUP214;NUP35;NUP43;NUP50;NUP54;NUP62;NUP85;NUP88;NUP93;NUP98;RAE1;RANBP2;SEC13;SEH1L;TPR,0.011281987243525705
R-HSA-1169091,Activation of NF-kappaB in B cells,46,0.4741000770891044,2.0345116042155147,0.002997002997002997,31,PSMD2;PSMB9;PSMB8;PSME2;PSMD11;PSMD13;PSME3;PSMB3;PSMA4;PSMB2;PSMD7;PSME1;PSMD12;PSMC2;PSMA6;PSMB10;PSMD6;PSMA3;RELA;PSMC6;PSMD1;CUL1;PSMD14;NFKB1;SKP1;PSMA7;PSMB1;PSMC1;PSMD3;PSMA2;PSMD8,CUL1;IKBKG;NFKB1;PSMA1;PSMA2;PSMA3;PSMA4;PSMA5;PSMA6;PSMA7;PSMB1;PSMB10;PSMB2;PSMB3;PSMB4;PSMB5;PSMB6;PSMB7;PSMB8;PSMB9;PSMC1;PSMC2;PSMC3;PSMC4;PSMC5;PSMC6;PSMD1;PSMD10;PSMD11;PSMD12;PSMD13;PSMD14;PSMD2;PSMD3;PSMD4;PSMD5;PSMD6;PSMD7;PSMD8;PSMD9;PSME1;PSME2;PSME3;PSMF1;RELA;SKP1,0.011281987243525705
R-HSA-77075,RNA Pol II CTD phosphorylation and interaction with CE,10,0.7367992401331104,2.022121664963097,0.002997002997002997,6,GTF2F1;POLR2B;GTF2F2;POLR2H;POLR2A;POLR2E,GTF2F1;GTF2F2;POLR2A;POLR2B;POLR2C;POLR2E;POLR2H;POLR2I;RNMT;SUPT5H,0.011281987243525705
R-HSA-5362768,Hh mutants are degraded by ERAD,42,0.4784302542020948,2.0116960551312304,0.002997002997002997,28,PSMD2;PSMB9;PSMB8;PSME2;PSMD11;PSMD13;PSME3;PSMB3;PSMA4;PSMB2;PSMD7;PSME1;PSMD12;PSMC2;PSMA6;PSMB10;PSMD6;PSMA3;PSMC6;PSMD1;PSMD14;PSMA7;PSMB1;PSMC1;VCP;PSMD3;PSMA2;PSMD8,PSMA1;PSMA2;PSMA3;PSMA4;PSMA5;PSMA6;PSMA7;PSMB1;PSMB10;PSMB2;PSMB3;PSMB4;PSMB5;PSMB6;PSMB7;PSMB8;PSMB9;PSMC1;PSMC2;PSMC3;PSMC4;PSMC5;PSMC6;PSMD1;PSMD10;PSMD11;PSMD12;PSMD13;PSMD14;PSMD2;PSMD3;PSMD4;PSMD5;PSMD6;PSMD7;PSMD8;PSMD9;PSME1;PSME2;PSME3;PSMF1;VCP,0.011281987243525705
R-HSA-69242,S Phase,65,0.4316030028454622,2.006776394099284,0.002997002997002997,36,PCNA;MCM7;RFC4;PSMD2;PSMB9;FEN1;PSMB8;PSME2;MCM3;PSMD11;PSMD13;PSME3;MCM6;PSMB3;MCM2;PSMA4;PSMB2;PSMD7;PSME1;PSMD12;PSMC2;PSMA6;PSMB10;PSMD6;PSMA3;PSMC6;PDS5B;MCM5;PSMD1;GSK3B;CUL1;PSMD14;SKP1;PSMA7;PSMB1;PSMC1,CUL1;FEN1;GSK3B;MCM2;MCM3;MCM5;MCM6;MCM7;PCNA;PDS5A;PDS5B;PSMA1;PSMA2;PSMA3;PSMA4;PSMA5;PSMA6;PSMA7;PSMB1;PSMB10;PSMB2;PSMB3;PSMB4;PSMB5;PSMB6;PSMB7;PSMB8;PSMB9;PSMC1;PSMC2;PSMC3;PSMC4;PSMC5;PSMC6;PSMD1;PSMD10;PSMD11;PSMD12;PSMD13;PSMD14;PSMD2;PSMD3;PSMD4;PSMD5;PSMD6;PSMD7;PSMD8;PSMD9;PSME1;PSME2;PSME3;PSMF1;PTK6;RAD21;RBBP4;RBX1;RFC1;RFC4;RPA1;RPA2;RPA3;SKP1;SMC1A;SMC3;STAG1,0.011281987243525705
R-HSA-4085377,SUMOylation of SUMOylation proteins,26,0.5459736716953212,2.006075317184266,0.002997002997002997,17,NUP155;NUP188;NUP93;NUP160;NUP35;NUP153;NUP133;NUP88;NUP62;SEH1L;NUP214;NUP54;SEC13;NUP50;TPR;UBE2I;RANBP2,AAAS;NUP107;NUP133;NUP153;NUP155;NUP160;NUP188;NUP205;NUP210;NUP214;NUP35;NUP43;NUP50;NUP54;NUP62;NUP85;NUP88;NUP93;NUP98;RAE1;RANBP2;SEC13;SEH1L;SUMO1;TPR;UBE2I,0.011281987243525705
R-HSA-5655253,Signaling by FGFR2 in disease,10,0.7362663913560189,2.0038036560649934,0.002997002997002997,6,GTF2F1;POLR2B;GTF2F2;POLR2H;POLR2A;POLR2E,GRB2;GTF2F1;GTF2F2;KRAS;POLR2A;POLR2B;POLR2C;POLR2E;POLR2H;POLR2I,0.011281987243525705
R-HSA-450408,AUF1 (hnRNP D0) binds and destabilizes mRNA,46,0.47966754725694744,1.985518205553537,0.002997002997002997,22,EIF4G1;PSMD2;PSMB9;PSMB8;PSME2;PSMD11;PSMD13;PSME3;PABPC1;PSMB3;PSMA4;PSMB2;PSMD7;PSME1;PSMD12;PSMC2;PSMA6;HNRNPD;PSMB10;PSMD6;PSMA3;PSMC6,EIF4G1;HNRNPD;HSPA8;HSPB1;PABPC1;PSMA1;PSMA2;PSMA3;PSMA4;PSMA5;PSMA6;PSMA7;PSMB1;PSMB10;PSMB2;PSMB3;PSMB4;PSMB5;PSMB6;PSMB7;PSMB8;PSMB9;PSMC1;PSMC2;PSMC3;PSMC4;PSMC5;PSMC6;PSMD1;PSMD10;PSMD11;PSMD12;PSMD13;PSMD14;PSMD2;PSMD3;PSMD4;PSMD5;PSMD6;PSMD7;PSMD8;PSMD9;PSME1;PSME2;PSME3;PSMF1,0.011281987243525705
R-HSA-174154,APC/C:Cdc20 mediated degradation of Securin,41,0.4760921864953522,1.9787977940063157,0.002997002997002997,27,PSMD2;PSMB9;PSMB8;PSME2;PSMD11;PSMD13;PSME3;PSMB3;PSMA4;PSMB2;PSMD7;PSME1;PSMD12;PSMC2;PSMA6;PSMB10;PSMD6;PSMA3;PSMC6;PSMD1;PSMD14;PSMA7;PSMB1;PSMC1;PSMD3;PSMA2;PSMD8,PSMA1;PSMA2;PSMA3;PSMA4;PSMA5;PSMA6;PSMA7;PSMB1;PSMB10;PSMB2;PSMB3;PSMB4;PSMB5;PSMB6;PSMB7;PSMB8;PSMB9;PSMC1;PSMC2;PSMC3;PSMC4;PSMC5;PSMC6;PSMD1;PSMD10;PSMD11;PSMD12;PSMD13;PSMD14;PSMD2;PSMD3;PSMD4;PSMD5;PSMD6;PSMD7;PSMD8;PSMD9;PSME1;PSME2;PSME3;PSMF1,0.011281987243525705
R-HSA-69017,CDK-mediated phosphorylation and removal of Cdc6,41,0.4760921864953522,1.9739894951110908,0.002997002997002997,27,PSMD2;PSMB9;PSMB8;PSME2;PSMD11;PSMD13;PSME3;PSMB3;PSMA4;PSMB2;PSMD7;PSME1;PSMD12;PSMC2;PSMA6;PSMB10;PSMD6;PSMA3;PSMC6;PSMD1;PSMD14;PSMA7;PSMB1;PSMC1;PSMD3;PSMA2;PSMD8,PSMA1;PSMA2;PSMA3;PSMA4;PSMA5;PSMA6;PSMA7;PSMB1;PSMB10;PSMB2;PSMB3;PSMB4;PSMB5;PSMB6;PSMB7;PSMB8;PSMB9;PSMC1;PSMC2;PSMC3;PSMC4;PSMC5;PSMC6;PSMD1;PSMD10;PSMD11;PSMD12;PSMD13;PSMD14;PSMD2;PSMD3;PSMD4;PSMD5;PSMD6;PSMD7;PSMD8;PSMD9;PSME1;PSME2;PSME3;PSMF1,0.011281987243525705
R-HSA-170822,Regulation of Glucokinase by Glucokinase Regulatory Protein,24,0.5533454534544053,1.9675941795803453,0.002997002997002997,16,NUP155;NUP188;NUP93;NUP160;NUP35;NUP153;NUP133;NUP88;NUP62;SEH1L;NUP214;NUP54;SEC13;NUP50;TPR;RANBP2,AAAS;NUP107;NUP133;NUP153;NUP155;NUP160;NUP188;NUP205;NUP210;NUP214;NUP35;NUP43;NUP50;NUP54;NUP62;NUP85;NUP88;NUP93;NUP98;RAE1;RANBP2;SEC13;SEH1L;TPR,0.011281987243525705
R-HSA-381042,PERK regulates gene expression,10,0.7064327485380117,1.9604531295023497,0.002997002997002997,10,EIF2S2;EIF2S1;EIF2S3;DIS3;EXOSC6;HSPA5;KHSRP;EXOSC4;EXOSC7;EXOSC3,DIS3;EIF2S1;EIF2S2;EIF2S3;EXOSC3;EXOSC4;EXOSC6;EXOSC7;HSPA5;KHSRP,0.011281987243525705
R-HSA-8939902,Regulation of RUNX2 expression and activity,48,0.450134858778283,1.9512516999237353,0.002997002997002997,29,STAT1;PSMD2;PSMB9;PSMB8;PSME2;CBFB;PSMD11;PSMD13;PSME3;PSMB3;PSMA4;PSMB2;PSMD7;PSME1;PSMD12;PSMC2;PSMA6;PSMB10;PSMD6;PSMA3;PSMC6;PSMD1;GSK3B;CUL1;PSMD14;SKP1;PSMA7;PSMB1;PSMC1,CBFB;CUL1;GSK3B;PSMA1;PSMA2;PSMA3;PSMA4;PSMA5;PSMA6;PSMA7;PSMB1;PSMB10;PSMB2;PSMB3;PSMB4;PSMB5;PSMB6;PSMB7;PSMB8;PSMB9;PSMC1;PSMC2;PSMC3;PSMC4;PSMC5;PSMC6;PSMD1;PSMD10;PSMD11;PSMD12;PSMD13;PSMD14;PSMD2;PSMD3;PSMD4;PSMD5;PSMD6;PSMD7;PSMD8;PSMD9;PSME1;PSME2;PSME3;PSMF1;RBX1;SKP1;STAT1;STUB1,0.011281987243525705
R-HSA-532668,N-glycan trimming in the ER and Calnexin/Calreticulin cycle,14,0.6352698987777623,1.9420273927895177,0.002997002997002997,12,DERL1;MOGS;CALR;GANAB;PRKCSH;CANX;UGGT1;PDIA3;MLEC;PSMC1;VCP;RNF185,CALR;CANX;DERL1;GANAB;MLEC;MOGS;PDIA3;PRKCSH;PSMC1;RAD23B;RNF185;UBXN1;UGGT1;VCP,0.011281987243525705
R-HSA-164938,Nef-mediates down modulation of cell surface receptors by recruiting them to clathrin adapters,13,0.663956097789816,1.9280277635695873,0.002997002997002997,6,AP2A1;B2M;HLA-A;AP1M1;AP1G1;AP2B1,AP1B1;AP1G1;AP1M1;AP1M2;AP1S1;AP2A1;AP2A2;AP2B1;AP2M1;AP2S1;ATP6V1H;B2M;HLA-A,0.011281987243525705
R-HSA-159227,Transport of the SLBP independent Mature mRNA,26,0.5415931489253298,1.918463202837231,0.002997002997002997,16,NUP155;NUP188;NUP93;NUP160;NUP35;NUP153;NUP133;NUP88;NUP62;SEH1L;NUP214;NUP54;SEC13;NUP50;TPR;RANBP2,AAAS;ALYREF;EIF4E;NUP107;NUP133;NUP153;NUP155;NUP160;NUP188;NUP205;NUP210;NUP214;NUP35;NUP43;NUP50;NUP54;NUP62;NUP85;NUP88;NUP93;NUP98;RAE1;RANBP2;SEC13;SEH1L;TPR,0.011281987243525705
R-HSA-9609507,Protein localization,71,-0.4327736363132376,-1.6808306431006421,0.002997002997002997,33,PITRM1;EMD;HSPA9;TOMM70;TIMM9;IDH3G;SAMM50;CHCHD3;GSTK1;VDAC1;CS;BCS1L;HMGCL;CYC1;MTX2;ECI2;COA4;TIMM8A;SLC25A12;NDUFB8;TIMM13;NUDT19;ACO2;IDH1;ECH1;ATP5F1A;SLC25A4;ACOX3;FIS1;CRAT;ATP5F1B;CYB5A;ALDH3A2,ABCD3;ACAA1;ACO2;ACOX1;ACOX3;AGPS;ALDH3A2;APP;ATAD1;ATP5F1A;ATP5F1B;BAG6;BCS1L;CAT;CHCHD3;COA4;COA6;COX17;CRAT;CROT;CS;CYB5A;CYC1;DHRS4;DNAJC19;ECH1;ECI2;EHHADH;EMD;FIS1;GET3;GRPEL1;GSTK1;HMGCL;HSD17B4;HSPA9;HSPD1;IDE;IDH1;IDH3G;MTX1;MTX2;NDUFB8;NUDT19;PEX19;PITRM1;PMPCA;PMPCB;PRNP;SAMM50;SCP2;SEC61B;SGTA;SLC25A12;SLC25A13;SLC25A4;SLC25A6;STX5;TIMM13;TIMM44;TIMM50;TIMM8A;TIMM9;TOMM22;TOMM40;TOMM6;TOMM70;UBL4A;USP9X;VAPA;VDAC1,0.011281987243525705
R-HSA-2871796,FCERI mediated MAPK activation,22,-0.6141671618268061,-1.8705987667615895,0.002997002997002997,11,IGKV1-5;IGLV3-19;IGHV3-7;IGLV1-40;IGLV8-61;IGKV4-1;IGLV1-47;MAPK3;IGKV3-20;IGKV3D-20;IGKC,GRB2;IGHV3-7;IGKC;IGKV1-5;IGKV3-20;IGKV3D-20;IGKV4-1;IGLV1-40;IGLV1-47;IGLV1-51;IGLV3-19;IGLV8-61;KRAS;MAP2K4;MAPK1;MAPK3;PAK1;PAK2;PLCG2;RAC1;SYK;VAV2,0.011281987243525705
R-HSA-5607761,Dectin-1 mediated noncanonical NF-kB signaling,47,0.48459449071725424,2.0985761290812106,0.003996003996003996,31,NFKB2;PSMD2;PSMB9;PSMB8;PSME2;PSMD11;PSMD13;PSME3;PSMB3;PSMA4;PSMB2;PSMD7;PSME1;PSMD12;PSMC2;PSMA6;PSMB10;PSMD6;PSMA3;RELA;PSMC6;PSMD1;CUL1;PSMD14;SKP1;PSMA7;PSMB1;PSMC1;PSMD3;PSMA2;PSMD8,CUL1;NFKB2;PSMA1;PSMA2;PSMA3;PSMA4;PSMA5;PSMA6;PSMA7;PSMB1;PSMB10;PSMB2;PSMB3;PSMB4;PSMB5;PSMB6;PSMB7;PSMB8;PSMB9;PSMC1;PSMC2;PSMC3;PSMC4;PSMC5;PSMC6;PSMD1;PSMD10;PSMD11;PSMD12;PSMD13;PSMD14;PSMD2;PSMD3;PSMD4;PSMD5;PSMD6;PSMD7;PSMD8;PSMD9;PSME1;PSME2;PSME3;PSMF1;RELA;SKP1;UBA3;UBE2M,0.014030812237090264
R-HSA-5668541,TNFR2 non-canonical NF-kB pathway,46,0.48103163148329736,2.094087644703968,0.003996003996003996,30,NFKB2;PSMD2;PSMB9;PSMB8;PSME2;PSMD11;PSMD13;PSME3;PSMB3;PSMA4;PSMB2;PSMD7;PSME1;PSMD12;PSMC2;PSMA6;PSMB10;PSMD6;PSMA3;PSMC6;PSMD1;CUL1;PSMD14;SKP1;PSMA7;PSMB1;PSMC1;PSMD3;PSMA2;PSMD8,CUL1;NFKB2;PSMA1;PSMA2;PSMA3;PSMA4;PSMA5;PSMA6;PSMA7;PSMB1;PSMB10;PSMB2;PSMB3;PSMB4;PSMB5;PSMB6;PSMB7;PSMB8;PSMB9;PSMC1;PSMC2;PSMC3;PSMC4;PSMC5;PSMC6;PSMD1;PSMD10;PSMD11;PSMD12;PSMD13;PSMD14;PSMD2;PSMD3;PSMD4;PSMD5;PSMD6;PSMD7;PSMD8;PSMD9;PSME1;PSME2;PSME3;PSMF1;SKP1;UBA3;UBE2M,0.014030812237090264
R-HSA-159231,Transport of Mature mRNA Derived from an Intronless Transcript,31,0.5257425301968581,2.0583227545953187,0.003996003996003996,19,NUP155;CPSF3;CPSF1;NUP188;NUP93;NUP160;NUP35;NUP153;NUP133;NUP88;NUP62;SEH1L;NUP214;NUP54;SEC13;NUP50;SYMPK;TPR;RANBP2,AAAS;ALYREF;CPSF1;CPSF2;CPSF3;EIF4E;FIP1L1;NUP107;NUP133;NUP153;NUP155;NUP160;NUP188;NUP205;NUP210;NUP214;NUP35;NUP43;NUP50;NUP54;NUP62;NUP85;NUP88;NUP93;NUP98;RAE1;RANBP2;SEC13;SEH1L;SYMPK;TPR,0.014030812237090264
R-HSA-5619107,Defective TPR may confer susceptibility towards thyroid papillary carcinoma (TPC),24,0.5533454534544053,2.044000504583498,0.003996003996003996,16,NUP155;NUP188;NUP93;NUP160;NUP35;NUP153;NUP133;NUP88;NUP62;SEH1L;NUP214;NUP54;SEC13;NUP50;TPR;RANBP2,AAAS;NUP107;NUP133;NUP153;NUP155;NUP160;NUP188;NUP205;NUP210;NUP214;NUP35;NUP43;NUP50;NUP54;NUP62;NUP85;NUP88;NUP93;NUP98;RAE1;RANBP2;SEC13;SEH1L;TPR,0.014030812237090264
R-HSA-4641257,Degradation of AXIN,41,0.4760921864953522,2.0217620882153313,0.003996003996003996,27,PSMD2;PSMB9;PSMB8;PSME2;PSMD11;PSMD13;PSME3;PSMB3;PSMA4;PSMB2;PSMD7;PSME1;PSMD12;PSMC2;PSMA6;PSMB10;PSMD6;PSMA3;PSMC6;PSMD1;PSMD14;PSMA7;PSMB1;PSMC1;PSMD3;PSMA2;PSMD8,PSMA1;PSMA2;PSMA3;PSMA4;PSMA5;PSMA6;PSMA7;PSMB1;PSMB10;PSMB2;PSMB3;PSMB4;PSMB5;PSMB6;PSMB7;PSMB8;PSMB9;PSMC1;PSMC2;PSMC3;PSMC4;PSMC5;PSMC6;PSMD1;PSMD10;PSMD11;PSMD12;PSMD13;PSMD14;PSMD2;PSMD3;PSMD4;PSMD5;PSMD6;PSMD7;PSMD8;PSMD9;PSME1;PSME2;PSME3;PSMF1,0.014030812237090264
R-HSA-453279,Mitotic G1 phase and G1/S transition,60,0.44445145718541545,2.0153799116377518,0.003996003996003996,38,PCNA;MCM7;PSMD2;PSMB9;PSMB8;PSME2;MCM3;PSMD11;PSMD13;PSME3;MCM6;PSMB3;MCM2;PSMA4;PSMB2;PSMD7;PSME1;PSMD12;PSMC2;PSMA6;PSMB10;PSMD6;PSMA3;PSMC6;SRC;MCM5;PSMD1;HDAC1;CUL1;PSMD14;SKP1;PSMA7;PSMB1;PSMC1;RPA3;PSMD3;PSMA2;PSMD8,CUL1;HDAC1;MCM2;MCM3;MCM5;MCM6;MCM7;PCNA;PPP2CB;PPP2R1A;PPP2R2A;PSMA1;PSMA2;PSMA3;PSMA4;PSMA5;PSMA6;PSMA7;PSMB1;PSMB10;PSMB2;PSMB3;PSMB4;PSMB5;PSMB6;PSMB7;PSMB8;PSMB9;PSMC1;PSMC2;PSMC3;PSMC4;PSMC5;PSMC6;PSMD1;PSMD10;PSMD11;PSMD12;PSMD13;PSMD14;PSMD2;PSMD3;PSMD4;PSMD5;PSMD6;PSMD7;PSMD8;PSMD9;PSME1;PSME2;PSME3;PSMF1;PTK6;RBBP4;RPA1;RPA2;RPA3;SKP1;SRC;TOP2A,0.014030812237090264
R-HSA-169911,Regulation of Apoptosis,43,0.46887030038680605,1.9906676532735907,0.003996003996003996,20,PAK2;PSMD2;PSMB9;PSMB8;PSME2;PSMD11;PSMD13;PSME3;PSMB3;PSMA4;PSMB2;PSMD7;PSME1;PSMD12;PSMC2;PSMA6;PSMB10;PSMD6;PSMA3;PSMC6,OPA1;PAK2;PSMA1;PSMA2;PSMA3;PSMA4;PSMA5;PSMA6;PSMA7;PSMB1;PSMB10;PSMB2;PSMB3;PSMB4;PSMB5;PSMB6;PSMB7;PSMB8;PSMB9;PSMC1;PSMC2;PSMC3;PSMC4;PSMC5;PSMC6;PSMD1;PSMD10;PSMD11;PSMD12;PSMD13;PSMD14;PSMD2;PSMD3;PSMD4;PSMD5;PSMD6;PSMD7;PSMD8;PSMD9;PSME1;PSME2;PSME3;PSMF1,0.014030812237090264
R-HSA-4086400,PCP/CE pathway,55,0.4494535263724921,1.9830054701144062,0.003996003996003996,24,AP2A1;PSMD2;PSMB9;PSMB8;PSME2;PSMD11;PSMD13;PSME3;CLTC;PSMB3;PSMA4;PSMB2;CLTA;RAC2;AP2B1;PSMD7;PSME1;PSMD12;PSMC2;PSMA6;PSMB10;PSMD6;PSMA3;PSMC6,AP2A1;AP2A2;AP2B1;AP2M1;AP2S1;ARRB2;CLTA;CLTB;CLTC;PFN1;PSMA1;PSMA2;PSMA3;PSMA4;PSMA5;PSMA6;PSMA7;PSMB1;PSMB10;PSMB2;PSMB3;PSMB4;PSMB5;PSMB6;PSMB7;PSMB8;PSMB9;PSMC1;PSMC2;PSMC3;PSMC4;PSMC5;PSMC6;PSMD1;PSMD10;PSMD11;PSMD12;PSMD13;PSMD14;PSMD2;PSMD3;PSMD4;PSMD5;PSMD6;PSMD7;PSMD8;PSMD9;PSME1;PSME2;PSME3;PSMF1;RAC1;RAC2;RHOA;SCRIB,0.014030812237090264
R-HSA-69563,p53-Dependent G1 DNA Damage Response,41,0.4760921864953522,1.9619022582612768,0.003996003996003996,27,PSMD2;PSMB9;PSMB8;PSME2;PSMD11;PSMD13;PSME3;PSMB3;PSMA4;PSMB2;PSMD7;PSME1;PSMD12;PSMC2;PSMA6;PSMB10;PSMD6;PSMA3;PSMC6;PSMD1;PSMD14;PSMA7;PSMB1;PSMC1;PSMD3;PSMA2;PSMD8,PSMA1;PSMA2;PSMA3;PSMA4;PSMA5;PSMA6;PSMA7;PSMB1;PSMB10;PSMB2;PSMB3;PSMB4;PSMB5;PSMB6;PSMB7;PSMB8;PSMB9;PSMC1;PSMC2;PSMC3;PSMC4;PSMC5;PSMC6;PSMD1;PSMD10;PSMD11;PSMD12;PSMD13;PSMD14;PSMD2;PSMD3;PSMD4;PSMD5;PSMD6;PSMD7;PSMD8;PSMD9;PSME1;PSME2;PSME3;PSMF1,0.014030812237090264
R-HSA-9793380,Formation of paraxial mesoderm,43,0.4592542680223122,1.9595746260492963,0.003996003996003996,27,PSMD2;PSMB9;PSMB8;PSME2;PSMD11;PSMD13;PSME3;PSMB3;PSMA4;PSMB2;PSMD7;PSME1;PSMD12;PSMC2;PSMA6;PSMB10;PSMD6;PSMA3;PSMC6;PSMD1;PSMD14;PSMA7;PSMB1;PSMC1;PSMD3;PSMA2;PSMD8,CTNNB1;PSMA1;PSMA2;PSMA3;PSMA4;PSMA5;PSMA6;PSMA7;PSMB1;PSMB10;PSMB2;PSMB3;PSMB4;PSMB5;PSMB6;PSMB7;PSMB8;PSMB9;PSMC1;PSMC2;PSMC3;PSMC4;PSMC5;PSMC6;PSMD1;PSMD10;PSMD11;PSMD12;PSMD13;PSMD14;PSMD2;PSMD3;PSMD4;PSMD5;PSMD6;PSMD7;PSMD8;PSMD9;PSME1;PSME2;PSME3;PSMF1;SNW1,0.014030812237090264
R-HSA-5610785,GLI3 is processed to GLI3R by the proteasome,47,0.4450041483977909,1.9021888192754384,0.003996003996003996,28,CSNK1A1;PSMD2;PSMB9;PSMB8;PSME2;PSMD11;PSMD13;PSME3;PSMB3;PSMA4;PSMB2;PSMD7;PSME1;PSMD12;PSMC2;PSMA6;PSMB10;PSMD6;PSMA3;PSMC6;PSMD1;GSK3B;CUL1;PSMD14;SKP1;PSMA7;PSMB1;PSMC1,CSNK1A1;CUL1;GSK3B;PRKACA;PSMA1;PSMA2;PSMA3;PSMA4;PSMA5;PSMA6;PSMA7;PSMB1;PSMB10;PSMB2;PSMB3;PSMB4;PSMB5;PSMB6;PSMB7;PSMB8;PSMB9;PSMC1;PSMC2;PSMC3;PSMC4;PSMC5;PSMC6;PSMD1;PSMD10;PSMD11;PSMD12;PSMD13;PSMD14;PSMD2;PSMD3;PSMD4;PSMD5;PSMD6;PSMD7;PSMD8;PSMD9;PSME1;PSME2;PSME3;PSMF1;RBX1;SKP1,0.014030812237090264
R-HSA-109582,Hemostasis,238,-0.31304447016807874,-1.4403082253101487,0.003996003996003996,90,F9;ATP2A2;ATP2A3;SRI;CRK;CAV1;ECM1;ANXA5;SERPINA4;RAB27B;RAP1A;SCCPDH;STX4;KIF13B;F13A1;STIM1;ARRB1;ANXA2;TOR4A;QSOX1;PECAM1;GNAQ;NHLRC2;HRG;IGLV1-51;CD109;ATP2A1;PRKAR1A;CAPZA2;APOOL;CD36;KLKB1;CLU;SERPINA5;S100A10;ALDOA;ITIH4;VWF;GNG12;APOB;A2M;IGKV1-5;SELENOP;ENDOD1;STXBP3;IGHM;SERPIND1;SERPING1;IGLV3-19;PRKACA;SOD1;KNG1;ACTN2;JCHAIN;F12;ATP1B1;TTN;IGHV3-7;IGLV1-40;ORM1;TF;ORM2;IGLV8-61;CD9;IGKV4-1;IGLV1-47;AHSG;APOA1;MAPK3;SERPINC1;IGKV3-20;IGKV3D-20;A1BG;IGKC;IGLL1;IGHA1;SERPINA3;COL1A1;CFD;ALB;SERPINA1;AK3;PPP2R5A;COL1A2;CLEC3B;EHD2;PRKAR2A;SERPINB6;GNA11;MGLL,A1BG;A2M;ABHD12;ACTB;ACTN1;ACTN2;ACTN4;AHSG;AK3;ALB;ALDOA;ANXA2;ANXA5;APOA1;APOB;APOH;APOOL;APP;ARRB1;ARRB2;ATP1B1;ATP1B3;ATP2A1;ATP2A2;ATP2A3;ATP2B1;ATP2B4;BSG;C1QBP;CALU;CAP1;CAPZA1;CAPZA2;CAPZB;CAV1;CBX5;CD109;CD36;CD44;CD47;CD58;CD74;CD9;CDC42;CFD;CFL1;CHID1;CLEC3B;CLU;COL1A1;COL1A2;CRK;CSK;CYB5R1;CYRIB;DGKA;DOCK2;DOCK5;DOCK9;ECM1;EHD1;EHD2;ENDOD1;F10;F11R;F12;F13A1;F13B;F2;F5;F9;FAM3C;FERMT3;FGA;FGB;FGG;FLNA;FN1;GLG1;GNA11;GNA13;GNA15;GNAI1;GNAI2;GNAI3;GNAQ;GNB1;GNB2;GNG12;GNG2;GNG5;GPC1;GRB2;HBB;HBD;HBE1;HDAC1;HRG;HSPA5;IGHA1;IGHM;IGHV3-7;IGKC;IGKV1-5;IGKV3-20;IGKV3D-20;IGKV4-1;IGLL1;IGLV1-40;IGLV1-47;IGLV1-51;IGLV3-19;IGLV8-61;ITGA1;ITGA2;ITGA2B;ITGA3;ITGA5;ITGA6;ITGAM;ITGAV;ITGB1;ITGB2;ITGB3;ITIH3;ITIH4;ITPR2;ITPR3;JCHAIN;KDM1A;KIF13B;KIF2A;KIF5B;KLC1;KLC4;KLKB1;KNG1;KRAS;LAMP2;LGALS3BP;MANF;MAPK1;MAPK14;MAPK3;MFN1;MFN2;MGLL;MICAL1;MIF;MMRN1;NHLRC2;OLA1;ORM1;ORM2;PECAM1;PFN1;PLCG2;PLEK;PLG;PPBP;PPIA;PPP2CB;PPP2R1A;PPP2R5A;PPP2R5D;PPP2R5E;PRCP;PRKACA;PRKAR1A;PRKAR2A;PRKCD;PROCR;PROS1;PRTN3;PSAP;PTK2;PTPN1;PTPN11;PTPN6;QSOX1;RAB27B;RAB5A;RAC1;RAC2;RAP1A;RHOA;RHOG;S100A10;SCCPDH;SDC1;SELENOP;SERPINA1;SERPINA3;SERPINA4;SERPINA5;SERPINB2;SERPINB6;SERPINB8;SERPINC1;SERPIND1;SERPINF2;SERPING1;SLC16A1;SLC16A3;SLC3A2;SLC7A5;SOD1;SPARC;SRC;SRI;STIM1;STX4;STXBP2;STXBP3;SYK;TAGLN2;TF;THBS1;TLN1;TMSB4X;TMX3;TOR4A;TTN;TUBA1C;TUBA4A;TUBA4B;TUBB2A;TUBB3;TUBB4A;TUBB4B;TUBB6;VAV2;VCL;VPS45;VTI1B;VWF;WDR1;YWHAZ,0.014030812237090264
R-HSA-76005,Response to elevated platelet cytosolic Ca2+,86,-0.4126712106531486,-1.681318667525272,0.003996003996003996,40,ECM1;ANXA5;SERPINA4;RAB27B;SCCPDH;STX4;F13A1;TOR4A;QSOX1;PECAM1;NHLRC2;HRG;CD109;APOOL;CD36;CLU;ALDOA;ITIH4;VWF;A2M;SELENOP;ENDOD1;STXBP3;SERPING1;SOD1;KNG1;ACTN2;TTN;ORM1;TF;ORM2;CD9;AHSG;APOA1;A1BG;SERPINA3;CFD;ALB;SERPINA1;CLEC3B,A1BG;A2M;ACTN1;ACTN2;ACTN4;AHSG;ALB;ALDOA;ANXA5;APOA1;APOH;APOOL;APP;CALU;CAP1;CD109;CD36;CD9;CFD;CFL1;CHID1;CLEC3B;CLU;CYB5R1;CYRIB;ECM1;ENDOD1;F13A1;F5;FAM3C;FERMT3;FGA;FGB;FGG;FLNA;FN1;HRG;HSPA5;ITGA2B;ITGB3;ITIH3;ITIH4;KNG1;LAMP2;LGALS3BP;MANF;MMRN1;NHLRC2;OLA1;ORM1;ORM2;PECAM1;PFN1;PLEK;PLG;PPBP;PPIA;PROS1;PSAP;QSOX1;RAB27B;SCCPDH;SELENOP;SERPINA1;SERPINA3;SERPINA4;SERPINF2;SERPING1;SOD1;SPARC;STX4;STXBP2;STXBP3;TAGLN2;TF;THBS1;TLN1;TMSB4X;TMX3;TOR4A;TTN;TUBA4A;VCL;VTI1B;VWF;WDR1,0.014030812237090264
R-HSA-5419276,Mitochondrial translation termination,45,-0.4634554428063598,-1.6966693143520033,0.003996003996003996,34,MRPL12;MRPL21;MRPS17;MRPL43;MRPL39;MRPS16;MRPL13;MRPS23;MRPS28;MRPS2;MRPL41;MRPS35;MRPL49;MRPS22;MRPS31;MRPL2;MRPL11;MRPL44;MRPS34;MRPS18B;MRPL16;MRPL17;MRPS9;MRPL40;MRPL3;MRPL15;MRPL50;MRPL37;MRPL58;MRPL46;MRPL4;MRPL23;MRPS36;MRPL18,DAP3;MRPL11;MRPL12;MRPL13;MRPL15;MRPL16;MRPL17;MRPL18;MRPL19;MRPL2;MRPL21;MRPL23;MRPL28;MRPL3;MRPL37;MRPL38;MRPL39;MRPL4;MRPL40;MRPL41;MRPL43;MRPL44;MRPL46;MRPL47;MRPL48;MRPL49;MRPL50;MRPL58;MRPL9;MRPS16;MRPS17;MRPS18B;MRPS2;MRPS22;MRPS23;MRPS27;MRPS28;MRPS31;MRPS34;MRPS35;MRPS36;MRPS7;MRPS9;OXA1L;PTCD3,0.014030812237090264
R-HSA-140837,Intrinsic Pathway of Fibrin Clot Formation,15,-0.6492766987697385,-1.8182608366457484,0.003996003996003996,9,KLKB1;SERPINA5;VWF;A2M;SERPIND1;SERPING1;KNG1;F12;SERPINC1,A2M;C1QBP;F10;F12;F2;F9;KLKB1;KNG1;PRCP;PROS1;SERPINA5;SERPINC1;SERPIND1;SERPING1;VWF,0.014030812237090264
R-HSA-164952,The role of Nef in HIV-1 replication and disease pathogenesis,17,0.611328792846845,2.043511707432267,0.004995004995004995,7,PAK2;AP2A1;B2M;HLA-A;AP1M1;AP1G1;AP2B1,AP1B1;AP1G1;AP1M1;AP1M2;AP1S1;AP2A1;AP2A2;AP2B1;AP2M1;AP2S1;ATP6V1H;B2M;DOCK2;ELMO1;HLA-A;PAK2;RAC1,0.015898735410930533
R-HSA-8854050,FBXL7 down-regulates AURKA during mitotic entry and in early mitosis,44,0.4728089496289653,2.039429410287693,0.004995004995004995,29,PSMD2;PSMB9;PSMB8;PSME2;PSMD11;PSMD13;PSME3;PSMB3;PSMA4;PSMB2;PSMD7;PSME1;PSMD12;PSMC2;PSMA6;PSMB10;PSMD6;PSMA3;PSMC6;PSMD1;CUL1;PSMD14;SKP1;PSMA7;PSMB1;PSMC1;PSMD3;PSMA2;PSMD8,CUL1;PSMA1;PSMA2;PSMA3;PSMA4;PSMA5;PSMA6;PSMA7;PSMB1;PSMB10;PSMB2;PSMB3;PSMB4;PSMB5;PSMB6;PSMB7;PSMB8;PSMB9;PSMC1;PSMC2;PSMC3;PSMC4;PSMC5;PSMC6;PSMD1;PSMD10;PSMD11;PSMD12;PSMD13;PSMD14;PSMD2;PSMD3;PSMD4;PSMD5;PSMD6;PSMD7;PSMD8;PSMD9;PSME1;PSME2;PSME3;PSMF1;RBX1;SKP1,0.015898735410930533
R-HSA-1834949,Cytosolic sensors of pathogen-associated DNA,17,0.615361994339024,2.0268346918193227,0.004995004995004995,13,IFI16;PRKDC;NFKB2;DHX9;TRIM21;POLR2H;POLR2E;MRE11;XRCC5;RELA;NFKB1;XRCC6;STAT6,CTNNB1;DHX9;IFI16;IKBKG;LRRFIP1;MRE11;NFKB1;NFKB2;POLR2E;POLR2H;PRKDC;RELA;STAT6;STING1;TRIM21;XRCC5;XRCC6,0.015898735410930533
R-HSA-8941858,Regulation of RUNX3 expression and activity,43,0.4891407349484971,2.020587603413686,0.004995004995004995,21,PSMD2;PSMB9;PSMB8;PSME2;CBFB;PSMD11;PSMD13;PSME3;PSMB3;PSMA4;PSMB2;PSMD7;PSME1;PSMD12;PSMC2;PSMA6;PSMB10;PSMD6;PSMA3;PSMC6;SRC,CBFB;PSMA1;PSMA2;PSMA3;PSMA4;PSMA5;PSMA6;PSMA7;PSMB1;PSMB10;PSMB2;PSMB3;PSMB4;PSMB5;PSMB6;PSMB7;PSMB8;PSMB9;PSMC1;PSMC2;PSMC3;PSMC4;PSMC5;PSMC6;PSMD1;PSMD10;PSMD11;PSMD12;PSMD13;PSMD14;PSMD2;PSMD3;PSMD4;PSMD5;PSMD6;PSMD7;PSMD8;PSMD9;PSME1;PSME2;PSME3;PSMF1;SRC,0.015898735410930533
R-HSA-75815,Ubiquitin-dependent degradation of Cyclin D,42,0.4795028460558683,1.9979222289653134,0.004995004995004995,28,PSMD2;PSMB9;PSMB8;PSME2;PSMD11;PSMD13;PSME3;PSMB3;PSMA4;PSMB2;PSMD7;PSME1;PSMD12;PSMC2;PSMA6;PSMB10;PSMD6;PSMA3;PSMC6;PSMD1;GSK3B;PSMD14;PSMA7;PSMB1;PSMC1;PSMD3;PSMA2;PSMD8,GSK3B;PSMA1;PSMA2;PSMA3;PSMA4;PSMA5;PSMA6;PSMA7;PSMB1;PSMB10;PSMB2;PSMB3;PSMB4;PSMB5;PSMB6;PSMB7;PSMB8;PSMB9;PSMC1;PSMC2;PSMC3;PSMC4;PSMC5;PSMC6;PSMD1;PSMD10;PSMD11;PSMD12;PSMD13;PSMD14;PSMD2;PSMD3;PSMD4;PSMD5;PSMD6;PSMD7;PSMD8;PSMD9;PSME1;PSME2;PSME3;PSMF1,0.015898735410930533
R-HSA-69541,Stabilization of p53,41,0.4760921864953522,1.9856710989903104,0.004995004995004995,27,PSMD2;PSMB9;PSMB8;PSME2;PSMD11;PSMD13;PSME3;PSMB3;PSMA4;PSMB2;PSMD7;PSME1;PSMD12;PSMC2;PSMA6;PSMB10;PSMD6;PSMA3;PSMC6;PSMD1;PSMD14;PSMA7;PSMB1;PSMC1;PSMD3;PSMA2;PSMD8,PSMA1;PSMA2;PSMA3;PSMA4;PSMA5;PSMA6;PSMA7;PSMB1;PSMB10;PSMB2;PSMB3;PSMB4;PSMB5;PSMB6;PSMB7;PSMB8;PSMB9;PSMC1;PSMC2;PSMC3;PSMC4;PSMC5;PSMC6;PSMD1;PSMD10;PSMD11;PSMD12;PSMD13;PSMD14;PSMD2;PSMD3;PSMD4;PSMD5;PSMD6;PSMD7;PSMD8;PSMD9;PSME1;PSME2;PSME3;PSMF1,0.015898735410930533
R-HSA-5387390,Hh mutants abrogate ligand secretion,42,0.4784302542020948,1.9831700180238296,0.004995004995004995,28,PSMD2;PSMB9;PSMB8;PSME2;PSMD11;PSMD13;PSME3;PSMB3;PSMA4;PSMB2;PSMD7;PSME1;PSMD12;PSMC2;PSMA6;PSMB10;PSMD6;PSMA3;PSMC6;PSMD1;PSMD14;PSMA7;PSMB1;PSMC1;VCP;PSMD3;PSMA2;PSMD8,PSMA1;PSMA2;PSMA3;PSMA4;PSMA5;PSMA6;PSMA7;PSMB1;PSMB10;PSMB2;PSMB3;PSMB4;PSMB5;PSMB6;PSMB7;PSMB8;PSMB9;PSMC1;PSMC2;PSMC3;PSMC4;PSMC5;PSMC6;PSMD1;PSMD10;PSMD11;PSMD12;PSMD13;PSMD14;PSMD2;PSMD3;PSMD4;PSMD5;PSMD6;PSMD7;PSMD8;PSMD9;PSME1;PSME2;PSME3;PSMF1;VCP,0.015898735410930533
R-HSA-69613,p53-Independent G1/S DNA damage checkpoint,41,0.4760921864953522,1.9806439899579045,0.004995004995004995,27,PSMD2;PSMB9;PSMB8;PSME2;PSMD11;PSMD13;PSME3;PSMB3;PSMA4;PSMB2;PSMD7;PSME1;PSMD12;PSMC2;PSMA6;PSMB10;PSMD6;PSMA3;PSMC6;PSMD1;PSMD14;PSMA7;PSMB1;PSMC1;PSMD3;PSMA2;PSMD8,PSMA1;PSMA2;PSMA3;PSMA4;PSMA5;PSMA6;PSMA7;PSMB1;PSMB10;PSMB2;PSMB3;PSMB4;PSMB5;PSMB6;PSMB7;PSMB8;PSMB9;PSMC1;PSMC2;PSMC3;PSMC4;PSMC5;PSMC6;PSMD1;PSMD10;PSMD11;PSMD12;PSMD13;PSMD14;PSMD2;PSMD3;PSMD4;PSMD5;PSMD6;PSMD7;PSMD8;PSMD9;PSME1;PSME2;PSME3;PSMF1,0.015898735410930533
R-HSA-69580,p53-Dependent G1/S DNA damage checkpoint,41,0.4760921864953522,1.9723793097761488,0.004995004995004995,27,PSMD2;PSMB9;PSMB8;PSME2;PSMD11;PSMD13;PSME3;PSMB3;PSMA4;PSMB2;PSMD7;PSME1;PSMD12;PSMC2;PSMA6;PSMB10;PSMD6;PSMA3;PSMC6;PSMD1;PSMD14;PSMA7;PSMB1;PSMC1;PSMD3;PSMA2;PSMD8,PSMA1;PSMA2;PSMA3;PSMA4;PSMA5;PSMA6;PSMA7;PSMB1;PSMB10;PSMB2;PSMB3;PSMB4;PSMB5;PSMB6;PSMB7;PSMB8;PSMB9;PSMC1;PSMC2;PSMC3;PSMC4;PSMC5;PSMC6;PSMD1;PSMD10;PSMD11;PSMD12;PSMD13;PSMD14;PSMD2;PSMD3;PSMD4;PSMD5;PSMD6;PSMD7;PSMD8;PSMD9;PSME1;PSME2;PSME3;PSMF1,0.015898735410930533
R-HSA-8852135,Protein ubiquitination,19,0.5798789344327496,1.970305237199655,0.004995004995004995,6,PCNA;PRKDC;UBA6;DERL1;HLA-B;HLA-A,CDC73;DERL1;HLA-A;HLA-B;PCNA;PRKDC;SKIC8;UBA1;UBA6;UBE2G1;UBE2K;UBE2L3;UBE2N;UBE2V2;UCHL3;USP5;USP7;USP9X;VCP,0.015898735410930533
R-HSA-174184,Cdc20:Phospho-APC/C mediated degradation of Cyclin A,42,0.4884554551537088,1.96831231231512,0.004995004995004995,20,BUB3;PSMD2;PSMB9;PSMB8;PSME2;PSMD11;PSMD13;PSME3;PSMB3;PSMA4;PSMB2;PSMD7;PSME1;PSMD12;PSMC2;PSMA6;PSMB10;PSMD6;PSMA3;PSMC6,BUB3;PSMA1;PSMA2;PSMA3;PSMA4;PSMA5;PSMA6;PSMA7;PSMB1;PSMB10;PSMB2;PSMB3;PSMB4;PSMB5;PSMB6;PSMB7;PSMB8;PSMB9;PSMC1;PSMC2;PSMC3;PSMC4;PSMC5;PSMC6;PSMD1;PSMD10;PSMD11;PSMD12;PSMD13;PSMD14;PSMD2;PSMD3;PSMD4;PSMD5;PSMD6;PSMD7;PSMD8;PSMD9;PSME1;PSME2;PSME3;PSMF1,0.015898735410930533
R-HSA-3108214,SUMOylation of DNA damage response and repair proteins,34,0.5057486309850829,1.9665281839743045,0.004995004995004995,20,PML;NUP155;NUP188;SP100;NUP93;NUP160;NUP35;NUP153;NUP133;NUP88;NUP62;SEH1L;NUP214;NUP54;SEC13;NUP50;TPR;UBE2I;RANBP2;PARP1,AAAS;NUP107;NUP133;NUP153;NUP155;NUP160;NUP188;NUP205;NUP210;NUP214;NUP35;NUP43;NUP50;NUP54;NUP62;NUP85;NUP88;NUP93;NUP98;PARP1;PML;RAD21;RAE1;RANBP2;RPA1;SEC13;SEH1L;SMC1A;SMC3;SP100;STAG1;SUMO1;TPR;UBE2I,0.015898735410930533
R-HSA-9754678,SARS-CoV-2 modulates host translation machinery,37,0.49181887708764566,1.958295887241357,0.004995004995004995,23,SNRPD1;RPS15A;RPS3A;RPS11;RPS2;SNRPD2;RPS6;RPS27;RPS8;RPS5;RPS4X;RPS3;SNRPF;RPS9;RPS26;RPS17;RPS12;RPS23;RPS29;RPS7;RPS13;SNRPD3;RPS16,FAU;RPS10;RPS11;RPS12;RPS13;RPS14;RPS15;RPS15A;RPS16;RPS17;RPS18;RPS19;RPS2;RPS20;RPS21;RPS23;RPS24;RPS25;RPS26;RPS27;RPS27L;RPS28;RPS29;RPS3;RPS3A;RPS4X;RPS5;RPS6;RPS7;RPS8;RPS9;RPSA;SNRPD1;SNRPD2;SNRPD3;SNRPE;SNRPF,0.015898735410930533
R-HSA-159230,Transport of the SLBP Dependant Mature mRNA,26,0.5415931489253298,1.94991889642369,0.004995004995004995,16,NUP155;NUP188;NUP93;NUP160;NUP35;NUP153;NUP133;NUP88;NUP62;SEH1L;NUP214;NUP54;SEC13;NUP50;TPR;RANBP2,AAAS;ALYREF;EIF4E;NUP107;NUP133;NUP153;NUP155;NUP160;NUP188;NUP205;NUP210;NUP214;NUP35;NUP43;NUP50;NUP54;NUP62;NUP85;NUP88;NUP93;NUP98;RAE1;RANBP2;SEC13;SEH1L;TPR,0.015898735410930533
R-HSA-8939236,RUNX1 regulates transcription of genes involved in differentiation of HSCs,45,0.4550485152209351,1.9471253012917018,0.004995004995004995,21,PSMD2;PSMB9;PSMB8;PSME2;CBFB;PSMD11;PSMD13;PSME3;PSMB3;PSMA4;PSMB2;PSMD7;PSME1;PSMD12;PSMC2;PSMA6;PSMB10;PSMD6;PSMA3;ITCH;PSMC6,CBFB;H4C1;ITCH;PSMA1;PSMA2;PSMA3;PSMA4;PSMA5;PSMA6;PSMA7;PSMB1;PSMB10;PSMB2;PSMB3;PSMB4;PSMB5;PSMB6;PSMB7;PSMB8;PSMB9;PSMC1;PSMC2;PSMC3;PSMC4;PSMC5;PSMC6;PSMD1;PSMD10;PSMD11;PSMD12;PSMD13;PSMD14;PSMD2;PSMD3;PSMD4;PSMD5;PSMD6;PSMD7;PSMD8;PSMD9;PSME1;PSME2;PSME3;PSMF1;YAP1,0.015898735410930533
R-HSA-190828,Gap junction trafficking,16,0.6072353558937974,1.9412974928377562,0.004995004995004995,7,TUBB3;TUBA4B;TUBB6;CLTC;CLTA;TUBA1C;ACTB,ACTB;ACTG1;AP2M1;CLTA;CLTB;CLTC;DNM2;MYO6;TUBA1C;TUBA4A;TUBA4B;TUBB2A;TUBB3;TUBB4A;TUBB4B;TUBB6,0.015898735410930533
R-HSA-69202,Cyclin E associated events during G1/S transition,45,0.45308634507312884,1.937490165684785,0.004995004995004995,30,PSMD2;PSMB9;PSMB8;PSME2;PSMD11;PSMD13;PSME3;PSMB3;PSMA4;PSMB2;PSMD7;PSME1;PSMD12;PSMC2;PSMA6;PSMB10;PSMD6;PSMA3;PSMC6;PSMD1;CUL1;PSMD14;SKP1;PSMA7;PSMB1;PSMC1;PSMD3;PSMA2;PSMD8;RBBP4,CUL1;PSMA1;PSMA2;PSMA3;PSMA4;PSMA5;PSMA6;PSMA7;PSMB1;PSMB10;PSMB2;PSMB3;PSMB4;PSMB5;PSMB6;PSMB7;PSMB8;PSMB9;PSMC1;PSMC2;PSMC3;PSMC4;PSMC5;PSMC6;PSMD1;PSMD10;PSMD11;PSMD12;PSMD13;PSMD14;PSMD2;PSMD3;PSMD4;PSMD5;PSMD6;PSMD7;PSMD8;PSMD9;PSME1;PSME2;PSME3;PSMF1;PTK6;RBBP4;SKP1,0.015898735410930533
R-HSA-349425,Autodegradation of the E3 ubiquitin ligase COP1,41,0.4760921864953522,1.925763307601014,0.004995004995004995,27,PSMD2;PSMB9;PSMB8;PSME2;PSMD11;PSMD13;PSME3;PSMB3;PSMA4;PSMB2;PSMD7;PSME1;PSMD12;PSMC2;PSMA6;PSMB10;PSMD6;PSMA3;PSMC6;PSMD1;PSMD14;PSMA7;PSMB1;PSMC1;PSMD3;PSMA2;PSMD8,PSMA1;PSMA2;PSMA3;PSMA4;PSMA5;PSMA6;PSMA7;PSMB1;PSMB10;PSMB2;PSMB3;PSMB4;PSMB5;PSMB6;PSMB7;PSMB8;PSMB9;PSMC1;PSMC2;PSMC3;PSMC4;PSMC5;PSMC6;PSMD1;PSMD10;PSMD11;PSMD12;PSMD13;PSMD14;PSMD2;PSMD3;PSMD4;PSMD5;PSMD6;PSMD7;PSMD8;PSMD9;PSME1;PSME2;PSME3;PSMF1,0.015898735410930533
R-HSA-382556,ABC-family proteins mediated transport,54,0.424877608506959,1.8752777129011824,0.004995004995004995,23,EIF2S2;EIF2S1;DERL1;EIF2S3;PSMD2;PSMB9;PSMB8;ABCF1;PSME2;PSMD11;PSMD13;PSME3;PSMB3;PSMA4;PSMB2;PSMD7;PSME1;PSMD12;PSMC2;PSMA6;PSMB10;PSMD6;PSMA3,ABCC1;ABCD3;ABCF1;APOA1;DERL1;EIF2S1;EIF2S2;EIF2S3;ERLIN1;ERLIN2;PEX19;PSMA1;PSMA2;PSMA3;PSMA4;PSMA5;PSMA6;PSMA7;PSMB1;PSMB10;PSMB2;PSMB3;PSMB4;PSMB5;PSMB6;PSMB7;PSMB8;PSMB9;PSMC1;PSMC2;PSMC3;PSMC4;PSMC5;PSMC6;PSMD1;PSMD10;PSMD11;PSMD12;PSMD13;PSMD14;PSMD2;PSMD3;PSMD4;PSMD5;PSMD6;PSMD7;PSMD8;PSMD9;PSME1;PSME2;PSME3;PSMF1;RNF185;VCP,0.015898735410930533
R-HSA-983169,Class I MHC mediated antigen processing & presentation,138,0.33768308116084794,1.7869665687270777,0.004995004995004995,61,TAPBP;UBA6;TAP1;SEC61A1;TAP2;HLA-B;UBE2L6;PIK3R4;PSMD2;HLA-C;PSMB9;B2M;ITGAV;PSMB8;HLA-A;DTX3L;SEC61B;CYBB;TRIM21;PSME2;PSMD11;PSMD13;PSME3;CALR;TRIP12;CYBA;SEC23A;PSMB3;HSPA5;PSMA4;PSMB2;NCF2;ELOC;PSMD7;ERAP1;NCF4;PSME1;PSMD12;RNF213;PSMC2;CTSS;PSMA6;CANX;PSMB10;PSMD6;SEC31A;PSMA3;ITCH;UBE2G1;PSMC6;SEC13;UBR4;SNAP23;PDIA3;PSMD1;UBE3C;SEC24A;SEC24C;CUL2;CUL1;PSMD14,ATG7;B2M;BCAP31;BLMH;CALR;CANX;CD14;CD36;CTSS;CUL1;CUL2;CUL3;CUL5;CYBA;CYBB;DTX3L;ELOB;ELOC;ERAP1;FBXO7;FGA;FGB;FGG;GAN;HECTD1;HECTD3;HERC4;HLA-A;HLA-B;HLA-C;HMGB1;HSPA5;HUWE1;IKBKG;ITCH;ITGAV;ITGB5;KEAP1;LMO7;LNPEP;LTN1;MRC1;MRC2;NCF2;NCF4;NPEPPS;PDIA3;PIK3C3;PIK3R4;PSMA1;PSMA2;PSMA3;PSMA4;PSMA5;PSMA6;PSMA7;PSMB1;PSMB10;PSMB2;PSMB3;PSMB4;PSMB5;PSMB6;PSMB7;PSMB8;PSMB9;PSMC1;PSMC2;PSMC3;PSMC4;PSMC5;PSMC6;PSMD1;PSMD10;PSMD11;PSMD12;PSMD13;PSMD14;PSMD2;PSMD3;PSMD4;PSMD5;PSMD6;PSMD7;PSMD8;PSMD9;PSME1;PSME2;PSME3;PSMF1;RBX1;RNF213;S100A1;S100A8;S100A9;SAR1B;SEC13;SEC22B;SEC23A;SEC24A;SEC24B;SEC24C;SEC24D;SEC31A;SEC61A1;SEC61B;SKP1;SNAP23;STUB1;STX4;TAP1;TAP2;TAPBP;THOP1;TPP2;TRIM21;TRIP12;UBA1;UBA3;UBA6;UBA7;UBAC1;UBE2G1;UBE2K;UBE2L3;UBE2L6;UBE2M;UBE2N;UBE2O;UBE2V1;UBE2V2;UBE3A;UBE3C;UBE4A;UBR4;UFL1;VAMP3;VAMP8,0.015898735410930533
R-HSA-5576891,Cardiac conduction,22,-0.5136744220063005,-1.6008709804074912,0.004995004995004995,13,ATP1A2;ATP2A2;RYR1;ATP2A3;SRI;CAMK2G;STIM1;CASQ1;ATP2A1;CLIC2;PRKACA;CES1;ATP1B1,ASPH;ATP1A1;ATP1A2;ATP1B1;ATP1B3;ATP2A1;ATP2A2;ATP2A3;ATP2B1;ATP2B4;CACNG6;CAMK2D;CAMK2G;CASQ1;CES1;CLIC2;ITPR2;ITPR3;PRKACA;RYR1;SRI;STIM1,0.015898735410930533
R-HSA-5389840,Mitochondrial translation elongation,48,-0.44950586702359413,-1.6598408996518164,0.004995004995004995,35,MRPL12;MRPL21;MRPS17;MRPL43;MRPL39;MRPS16;MRPL13;MRPS23;MRPS28;MRPS2;MRPL41;MRPS35;MRPL49;MRPS22;MRPS31;MRPL2;MRPL11;MRPL44;MRPS34;MRPS18B;MRPL16;MRPL17;MRPS9;MRPL40;MRPL3;MRPL15;MRPL50;TUFM;MRPL37;MRPL58;MRPL46;MRPL4;MRPL23;MRPS36;MRPL18,DAP3;GFM1;MRPL11;MRPL12;MRPL13;MRPL15;MRPL16;MRPL17;MRPL18;MRPL19;MRPL2;MRPL21;MRPL23;MRPL28;MRPL3;MRPL37;MRPL38;MRPL39;MRPL4;MRPL40;MRPL41;MRPL43;MRPL44;MRPL46;MRPL47;MRPL48;MRPL49;MRPL50;MRPL58;MRPL9;MRPS16;MRPS17;MRPS18B;MRPS2;MRPS22;MRPS23;MRPS27;MRPS28;MRPS31;MRPS34;MRPS35;MRPS36;MRPS7;MRPS9;OXA1L;PTCD3;TSFM;TUFM,0.015898735410930533
R-HSA-5368286,Mitochondrial translation initiation,45,-0.4634554428063598,-1.6931671176311054,0.004995004995004995,34,MRPL12;MRPL21;MRPS17;MRPL43;MRPL39;MRPS16;MRPL13;MRPS23;MRPS28;MRPS2;MRPL41;MRPS35;MRPL49;MRPS22;MRPS31;MRPL2;MRPL11;MRPL44;MRPS34;MRPS18B;MRPL16;MRPL17;MRPS9;MRPL40;MRPL3;MRPL15;MRPL50;MRPL37;MRPL58;MRPL46;MRPL4;MRPL23;MRPS36;MRPL18,DAP3;MRPL11;MRPL12;MRPL13;MRPL15;MRPL16;MRPL17;MRPL18;MRPL19;MRPL2;MRPL21;MRPL23;MRPL28;MRPL3;MRPL37;MRPL38;MRPL39;MRPL4;MRPL40;MRPL41;MRPL43;MRPL44;MRPL46;MRPL47;MRPL48;MRPL49;MRPL50;MRPL58;MRPL9;MRPS16;MRPS17;MRPS18B;MRPS2;MRPS22;MRPS23;MRPS27;MRPS28;MRPS31;MRPS34;MRPS35;MRPS36;MRPS7;MRPS9;OXA1L;PTCD3,0.015898735410930533
R-HSA-72086,mRNA Capping,10,0.7367992401331104,2.0733076143477875,0.005994005994005994,6,GTF2F1;POLR2B;GTF2F2;POLR2H;POLR2A;POLR2E,GTF2F1;GTF2F2;POLR2A;POLR2B;POLR2C;POLR2E;POLR2H;POLR2I;RNMT;SUPT5H,0.018333229270729272
R-HSA-179419,APC:Cdc20 mediated degradation of cell cycle proteins prior to satisfation of the cell cycle checkpoint,42,0.4884554551537088,2.0653790762954913,0.005994005994005994,20,BUB3;PSMD2;PSMB9;PSMB8;PSME2;PSMD11;PSMD13;PSME3;PSMB3;PSMA4;PSMB2;PSMD7;PSME1;PSMD12;PSMC2;PSMA6;PSMB10;PSMD6;PSMA3;PSMC6,BUB3;PSMA1;PSMA2;PSMA3;PSMA4;PSMA5;PSMA6;PSMA7;PSMB1;PSMB10;PSMB2;PSMB3;PSMB4;PSMB5;PSMB6;PSMB7;PSMB8;PSMB9;PSMC1;PSMC2;PSMC3;PSMC4;PSMC5;PSMC6;PSMD1;PSMD10;PSMD11;PSMD12;PSMD13;PSMD14;PSMD2;PSMD3;PSMD4;PSMD5;PSMD6;PSMD7;PSMD8;PSMD9;PSME1;PSME2;PSME3;PSMF1,0.018333229270729272
R-HSA-1234176,Oxygen-dependent proline hydroxylation of Hypoxia-inducible Factor Alpha,45,0.4706356454748485,1.9919867294661322,0.005994005994005994,29,PSMD2;PSMB9;PSMB8;PSME2;PSMD11;PSMD13;PSME3;PSMB3;PSMA4;PSMB2;ELOC;PSMD7;PSME1;PSMD12;PSMC2;PSMA6;PSMB10;PSMD6;PSMA3;PSMC6;PSMD1;CUL2;PSMD14;PSMA7;PSMB1;PSMC1;PSMD3;PSMA2;PSMD8,CUL2;ELOB;ELOC;PSMA1;PSMA2;PSMA3;PSMA4;PSMA5;PSMA6;PSMA7;PSMB1;PSMB10;PSMB2;PSMB3;PSMB4;PSMB5;PSMB6;PSMB7;PSMB8;PSMB9;PSMC1;PSMC2;PSMC3;PSMC4;PSMC5;PSMC6;PSMD1;PSMD10;PSMD11;PSMD12;PSMD13;PSMD14;PSMD2;PSMD3;PSMD4;PSMD5;PSMD6;PSMD7;PSMD8;PSMD9;PSME1;PSME2;PSME3;PSMF1;RBX1,0.018333229270729272
R-HSA-174178,APC/C:Cdh1 mediated degradation of Cdc20 and other APC/C:Cdh1 targeted proteins in late mitosis/early G1,41,0.4760921864953522,1.9892810020535754,0.005994005994005994,27,PSMD2;PSMB9;PSMB8;PSME2;PSMD11;PSMD13;PSME3;PSMB3;PSMA4;PSMB2;PSMD7;PSME1;PSMD12;PSMC2;PSMA6;PSMB10;PSMD6;PSMA3;PSMC6;PSMD1;PSMD14;PSMA7;PSMB1;PSMC1;PSMD3;PSMA2;PSMD8,PSMA1;PSMA2;PSMA3;PSMA4;PSMA5;PSMA6;PSMA7;PSMB1;PSMB10;PSMB2;PSMB3;PSMB4;PSMB5;PSMB6;PSMB7;PSMB8;PSMB9;PSMC1;PSMC2;PSMC3;PSMC4;PSMC5;PSMC6;PSMD1;PSMD10;PSMD11;PSMD12;PSMD13;PSMD14;PSMD2;PSMD3;PSMD4;PSMD5;PSMD6;PSMD7;PSMD8;PSMD9;PSME1;PSME2;PSME3;PSMF1,0.018333229270729272
R-HSA-1234174,Cellular response to hypoxia,46,0.46594684423985466,1.9827733522650657,0.005994005994005994,29,PSMD2;PSMB9;PSMB8;PSME2;PSMD11;PSMD13;PSME3;PSMB3;PSMA4;PSMB2;ELOC;PSMD7;PSME1;PSMD12;PSMC2;PSMA6;PSMB10;PSMD6;PSMA3;PSMC6;PSMD1;CUL2;PSMD14;PSMA7;PSMB1;PSMC1;PSMD3;PSMA2;PSMD8,CUL2;ELOB;ELOC;HIGD1A;PSMA1;PSMA2;PSMA3;PSMA4;PSMA5;PSMA6;PSMA7;PSMB1;PSMB10;PSMB2;PSMB3;PSMB4;PSMB5;PSMB6;PSMB7;PSMB8;PSMB9;PSMC1;PSMC2;PSMC3;PSMC4;PSMC5;PSMC6;PSMD1;PSMD10;PSMD11;PSMD12;PSMD13;PSMD14;PSMD2;PSMD3;PSMD4;PSMD5;PSMD6;PSMD7;PSMD8;PSMD9;PSME1;PSME2;PSME3;PSMF1;RBX1,0.018333229270729272
R-HSA-174084,Autodegradation of Cdh1 by Cdh1:APC/C,41,0.4760921864953522,1.979659688500577,0.005994005994005994,27,PSMD2;PSMB9;PSMB8;PSME2;PSMD11;PSMD13;PSME3;PSMB3;PSMA4;PSMB2;PSMD7;PSME1;PSMD12;PSMC2;PSMA6;PSMB10;PSMD6;PSMA3;PSMC6;PSMD1;PSMD14;PSMA7;PSMB1;PSMC1;PSMD3;PSMA2;PSMD8,PSMA1;PSMA2;PSMA3;PSMA4;PSMA5;PSMA6;PSMA7;PSMB1;PSMB10;PSMB2;PSMB3;PSMB4;PSMB5;PSMB6;PSMB7;PSMB8;PSMB9;PSMC1;PSMC2;PSMC3;PSMC4;PSMC5;PSMC6;PSMD1;PSMD10;PSMD11;PSMD12;PSMD13;PSMD14;PSMD2;PSMD3;PSMD4;PSMD5;PSMD6;PSMD7;PSMD8;PSMD9;PSME1;PSME2;PSME3;PSMF1,0.018333229270729272
R-HSA-5619115,Disorders of transmembrane transporters,79,0.407439735274597,1.9464886153731935,0.005994005994005994,39,SLC3A2;DERL1;NUP155;BSG;PSMD2;SLC16A1;PSMB9;PSMB8;PSME2;PSMD11;PSMD13;PSME3;NUP188;PSMB3;PSMA4;NUP93;PSMB2;SLC2A1;PSMD7;PSME1;PSMD12;NUP160;PSMC2;NUP35;NUP153;PSMA6;NUP133;NUP88;PSMB10;NUP62;PSMD6;PSMA3;SEH1L;PSMC6;NUP214;NUP54;SEC13;NUP50;PSMD1,AAAS;APOA1;BSG;CP;DERL1;ERLIN1;ERLIN2;HK1;NUP107;NUP133;NUP153;NUP155;NUP160;NUP188;NUP205;NUP210;NUP214;NUP35;NUP43;NUP50;NUP54;NUP62;NUP85;NUP88;NUP93;NUP98;PSMA1;PSMA2;PSMA3;PSMA4;PSMA5;PSMA6;PSMA7;PSMB1;PSMB10;PSMB2;PSMB3;PSMB4;PSMB5;PSMB6;PSMB7;PSMB8;PSMB9;PSMC1;PSMC2;PSMC3;PSMC4;PSMC5;PSMC6;PSMD1;PSMD10;PSMD11;PSMD12;PSMD13;PSMD14;PSMD2;PSMD3;PSMD4;PSMD5;PSMD6;PSMD7;PSMD8;PSMD9;PSME1;PSME2;PSME3;PSMF1;RAE1;RANBP2;RNF185;SEC13;SEH1L;SLC16A1;SLC27A4;SLC2A1;SLC3A2;SLC4A1;TPR;VCP,0.018333229270729272
R-HSA-1222556,ROS and RNS production in phagocytes,17,0.5984805295559508,1.9415494067035524,0.005994005994005994,10,ATP6V0D1;CYBB;CYBA;RAC2;NCF2;NCF4;MPO;TCIRG1;ATP6V1C1;ATP6V0A1,ATP6V0A1;ATP6V0D1;ATP6V1A;ATP6V1B2;ATP6V1C1;ATP6V1D;ATP6V1E1;ATP6V1F;ATP6V1G1;ATP6V1H;CYBA;CYBB;MPO;NCF2;NCF4;RAC2;TCIRG1,0.018333229270729272
R-HSA-2187338,Visual phototransduction,25,-0.5099532843217804,-1.6277975539449627,0.005994005994005994,11,APOC2;APOC3;APOB;APOE;RBP4;HSPG2;APOM;APOA4;APOA1;APOA2;TTR,AGRN;AKR1B10;AKR1C3;APOA1;APOA2;APOA4;APOB;APOC2;APOC3;APOE;APOM;FNTA;FNTB;GNB1;GPC1;HSPG2;LRP1;METAP1;METAP2;NMT1;RBP4;RDH11;RETSAT;SDC1;TTR,0.018333229270729272
R-HSA-400206,Regulation of lipid metabolism by PPARalpha,17,-0.5910991349249102,-1.744150585463084,0.005994005994005994,9,CD36;ME1;ACADM;CPT2;ACSL1;MED23;AGT;APOA1;APOA2,ACADM;ACOX1;ACSL1;AGT;APOA1;APOA2;CARM1;CD36;CPT1A;CPT2;FHL2;HMGCS1;ME1;MED23;TBL1XR1;THRAP3;TXNRD1,0.018333229270729272
R-HSA-5358346,Hedgehog ligand biogenesis,43,0.4730615194181681,2.0254657621512293,0.006993006993006993,28,PSMD2;PSMB9;PSMB8;PSME2;PSMD11;PSMD13;PSME3;PSMB3;PSMA4;PSMB2;PSMD7;PSME1;PSMD12;PSMC2;PSMA6;PSMB10;PSMD6;PSMA3;PSMC6;PSMD1;PSMD14;PSMA7;PSMB1;PSMC1;VCP;PSMD3;PSMA2;PSMD8,P4HB;PSMA1;PSMA2;PSMA3;PSMA4;PSMA5;PSMA6;PSMA7;PSMB1;PSMB10;PSMB2;PSMB3;PSMB4;PSMB5;PSMB6;PSMB7;PSMB8;PSMB9;PSMC1;PSMC2;PSMC3;PSMC4;PSMC5;PSMC6;PSMD1;PSMD10;PSMD11;PSMD12;PSMD13;PSMD14;PSMD2;PSMD3;PSMD4;PSMD5;PSMD6;PSMD7;PSMD8;PSMD9;PSME1;PSME2;PSME3;PSMF1;VCP,0.020740623013350286
R-HSA-9609690,HCMV Early Events,49,0.44719716830877926,1.9838218296579417,0.006993006993006993,28,TUBB3;PML;NUP155;TUBA4B;TUBB6;NUP188;NUP93;ITGB1;EGFR;TRIM28;TUBA1C;NUP160;NUP35;NUP153;NUP133;NUP88;NUP62;SEH1L;TBL1XR1;NUP214;NUP54;SEC13;RBBP7;NUP50;NFKB1;TPR;RANBP2;DYNC1H1,AAAS;CBX1;DUT;DYNC1H1;DYNC1I2;DYNC1LI1;DYNC1LI2;DYNLL2;EGFR;H2AC21;H4C1;ITGB1;NFKB1;NUP107;NUP133;NUP153;NUP155;NUP160;NUP188;NUP205;NUP210;NUP214;NUP35;NUP43;NUP50;NUP54;NUP62;NUP85;NUP88;NUP93;NUP98;PML;RAE1;RANBP2;RBBP4;RBBP7;SEC13;SEH1L;TBL1XR1;TPR;TRIM28;TUBA1C;TUBA4A;TUBA4B;TUBB2A;TUBB3;TUBB4A;TUBB4B;TUBB6,0.020740623013350286
R-HSA-73886,Chromosome Maintenance,26,0.5305116309926855,1.948696232867071,0.006993006993006993,16,PCNA;RFC4;RUVBL1;POLR2B;FEN1;POLR2H;RUVBL2;POLR2A;POLR2E;NPM1;RSF1;DKC1;PPP6R3;GAR1;NHP2;RBBP7,DKC1;FEN1;GAR1;H4C1;NHP2;NPM1;PCNA;POLR2A;POLR2B;POLR2C;POLR2E;POLR2H;POLR2I;PPP6C;PPP6R3;RBBP4;RBBP7;RFC1;RFC4;RPA1;RPA2;RPA3;RSF1;RUVBL1;RUVBL2;SMARCA5,0.020740623013350286
R-HSA-389958,Cooperation of Prefoldin and TriC/CCT  in actin and tubulin folding,24,0.5423133695591358,1.904057862796352,0.006993006993006993,13,TUBB3;TUBA4B;TUBB6;PFDN4;CCT4;TUBA1C;VBP1;ACTB;CCT7;PFDN2;CCT2;CCT6A;TCP1,ACTB;CCT2;CCT3;CCT4;CCT5;CCT6A;CCT6B;CCT7;CCT8;PFDN1;PFDN2;PFDN4;PFDN5;PFDN6;TCP1;TUBA1C;TUBA4A;TUBA4B;TUBB2A;TUBB3;TUBB4A;TUBB4B;TUBB6;VBP1,0.020740623013350286
R-HSA-5621481,C-type lectin receptors (CLRs),64,0.417364212050951,1.8972845742543352,0.006993006993006993,35,PAK2;NFKB2;PSMD2;PYCARD;PSMB9;PSMB8;PSME2;PSMD11;PSMD13;PSME3;PSMB3;PSMA4;PSMB2;PRKCD;PSMD7;PSME1;PSMD12;PSMC2;PSMA6;PSMB10;PSMD6;PSMA3;RELA;PSMC6;SRC;PSMD1;PLCG2;PAK1;CUL1;PSMD14;NFKB1;SKP1;PSMA7;PSMB1;PSMC1,CUL1;IKBKG;ITPR2;ITPR3;KRAS;MUC5B;NFKB1;NFKB2;PAK1;PAK2;PLCG2;PPP3CA;PRKACA;PRKCD;PSMA1;PSMA2;PSMA3;PSMA4;PSMA5;PSMA6;PSMA7;PSMB1;PSMB10;PSMB2;PSMB3;PSMB4;PSMB5;PSMB6;PSMB7;PSMB8;PSMB9;PSMC1;PSMC2;PSMC3;PSMC4;PSMC5;PSMC6;PSMD1;PSMD10;PSMD11;PSMD12;PSMD13;PSMD14;PSMD2;PSMD3;PSMD4;PSMD5;PSMD6;PSMD7;PSMD8;PSMD9;PSME1;PSME2;PSME3;PSMF1;PYCARD;RELA;SKP1;SRC;SYK;UBA3;UBE2M;UBE2N;UBE2V1,0.020740623013350286
R-HSA-76002,"Platelet activation, signaling and aggregation",130,-0.3467853986576609,-1.503901828691671,0.006993006993006993,61,ARRB2;PPIA;RAC1;SERPINF2;F2;ITIH3;OLA1;VCL;CHID1;APOH;GNB1;CRK;ECM1;ANXA5;SERPINA4;RAB27B;RAP1A;SCCPDH;STX4;F13A1;ARRB1;TOR4A;QSOX1;PECAM1;GNAQ;NHLRC2;HRG;CD109;APOOL;CD36;CLU;ALDOA;ITIH4;VWF;GNG12;A2M;SELENOP;ENDOD1;STXBP3;SERPING1;SOD1;KNG1;ACTN2;TTN;ORM1;TF;ORM2;CD9;AHSG;APOA1;MAPK3;A1BG;SERPINA3;COL1A1;CFD;ALB;SERPINA1;COL1A2;CLEC3B;GNA11;MGLL,A1BG;A2M;ABHD12;ACTN1;ACTN2;ACTN4;AHSG;ALB;ALDOA;ANXA5;APOA1;APOH;APOOL;APP;ARRB1;ARRB2;CALU;CAP1;CD109;CD36;CD9;CDC42;CFD;CFL1;CHID1;CLEC3B;CLU;COL1A1;COL1A2;CRK;CSK;CYB5R1;CYRIB;DGKA;ECM1;ENDOD1;F13A1;F2;F5;FAM3C;FERMT3;FGA;FGB;FGG;FLNA;FN1;GNA11;GNA13;GNA15;GNAI1;GNAI2;GNAI3;GNAQ;GNB1;GNB2;GNG12;GNG2;GNG5;GRB2;HRG;HSPA5;ITGA2B;ITGB3;ITIH3;ITIH4;ITPR2;ITPR3;KNG1;LAMP2;LGALS3BP;MANF;MAPK1;MAPK14;MAPK3;MGLL;MMRN1;NHLRC2;OLA1;ORM1;ORM2;PECAM1;PFN1;PLCG2;PLEK;PLG;PPBP;PPIA;PRKCD;PROS1;PSAP;PTK2;PTPN1;PTPN11;PTPN6;QSOX1;RAB27B;RAC1;RAC2;RAP1A;RHOA;RHOG;SCCPDH;SELENOP;SERPINA1;SERPINA3;SERPINA4;SERPINF2;SERPING1;SOD1;SPARC;SRC;STX4;STXBP2;STXBP3;SYK;TAGLN2;TF;THBS1;TLN1;TMSB4X;TMX3;TOR4A;TTN;TUBA4A;VAV2;VCL;VTI1B;VWF;WDR1;YWHAZ,0.020740623013350286
R-HSA-381426,Regulation of Insulin-like Growth Factor (IGF) transport and uptake by Insulin-like Growth Factor Binding Proteins (IGFBPs),51,-0.42927568186719145,-1.6236542907681437,0.006993006993006993,18,C3;APOB;APOL1;APOE;SERPIND1;IGFALS;CST3;KNG1;FBN1;CP;TF;AHSG;APOA1;SERPINC1;APOA2;ALB;SERPINA1;LAMB2,ADAM10;AHSG;ALB;APOA1;APOA2;APOB;APOE;APOL1;APP;C3;C4A;CALU;CKAP4;CP;CST3;CTSG;DNAJC3;F2;F5;FBN1;FGA;FGG;FN1;HSP90B1;IGFALS;ITIH2;KNG1;KTN1;LAMB1;LAMB2;LAMC1;LGALS1;LTBP1;MFGE8;MIA3;NUCB1;P4HB;PDIA6;PLG;PRKCSH;QSOX1;RCN1;SERPINA1;SERPINC1;SERPIND1;TF;TGOLN2;TNC;VCAN;VWA1;WFS1,0.020740623013350286
R-HSA-8963899,Plasma lipoprotein remodeling,12,-0.6539084344057527,-1.720475152057195,0.006993006993006993,8,APOC2;APOC3;APOB;APOE;APOA4;APOA1;APOA2;ALB,ALB;APOA1;APOA2;APOA4;APOB;APOC2;APOC3;APOE;APOF;LMF2;LPA;P4HB,0.020740623013350286
R-HSA-350562,Regulation of ornithine decarboxylase (ODC),42,0.4638609215609148,1.947240215164403,0.007992007992007992,27,PSMD2;PSMB9;PSMB8;PSME2;PSMD11;PSMD13;PSME3;PSMB3;PSMA4;PSMB2;PSMD7;PSME1;PSMD12;PSMC2;PSMA6;PSMB10;PSMD6;PSMA3;PSMC6;PSMD1;PSMD14;PSMA7;PSMB1;PSMC1;PSMD3;PSMA2;PSMD8,NQO1;PSMA1;PSMA2;PSMA3;PSMA4;PSMA5;PSMA6;PSMA7;PSMB1;PSMB10;PSMB2;PSMB3;PSMB4;PSMB5;PSMB6;PSMB7;PSMB8;PSMB9;PSMC1;PSMC2;PSMC3;PSMC4;PSMC5;PSMC6;PSMD1;PSMD10;PSMD11;PSMD12;PSMD13;PSMD14;PSMD2;PSMD3;PSMD4;PSMD5;PSMD6;PSMD7;PSMD8;PSMD9;PSME1;PSME2;PSME3;PSMF1,0.02275542639179003
R-HSA-4641258,Degradation of DVL,43,0.4449226692947962,1.8567452704348402,0.007992007992007992,27,PSMD2;PSMB9;PSMB8;PSME2;PSMD11;PSMD13;PSME3;PSMB3;PSMA4;PSMB2;PSMD7;PSME1;PSMD12;PSMC2;PSMA6;PSMB10;PSMD6;PSMA3;PSMC6;PSMD1;PSMD14;PSMA7;PSMB1;PSMC1;PSMD3;PSMA2;PSMD8,CUL3;PSMA1;PSMA2;PSMA3;PSMA4;PSMA5;PSMA6;PSMA7;PSMB1;PSMB10;PSMB2;PSMB3;PSMB4;PSMB5;PSMB6;PSMB7;PSMB8;PSMB9;PSMC1;PSMC2;PSMC3;PSMC4;PSMC5;PSMC6;PSMD1;PSMD10;PSMD11;PSMD12;PSMD13;PSMD14;PSMD2;PSMD3;PSMD4;PSMD5;PSMD6;PSMD7;PSMD8;PSMD9;PSME1;PSME2;PSME3;PSMF1;RBX1,0.02275542639179003
R-HSA-1168372,Downstream signaling events of B Cell Receptor (BCR),50,0.42628625249327273,1.85603929957749,0.007992007992007992,28,PSMD2;PSMB9;PSMB8;PSME2;PSMD11;PSMD13;PSME3;PSMB3;PSMA4;PSMB2;PSMD7;PSME1;PSMD12;PSMC2;PSMA6;PSMB10;PSMD6;PSMA3;RELA;PSMC6;PSMD1;CUL1;PSMD14;NFKB1;SKP1;PSMA7;PSMB1;PSMC1,CUL1;FKBP1A;IKBKG;KRAS;NFKB1;PPIA;PPP3CA;PSMA1;PSMA2;PSMA3;PSMA4;PSMA5;PSMA6;PSMA7;PSMB1;PSMB10;PSMB2;PSMB3;PSMB4;PSMB5;PSMB6;PSMB7;PSMB8;PSMB9;PSMC1;PSMC2;PSMC3;PSMC4;PSMC5;PSMC6;PSMD1;PSMD10;PSMD11;PSMD12;PSMD13;PSMD14;PSMD2;PSMD3;PSMD4;PSMD5;PSMD6;PSMD7;PSMD8;PSMD9;PSME1;PSME2;PSME3;PSMF1;RELA;SKP1,0.02275542639179003
R-HSA-379716,Cytosolic tRNA aminoacylation,24,0.5217446149074225,1.8468214145826276,0.007992007992007992,15,GARS1;WARS1;YARS1;AARS1;DARS1;KARS1;VARS1;MARS1;RARS1;IARS1;TARS1;CARS1;SARS1;AIMP2;HARS1,AARS1;AIMP1;AIMP2;CARS1;DARS1;EEF1E1;EPRS1;FARSA;FARSB;GARS1;HARS1;IARS1;KARS1;LARS1;MARS1;NARS1;PPA1;QARS1;RARS1;SARS1;TARS1;VARS1;WARS1;YARS1,0.02275542639179003
R-HSA-9648025,EML4 and NUDC in mitotic spindle formation,44,0.4371640789090176,1.846693572591745,0.007992007992007992,20,TUBB3;RCC2;TUBA4B;BUB3;MAPRE1;TUBB6;RANGAP1;NUDC;RPS27;KIF2A;PPP2R5E;TUBA1C;XPO1;NUP160;NUP133;CKAP5;EML4;SEH1L;SEC13;PAFAH1B1,BUB3;CKAP5;CLASP1;CLIP1;DYNC1H1;DYNC1I2;DYNC1LI1;DYNC1LI2;DYNLL2;EML4;KIF2A;MAPRE1;NEK9;NUDC;NUP107;NUP133;NUP160;NUP43;NUP85;NUP98;PAFAH1B1;PPP1CC;PPP2CB;PPP2R1A;PPP2R5A;PPP2R5D;PPP2R5E;RANBP2;RANGAP1;RCC2;RPS27;SEC13;SEH1L;TAOK1;TUBA1C;TUBA4A;TUBA4B;TUBB2A;TUBB3;TUBB4A;TUBB4B;TUBB6;XPO1;ZW10,0.02275542639179003
R-HSA-5687128,MAPK6/MAPK4 signaling,52,0.4241401328376099,1.8430603135678971,0.007992007992007992,33,PAK2;PSMD2;PSMB9;PSMB8;PSME2;PSMD11;PSMD13;PSME3;PSMB3;CDC42;PSMA4;PSMB2;PSMD7;PSME1;PSMD12;XPO1;PSMC2;PSMA6;PSMB10;PSMD6;PSMA3;PSMC6;PSMD1;PAK1;PSMD14;PSMA7;PSMB1;PSMC1;MOV10;AGO2;PSMD3;PSMA2;PSMD8,AGO2;CDC42;DNAJB1;HSPB1;MOV10;PAK1;PAK2;PRKACA;PSMA1;PSMA2;PSMA3;PSMA4;PSMA5;PSMA6;PSMA7;PSMB1;PSMB10;PSMB2;PSMB3;PSMB4;PSMB5;PSMB6;PSMB7;PSMB8;PSMB9;PSMC1;PSMC2;PSMC3;PSMC4;PSMC5;PSMC6;PSMD1;PSMD10;PSMD11;PSMD12;PSMD13;PSMD14;PSMD2;PSMD3;PSMD4;PSMD5;PSMD6;PSMD7;PSMD8;PSMD9;PSME1;PSME2;PSME3;PSMF1;RAC1;SEPTIN7;XPO1,0.02275542639179003
R-HSA-216083,Integrin cell surface interactions,49,-0.4380553471987097,-1.6154166976720168,0.007992007992007992,20,CDH1;COL4A2;VWF;COL5A2;HSPG2;FBN1;COL6A3;COL18A1;COL6A1;COL6A2;COL16A1;COL6A6;COL5A3;COL2A1;COL5A1;COL1A1;COL1A2;COL3A1;COL10A1;LUM,AGRN;BSG;CD44;CD47;CDH1;COL10A1;COL16A1;COL18A1;COL1A1;COL1A2;COL2A1;COL3A1;COL4A1;COL4A2;COL4A3;COL5A1;COL5A2;COL5A3;COL6A1;COL6A2;COL6A3;COL6A6;COL7A1;F11R;FBN1;FGA;FGB;FGG;FN1;HSPG2;ICAM1;ITGA1;ITGA2;ITGA2B;ITGA3;ITGA5;ITGA6;ITGAM;ITGAV;ITGB1;ITGB2;ITGB3;ITGB5;LUM;PECAM1;THBS1;TNC;VTN;VWF,0.02275542639179003
R-HSA-140877,Formation of Fibrin Clot (Clotting Cascade),23,-0.5148512997567061,-1.64097673470508,0.007992007992007992,13,F2;F10;F9;F13A1;KLKB1;SERPINA5;VWF;A2M;SERPIND1;SERPING1;KNG1;F12;SERPINC1,A2M;C1QBP;F10;F12;F13A1;F13B;F2;F5;F9;FGA;FGB;FGG;KLKB1;KNG1;PRCP;PROCR;PROS1;PRTN3;SERPINA5;SERPINC1;SERPIND1;SERPING1;VWF,0.02275542639179003
R-HSA-156580,Phase II - Conjugation of compounds,29,-0.5038004255587544,-1.6538082224507975,0.007992007992007992,11,GGCT;GSTM3;OPLAH;UGP2;MGST3;GGT5;AKR1A1;ESD;MGST2;GSTM2;ABHD14B,ABHD10;ABHD14B;AHCY;AKR1A1;BPNT1;CNDP2;COMT;ESD;GCLC;GCLM;GGCT;GGT5;GSS;GSTK1;GSTM2;GSTM3;GSTO1;GSTP1;MAT2A;MAT2B;MGST2;MGST3;NNMT;OPLAH;PAPSS1;SULT2B1;TRMT112;UGDH;UGP2,0.02275542639179003
R-HSA-390918,Peroxisomal lipid metabolism,11,-0.6493293448399695,-1.6688363284709962,0.007992007992007992,5,ECI2;NUDT19;ACOX3;CRAT;ALDH3A2,ACAA1;ACOX1;ACOX3;ALDH3A2;CRAT;CROT;ECI2;EHHADH;HSD17B4;NUDT19;SCP2,0.02275542639179003
R-HSA-1989781,PPARA activates gene expression,17,-0.5910991349249102,-1.7376742566449237,0.007992007992007992,9,CD36;ME1;ACADM;CPT2;ACSL1;MED23;AGT;APOA1;APOA2,ACADM;ACOX1;ACSL1;AGT;APOA1;APOA2;CARM1;CD36;CPT1A;CPT2;FHL2;HMGCS1;ME1;MED23;TBL1XR1;THRAP3;TXNRD1,0.02275542639179003
R-HSA-8878159,Transcriptional regulation by RUNX3,47,0.4589995832454601,1.966489268499252,0.008991008991008992,21,PSMD2;PSMB9;PSMB8;PSME2;CBFB;PSMD11;PSMD13;PSME3;PSMB3;PSMA4;PSMB2;PSMD7;PSME1;PSMD12;PSMC2;PSMA6;PSMB10;PSMD6;PSMA3;PSMC6;SRC,CBFB;CTNNB1;KRAS;PSMA1;PSMA2;PSMA3;PSMA4;PSMA5;PSMA6;PSMA7;PSMB1;PSMB10;PSMB2;PSMB3;PSMB4;PSMB5;PSMB6;PSMB7;PSMB8;PSMB9;PSMC1;PSMC2;PSMC3;PSMC4;PSMC5;PSMC6;PSMD1;PSMD10;PSMD11;PSMD12;PSMD13;PSMD14;PSMD2;PSMD3;PSMD4;PSMD5;PSMD6;PSMD7;PSMD8;PSMD9;PSME1;PSME2;PSME3;PSMF1;SNW1;SRC;YAP1,0.024701614175298387
R-HSA-69656,Cyclin A:Cdk2-associated events at S phase entry,45,0.45308634507312884,1.922040323650247,0.008991008991008992,30,PSMD2;PSMB9;PSMB8;PSME2;PSMD11;PSMD13;PSME3;PSMB3;PSMA4;PSMB2;PSMD7;PSME1;PSMD12;PSMC2;PSMA6;PSMB10;PSMD6;PSMA3;PSMC6;PSMD1;CUL1;PSMD14;SKP1;PSMA7;PSMB1;PSMC1;PSMD3;PSMA2;PSMD8;RBBP4,CUL1;PSMA1;PSMA2;PSMA3;PSMA4;PSMA5;PSMA6;PSMA7;PSMB1;PSMB10;PSMB2;PSMB3;PSMB4;PSMB5;PSMB6;PSMB7;PSMB8;PSMB9;PSMC1;PSMC2;PSMC3;PSMC4;PSMC5;PSMC6;PSMD1;PSMD10;PSMD11;PSMD12;PSMD13;PSMD14;PSMD2;PSMD3;PSMD4;PSMD5;PSMD6;PSMD7;PSMD8;PSMD9;PSME1;PSME2;PSME3;PSMF1;PTK6;RBBP4;SKP1,0.024701614175298387
R-HSA-210991,Basigin interactions,12,0.6558171969689509,1.901302546001783,0.008991008991008992,6,SLC3A2;SLC7A5;ITGA6;ITGA3;BSG;SLC16A1,ATP1B1;ATP1B3;BSG;CAV1;ITGA3;ITGA6;ITGB1;PPIA;SLC16A1;SLC16A3;SLC3A2;SLC7A5,0.024701614175298387
R-HSA-5663220,RHO GTPases Activate Formins,56,0.4194767826730739,1.8707691643734459,0.008991008991008992,25,TUBB3;RCC2;TUBA4B;BUB3;MAPRE1;TUBB6;RANGAP1;NUDC;RHOC;CDC42;RPS27;ITGB1;KIF2A;PPP2R5E;TUBA1C;XPO1;NUP160;NUP133;CKAP5;ACTB;SEH1L;FMNL1;SRC;SEC13;PAFAH1B1,ACTB;ACTG1;BUB3;CDC42;CKAP5;CLASP1;CLIP1;DIAPH1;DIAPH2;DYNC1H1;DYNC1I2;DYNC1LI1;DYNC1LI2;DYNLL2;EVL;FMNL1;ITGB1;KIF2A;MAPRE1;NUDC;NUP107;NUP133;NUP160;NUP43;NUP85;NUP98;PAFAH1B1;PFN1;PFN2;PPP1CC;PPP2CB;PPP2R1A;PPP2R5A;PPP2R5D;PPP2R5E;RAC1;RANBP2;RANGAP1;RCC2;RHOA;RHOC;RPS27;SEC13;SEH1L;SRC;TAOK1;TUBA1C;TUBA4A;TUBA4B;TUBB2A;TUBB3;TUBB4A;TUBB4B;TUBB6;XPO1;ZW10,0.024701614175298387
R-HSA-8948751,Regulation of PTEN stability and activity,44,0.447013818047478,1.863057079010008,0.008991008991008992,21,PSMD2;PSMB9;PSMB8;CSNK2A2;PSME2;PSMD11;PSMD13;PSME3;PSMB3;PSMA4;PSMB2;CSNK2B;PSMD7;PSME1;PSMD12;PSMC2;PSMA6;PSMB10;PSMD6;PSMA3;PSMC6,CSNK2A2;CSNK2B;PSMA1;PSMA2;PSMA3;PSMA4;PSMA5;PSMA6;PSMA7;PSMB1;PSMB10;PSMB2;PSMB3;PSMB4;PSMB5;PSMB6;PSMB7;PSMB8;PSMB9;PSMC1;PSMC2;PSMC3;PSMC4;PSMC5;PSMC6;PSMD1;PSMD10;PSMD11;PSMD12;PSMD13;PSMD14;PSMD2;PSMD3;PSMD4;PSMD5;PSMD6;PSMD7;PSMD8;PSMD9;PSME1;PSME2;PSME3;PSMF1;STUB1,0.024701614175298387
R-HSA-69278,"Cell Cycle, Mitotic",182,0.32387375072726926,1.7991837874242014,0.008991008991008992,82,TUBB3;PCNA;RCC2;HSP90AB1;TNPO1;NUP155;TUBA4B;BUB3;RCC1;MAPRE1;MCM7;RFC4;PSMD2;TUBB6;PSMB9;FEN1;RANGAP1;RAN;PSMB8;CSNK2A2;PSME2;MCM3;PSMD11;PSMD13;SET;PSME3;NUDC;MCM6;NUP188;PSMB3;MCM2;RPS27;PSMA4;NUP93;PSMB2;TUBB;KIF2A;PPP2R5E;TUBA1C;CSNK2B;PSMD7;HSP90AA1;PSME1;PSMD12;XPO1;NUP160;KPNB1;PSMC2;CHMP4B;NUP35;PPME1;NUP153;PSMA6;NUP133;CKAP5;NUP88;PSMB10;NUP62;EML4;PSMD6;PSMA3;SEH1L;PSMC6;SRC;NUP214;NUP54;SEC13;PDS5B;PAFAH1B1;NUP50;SMC2;MCM5;PSMD1;GSK3B;PPP1CC;LBR;LMNB1;HDAC1;CUL1;PSMD14;TPR;UBE2I,AAAS;ACTR1A;ARPP19;BANF1;BUB3;CHMP2A;CHMP3;CHMP4A;CHMP4B;CKAP5;CLASP1;CLIP1;CSNK2A2;CSNK2B;CUL1;DCTN1;DCTN2;DCTN3;DYNC1H1;DYNC1I2;DYNC1LI1;DYNC1LI2;DYNLL2;EMD;EML4;ENSA;FEN1;GOLGA2;GORASP2;GSK3B;H4C1;HDAC1;HSP90AA1;HSP90AB1;IST1;KIF2A;KPNB1;LBR;LEMD2;LMNA;LMNB1;MAPK1;MAPK3;MAPRE1;MCM2;MCM3;MCM5;MCM6;MCM7;NCAPD2;NEK9;NUDC;NUMA1;NUP107;NUP133;NUP153;NUP155;NUP160;NUP188;NUP205;NUP210;NUP214;NUP35;NUP43;NUP50;NUP54;NUP62;NUP85;NUP88;NUP93;NUP98;OPTN;PAFAH1B1;PCM1;PCNA;PDS5A;PDS5B;PPME1;PPP1CB;PPP1CC;PPP1R12A;PPP2CB;PPP2R1A;PPP2R2A;PPP2R5A;PPP2R5D;PPP2R5E;PRKACA;PSMA1;PSMA2;PSMA3;PSMA4;PSMA5;PSMA6;PSMA7;PSMB1;PSMB10;PSMB2;PSMB3;PSMB4;PSMB5;PSMB6;PSMB7;PSMB8;PSMB9;PSMC1;PSMC2;PSMC3;PSMC4;PSMC5;PSMC6;PSMD1;PSMD10;PSMD11;PSMD12;PSMD13;PSMD14;PSMD2;PSMD3;PSMD4;PSMD5;PSMD6;PSMD7;PSMD8;PSMD9;PSME1;PSME2;PSME3;PSMF1;PTK6;RAB1A;RAB1B;RAB2A;RAB8A;RAD21;RAE1;RAN;RANBP2;RANGAP1;RBBP4;RBX1;RCC1;RCC2;RFC1;RFC4;RPA1;RPA2;RPA3;RPS27;SEC13;SEH1L;SET;SIRT2;SKP1;SMC1A;SMC2;SMC3;SRC;STAG1;SUMO1;TAOK1;TMPO;TNPO1;TOP2A;TPR;TUBA1C;TUBA4A;TUBA4B;TUBB;TUBB2A;TUBB3;TUBB4A;TUBB4B;TUBB6;TUBGCP2;UBE2I;USO1;VPS4A;XPO1;YWHAE;YWHAG;ZW10,0.024701614175298387
R-HSA-157118,Signaling by NOTCH,69,0.3783095708870612,1.733153706522076,0.008991008991008992,43,STAT1;YBX1;PSMD2;PSMB9;PSMB8;PSME2;NCSTN;PSMD11;PSMD13;PSME3;PSMB3;POGLUT1;PSMA4;PSMB2;EGFR;PSMD7;YWHAZ;POFUT1;PSME1;PSMD12;PSMC2;PSMA6;PSMB10;PSMD6;PSMA3;ITCH;TBL1XR1;PSMC6;PSMD1;HDAC1;CUL1;PSMD14;SKP1;PSMA7;PSMB1;RAB6A;PSMC1;MOV10;AGO2;ADAM10;PSMD3;PSMA2;PSMD8,ADAM10;AGO2;ARRB1;ARRB2;ATP2A1;ATP2A2;ATP2A3;CNTN1;CUL1;EGFR;H4C1;HDAC1;ITCH;MOV10;NCSTN;NUMB;POFUT1;POGLUT1;PSMA1;PSMA2;PSMA3;PSMA4;PSMA5;PSMA6;PSMA7;PSMB1;PSMB10;PSMB2;PSMB3;PSMB4;PSMB5;PSMB6;PSMB7;PSMB8;PSMB9;PSMC1;PSMC2;PSMC3;PSMC4;PSMC5;PSMC6;PSMD1;PSMD10;PSMD11;PSMD12;PSMD13;PSMD14;PSMD2;PSMD3;PSMD4;PSMD5;PSMD6;PSMD7;PSMD8;PSMD9;PSME1;PSME2;PSME3;PSMF1;RAB6A;RBX1;SKP1;SNW1;STAT1;TBL1XR1;TLE3;TMED2;YBX1;YWHAZ,0.024701614175298387
R-HSA-1474244,Extracellular matrix organization,120,-0.34303032699943903,-1.4675601271304557,0.008991008991008992,37,VWF;COL5A2;LAMA2;A2M;DMD;HSPG2;FBN1;COL6A3;COL18A1;DAG1;NID1;COL6A1;COL6A2;COL16A1;COL6A6;CAPN2;COL5A3;FBLN5;COL2A1;TTR;COL5A1;COL1A1;MFAP5;BGN;COL1A2;LAMA5;COL15A1;COL3A1;LAMB2;COL10A1;CAPNS1;ASPN;COL14A1;LUM;DCN;CMA1;TNXB,A2M;ACTN1;ADAM10;AGRN;APP;ASPN;BGN;BSG;CAPN1;CAPN2;CAPNS1;CASK;CASP3;CAST;CD44;CD47;CDH1;CMA1;COL10A1;COL12A1;COL14A1;COL15A1;COL16A1;COL17A1;COL18A1;COL1A1;COL1A2;COL2A1;COL3A1;COL4A1;COL4A2;COL4A3;COL5A1;COL5A2;COL5A3;COL6A1;COL6A2;COL6A3;COL6A6;COL7A1;COLGALT1;CRTAP;CTSB;CTSD;CTSG;CTSS;DAG1;DCN;DMD;DST;EFEMP1;ELANE;EMILIN1;EMILIN2;F11R;FBLN1;FBLN2;FBLN5;FBN1;FGA;FGB;FGG;FMOD;FN1;HSPG2;HTRA1;ICAM1;ITGA1;ITGA2;ITGA2B;ITGA3;ITGA5;ITGA6;ITGAM;ITGAV;ITGB1;ITGB2;ITGB3;ITGB4;ITGB5;KLKB1;LAMA2;LAMA3;LAMA4;LAMA5;LAMB1;LAMB2;LAMB3;LAMC1;LAMC2;LTBP1;LTBP2;LUM;MFAP2;MFAP5;MMP8;MMP9;NCSTN;NID1;NID2;P3H1;P4HA1;P4HB;PCOLCE;PECAM1;PLEC;PLG;PLOD1;PPIB;SDC1;SERPINH1;SPARC;THBS1;TNC;TNXB;TRAPPC4;TTR;VCAN;VTN;VWF,0.024701614175298387
R-HSA-8957275,Post-translational protein phosphorylation,47,-0.4284496727883284,-1.5591404582547357,0.008991008991008992,17,C3;APOB;APOL1;APOE;SERPIND1;CST3;KNG1;FBN1;CP;TF;AHSG;APOA1;SERPINC1;APOA2;ALB;SERPINA1;LAMB2,ADAM10;AHSG;ALB;APOA1;APOA2;APOB;APOE;APOL1;APP;C3;C4A;CALU;CKAP4;CP;CST3;DNAJC3;F5;FBN1;FGA;FGG;FN1;HSP90B1;ITIH2;KNG1;KTN1;LAMB1;LAMB2;LAMC1;LGALS1;LTBP1;MFGE8;MIA3;NUCB1;P4HB;PDIA6;PRKCSH;QSOX1;RCN1;SERPINA1;SERPINC1;SERPIND1;TF;TGOLN2;TNC;VCAN;VWA1;WFS1,0.024701614175298387
R-HSA-445355,Smooth Muscle Contraction,26,-0.5261051379448758,-1.671782649048004,0.008991008991008992,12,MYL11;MYL9;TPM3;MYLK;TPM2;TPM1;MYL6B;SORBS1;LMOD1;ALDH2;SORBS3;MYH11,ALDH2;ANXA1;ANXA2;ANXA6;CALD1;DYSF;ITGA1;ITGB5;LMOD1;MYH11;MYL11;MYL6;MYL6B;MYL9;MYLK;PAK1;PAK2;PXN;SORBS1;SORBS3;TLN1;TPM1;TPM2;TPM3;TPM4;VCL,0.024701614175298387
R-HSA-1630316,Glycosaminoglycan metabolism,20,-0.5432773984900466,-1.6238925838658227,0.00999000999000999,5,BGN;LUM;DCN;OGN;PRELP,AGRN;BGN;CD44;CHP1;CSPG4;DCN;FMOD;GLB1;GNS;GPC1;GUSB;HEXA;HEXB;HSPG2;LUM;OGN;PAPSS1;PRELP;SDC1;VCAN,0.02735027210551686
R-HSA-69190,DNA strand elongation,12,0.6405414318034551,1.8922257178877182,0.01098901098901099,7,PCNA;MCM7;RFC4;FEN1;MCM3;MCM6;MCM2,FEN1;MCM2;MCM3;MCM5;MCM6;MCM7;PCNA;RFC1;RFC4;RPA1;RPA2;RPA3,0.029467108234231525
R-HSA-9735869,SARS-CoV-1 modulates host translation machinery,33,0.4821786989741934,1.879319391238823,0.01098901098901099,19,RPS15A;RPS3A;RPS11;RPS2;RPS6;RPS27;RPS8;RPS5;RPS4X;RPS3;RPS9;RPS26;RPS17;RPS12;HNRNPA1;RPS23;RPS29;RPS7;RPS13,FAU;HNRNPA1;RPS10;RPS11;RPS12;RPS13;RPS14;RPS15;RPS15A;RPS16;RPS17;RPS18;RPS19;RPS2;RPS20;RPS21;RPS23;RPS24;RPS25;RPS26;RPS27;RPS27L;RPS28;RPS29;RPS3;RPS3A;RPS4X;RPS5;RPS6;RPS7;RPS8;RPS9;RPSA,0.029467108234231525
R-HSA-3301854,Nuclear Pore Complex (NPC) Disassembly,25,0.5212472428416579,1.8786170359030936,0.01098901098901099,16,NUP155;NUP188;NUP93;NUP160;NUP35;NUP153;NUP133;NUP88;NUP62;SEH1L;NUP214;NUP54;SEC13;NUP50;TPR;RANBP2,AAAS;NEK9;NUP107;NUP133;NUP153;NUP155;NUP160;NUP188;NUP205;NUP210;NUP214;NUP35;NUP43;NUP50;NUP54;NUP62;NUP85;NUP88;NUP93;NUP98;RAE1;RANBP2;SEC13;SEH1L;TPR,0.029467108234231525
R-HSA-5632684,Hedgehog 'on' state,50,0.4293678863260531,1.8766624514051664,0.01098901098901099,22,CSNK1A1;PSMD2;PSMB9;PSMB8;PSME2;PSMD11;PSMD13;PSME3;PSMB3;PSMA4;PSMB2;PSMD7;GRK2;PSME1;PSMD12;PSMC2;PSMA6;PSMB10;PSMD6;PSMA3;ITCH;PSMC6,ARRB1;ARRB2;CDC73;CSNK1A1;CUL3;GRK2;ITCH;NUMB;PSMA1;PSMA2;PSMA3;PSMA4;PSMA5;PSMA6;PSMA7;PSMB1;PSMB10;PSMB2;PSMB3;PSMB4;PSMB5;PSMB6;PSMB7;PSMB8;PSMB9;PSMC1;PSMC2;PSMC3;PSMC4;PSMC5;PSMC6;PSMD1;PSMD10;PSMD11;PSMD12;PSMD13;PSMD14;PSMD2;PSMD3;PSMD4;PSMD5;PSMD6;PSMD7;PSMD8;PSMD9;PSME1;PSME2;PSME3;PSMF1;RBX1,0.029467108234231525
R-HSA-1226099,Signaling by FGFR in disease,18,0.5513316886977996,1.8192322555228955,0.01098901098901099,8,STAT1;GTF2F1;STAT3;POLR2B;GTF2F2;POLR2H;POLR2A;POLR2E,BCR;CPSF6;ERLIN2;GRB2;GTF2F1;GTF2F2;KRAS;LRRFIP1;MYO18A;POLR2A;POLR2B;POLR2C;POLR2E;POLR2H;POLR2I;STAT1;STAT3;STAT5A,0.029467108234231525
R-HSA-1852241,Organelle biogenesis and maintenance,86,-0.3650270128371084,-1.4912768032574522,0.01098901098901099,34,YWHAE;MICOS13;SAMM50;CHCHD3;MT-ATP8;ACTR1A;MT-ATP6;DCTN1;EXOC1;IMMT;MTX2;TMEM11;APOOL;SIRT3;IDH2;ATP5MF;ATP5PB;PRKACA;APOO;ATP5PF;DCTN2;ATP5F1C;ATP5MG;ATP5PD;TFAM;ATP5PO;DCTN3;ATP5ME;ATP5F1A;ATP5F1D;ATP5F1B;DYNLT5;GLUD1;DYNLL2,ACTR1A;APOO;APOOL;ARF4;ARL3;ATP5F1A;ATP5F1B;ATP5F1C;ATP5F1D;ATP5ME;ATP5MF;ATP5MG;ATP5PB;ATP5PD;ATP5PF;ATP5PO;CARM1;CCT2;CCT3;CCT4;CCT5;CCT8;CHCHD3;CKAP5;CLASP1;CYCS;DCTN1;DCTN2;DCTN3;DNAJC11;DYNC1H1;DYNC1I2;DYNLL2;DYNLRB1;DYNLT5;EXOC1;EXOC2;EXOC3;EXOC4;EXOC5;EXOC7;EXOC8;GBF1;GLUD1;HCFC1;HSP90AA1;HSPA9;IDH2;IMMT;MAPK14;MAPRE1;MICOS10;MICOS13;MT-ATP6;MT-ATP8;MTX1;MTX2;PAFAH1B1;PCM1;PPP2R1A;PRKACA;PRKAG1;RAB8A;RP2;SAMM50;SEPTIN2;SIRT3;SIRT5;SOD2;SSBP1;TBL1XR1;TCP1;TFAM;TMEM11;TNPO1;TRIP11;TUBA1C;TUBA4A;TUBB;TUBB2A;TUBB3;TUBB4A;TUBB4B;TUBB6;YWHAE;YWHAG,0.029467108234231525
R-HSA-9683701,Translation of Structural Proteins_9683701,11,0.6340863474423906,1.8606349839905292,0.011988011988011988,10,PARP9;MOGS;GANAB;PRKCSH;CANX;PARP4;GSK3B;UBE2I;PARP14;MGAT1,CANX;GANAB;GSK3B;MGAT1;MOGS;PARP14;PARP4;PARP9;PRKCSH;SUMO1;UBE2I,0.03160475887748615
R-HSA-437239,Recycling pathway of L1,27,0.4931503349406644,1.8334507015965444,0.011988011988011988,9,TUBB3;AP2A1;TUBA4B;TUBB6;MSN;CLTC;CLTA;AP2B1;TUBA1C,ACTB;ACTG1;AP2A1;AP2A2;AP2B1;AP2M1;AP2S1;CLTA;CLTC;DNM2;DPYSL2;EZR;MAPK1;MSN;NUMB;RDX;RPS6KA3;SHTN1;SRC;TUBA1C;TUBA4A;TUBA4B;TUBB2A;TUBB3;TUBB4A;TUBB4B;TUBB6,0.03160475887748615
R-HSA-157579,Telomere Maintenance,21,0.5363461840092852,1.8211509827893464,0.011988011988011988,13,PCNA;RFC4;RUVBL1;POLR2B;FEN1;POLR2H;RUVBL2;POLR2A;POLR2E;DKC1;PPP6R3;GAR1;NHP2,DKC1;FEN1;GAR1;H4C1;NHP2;PCNA;POLR2A;POLR2B;POLR2C;POLR2E;POLR2H;POLR2I;PPP6C;PPP6R3;RFC1;RFC4;RPA1;RPA2;RPA3;RUVBL1;RUVBL2,0.03160475887748615
R-HSA-389977,Post-chaperonin tubulin folding pathway,13,0.6214076720140369,1.8164583351326984,0.011988011988011988,3,TUBB3;TUBA4B;TUBB6,ARL2;TBCA;TBCB;TBCD;TBCE;TUBA1C;TUBA4A;TUBA4B;TUBB2A;TUBB3;TUBB4A;TUBB4B;TUBB6,0.03160475887748615
R-HSA-198933,Immunoregulatory interactions between a Lymphoid and a non-Lymphoid cell,27,-0.5280087728295813,-1.7151394248693448,0.011988011988011988,17,IGLV1-51;CDH1;C3;IGKV1-5;IGLV3-19;IGHV3-7;IGLV1-40;IGLV8-61;IGKV4-1;IGLV1-47;IGKV3-20;IGKV3D-20;IGKC;COL2A1;COL1A1;COL1A2;COL3A1,B2M;C3;CD81;CDH1;COL17A1;COL1A1;COL1A2;COL2A1;COL3A1;HLA-A;HLA-B;HLA-C;ICAM1;IGHV3-7;IGKC;IGKV1-5;IGKV3-20;IGKV3D-20;IGKV4-1;IGLV1-40;IGLV1-47;IGLV1-51;IGLV3-19;IGLV8-61;ITGB1;ITGB2;NECTIN2,0.03160475887748615
R-HSA-180585,Vif-mediated degradation of APOBEC3G,45,0.4402165059824698,1.8561527759675946,0.012987012987012988,20,PSMD2;PSMB9;PSMB8;PSME2;PSMD11;PSMD13;PSME3;PSMB3;PSMA4;PSMB2;ELOC;PSMD7;PSME1;PSMD12;PSMC2;PSMA6;PSMB10;PSMD6;PSMA3;PSMC6,CUL5;ELOB;ELOC;PSMA1;PSMA2;PSMA3;PSMA4;PSMA5;PSMA6;PSMA7;PSMB1;PSMB10;PSMB2;PSMB3;PSMB4;PSMB5;PSMB6;PSMB7;PSMB8;PSMB9;PSMC1;PSMC2;PSMC3;PSMC4;PSMC5;PSMC6;PSMD1;PSMD10;PSMD11;PSMD12;PSMD13;PSMD14;PSMD2;PSMD3;PSMD4;PSMD5;PSMD6;PSMD7;PSMD8;PSMD9;PSME1;PSME2;PSME3;PSMF1;RBX1,0.03367162638685818
R-HSA-389957,Prefoldin mediated transfer of substrate  to CCT/TriC,23,0.5207485184445829,1.840107166110458,0.012987012987012988,14,TUBB3;TUBB6;PFDN4;CCT4;TUBA1C;VBP1;ACTB;CCT7;PFDN2;CCT2;CCT6A;TCP1;CCT5;CCT8,ACTB;CCT2;CCT3;CCT4;CCT5;CCT6A;CCT6B;CCT7;CCT8;PFDN1;PFDN2;PFDN4;PFDN5;PFDN6;TCP1;TUBA1C;TUBA4A;TUBB2A;TUBB3;TUBB4A;TUBB4B;TUBB6;VBP1,0.03367162638685818
R-HSA-429914,Deadenylation-dependent mRNA decay,27,0.4787430317828514,1.7952899868202163,0.012987012987012988,16,EIF4A1;DIS3;EIF4G1;EIF4A3;PABPC1;EXOSC6;EIF4B;TNKS1BP1;LSM6;EXOSC4;PAIP1;CNOT1;DDX6;XRN1;EXOSC7;EXOSC3,CNOT1;DCPS;DDX6;DIS3;EDC4;EIF4A1;EIF4A2;EIF4A3;EIF4B;EIF4E;EIF4G1;EXOSC3;EXOSC4;EXOSC6;EXOSC7;HBS1L;LSM1;LSM3;LSM6;LSM7;PABPC1;PAIP1;SKIC2;SKIC3;SKIC8;TNKS1BP1;XRN1,0.03367162638685818
R-HSA-5610787,Hedgehog 'off' state,58,0.3869329496186628,1.740878488647156,0.012987012987012988,32,TUBB3;CSNK1A1;PSMD2;TUBB6;PSMB9;PSMB8;PSME2;PSMD11;PSMD13;PSME3;PSMB3;PSMA4;PSMB2;TUBA1C;PSMD7;PSME1;PSMD12;PSMC2;PSMA6;PSMB10;PSMD6;PSMA3;ITCH;PSMC6;PSMD1;GSK3B;CUL1;PSMD14;SKP1;PSMA7;PSMB1;PSMC1,CSNK1A1;CUL1;GSK3B;ITCH;NUMB;PRKACA;PRKAR1A;PRKAR2A;PSMA1;PSMA2;PSMA3;PSMA4;PSMA5;PSMA6;PSMA7;PSMB1;PSMB10;PSMB2;PSMB3;PSMB4;PSMB5;PSMB6;PSMB7;PSMB8;PSMB9;PSMC1;PSMC2;PSMC3;PSMC4;PSMC5;PSMC6;PSMD1;PSMD10;PSMD11;PSMD12;PSMD13;PSMD14;PSMD2;PSMD3;PSMD4;PSMD5;PSMD6;PSMD7;PSMD8;PSMD9;PSME1;PSME2;PSME3;PSMF1;RBX1;SKP1;TUBA1C;TUBA4A;TUBB2A;TUBB3;TUBB4A;TUBB4B;TUBB6,0.03367162638685818
R-HSA-186797,Signaling by PDGF,27,-0.48457431884090596,-1.5998806330631532,0.012987012987012988,11,COL4A2;COL5A2;COL6A3;COL6A1;COL6A2;COL6A6;COL5A3;THBS4;COL2A1;COL5A1;COL3A1,COL2A1;COL3A1;COL4A1;COL4A2;COL4A3;COL5A1;COL5A2;COL5A3;COL6A1;COL6A2;COL6A3;COL6A6;CRK;CRKL;GRB2;KRAS;NCK1;NCK2;PLG;PTPN11;SRC;STAT1;STAT3;STAT5A;STAT6;THBS1;THBS4,0.03367162638685818
R-HSA-4608870,Asymmetric localization of PCP proteins,42,0.44722446937340693,1.9007940626098787,0.013986013986013986,27,PSMD2;PSMB9;PSMB8;PSME2;PSMD11;PSMD13;PSME3;PSMB3;PSMA4;PSMB2;PSMD7;PSME1;PSMD12;PSMC2;PSMA6;PSMB10;PSMD6;PSMA3;PSMC6;PSMD1;PSMD14;PSMA7;PSMB1;PSMC1;PSMD3;PSMA2;PSMD8,PSMA1;PSMA2;PSMA3;PSMA4;PSMA5;PSMA6;PSMA7;PSMB1;PSMB10;PSMB2;PSMB3;PSMB4;PSMB5;PSMB6;PSMB7;PSMB8;PSMB9;PSMC1;PSMC2;PSMC3;PSMC4;PSMC5;PSMC6;PSMD1;PSMD10;PSMD11;PSMD12;PSMD13;PSMD14;PSMD2;PSMD3;PSMD4;PSMD5;PSMD6;PSMD7;PSMD8;PSMD9;PSME1;PSME2;PSME3;PSMF1;SCRIB,0.03590507852802935
R-HSA-3371511,HSF1 activation,15,0.5924581711994583,1.872001634648781,0.013986013986013986,4,SERPINH1;HSPH1;HSP90AB1;PTGES3,DNAJB1;FKBP4;HSBP1;HSP90AA1;HSP90AB1;HSPA1L;HSPH1;MRPL18;PTGES3;RPA1;RPA2;RPA3;SERPINH1;VCP;YWHAE,0.03590507852802935
R-HSA-5362517,Signaling by Retinoic Acid,16,-0.5622324864628206,-1.6078294984943593,0.013986013986013986,7,DLD;RDH13;DLAT;PDHA1;PDHX;PDHB;ALDH1A1,AKR1C3;ALDH1A1;ALDH1A3;CPT1A;CRABP2;DHRS4;DLAT;DLD;FABP5;PDHA1;PDHB;PDHX;RDH11;RDH13;RDH14;SDR16C5,0.03590507852802935
R-HSA-5658442,Regulation of RAS by GAPs,44,0.4417314368176121,1.8772645198474074,0.014985014985014986,19,PSMD2;PSMB9;PSMB8;PSME2;PSMD11;PSMD13;PSME3;PSMB3;PSMA4;PSMB2;PSMD7;PSME1;PSMD12;PSMC2;PSMA6;PSMB10;PSMD6;PSMA3;PSMC6,CUL3;KRAS;PSMA1;PSMA2;PSMA3;PSMA4;PSMA5;PSMA6;PSMA7;PSMB1;PSMB10;PSMB2;PSMB3;PSMB4;PSMB5;PSMB6;PSMB7;PSMB8;PSMB9;PSMC1;PSMC2;PSMC3;PSMC4;PSMC5;PSMC6;PSMD1;PSMD10;PSMD11;PSMD12;PSMD13;PSMD14;PSMD2;PSMD3;PSMD4;PSMD5;PSMD6;PSMD7;PSMD8;PSMD9;PSME1;PSME2;PSME3;PSMF1;RBX1,0.03784924752666688
R-HSA-3371568,Attenuation phase,12,0.6259839863681078,1.83631891305871,0.014985014985014986,4,SERPINH1;HSPH1;HSP90AB1;PTGES3,DNAJB1;FKBP4;HSBP1;HSP90AA1;HSP90AB1;HSPA1L;HSPA2;HSPA8;HSPH1;MRPL18;PTGES3;SERPINH1,0.03784924752666688
R-HSA-4551638,SUMOylation of chromatin organization proteins,29,0.4868234651128779,1.8279880579302974,0.014985014985014986,18,NUP155;NUP188;NUP93;NUP160;NUP35;NUP153;NUP133;NUP88;NUP62;SEH1L;NUP214;NUP54;SEC13;NUP50;HDAC1;TPR;UBE2I;RANBP2,AAAS;CBX5;H4C1;HDAC1;NUP107;NUP133;NUP153;NUP155;NUP160;NUP188;NUP205;NUP210;NUP214;NUP35;NUP43;NUP50;NUP54;NUP62;NUP85;NUP88;NUP93;NUP98;RAE1;RANBP2;SEC13;SEH1L;SUMO1;TPR;UBE2I,0.03784924752666688
R-HSA-381119,Unfolded Protein Response (UPR),34,0.46360317279564756,1.7973686802334914,0.014985014985014986,15,EIF2S2;EIF2S1;EIF2S3;DIS3;SSR1;ATP6V0D1;DNAJB11;CALR;HSP90B1;EXOSC6;SRPRB;HSPA5;PDIA6;SRPRA;HYOU1,ACADVL;ADD1;ARFGAP1;ATP6V0D1;CALR;DCTN1;DIS3;DNAJB11;DNAJC3;EIF2S1;EIF2S2;EIF2S3;EXOSC3;EXOSC4;EXOSC6;EXOSC7;GFPT1;HDGF;HSP90B1;HSPA5;HYOU1;KHSRP;LMNA;MYDGF;PDIA5;PDIA6;PREB;SEC31A;SRPRA;SRPRB;SSR1;TLN1;TPP1;WFS1,0.03784924752666688
R-HSA-5578775,Ion homeostasis,20,-0.555624823811547,-1.6610390106056767,0.014985014985014986,12,ATP1A2;ATP2A2;RYR1;ATP2A3;SRI;CAMK2G;STIM1;CASQ1;ATP2A1;CLIC2;PRKACA;ATP1B1,ASPH;ATP1A1;ATP1A2;ATP1B1;ATP1B3;ATP2A1;ATP2A2;ATP2A3;ATP2B1;ATP2B4;CAMK2D;CAMK2G;CASQ1;CLIC2;ITPR2;ITPR3;PRKACA;RYR1;SRI;STIM1,0.03784924752666688
R-HSA-5610780,Degradation of GLI1 by the proteasome,47,0.43200099187284474,1.829638562344922,0.015984015984015984,30,PSMD2;PSMB9;PSMB8;PSME2;PSMD11;PSMD13;PSME3;PSMB3;PSMA4;PSMB2;PSMD7;PSME1;PSMD12;PSMC2;PSMA6;PSMB10;PSMD6;PSMA3;ITCH;PSMC6;PSMD1;CUL1;PSMD14;SKP1;PSMA7;PSMB1;PSMC1;PSMD3;PSMA2;PSMD8,CUL1;ITCH;NUMB;PRKACA;PSMA1;PSMA2;PSMA3;PSMA4;PSMA5;PSMA6;PSMA7;PSMB1;PSMB10;PSMB2;PSMB3;PSMB4;PSMB5;PSMB6;PSMB7;PSMB8;PSMB9;PSMC1;PSMC2;PSMC3;PSMC4;PSMC5;PSMC6;PSMD1;PSMD10;PSMD11;PSMD12;PSMD13;PSMD14;PSMD2;PSMD3;PSMD4;PSMD5;PSMD6;PSMD7;PSMD8;PSMD9;PSME1;PSME2;PSME3;PSMF1;RBX1;SKP1,0.03985823094103349
R-HSA-2500257,Resolution of Sister Chromatid Cohesion,48,0.416547244978035,1.782517508564201,0.015984015984015984,20,TUBB3;RCC2;TUBA4B;BUB3;MAPRE1;TUBB6;RANGAP1;NUDC;RPS27;KIF2A;PPP2R5E;TUBA1C;XPO1;NUP160;NUP133;CKAP5;SEH1L;SEC13;PDS5B;PAFAH1B1,BUB3;CKAP5;CLASP1;CLIP1;DYNC1H1;DYNC1I2;DYNC1LI1;DYNC1LI2;DYNLL2;KIF2A;MAPRE1;NUDC;NUP107;NUP133;NUP160;NUP43;NUP85;NUP98;PAFAH1B1;PDS5A;PDS5B;PPP1CC;PPP2CB;PPP2R1A;PPP2R5A;PPP2R5D;PPP2R5E;RAD21;RANBP2;RANGAP1;RCC2;RPS27;SEC13;SEH1L;SMC1A;SMC3;STAG1;TAOK1;TUBA1C;TUBA4A;TUBA4B;TUBB2A;TUBB3;TUBB4A;TUBB4B;TUBB6;XPO1;ZW10,0.03985823094103349
R-HSA-5619102,SLC transporter disorders,32,0.4661568511448026,1.7812802554489613,0.015984015984015984,18,SLC3A2;NUP155;BSG;SLC16A1;NUP188;NUP93;SLC2A1;NUP160;NUP35;NUP153;NUP133;NUP88;NUP62;SEH1L;NUP214;NUP54;SEC13;NUP50,AAAS;BSG;CP;HK1;NUP107;NUP133;NUP153;NUP155;NUP160;NUP188;NUP205;NUP210;NUP214;NUP35;NUP43;NUP50;NUP54;NUP62;NUP85;NUP88;NUP93;NUP98;RAE1;RANBP2;SEC13;SEH1L;SLC16A1;SLC27A4;SLC2A1;SLC3A2;SLC4A1;TPR,0.03985823094103349
R-HSA-6807505,RNA polymerase II transcribes snRNA genes,18,0.5300987084858351,1.7759490786033778,0.015984015984015984,9,CDK9;GTF2F1;POLR2B;GTF2F2;POLR2H;SRRT;POLR2A;POLR2E;SUPT4H1,CCNK;CDK9;GTF2A1;GTF2F1;GTF2F2;INTS1;INTS12;POLR2A;POLR2B;POLR2C;POLR2E;POLR2H;POLR2I;RPRD1B;SRRT;SSU72;SUPT4H1;SUPT5H,0.03985823094103349
R-HSA-2022090,Assembly of collagen fibrils and other multimeric structures,32,-0.4579632921285031,-1.5439085868360378,0.016983016983016984,14,COL6A3;COL18A1;COL6A1;COL6A2;COL6A6;COL5A3;COL2A1;COL5A1;COL1A1;COL1A2;COL15A1;COL3A1;COL10A1;COL14A1,COL10A1;COL12A1;COL14A1;COL15A1;COL17A1;COL18A1;COL1A1;COL1A2;COL2A1;COL3A1;COL4A1;COL4A2;COL4A3;COL5A1;COL5A2;COL5A3;COL6A1;COL6A2;COL6A3;COL6A6;COL7A1;CTSB;CTSS;DST;ITGA6;ITGB4;LAMA3;LAMB3;LAMC2;MMP9;PCOLCE;PLEC,0.04221492792921364
R-HSA-211000,Gene Silencing by RNA,39,0.4422485625465082,1.8222388457063676,0.017982017982017984,21,NUP155;XPO5;POLR2B;RAN;POLR2H;NUP188;NUP93;POLR2A;POLR2E;HSP90AA1;NUP160;NUP35;NUP153;NUP133;NUP88;NUP62;SEH1L;NUP214;NUP54;SEC13;NUP50,AAAS;AGO2;ANG;DICER1;H4C1;HSP90AA1;NUP107;NUP133;NUP153;NUP155;NUP160;NUP188;NUP205;NUP210;NUP214;NUP35;NUP43;NUP50;NUP54;NUP62;NUP85;NUP88;NUP93;NUP98;POLR2A;POLR2B;POLR2C;POLR2E;POLR2H;POLR2I;PRKRA;RAE1;RAN;RANBP2;SEC13;SEH1L;TPR;TSN;XPO5,0.04441615167167218
R-HSA-3781865,Diseases of glycosylation,28,-0.4726305376841864,-1.5498902364494287,0.017982017982017984,9,HSPG2;DAG1;PGM1;MPI;BGN;LUM;DCN;OGN;PRELP,AGRN;BGN;CSPG4;CTSA;DAG1;DCN;DPM1;DPM3;FMOD;GALK1;GFPT1;GLB1;GPC1;HEXA;HEXB;HSPG2;LUM;MOGS;MPDU1;MPI;MUC5B;OGN;PGM1;PMM2;PRELP;SDC1;THBS1;VCAN,0.04441615167167218
R-HSA-5656169,Termination of translesion DNA synthesis,11,0.6318873125396703,1.7699573795043437,0.01898101898101898,6,ISG15;PCNA;UBE2L6;RFC4;USP10;TRIM25,ISG15;PCNA;RFC1;RFC4;RPA1;RPA2;RPA3;TRIM25;UBA7;UBE2L6;USP10,0.04587079587079587
R-HSA-390471,Association of TriC/CCT with target proteins during biosynthesis,17,0.5384249321067888,1.7679625812616568,0.01898101898101898,11,FKBP9;NOP56;STAT3;XRN2;CCT4;GBA1;AP3M1;CCT7;CCT2;CCT6A;TCP1,AP3M1;CCT2;CCT3;CCT4;CCT5;CCT6A;CCT6B;CCT7;CCT8;DCAF7;FKBP9;GBA1;NOP56;SKIC2;STAT3;TCP1;XRN2,0.04587079587079587
R-HSA-429947,Deadenylation of mRNA,10,0.6436151780371477,1.7502097961849372,0.01898101898101898,8,EIF4A1;EIF4G1;EIF4A3;PABPC1;EIF4B;TNKS1BP1;PAIP1;CNOT1,CNOT1;EIF4A1;EIF4A2;EIF4A3;EIF4B;EIF4E;EIF4G1;PABPC1;PAIP1;TNKS1BP1,0.04587079587079587
R-HSA-5678895,Defective CFTR causes cystic fibrosis,46,0.40765799439814704,1.726191397067736,0.01898101898101898,30,DERL1;PSMD2;PSMB9;PSMB8;PSME2;PSMD11;PSMD13;PSME3;PSMB3;PSMA4;PSMB2;PSMD7;PSME1;PSMD12;PSMC2;PSMA6;PSMB10;PSMD6;PSMA3;PSMC6;PSMD1;PSMD14;PSMA7;PSMB1;PSMC1;VCP;PSMD3;PSMA2;RNF185;PSMD8,DERL1;ERLIN1;ERLIN2;PSMA1;PSMA2;PSMA3;PSMA4;PSMA5;PSMA6;PSMA7;PSMB1;PSMB10;PSMB2;PSMB3;PSMB4;PSMB5;PSMB6;PSMB7;PSMB8;PSMB9;PSMC1;PSMC2;PSMC3;PSMC4;PSMC5;PSMC6;PSMD1;PSMD10;PSMD11;PSMD12;PSMD13;PSMD14;PSMD2;PSMD3;PSMD4;PSMD5;PSMD6;PSMD7;PSMD8;PSMD9;PSME1;PSME2;PSME3;PSMF1;RNF185;VCP,0.04587079587079587
R-HSA-203927,MicroRNA (miRNA) biogenesis,11,0.6195744843804529,1.722085870017396,0.01898101898101898,6,XPO5;POLR2B;RAN;POLR2H;POLR2A;POLR2E,AGO2;DICER1;POLR2A;POLR2B;POLR2C;POLR2E;POLR2H;POLR2I;PRKRA;RAN;XPO5,0.04587079587079587
R-HSA-196849,Metabolism of water-soluble vitamins and cofactors,39,-0.41239039566756913,-1.4649971143898695,0.01898101898101898,12,MMAB;NAXE;PNPO;PCCA;MMUT;PANK4;DCAKD;MCCC2;SHMT1;MCCC1;PCCB;CYB5A,AASDHPPT;ABCC1;ACACA;ALDH1L2;BST1;COASY;CYB5A;CYB5R3;DCAKD;ENPP2;FASN;FLAD1;GPHN;GSTO1;MCCC1;MCCC2;MMAB;MMUT;MTHFD1;NADK2;NAMPT;NAPRT;NAXE;NFS1;NNMT;NT5E;PANK4;PARP14;PARP4;PARP9;PC;PCCA;PCCB;PDXK;PNPO;PPCS;SHMT1;SHMT2;SLC2A1,0.04587079587079587
R-HSA-8862803,Deregulated CDK5 triggers multiple neurodegenerative pathways in Alzheimer's disease models,12,-0.6029459992921993,-1.595517308069207,0.01898101898101898,7,CAPN1;CAST;PRDX2;PRDX1;CAPN2;LMNA;CAPNS1,APP;CAPN1;CAPN2;CAPNS1;CAST;GOLGA2;LMNA;LMNB1;PRDX1;PRDX2;SOD2;YWHAE,0.04587079587079587
R-HSA-3928662,EPHB-mediated forward signaling,20,0.5310215934284737,1.8749661777488023,0.01998001998001998,13,ARPC1B;CFL1;ACTR3;ARPC2;ARPC3;CDC42;ARPC5;ACTR2;ACTB;SRC;ARPC4;PTK2;PAK1,ACTB;ACTG1;ACTR2;ACTR3;ARPC1A;ARPC1B;ARPC2;ARPC3;ARPC4;ARPC5;CDC42;CFL1;PAK1;PTK2;RAC1;RHOA;ROCK1;ROCK2;SRC;WASL,0.047696206232791596
R-HSA-180910,Vpr-mediated nuclear import of PICs,28,0.4863731879598539,1.8387037137157036,0.01998001998001998,17,NUP155;HMGA1;NUP188;NUP93;NUP160;NUP35;NUP153;NUP133;NUP88;NUP62;SEH1L;NUP214;NUP54;SEC13;NUP50;TPR;RANBP2,AAAS;BANF1;HMGA1;KPNA1;NUP107;NUP133;NUP153;NUP155;NUP160;NUP188;NUP205;NUP210;NUP214;NUP35;NUP43;NUP50;NUP54;NUP62;NUP85;NUP88;NUP93;NUP98;PSIP1;RAE1;RANBP2;SEC13;SEH1L;TPR,0.047696206232791596
R-HSA-9619483,Activation of AMPK downstream of NMDARs,10,0.6325366657589159,1.746791209917752,0.01998001998001998,3,TUBB3;TUBA4B;TUBB6,PRKAA1;PRKAG1;TUBA1C;TUBA4A;TUBA4B;TUBB2A;TUBB3;TUBB4A;TUBB4B;TUBB6,0.047696206232791596
R-HSA-6785470,tRNA processing in the mitochondrion,10,-0.6340698517018301,-1.5761444941554228,0.01998001998001998,9,TRNT1;MT-ND4;MT-ATP8;MT-ATP6;MT-ND2;MT-CO2;MT-ND5;MT-CO3;HSD17B10,HSD17B10;MT-ATP6;MT-ATP8;MT-CO2;MT-CO3;MT-ND2;MT-ND4;MT-ND5;TRMT10C;TRNT1,0.047696206232791596
R-HSA-9664407,Parasite infection,47,-0.40135833808599763,-1.4645212032761907,0.02197802197802198,18,BAIAP2;ABI1;IGLV1-51;MYH2;IGKV1-5;IGLV3-19;IGHG4;IGHV3-7;IGLV1-40;IGLV8-61;IGKV4-1;IGLV1-47;MAPK3;IGKV3-20;IGKV3D-20;MYO1C;IGHG2;IGKC,ABI1;ACTB;ACTG1;ACTR2;ACTR3;ARPC1A;ARPC1B;ARPC2;ARPC3;ARPC4;ARPC5;BAIAP2;BRK1;CDC42;CRK;CYFIP1;ELMO1;GRB2;IGHG2;IGHG3;IGHG4;IGHV3-7;IGKC;IGKV1-5;IGKV3-20;IGKV3D-20;IGKV4-1;IGLV1-40;IGLV1-47;IGLV1-51;IGLV3-19;IGLV8-61;MAPK1;MAPK3;MYH2;MYH9;MYO1C;NCK1;NCKAP1;PTK2;RAC1;SRC;SYK;VAV2;WAS;WASF2;WASL,0.052147852147852156
R-HSA-1650814,Collagen biosynthesis and modifying enzymes,31,-0.4636409900540701,-1.5557365787363062,0.02197802197802198,15,COL6A3;COL18A1;COL6A1;COL6A2;COL16A1;COL6A6;COL5A3;COL2A1;COL5A1;COL1A1;COL1A2;COL15A1;COL3A1;COL10A1;COL14A1,COL10A1;COL12A1;COL14A1;COL15A1;COL16A1;COL17A1;COL18A1;COL1A1;COL1A2;COL2A1;COL3A1;COL4A1;COL4A2;COL4A3;COL5A1;COL5A2;COL5A3;COL6A1;COL6A2;COL6A3;COL6A6;COL7A1;COLGALT1;CRTAP;P3H1;P4HA1;P4HB;PCOLCE;PLOD1;PPIB;SERPINH1,0.052147852147852156
R-HSA-1236978,Cross-presentation of soluble exogenous antigens (endosomes),43,0.4155388718948685,1.7504830345815046,0.022977022977022976,19,PSMD2;PSMB9;PSMB8;PSME2;PSMD11;PSMD13;PSME3;PSMB3;PSMA4;PSMB2;PSMD7;PSME1;PSMD12;PSMC2;PSMA6;PSMB10;PSMD6;PSMA3;PSMC6,MRC1;MRC2;PSMA1;PSMA2;PSMA3;PSMA4;PSMA5;PSMA6;PSMA7;PSMB1;PSMB10;PSMB2;PSMB3;PSMB4;PSMB5;PSMB6;PSMB7;PSMB8;PSMB9;PSMC1;PSMC2;PSMC3;PSMC4;PSMC5;PSMC6;PSMD1;PSMD10;PSMD11;PSMD12;PSMD13;PSMD14;PSMD2;PSMD3;PSMD4;PSMD5;PSMD6;PSMD7;PSMD8;PSMD9;PSME1;PSME2;PSME3;PSMF1,0.054353501483410845
R-HSA-9820841,M-decay: degradation of maternal mRNAs by maternally stored factors,16,0.5375161723335917,1.6955264556459975,0.023976023976023976,10,EIF4A1;EIF4G1;EIF4A3;PABPC1;RPS2;EIF4B;TNKS1BP1;ELOC;PAIP1;CNOT1,AGO2;CNOT1;DICER1;EIF4A1;EIF4A2;EIF4A3;EIF4B;EIF4E;EIF4G1;ELOC;KPNA2;PABPC1;PAIP1;RPS2;TNKS1BP1;TUBB4B,0.05603948290515455
R-HSA-68886,M Phase,155,0.3095111141798708,1.6738148298333972,0.023976023976023976,61,TUBB3;RCC2;TNPO1;NUP155;TUBA4B;BUB3;RCC1;MAPRE1;PSMD2;TUBB6;PSMB9;RANGAP1;RAN;PSMB8;CSNK2A2;PSME2;PSMD11;PSMD13;SET;PSME3;NUDC;NUP188;PSMB3;RPS27;PSMA4;NUP93;PSMB2;TUBB;KIF2A;PPP2R5E;TUBA1C;CSNK2B;PSMD7;HSP90AA1;PSME1;PSMD12;XPO1;NUP160;KPNB1;PSMC2;CHMP4B;NUP35;NUP153;PSMA6;NUP133;CKAP5;NUP88;PSMB10;NUP62;EML4;PSMD6;PSMA3;SEH1L;PSMC6;NUP214;NUP54;SEC13;PDS5B;PAFAH1B1;NUP50;SMC2,AAAS;ACTR1A;ARPP19;BANF1;BUB3;CHMP2A;CHMP3;CHMP4A;CHMP4B;CKAP5;CLASP1;CLIP1;CSNK2A2;CSNK2B;DCTN1;DCTN2;DCTN3;DYNC1H1;DYNC1I2;DYNC1LI1;DYNC1LI2;DYNLL2;EMD;EML4;ENSA;GOLGA2;GORASP2;H4C1;HSP90AA1;IST1;KIF2A;KPNB1;LBR;LEMD2;LMNA;LMNB1;MAPK1;MAPK3;MAPRE1;NCAPD2;NEK9;NUDC;NUMA1;NUP107;NUP133;NUP153;NUP155;NUP160;NUP188;NUP205;NUP210;NUP214;NUP35;NUP43;NUP50;NUP54;NUP62;NUP85;NUP88;NUP93;NUP98;PAFAH1B1;PCM1;PDS5A;PDS5B;PPP1CC;PPP2CB;PPP2R1A;PPP2R2A;PPP2R5A;PPP2R5D;PPP2R5E;PRKACA;PSMA1;PSMA2;PSMA3;PSMA4;PSMA5;PSMA6;PSMA7;PSMB1;PSMB10;PSMB2;PSMB3;PSMB4;PSMB5;PSMB6;PSMB7;PSMB8;PSMB9;PSMC1;PSMC2;PSMC3;PSMC4;PSMC5;PSMC6;PSMD1;PSMD10;PSMD11;PSMD12;PSMD13;PSMD14;PSMD2;PSMD3;PSMD4;PSMD5;PSMD6;PSMD7;PSMD8;PSMD9;PSME1;PSME2;PSME3;PSMF1;RAB1A;RAB1B;RAB2A;RAD21;RAE1;RAN;RANBP2;RANGAP1;RCC1;RCC2;RPS27;SEC13;SEH1L;SET;SIRT2;SMC1A;SMC2;SMC3;STAG1;SUMO1;TAOK1;TMPO;TNPO1;TPR;TUBA1C;TUBA4A;TUBA4B;TUBB;TUBB2A;TUBB3;TUBB4A;TUBB4B;TUBB6;TUBGCP2;UBE2I;USO1;VPS4A;XPO1;YWHAE;YWHAG;ZW10,0.05603948290515455
R-HSA-8863678,Neurodegenerative Diseases,12,-0.6029459992921993,-1.5855771510730972,0.023976023976023976,7,CAPN1;CAST;PRDX2;PRDX1;CAPN2;LMNA;CAPNS1,APP;CAPN1;CAPN2;CAPNS1;CAST;GOLGA2;LMNA;LMNB1;PRDX1;PRDX2;SOD2;YWHAE,0.05603948290515455
R-HSA-5675221,Negative regulation of MAPK pathway,14,-0.5822335130238722,-1.6005457666126817,0.023976023976023976,4,ARAF;MAPK3;PPP2R5A;PEBP1,ARAF;KRAS;MAP2K1;MAP2K2;MAPK1;MAPK3;PEBP1;PPP2CB;PPP2R1A;PPP2R5A;PPP2R5D;PPP2R5E;PPP5C;YWHAB,0.05603948290515455
R-HSA-5579029,Metabolic disorders of biological oxidation enzymes,10,-0.6303871187356235,-1.5687315540580073,0.024975024975024976,4,OPLAH;FDXR;ACY1;MAOA,ACY1;AHCY;CYP7B1;FDXR;GCLC;GCLM;GSS;MAOA;OPLAH;TBXAS1,0.058028025387075834
R-HSA-2151201,Transcriptional activation of mitochondrial biogenesis,12,-0.6017772851761702,-1.590526591143173,0.024975024975024976,5,SIRT3;IDH2;TFAM;ATP5F1B;GLUD1,ATP5F1B;CARM1;CYCS;GLUD1;HCFC1;IDH2;SIRT3;SIRT5;SOD2;SSBP1;TBL1XR1;TFAM,0.058028025387075834
R-HSA-9664417,Leishmania phagocytosis,47,-0.40135833808599763,-1.4951264263191069,0.025974025974025976,18,BAIAP2;ABI1;IGLV1-51;MYH2;IGKV1-5;IGLV3-19;IGHG4;IGHV3-7;IGLV1-40;IGLV8-61;IGKV4-1;IGLV1-47;MAPK3;IGKV3-20;IGKV3D-20;MYO1C;IGHG2;IGKC,ABI1;ACTB;ACTG1;ACTR2;ACTR3;ARPC1A;ARPC1B;ARPC2;ARPC3;ARPC4;ARPC5;BAIAP2;BRK1;CDC42;CRK;CYFIP1;ELMO1;GRB2;IGHG2;IGHG3;IGHG4;IGHV3-7;IGKC;IGKV1-5;IGKV3-20;IGKV3D-20;IGKV4-1;IGLV1-40;IGLV1-47;IGLV1-51;IGLV3-19;IGLV8-61;MAPK1;MAPK3;MYH2;MYH9;MYO1C;NCK1;NCKAP1;PTK2;RAC1;SRC;SYK;VAV2;WAS;WASF2;WASL,0.05999310424089186
R-HSA-1614635,Sulfur amino acid metabolism,12,-0.604824547733859,-1.6173239955778955,0.025974025974025976,4,TSTD1;GOT1;MPST;TST,AHCY;ENOPH1;ETHE1;GOT1;GOT2;MPST;MRI1;MTAP;SLC25A10;TST;TSTD1;TXN2,0.05999310424089186
R-HSA-5689603,UCH proteinases,54,0.3883185939694785,1.7237339187572667,0.026973026973026972,24,PSMD2;RUVBL1;PSMB9;PSMB8;PSME2;PSMD11;PSMD13;PSME3;ACTL6A;PSMB3;PSMA4;PSMB2;PSMD7;PSME1;PSMD12;PSMC2;PSMA6;PSMB10;ACTB;PSMD6;PSMA3;PSMC6;PSMD1;USP15,ACTB;ACTL6A;ADRM1;FOXK1;H2AC21;HCFC1;NEDD8;OGT;PSMA1;PSMA2;PSMA3;PSMA4;PSMA5;PSMA6;PSMA7;PSMB1;PSMB10;PSMB2;PSMB3;PSMB4;PSMB5;PSMB6;PSMB7;PSMB8;PSMB9;PSMC1;PSMC2;PSMC3;PSMC4;PSMC5;PSMC6;PSMD1;PSMD10;PSMD11;PSMD12;PSMD13;PSMD14;PSMD2;PSMD3;PSMD4;PSMD5;PSMD6;PSMD7;PSMD8;PSMD9;PSME1;PSME2;PSME3;PSMF1;RUVBL1;UCHL1;UCHL3;UCHL5;USP15,0.06175403543824596
R-HSA-3000480,Scavenging by Class A Receptors,12,-0.5953701730218625,-1.5818776963656642,0.026973026973026972,7,COL4A2;APOB;APOE;APOA1;COL1A1;COL1A2;COL3A1,APOA1;APOB;APOE;CALR;COL1A1;COL1A2;COL3A1;COL4A1;COL4A2;FTH1;FTL;HSP90B1,0.06175403543824596
R-HSA-9645723,Diseases of programmed cell death,17,-0.5554292990393856,-1.594351517751278,0.026973026973026972,10,YWHAE;H4C1;TRADD;CAPN1;CAST;PRDX2;PRDX1;CAPN2;LMNA;CAPNS1,APP;C1QBP;CAPN1;CAPN2;CAPNS1;CAST;GOLGA2;H4C1;LMNA;LMNB1;PRDX1;PRDX2;RBBP4;RBBP7;SOD2;TRADD;YWHAE,0.06175403543824596
R-HSA-195258,RHO GTPase Effectors,127,0.3238107539389614,1.6886053743600689,0.027972027972027972,41,TUBB3;RCC2;PAK2;ARPC1B;YWHAH;CFL1;TUBA4B;BUB3;MYH9;MAPRE1;PIK3R4;TUBB6;RANGAP1;ACTR3;CYBB;NUDC;ARPC2;RHOG;CYBA;YWHAQ;ARPC3;KTN1;RHOC;CDC42;RPS27;FLNA;ITGB1;CTTN;RAC2;PRKCD;ARPC5;KIF2A;NCF2;PPP2R5E;SFN;ACTR2;TUBA1C;YWHAZ;NCF4;XPO1;NUP160,ABI1;ACTB;ACTG1;ACTR2;ACTR3;ARPC1A;ARPC1B;ARPC2;ARPC3;ARPC4;ARPC5;BAIAP2;BRK1;BUB3;CDC42;CDH1;CFL1;CKAP5;CLASP1;CLIP1;CTNNA1;CTNNB1;CTTN;CYBA;CYBB;CYFIP1;DIAPH1;DIAPH2;DYNC1H1;DYNC1I2;DYNC1LI1;DYNC1LI2;DYNLL2;EVL;FLNA;FMNL1;GOPC;GRB2;H4C1;IQGAP1;IQGAP2;ITGB1;KDM1A;KIF2A;KIF5B;KLC1;KLC4;KTN1;MAPK1;MAPK14;MAPK3;MAPRE1;MYH10;MYH11;MYH14;MYH9;MYL6;MYL9;MYLK;NCF2;NCF4;NCK1;NCKAP1;NUDC;NUP107;NUP133;NUP160;NUP43;NUP85;NUP98;PAFAH1B1;PAK1;PAK2;PFN1;PFN2;PIK3C3;PIK3R4;PIN1;PKN2;PPP1CB;PPP1CC;PPP1R12A;PPP2CB;PPP2R1A;PPP2R5A;PPP2R5D;PPP2R5E;PRKCD;PTK2;RAC1;RAC2;RANBP2;RANGAP1;RCC2;RHOA;RHOC;RHOG;ROCK1;ROCK2;RPS27;S100A8;S100A9;SEC13;SEH1L;SFN;SRC;TAOK1;TAX1BP3;TUBA1C;TUBA4A;TUBA4B;TUBB2A;TUBB3;TUBB4A;TUBB4B;TUBB6;WAS;WASF2;WASL;XPO1;YWHAB;YWHAE;YWHAG;YWHAH;YWHAQ;YWHAZ;ZW10,0.0636688892502846
R-HSA-9664422,FCGR3A-mediated phagocytosis,47,-0.40135833808599763,-1.478425997937707,0.027972027972027972,18,BAIAP2;ABI1;IGLV1-51;MYH2;IGKV1-5;IGLV3-19;IGHG4;IGHV3-7;IGLV1-40;IGLV8-61;IGKV4-1;IGLV1-47;MAPK3;IGKV3-20;IGKV3D-20;MYO1C;IGHG2;IGKC,ABI1;ACTB;ACTG1;ACTR2;ACTR3;ARPC1A;ARPC1B;ARPC2;ARPC3;ARPC4;ARPC5;BAIAP2;BRK1;CDC42;CRK;CYFIP1;ELMO1;GRB2;IGHG2;IGHG3;IGHG4;IGHV3-7;IGKC;IGKV1-5;IGKV3-20;IGKV3D-20;IGKV4-1;IGLV1-40;IGLV1-47;IGLV1-51;IGLV3-19;IGLV8-61;MAPK1;MAPK3;MYH2;MYH9;MYO1C;NCK1;NCKAP1;PTK2;RAC1;SRC;SYK;VAV2;WAS;WASF2;WASL,0.0636688892502846
R-HSA-73857,RNA Polymerase II Transcription,258,0.2828376288592297,1.6529691467410013,0.028971028971028972,114,STAT1;PCNA;PTPN1;U2AF2;PML;YWHAH;TIGAR;SSRP1;YBX1;CDK9;GTF2F1;EIF4A3;RFC4;PSMD2;BID;CPSF3;POLR2B;PSMB9;SRSF6;PRMT1;PSMB8;CSNK2A2;GTF2F2;PSME2;CBFB;POLR2H;PSMD11;PSMD13;PSME3;THOC2;CPSF1;YWHAQ;ACTL6A;NAMPT;GLS;NUDT21;DDX39A;CBX3;RHEB;PSMB3;CSTF2;SRRM1;TNKS1BP1;RBM8A;PSMA4;PSMB2;DDX39B;NDRG1;BAX;EGFR;SUPT16H;PRMT5;SRRT;MAGOHB;NELFB;SRSF1;POLR2A;SFN;TRIM28;SUPT6H;ELOC;POLR2E;CSNK2B;PSMD7;YWHAZ;SRSF3;DEK;SNRPF;PSME1;PSMD12;XPO1;SUPT4H1;U2AF1;PSMC2;NPM1;THOC6;CSTF1;PSMA6;RBM14;PSMB10;RABGGTA;NOP2;PSMD6;MRE11;SRSF4;PSMA3;RELA;ITCH;CSTF3;CNOT1;TBL1XR1;PSMC6;SRC;WDR5;RBBP7;MAPK14;G6PD;TCEA1;PSMD1;SNRPD3;GSK3B;SYMPK;PRKAA1;PIP4K2C;DPY30;MTA2;LBR;HDAC1;CUL1;DHX38;FKBP5;PSMD14;NFKB1;UBE2I,ACTL6A;AGO2;ALYREF;APOE;BAX;BID;CAMK2D;CAMK2G;CARM1;CASP1;CAT;CAV1;CBFB;CBX3;CBX5;CCNK;CDC73;CDK9;CHD4;CNOT1;COL1A1;COL1A2;COX20;COX4I1;COX5A;COX5B;COX6B1;COX6C;COX7A2L;COX7C;CPSF1;CPSF2;CPSF3;CPSF6;CPSF7;CSNK2A2;CSNK2B;CSTF1;CSTF2;CSTF3;CTNNB1;CUL1;CYCS;DDX39A;DDX39B;DEK;DHX38;DPY30;EGFR;EIF4A3;ELOB;ELOC;FIP1L1;FKBP5;G6PD;GLS;GPI;GSK3B;GSR;GTF2A1;GTF2F1;GTF2F2;H4C1;HDAC1;HSPD1;HTT;INTS1;INTS12;ITCH;ITGA2B;ITGA5;KRAS;LAMTOR1;LAMTOR2;LAMTOR3;LAMTOR4;LAMTOR5;LBR;LGALS3;LRPPRC;MAGOHB;MAPK1;MAPK14;MAPK3;MECP2;MED23;MOV10;MRE11;MT-CO2;MT-CO3;MTA2;MTOR;MYL9;NAMPT;NDRG1;NDUFA4;NELFB;NFKB1;NOP2;NPM1;NRBP1;NUDT21;PABPN1;PARP1;PBRM1;PCNA;PIN1;PIP4K2A;PIP4K2C;PML;POLDIP3;POLR2A;POLR2B;POLR2C;POLR2E;POLR2H;POLR2I;PPM1A;PPP1R13L;PPP2CB;PPP2R1A;PRDX1;PRDX2;PRDX5;PRKAA1;PRKACA;PRKAG1;PRMT1;PRMT5;PSMA1;PSMA2;PSMA3;PSMA4;PSMA5;PSMA6;PSMA7;PSMB1;PSMB10;PSMB2;PSMB3;PSMB4;PSMB5;PSMB6;PSMB7;PSMB8;PSMB9;PSMC1;PSMC2;PSMC3;PSMC4;PSMC5;PSMC6;PSMD1;PSMD10;PSMD11;PSMD12;PSMD13;PSMD14;PSMD2;PSMD3;PSMD4;PSMD5;PSMD6;PSMD7;PSMD8;PSMD9;PSME1;PSME2;PSME3;PSMF1;PTPN1;PTPN11;RABGGTA;RAD50;RBBP4;RBBP7;RBM14;RBM8A;RBX1;RELA;RFC4;RHEB;RNMT;RNPS1;RPA1;RPA2;RPA3;RPRD1B;RRM2B;SARNP;SCO1;SERPINB13;SFN;SIRT3;SKIC8;SKP1;SMAD2;SMARCA2;SMARCC1;SMARCC2;SMARCD2;SMARCE1;SNRPD3;SNRPE;SNRPF;SNW1;SOD2;SRC;SRRM1;SRRT;SRSF1;SRSF11;SRSF2;SRSF3;SRSF4;SRSF5;SRSF6;SRSF7;SRSF9;SSRP1;SSU72;STAT1;STUB1;SUMO1;SUPT16H;SUPT4H1;SUPT5H;SUPT6H;SYMPK;TACO1;TBL1XR1;TCEA1;THBS1;THOC2;THOC6;TIGAR;TJP1;TNKS1BP1;TP53I3;TRIM28;TXN;TXNRD1;U2AF1;U2AF2;UBE2I;USP7;USP9X;WDR5;XPO1;YAP1;YBX1;YWHAB;YWHAE;YWHAG;YWHAH;YWHAQ;YWHAZ;ZC3H11A,0.06575163966468314
R-HSA-389960,Formation of tubulin folding intermediates by CCT/TriC,17,0.5442195272574666,1.7500069778930378,0.029970029970029972,11,TUBB3;TUBA4B;TUBB6;CCT4;TUBA1C;CCT7;CCT2;CCT6A;TCP1;CCT5;CCT8,CCT2;CCT3;CCT4;CCT5;CCT6A;CCT6B;CCT7;CCT8;TCP1;TUBA1C;TUBA4A;TUBA4B;TUBB2A;TUBB3;TUBB4A;TUBB4B;TUBB6,0.06782235105934528
R-HSA-390466,Chaperonin-mediated protein folding,42,0.40120490796676883,1.6801872974866006,0.030969030969030968,21,FKBP9;TUBB3;TUBA4B;NOP56;STAT3;TUBB6;CSNK2A2;PFDN4;XRN2;CCT4;TUBA1C;CSNK2B;VBP1;GBA1;AP3M1;ACTB;CCT7;PFDN2;CCT2;CCT6A;TCP1,ACTB;AP3M1;CCT2;CCT3;CCT4;CCT5;CCT6A;CCT6B;CCT7;CCT8;CSNK2A2;CSNK2B;DCAF7;FKBP9;GBA1;GNA11;GNA15;GNAQ;GNB1;GNB2;GNG12;GNG2;GNG5;NOP56;PFDN1;PFDN2;PFDN4;PFDN5;PFDN6;SKIC2;STAT3;TCP1;TUBA1C;TUBA4A;TUBA4B;TUBB2A;TUBB3;TUBB4A;TUBB4B;TUBB6;VBP1;XRN2,0.06968031968031968
R-HSA-9758941,Gastrulation,46,0.39455997047013697,1.6662192334235755,0.030969030969030968,19,PSMD2;PSMB9;PSMB8;PSME2;PSMD11;PSMD13;PSME3;PSMB3;PSMA4;PSMB2;PSMD7;PSME1;PSMD12;PSMC2;PSMA6;PSMB10;PSMD6;PSMA3;PSMC6,CDH1;CTNNB1;PSMA1;PSMA2;PSMA3;PSMA4;PSMA5;PSMA6;PSMA7;PSMB1;PSMB10;PSMB2;PSMB3;PSMB4;PSMB5;PSMB6;PSMB7;PSMB8;PSMB9;PSMC1;PSMC2;PSMC3;PSMC4;PSMC5;PSMC6;PSMD1;PSMD10;PSMD11;PSMD12;PSMD13;PSMD14;PSMD2;PSMD3;PSMD4;PSMD5;PSMD6;PSMD7;PSMD8;PSMD9;PSME1;PSME2;PSME3;PSMF1;SMAD2;SNW1;YAP1,0.06968031968031968
R-HSA-3928665,EPH-ephrin mediated repulsion of cells,17,0.5331141492078664,1.699192565523362,0.03296703296703297,13,AP2A1;NCSTN;CLTC;CLTA;AP2B1;ACTB;SRC;MMP9;ACTG1;ADAM10;AP2A2;CLTB;VAV2,ACTB;ACTG1;ADAM10;AP2A1;AP2A2;AP2B1;AP2M1;AP2S1;CLTA;CLTB;CLTC;EPHA2;MMP9;NCSTN;RAC1;SRC;VAV2,0.07354184277261201
R-HSA-202733,Cell surface interactions at the vascular wall,54,-0.36945193852757635,-1.3889624957429318,0.03296703296703297,18,APOB;IGKV1-5;IGHM;IGLV3-19;JCHAIN;ATP1B1;IGHV3-7;IGLV1-40;IGLV8-61;IGKV4-1;IGLV1-47;IGKV3-20;IGKV3D-20;IGKC;IGLL1;IGHA1;COL1A1;COL1A2,APOB;ATP1B1;ATP1B3;BSG;CAV1;CD44;CD47;CD58;CD74;COL1A1;COL1A2;F11R;F2;FN1;GLG1;GPC1;GRB2;IGHA1;IGHM;IGHV3-7;IGKC;IGKV1-5;IGKV3-20;IGKV3D-20;IGKV4-1;IGLL1;IGLV1-40;IGLV1-47;IGLV1-51;IGLV3-19;IGLV8-61;ITGA3;ITGA5;ITGA6;ITGAM;ITGAV;ITGB1;ITGB2;ITGB3;JCHAIN;KRAS;MIF;PECAM1;PPIA;PROCR;PROS1;PTPN11;PTPN6;SDC1;SLC16A1;SLC16A3;SLC3A2;SLC7A5;SRC,0.07354184277261201
R-HSA-5674135,MAP2K and MAPK activation,27,-0.4475317041289976,-1.463059168307188,0.03296703296703297,10,ARRB2;MAP2K2;VCL;RAP1A;ARRB1;LAMTOR2;VWF;ARAF;MAPK3;PEBP1,ACTB;ACTG1;ARAF;ARRB1;ARRB2;CSK;FGA;FGB;FGG;FN1;IQGAP1;ITGA2B;ITGB3;KRAS;LAMTOR2;LAMTOR3;MAP2K1;MAP2K2;MAPK1;MAPK3;PEBP1;RAP1A;SRC;TLN1;VCL;VWF;YWHAB,0.07354184277261201
R-HSA-6807070,PTEN Regulation,64,0.3667914844045606,1.6782276551381987,0.03496503496503497,35,PML;PSMD2;PSMB9;PSMB8;CSNK2A2;PSME2;PSMD11;PSMD13;PSME3;RHEB;PSMB3;PSMA4;PSMB2;CSNK2B;PSMD7;PSME1;PSMD12;PSMC2;PSMA6;PSMB10;PSMD6;PSMA3;PSMC6;RBBP7;PSMD1;MTA2;HDAC1;PSMD14;LAMTOR1;PSMA7;PSMB1;KDM1A;PSMC1;MOV10;AGO2,AGO2;CHD4;CSNK2A2;CSNK2B;HDAC1;KDM1A;LAMTOR1;LAMTOR2;LAMTOR3;LAMTOR4;LAMTOR5;MAPK1;MAPK3;MOV10;MTA2;MTOR;PML;PSMA1;PSMA2;PSMA3;PSMA4;PSMA5;PSMA6;PSMA7;PSMB1;PSMB10;PSMB2;PSMB3;PSMB4;PSMB5;PSMB6;PSMB7;PSMB8;PSMB9;PSMC1;PSMC2;PSMC3;PSMC4;PSMC5;PSMC6;PSMD1;PSMD10;PSMD11;PSMD12;PSMD13;PSMD14;PSMD2;PSMD3;PSMD4;PSMD5;PSMD6;PSMD7;PSMD8;PSMD9;PSME1;PSME2;PSME3;PSMF1;RBBP4;RBBP7;RHEB;STUB1;USP7;VAPA,0.07733791632096718
R-HSA-6802946,Signaling by moderate kinase activity BRAF mutants,27,-0.4470305706442945,-1.4865475509987107,0.03496503496503497,10,ARRB2;MAP2K2;VCL;CAMK2G;RAP1A;ARRB1;VWF;ARAF;MAPK3;PEBP1,ACTB;ACTG1;ARAF;ARRB1;ARRB2;CAMK2D;CAMK2G;CSK;FGA;FGB;FGG;FN1;IQGAP1;ITGA2B;ITGB3;KRAS;MAP2K1;MAP2K2;MAPK1;MAPK3;PEBP1;RAP1A;SRC;TLN1;VCL;VWF;YWHAB,0.07733791632096718
R-HSA-9734009,Defective Intrinsic Pathway for Apoptosis,13,-0.5881992643856667,-1.5702186807748215,0.03496503496503497,7,CAPN1;CAST;PRDX2;PRDX1;CAPN2;LMNA;CAPNS1,APP;C1QBP;CAPN1;CAPN2;CAPNS1;CAST;GOLGA2;LMNA;LMNB1;PRDX1;PRDX2;SOD2;YWHAE,0.07733791632096718
R-HSA-110313,Translesion synthesis by Y family DNA polymerases bypasses lesions on DNA template,13,0.576425131628664,1.7742838165984238,0.03596403596403597,6,ISG15;PCNA;UBE2L6;RFC4;USP10;TRIM25,ISG15;NPLOC4;PCNA;RFC1;RFC4;RPA1;RPA2;RPA3;TRIM25;UBA7;UBE2L6;USP10;VCP,0.0791006746062926
R-HSA-456926,Thrombin signalling through proteinase activated receptors (PARs),15,-0.5308867889790461,-1.5131331815897042,0.03596403596403597,10,GNB2;GNG2;ARRB2;F2;GNB1;ARRB1;GNAQ;GNG12;MAPK3;GNA11,ARRB1;ARRB2;F2;GNA11;GNA13;GNA15;GNAQ;GNB1;GNB2;GNG12;GNG2;GNG5;MAPK1;MAPK3;SRC,0.0791006746062926
R-HSA-9006927,Signaling by Non-Receptor Tyrosine Kinases,15,0.5198535160020763,1.614943438874713,0.03796203796203796,8,PTPN1;STAT3;SFPQ;PELP1;EGFR;ARAP1;PXN;KHDRBS1,ARAP1;CRK;EGFR;ELMO1;GPNMB;KHDRBS1;KRAS;PELP1;PTK6;PTPN1;PXN;RAC1;RHOA;SFPQ;STAT3,0.08302870314043498
R-HSA-6802955,Paradoxical activation of RAF signaling by kinase inactive BRAF,27,-0.4470305706442945,-1.4607678837283993,0.03796203796203796,10,ARRB2;MAP2K2;VCL;CAMK2G;RAP1A;ARRB1;VWF;ARAF;MAPK3;PEBP1,ACTB;ACTG1;ARAF;ARRB1;ARRB2;CAMK2D;CAMK2G;CSK;FGA;FGB;FGG;FN1;IQGAP1;ITGA2B;ITGB3;KRAS;MAP2K1;MAP2K2;MAPK1;MAPK3;PEBP1;RAP1A;SRC;TLN1;VCL;VWF;YWHAB,0.08302870314043498
R-HSA-6802949,Signaling by RAS mutants,27,-0.4470305706442945,-1.4512420178717242,0.03896103896103896,10,ARRB2;MAP2K2;VCL;CAMK2G;RAP1A;ARRB1;VWF;ARAF;MAPK3;PEBP1,ACTB;ACTG1;ARAF;ARRB1;ARRB2;CAMK2D;CAMK2G;CSK;FGA;FGB;FGG;FN1;IQGAP1;ITGA2B;ITGB3;KRAS;MAP2K1;MAP2K2;MAPK1;MAPK3;PEBP1;RAP1A;SRC;TLN1;VCL;VWF;YWHAB,0.08497630503201534
R-HSA-3858494,Beta-catenin independent WNT signaling,69,0.35613540539872657,1.6298261070636455,0.03996003996003996,37,AP2A1;PSMD2;PSMB9;PSMB8;PSME2;PSMD11;PSMD13;PSME3;CLTC;PSMB3;PSMA4;PSMB2;CLTA;RAC2;AP2B1;PSMD7;PSME1;PSMD12;PSMC2;PSMA6;PSMB10;PSMD6;PSMA3;PSMC6;PLCB3;PSMD1;PFN1;PSMD14;PSMA7;PSMB1;PSMC1;MOV10;AGO2;PSMD3;PSMA2;ITPR3;PSMD8,AGO2;AP2A1;AP2A2;AP2B1;AP2M1;AP2S1;ARRB2;CLTA;CLTB;CLTC;CTNNB1;GNAO1;GNB1;GNB2;GNG12;GNG2;GNG5;ITPR2;ITPR3;KRAS;MOV10;PFN1;PLCB3;PPP3CA;PSMA1;PSMA2;PSMA3;PSMA4;PSMA5;PSMA6;PSMA7;PSMB1;PSMB10;PSMB2;PSMB3;PSMB4;PSMB5;PSMB6;PSMB7;PSMB8;PSMB9;PSMC1;PSMC2;PSMC3;PSMC4;PSMC5;PSMC6;PSMD1;PSMD10;PSMD11;PSMD12;PSMD13;PSMD14;PSMD2;PSMD3;PSMD4;PSMD5;PSMD6;PSMD7;PSMD8;PSMD9;PSME1;PSME2;PSME3;PSMF1;RAC1;RAC2;RHOA;SCRIB,0.08691308691308691
R-HSA-5633007,Regulation of TP53 Activity,28,0.44520718571843615,1.673315230983952,0.04095904095904096,14,PML;SSRP1;RFC4;CSNK2A2;SUPT16H;PRMT5;CSNK2B;MRE11;RBBP7;MAPK14;PRKAA1;PIP4K2C;MTA2;HDAC1,CHD4;CSNK2A2;CSNK2B;HDAC1;MAPK14;MRE11;MTA2;MTOR;PIN1;PIP4K2A;PIP4K2C;PML;PPP1R13L;PPP2CB;PPP2R1A;PRKAA1;PRKAG1;PRMT5;RAD50;RBBP4;RBBP7;RFC4;RPA1;RPA2;RPA3;SSRP1;SUPT16H;USP7,0.08859372671527367
R-HSA-73894,DNA Repair,69,0.35037058308371355,1.5847024900995765,0.04095904095904096,19,ISG15;PCNA;PRKDC;UBE2L6;RFC4;RUVBL1;PRPF19;POLR2B;FEN1;POLR2H;PPP4C;USP10;APEX1;ACTL6A;ASCC3;ASCC2;TRIM25;POLR2A;POLR2E,ACTB;ACTL6A;ADPRS;APEX1;ASCC2;ASCC3;BAZ1B;COPS2;COPS3;COPS4;COPS5;COPS6;COPS7A;COPS8;CUL4A;CUL4B;DDB1;FEN1;FTO;GPS1;H4C1;HMGN1;ISG15;KPNA2;LIG3;MPG;MRE11;MSH6;NPLOC4;PARP1;PCNA;POLR2A;POLR2B;POLR2C;POLR2E;POLR2H;POLR2I;PPP4C;PPP5C;PRKDC;PRPF19;RAD23A;RAD23B;RAD50;RBX1;RFC1;RFC4;RPA1;RPA2;RPA3;RUVBL1;SMARCA5;SUMO1;TCEA1;TP53BP1;TRIM25;UBA7;UBE2I;UBE2L6;UBE2N;UBE2V2;UBXN1;USP10;USP7;VCP;XAB2;XRCC1;XRCC5;XRCC6,0.08859372671527367
R-HSA-201681,TCF dependent signaling in response to WNT,63,0.3589567537469267,1.6610528498404262,0.04195804195804196,25,CSNK1A1;PSMD2;RUVBL1;PSMB9;PSMB8;CSNK2A2;PSME2;PSMD11;PSMD13;PSME3;PSMB3;PSMA4;PSMB2;PPP2R5E;CSNK2B;PSMD7;YWHAZ;PSME1;PSMD12;XPO1;PSMC2;PSMA6;PSMB10;PSMD6;PSMA3,CAV1;CDC73;CSNK1A1;CSNK2A2;CSNK2B;CTBP1;CTNNB1;CUL3;GSK3B;H4C1;HDAC1;PPP2CB;PPP2R1A;PPP2R5A;PPP2R5D;PPP2R5E;PSMA1;PSMA2;PSMA3;PSMA4;PSMA5;PSMA6;PSMA7;PSMB1;PSMB10;PSMB2;PSMB3;PSMB4;PSMB5;PSMB6;PSMB7;PSMB8;PSMB9;PSMC1;PSMC2;PSMC3;PSMC4;PSMC5;PSMC6;PSMD1;PSMD10;PSMD11;PSMD12;PSMD13;PSMD14;PSMD2;PSMD3;PSMD4;PSMD5;PSMD6;PSMD7;PSMD8;PSMD9;PSME1;PSME2;PSME3;PSMF1;RBX1;RUVBL1;TLE3;USP8;XPO1;YWHAZ,0.09025589794820564
R-HSA-8956320,Nucleotide biosynthesis,11,0.5907043859456381,1.635256352843612,0.04195804195804196,7,GART;UMPS;PAICS;CAD;GMPS;ATIC;PPAT,ADSL;ATIC;CAD;DHODH;GART;GMPS;IMPDH2;PAICS;PFAS;PPAT;UMPS,0.09025589794820564
R-HSA-180786,Extension of Telomeres,14,0.5422774260101041,1.6876791156733804,0.04295704295704296,9,PCNA;RFC4;RUVBL1;FEN1;RUVBL2;DKC1;PPP6R3;GAR1;NHP2,DKC1;FEN1;GAR1;NHP2;PCNA;PPP6C;PPP6R3;RFC1;RFC4;RPA1;RPA2;RPA3;RUVBL1;RUVBL2,0.09189990337531322
R-HSA-69275,G2/M Transition,80,0.33649762550736906,1.6339359552211488,0.04295704295704296,29,TUBB3;HSP90AB1;TUBA4B;MAPRE1;PSMD2;TUBB6;PSMB9;PSMB8;PSME2;PSMD11;PSMD13;PSME3;PSMB3;PSMA4;PSMB2;TUBB;TUBA1C;PSMD7;HSP90AA1;PSME1;PSMD12;XPO1;PSMC2;PPME1;PSMA6;CKAP5;PSMB10;PSMD6;PSMA3,ACTR1A;CKAP5;CLASP1;CUL1;DCTN1;DCTN2;DCTN3;DYNC1H1;DYNC1I2;HSP90AA1;HSP90AB1;MAPRE1;OPTN;PAFAH1B1;PCM1;PPME1;PPP1CB;PPP1R12A;PPP2CB;PPP2R1A;PPP2R2A;PRKACA;PSMA1;PSMA2;PSMA3;PSMA4;PSMA5;PSMA6;PSMA7;PSMB1;PSMB10;PSMB2;PSMB3;PSMB4;PSMB5;PSMB6;PSMB7;PSMB8;PSMB9;PSMC1;PSMC2;PSMC3;PSMC4;PSMC5;PSMC6;PSMD1;PSMD10;PSMD11;PSMD12;PSMD13;PSMD14;PSMD2;PSMD3;PSMD4;PSMD5;PSMD6;PSMD7;PSMD8;PSMD9;PSME1;PSME2;PSME3;PSMF1;RAB8A;RBBP4;RBX1;SKP1;TUBA1C;TUBA4A;TUBA4B;TUBB;TUBB2A;TUBB3;TUBB4A;TUBB4B;TUBB6;TUBGCP2;XPO1;YWHAE;YWHAG,0.09189990337531322
R-HSA-1257604,PIP3 activates AKT signaling,81,0.3389274058507286,1.6358416674847869,0.04395604395604396,43,PML;PSMD2;PSMB9;PSMB8;CSNK2A2;PSME2;PSMD11;PSMD13;PSME3;RHOG;RHEB;PSMB3;PSMA4;PSMB2;RAC2;EGFR;PPP2R5E;CSNK2B;PSMD7;PSME1;PSMD12;PSMC2;PSMA6;PSMB10;PSMD6;PSMA3;PSMC6;SRC;RBBP7;PSMD1;GSK3B;AKT1S1;PIP4K2C;MTA2;HDAC1;PSMD14;LAMTOR1;PSMA7;PSMB1;KDM1A;PSMC1;MOV10;AGO2,AGO2;AKT1S1;CHD4;CSNK2A2;CSNK2B;EGFR;GRB2;GSK3B;HDAC1;KDM1A;LAMTOR1;LAMTOR2;LAMTOR3;LAMTOR4;LAMTOR5;MAPK1;MAPK3;MOV10;MTA2;MTOR;PIP4K2A;PIP4K2C;PML;PPP2CB;PPP2R1A;PPP2R5A;PPP2R5D;PPP2R5E;PSMA1;PSMA2;PSMA3;PSMA4;PSMA5;PSMA6;PSMA7;PSMB1;PSMB10;PSMB2;PSMB3;PSMB4;PSMB5;PSMB6;PSMB7;PSMB8;PSMB9;PSMC1;PSMC2;PSMC3;PSMC4;PSMC5;PSMC6;PSMD1;PSMD10;PSMD11;PSMD12;PSMD13;PSMD14;PSMD2;PSMD3;PSMD4;PSMD5;PSMD6;PSMD7;PSMD8;PSMD9;PSME1;PSME2;PSME3;PSMF1;PTPN11;RAC1;RAC2;RBBP4;RBBP7;RHEB;RHOG;SRC;STRN;STUB1;USP7;VAPA,0.0935260391782131
R-HSA-9649948,Signaling downstream of RAS mutants,27,-0.4470305706442945,-1.4398931488792763,0.04395604395604396,10,ARRB2;MAP2K2;VCL;CAMK2G;RAP1A;ARRB1;VWF;ARAF;MAPK3;PEBP1,ACTB;ACTG1;ARAF;ARRB1;ARRB2;CAMK2D;CAMK2G;CSK;FGA;FGB;FGG;FN1;IQGAP1;ITGA2B;ITGB3;KRAS;MAP2K1;MAP2K2;MAPK1;MAPK3;PEBP1;RAP1A;SRC;TLN1;VCL;VWF;YWHAB,0.0935260391782131
R-HSA-453274,Mitotic G2-G2/M phases,80,0.33649762550736906,1.5769872706396393,0.04495504495504495,29,TUBB3;HSP90AB1;TUBA4B;MAPRE1;PSMD2;TUBB6;PSMB9;PSMB8;PSME2;PSMD11;PSMD13;PSME3;PSMB3;PSMA4;PSMB2;TUBB;TUBA1C;PSMD7;HSP90AA1;PSME1;PSMD12;XPO1;PSMC2;PPME1;PSMA6;CKAP5;PSMB10;PSMD6;PSMA3,ACTR1A;CKAP5;CLASP1;CUL1;DCTN1;DCTN2;DCTN3;DYNC1H1;DYNC1I2;HSP90AA1;HSP90AB1;MAPRE1;OPTN;PAFAH1B1;PCM1;PPME1;PPP1CB;PPP1R12A;PPP2CB;PPP2R1A;PPP2R2A;PRKACA;PSMA1;PSMA2;PSMA3;PSMA4;PSMA5;PSMA6;PSMA7;PSMB1;PSMB10;PSMB2;PSMB3;PSMB4;PSMB5;PSMB6;PSMB7;PSMB8;PSMB9;PSMC1;PSMC2;PSMC3;PSMC4;PSMC5;PSMC6;PSMD1;PSMD10;PSMD11;PSMD12;PSMD13;PSMD14;PSMD2;PSMD3;PSMD4;PSMD5;PSMD6;PSMD7;PSMD8;PSMD9;PSME1;PSME2;PSME3;PSMF1;RAB8A;RBBP4;RBX1;SKP1;TUBA1C;TUBA4A;TUBA4B;TUBB;TUBB2A;TUBB3;TUBB4A;TUBB4B;TUBB6;TUBGCP2;XPO1;YWHAE;YWHAG,0.09513459513459514
R-HSA-977225,Amyloid fiber formation,22,-0.4699889688066144,-1.4365598485901687,0.04495504495504495,8,APOE;HSPG2;CST3;APOA4;APOA1;GSN;TTR;APCS,ADAM10;APCS;APOA1;APOA4;APOE;APP;B2M;CST3;FGA;GSN;H4C1;HSPG2;ITM2B;LTF;LYZ;MFGE8;NCSTN;SNCA;TGFBI;TTR;UBE2L6;USP9X,0.09513459513459514
R-HSA-2682334,EPH-Ephrin signaling,44,0.37965946960643204,1.60474133538144,0.04695304695304695,15,PAK2;ARPC1B;AP2A1;CFL1;MYH9;ACTR3;NCSTN;ARPC2;CLTC;ARPC3;CDC42;CLTA;ARPC5;AP2B1;ACTR2,ACTB;ACTG1;ACTR2;ACTR3;ADAM10;AP2A1;AP2A2;AP2B1;AP2M1;AP2S1;ARHGEF7;ARPC1A;ARPC1B;ARPC2;ARPC3;ARPC4;ARPC5;CDC42;CFL1;CLTA;CLTB;CLTC;EPHA2;GIT1;MMP9;MYH10;MYH11;MYH14;MYH9;MYL6;MYL9;NCK2;NCSTN;PAK1;PAK2;PTK2;RAC1;RHOA;ROCK1;ROCK2;SDCBP;SRC;VAV2;WASL,0.09909497510575678
R-HSA-176033,Interactions of Vpr with host cellular proteins,31,0.42235797956386073,1.6287899850049374,0.04795204795204795,16,NUP155;HMGA1;NUP188;SLC25A5;NUP93;NUP160;NUP35;NUP153;NUP133;NUP88;NUP62;SEH1L;NUP214;NUP54;SEC13;NUP50,AAAS;BANF1;HMGA1;KPNA1;NUP107;NUP133;NUP153;NUP155;NUP160;NUP188;NUP205;NUP210;NUP214;NUP35;NUP43;NUP50;NUP54;NUP62;NUP85;NUP88;NUP93;NUP98;PSIP1;RAE1;RANBP2;SEC13;SEH1L;SLC25A4;SLC25A5;SLC25A6;TPR,0.10066073336850817
R-HSA-195253,Degradation of beta-catenin by the destruction complex,55,0.37242588991874487,1.615361307850678,0.04795204795204795,30,CSNK1A1;PSMD2;PSMB9;PSMB8;PSME2;PSMD11;PSMD13;PSME3;PSMB3;PSMA4;PSMB2;PPP2R5E;PSMD7;PSME1;PSMD12;PSMC2;PSMA6;PSMB10;PSMD6;PSMA3;PSMC6;PSMD1;GSK3B;HDAC1;CUL1;PSMD14;SKP1;PSMA7;PSMB1;PSMC1,CSNK1A1;CTBP1;CTNNB1;CUL1;GSK3B;HDAC1;PPP2CB;PPP2R1A;PPP2R5A;PPP2R5D;PPP2R5E;PSMA1;PSMA2;PSMA3;PSMA4;PSMA5;PSMA6;PSMA7;PSMB1;PSMB10;PSMB2;PSMB3;PSMB4;PSMB5;PSMB6;PSMB7;PSMB8;PSMB9;PSMC1;PSMC2;PSMC3;PSMC4;PSMC5;PSMC6;PSMD1;PSMD10;PSMD11;PSMD12;PSMD13;PSMD14;PSMD2;PSMD3;PSMD4;PSMD5;PSMD6;PSMD7;PSMD8;PSMD9;PSME1;PSME2;PSME3;PSMF1;RBX1;SKP1;TLE3,0.10066073336850817
R-HSA-446652,Interleukin-1 family signaling,70,0.3527732218592132,1.689773706625193,0.04895104895104895,36,NFKB2;STAT3;PSMD2;PSMB9;PSMB8;PSME2;PSMD11;PSMD13;PSME3;PSMB3;PSMA4;PSMB2;S100A12;PSMD7;APP;PSME1;PSMD12;IKBIP;PSMC2;PSMA6;PSMB10;PSMD6;PTPN6;PSMA3;GSDMD;RELA;PSMC6;PSMD1;CUL1;PSMD14;NFKB1;IL18;SKP1;PSMA7;PSMB1;PSMC1,APP;CASP1;CTSG;CUL1;GSDMD;HMGB1;IKBIP;IKBKG;IL18;IL1RN;MAP2K1;MAP2K4;NFKB1;NFKB2;NLRX1;NOD1;PSMA1;PSMA2;PSMA3;PSMA4;PSMA5;PSMA6;PSMA7;PSMB1;PSMB10;PSMB2;PSMB3;PSMB4;PSMB5;PSMB6;PSMB7;PSMB8;PSMB9;PSMC1;PSMC2;PSMC3;PSMC4;PSMC5;PSMC6;PSMD1;PSMD10;PSMD11;PSMD12;PSMD13;PSMD14;PSMD2;PSMD3;PSMD4;PSMD5;PSMD6;PSMD7;PSMD8;PSMD9;PSME1;PSME2;PSME3;PSMF1;PTPN11;PTPN23;PTPN6;RBX1;RELA;S100A12;SKP1;SQSTM1;STAT3;TOLLIP;UBE2N;UBE2V1;USP14,0.10193795566135991
R-HSA-157858,Gap junction trafficking and regulation,18,0.4986778926081364,1.6592489178191847,0.04895104895104895,8,TUBB3;TUBA4B;TUBB6;CLTC;CLTA;TUBA1C;ACTB;SRC,ACTB;ACTG1;AP2M1;CLTA;CLTB;CLTC;DNM2;MYO6;SRC;TJP1;TUBA1C;TUBA4A;TUBA4B;TUBB2A;TUBB3;TUBB4A;TUBB4B;TUBB6,0.10193795566135991
R-HSA-195721,Signaling by WNT,98,0.32488806158818556,1.6279965946298718,0.04895104895104895,34,AP2A1;CSNK1A1;PSMD2;RUVBL1;PSMB9;PSMB8;CSNK2A2;PSME2;PSMD11;PSMD13;PSME3;TMED5;CLTC;PSMB3;PSMA4;PSMB2;CLTA;RAC2;PPP2R5E;AP2B1;VPS35;CSNK2B;PSMD7;YWHAZ;VPS29;PSME1;PSMD12;XPO1;WLS;PSMC2;PSMA6;PSMB10;PSMD6;PSMA3,AGO2;AP2A1;AP2A2;AP2B1;AP2M1;AP2S1;ARRB2;CAV1;CDC73;CLTA;CLTB;CLTC;CSNK1A1;CSNK2A2;CSNK2B;CTBP1;CTNNB1;CUL1;CUL3;GNAO1;GNB1;GNB2;GNG12;GNG2;GNG5;GSK3B;H4C1;HDAC1;ITPR2;ITPR3;KRAS;MOV10;PFN1;PLCB3;PPP2CB;PPP2R1A;PPP2R5A;PPP2R5D;PPP2R5E;PPP3CA;PSMA1;PSMA2;PSMA3;PSMA4;PSMA5;PSMA6;PSMA7;PSMB1;PSMB10;PSMB2;PSMB3;PSMB4;PSMB5;PSMB6;PSMB7;PSMB8;PSMB9;PSMC1;PSMC2;PSMC3;PSMC4;PSMC5;PSMC6;PSMD1;PSMD10;PSMD11;PSMD12;PSMD13;PSMD14;PSMD2;PSMD3;PSMD4;PSMD5;PSMD6;PSMD7;PSMD8;PSMD9;PSME1;PSME2;PSME3;PSMF1;RAC1;RAC2;RBX1;RHOA;RUVBL1;SCRIB;SKP1;SNX3;TLE3;TMED5;USP8;VPS26A;VPS29;VPS35;WLS;XPO1;YWHAZ,0.10193795566135991
R-HSA-391251,Protein folding,47,0.38336624120386825,1.6672138560847163,0.04995004995004995,21,FKBP9;TUBB3;TUBA4B;NOP56;STAT3;TUBB6;CSNK2A2;PFDN4;XRN2;CCT4;TUBA1C;CSNK2B;VBP1;GBA1;AP3M1;ACTB;CCT7;PFDN2;CCT2;CCT6A;TCP1,ACTB;AP3M1;ARL2;CCT2;CCT3;CCT4;CCT5;CCT6A;CCT6B;CCT7;CCT8;CSNK2A2;CSNK2B;DCAF7;FKBP9;GBA1;GNA11;GNA15;GNAQ;GNB1;GNB2;GNG12;GNG2;GNG5;NOP56;PFDN1;PFDN2;PFDN4;PFDN5;PFDN6;SKIC2;STAT3;TBCA;TBCB;TBCD;TBCE;TCP1;TUBA1C;TUBA4A;TUBA4B;TUBB2A;TUBB3;TUBB4A;TUBB4B;TUBB6;VBP1;XRN2,0.10374241143471913
R-HSA-381676,Glucagon-like Peptide-1 (GLP1) regulates insulin secretion,12,-0.5687400128019227,-1.500996583112389,0.05094905094905095,8,GNB2;GNG2;GNB1;RAP1A;PRKAR1A;GNG12;PRKACA;PRKAR2A,GNB1;GNB2;GNG12;GNG2;GNG5;IQGAP1;ITPR2;ITPR3;PRKACA;PRKAR1A;PRKAR2A;RAP1A,0.10553731982303412
R-HSA-9707564,Cytoprotection by HMOX1,27,-0.4239738382851745,-1.375509737421076,0.053946053946053944,18,CYCS;SCO1;COX7C;TACO1;HBB;HBA1;PTK6;BLVRA;COX6B1;BLVRB;NDUFA4;COX6C;MT-CO2;COX4I1;MT-CO3;COX5A;COX5B;ALB,ABCC1;ALB;BLVRA;BLVRB;CARM1;COX20;COX4I1;COX5A;COX5B;COX6B1;COX6C;COX7A2L;COX7C;CYCS;HBA1;HBB;HM13;HMOX2;LRPPRC;MT-CO2;MT-CO3;NDUFA4;PTK6;SCO1;STAT3;TACO1;TBL1XR1,0.11086551244031559
R-HSA-111465,Apoptotic cleavage of cellular proteins,27,-0.4343612255312115,-1.418072347431925,0.053946053946053944,7,CDH1;TJP1;VIM;GSN;LMNA;ADD1;SPTAN1,ACIN1;ADD1;BCAP31;CASP3;CASP7;CDH1;CTNNB1;DBNL;DSG1;DSG2;DSG3;DSP;FNTA;GSN;LMNA;LMNB1;PKP1;PLEC;PRKCD;PTK2;ROCK1;SPTAN1;STK24;STK26;TJP1;TJP2;VIM,0.11086551244031559
R-HSA-6802948,Signaling by high-kinase activity BRAF mutants,25,-0.44320396593813705,-1.422849803723141,0.053946053946053944,9,ARRB2;MAP2K2;VCL;RAP1A;ARRB1;VWF;ARAF;MAPK3;PEBP1,ACTB;ACTG1;ARAF;ARRB1;ARRB2;CSK;FGA;FGB;FGG;FN1;IQGAP1;ITGA2B;ITGB3;KRAS;MAP2K1;MAP2K2;MAPK1;MAPK3;PEBP1;RAP1A;SRC;TLN1;VCL;VWF;YWHAB,0.11086551244031559
R-HSA-3000171,Non-integrin membrane-ECM interactions,40,-0.38399417566569405,-1.3691378729167887,0.054945054945054944,15,COL5A2;LAMA2;DMD;HSPG2;DAG1;COL5A3;COL2A1;TTR;COL5A1;COL1A1;COL1A2;LAMA5;COL3A1;LAMB2;COL10A1,ACTN1;AGRN;CASK;COL10A1;COL1A1;COL1A2;COL2A1;COL3A1;COL4A1;COL4A2;COL4A3;COL5A1;COL5A2;COL5A3;DAG1;DMD;FN1;HSPG2;ITGA2;ITGA6;ITGAV;ITGB1;ITGB3;ITGB4;ITGB5;LAMA2;LAMA3;LAMA4;LAMA5;LAMB1;LAMB2;LAMB3;LAMC1;LAMC2;SDC1;THBS1;TNC;TRAPPC4;TTR;VTN,0.11262297911512571
R-HSA-5250913,Positive epigenetic regulation of rRNA expression,18,0.4888737445207081,1.6228804700450619,0.055944055944055944,12,DDX21;MYBBP1A;SF3B1;POLR2H;CBX3;POLR2E;DEK;ACTB;RBBP7;GSK3B;MTA2;HDAC1,ACTB;BAZ1B;CBX3;CHD4;DDX21;DEK;GSK3B;H4C1;HDAC1;MTA2;MYBBP1A;MYO1C;POLR2E;POLR2H;RBBP4;RBBP7;SF3B1;SMARCA5,0.11377713195895015
R-HSA-9609646,HCMV Infection,60,0.35412104040981673,1.5931604947213955,0.055944055944055944,26,TUBB3;PML;NUP155;TUBA4B;TUBB6;NUP188;NUP93;ITGB1;EGFR;HNRNPK;TRIM28;TUBA1C;NUP160;CHMP4B;NUP35;NUP153;NUP133;NUP88;NUP62;SEH1L;TBL1XR1;NUP214;NUP54;SEC13;RBBP7;NUP50,AAAS;CBX1;CHMP2A;CHMP3;CHMP4A;CHMP4B;DUT;DYNC1H1;DYNC1I2;DYNC1LI1;DYNC1LI2;DYNLL2;EGFR;H2AC21;H4C1;HNRNPK;ITGB1;NFKB1;NUP107;NUP133;NUP153;NUP155;NUP160;NUP188;NUP205;NUP210;NUP214;NUP35;NUP43;NUP50;NUP54;NUP62;NUP85;NUP88;NUP93;NUP98;PML;RAE1;RANBP2;RBBP4;RBBP7;SEC13;SEH1L;SNF8;TBL1XR1;TPR;TRIM28;TSG101;TUBA1C;TUBA4A;TUBA4B;TUBB2A;TUBB3;TUBB4A;TUBB4B;TUBB6;VPS25;VPS36;VPS37B;VPS4A,0.11377713195895015
R-HSA-5358351,Signaling by Hedgehog,65,0.3473238160440881,1.570651076830418,0.055944055944055944,34,TUBB3;CSNK1A1;PSMD2;TUBB6;PSMB9;PSMB8;PSME2;PSMD11;PSMD13;PSME3;PSMB3;PSMA4;PSMB2;TUBA1C;PSMD7;GRK2;PSME1;PSMD12;PSMC2;PSMA6;PSMB10;PSMD6;PSMA3;ITCH;PSMC6;PSMD1;GSK3B;CUL1;PSMD14;SKP1;PSMA7;PSMB1;PSMC1;VCP,ARRB1;ARRB2;CDC73;CSNK1A1;CUL1;CUL3;GRK2;GSK3B;ITCH;NUMB;P4HB;PRKACA;PRKAR1A;PRKAR2A;PSMA1;PSMA2;PSMA3;PSMA4;PSMA5;PSMA6;PSMA7;PSMB1;PSMB10;PSMB2;PSMB3;PSMB4;PSMB5;PSMB6;PSMB7;PSMB8;PSMB9;PSMC1;PSMC2;PSMC3;PSMC4;PSMC5;PSMC6;PSMD1;PSMD10;PSMD11;PSMD12;PSMD13;PSMD14;PSMD2;PSMD3;PSMD4;PSMD5;PSMD6;PSMD7;PSMD8;PSMD9;PSME1;PSME2;PSME3;PSMF1;RBX1;SKP1;TUBA1C;TUBA4A;TUBB2A;TUBB3;TUBB4A;TUBB4B;TUBB6;VCP,0.11377713195895015
R-HSA-8848021,Signaling by PTK6,15,0.5198535160020763,1.6402892092492891,0.056943056943056944,8,PTPN1;STAT3;SFPQ;PELP1;EGFR;ARAP1;PXN;KHDRBS1,ARAP1;CRK;EGFR;ELMO1;GPNMB;KHDRBS1;KRAS;PELP1;PTK6;PTPN1;PXN;RAC1;RHOA;SFPQ;STAT3,0.11491343707838553
R-HSA-75067,Processing of Capped Intronless Pre-mRNA,15,0.5164614779614896,1.6251489915302877,0.056943056943056944,9,CPSF3;CPSF1;NUDT21;CSTF2;SNRPF;CSTF1;CSTF3;SNRPD3;SYMPK,CPSF1;CPSF2;CPSF3;CPSF6;CPSF7;CSTF1;CSTF2;CSTF3;FIP1L1;NUDT21;PABPN1;SNRPD3;SNRPE;SNRPF;SYMPK,0.11491343707838553
R-HSA-5619084,ABC transporter disorders,47,0.3694831006532582,1.6069038805399518,0.056943056943056944,20,DERL1;PSMD2;PSMB9;PSMB8;PSME2;PSMD11;PSMD13;PSME3;PSMB3;PSMA4;PSMB2;PSMD7;PSME1;PSMD12;PSMC2;PSMA6;PSMB10;PSMD6;PSMA3;PSMC6,APOA1;DERL1;ERLIN1;ERLIN2;PSMA1;PSMA2;PSMA3;PSMA4;PSMA5;PSMA6;PSMA7;PSMB1;PSMB10;PSMB2;PSMB3;PSMB4;PSMB5;PSMB6;PSMB7;PSMB8;PSMB9;PSMC1;PSMC2;PSMC3;PSMC4;PSMC5;PSMC6;PSMD1;PSMD10;PSMD11;PSMD12;PSMD13;PSMD14;PSMD2;PSMD3;PSMD4;PSMD5;PSMD6;PSMD7;PSMD8;PSMD9;PSME1;PSME2;PSME3;PSMF1;RNF185;VCP,0.11491343707838553
R-HSA-8878171,Transcriptional regulation by RUNX1,69,0.34636724309945055,1.5967322043568544,0.058941058941058944,28,PML;PSMD2;PSMB9;PRMT1;PSMB8;CSNK2A2;PSME2;CBFB;PSMD11;PSMD13;PSME3;ACTL6A;PSMB3;PSMA4;PSMB2;CSNK2B;PSMD7;PSME1;PSMD12;PSMC2;PSMA6;PSMB10;PSMD6;PSMA3;ITCH;PSMC6;SRC;WDR5,ACTL6A;AGO2;CBFB;CSNK2A2;CSNK2B;DPY30;H4C1;HDAC1;ITCH;ITGA2B;LGALS3;MOV10;MYL9;PBRM1;PML;PRMT1;PSMA1;PSMA2;PSMA3;PSMA4;PSMA5;PSMA6;PSMA7;PSMB1;PSMB10;PSMB2;PSMB3;PSMB4;PSMB5;PSMB6;PSMB7;PSMB8;PSMB9;PSMC1;PSMC2;PSMC3;PSMC4;PSMC5;PSMC6;PSMD1;PSMD10;PSMD11;PSMD12;PSMD13;PSMD14;PSMD2;PSMD3;PSMD4;PSMD5;PSMD6;PSMD7;PSMD8;PSMD9;PSME1;PSME2;PSME3;PSMF1;PTPN11;SERPINB13;SMARCA2;SMARCC1;SMARCC2;SMARCD2;SMARCE1;SRC;THBS1;TJP1;WDR5;YAP1,0.11863971504074333
R-HSA-983189,Kinesins,13,0.5481848891058244,1.6328917103534502,0.061938061938061936,7,TUBB3;TUBA4B;TUBB6;KIF2A;TUBA1C;KIF5B;KLC1,KIF13B;KIF2A;KIF5B;KLC1;KLC4;TUBA1C;TUBA4A;TUBA4B;TUBB2A;TUBB3;TUBB4A;TUBB4B;TUBB6,0.12371811861607779
R-HSA-2995410,Nuclear Envelope (NE) Reassembly,46,0.36964636611632534,1.573368455613959,0.061938061938061936,20,TUBB3;TNPO1;NUP155;TUBA4B;RCC1;TUBB6;RANGAP1;RAN;NUP188;NUP93;TUBA1C;NUP160;KPNB1;CHMP4B;NUP35;NUP133;NUP62;SEH1L;NUP54;SEC13,BANF1;CHMP2A;CHMP3;CHMP4A;CHMP4B;EMD;IST1;KPNB1;LBR;LEMD2;LMNA;LMNB1;NUP107;NUP133;NUP155;NUP160;NUP188;NUP205;NUP35;NUP43;NUP54;NUP62;NUP85;NUP93;NUP98;PPP2R1A;PPP2R2A;RAN;RANGAP1;RCC1;SEC13;SEH1L;SIRT2;SUMO1;TMPO;TNPO1;TUBA1C;TUBA4A;TUBA4B;TUBB2A;TUBB3;TUBB4A;TUBB4B;TUBB6;UBE2I;VPS4A,0.12371811861607779
R-HSA-6794361,Neurexins and neuroligins,10,-0.5878658434125275,-1.4653242376820883,0.061938061938061936,8,STXBP1;APBA1;LIN7C;EPB41;PDLIM5;EPB41L3;EPB41L1;EPB41L2,APBA1;CASK;DBNL;EPB41;EPB41L1;EPB41L2;EPB41L3;LIN7C;PDLIM5;STXBP1,0.12371811861607779
R-HSA-9662361,Sensory processing of sound by outer hair cells of the cochlea,19,-0.48485484642809634,-1.4271550952392067,0.06293706293706294,7,EPB41L3;GSN;TRIOBP;EPB41L1;MYO1C;SPTBN1;SPTAN1,ACTB;ACTG1;CASK;EPB41L1;EPB41L3;EPS8L2;EZR;GSN;MPP1;MSN;MYH9;MYO1C;PLS1;RDX;SPTAN1;SPTBN1;TRIOBP;TWF1;TWF2,0.12539369027918648
R-HSA-9020702,Interleukin-1 signaling,62,0.34903014404810123,1.592315197374069,0.06393606393606394,32,NFKB2;PSMD2;PSMB9;PSMB8;PSME2;PSMD11;PSMD13;PSME3;PSMB3;PSMA4;PSMB2;S100A12;PSMD7;APP;PSME1;PSMD12;IKBIP;PSMC2;PSMA6;PSMB10;PSMD6;PSMA3;RELA;PSMC6;PSMD1;CUL1;PSMD14;NFKB1;SKP1;PSMA7;PSMB1;PSMC1,APP;CUL1;HMGB1;IKBIP;IKBKG;IL1RN;MAP2K1;MAP2K4;NFKB1;NFKB2;NLRX1;NOD1;PSMA1;PSMA2;PSMA3;PSMA4;PSMA5;PSMA6;PSMA7;PSMB1;PSMB10;PSMB2;PSMB3;PSMB4;PSMB5;PSMB6;PSMB7;PSMB8;PSMB9;PSMC1;PSMC2;PSMC3;PSMC4;PSMC5;PSMC6;PSMD1;PSMD10;PSMD11;PSMD12;PSMD13;PSMD14;PSMD2;PSMD3;PSMD4;PSMD5;PSMD6;PSMD7;PSMD8;PSMD9;PSME1;PSME2;PSME3;PSMF1;RBX1;RELA;S100A12;SKP1;SQSTM1;TOLLIP;UBE2N;UBE2V1;USP14,0.12673908370110903
R-HSA-9816359,Maternal to zygotic transition (MZT),19,0.4688380012566955,1.5685673961406545,0.06393606393606394,8,EIF4A1;EIF4G1;EIF4A3;PABPC1;RPS2;EIF4B;TNKS1BP1;ELOC,AGO2;CNOT1;DICER1;EIF4A1;EIF4A2;EIF4A3;EIF4B;EIF4E;EIF4G1;ELOC;H4C1;KPNA2;PABPC1;PABPN1;PAIP1;RPS2;TNKS1BP1;TUBB4B;YAP1,0.12673908370110903
R-HSA-6782135,Dual incision in TC-NER,21,0.45198912190318385,1.5638106992342937,0.06693306693306693,7,PCNA;RFC4;PRPF19;POLR2B;POLR2H;POLR2A;POLR2E,CUL4A;CUL4B;DDB1;HMGN1;PCNA;POLR2A;POLR2B;POLR2C;POLR2E;POLR2H;POLR2I;PRPF19;RBX1;RFC1;RFC4;RPA1;RPA2;RPA3;TCEA1;USP7;XAB2,0.13234492779947324
R-HSA-8939211,ESR-mediated signaling,52,0.3597303586477799,1.5786003155340238,0.06793206793206794,17,DDX5;HSP90AB1;CDK9;GTF2F1;PTGES3;POLR2B;PRMT1;GTF2F2;CBFB;POLR2H;EGFR;POLR2A;POLR2E;HSP90AA1;XPO1;GNAI3;GNAI2,AGO2;CARM1;CAV1;CBFB;CDK9;CTSD;DDX5;EGFR;FKBP4;FKBP5;GNAI1;GNAI2;GNAI3;GNB1;GNB2;GNG12;GNG2;GNG5;GTF2A1;GTF2F1;GTF2F2;H4C1;HDAC1;HSP90AA1;HSP90AB1;HSPB1;KDM1A;KPNA2;KRAS;MAPK1;MAPK3;MMP9;MOV10;POLR2A;POLR2B;POLR2C;POLR2E;POLR2H;POLR2I;PPID;PPP5C;PRMT1;PTGES3;PTK2;RAD21;SMC1A;SMC3;SRC;STAG1;STRN;TLE3;XPO1,0.13331029872383257
R-HSA-168928,DDX58/IFIH1-mediated induction of interferon-alpha/beta,22,0.4460345951850001,1.5734425554040725,0.06793206793206794,10,ISG15;HSP90AB1;NFKB2;UBE2L6;RIGI;PCBP2;TRIM25;S100A12;HSP90AA1;APP,APP;HMGB1;HSP90AA1;HSP90AB1;IKBKG;ISG15;ITCH;MAVS;NFKB1;NFKB2;NLRX1;PCBP2;PIN1;RELA;RIGI;S100A12;TKFC;TOMM70;TRIM25;UBA7;UBE2K;UBE2L6,0.13331029872383257
R-HSA-77387,Insulin receptor recycling,15,0.4944050482660345,1.522663527693394,0.06793206793206794,7,PTPN1;ATP6V0D1;TCIRG1;ATP6V1C1;ATP6V0A1;ATP6V1A;ATP6V1B2,ATP6V0A1;ATP6V0D1;ATP6V1A;ATP6V1B2;ATP6V1C1;ATP6V1D;ATP6V1E1;ATP6V1F;ATP6V1G1;ATP6V1H;CTSD;IDE;PTPN1;PTPRF;TCIRG1,0.13331029872383257
R-HSA-141424,Amplification of signal from the kinetochores,34,0.39599303080227827,1.539740729118541,0.06993006993006994,18,RCC2;BUB3;MAPRE1;RANGAP1;NUDC;RPS27;KIF2A;PPP2R5E;XPO1;NUP160;NUP133;CKAP5;SEH1L;SEC13;PAFAH1B1;PPP1CC;RANBP2;DYNC1H1,BUB3;CKAP5;CLASP1;CLIP1;DYNC1H1;DYNC1I2;DYNC1LI1;DYNC1LI2;DYNLL2;KIF2A;MAPRE1;NUDC;NUP107;NUP133;NUP160;NUP43;NUP85;NUP98;PAFAH1B1;PPP1CC;PPP2CB;PPP2R1A;PPP2R5A;PPP2R5D;PPP2R5E;RANBP2;RANGAP1;RCC2;RPS27;SEC13;SEH1L;TAOK1;XPO1;ZW10,0.13654674502554803
R-HSA-373753,Nephrin family interactions,12,-0.5387798225117714,-1.4057598099875748,0.06993006993006994,4,ACTN3;ACTN2;SPTBN1;SPTAN1,ACTN1;ACTN2;ACTN3;ACTN4;CASK;CD2AP;IQGAP1;NCK1;NCK2;SPTAN1;SPTBN1;WASL,0.13654674502554803
R-HSA-8874081,MET activates PTK2 signaling,22,-0.4536343970652752,-1.3701085821255614,0.07192807192807193,8,COL5A3;COL2A1;COL5A1;COL1A1;COL1A2;LAMA5;COL3A1;LAMB2,COL1A1;COL1A2;COL2A1;COL3A1;COL5A1;COL5A2;COL5A3;FN1;ITGA2;ITGA3;ITGB1;LAMA2;LAMA3;LAMA4;LAMA5;LAMB1;LAMB2;LAMB3;LAMC1;LAMC2;PTK2;SRC,0.14009870726288637
R-HSA-9840310,Glycosphingolipid catabolism,12,0.5298492699903078,1.5523672834010005,0.07292707292707293,8,M6PR;HEXA;GLB1;CTSA;PSAP;SMPD4;GM2A;GBA1,ARSA;ASAH1;CTSA;GBA1;GLB1;GM2A;HEXA;HEXB;M6PR;PSAP;SMPD4;SUMF2,0.14134133193539133
R-HSA-5654738,Signaling by FGFR2,26,0.4149250789067612,1.5118623998517613,0.07292707292707293,10,GTF2F1;PTBP1;POLR2B;HNRNPF;GTF2F2;POLR2H;POLR2A;HNRNPM;HNRNPH1;POLR2E,ESRP1;ESRP2;FGFBP1;GRB2;GTF2F1;GTF2F2;HNRNPA1;HNRNPF;HNRNPH1;HNRNPM;KRAS;MAPK1;MAPK3;POLR2A;POLR2B;POLR2C;POLR2E;POLR2H;POLR2I;PPP2CB;PPP2R1A;PTBP1;PTPN11;SRC;TIA1;TIAL1,0.14134133193539133
R-HSA-69618,Mitotic Spindle Checkpoint,34,0.39599303080227827,1.5951448294697645,0.07492507492507493,18,RCC2;BUB3;MAPRE1;RANGAP1;NUDC;RPS27;KIF2A;PPP2R5E;XPO1;NUP160;NUP133;CKAP5;SEH1L;SEC13;PAFAH1B1;PPP1CC;RANBP2;DYNC1H1,BUB3;CKAP5;CLASP1;CLIP1;DYNC1H1;DYNC1I2;DYNC1LI1;DYNC1LI2;DYNLL2;KIF2A;MAPRE1;NUDC;NUP107;NUP133;NUP160;NUP43;NUP85;NUP98;PAFAH1B1;PPP1CC;PPP2CB;PPP2R1A;PPP2R5A;PPP2R5D;PPP2R5E;RANBP2;RANGAP1;RCC2;RPS27;SEC13;SEH1L;TAOK1;XPO1;ZW10,0.14414332596150778
R-HSA-141444,Amplification  of signal from unattached  kinetochores via a MAD2  inhibitory signal,34,0.39599303080227827,1.578149328388629,0.07492507492507493,18,RCC2;BUB3;MAPRE1;RANGAP1;NUDC;RPS27;KIF2A;PPP2R5E;XPO1;NUP160;NUP133;CKAP5;SEH1L;SEC13;PAFAH1B1;PPP1CC;RANBP2;DYNC1H1,BUB3;CKAP5;CLASP1;CLIP1;DYNC1H1;DYNC1I2;DYNC1LI1;DYNC1LI2;DYNLL2;KIF2A;MAPRE1;NUDC;NUP107;NUP133;NUP160;NUP43;NUP85;NUP98;PAFAH1B1;PPP1CC;PPP2CB;PPP2R1A;PPP2R5A;PPP2R5D;PPP2R5E;RANBP2;RANGAP1;RCC2;RPS27;SEC13;SEH1L;TAOK1;XPO1;ZW10,0.14414332596150778
R-HSA-446728,Cell junction organization,38,0.3839704056210679,1.5285446076633185,0.07492507492507493,13,LAMB3;LAMC2;ITGA6;ITGB4;ACTN1;ILF3;LAMA3;KRT14;COL17A1;FLNA;ITGB1;PLEC;DST,ACTB;ACTG1;ACTN1;AFDN;AGO2;ANG;CDH1;CDH13;COL17A1;CTNNA1;CTNNB1;CTNND1;DST;F11R;FERMT2;FLNA;FLNC;ILF3;ILK;ITGA6;ITGB1;ITGB4;JUP;KRT14;KRT5;LAMA3;LAMB3;LAMC2;LIMS1;MOV10;NECTIN1;NECTIN2;PARVA;PARVB;PLEC;PXN;RSU1;VASP,0.14414332596150778
R-HSA-212165,Epigenetic regulation of gene expression,28,0.40998766969596007,1.5489618590787388,0.07592407592407592,15,DDX21;MYBBP1A;SF3B1;POLR2H;CBX3;POLR2E;DEK;WDR82;ACTB;WDR5;RBBP7;GSK3B;DPY30;MTA2;HDAC1,ACTB;BAZ1B;CBX3;CHD4;DDX21;DEK;DPY30;DR1;GSK3B;H4C1;HCFC1;HDAC1;MBD2;MTA2;MYBBP1A;MYO1C;OGT;POLR2E;POLR2H;PSIP1;RBBP4;RBBP7;SAP18;SF3B1;SMARCA5;UBTF;WDR5;WDR82,0.14570723394252805
R-HSA-190236,Signaling by FGFR,27,0.4143565962065555,1.571564038515591,0.07792207792207792,10,GTF2F1;PTBP1;POLR2B;HNRNPF;GTF2F2;POLR2H;POLR2A;HNRNPM;HNRNPH1;POLR2E,ESRP1;ESRP2;FGFBP1;GIPC1;GRB2;GTF2F1;GTF2F2;HNRNPA1;HNRNPF;HNRNPH1;HNRNPM;KRAS;MAPK1;MAPK3;POLR2A;POLR2B;POLR2C;POLR2E;POLR2H;POLR2I;PPP2CB;PPP2R1A;PTBP1;PTPN11;SRC;TIA1;TIAL1,0.1491760073667164
R-HSA-8878166,Transcriptional regulation by RUNX2,57,0.3495642331336128,1.5817451215605838,0.07992007992007992,33,STAT1;PSMD2;PSMB9;PSMB8;PSME2;CBFB;PSMD11;PSMD13;PSME3;PSMB3;PSMA4;PSMB2;BAX;PSMD7;PSME1;PSMD12;PSMC2;PSMA6;RBM14;PSMB10;PSMD6;PSMA3;PSMC6;SRC;PSMD1;GSK3B;CUL1;PSMD14;SKP1;PSMA7;PSMB1;ITGA5;PSMC1,BAX;CBFB;COL1A1;CUL1;GSK3B;ITGA5;LGALS3;MAPK1;MAPK3;PSMA1;PSMA2;PSMA3;PSMA4;PSMA5;PSMA6;PSMA7;PSMB1;PSMB10;PSMB2;PSMB3;PSMB4;PSMB5;PSMB6;PSMB7;PSMB8;PSMB9;PSMC1;PSMC2;PSMC3;PSMC4;PSMC5;PSMC6;PSMD1;PSMD10;PSMD11;PSMD12;PSMD13;PSMD14;PSMD2;PSMD3;PSMD4;PSMD5;PSMD6;PSMD7;PSMD8;PSMD9;PSME1;PSME2;PSME3;PSMF1;RBM14;RBX1;SKP1;SRC;STAT1;STUB1;YAP1,0.1526278599449331
R-HSA-2029482,Regulation of actin dynamics for phagocytic cup formation,50,-0.3502606261473813,-1.3140820714270016,0.08091908091908091,18,BAIAP2;ABI1;IGLV1-51;MYH2;IGKV1-5;IGLV3-19;IGHG4;IGHV3-7;IGLV1-40;IGLV8-61;IGKV4-1;IGLV1-47;MAPK3;IGKV3-20;IGKV3D-20;MYO1C;IGHG2;IGKC,ABI1;ACTB;ACTG1;ACTR2;ACTR3;ARPC1A;ARPC1B;ARPC2;ARPC3;ARPC4;ARPC5;BAIAP2;BRK1;CDC42;CFL1;CRK;CYFIP1;ELMO1;GRB2;HSP90AA1;HSP90AB1;IGHG2;IGHG3;IGHG4;IGHV3-7;IGKC;IGKV1-5;IGKV3-20;IGKV3D-20;IGKV4-1;IGLV1-40;IGLV1-47;IGLV1-51;IGLV3-19;IGLV8-61;MAPK1;MAPK3;MYH2;MYH9;MYO1C;NCK1;NCKAP1;PAK1;PTK2;RAC1;SYK;VAV2;WAS;WASF2;WASL,0.153785534853496
R-HSA-5686938,Regulation of TLR by endogenous ligand,12,-0.5341204513056944,-1.415061967922141,0.08091908091908091,4,CD36;APOB;LBP;S100A1,APOB;CD14;CD36;FGA;FGB;FGG;GSDMD;HMGB1;LBP;S100A1;S100A8;S100A9,0.153785534853496
R-HSA-73893,DNA Damage Bypass,17,0.47772093170626445,1.5403863502516344,0.08291708291708291,6,ISG15;PCNA;UBE2L6;RFC4;USP10;TRIM25,CUL4A;CUL4B;DDB1;ISG15;NPLOC4;PCNA;RBX1;RFC1;RFC4;RPA1;RPA2;RPA3;TRIM25;UBA7;UBE2L6;USP10;VCP,0.15682143943013507
R-HSA-8875878,MET promotes cell motility,27,-0.41089782932568425,-1.3441690267022097,0.08291708291708291,8,COL5A3;COL2A1;COL5A1;COL1A1;COL1A2;LAMA5;COL3A1;LAMB2,COL1A1;COL1A2;COL2A1;COL3A1;COL5A1;COL5A2;COL5A3;CRK;CRKL;FN1;GRB2;ITGA2;ITGA3;ITGB1;LAMA2;LAMA3;LAMA4;LAMA5;LAMB1;LAMB2;LAMB3;LAMC1;LAMC2;PTK2;RAC1;RAP1A;SRC,0.15682143943013507
R-HSA-933542,TRAF6 mediated NF-kB activation,10,0.5385069976001707,1.5192236953624305,0.08491508491508491,6,NFKB2;RIGI;TRIM25;S100A12;APP;RELA,APP;HMGB1;IKBKG;MAVS;NFKB1;NFKB2;RELA;RIGI;S100A12;TRIM25,0.16016840302554589
R-HSA-422475,Axon guidance,262,0.261396960636394,1.4772253790201486,0.08591408591408592,114,TUBB3;PAK2;ARPC1B;HSP90AB1;AP2A1;CFL1;TUBA4B;MYH9;EIF4G1;CAP1;EIF4A3;PSMD2;TUBB6;MSN;PSMB9;ITGAV;PSMB8;RPL10;ACTR3;RPS15A;PRNP;CSNK2A2;PSME2;NCSTN;PSMD11;PSMD13;PSME3;PABPC1;RPL18A;RPS3A;RPS11;ARPC2;RPL27A;CLTC;ARPC3;RPS2;RHOC;PSMB3;RPS6;CDC42;RPS27;ITGA2;RBM8A;PSMA4;PSMB2;CLTA;RPL10A;ITGB1;EGFR;ARPC5;MAGOHB;RPS8;AP2B1;ACTR2;RPL6;ELOC;TUBA1C;RPL13A;CSNK2B;RPL5;RPS5;PSMD7;RPS4X;RPL35A;RPS3;RPL32;HSP90AA1;RPS9;PSME1;GSPT2;PSMD12;ETF1;PSMC2;RPL12;RPL18;RPL11;PTPRC;RPS26;PSMA6;RPS17;RPL30;RPL7;RPS12;PSMB10;ACTB;PSMD6;RPL7A;RPS23;RPL3;PSMA3;RPL23A;RPL19;GSPT1;PSMC6;SRC;RPS29;RPS7;LAMB1;RPS13;RPL4;ARPC4;MAPK14;RPL15;PSMD1;RPL21;RPL9;GSK3B;RPL34;RPLP0;RPL38;PTK2;PAK1;RPL17;RPS16,ABLIM1;ACTB;ACTG1;ACTR2;ACTR3;ADAM10;AGRN;ALCAM;ANK1;ANK3;AP2A1;AP2A2;AP2B1;AP2M1;AP2S1;ARHGEF7;ARPC1A;ARPC1B;ARPC2;ARPC3;ARPC4;ARPC5;CAP1;CAP2;CDC42;CFL1;CLASP1;CLTA;CLTB;CLTC;CNTN1;COL2A1;COL3A1;COL4A1;COL4A2;COL4A3;COL5A1;COL5A2;COL5A3;COL6A1;COL6A2;COL6A3;COL6A6;CSNK2A2;CSNK2B;CUL2;DAG1;DLG1;DNM2;DPYSL2;DPYSL3;EGFR;EIF4A3;EIF4G1;ELOB;ELOC;EPHA2;ETF1;EVL;EZR;FAU;GIT1;GPC1;GRB2;GSK3B;GSPT1;GSPT2;HSP90AA1;HSP90AB1;HSPA8;ITGA1;ITGA2;ITGA2B;ITGA5;ITGAV;ITGB1;ITGB3;KRAS;LAMB1;LAMC1;LYPLA2;MAGOHB;MAP2K1;MAP2K2;MAPK1;MAPK13;MAPK14;MAPK3;MMP9;MSN;MYH10;MYH11;MYH14;MYH9;MYL6;MYL9;NCK1;NCK2;NCSTN;NRP1;NUMB;PABPC1;PAK1;PAK2;PDLIM7;PFN1;PFN2;PITPNA;PRKACA;PRKAR2A;PRNP;PSMA1;PSMA2;PSMA3;PSMA4;PSMA5;PSMA6;PSMA7;PSMB1;PSMB10;PSMB2;PSMB3;PSMB4;PSMB5;PSMB6;PSMB7;PSMB8;PSMB9;PSMC1;PSMC2;PSMC3;PSMC4;PSMC5;PSMC6;PSMD1;PSMD10;PSMD11;PSMD12;PSMD13;PSMD14;PSMD2;PSMD3;PSMD4;PSMD5;PSMD6;PSMD7;PSMD8;PSMD9;PSME1;PSME2;PSME3;PSMF1;PTK2;PTPN11;PTPRC;RAC1;RBM8A;RBX1;RDX;RHOA;RHOC;RNPS1;ROCK1;ROCK2;RPL10;RPL10A;RPL11;RPL12;RPL13;RPL13A;RPL14;RPL15;RPL17;RPL18;RPL18A;RPL19;RPL21;RPL22;RPL23;RPL23A;RPL24;RPL26;RPL27;RPL27A;RPL28;RPL29;RPL3;RPL30;RPL31;RPL32;RPL34;RPL35;RPL35A;RPL36;RPL36AL;RPL37A;RPL38;RPL4;RPL5;RPL6;RPL7;RPL7A;RPL8;RPL9;RPLP0;RPLP1;RPLP2;RPS10;RPS11;RPS12;RPS13;RPS14;RPS15;RPS15A;RPS16;RPS17;RPS18;RPS19;RPS2;RPS20;RPS21;RPS23;RPS24;RPS25;RPS26;RPS27;RPS27L;RPS28;RPS29;RPS3;RPS3A;RPS4X;RPS5;RPS6;RPS6KA3;RPS7;RPS8;RPS9;RPSA;RRAS;SDCBP;SH3KBP1;SHTN1;SPTA1;SPTAN1;SPTB;SPTBN1;SPTBN2;SRC;TLN1;TUBA1C;TUBA4A;TUBA4B;TUBB2A;TUBB3;TUBB4A;TUBB4B;TUBB6;UPF2;VASP;VAV2;WASL,0.16016840302554589
R-HSA-174824,"Plasma lipoprotein assembly, remodeling, and clearance",26,-0.4058288939186379,-1.3280741036011217,0.08591408591408592,10,APOC2;APOC3;APOB;A2M;APOE;PRKACA;APOA4;APOA1;APOA2;ALB,A2M;ALB;AP2A1;AP2A2;AP2B1;AP2M1;AP2S1;APOA1;APOA2;APOA4;APOB;APOC1;APOC2;APOC3;APOE;APOF;CLTA;CLTC;HDLBP;LMF2;LPA;NCEH1;NPC2;P4HB;PRKACA;SAR1B,0.16016840302554589
R-HSA-3299685,Detoxification of Reactive Oxygen Species,26,-0.421154112501534,-1.3348028572691994,0.08591408591408592,9,PRDX5;PRDX3;PRDX2;PRDX1;SOD1;PRDX6;GSR;GPX3;SOD3,CAT;CCS;CYBA;CYBB;CYCS;ERO1A;GPX1;GPX3;GPX7;GSR;GSTP1;NCF2;NCF4;NUDT2;P4HB;PRDX1;PRDX2;PRDX3;PRDX5;PRDX6;SOD1;SOD2;SOD3;TXN;TXN2;TXNRD1,0.16016840302554589
R-HSA-9033241,Peroxisomal protein import,19,-0.4626658965921683,-1.3624703126045818,0.08591408591408592,8,GSTK1;HMGCL;ECI2;NUDT19;IDH1;ECH1;ACOX3;CRAT,ACAA1;ACOX1;ACOX3;AGPS;CAT;CRAT;CROT;DHRS4;ECH1;ECI2;EHHADH;GSTK1;HMGCL;HSD17B4;IDE;IDH1;NUDT19;SCP2;USP9X,0.16016840302554589
R-HSA-9836573,Mitochondrial RNA degradation,13,-0.5090097872264188,-1.4122854802066183,0.08591408591408592,7,MT-ND4;MT-ATP8;MT-ATP6;MT-ND2;MT-CO2;MT-ND5;MT-CO3,GRSF1;LRPPRC;MT-ATP6;MT-ATP8;MT-CO2;MT-CO3;MT-ND2;MT-ND4;MT-ND5;PNPT1;REXO2;SLIRP;TBRG4,0.16016840302554589
R-HSA-6811434,COPI-dependent Golgi-to-ER retrograde traffic,42,0.365072961202092,1.5477046823706329,0.08691308691308691,16,TUBB3;TUBA4B;SURF4;TUBB6;KIF2A;GBF1;COPA;TUBA1C;COPB2;COPB1;COPG1;KIF5B;ARF4;ARCN1;KLC1;TMED7,ARCN1;ARF4;ARF5;ARFGAP1;ARFGAP2;COPA;COPB1;COPB2;COPE;COPG1;COPG2;COPZ1;GBF1;KIF13B;KIF2A;KIF5B;KLC1;KLC4;NAPA;NAPG;NBAS;NSF;RAB1A;RAB1B;SEC22B;STX18;SURF4;TMED10;TMED2;TMED3;TMED7;TMED9;TUBA1C;TUBA4A;TUBA4B;TUBB2A;TUBB3;TUBB4A;TUBB4B;TUBB6;USE1;ZW10,0.16164595499512363
R-HSA-390450,Folding of actin by CCT/TriC,10,0.5452404848637622,1.5438824399535052,0.08791208791208792,8,CCT4;ACTB;CCT7;CCT2;CCT6A;TCP1;CCT5;CCT8,ACTB;CCT2;CCT3;CCT4;CCT5;CCT6A;CCT6B;CCT7;CCT8;TCP1,0.16311650434873187
R-HSA-77595,Processing of Intronless Pre-mRNAs,12,0.5241512866805735,1.5029577529881697,0.0919080919080919,7,CPSF3;CPSF1;NUDT21;CSTF2;CSTF1;CSTF3;SYMPK,CPSF1;CPSF2;CPSF3;CPSF6;CPSF7;CSTF1;CSTF2;CSTF3;FIP1L1;NUDT21;PABPN1;SYMPK,0.1701277445958297
R-HSA-2142753,Arachidonic acid metabolism,14,-0.497235591752112,-1.3799592656176405,0.0939060939060939,8,GPX1;PTGES2;LTA4H;GPX4;CBR1;GGT5;PON1;PTGR1,ABCC1;AKR1C3;ALOX5AP;CBR1;GGT5;GPX1;GPX4;LTA4H;PON1;PTGES2;PTGES3;PTGR1;PTGS1;TBXAS1,0.17341620643507435
R-HSA-3700989,Transcriptional Regulation by TP53,97,0.3001298175889652,1.506371729103465,0.09490509490509491,29,PCNA;PML;YWHAH;TIGAR;SSRP1;CDK9;GTF2F1;RFC4;BID;POLR2B;PRMT1;CSNK2A2;GTF2F2;POLR2H;YWHAQ;GLS;RHEB;TNKS1BP1;NDRG1;BAX;SUPT16H;PRMT5;NELFB;POLR2A;SFN;ELOC;POLR2E;CSNK2B;YWHAZ,AGO2;BAX;BID;CARM1;CASP1;CCNK;CDK9;CHD4;CNOT1;COX20;COX4I1;COX5A;COX5B;COX6B1;COX6C;COX7A2L;COX7C;CSNK2A2;CSNK2B;CYCS;ELOB;ELOC;G6PD;GLS;GPI;GSR;GTF2F1;GTF2F2;HDAC1;LAMTOR1;LAMTOR2;LAMTOR3;LAMTOR4;LAMTOR5;LRPPRC;MAPK14;MOV10;MRE11;MT-CO2;MT-CO3;MTA2;MTOR;NDRG1;NDUFA4;NELFB;NPM1;PCNA;PIN1;PIP4K2A;PIP4K2C;PML;POLR2A;POLR2B;POLR2C;POLR2E;POLR2H;POLR2I;PPP1R13L;PPP2CB;PPP2R1A;PRDX1;PRDX2;PRDX5;PRKAA1;PRKAG1;PRMT1;PRMT5;RABGGTA;RAD50;RBBP4;RBBP7;RFC4;RHEB;RPA1;RPA2;RPA3;RRM2B;SCO1;SFN;SSRP1;SUPT16H;SUPT4H1;SUPT5H;TACO1;TCEA1;TIGAR;TNKS1BP1;TP53I3;TXN;TXNRD1;USP7;YWHAB;YWHAE;YWHAG;YWHAH;YWHAQ;YWHAZ,0.17484868073103368
R-HSA-6782210,Gap-filling DNA repair synthesis and ligation in TC-NER,23,0.42765997044679305,1.5214494346363,0.0959040959040959,7,PCNA;RFC4;PRPF19;POLR2B;POLR2H;POLR2A;POLR2E,CUL4A;CUL4B;DDB1;HMGN1;LIG3;PCNA;POLR2A;POLR2B;POLR2C;POLR2E;POLR2H;POLR2I;PRPF19;RBX1;RFC1;RFC4;RPA1;RPA2;RPA3;TCEA1;USP7;XAB2;XRCC1,0.17627442979555658
R-HSA-2132295,MHC class II antigen presentation,61,0.33051611884540943,1.4897741729147402,0.0979020979020979,22,TUBB3;CTSC;AP2A1;TUBA4B;RAB7A;CTSB;TUBB6;CAPZA1;CTSA;CLTC;SEC23A;AP1M1;CLTA;HLA-DRA;KIF2A;AP1G1;AP2B1;TUBA1C;KIF5B;CTSS;CANX;HLA-DPA1,ACTR10;ACTR1A;ACTR1B;AP1B1;AP1G1;AP1M1;AP1M2;AP1S1;AP2A1;AP2A2;AP2B1;AP2M1;AP2S1;CANX;CAPZA1;CAPZA2;CAPZB;CD74;CLTA;CLTC;CTSA;CTSB;CTSC;CTSD;CTSS;DCTN1;DCTN2;DCTN3;DCTN4;DCTN5;DNM2;DYNC1H1;DYNC1I2;DYNC1LI1;DYNC1LI2;DYNLL2;HLA-DPA1;HLA-DRA;KIF2A;KIF5B;KLC1;KLC4;LGMN;RAB7A;SAR1B;SEC13;SEC23A;SEC24A;SEC24B;SEC24C;SEC24D;SEC31A;SPTBN2;TUBA1C;TUBA4A;TUBA4B;TUBB2A;TUBB3;TUBB4A;TUBB4B;TUBB6,0.17910594078818376
R-HSA-9824443,Parasitic Infection Pathways,80,-0.3105823924657064,-1.24651248002132,0.0979020979020979,24,BAIAP2;ABI1;IGLV1-51;PRKAR1A;GNG12;C3;MYH2;IGKV1-5;IGLV3-19;GGT5;IGHG4;PRKACA;IGHV3-7;IGLV1-40;IGLV8-61;IGKV4-1;IGLV1-47;MAPK3;IGKV3-20;IGKV3D-20;MYO1C;IGHG2;IGKC;PRKAR2A,ABI1;ACTB;ACTG1;ACTR2;ACTR3;APP;ARPC1A;ARPC1B;ARPC2;ARPC3;ARPC4;ARPC5;BAIAP2;BRK1;C3;CASP1;CD163;CDC42;CRK;CTSG;CYBA;CYFIP1;ELMO1;ENTPD1;GGT5;GNAI1;GNAI2;GNAI3;GNB1;GNB2;GNG12;GNG2;GNG5;GRB2;GSDMD;HSP90AB1;IGHG2;IGHG3;IGHG4;IGHV3-7;IGKC;IGKV1-5;IGKV3-20;IGKV3D-20;IGKV4-1;IGLV1-40;IGLV1-47;IGLV1-51;IGLV3-19;IGLV8-61;IL18;ITPR2;ITPR3;MAPK1;MAPK14;MAPK3;MYH2;MYH9;MYO1C;NCK1;NCKAP1;NFKB1;NFKB2;NT5E;PLCG2;PRKACA;PRKAR1A;PRKAR2A;PTK2;PYCARD;RAC1;RELA;SRC;SUGT1;SYK;TXN;VAV2;WAS;WASF2;WASL,0.17910594078818376
R-HSA-1660662,Glycosphingolipid metabolism,15,0.4839991919997133,1.5133748854130353,0.0989010989010989,9,M6PR;HEXA;GLB1;CTSA;PSAP;SMPD4;GM2A;ESYT1;GBA1,ARSA;ASAH1;CTSA;ESYT1;ESYT2;GBA1;GLB1;GLTP;GM2A;HEXA;HEXB;M6PR;PSAP;SMPD4;SUMF2,0.18051179589641128
R-HSA-9659379,Sensory processing of sound,24,-0.4160101510869095,-1.3296037685935909,0.1008991008991009,7,EPB41L3;GSN;TRIOBP;EPB41L1;MYO1C;SPTBN1;SPTAN1,ACTB;ACTG1;ATP2B1;CAPZA1;CAPZA2;CAPZB;CASK;DNAJC5;EPB41L1;EPB41L3;EPS8L2;EZR;GSN;MPP1;MSN;MYH9;MYO1C;PLS1;RDX;SPTAN1;SPTBN1;TRIOBP;TWF1;TWF2,0.183730223265107
R-HSA-3371571,HSF1-dependent transactivation,18,0.45825690927840124,1.49954812909,0.1018981018981019,4,SERPINH1;HSPH1;HSP90AB1;PTGES3,AKT1S1;CAMK2D;CAMK2G;CRYAB;DNAJB1;FKBP4;HSBP1;HSP90AA1;HSP90AB1;HSPA1L;HSPA2;HSPA8;HSPB8;HSPH1;MRPL18;MTOR;PTGES3;SERPINH1,0.1851188254900552
R-HSA-9658195,Leishmania infection,80,-0.3105823924657064,-1.2410738845469667,0.1038961038961039,24,BAIAP2;ABI1;IGLV1-51;PRKAR1A;GNG12;C3;MYH2;IGKV1-5;IGLV3-19;GGT5;IGHG4;PRKACA;IGHV3-7;IGLV1-40;IGLV8-61;IGKV4-1;IGLV1-47;MAPK3;IGKV3-20;IGKV3D-20;MYO1C;IGHG2;IGKC;PRKAR2A,ABI1;ACTB;ACTG1;ACTR2;ACTR3;APP;ARPC1A;ARPC1B;ARPC2;ARPC3;ARPC4;ARPC5;BAIAP2;BRK1;C3;CASP1;CD163;CDC42;CRK;CTSG;CYBA;CYFIP1;ELMO1;ENTPD1;GGT5;GNAI1;GNAI2;GNAI3;GNB1;GNB2;GNG12;GNG2;GNG5;GRB2;GSDMD;HSP90AB1;IGHG2;IGHG3;IGHG4;IGHV3-7;IGKC;IGKV1-5;IGKV3-20;IGKV3D-20;IGKV4-1;IGLV1-40;IGLV1-47;IGLV1-51;IGLV3-19;IGLV8-61;IL18;ITPR2;ITPR3;MAPK1;MAPK14;MAPK3;MYH2;MYH9;MYO1C;NCK1;NCKAP1;NFKB1;NFKB2;NT5E;PLCG2;PRKACA;PRKAR1A;PRKAR2A;PTK2;PYCARD;RAC1;RELA;SRC;SUGT1;SYK;TXN;VAV2;WAS;WASF2;WASL,0.18831168831168835
R-HSA-447115,Interleukin-12 family signaling,35,0.37864759081779226,1.537570490778327,0.10789210789210789,21,STAT1;PAK2;CFL1;STAT3;CNN2;MSN;HNRNPF;CAPZA1;PSME2;HNRNPDL;CDC42;LCP1;AIP;BOLA2;CANX;HNRNPA2B1;SNRPA1;TCP1;MTAP;RPLP0;LMNB1,AIP;ANXA2;BOLA2;CA1;CANX;CAPZA1;CDC42;CFL1;CNN2;GSTO1;HNRNPA2B1;HNRNPDL;HNRNPF;HSPA9;LCP1;LMNB1;MIF;MSN;MTAP;P4HB;PAK2;PDCD4;PITPNA;PPIA;PSME2;RALA;RPLP0;SERPINB2;SNRPA1;SOD1;SOD2;STAT1;STAT3;TALDO1;TCP1,0.19510281865940063
R-HSA-500792,GPCR ligand binding,18,-0.4522174091932401,-1.3285368989775252,0.1088911088911089,12,GNB2;GNG2;F2;ANXA1;LTB4R;GNB1;CD55;HEBP1;GNG12;C3;KNG1;AGT,AGT;ANXA1;APP;C3;C5;CD55;F2;GNB1;GNB2;GNG12;GNG2;GNG5;HEBP1;KNG1;LTB4R;NLN;PPBP;PSAP,0.1964556181146043
R-HSA-400253,Circadian Clock,10,0.5314618682958842,1.5081532281472565,0.1108891108891109,8,PPP1CA;NAMPT;TBL1XR1;CPT1A;RBM4;PPP1CC;CUL1;SKP1,CARM1;CPT1A;CUL1;NAMPT;PPP1CA;PPP1CB;PPP1CC;RBM4;SKP1;TBL1XR1,0.1996003996003996
R-HSA-1474165,Reproduction,19,-0.4437218050484172,-1.30951609787467,0.11488511488511488,11,RAD21;SMC1A;RAD50;SYNE1;HSPA2;H4C1;SYNE2;SUN1;SUN2;CD9;LMNA,CD9;H4C1;HSPA2;LMNA;LMNB1;MRE11;RAD21;RAD50;RPA1;RPA2;RPA3;SMC1A;SMC3;STAG1;SUN1;SUN2;SYNE1;SYNE2;UBE2I,0.20631891044735082
R-HSA-8982491,Glycogen metabolism,10,-0.540134721893568,-1.3425595460878494,0.11588411588411589,6,GYG1;UGP2;AGL;PYGM;GBE1;PGM1,AGL;GAA;GBE1;GYG1;GYS1;PGM1;PYGB;PYGL;PYGM;UGP2,0.2076367568358415
R-HSA-9662360,Sensory processing of sound by inner hair cells of the cochlea,22,-0.40685380503683,-1.280278858693739,0.11788211788211789,8,CAPZA2;EPS8L2;EPB41L3;TRIOBP;EPB41L1;MYO1C;SPTBN1;SPTAN1,ACTB;ACTG1;ATP2B1;CAPZA1;CAPZA2;CAPZB;CASK;DNAJC5;EPB41L1;EPB41L3;EPS8L2;EZR;MSN;MYH9;MYO1C;PLS1;RDX;SPTAN1;SPTBN1;TRIOBP;TWF1;TWF2,0.20977658704931434
R-HSA-70268,Pyruvate metabolism,17,-0.44591369667981,-1.3152275862219596,0.11788211788211789,7,ME1;DLD;DLAT;HAGH;PDHA1;PDHX;PDHB,BSG;DLAT;DLD;GLO1;HAGH;LDHA;LDHAL6B;LDHB;ME1;PDHA1;PDHB;PDHX;PDP1;PDPR;SLC16A1;SLC16A3;VDAC1,0.20977658704931434
R-HSA-1221632,Meiotic synapsis,13,-0.5023516225620843,-1.3282878650762646,0.11788211788211789,9,RAD21;SMC1A;SYNE1;HSPA2;H4C1;SYNE2;SUN1;SUN2;LMNA,H4C1;HSPA2;LMNA;LMNB1;RAD21;SMC1A;SMC3;STAG1;SUN1;SUN2;SYNE1;SYNE2;UBE2I,0.20977658704931434
R-HSA-425393,Transport of inorganic cations/anions and amino acids/oligopeptides,10,0.5250585425208616,1.5016899357335376,0.11888111888111888,4,SLC3A2;SLC7A5;SLC1A5;SLC7A1,AHCYL2;SLC12A2;SLC1A4;SLC1A5;SLC25A10;SLC3A2;SLC4A1;SLC7A1;SLC7A5;SRI,0.2110746396460682
R-HSA-3928663,EPHA-mediated growth cone collapse,11,-0.511218893410831,-1.312833982588859,0.12387612387612387,2,MYH14;MYH11,EPHA2;MYH10;MYH11;MYH14;MYH9;MYL6;MYL9;RHOA;ROCK1;ROCK2;SRC,0.21944571265838234
R-HSA-3214847,HATs acetylate histones,12,0.49812776931848746,1.4376059938302828,0.12787212787212787,7,RUVBL1;ACTL6A;RUVBL2;ACTB;WDR5;RBBP7;ENY2,ACTB;ACTL6A;DR1;ENY2;H2AC21;H4C1;HCFC1;OGT;RBBP7;RUVBL1;RUVBL2;WDR5,0.22601326438798222
R-HSA-379724,tRNA Aminoacylation,30,0.38443639475178354,1.3985837275217337,0.12887112887112886,15,GARS1;WARS1;YARS1;AARS1;DARS1;KARS1;VARS1;MARS1;RARS1;IARS1;TARS1;CARS1;SARS1;AIMP2;HARS1,AARS1;AIMP1;AIMP2;CARS1;DARS1;DARS2;EARS2;EEF1E1;EPRS1;FARSA;FARSB;GARS1;HARS1;IARS1;IARS2;KARS1;LARS1;MARS1;NARS1;PPA1;PPA2;QARS1;RARS1;SARS1;SARS2;TARS1;TARS2;VARS1;WARS1;YARS1,0.22726597726597725
R-HSA-112043,PLC beta mediated events,15,-0.4627131583465717,-1.2994217457758093,0.13086913086913088,6,CAMK2G;GNAQ;PRKAR1A;PRKACA;PRKAR2A;GNA11,CAMK2D;CAMK2G;GNA11;GNA15;GNAQ;GRK2;ITPR2;ITPR3;KPNA2;MAPK1;PLCB3;PRKACA;PRKAR1A;PRKAR2A;PRKCD,0.23027085274276288
R-HSA-5250924,B-WICH complex positively regulates rRNA expression,12,0.5033757792338962,1.466473698414751,0.13186813186813187,7,DDX21;MYBBP1A;SF3B1;POLR2H;POLR2E;DEK;ACTB,ACTB;BAZ1B;DDX21;DEK;GSK3B;H4C1;MYBBP1A;MYO1C;POLR2E;POLR2H;SF3B1;SMARCA5,0.23150840191198938
R-HSA-6804756,Regulation of TP53 Activity through Phosphorylation,14,0.46554624150416574,1.3895642382377944,0.13286713286713286,8,SSRP1;RFC4;CSNK2A2;SUPT16H;CSNK2B;MRE11;MAPK14;PRKAA1,CSNK2A2;CSNK2B;MAPK14;MRE11;PIN1;PRKAA1;PRKAG1;RAD50;RFC4;RPA1;RPA2;RPA3;SSRP1;SUPT16H,0.23222090409590407
R-HSA-9656223,Signaling by RAF1 mutants,26,-0.39194852185785095,-1.2467605337222891,0.13286713286713286,9,ARRB2;MAP2K2;VCL;CAMK2G;RAP1A;ARRB1;VWF;ARAF;MAPK3,ACTB;ACTG1;ARAF;ARRB1;ARRB2;CAMK2D;CAMK2G;CSK;FGA;FGB;FGG;FN1;IQGAP1;ITGA2B;ITGB3;KRAS;MAP2K1;MAP2K2;MAPK1;MAPK3;RAP1A;SRC;TLN1;VCL;VWF;YWHAB,0.23222090409590407
R-HSA-9674555,Signaling by CSF3 (G-CSF),10,0.5199514377079573,1.434669344496872,0.13586413586413587,3,STAT1;STAT3;ELOC,CUL5;ELOB;ELOC;GRB2;KRAS;PTPN11;STAT1;STAT3;STAT5A;SYK,0.2364035964035964
R-HSA-418346,Platelet homeostasis,24,-0.4039142836040407,-1.2416985640433293,0.13586413586413587,14,ATP2B4;PPP2CB;GNB2;GNG2;GNB1;ATP2A2;ATP2A3;SRI;STIM1;PECAM1;ATP2A1;GNG12;APOB;PPP2R5A,APOB;ATP2A1;ATP2A2;ATP2A3;ATP2B1;ATP2B4;GNB1;GNB2;GNG12;GNG2;GNG5;ITPR2;ITPR3;MAPK14;PECAM1;PPP2CB;PPP2R1A;PPP2R5A;PPP2R5D;PPP2R5E;PTPN11;PTPN6;SRI;STIM1,0.2364035964035964
R-HSA-5693532,DNA Double-Strand Break Repair,27,0.3881064812309841,1.4447719834421582,0.13886113886113885,5,PCNA;PRKDC;RFC4;FEN1;PPP4C,BAZ1B;FEN1;H4C1;KPNA2;LIG3;MRE11;PARP1;PCNA;PPP4C;PPP5C;PRKDC;RAD50;RFC1;RFC4;RPA1;RPA2;RPA3;SMARCA5;SUMO1;TP53BP1;UBE2I;UBE2N;UBE2V2;UBXN1;XRCC1;XRCC5;XRCC6,0.24001825988580955
R-HSA-5617472,Activation of anterior HOX genes in hindbrain development during early embryogenesis,11,0.49880347568562255,1.4099658548159741,0.13886113886113885,7,POLR2B;POLR2H;POLR2A;POLR2E;WDR5;RBBP7;DPY30,DPY30;H4C1;POLR2A;POLR2B;POLR2C;POLR2E;POLR2H;POLR2I;RBBP4;RBBP7;WDR5,0.24001825988580955
R-HSA-2029480,Fcgamma receptor (FCGR) dependent phagocytosis,57,-0.3271416886165368,-1.2293704697202241,0.13886113886113885,19,BAIAP2;ABI1;IGLV1-51;PLD1;MYH2;IGKV1-5;IGLV3-19;IGHG4;IGHV3-7;IGLV1-40;IGLV8-61;IGKV4-1;IGLV1-47;MAPK3;IGKV3-20;IGKV3D-20;MYO1C;IGHG2;IGKC,ABI1;ACTB;ACTG1;ACTR2;ACTR3;ARPC1A;ARPC1B;ARPC2;ARPC3;ARPC4;ARPC5;BAIAP2;BRK1;CDC42;CFL1;CRK;CYFIP1;ELMO1;GRB2;HSP90AA1;HSP90AB1;IGHG2;IGHG3;IGHG4;IGHV3-7;IGKC;IGKV1-5;IGKV3-20;IGKV3D-20;IGKV4-1;IGLV1-40;IGLV1-47;IGLV1-51;IGLV3-19;IGLV8-61;ITPR2;ITPR3;MAPK1;MAPK3;MYH2;MYH9;MYO1C;NCK1;NCKAP1;PAK1;PLCG2;PLD1;PLD3;PRKCD;PTK2;RAC1;SRC;SYK;VAV2;WAS;WASF2;WASL,0.24001825988580955
R-HSA-2980766,Nuclear Envelope Breakdown,31,0.3744192708999497,1.4418835341487337,0.14185814185814186,17,NUP155;NUP188;NUP93;NUP160;NUP35;NUP153;NUP133;NUP88;NUP62;SEH1L;NUP214;NUP54;SEC13;NUP50;LMNB1;TPR;RANBP2,AAAS;BANF1;EMD;LEMD2;LMNA;LMNB1;NEK9;NUP107;NUP133;NUP153;NUP155;NUP160;NUP188;NUP205;NUP210;NUP214;NUP35;NUP43;NUP50;NUP54;NUP62;NUP85;NUP88;NUP93;NUP98;RAE1;RANBP2;SEC13;SEH1L;TMPO;TPR,0.24465842527516538
R-HSA-5619507,Activation of HOX genes during differentiation,11,0.49880347568562255,1.425548237184315,0.14385614385614387,7,POLR2B;POLR2H;POLR2A;POLR2E;WDR5;RBBP7;DPY30,DPY30;H4C1;POLR2A;POLR2B;POLR2C;POLR2E;POLR2H;POLR2I;RBBP4;RBBP7;WDR5,0.2475590343722212
R-HSA-9013409,RHOJ GTPase cycle,20,0.41493279788472615,1.4192362083328827,0.14585414585414586,5,TFRC;PAK2;RAB7A;SLC1A5;CDC42,ARHGAP1;ARHGEF7;CAV1;CDC42;CDC42BPB;GIT1;JUP;LAMTOR1;PAK1;PAK2;RAB7A;SCRIB;SLC1A5;SNAP23;STOM;TFRC;TMPO;VAMP3;WAS;WASL,0.25044692149955305
R-HSA-8949215,Mitochondrial calcium ion transport,10,-0.5112411881500216,-1.3023767802846296,0.14885114885114886,4,VDAC2;VDAC1;AFG3L2;VDAC3,AFG3L2;LETM1;MCU;PHB2;PMPCA;PMPCB;STOML2;VDAC1;VDAC2;VDAC3,0.25503380645612594
R-HSA-73933,Resolution of Abasic Sites (AP sites),13,0.46706687864817115,1.432521707290114,0.15084915084915085,4,PCNA;RFC4;FEN1;APEX1,ADPRS;APEX1;FEN1;LIG3;MPG;PARP1;PCNA;RFC1;RFC4;RPA1;RPA2;RPA3;XRCC1,0.2573309043897279
R-HSA-9675108,Nervous system development,267,0.2464296719540921,1.3976341091395466,0.15084915084915085,114,TUBB3;PAK2;ARPC1B;HSP90AB1;AP2A1;CFL1;TUBA4B;MYH9;EIF4G1;CAP1;EIF4A3;PSMD2;TUBB6;MSN;PSMB9;ITGAV;PSMB8;RPL10;ACTR3;RPS15A;PRNP;CSNK2A2;PSME2;NCSTN;PSMD11;PSMD13;PSME3;PABPC1;RPL18A;RPS3A;RPS11;ARPC2;RPL27A;CLTC;ARPC3;RPS2;RHOC;PSMB3;RPS6;CDC42;RPS27;ITGA2;RBM8A;PSMA4;PSMB2;CLTA;RPL10A;ITGB1;EGFR;ARPC5;MAGOHB;RPS8;AP2B1;ACTR2;RPL6;ELOC;TUBA1C;RPL13A;CSNK2B;RPL5;RPS5;PSMD7;RPS4X;RPL35A;RPS3;RPL32;HSP90AA1;RPS9;PSME1;GSPT2;PSMD12;ETF1;PSMC2;RPL12;RPL18;RPL11;PTPRC;RPS26;PSMA6;RPS17;RPL30;RPL7;RPS12;PSMB10;ACTB;PSMD6;RPL7A;RPS23;RPL3;PSMA3;RPL23A;RPL19;GSPT1;PSMC6;SRC;RPS29;RPS7;LAMB1;RPS13;RPL4;ARPC4;MAPK14;RPL15;PSMD1;RPL21;RPL9;GSK3B;RPL34;RPLP0;RPL38;PTK2;PAK1;RPL17;RPS16,ABLIM1;ACTB;ACTG1;ACTR2;ACTR3;ADAM10;AGRN;ALCAM;ANK1;ANK3;AP2A1;AP2A2;AP2B1;AP2M1;AP2S1;ARHGEF7;ARPC1A;ARPC1B;ARPC2;ARPC3;ARPC4;ARPC5;CAP1;CAP2;CDC42;CFL1;CLASP1;CLTA;CLTB;CLTC;CNTN1;COL2A1;COL3A1;COL4A1;COL4A2;COL4A3;COL5A1;COL5A2;COL5A3;COL6A1;COL6A2;COL6A3;COL6A6;CSNK2A2;CSNK2B;CUL2;CYP51A1;DAG1;DLG1;DNM2;DPYSL2;DPYSL3;EGFR;EIF4A3;EIF4G1;ELOB;ELOC;EPHA2;ETF1;EVL;EZR;FAU;GIT1;GPC1;GRB2;GSK3B;GSPT1;GSPT2;HSP90AA1;HSP90AB1;HSPA8;ITGA1;ITGA2;ITGA2B;ITGA5;ITGAV;ITGB1;ITGB3;KRAS;LAMA2;LAMB1;LAMC1;LYPLA2;MAGOHB;MAP2K1;MAP2K2;MAPK1;MAPK13;MAPK14;MAPK3;MMP9;MSN;MYH10;MYH11;MYH14;MYH9;MYL6;MYL9;NCK1;NCK2;NCSTN;NRP1;NUMB;PABPC1;PAK1;PAK2;PDLIM7;PFN1;PFN2;PITPNA;PRKACA;PRKAR2A;PRNP;PRX;PSMA1;PSMA2;PSMA3;PSMA4;PSMA5;PSMA6;PSMA7;PSMB1;PSMB10;PSMB2;PSMB3;PSMB4;PSMB5;PSMB6;PSMB7;PSMB8;PSMB9;PSMC1;PSMC2;PSMC3;PSMC4;PSMC5;PSMC6;PSMD1;PSMD10;PSMD11;PSMD12;PSMD13;PSMD14;PSMD2;PSMD3;PSMD4;PSMD5;PSMD6;PSMD7;PSMD8;PSMD9;PSME1;PSME2;PSME3;PSMF1;PTK2;PTPN11;PTPRC;RAC1;RBM8A;RBX1;RDX;RHOA;RHOC;RNPS1;ROCK1;ROCK2;RPL10;RPL10A;RPL11;RPL12;RPL13;RPL13A;RPL14;RPL15;RPL17;RPL18;RPL18A;RPL19;RPL21;RPL22;RPL23;RPL23A;RPL24;RPL26;RPL27;RPL27A;RPL28;RPL29;RPL3;RPL30;RPL31;RPL32;RPL34;RPL35;RPL35A;RPL36;RPL36AL;RPL37A;RPL38;RPL4;RPL5;RPL6;RPL7;RPL7A;RPL8;RPL9;RPLP0;RPLP1;RPLP2;RPS10;RPS11;RPS12;RPS13;RPS14;RPS15;RPS15A;RPS16;RPS17;RPS18;RPS19;RPS2;RPS20;RPS21;RPS23;RPS24;RPS25;RPS26;RPS27;RPS27L;RPS28;RPS29;RPS3;RPS3A;RPS4X;RPS5;RPS6;RPS6KA3;RPS7;RPS8;RPS9;RPSA;RRAS;SDCBP;SH3KBP1;SHTN1;SPTA1;SPTAN1;SPTB;SPTBN1;SPTBN2;SRC;TLN1;TUBA1C;TUBA4A;TUBA4B;TUBB2A;TUBB3;TUBB4A;TUBB4B;TUBB6;UPF2;UTRN;VASP;VAV2;WASL;YAP1,0.2573309043897279
R-HSA-1474290,Collagen formation,41,-0.3413792967989582,-1.2221363324518033,0.15184815184815184,15,COL6A3;COL18A1;COL6A1;COL6A2;COL16A1;COL6A6;COL5A3;COL2A1;COL5A1;COL1A1;COL1A2;COL15A1;COL3A1;COL10A1;COL14A1,COL10A1;COL12A1;COL14A1;COL15A1;COL16A1;COL17A1;COL18A1;COL1A1;COL1A2;COL2A1;COL3A1;COL4A1;COL4A2;COL4A3;COL5A1;COL5A2;COL5A3;COL6A1;COL6A2;COL6A3;COL6A6;COL7A1;COLGALT1;CRTAP;CTSB;CTSS;DST;ITGA6;ITGB4;LAMA3;LAMB3;LAMC2;MMP9;P3H1;P4HA1;P4HB;PCOLCE;PLEC;PLOD1;PPIB;SERPINH1,0.2584719628197889
R-HSA-9609523,Insertion of tail-anchored proteins into the endoplasmic reticulum membrane,12,-0.47104357194500723,-1.2547842097264976,0.15284715284715283,2,CYB5A;ALDH3A2,ALDH3A2;APP;BAG6;CYB5A;EMD;GET3;PRNP;SEC61B;SGTA;STX5;UBL4A;VAPA,0.25904614865653824
R-HSA-1638091,Heparan sulfate/heparin (HS-GAG) metabolism,10,-0.5043557531150166,-1.2846500557562432,0.15284715284715283,3,HSPG2;BGN;DCN,AGRN;BGN;CSPG4;DCN;GLB1;GPC1;GUSB;HSPG2;SDC1;VCAN,0.25904614865653824
R-HSA-75153,Apoptotic execution phase,40,-0.33902464521573267,-1.203068194427101,0.15384615384615385,6,VIM;GSN;LMNA;ADD1;H1-0;SPTAN1,ACIN1;ADD1;BCAP31;CASP3;CASP7;CDH1;CTNNB1;DBNL;DFFA;DNM1L;DSG1;DSG2;DSG3;DSP;FNTA;GSN;H1-0;H1-1;H1-2;H1-3;H1-4;H1-5;HMGB1;HMGB2;KPNA1;KPNB1;LMNA;LMNB1;PAK2;PKP1;PLEC;PRKCD;PTK2;ROCK1;SPTAN1;STK24;STK26;TJP1;TJP2;VIM,0.26017610898820404
R-HSA-110373,Resolution of AP sites via the multiple-nucleotide patch replacement pathway,10,0.5152591170889445,1.4193080904971578,0.15684315684315683,4,PCNA;RFC4;FEN1;APEX1,ADPRS;APEX1;FEN1;PARP1;PCNA;RFC1;RFC4;RPA1;RPA2;RPA3,0.2641036382971867
R-HSA-8964038,LDL clearance,10,0.5108048913812394,1.349621528501692,0.15684315684315683,5,AP2A1;CLTC;CLTA;AP2B1;NPC2,AP2A1;AP2A2;AP2B1;AP2M1;AP2S1;APOB;CLTA;CLTC;NCEH1;NPC2,0.2641036382971867
R-HSA-1500620,Meiosis,18,-0.4184515020028496,-1.2220556970711753,0.16083916083916083,10,RAD21;SMC1A;RAD50;SYNE1;HSPA2;H4C1;SYNE2;SUN1;SUN2;LMNA,H4C1;HSPA2;LMNA;LMNB1;MRE11;RAD21;RAD50;RPA1;RPA2;RPA3;SMC1A;SMC3;STAG1;SUN1;SUN2;SYNE1;SYNE2;UBE2I,0.27025120801944835
R-HSA-5628897,TP53 Regulates Metabolic Genes,44,-0.32529126340589726,-1.1841853303088374,0.16183816183816183,14,COX6B1;PRDX5;GPI;LAMTOR2;PRDX2;PRDX1;NDUFA4;COX6C;MT-CO2;COX4I1;MT-CO3;COX5A;COX5B;GSR,AGO2;COX20;COX4I1;COX5A;COX5B;COX6B1;COX6C;COX7A2L;COX7C;CYCS;G6PD;GLS;GPI;GSR;LAMTOR1;LAMTOR2;LAMTOR3;LAMTOR4;LAMTOR5;LRPPRC;MOV10;MT-CO2;MT-CO3;MTOR;NDUFA4;PRDX1;PRDX2;PRDX5;PRKAA1;PRKAG1;RHEB;RRM2B;SCO1;SFN;TACO1;TIGAR;TXN;TXNRD1;YWHAB;YWHAE;YWHAG;YWHAH;YWHAQ;YWHAZ,0.2712797840457415
R-HSA-936440,Negative regulators of DDX58/IFIH1 signaling,11,0.49450167692456853,1.3888243032079366,0.16283716283716285,5,ISG15;UBE2L6;RIGI;PCBP2;TRIM25,ISG15;ITCH;MAVS;NLRX1;PCBP2;PIN1;RIGI;TRIM25;UBA7;UBE2K;UBE2L6,0.2712797840457415
R-HSA-5689880,Ub-specific processing proteases,71,0.29747926775286343,1.3864367236328143,0.16283716283716285,27,PSMD2;RUVBL1;PSMB9;PSMB8;RIGI;PSME2;PSMD11;PSMD13;PTRH2;PSME3;USP10;PSMB3;PSMA4;PSMB2;PSMD7;USP24;PSME1;PSMD12;PSMC2;PSMA6;PSMB10;PSMD6;PSMA3;OTUB1;PSMC6;PSMD1;USP15,ADRM1;ARRB1;ARRB2;FKBP8;H2AC21;HGS;IDE;IKBKG;KEAP1;MAT2B;OTUB1;PSMA1;PSMA2;PSMA3;PSMA4;PSMA5;PSMA6;PSMA7;PSMB1;PSMB10;PSMB2;PSMB3;PSMB4;PSMB5;PSMB6;PSMB7;PSMB8;PSMB9;PSMC1;PSMC2;PSMC3;PSMC4;PSMC5;PSMC6;PSMD1;PSMD10;PSMD11;PSMD12;PSMD13;PSMD14;PSMD2;PSMD3;PSMD4;PSMD5;PSMD6;PSMD7;PSMD8;PSMD9;PSME1;PSME2;PSME3;PSMF1;PTRH2;RHOT1;RIGI;RUVBL1;SMAD2;SNX3;TOMM70;USP10;USP14;USP15;USP24;USP47;USP5;USP7;USP8;USP9X;VDAC1;VDAC2;VDAC3,0.2712797840457415
R-HSA-936837,Ion transport by P-type ATPases,15,-0.4409215917857825,-1.2344192395073523,0.16283716283716285,8,ATP1A2;ATP2A2;ATP2A3;SRI;CAMK2G;ATP2A1;ATP12A;ATP1B1,ATP12A;ATP13A1;ATP1A1;ATP1A2;ATP1B1;ATP1B3;ATP2A1;ATP2A2;ATP2A3;ATP2B1;ATP2B4;ATP2C1;CAMK2D;CAMK2G;SRI,0.2712797840457415
R-HSA-5626467,RHO GTPases activate IQGAPs,18,0.416718639289516,1.3616763414603752,0.16383616383616384,6,TUBB3;TUBA4B;TUBB6;CDC42;TUBA1C;ACTB,ACTB;ACTG1;CDC42;CDH1;CLIP1;CTNNA1;CTNNB1;IQGAP1;IQGAP2;RAC1;TUBA1C;TUBA4A;TUBA4B;TUBB2A;TUBB3;TUBB4A;TUBB4B;TUBB6,0.2717875344993989
R-HSA-400685,Sema4D in semaphorin signaling,12,-0.47851541170369216,-1.2593803101700434,0.16383616383616384,4,MYL9;RRAS;MYH14;MYH11,MYH10;MYH11;MYH14;MYH9;MYL6;MYL9;RAC1;RHOA;RHOC;ROCK1;ROCK2;RRAS,0.2717875344993989
R-HSA-2995383,Initiation of Nuclear Envelope (NE) Reformation,11,-0.4843988405049786,-1.2498575734777908,0.16483516483516483,3,PPP2R2A;SIRT2;LMNA,BANF1;EMD;KPNB1;LBR;LEMD2;LMNA;LMNB1;PPP2R1A;PPP2R2A;SIRT2;TMPO,0.2728666682155054
R-HSA-198725,Nuclear Events (kinase and transcription factor activation),11,-0.4809626103805321,-1.2494385941982105,0.16983016983016982,3,DUSP3;TF;MAPK3,CHD4;DNM2;DUSP3;MAPK1;MAPK14;MAPK3;PPP2CB;PPP2R1A;PPP2R5D;RPS6KA3;TF,0.28054224256755905
R-HSA-9013418,RHOBTB2 GTPase cycle,21,0.39640414100988025,1.373546780878598,0.17182817182817184,13,HSP90AB1;ACTN1;SRRM1;TRA2B;DDX39B;HSP90AA1;CCT7;CCT2;CCT6A;HNRNPC;RBMX;ACTG1;TWF1,ACTG1;ACTN1;CCT2;CCT6A;CCT7;CDC37;CUL3;DBN1;DDX39B;HNRNPC;HSP90AA1;HSP90AB1;MSI2;MYO6;RBMX;SRRM1;STK38;TMOD3;TRA2B;TWF1;TXNL1,0.28265012298625747
R-HSA-3247509,Chromatin modifying enzymes,38,0.34039727841007833,1.3671724339129643,0.17182817182817184,18,NFKB2;RUVBL1;PRMT1;ACTL6A;RPS2;RUVBL2;PRMT5;ACTB;RELA;TBL1XR1;WDR5;RBBP7;PADI4;DPY30;MTA2;HDAC1;ENY2;NFKB1,ACTB;ACTL6A;CARM1;CHD4;DPY30;DR1;ENY2;H2AC21;H4C1;HCFC1;HDAC1;KDM1A;MTA2;NFKB1;NFKB2;OGT;PADI2;PADI4;PBRM1;PRMT1;PRMT5;RBBP4;RBBP7;RELA;RPS2;RUVBL1;RUVBL2;SAP18;SETD3;SETD7;SMARCA2;SMARCC1;SMARCC2;SMARCD2;SMARCE1;TBL1XR1;WDR5;WDR77,0.28265012298625747
R-HSA-422356,Regulation of insulin secretion,24,-0.38440192858985545,-1.2080567603094583,0.17482517482517482,9,GNB1;RAP1A;GNAQ;PRKAR1A;CD36;GNG12;PRKACA;PRKAR2A;GNA11,ACSL3;ACSL4;CD36;GNA11;GNA15;GNAI1;GNAI2;GNAQ;GNB1;GNB2;GNG12;GNG2;GNG5;IQGAP1;ITPR2;ITPR3;MARCKS;PLCB3;PRKACA;PRKAR1A;PRKAR2A;RAP1A;SLC2A1;STXBP1,0.2869771737696266
R-HSA-186763,Downstream signal transduction,12,0.4723569076481458,1.3628307801111195,0.17682317682317683,2,STAT1;STAT3,CRK;CRKL;GRB2;KRAS;NCK1;NCK2;PTPN11;SRC;STAT1;STAT3;STAT5A;STAT6,0.28964968086307
R-HSA-5663202,Diseases of signal transduction by growth factor receptors and second messengers,159,0.26195187662431607,1.4179580854816571,0.17782217782217782,69,STAT1;ZC3HAV1;MYH9;GTF2F1;STAT3;SND1;CSNK1A1;PPFIBP1;PSMD2;POLR2B;MSN;PSMB9;PSMB8;GTF2F2;PSME2;TPM4;POLR2H;NCSTN;EEF1G;PSMD11;PSMD13;PSME3;AP3B1;RHOG;CLTC;PSMB3;RPS6;PSMA4;PSMB2;RAC2;RRBP1;EGFR;POLR2A;PPP2R5E;POLR2E;PSMD7;HSP90AA1;PSME1;PSMD12;RNF213;PSMC2;NPM1;KIF5B;PSMA6;PSMB10;ACTB;EML4;CARS1;PSMD6;SEC31A;PSMA3;TFG;ATIC;KLC1;TBL1XR1;PSMC6;SRC;PAPSS1;PSMD1;FXR1;GSK3B;AGK;QKI;PPP1CC;AKT1S1;HDAC1;CUL1;PSMD14;TPR,ACTB;ACTG1;ADAM10;AGK;AKT1S1;AP3B1;ARAF;ARRB1;ARRB2;ATG7;ATIC;BCR;CAMK2D;CAMK2G;CARS1;CDC37;CLTC;CPSF6;CSK;CSNK1A1;CTBP1;CTNNB1;CUL1;DCTN1;EEF1G;EGFR;EML4;ERLIN2;ESRP1;FAM114A2;FGA;FGB;FGG;FIP1L1;FKBP1A;FN1;FXR1;GOLGA4;GOLGB1;GRB2;GSK3B;GTF2F1;GTF2F2;HDAC1;HSP90AA1;IQGAP1;ITGA2B;ITGB3;KIF5B;KLC1;KRAS;LMNA;LMO7;LRRFIP1;MAP2K1;MAP2K2;MAPK1;MAPK3;MECP2;MPRIP;MSN;MTOR;MYH9;MYO18A;NCSTN;NPM1;PAPSS1;PEBP1;POLR2A;POLR2B;POLR2C;POLR2E;POLR2H;POLR2I;PPFIBP1;PPP1CB;PPP1CC;PPP2CB;PPP2R1A;PPP2R5A;PPP2R5D;PPP2R5E;PRKAR1A;PSMA1;PSMA2;PSMA3;PSMA4;PSMA5;PSMA6;PSMA7;PSMB1;PSMB10;PSMB2;PSMB3;PSMB4;PSMB5;PSMB6;PSMB7;PSMB8;PSMB9;PSMC1;PSMC2;PSMC3;PSMC4;PSMC5;PSMC6;PSMD1;PSMD10;PSMD11;PSMD12;PSMD13;PSMD14;PSMD2;PSMD3;PSMD4;PSMD5;PSMD6;PSMD7;PSMD8;PSMD9;PSME1;PSME2;PSME3;PSMF1;PTPN11;QKI;RAC1;RAC2;RANBP2;RAP1A;RBX1;RHOG;RNF213;RPS6;RRBP1;SEC31A;SKP1;SMAD2;SND1;SNW1;SPTBN1;SQSTM1;SRC;STAT1;STAT3;STAT5A;STRN;TBL1XR1;TFG;TLN1;TPM3;TPM4;TPR;TRIP11;VCL;VCP;VWF;YWHAB;ZC3HAV1,0.29067800675316335
R-HSA-9013408,RHOG GTPase cycle,36,0.3397990322746919,1.3626896779235513,0.17882117882117882,12,TFRC;PAK2;RAB7A;SHMT2;RHOG;DOCK5;KTN1;CDC42;YKT6;ITGB1;ESYT1;ARHGAP1,ARHGAP1;ARHGDIA;ARHGDIB;CAV1;CDC42;CYFIP1;DOCK2;DOCK5;DSG2;EMD;EPHA2;ESYT1;HSPE1;IQGAP2;ITGB1;KTN1;LAMTOR1;LBR;LETM1;LMAN1;MCAM;NDUFA5;NDUFS3;PAK2;PGRMC2;PLD1;RAB7A;RHOG;SHMT2;STX5;TFRC;TMPO;VAMP3;VAPB;VAV2;YKT6,0.2917020479520479
R-HSA-432720,Lysosome Vesicle Biogenesis,21,0.39807940663192765,1.378997415976593,0.1798201798201798,8,M6PR;CLTC;GNS;AP1M1;CLTA;AP1G1;APP;TXNDC5,AP1B1;AP1G1;AP1G2;AP1M1;AP1M2;AP1S1;APP;ARRB1;BLOC1S1;CHMP2A;CLTA;CLTB;CLTC;CTSZ;DNM2;GNS;HGS;HSPA8;M6PR;TXNDC5;VAMP8,0.29272183118336964
R-HSA-9615710,Late endosomal microautophagy,11,-0.47279951668621106,-1.2149697773925558,0.18181818181818182,5,HBB;CHMP3;CHMP2A;PARK7;VIM,CHMP2A;CHMP3;CHMP4A;CHMP4B;HBB;HSPA8;PARK7;PLIN3;TSG101;VIM;VPS37B,0.2953602414183327
R-HSA-9006925,Intracellular signaling by second messengers,91,0.2756570083023832,1.3467291467530762,0.1848151848151848,46,PML;PSMD2;PSMB9;PSMB8;CSNK2A2;PSME2;PSMD11;PSMD13;PSME3;RHOG;RHEB;PSMB3;PSMA4;PSMB2;RAC2;PRKCD;EGFR;PPP2R5E;CSNK2B;PSMD7;GRK2;PSME1;PSMD12;PSMC2;PSMA6;PSMB10;PSMD6;PSMA3;PSMC6;SRC;RBBP7;PSMD1;GSK3B;AKT1S1;PIP4K2C;MTA2;HDAC1;PSMD14;LAMTOR1;KPNA2;PSMA7;PSMB1;KDM1A;PSMC1;MOV10;AGO2,AGO2;AKT1S1;CAMK2D;CAMK2G;CHD4;CSNK2A2;CSNK2B;EGFR;GRB2;GRK2;GSK3B;HDAC1;ITPR2;ITPR3;KDM1A;KPNA2;LAMTOR1;LAMTOR2;LAMTOR3;LAMTOR4;LAMTOR5;MAPK1;MAPK3;MOV10;MTA2;MTOR;PIP4K2A;PIP4K2C;PML;PPP2CB;PPP2R1A;PPP2R5A;PPP2R5D;PPP2R5E;PRKACA;PRKAR1A;PRKAR2A;PRKCD;PSMA1;PSMA2;PSMA3;PSMA4;PSMA5;PSMA6;PSMA7;PSMB1;PSMB10;PSMB2;PSMB3;PSMB4;PSMB5;PSMB6;PSMB7;PSMB8;PSMB9;PSMC1;PSMC2;PSMC3;PSMC4;PSMC5;PSMC6;PSMD1;PSMD10;PSMD11;PSMD12;PSMD13;PSMD14;PSMD2;PSMD3;PSMD4;PSMD5;PSMD6;PSMD7;PSMD8;PSMD9;PSME1;PSME2;PSME3;PSMF1;PTPN11;RAC1;RAC2;RBBP4;RBBP7;RHEB;RHOG;SRC;STRN;STUB1;USP7;VAPA,0.29960722507306353
R-HSA-3371497,HSP90 chaperone cycle for steroid hormone receptors (SHR) in the presence of ligand,35,0.3405623058265771,1.3530800133584895,0.18581418581418582,7,DNAJA1;TUBB3;HSP90AB1;TUBA4B;PTGES3;TUBB6;CAPZA1,ACTR10;ACTR1A;CAPZA1;CAPZA2;CAPZB;DCTN1;DCTN2;DCTN3;DCTN4;DCTN5;DNAJA1;DNAJA2;DNAJB1;DYNC1H1;DYNC1I2;DYNC1LI1;DYNC1LI2;DYNLL2;FKBP4;FKBP5;HSP90AA1;HSP90AB1;HSPA1L;HSPA2;HSPA8;PTGES3;STIP1;TUBA1C;TUBA4A;TUBA4B;TUBB2A;TUBB3;TUBB4A;TUBB4B;TUBB6,0.2999845515309433
R-HSA-6794362,Protein-protein interactions at synapses,16,-0.4246865708268773,-1.2064983087935526,0.18581418581418582,10,FLOT1;STXBP1;APBA1;LIN7C;EPB41;PDLIM5;DLG1;EPB41L3;EPB41L1;EPB41L2,APBA1;CASK;DBNL;DLG1;EPB41;EPB41L1;EPB41L2;EPB41L3;FLOT1;FLOT2;LIN7C;PDLIM5;PPFIBP1;PTPRF;RTN3;STXBP1,0.2999845515309433
R-HSA-71291,Metabolism of amino acids and derivatives,197,-0.24817876194826793,-1.1348420881554586,0.1878121878121878,32,IVD;CKB;GCDH;PHGDH;BCAT2;CKM;HIBADH;PDHA1;HSD17B10;FAH;PDHX;MCCC2;TSTD1;PDHB;GRHPR;ECHS1;GOT1;MPST;GSR;ACAT1;GLUD1;ALDH4A1;SHMT1;QDPR;MCCC1;ALDH7A1;BCKDHA;TST;HIBCH;ALDH6A1;PCBD1;ALDH9A1,ACAT1;AHCY;AIMP1;AIMP2;ALDH18A1;ALDH4A1;ALDH6A1;ALDH7A1;ALDH9A1;ARG1;ASL;ASS1;BCAT2;BCKDHA;BCKDK;CKB;CKM;CKMT1A;DARS1;DBT;DLAT;DLD;DLST;DUOX1;ECHS1;EEF1E1;ENOPH1;EPRS1;ETHE1;FAH;FAU;GCDH;GLS;GLUD1;GLUL;GOT1;GOT2;GRHPR;GSR;HIBADH;HIBCH;HSD17B10;IARS1;IVD;KARS1;LARS1;MARS1;MCCC1;MCCC2;MPST;MRI1;MTAP;NDUFAB1;NNMT;NQO1;OAT;OGDH;PAPSS1;PCBD1;PDHA1;PDHB;PDHX;PHGDH;PSAT1;PSMA1;PSMA2;PSMA3;PSMA4;PSMA5;PSMA6;PSMA7;PSMB1;PSMB10;PSMB2;PSMB3;PSMB4;PSMB5;PSMB6;PSMB7;PSMB8;PSMB9;PSMC1;PSMC2;PSMC3;PSMC4;PSMC5;PSMC6;PSMD1;PSMD10;PSMD11;PSMD12;PSMD13;PSMD14;PSMD2;PSMD3;PSMD4;PSMD5;PSMD6;PSMD7;PSMD8;PSMD9;PSME1;PSME2;PSME3;PSMF1;QARS1;QDPR;RARS1;RIDA;RPL10;RPL10A;RPL11;RPL12;RPL13;RPL13A;RPL14;RPL15;RPL17;RPL18;RPL18A;RPL19;RPL21;RPL22;RPL23;RPL23A;RPL24;RPL26;RPL27;RPL27A;RPL28;RPL29;RPL3;RPL30;RPL31;RPL32;RPL34;RPL35;RPL35A;RPL36;RPL36AL;RPL37A;RPL38;RPL4;RPL5;RPL6;RPL7;RPL7A;RPL8;RPL9;RPLP0;RPLP1;RPLP2;RPS10;RPS11;RPS12;RPS13;RPS14;RPS15;RPS15A;RPS16;RPS17;RPS18;RPS19;RPS2;RPS20;RPS21;RPS23;RPS24;RPS25;RPS26;RPS27;RPS27L;RPS28;RPS29;RPS3;RPS3A;RPS4X;RPS5;RPS6;RPS7;RPS8;RPS9;RPSA;SARS1;SHMT1;SLC25A10;SLC25A12;SLC25A13;SLC3A2;SLC44A1;SLC7A5;SMS;SRM;TST;TSTD1;TXN2;TXNRD1,0.3025863025863026
R-HSA-4839726,Chromatin organization,38,0.34039727841007833,1.4115207804218821,0.1888111888111888,18,NFKB2;RUVBL1;PRMT1;ACTL6A;RPS2;RUVBL2;PRMT5;ACTB;RELA;TBL1XR1;WDR5;RBBP7;PADI4;DPY30;MTA2;HDAC1;ENY2;NFKB1,ACTB;ACTL6A;CARM1;CHD4;DPY30;DR1;ENY2;H2AC21;H4C1;HCFC1;HDAC1;KDM1A;MTA2;NFKB1;NFKB2;OGT;PADI2;PADI4;PBRM1;PRMT1;PRMT5;RBBP4;RBBP7;RELA;RPS2;RUVBL1;RUVBL2;SAP18;SETD3;SETD7;SMARCA2;SMARCC1;SMARCC2;SMARCD2;SMARCE1;TBL1XR1;WDR5;WDR77,0.3035711721543343
R-HSA-2980736,Peptide hormone metabolism,25,-0.37773314626736376,-1.1999091105242128,0.1928071928071928,4,CES1;AGT;CPA3;CMA1,AGT;ANPEP;CES1;CMA1;CPA3;CPB2;CTNNB1;CTSD;CTSG;CTSZ;EXOC1;EXOC2;EXOC3;EXOC4;EXOC5;EXOC7;EXOC8;GNB1;KIF5B;P4HB;RAB27A;SEC11A;SPCS1;SPCS2;SPCS3,0.30936072124596714
R-HSA-416572,Sema4D induced cell migration and growth-cone collapse,10,-0.491160957034945,-1.2315884344832502,0.1958041958041958,2,MYH14;MYH11,MYH10;MYH11;MYH14;MYH9;MYL6;MYL9;RHOA;RHOC;ROCK1;ROCK2,0.31352696383371226
R-HSA-983168,Antigen processing: Ubiquitination & Proteasome degradation,89,0.2760800961288625,1.3570098233585268,0.1998001998001998,38,UBA6;UBE2L6;PSMD2;PSMB9;PSMB8;DTX3L;TRIM21;PSME2;PSMD11;PSMD13;PSME3;TRIP12;PSMB3;PSMA4;PSMB2;ELOC;PSMD7;PSME1;PSMD12;RNF213;PSMC2;PSMA6;PSMB10;PSMD6;PSMA3;ITCH;UBE2G1;PSMC6;UBR4;PSMD1;UBE3C;CUL2;CUL1;PSMD14;SKP1;PSMA7;UBE2K;PSMB1,ATG7;BLMH;CUL1;CUL2;CUL3;CUL5;DTX3L;ELOB;ELOC;FBXO7;GAN;HECTD1;HECTD3;HERC4;HUWE1;ITCH;KEAP1;LMO7;LNPEP;LTN1;NPEPPS;PSMA1;PSMA2;PSMA3;PSMA4;PSMA5;PSMA6;PSMA7;PSMB1;PSMB10;PSMB2;PSMB3;PSMB4;PSMB5;PSMB6;PSMB7;PSMB8;PSMB9;PSMC1;PSMC2;PSMC3;PSMC4;PSMC5;PSMC6;PSMD1;PSMD10;PSMD11;PSMD12;PSMD13;PSMD14;PSMD2;PSMD3;PSMD4;PSMD5;PSMD6;PSMD7;PSMD8;PSMD9;PSME1;PSME2;PSME3;PSMF1;RBX1;RNF213;SKP1;STUB1;THOP1;TPP2;TRIM21;TRIP12;UBA1;UBA3;UBA6;UBA7;UBAC1;UBE2G1;UBE2K;UBE2L3;UBE2L6;UBE2M;UBE2N;UBE2O;UBE2V1;UBE2V2;UBE3A;UBE3C;UBE4A;UBR4;UFL1,0.3186223145489948
R-HSA-163685,Integration of energy metabolism,32,-0.3412762300281739,-1.162887425878422,0.1998001998001998,14,TALDO1;PPP2CB;GNB2;GNG2;STXBP1;GNB1;RAP1A;GNAQ;PRKAR1A;CD36;GNG12;PRKACA;PRKAR2A;GNA11,ACACA;ACLY;ACSL3;ACSL4;CD36;FASN;GNA11;GNA15;GNAI1;GNAI2;GNAQ;GNB1;GNB2;GNG12;GNG2;GNG5;IQGAP1;ITPR2;ITPR3;MARCKS;PLCB3;PPP2CB;PPP2R1A;PPP2R5D;PRKACA;PRKAR1A;PRKAR2A;RAP1A;SLC2A1;STXBP1;TALDO1;TKT,0.3186223145489948
R-HSA-5693538,Homology Directed Repair,18,0.39894043429226833,1.3166567448837063,0.2007992007992008,4,PCNA;RFC4;FEN1;PPP4C,FEN1;H4C1;LIG3;MRE11;PARP1;PCNA;PPP4C;RAD50;RFC1;RFC4;RPA1;RPA2;RPA3;TP53BP1;UBE2I;UBE2N;UBE2V2;XRCC1,0.3189163777399071
R-HSA-5625900,RHO GTPases activate CIT,11,-0.47803809732204217,-1.2223117394059593,0.2007992007992008,2,MYH14;MYH11,MYH10;MYH11;MYH14;MYH9;MYL6;MYL9;PPP1CB;PPP1R12A;RAC1;RHOA;RHOC,0.3189163777399071
R-HSA-9660821,ADORA2B mediated anti-inflammatory cytokines production,11,-0.4667000873281608,-1.2169886218605077,0.20279720279720279,7,GNB2;GNG2;GNB1;PRKAR1A;GNG12;PRKACA;PRKAR2A,GNAI1;GNAI2;GNAI3;GNB1;GNB2;GNG12;GNG2;GNG5;PRKACA;PRKAR1A;PRKAR2A,0.3214376716401008
R-HSA-70326,Glucose metabolism,59,-0.298004695724534,-1.147491944666191,0.2047952047952048,15,TPI1;GPI;GOT2;SLC25A11;ENO3;ALDOA;SLC25A12;MDH2;PFKM;GAPDH;HK1;PRKACA;ALDOC;MDH1;GOT1,AAAS;ALDOA;ALDOC;BPGM;ENO1;ENO2;ENO3;FBP1;GAPDH;GNPDA1;GOT1;GOT2;GPI;HK1;HK2;MDH1;MDH2;NUP107;NUP133;NUP153;NUP155;NUP160;NUP188;NUP205;NUP210;NUP214;NUP35;NUP43;NUP50;NUP54;NUP62;NUP85;NUP88;NUP93;NUP98;PC;PCK2;PFKL;PFKM;PFKP;PGAM1;PGK1;PGP;PKM;PPP2CB;PPP2R1A;PPP2R5D;PRKACA;RAE1;RANBP2;SEC13;SEH1L;SLC25A1;SLC25A10;SLC25A11;SLC25A12;SLC25A13;TPI1;TPR,0.32394877849423304
R-HSA-1793185,Chondroitin sulfate/dermatan sulfate metabolism,10,-0.47759565525368924,-1.2117330119296477,0.2057942057942058,3,HSPG2;BGN;DCN,AGRN;BGN;CSPG4;DCN;GPC1;HEXA;HEXB;HSPG2;SDC1;VCAN,0.32487270793722406
R-HSA-9755511,KEAP1-NFE2L2 pathway,74,0.28361256945780977,1.3447564054065044,0.2127872127872128,40,PSMD2;PSMB9;PSMB8;ABCF2;CSNK2A2;TRIM21;PSME2;PSMD11;PSMD13;PSME3;PSMB3;PSMA4;PSMB2;PRKCD;CSNK2B;PSMD7;PSME1;PSMD12;PSMC2;DPP3;PSMA6;PSMB10;PSMD6;PSMA3;RELA;NPLOC4;PSMC6;G6PD;PSMD1;GSK3B;UBXN7;CUL1;PSMD14;NFKB1;SKP1;PSMA7;PSMB1;ABCC1;PSMC1;VCP,ABCC1;ABCF2;CSNK2A2;CSNK2B;CUL1;CUL3;DPP3;G6PD;GCLC;GCLM;GSK3B;GSR;IDH1;KEAP1;ME1;NFKB1;NPLOC4;NQO1;PGD;PRDX1;PRKCD;PSMA1;PSMA2;PSMA3;PSMA4;PSMA5;PSMA6;PSMA7;PSMB1;PSMB10;PSMB2;PSMB3;PSMB4;PSMB5;PSMB6;PSMB7;PSMB8;PSMB9;PSMC1;PSMC2;PSMC3;PSMC4;PSMC5;PSMC6;PSMD1;PSMD10;PSMD11;PSMD12;PSMD13;PSMD14;PSMD2;PSMD3;PSMD4;PSMD5;PSMD6;PSMD7;PSMD8;PSMD9;PSME1;PSME2;PSME3;PSMF1;RBX1;RELA;SKP1;SOD3;SQSTM1;TALDO1;TKT;TRIM21;TXN;TXNRD1;UBXN7;VCP,0.33456302733411164
R-HSA-112316,Neuronal System,69,-0.2883892761222849,-1.1350206756964616,0.2127872127872128,15,PPM1F;GNG12;PDLIM5;PRKACA;DLG1;ACTN2;CACNA2D1;EPB41L3;ARL6IP5;MAPK3;EPB41L1;MAOA;EPB41L2;PRKAR2A;ALDH2,ACTN2;ALDH2;AP2A1;AP2A2;AP2B1;AP2M1;AP2S1;APBA1;ARHGEF7;ARL6IP5;CACNA2D1;CAMK2D;CAMK2G;CASK;COMT;DBNL;DLG1;DNAJC5;EPB41;EPB41L1;EPB41L2;EPB41L3;FLOT1;FLOT2;GIT1;GLS;GLUL;GNAI1;GNAI2;GNAI3;GNB1;GNB2;GNG12;GNG2;GNG5;HSPA8;KPNA2;KRAS;LIN7C;MAOA;MAPK1;MAPK3;MYO6;NEFL;NPTN;NSF;PDLIM5;PLCB3;PPFIBP1;PPM1F;PRKAA1;PRKACA;PRKAG1;PRKAR1A;PRKAR2A;PTPRF;RAC1;RPS6KA3;RTN3;SRC;STXBP1;TUBA1C;TUBA4A;TUBA4B;TUBB2A;TUBB3;TUBB4A;TUBB4B;TUBB6,0.33456302733411164
R-HSA-351906,Apoptotic cleavage of cell adhesion  proteins,10,-0.46895412284462046,-1.1957449384182024,0.21578421578421578,2,CDH1;TJP1,CASP3;CDH1;CTNNB1;DSG1;DSG2;DSG3;DSP;PKP1;TJP1;TJP2,0.3385952724630079
R-HSA-73884,Base Excision Repair,14,0.42456323852104394,1.3140243505610698,0.21678321678321677,4,PCNA;RFC4;FEN1;APEX1,ADPRS;APEX1;FEN1;H4C1;LIG3;MPG;PARP1;PCNA;RFC1;RFC4;RPA1;RPA2;RPA3;XRCC1,0.3388049076671831
R-HSA-9013407,RHOH GTPase cycle,21,0.3769374723299439,1.311812553193641,0.21678321678321677,4,TFRC;PAK2;RAB7A;SLC1A5,ARHGDIA;ARHGDIB;CAV1;CSK;DBN1;DBT;JUP;LAMTOR1;NSFL1C;PAK1;PAK2;RAB7A;ROCK1;ROCK2;SLC1A5;STOM;TFRC;UACA;VAMP3;VCP;WDR11,0.3388049076671831
R-HSA-6811438,Intra-Golgi traffic,14,0.42885819099285316,1.2704208298028006,0.2177822177822178,7,YKT6;SNAP29;VPS45;MAN2A1;STX16;GOSR1;GOLIM4,COG2;COG3;GOLIM4;GOSR1;MAN2A1;NAPA;NAPG;NSF;SNAP29;STX16;STX5;TRIP11;VPS45;YKT6,0.3396882002459692
R-HSA-68877,Mitotic Prometaphase,66,0.29386587089247046,1.3456494902121086,0.21878121878121878,26,TUBB3;RCC2;TUBA4B;BUB3;MAPRE1;TUBB6;RANGAP1;CSNK2A2;NUDC;RPS27;TUBB;KIF2A;PPP2R5E;TUBA1C;CSNK2B;HSP90AA1;XPO1;NUP160;NUP133;CKAP5;EML4;SEH1L;SEC13;PDS5B;PAFAH1B1;SMC2,ACTR1A;BUB3;CKAP5;CLASP1;CLIP1;CSNK2A2;CSNK2B;DCTN1;DCTN2;DCTN3;DYNC1H1;DYNC1I2;DYNC1LI1;DYNC1LI2;DYNLL2;EML4;HSP90AA1;KIF2A;MAPRE1;NCAPD2;NEK9;NUDC;NUMA1;NUP107;NUP133;NUP160;NUP43;NUP85;NUP98;PAFAH1B1;PCM1;PDS5A;PDS5B;PPP1CC;PPP2CB;PPP2R1A;PPP2R5A;PPP2R5D;PPP2R5E;PRKACA;RAD21;RANBP2;RANGAP1;RCC2;RPS27;SEC13;SEH1L;SMC1A;SMC2;SMC3;STAG1;TAOK1;TUBA1C;TUBA4A;TUBA4B;TUBB;TUBB2A;TUBB3;TUBB4A;TUBB4B;TUBB6;TUBGCP2;XPO1;YWHAE;YWHAG;ZW10,0.3405679807270265
R-HSA-9013149,RAC1 GTPase cycle,54,0.2998436901384919,1.3356167708445925,0.22077922077922077,16,TFRC;PAK2;RAB7A;SLC1A5;CYBB;CYBA;DOCK5;KTN1;CDC42;YKT6;ITGB1;NCF2;ARAP1;ESYT1;NCF4;ARHGAP1,ABI1;ARAP1;ARHGAP1;ARHGAP17;ARHGDIA;ARHGDIB;ARHGEF7;BAIAP2;BAIAP2L1;BCR;BRK1;CAV1;CDC42;CYBA;CYBB;CYFIP1;DOCK2;DOCK5;DOCK9;EMD;EPHA2;ESYT1;FERMT2;FMNL1;GIT1;GNA13;IQGAP1;IQGAP2;ITGB1;KTN1;LAMTOR1;LBR;MCAM;NCF2;NCF4;NCKAP1;PAK1;PAK2;PKN2;PLD1;RAB7A;RAC1;SLC1A5;SNAP23;SWAP70;TAOK3;TFRC;TMPO;VAMP3;VAV2;WAS;WASF2;WASL;YKT6,0.3429962894248608
R-HSA-2219528,PI3K/AKT Signaling in Cancer,11,0.4538113032199189,1.2977392632574039,0.22277722277722278,6,RHOG;RAC2;EGFR;SRC;GSK3B;AKT1S1,AKT1S1;EGFR;GRB2;GSK3B;MTOR;PTPN11;RAC1;RAC2;RHOG;SRC;STRN,0.3454149810585454
R-HSA-449147,Signaling by Interleukins,148,0.25662212661380635,1.3909285152669035,0.22377622377622378,51,FSCN1;STAT1;STAT2;PAK2;NFKB2;CFL1;ICAM1;STAT3;PSMD2;CNN2;MSN;PSMB9;HNRNPF;CAPZA1;PSMB8;PSME2;PSMD11;PSMD13;PSME3;HNRNPDL;HSP90B1;PSMB3;CDC42;PRTN3;PSMA4;PSMB2;LCP1;ITGB1;S100A12;PSMD7;YWHAZ;AIP;HSP90AA1;APP;PSME1;PSMD12;ITGAM;IKBIP;BOLA2;PSMC2;PSMA6;CANX;PSMB10;PSMD6;HNRNPA2B1;PTPN6;PSMA3;GSDMD;ITGB2;RELA;TXLNA,AIP;ANXA1;ANXA2;APP;BOLA2;CA1;CANX;CAPZA1;CASP1;CASP3;CD36;CDC42;CFL1;CNN2;COL1A2;CRK;CRKL;CTSG;CUL1;DUSP3;F13A1;FN1;FSCN1;GRB2;GSDMD;GSTO1;HMGB1;HNRNPA2B1;HNRNPDL;HNRNPF;HSP90AA1;HSP90B1;HSPA8;HSPA9;ICAM1;IGHG4;IKBIP;IKBKG;IL16;IL18;IL1RN;ITGAM;ITGB1;ITGB2;LAMA5;LBP;LCN2;LCP1;LMNB1;MAOA;MAP2K1;MAP2K3;MAP2K4;MAPK1;MAPK14;MAPK3;MIF;MMP9;MSN;MTAP;NFKB1;NFKB2;NLRX1;NOD1;P4HB;PAK2;PDCD4;PITPNA;PPIA;PPP2CB;PPP2R1A;PPP2R5D;PRKACA;PRTN3;PSMA1;PSMA2;PSMA3;PSMA4;PSMA5;PSMA6;PSMA7;PSMB1;PSMB10;PSMB2;PSMB3;PSMB4;PSMB5;PSMB6;PSMB7;PSMB8;PSMB9;PSMC1;PSMC2;PSMC3;PSMC4;PSMC5;PSMC6;PSMD1;PSMD10;PSMD11;PSMD12;PSMD13;PSMD14;PSMD2;PSMD3;PSMD4;PSMD5;PSMD6;PSMD7;PSMD8;PSMD9;PSME1;PSME2;PSME3;PSMF1;PTPN11;PTPN23;PTPN6;RALA;RBX1;RELA;RPLP0;RPS6KA3;S100A12;SDC1;SERPINB2;SKP1;SNRPA1;SOD1;SOD2;SQSTM1;STAT1;STAT2;STAT3;STAT5A;STAT6;STX4;STXBP2;SYK;TALDO1;TCP1;TOLLIP;TXLNA;UBE2N;UBE2V1;USP14;VIM;YWHAZ,0.34627822770115263
R-HSA-6806834,Signaling by MET,40,-0.3184656117873137,-1.1297053641543475,0.22477522477522477,8,COL5A3;COL2A1;COL5A1;COL1A1;COL1A2;LAMA5;COL3A1;LAMB2,ARF6;COL1A1;COL1A2;COL2A1;COL3A1;COL5A1;COL5A2;COL5A3;CRK;CRKL;EPS15;FN1;GRB2;HGS;ITGA2;ITGA3;ITGB1;KRAS;LAMA2;LAMA3;LAMA4;LAMA5;LAMB1;LAMB2;LAMB3;LAMC1;LAMC2;PTK2;PTPN1;PTPN11;RAC1;RAP1A;SH3GL1;SH3KBP1;SPINT1;SPINT2;SRC;STAM;STAT3;USP8,0.34713806903156014
R-HSA-109606,Intrinsic Pathway for Apoptosis,21,0.38471005025587124,1.296099090800849,0.22677322677322678,9,NMT1;YWHAH;STAT3;BID;YWHAQ;CASP7;BAX;SFN;YWHAZ,BAX;BID;C1QBP;CASP3;CASP7;CYCS;DIABLO;DYNLL2;GSDMD;MAPK1;MAPK3;NMT1;SFN;STAT3;UACA;YWHAB;YWHAE;YWHAG;YWHAH;YWHAQ;YWHAZ,0.34953432394377276
R-HSA-9700206,Signaling by ALK in cancer,36,0.326799442307366,1.3213390890309609,0.22777222777222778,18,MYH9;STAT3;PPFIBP1;MSN;TPM4;EEF1G;CLTC;RPS6;RRBP1;RNF213;NPM1;KIF5B;EML4;CARS1;SEC31A;TFG;ATIC;KLC1,ATIC;CARS1;CLTC;CUL1;DCTN1;EEF1G;EML4;FN1;GRB2;KIF5B;KLC1;LMO7;MAPK1;MAPK3;MECP2;MSN;MYH9;NPM1;PPFIBP1;PRKAR1A;RANBP2;RBX1;RNF213;RPS6;RRBP1;SEC31A;SKP1;SQSTM1;STAT3;STAT5A;STRN;TFG;TPM3;TPM4;TPR;VCL,0.3503843896771205
R-HSA-418592,ADP signalling through P2Y purinoceptor 1,10,-0.4632520224003526,-1.1779820476535356,0.22877122877122877,6,GNB2;GNG2;GNB1;GNAQ;GNG12;GNA11,GNA11;GNA15;GNAQ;GNB1;GNB2;GNG12;GNG2;GNG5;MAPK14;SRC,0.3512311218193571
R-HSA-9725370,Signaling by ALK fusions and activated point mutants,36,0.326799442307366,1.292943241944246,0.23076923076923078,18,MYH9;STAT3;PPFIBP1;MSN;TPM4;EEF1G;CLTC;RPS6;RRBP1;RNF213;NPM1;KIF5B;EML4;CARS1;SEC31A;TFG;ATIC;KLC1,ATIC;CARS1;CLTC;CUL1;DCTN1;EEF1G;EML4;FN1;GRB2;KIF5B;KLC1;LMO7;MAPK1;MAPK3;MECP2;MSN;MYH9;NPM1;PPFIBP1;PRKAR1A;RANBP2;RBX1;RNF213;RPS6;RRBP1;SEC31A;SKP1;SQSTM1;STAT3;STAT5A;STRN;TFG;TPM3;TPM4;TPR;VCL,0.3536052988107783
R-HSA-9668328,Sealing of the nuclear envelope (NE) by ESCRT-III,15,0.41359754235179574,1.2929854142274761,0.23176823176823177,3,TUBB3;TUBA4B;TUBB6,CHMP2A;CHMP3;CHMP4A;CHMP4B;IST1;LEMD2;TUBA1C;TUBA4A;TUBA4B;TUBB2A;TUBB3;TUBB4A;TUBB4B;TUBB6;VPS4A,0.3544424325674326
R-HSA-416476,G alpha (q) signalling events,28,-0.34825616127817444,-1.1359678131480033,0.23276723276723277,11,F2;ANXA1;LTB4R;GNB1;GNAQ;GNG12;KNG1;AGT;MAPK3;GNA11;MGLL,ABHD12;AGT;ANXA1;APP;DGKA;EGFR;F2;GNA11;GNA15;GNAQ;GNB1;GNB2;GNG12;GNG2;GNG5;GRB2;GRK2;ITPR2;ITPR3;KNG1;KRAS;LTB4R;MAPK1;MAPK3;MGLL;PLCB3;PRKCD;RPS6KA3,0.3552763026447237
R-HSA-6805567,Keratinization,52,-0.29594869254907724,-1.1084506169237036,0.23776223776223776,18,KRT3;KRT9;KRT2;KRT7;KRT19;TCHH;CAPN1;PPL;EVPL;KRT15;SPINK5;KRT76;KRT84;KRT78;SPRR3;KRT13;CAPNS1;KRT4,CAPN1;CAPNS1;CSTA;DSC2;DSC3;DSG1;DSG2;DSG3;DSP;EVPL;FLG;IVL;JUP;KRT1;KRT10;KRT13;KRT14;KRT15;KRT16;KRT17;KRT18;KRT19;KRT2;KRT24;KRT3;KRT36;KRT4;KRT5;KRT6A;KRT6B;KRT6C;KRT7;KRT71;KRT72;KRT73;KRT75;KRT76;KRT78;KRT8;KRT80;KRT84;KRT9;PKP1;PKP3;PPL;SPINK5;SPRR1A;SPRR1B;SPRR3;ST14;TCHH;TGM1,0.36149093624821776
R-HSA-6809371,Formation of the cornified envelope,52,-0.29594869254907724,-1.1133110577653573,0.23776223776223776,18,KRT3;KRT9;KRT2;KRT7;KRT19;TCHH;CAPN1;PPL;EVPL;KRT15;SPINK5;KRT76;KRT84;KRT78;SPRR3;KRT13;CAPNS1;KRT4,CAPN1;CAPNS1;CSTA;DSC2;DSC3;DSG1;DSG2;DSG3;DSP;EVPL;FLG;IVL;JUP;KRT1;KRT10;KRT13;KRT14;KRT15;KRT16;KRT17;KRT18;KRT19;KRT2;KRT24;KRT3;KRT36;KRT4;KRT5;KRT6A;KRT6B;KRT6C;KRT7;KRT71;KRT72;KRT73;KRT75;KRT76;KRT78;KRT8;KRT80;KRT84;KRT9;PKP1;PKP3;PPL;SPINK5;SPRR1A;SPRR1B;SPRR3;ST14;TCHH;TGM1,0.36149093624821776
R-HSA-112040,G-protein mediated events,18,-0.3865662865301828,-1.1448668481889372,0.23876123876123875,6,CAMK2G;GNAQ;PRKAR1A;PRKACA;PRKAR2A;GNA11,CAMK2D;CAMK2G;GNA11;GNA15;GNAI1;GNAI2;GNAI3;GNAQ;GRK2;ITPR2;ITPR3;KPNA2;MAPK1;PLCB3;PRKACA;PRKAR1A;PRKAR2A;PRKCD,0.3623062983528099
R-HSA-69473,G2/M DNA damage checkpoint,17,0.3918947331928806,1.2739039306064808,0.24075924075924077,6,YWHAH;RFC4;YWHAQ;SFN;YWHAZ;MRE11,H4C1;MRE11;RAD50;RFC4;RPA1;RPA2;RPA3;SFN;TP53BP1;UBE2N;UBE2V2;YWHAB;YWHAE;YWHAG;YWHAH;YWHAQ;YWHAZ,0.3646315000280184
R-HSA-9679191,Potential therapeutics for SARS,49,-0.3011316959366936,-1.129027428380997,0.24175824175824176,11,IGKV1-5;IGHM;IGLV3-19;ATP1B1;IGHV3-7;IGLV1-40;IGKV4-1;IGLV1-47;IGKV3-20;IGKV3D-20;IGKC,AP2A1;AP2A2;AP2B1;AP2M1;AP2S1;ATP1A1;ATP1A2;ATP1B1;ATP1B3;CHD4;COMT;CUL3;FKBP1A;FKBP4;FNTA;FNTB;GRB2;HDAC1;HSP90AA1;HSP90AB1;IGHM;IGHV3-7;IGKC;IGKV1-5;IGKV3-20;IGKV3D-20;IGKV4-1;IGLV1-40;IGLV1-47;IGLV1-51;IGLV3-19;IMPDH2;ITGB1;KDM1A;KEAP1;MTA2;NCK1;PLCG2;PTGES3;RBBP4;RBBP7;RBX1;ROCK1;ROCK2;SAP18;SH3KBP1;STAT2;SYK;TUBB,0.3654376511519369
R-HSA-9013423,RAC3 GTPase cycle,41,0.3132861542863294,1.3040097214521265,0.24475524475524477,13,TFRC;PAK2;RAB7A;SLC1A5;CYBB;CYBA;CDC42;YKT6;ITGB1;NCF2;ESYT1;NCF4;ARHGAP1,ABI1;ARHGAP1;ARHGAP17;ARHGDIB;BAIAP2;BAIAP2L1;BCR;BRK1;CAV1;CDC42;CYBA;CYBB;CYFIP1;DSG2;EMD;EPHA2;ESYT1;FERMT2;GIT1;ITGB1;LAMTOR1;LBR;LMAN1;MCAM;NCF2;NCF4;NCKAP1;PAK1;PAK2;PGRMC2;RAB7A;SLC1A5;SNAP23;SWAP70;TAOK3;TFRC;TMPO;VAMP3;VAV2;WASF2;YKT6,0.3685449166218397
R-HSA-8979227,Triglyceride metabolism,12,-0.4373573035421017,-1.140069951968091,0.24475524475524477,7,FABP4;CAV1;PPP1CB;GPD2;PRKACA;FABP3;MGLL,CAV1;DGAT1;FABP3;FABP4;FABP5;GPD2;MGLL;PLIN3;PPP1CA;PPP1CB;PPP1CC;PRKACA,0.3685449166218397
R-HSA-5620924,Intraflagellar transport,12,0.4325153230756953,1.2585523273514634,0.24575424575424576,3,TUBB3;TNPO1;TUBB6,DYNLL2;DYNLRB1;DYNLT5;TNPO1;TRIP11;TUBA1C;TUBA4A;TUBB2A;TUBB3;TUBB4A;TUBB4B;TUBB6,0.3693389144444807
R-HSA-1236394,Signaling by ERBB4,11,0.44086457286925324,1.2899995838813907,0.24875124875124874,6,NCSTN;STMN1;EGFR;SPARC;ITCH;SRC,APOE;EGFR;GRB2;ITCH;KRAS;NCSTN;SPARC;SRC;STAT5A;STMN1;YAP1,0.3724134374229976
R-HSA-2129379,Molecules associated with elastic fibres,17,-0.3987976101880122,-1.1299215984145654,0.24875124875124874,9,MFAP2;FBLN2;VTN;EMILIN2;LTBP2;EMILIN1;FBN1;FBLN5;MFAP5,EFEMP1;EMILIN1;EMILIN2;FBLN1;FBLN2;FBLN5;FBN1;FN1;ITGAV;ITGB1;ITGB3;ITGB5;LTBP1;LTBP2;MFAP2;MFAP5;VTN,0.3724134374229976
R-HSA-9748787,Azathioprine ADME,10,0.4627391610204629,1.2525531840494235,0.25074925074925075,4,NME1;GMPS;HPRT1;XDH,GMPS;GUK1;HPRT1;IMPDH2;NME1;NME2;RAC1;SLC29A1;VAV2;XDH,0.37468828881042626
R-HSA-8950505,Gene and protein expression by JAK-STAT signaling after Interleukin-12 stimulation,31,0.3312315859754395,1.2994227510409757,0.25374625374625376,18,PAK2;CFL1;CNN2;MSN;HNRNPF;CAPZA1;PSME2;HNRNPDL;CDC42;LCP1;AIP;BOLA2;HNRNPA2B1;SNRPA1;TCP1;MTAP;RPLP0;LMNB1,AIP;ANXA2;BOLA2;CA1;CAPZA1;CDC42;CFL1;CNN2;GSTO1;HNRNPA2B1;HNRNPDL;HNRNPF;HSPA9;LCP1;LMNB1;MIF;MSN;MTAP;PAK2;PDCD4;PITPNA;PPIA;PSME2;RALA;RPLP0;SERPINB2;SNRPA1;SOD1;SOD2;TALDO1;TCP1,0.378444412730127
R-HSA-9716542,"Signaling by Rho GTPases, Miro GTPases and RHOBTB3",264,0.23205729953746818,1.3179703207024343,0.26073926073926074,69,TFRC;TUBB3;RCC2;CKAP4;PAK2;ARPC1B;HSP90AB1;YWHAH;CFL1;TUBA4B;BUB3;MYH9;RAB7A;ARHGEF1;MAPRE1;ACTN1;PIK3R4;SHMT2;TUBB6;EFHD2;RANGAP1;BASP1;ACTR3;SLC1A5;CYBB;HMOX2;TPM4;TOR1AIP1;NUDC;ARPC2;RHOG;CYBA;YWHAQ;CLTC;ARPC3;PICALM;DOCK5;FAF2;KTN1;RHOC;SRRM1;CDC42;TRA2B;RPS27;FLNA;DDX39B;YKT6;ITGB1;CTTN;RAC2;PRKCD;ARPC5;KIF2A;NCF2;RAP1GDS1;PPP2R5E;ARAP1;SFN;ACTR2;RHOT2;DST;TUBA1C;YWHAZ;ESYT1;NCF4;HSP90AA1;ARHGAP1;XPO1;NUP160,AAAS;ABCD3;ABI1;ACTB;ACTG1;ACTN1;ACTR2;ACTR3;ADD3;AKAP12;AKAP13;ALDH3A2;ANKFY1;ARAP1;ARFGAP2;ARHGAP1;ARHGAP17;ARHGAP18;ARHGDIA;ARHGDIB;ARHGEF1;ARHGEF10L;ARHGEF2;ARHGEF7;ARPC1A;ARPC1B;ARPC2;ARPC3;ARPC4;ARPC5;BAIAP2;BAIAP2L1;BASP1;BCAP31;BCR;BRK1;BUB3;C1QBP;CAPZB;CAV1;CCT2;CCT6A;CCT7;CDC37;CDC42;CDC42BPB;CDH1;CFL1;CKAP4;CKAP5;CKB;CLASP1;CLIP1;CLTC;COPS2;COPS4;CPSF7;CSK;CTNNA1;CTNNB1;CTTN;CUL3;CYBA;CYBB;CYFIP1;DBN1;DBT;DDRGK1;DDX39B;DIAPH1;DIAPH2;DOCK2;DOCK5;DOCK9;DSG1;DSG2;DSP;DST;DYNC1H1;DYNC1I2;DYNC1LI1;DYNC1LI2;DYNLL2;EFHD2;EMD;EPHA2;ESYT1;EVL;FAF2;FAM83B;FERMT2;FLNA;FLOT1;FLOT2;FMNL1;GIT1;GNA13;GOLGA3;GOPC;GPS1;GRB2;H4C1;HGS;HINT2;HMOX2;HNRNPC;HSP90AA1;HSP90AB1;HSPE1;IQGAP1;IQGAP2;ITGB1;JUP;KDM1A;KIF2A;KIF5B;KLC1;KLC4;KTN1;LAMTOR1;LBR;LETM1;LMAN1;LMNB1;LRRC1;MAPK1;MAPK14;MAPK3;MAPRE1;MCAM;MFN1;MFN2;MSI2;MTX1;MYH10;MYH11;MYH14;MYH9;MYL6;MYL9;MYLK;MYO6;NCF2;NCF4;NCK1;NCK2;NCKAP1;NDUFA5;NDUFS3;NSFL1C;NUDC;NUP107;NUP133;NUP160;NUP43;NUP85;NUP98;OBSCN;PAFAH1B1;PAK1;PAK2;PFN1;PFN2;PGRMC2;PICALM;PIK3C3;PIK3R4;PIN1;PKN2;PLD1;PLIN3;PPP1CB;PPP1CC;PPP1R12A;PPP2CB;PPP2R1A;PPP2R5A;PPP2R5D;PPP2R5E;PRKCD;PTK2;RAB7A;RAC1;RAC2;RANBP2;RANGAP1;RAP1GDS1;RBMX;RCC2;RHOA;RHOC;RHOG;RHOT1;RHOT2;ROCK1;ROCK2;RPS27;RRAS2;S100A8;S100A9;SAMM50;SCFD1;SCRIB;SEC13;SEH1L;SFN;SHMT2;SLC1A5;SLK;SNAP23;SOWAHC;SPTAN1;SPTBN1;SRC;SRRM1;STAM;STIP1;STK38;STOM;STX5;SWAP70;TAOK1;TAOK3;TAX1BP3;TFRC;TJP2;TMOD3;TMPO;TOR1AIP1;TPM3;TPM4;TRA2B;TRIP10;TUBA1C;TUBA4A;TUBA4B;TUBB2A;TUBB3;TUBB4A;TUBB4B;TUBB6;TWF1;TXNL1;UACA;USP9X;VAMP3;VAPB;VAV2;VCP;VIM;WAS;WASF2;WASL;WDR11;WDR91;XPO1;YKT6;YWHAB;YWHAE;YWHAG;YWHAH;YWHAQ;YWHAZ;ZW10,0.38813467900920373
R-HSA-212436,Generic Transcription Pathway,208,0.24238569763098855,1.3762352691443973,0.26373626373626374,88,STAT1;PCNA;PTPN1;PML;YWHAH;TIGAR;SSRP1;YBX1;CDK9;GTF2F1;RFC4;PSMD2;BID;POLR2B;PSMB9;PRMT1;PSMB8;CSNK2A2;GTF2F2;PSME2;CBFB;POLR2H;PSMD11;PSMD13;PSME3;YWHAQ;ACTL6A;NAMPT;GLS;CBX3;RHEB;PSMB3;TNKS1BP1;PSMA4;PSMB2;NDRG1;BAX;EGFR;SUPT16H;PRMT5;NELFB;POLR2A;SFN;TRIM28;ELOC;POLR2E;CSNK2B;PSMD7;YWHAZ;DEK;PSME1;PSMD12;XPO1;SUPT4H1;PSMC2;NPM1;PSMA6;RBM14;PSMB10;RABGGTA;NOP2;PSMD6;MRE11;PSMA3;RELA;ITCH;CNOT1;TBL1XR1;PSMC6;SRC;WDR5;RBBP7;MAPK14;G6PD;TCEA1;PSMD1;GSK3B;PRKAA1;PIP4K2C;DPY30;MTA2;LBR;HDAC1;CUL1;FKBP5;PSMD14;NFKB1;UBE2I,ACTL6A;AGO2;APOE;BAX;BID;CAMK2D;CAMK2G;CARM1;CASP1;CAT;CAV1;CBFB;CBX3;CBX5;CCNK;CDK9;CHD4;CNOT1;COL1A1;COL1A2;COX20;COX4I1;COX5A;COX5B;COX6B1;COX6C;COX7A2L;COX7C;CSNK2A2;CSNK2B;CTNNB1;CUL1;CYCS;DEK;DPY30;EGFR;ELOB;ELOC;FKBP5;G6PD;GLS;GPI;GSK3B;GSR;GTF2F1;GTF2F2;H4C1;HDAC1;HSPD1;HTT;ITCH;ITGA2B;ITGA5;KRAS;LAMTOR1;LAMTOR2;LAMTOR3;LAMTOR4;LAMTOR5;LBR;LGALS3;LRPPRC;MAPK1;MAPK14;MAPK3;MECP2;MED23;MOV10;MRE11;MT-CO2;MT-CO3;MTA2;MTOR;MYL9;NAMPT;NDRG1;NDUFA4;NELFB;NFKB1;NOP2;NPM1;NRBP1;PARP1;PBRM1;PCNA;PIN1;PIP4K2A;PIP4K2C;PML;POLR2A;POLR2B;POLR2C;POLR2E;POLR2H;POLR2I;PPM1A;PPP1R13L;PPP2CB;PPP2R1A;PRDX1;PRDX2;PRDX5;PRKAA1;PRKACA;PRKAG1;PRMT1;PRMT5;PSMA1;PSMA2;PSMA3;PSMA4;PSMA5;PSMA6;PSMA7;PSMB1;PSMB10;PSMB2;PSMB3;PSMB4;PSMB5;PSMB6;PSMB7;PSMB8;PSMB9;PSMC1;PSMC2;PSMC3;PSMC4;PSMC5;PSMC6;PSMD1;PSMD10;PSMD11;PSMD12;PSMD13;PSMD14;PSMD2;PSMD3;PSMD4;PSMD5;PSMD6;PSMD7;PSMD8;PSMD9;PSME1;PSME2;PSME3;PSMF1;PTPN1;PTPN11;RABGGTA;RAD50;RBBP4;RBBP7;RBM14;RBX1;RELA;RFC4;RHEB;RPA1;RPA2;RPA3;RRM2B;SCO1;SERPINB13;SFN;SIRT3;SKP1;SMAD2;SMARCA2;SMARCC1;SMARCC2;SMARCD2;SMARCE1;SNW1;SOD2;SRC;SSRP1;STAT1;STUB1;SUMO1;SUPT16H;SUPT4H1;SUPT5H;TACO1;TBL1XR1;TCEA1;THBS1;TIGAR;TJP1;TNKS1BP1;TP53I3;TRIM28;TXN;TXNRD1;UBE2I;USP7;USP9X;WDR5;XPO1;YAP1;YBX1;YWHAB;YWHAE;YWHAG;YWHAH;YWHAQ;YWHAZ,0.39110889110889113
R-HSA-1566948,Elastic fibre formation,18,-0.3766453357628964,-1.1118740345357885,0.26373626373626374,9,MFAP2;FBLN2;VTN;EMILIN2;LTBP2;EMILIN1;FBN1;FBLN5;MFAP5,EFEMP1;EMILIN1;EMILIN2;FBLN1;FBLN2;FBLN5;FBN1;FN1;ITGA5;ITGAV;ITGB1;ITGB3;ITGB5;LTBP1;LTBP2;MFAP2;MFAP5;VTN,0.39110889110889113
R-HSA-9020591,Interleukin-12 signaling,32,0.327654190960908,1.2467199223925791,0.26673326673326675,18,PAK2;CFL1;CNN2;MSN;HNRNPF;CAPZA1;PSME2;HNRNPDL;CDC42;LCP1;AIP;BOLA2;HNRNPA2B1;SNRPA1;TCP1;MTAP;RPLP0;LMNB1,AIP;ANXA2;BOLA2;CA1;CAPZA1;CDC42;CFL1;CNN2;GSTO1;HNRNPA2B1;HNRNPDL;HNRNPF;HSPA9;LCP1;LMNB1;MIF;MSN;MTAP;P4HB;PAK2;PDCD4;PITPNA;PPIA;PSME2;RALA;RPLP0;SERPINB2;SNRPA1;SOD1;SOD2;TALDO1;TCP1,0.39406065632480725
R-HSA-2173793,Transcriptional activity of SMAD2/SMAD3:SMAD4 heterotrimer,13,0.41529354025497095,1.2406463290360528,0.26673326673326675,3,STAT1;YBX1;CDK9,CCNK;CDK9;COL1A2;HDAC1;MAPK1;MAPK3;PARP1;PPM1A;SMAD2;SNW1;STAT1;USP9X;YBX1,0.39406065632480725
R-HSA-425407,SLC-mediated transmembrane transport,27,0.33825837296614475,1.2704052620253317,0.26973026973026976,8,SLC3A2;SLC7A5;BSG;SLC16A1;SLC1A5;SLC25A5;SLC7A1;SLC2A1,AHCYL2;APOD;ARL2;BSG;CP;RHCG;SLC12A2;SLC16A1;SLC16A3;SLC1A4;SLC1A5;SLC25A10;SLC25A4;SLC25A5;SLC25A6;SLC27A4;SLC29A1;SLC2A1;SLC39A10;SLC39A7;SLC3A2;SLC44A1;SLC44A2;SLC4A1;SLC7A1;SLC7A5;SRI,0.397737855364974
R-HSA-5655302,Signaling by FGFR1 in disease,10,0.45250147490300685,1.2449130174132002,0.27172827172827174,2,STAT1;STAT3,BCR;CPSF6;ERLIN2;GRB2;KRAS;LRRFIP1;MYO18A;STAT1;STAT3;STAT5A,0.3999308961714977
R-HSA-9013404,RAC2 GTPase cycle,42,0.30075911772752517,1.2529569937055365,0.27472527472527475,12,TFRC;PAK2;RAB7A;CYBB;CYBA;CDC42;ITGB1;RAC2;NCF2;ESYT1;NCF4;ARHGAP1,ABI1;ARHGAP1;ARHGAP17;ARHGDIA;BAIAP2L1;BCR;BRK1;CAV1;CDC42;CYBA;CYBB;CYFIP1;DOCK2;DSG2;EMD;EPHA2;ESYT1;GIT1;IQGAP1;ITGB1;LAMTOR1;LBR;LMAN1;MCAM;MTX1;NCF2;NCF4;NCKAP1;PAK1;PAK2;PGRMC2;RAB7A;RAC2;SAMM50;SWAP70;TAOK3;TFRC;TMPO;VAMP3;VAPB;VAV2;WASF2,0.40358328350823663
R-HSA-163560,Triglyceride catabolism,11,-0.4387018788261572,-1.1041007216088965,0.27672327672327673,7,FABP4;CAV1;PPP1CB;GPD2;PRKACA;FABP3;MGLL,CAV1;FABP3;FABP4;FABP5;GPD2;MGLL;PLIN3;PPP1CA;PPP1CB;PPP1CC;PRKACA,0.4057025064487751
R-HSA-9692916,SARS-CoV-1 activates/modulates innate immune responses,19,0.3738572890737263,1.2602410288371733,0.2777222777222777,9,PYCARD;PPIB;RIGI;PCBP2;TRIM25;KPNB1;RELA;ITCH;BST2,BST2;CASP1;FKBP1A;ITCH;KPNA2;KPNB1;MAVS;NFKB1;PCBP2;PPIA;PPIB;PPIH;PYCARD;RELA;RIGI;STING1;TKFC;TOMM70;TRIM25,0.4057025064487751
R-HSA-9610379,HCMV Late Events,37,0.30868526297792875,1.2328112955723087,0.2777222777222777,16,NUP155;NUP188;NUP93;HNRNPK;NUP160;CHMP4B;NUP35;NUP153;NUP133;NUP88;NUP62;SEH1L;NUP214;NUP54;SEC13;NUP50,AAAS;CHMP2A;CHMP3;CHMP4A;CHMP4B;H2AC21;H4C1;HNRNPK;NUP107;NUP133;NUP153;NUP155;NUP160;NUP188;NUP205;NUP210;NUP214;NUP35;NUP43;NUP50;NUP54;NUP62;NUP85;NUP88;NUP93;NUP98;RAE1;RANBP2;SEC13;SEH1L;SNF8;TPR;TSG101;VPS25;VPS36;VPS37B;VPS4A,0.4057025064487751
R-HSA-9637690,Response of Mtb to phagocytosis,15,0.3980723155615069,1.2435310397224608,0.2817182817182817,6,RAB7A;SFPQ;VPS33B;KPNB1;RNF213;CORO1A,ATP6V1H;CORO1A;CTSG;ENO1;HGS;KPNA1;KPNB1;MAPK1;MAPK3;PGK1;RAB5A;RAB7A;RNF213;SFPQ;VPS33B,0.4107735839579415
R-HSA-373076,Class A/1 (Rhodopsin-like receptors),12,-0.4269249870745515,-1.1126028442935356,0.2827172827172827,7,F2;ANXA1;LTB4R;HEBP1;C3;KNG1;AGT,AGT;ANXA1;APP;C3;C5;F2;HEBP1;KNG1;LTB4R;NLN;PPBP;PSAP,0.4114640006833315
R-HSA-72306,tRNA processing,49,0.2890544138083788,1.2826702964809695,0.2867132867132867,25,NSUN2;NUP155;RAN;PUS1;CPSF1;NUP188;CSTF2;XPOT;NUP93;NUP160;NUP35;NUP153;NUP133;NUP88;NUP62;SEH1L;NUP214;NUP54;SEC13;NUP50;TRMT10C;FAM98B;TRMT112;TPR;RANBP2,AAAS;CPSF1;CSTF2;DDX1;EPRS1;FAM98B;HSD17B10;MT-ATP6;MT-ATP8;MT-CO2;MT-CO3;MT-ND2;MT-ND4;MT-ND5;NSUN2;NUP107;NUP133;NUP153;NUP155;NUP160;NUP188;NUP205;NUP210;NUP214;NUP35;NUP43;NUP50;NUP54;NUP62;NUP85;NUP88;NUP93;NUP98;OSGEP;PUS1;QTRT1;RAE1;RAN;RANBP2;RPP38;RTCB;RTRAF;SEC13;SEH1L;TPR;TRMT10C;TRMT112;TRNT1;XPOT,0.4165055723497282
R-HSA-9629569,Protein hydroxylation,12,0.4241814949908772,1.2298535531858301,0.28771228771228774,6,U2AF2;RPL27A;RPS6;ETF1;DRG1;RPS23,ASPH;DRG1;DRG2;ETF1;F9;JMJD7;RPL27A;RPL8;RPS23;RPS6;U2AF2;ZC3H15,0.4171828171828172
R-HSA-194315,Signaling by Rho GTPases,258,0.230683638941222,1.325227268591543,0.2937062937062937,67,TFRC;TUBB3;RCC2;CKAP4;PAK2;ARPC1B;HSP90AB1;YWHAH;CFL1;TUBA4B;BUB3;MYH9;RAB7A;ARHGEF1;MAPRE1;ACTN1;PIK3R4;SHMT2;TUBB6;EFHD2;RANGAP1;BASP1;ACTR3;SLC1A5;CYBB;HMOX2;TPM4;TOR1AIP1;NUDC;ARPC2;RHOG;CYBA;YWHAQ;CLTC;ARPC3;PICALM;DOCK5;FAF2;KTN1;RHOC;SRRM1;CDC42;TRA2B;RPS27;FLNA;DDX39B;YKT6;ITGB1;CTTN;RAC2;PRKCD;ARPC5;KIF2A;NCF2;PPP2R5E;ARAP1;SFN;ACTR2;DST;TUBA1C;YWHAZ;ESYT1;NCF4;HSP90AA1;ARHGAP1;XPO1;NUP160,AAAS;ABCD3;ABI1;ACTB;ACTG1;ACTN1;ACTR2;ACTR3;ADD3;AKAP12;AKAP13;ALDH3A2;ANKFY1;ARAP1;ARFGAP2;ARHGAP1;ARHGAP17;ARHGAP18;ARHGDIA;ARHGDIB;ARHGEF1;ARHGEF10L;ARHGEF2;ARHGEF7;ARPC1A;ARPC1B;ARPC2;ARPC3;ARPC4;ARPC5;BAIAP2;BAIAP2L1;BASP1;BCAP31;BCR;BRK1;BUB3;C1QBP;CAPZB;CAV1;CCT2;CCT6A;CCT7;CDC37;CDC42;CDC42BPB;CDH1;CFL1;CKAP4;CKAP5;CKB;CLASP1;CLIP1;CLTC;COPS2;COPS4;CPSF7;CSK;CTNNA1;CTNNB1;CTTN;CUL3;CYBA;CYBB;CYFIP1;DBN1;DBT;DDRGK1;DDX39B;DIAPH1;DIAPH2;DOCK2;DOCK5;DOCK9;DSG1;DSG2;DSP;DST;DYNC1H1;DYNC1I2;DYNC1LI1;DYNC1LI2;DYNLL2;EFHD2;EMD;EPHA2;ESYT1;EVL;FAF2;FAM83B;FERMT2;FLNA;FLOT1;FLOT2;FMNL1;GIT1;GNA13;GOLGA3;GOPC;GPS1;GRB2;H4C1;HGS;HINT2;HMOX2;HNRNPC;HSP90AA1;HSP90AB1;HSPE1;IQGAP1;IQGAP2;ITGB1;JUP;KDM1A;KIF2A;KIF5B;KLC1;KLC4;KTN1;LAMTOR1;LBR;LETM1;LMAN1;LMNB1;LRRC1;MAPK1;MAPK14;MAPK3;MAPRE1;MCAM;MSI2;MTX1;MYH10;MYH11;MYH14;MYH9;MYL6;MYL9;MYLK;MYO6;NCF2;NCF4;NCK1;NCK2;NCKAP1;NDUFA5;NDUFS3;NSFL1C;NUDC;NUP107;NUP133;NUP160;NUP43;NUP85;NUP98;OBSCN;PAFAH1B1;PAK1;PAK2;PFN1;PFN2;PGRMC2;PICALM;PIK3C3;PIK3R4;PIN1;PKN2;PLD1;PPP1CB;PPP1CC;PPP1R12A;PPP2CB;PPP2R1A;PPP2R5A;PPP2R5D;PPP2R5E;PRKCD;PTK2;RAB7A;RAC1;RAC2;RANBP2;RANGAP1;RBMX;RCC2;RHOA;RHOC;RHOG;ROCK1;ROCK2;RPS27;RRAS2;S100A8;S100A9;SAMM50;SCFD1;SCRIB;SEC13;SEH1L;SFN;SHMT2;SLC1A5;SLK;SNAP23;SOWAHC;SPTAN1;SPTBN1;SRC;SRRM1;STAM;STIP1;STK38;STOM;STX5;SWAP70;TAOK1;TAOK3;TAX1BP3;TFRC;TJP2;TMOD3;TMPO;TOR1AIP1;TPM3;TPM4;TRA2B;TRIP10;TUBA1C;TUBA4A;TUBA4B;TUBB2A;TUBB3;TUBB4A;TUBB4B;TUBB6;TWF1;TXNL1;UACA;USP9X;VAMP3;VAPB;VAV2;VCP;VIM;WAS;WASF2;WASL;WDR11;WDR91;XPO1;YKT6;YWHAB;YWHAE;YWHAG;YWHAH;YWHAQ;YWHAZ;ZW10,0.42430263463473794
R-HSA-112315,Transmission across Chemical Synapses,59,-0.2726536006360294,-1.058531910050751,0.2937062937062937,13,PRKAR1A;PPM1F;GNG12;PRKACA;DLG1;ACTN2;CACNA2D1;ARL6IP5;MAPK3;EPB41L1;MAOA;PRKAR2A;ALDH2,ACTN2;ALDH2;AP2A1;AP2A2;AP2B1;AP2M1;AP2S1;APBA1;ARHGEF7;ARL6IP5;CACNA2D1;CAMK2D;CAMK2G;CASK;COMT;DLG1;DNAJC5;EPB41L1;GIT1;GLS;GLUL;GNAI1;GNAI2;GNAI3;GNB1;GNB2;GNG12;GNG2;GNG5;HSPA8;KPNA2;KRAS;LIN7C;MAOA;MAPK1;MAPK3;MYO6;NEFL;NPTN;NSF;PLCB3;PPM1F;PRKAA1;PRKACA;PRKAG1;PRKAR1A;PRKAR2A;RAC1;RPS6KA3;SRC;STXBP1;TUBA1C;TUBA4A;TUBA4B;TUBB2A;TUBB3;TUBB4A;TUBB4B;TUBB6,0.42430263463473794
R-HSA-71336,Pentose phosphate pathway,10,-0.4421554438299192,-1.1168183244211802,0.3026973026973027,6,RPE;TALDO1;PGLS;RPIA;DERA;PGD,DERA;G6PD;PGD;PGLS;PGM2;PRPS1;RPE;RPIA;TALDO1;TKT,0.43648616576793375
R-HSA-8939243,RUNX1 interacts with co-factors whose precise effect on RUNX1 targets is not known,10,0.44122533389830276,1.1833491111893202,0.31368631368631367,4,CSNK2A2;CBFB;ACTL6A;CSNK2B,ACTL6A;CBFB;CSNK2A2;CSNK2B;PBRM1;SMARCA2;SMARCC1;SMARCC2;SMARCD2;SMARCE1,0.4515007051771758
R-HSA-9663891,Selective autophagy,34,0.31069690880876744,1.2352441584319636,0.3156843156843157,9,TUBB3;TUBA4B;TUBB6;CSNK2A2;TOMM40;PGAM5;TUBA1C;CSNK2B;HSP90AA1,CSNK2A2;CSNK2B;DYNC1H1;DYNC1I2;DYNC1LI1;DYNC1LI2;DYNLL2;HSP90AA1;HSPA8;MFN1;MFN2;PARK7;PGAM5;PLIN3;PRKAG1;SQSTM1;SRC;TOMM22;TOMM40;TOMM6;TOMM70;TUBA1C;TUBA4A;TUBA4B;TUBB2A;TUBB3;TUBB4A;TUBB4B;TUBB6;UBE2N;UBE2V1;VCP;VDAC1;VIM,0.4535427874877417
R-HSA-5668599,RHO GTPases Activate NADPH Oxidases,15,0.3818380019095138,1.209307155551197,0.3176823176823177,7,PIK3R4;CYBB;CYBA;RAC2;PRKCD;NCF2;NCF4,CYBA;CYBB;MAPK1;MAPK14;MAPK3;NCF2;NCF4;PIK3C3;PIK3R4;PIN1;PRKCD;RAC1;RAC2;S100A8;S100A9,0.4555773896433237
R-HSA-3000157,Laminin interactions,24,0.3331728037266967,1.2194362673246217,0.32367632367632365,7,LAMB3;LAMC2;ITGA6;ITGB4;ITGA3;ITGAV;LAMA3,COL18A1;COL4A1;COL4A2;COL4A3;COL7A1;HSPG2;ITGA1;ITGA2;ITGA3;ITGA6;ITGAV;ITGB1;ITGB4;LAMA2;LAMA3;LAMA4;LAMA5;LAMB1;LAMB2;LAMB3;LAMC1;LAMC2;NID1;NID2,0.4622195985832349
R-HSA-3000170,Syndecan interactions,21,-0.3460998585640144,-1.0546810222140772,0.32367632367632365,5,COL5A3;COL5A1;COL1A1;COL1A2;COL3A1,ACTN1;CASK;COL1A1;COL1A2;COL3A1;COL5A1;COL5A2;COL5A3;FN1;ITGA2;ITGA6;ITGAV;ITGB1;ITGB3;ITGB4;ITGB5;SDC1;THBS1;TNC;TRAPPC4;VTN,0.4622195985832349
R-HSA-74752,Signaling by Insulin receptor,22,0.34098383371121005,1.2202660517627775,0.3246753246753247,3,PTPN1;PIK3R4;ATP6V0D1,ATP6V0A1;ATP6V0D1;ATP6V1A;ATP6V1B2;ATP6V1C1;ATP6V1D;ATP6V1E1;ATP6V1F;ATP6V1G1;ATP6V1H;CTSD;GRB2;IDE;KRAS;MAPK1;MAPK3;PIK3C3;PIK3R4;PTPN1;PTPN11;PTPRF;TCIRG1,0.4622195985832349
R-HSA-170834,Signaling by TGF-beta Receptor Complex,34,0.30750964261294006,1.2158666483873979,0.3246753246753247,6,STAT1;STRAP;PPP1CA;YBX1;CDK9;ITGAV,CCNK;CDK9;CGN;COL1A2;F11R;FBN1;FKBP1A;HDAC1;ITGAV;ITGB1;ITGB3;ITGB5;LTBP1;LTBP2;MAPK1;MAPK3;NEDD8;PARP1;PPM1A;PPP1CA;PPP1CB;PPP1CC;RHOA;SMAD2;SNW1;STAT1;STRAP;STUB1;UBE2M;UCHL5;USP15;USP9X;XPO1;YBX1,0.4622195985832349
R-HSA-499943,Interconversion of nucleotide di- and triphosphates,18,-0.3609051085793493,-1.0484719012563715,0.3276723276723277,8,DUT;TXN;NME3;AK4;AK2;AK1;CMPK1;GSR,AK1;AK2;AK4;CMPK1;CTPS1;DCTPP1;DTYMK;DUT;GLRX;GSR;GUK1;NME1;NME2;NME3;RRM1;RRM2B;TXN;TXNRD1,0.46563962353436034
R-HSA-1483255,PI Metabolism,12,0.39698750130419747,1.1709251079017382,0.32867132867132864,4,PIK3R4;PI4K2A;PITPNB;VAC14,PI4K2A;PI4KA;PIK3C3;PIK3R4;PIP4K2A;PIP4K2C;PITPNB;RAB14;RAB5A;RUFY1;SACM1L;VAC14,0.4662131346913956
R-HSA-5627117,RHO GTPases Activate ROCKs,14,-0.38017481484483573,-1.065602654327952,0.33166833166833165,2,MYH14;MYH11,CFL1;MYH10;MYH11;MYH14;MYH9;MYL6;MYL9;PAK1;PPP1CB;PPP1R12A;RHOA;RHOC;ROCK1;ROCK2,0.4696135690710736
R-HSA-917977,Transferrin endocytosis and recycling,13,0.3969457407579546,1.161641351613511,0.33466533466533466,7,TFRC;ATP6V0D1;TCIRG1;ATP6V1C1;ATP6V0A1;ATP6V1A;ATP6V1B2,ATP6V0A1;ATP6V0D1;ATP6V1A;ATP6V1B2;ATP6V1C1;ATP6V1D;ATP6V1E1;ATP6V1F;ATP6V1G1;ATP6V1H;TCIRG1;TF;TFRC,0.4721494721494721
R-HSA-418594,G alpha (i) signalling events,39,-0.29976241633948586,-1.0488244930480368,0.33466533466533466,10,GNAQ;PRKAR1A;HEBP1;GNG12;C3;PRKACA;KNG1;AGT;PRKAR2A;GNA11,AGT;ANXA1;APP;C3;C5;CAMK2D;CAMK2G;GNA11;GNA15;GNAI1;GNAI2;GNAI3;GNAQ;GNB1;GNB2;GNG12;GNG2;GNG5;GRK2;HEBP1;ITPR2;ITPR3;KNG1;KPNA2;MAPK1;PLCB3;PPBP;PPP1CA;PPP2CB;PPP2R1A;PPP2R5D;PPP3CA;PRKACA;PRKAR1A;PRKAR2A;PRKCD;PSAP;RGS10;SRC,0.4721494721494721
R-HSA-9635486,Infection with Mycobacterium tuberculosis,18,0.3558806244518688,1.2018141454619489,0.33666333666333664,7,RAB7A;SFPQ;B2M;VPS33B;KPNB1;RNF213;CORO1A,ATP6V1H;B2M;CORO1A;CTSG;ENO1;HGS;KPNA1;KPNB1;LTF;MAPK1;MAPK3;MRC1;PGK1;RAB5A;RAB7A;RNF213;SFPQ;VPS33B,0.4741140154809219
R-HSA-140875,Common Pathway of Fibrin Clot Formation,14,-0.3825675254240645,-1.056803712266166,0.34065934065934067,9,F5;PROS1;F13B;F2;F10;F13A1;SERPINA5;SERPIND1;SERPINC1,F10;F13A1;F13B;F2;F5;FGA;FGB;FGG;PROCR;PROS1;PRTN3;SERPINA5;SERPINC1;SERPIND1,0.47888018624104806
R-HSA-196807,Nicotinate metabolism,10,0.4233692652193053,1.145076048697683,0.34465534465534464,3,PARP9;NNMT;NAMPT,BST1;NADK2;NAMPT;NAPRT;NAXE;NNMT;NT5E;PARP14;PARP4;PARP9,0.48362927395185457
R-HSA-375276,Peptide ligand-binding receptors,11,-0.4135302814679409,-1.0654237155468305,0.34665334665334663,4,HEBP1;C3;KNG1;AGT,AGT;ANXA1;APP;C3;C5;F2;HEBP1;KNG1;NLN;PPBP;PSAP,0.4855627377988737
R-HSA-1489509,DAG and IP3 signaling,10,-0.42016713991350674,-1.0538889634669553,0.34765234765234765,4,CAMK2G;PRKAR1A;PRKACA;PRKAR2A,CAMK2D;CAMK2G;GRK2;ITPR2;ITPR3;KPNA2;PRKACA;PRKAR1A;PRKAR2A;PRKCD,0.48609247894962176
R-HSA-9006936,Signaling by TGFB family members,35,0.29486843594429724,1.1981903176334354,0.35064935064935066,6,STAT1;STRAP;PPP1CA;YBX1;CDK9;ITGAV,CCNK;CDK9;CGN;COL1A2;DRAP1;F11R;FBN1;FKBP1A;HDAC1;ITGAV;ITGB1;ITGB3;ITGB5;LTBP1;LTBP2;MAPK1;MAPK3;NEDD8;PARP1;PPM1A;PPP1CA;PPP1CB;PPP1CC;RHOA;SMAD2;SNW1;STAT1;STRAP;STUB1;UBE2M;UCHL5;USP15;USP9X;XPO1;YBX1,0.4885381522392199
R-HSA-388841,Costimulation by the CD28 family,17,0.36116100026914144,1.1738837628195224,0.35064935064935066,8,PAK2;CDC42;HLA-DRA;PPP2R5E;HLA-DPA1;PTPN6;SRC;PAK1,CDC42;CSK;GRB2;HLA-DPA1;HLA-DRA;MTOR;PAK1;PAK2;PPP2CB;PPP2R1A;PPP2R5A;PPP2R5D;PPP2R5E;PTPN11;PTPN6;RAC1;SRC,0.4885381522392199
R-HSA-9735871,SARS-CoV-1 targets host intracellular signalling and regulatory pathways,10,0.426891805927417,1.1535396200424837,0.35264735264735264,7,YWHAH;YWHAQ;SFN;YWHAZ;PSMC6;UBE2I;YWHAB,CAV1;PSMC6;SFN;UBE2I;YWHAB;YWHAE;YWHAG;YWHAH;YWHAQ;YWHAZ,0.4904491600761583
R-HSA-5693567,HDR through Homologous Recombination (HRR) or Single Strand Annealing (SSA),14,0.379091285463648,1.189528118887851,0.35564435564435565,3,PCNA;RFC4;PPP4C,H4C1;MRE11;PCNA;PPP4C;RAD50;RFC1;RFC4;RPA1;RPA2;RPA3;TP53BP1;UBE2I;UBE2N;UBE2V2,0.49286642560978844
R-HSA-9696270,RND2 GTPase cycle,16,0.3623952321217084,1.1428164588418859,0.35564435564435565,7,TFRC;CKAP4;NUDC;KTN1;DST;ARHGAP1;FAM83B,ALDH3A2;ARHGAP1;CAV1;CKAP4;DSG1;DST;EPHA2;FAM83B;GOLGA3;KTN1;LRRC1;NUDC;RBMX;SCRIB;TFRC;TXNL1,0.49286642560978844
R-HSA-917729,Endosomal Sorting Complex Required For Transport (ESCRT),15,-0.3741344697039448,-1.0390129890045383,0.36163836163836166,7,STAM;HGS;CHMP3;VPS36;CHMP2A;VPS25;VPS4A,CHMP2A;CHMP3;CHMP4A;CHMP4B;CHMP5;HGS;SNF8;STAM;TSG101;VPS25;VPS36;VPS37B;VPS4A;VPS4B;VTA1,0.5002876981675569
R-HSA-9612973,Autophagy,56,0.271964193483208,1.16675677316513,0.3646353646353646,15,TUBB3;HSP90AB1;TUBA4B;PIK3R4;TUBB6;CSNK2A2;TOMM40;RHEB;PGAM5;LAMP2;TUBA1C;CSNK2B;HSP90AA1;CHMP4B;ATG3,ATG3;ATG7;CHMP2A;CHMP3;CHMP4A;CHMP4B;CSNK2A2;CSNK2B;DYNC1H1;DYNC1I2;DYNC1LI1;DYNC1LI2;DYNLL2;GABARAPL2;HBB;HSP90AA1;HSP90AB1;HSPA8;LAMP2;LAMTOR1;LAMTOR2;LAMTOR3;LAMTOR4;LAMTOR5;MFN1;MFN2;MTOR;PARK7;PGAM5;PIK3C3;PIK3R4;PLIN3;PRKAA1;PRKAG1;RHEB;SQSTM1;SRC;TOMM22;TOMM40;TOMM6;TOMM70;TSG101;TUBA1C;TUBA4A;TUBA4B;TUBB2A;TUBB3;TUBB4A;TUBB4B;TUBB6;UBE2N;UBE2V1;VCP;VDAC1;VIM;VPS37B,0.5035440749726464
R-HSA-189445,Metabolism of porphyrins,11,-0.39832725023706195,-1.0187785815631814,0.3776223776223776,5,PPOX;BLVRA;BLVRB;ALAD;ALB,ABCC1;ALAD;ALB;BLVRA;BLVRB;CPOX;GUSB;HMBS;HMOX2;PPOX;UROD,0.5205604254900029
R-HSA-1280218,Adaptive Immune System,252,0.22394498572495844,1.2809157521039265,0.37962037962037964,81,TAPBP;TUBB3;CTSC;UBA6;TAP1;PAK2;SEC61A1;TAP2;AP2A1;TUBA4B;RAB7A;HLA-B;CTSB;ICAM1;UBE2L6;PIK3R4;PSMD2;TUBB6;HLA-C;PSMB9;B2M;ITGAV;CAPZA1;PSMB8;HLA-A;DTX3L;SEC61B;CYBB;TRIM21;PSME2;PSMD11;PSMD13;PSME3;CALR;TRIP12;CTSA;CYBA;CLTC;SEC23A;AP1M1;PSMB3;HSPA5;COL17A1;CDC42;PSMA4;PSMB2;CLTA;ITGB1;HLA-DRA;KIF2A;NCF2;AP1G1;PPP2R5E;AP2B1;ELOC;TUBA1C;PSMD7;YWHAZ;ERAP1;NCF4;PSME1;PSMD12;XDH;RNF213;PSMC2;KIF5B;CTSS;PTPRC;PSMA6;CANX;PSMB10;HLA-DPA1;PSMD6;PTPN6;SEC31A;PSMA3;ITGB2;RELA;ITCH;UBE2G1;KLC1,ACTR10;ACTR1A;ACTR1B;AP1B1;AP1G1;AP1M1;AP1M2;AP1S1;AP2A1;AP2A2;AP2B1;AP2M1;AP2S1;ATG7;B2M;BCAP31;BLMH;C3;CALR;CANX;CAPZA1;CAPZA2;CAPZB;CD14;CD36;CD74;CD81;CDC42;CDH1;CLTA;CLTC;COL17A1;COL1A1;COL1A2;COL2A1;COL3A1;CSK;CTSA;CTSB;CTSC;CTSD;CTSS;CUL1;CUL2;CUL3;CUL5;CYBA;CYBB;DCTN1;DCTN2;DCTN3;DCTN4;DCTN5;DNM2;DTX3L;DYNC1H1;DYNC1I2;DYNC1LI1;DYNC1LI2;DYNLL2;ELOB;ELOC;ERAP1;EVL;FBXO7;FGA;FGB;FGG;FKBP1A;GAN;GRB2;HECTD1;HECTD3;HERC4;HLA-A;HLA-B;HLA-C;HLA-DPA1;HLA-DRA;HMGB1;HSPA5;HUWE1;ICAM1;IGHM;IGHV3-7;IGKC;IGKV1-5;IGKV3-20;IGKV3D-20;IGKV4-1;IGLV1-40;IGLV1-47;IGLV1-51;IGLV3-19;IGLV8-61;IKBKG;ITCH;ITGAV;ITGB1;ITGB2;ITGB5;ITPR2;ITPR3;KEAP1;KIF2A;KIF5B;KLC1;KLC4;KRAS;LGMN;LMO7;LNPEP;LTN1;MRC1;MRC2;MTOR;NCF2;NCF4;NCK1;NECTIN2;NFKB1;NPEPPS;PAK1;PAK2;PDIA3;PIK3C3;PIK3R4;PLCG2;PPIA;PPL;PPP2CB;PPP2R1A;PPP2R5A;PPP2R5D;PPP2R5E;PPP3CA;PRKACA;PSMA1;PSMA2;PSMA3;PSMA4;PSMA5;PSMA6;PSMA7;PSMB1;PSMB10;PSMB2;PSMB3;PSMB4;PSMB5;PSMB6;PSMB7;PSMB8;PSMB9;PSMC1;PSMC2;PSMC3;PSMC4;PSMC5;PSMC6;PSMD1;PSMD10;PSMD11;PSMD12;PSMD13;PSMD14;PSMD2;PSMD3;PSMD4;PSMD5;PSMD6;PSMD7;PSMD8;PSMD9;PSME1;PSME2;PSME3;PSMF1;PTPN11;PTPN6;PTPRC;RAB7A;RAC1;RAP1A;RBX1;RELA;RNF213;S100A1;S100A8;S100A9;SAR1B;SEC13;SEC22B;SEC23A;SEC24A;SEC24B;SEC24C;SEC24D;SEC31A;SEC61A1;SEC61B;SH3KBP1;SIPA1;SKP1;SNAP23;SPTBN2;SRC;STIM1;STUB1;STX4;SYK;TAP1;TAP2;TAPBP;THOP1;TPP2;TRIM21;TRIP12;TUBA1C;TUBA4A;TUBA4B;TUBB2A;TUBB3;TUBB4A;TUBB4B;TUBB6;UBA1;UBA3;UBA6;UBA7;UBAC1;UBE2G1;UBE2K;UBE2L3;UBE2L6;UBE2M;UBE2N;UBE2O;UBE2V1;UBE2V2;UBE3A;UBE3C;UBE4A;UBR4;UFL1;VAMP3;VAMP8;VASP;WAS;XDH;YWHAB;YWHAZ,0.5223950039415769
R-HSA-5205647,Mitophagy,12,0.38640860399342797,1.139042992018684,0.3806193806193806,4,CSNK2A2;TOMM40;PGAM5;CSNK2B,CSNK2A2;CSNK2B;MFN1;MFN2;PGAM5;SQSTM1;SRC;TOMM22;TOMM40;TOMM6;TOMM70;VDAC1,0.5228508333771491
R-HSA-9664424,Cell recruitment (pro-inflammatory response),15,0.3625532733034475,1.1353608261437724,0.38161838161838163,3,HSP90AB1;NFKB2;PYCARD,APP;C3;CASP1;CTSG;ENTPD1;GSDMD;HSP90AB1;IL18;NFKB1;NFKB2;NT5E;PYCARD;RELA;SUGT1;TXN,0.5233050662122466
R-HSA-163125,Post-translational modification: synthesis of GPI-anchored proteins,14,0.3755210400814786,1.128519867113571,0.3836163836163836,8,GPAA1;THY1;DPM1;DPM3;PIGK;PIGT;PIGS;PIGU,BST1;CD109;DPM1;DPM3;GPAA1;GPLD1;LY6D;LYPD3;PIGC;PIGK;PIGS;PIGT;PIGU;THY1,0.5251252244259238
R-HSA-9013406,RHOQ GTPase cycle,23,0.31872734363950106,1.1085255379345778,0.3876123876123876,4,TFRC;PAK2;RAB7A;SLC1A5,ARHGAP1;ARHGAP17;ARHGEF7;CAV1;CDC42;CDC42BPB;GIT1;GOPC;IQGAP1;JUP;LAMTOR1;OBSCN;PAK1;PAK2;RAB7A;SCRIB;SLC1A5;SNAP23;STOM;TFRC;TRIP10;VAMP3;WASL,0.5296266233766234
R-HSA-5688426,Deubiquitination,90,0.2453654317102672,1.1828282996391017,0.3886113886113886,29,PSMD2;RUVBL1;VCPIP1;PSMB9;PSMB8;RIGI;PSME2;PSMD11;PSMD13;PTRH2;PSME3;USP10;ACTL6A;PSMB3;PSMA4;PSMB2;TRIM25;PSMD7;USP24;PSME1;PSMD12;PSMC2;PSMA6;PSMB10;ACTB;PSMD6;PSMA3;OTUB1;PSMC6,ACTB;ACTL6A;ADRM1;ARRB1;ARRB2;FKBP8;FOXK1;H2AC21;HCFC1;HGS;IDE;IKBKG;KEAP1;MAT2B;MAVS;NEDD8;NOD1;OGT;OTUB1;PSMA1;PSMA2;PSMA3;PSMA4;PSMA5;PSMA6;PSMA7;PSMB1;PSMB10;PSMB2;PSMB3;PSMB4;PSMB5;PSMB6;PSMB7;PSMB8;PSMB9;PSMC1;PSMC2;PSMC3;PSMC4;PSMC5;PSMC6;PSMD1;PSMD10;PSMD11;PSMD12;PSMD13;PSMD14;PSMD2;PSMD3;PSMD4;PSMD5;PSMD6;PSMD7;PSMD8;PSMD9;PSME1;PSME2;PSME3;PSMF1;PTRH2;RAD23A;RAD23B;RHOA;RHOT1;RIGI;RUVBL1;SMAD2;SNX3;STAM;TOMM70;TRIM25;UCHL1;UCHL3;UCHL5;USP10;USP14;USP15;USP24;USP47;USP5;USP7;USP8;USP9X;VCP;VCPIP1;VDAC1;VDAC2;VDAC3;YOD1,0.5296266233766234
R-HSA-9013420,RHOU GTPase cycle,20,-0.33525166530752154,-1.0122164099835567,0.38961038961038963,2,SPTBN1;SPTAN1,ARHGEF7;CDC42;CLTC;DST;EPHA2;GIT1;GRB2;HGS;IQGAP1;MYO6;NCK1;NCK2;PAK1;PAK2;SPTAN1;SPTBN1;SRC;STAM;TXNL1;USP9X,0.5296266233766234
R-HSA-114604,GPVI-mediated activation cascade,12,-0.3808800668381825,-1.0179672582393748,0.38961038961038963,2,COL1A1;COL1A2,CDC42;COL1A1;COL1A2;PLCG2;PTPN11;PTPN6;RAC1;RAC2;RHOA;RHOG;SYK;VAV2,0.5296266233766234
R-HSA-1445148,Translocation of SLC2A4 (GLUT4) to the plasma membrane,38,0.2870219511018558,1.175814089990438,0.3946053946053946,9,TUBB3;YWHAH;TUBA4B;MYH9;TUBB6;YWHAQ;SFN;TUBA1C;YWHAZ,ACTB;ACTG1;ASPSCR1;EXOC1;EXOC2;EXOC3;EXOC4;EXOC5;EXOC7;EXOC8;LNPEP;MYH9;MYO1C;PRKAG1;RAB10;RAB14;RAB8A;RAC1;RALA;SFN;SNAP23;STX4;STXBP3;TBC1D4;TUBA1C;TUBA4A;TUBA4B;TUBB2A;TUBB3;TUBB4A;TUBB4B;TUBB6;YWHAB;YWHAE;YWHAG;YWHAH;YWHAQ;YWHAZ,0.5354870432860035
R-HSA-168643,"Nucleotide-binding domain, leucine rich repeat containing receptor (NLR) signaling pathways",16,0.3525087466647727,1.1367066038576847,0.3956043956043956,7,HSP90AB1;NFKB2;PYCARD;APP;RELA;ITCH;MAPK14,APP;CASP1;HSP90AB1;IKBKG;ITCH;MAPK13;MAPK14;NFKB1;NFKB2;NOD1;PYCARD;RELA;SUGT1;TXN;UBE2N;UBE2V1,0.5359139130765428
R-HSA-8854214,TBC/RABGAPs,19,-0.3333799738097831,-0.9908173349971586,0.3996003996003996,4,RABEP1;SYTL1;RAB5B;TBC1D17,ARF6;GABARAPL2;OPTN;RAB11B;RAB35;RAB5A;RAB5B;RAB5C;RAB6A;RAB7A;RAB8A;RAB8B;RABEP1;RABGAP1;RABGEF1;SYTL1;TBC1D15;TBC1D17;TBC1D2,0.5403922502368098
R-HSA-9660826,Purinergic signaling in leishmaniasis infection,15,0.3625532733034475,1.1446393525459277,0.4005994005994006,3,HSP90AB1;NFKB2;PYCARD,APP;C3;CASP1;CTSG;ENTPD1;GSDMD;HSP90AB1;IL18;NFKB1;NFKB2;NT5E;PYCARD;RELA;SUGT1;TXN,0.5408091908091908
R-HSA-5663213,RHO GTPases Activate WASPs and WAVEs,25,0.3034291419705327,1.1102206354933366,0.4075924075924076,7,ARPC1B;ACTR3;ARPC2;ARPC3;CDC42;ARPC5;ACTR2,ABI1;ACTB;ACTG1;ACTR2;ACTR3;ARPC1A;ARPC1B;ARPC2;ARPC3;ARPC4;ARPC5;BAIAP2;BRK1;CDC42;CYFIP1;GRB2;MAPK1;MAPK3;NCK1;NCKAP1;PTK2;RAC1;WAS;WASF2;WASL,0.549302676669286
R-HSA-3371453,Regulation of HSF1-mediated heat shock response,51,0.2669118388637836,1.1545912759980417,0.4085914085914086,17,SERPINH1;HSPH1;NUP155;NUP188;HSPA5;NUP93;NUP160;NUP35;NUP153;NUP133;NUP88;NUP62;SEH1L;NUP214;NUP54;SEC13;NUP50,AAAS;BAG2;BAG3;BAG5;CCAR2;DNAJB1;DNAJC2;DNAJC7;FKBP4;GSK3B;HSBP1;HSPA12A;HSPA1L;HSPA2;HSPA4;HSPA4L;HSPA5;HSPA8;HSPA9;HSPH1;MAPK1;MAPK3;MRPL18;NUP107;NUP133;NUP153;NUP155;NUP160;NUP188;NUP205;NUP210;NUP214;NUP35;NUP43;NUP50;NUP54;NUP62;NUP85;NUP88;NUP93;NUP98;RAE1;RANBP2;RPA1;RPA2;RPA3;SEC13;SEH1L;SERPINH1;TPR;YWHAE,0.5497028744451424
R-HSA-381070,IRE1alpha activates chaperones,23,0.31674685762627003,1.1199532933549519,0.41058941058941056,8,SSR1;ATP6V0D1;DNAJB11;SRPRB;HSPA5;PDIA6;SRPRA;HYOU1,ACADVL;ADD1;ARFGAP1;ATP6V0D1;DCTN1;DNAJB11;DNAJC3;GFPT1;HDGF;HSPA5;HYOU1;LMNA;MYDGF;PDIA5;PDIA6;PREB;SEC31A;SRPRA;SRPRB;SSR1;TLN1;TPP1;WFS1,0.5514434107916097
R-HSA-917937,Iron uptake and transport,27,0.30193676343447035,1.1203800302083697,0.41358641358641357,5,TFRC;GLRX3;CAND1;ATP6V0D1;HMOX2,ACO1;ALAD;ATP6V0A1;ATP6V0D1;ATP6V1A;ATP6V1B2;ATP6V1C1;ATP6V1D;ATP6V1E1;ATP6V1F;ATP6V1G1;ATP6V1H;CAND1;CP;CUL1;CYBRD1;FTH1;FTL;GLRX3;HMOX2;IREB2;LCN2;NEDD8;SKP1;TCIRG1;TF;TFRC,0.5545174004078114
R-HSA-9634597,GPER1 signaling,15,-0.3518744003030937,-0.9736677698719868,0.4165834165834166,4,PRKAR1A;GNG12;PRKACA;PRKAR2A,FN1;GNAI1;GNAI2;GNAI3;GNB1;GNB2;GNG12;GNG2;GNG5;ITGA5;ITGB1;PRKACA;PRKAR1A;PRKAR2A;SRC,0.5575808806578038
R-HSA-9748784,Drug ADME,27,-0.30492879060615385,-0.9883373359202154,0.42357642357642356,6,GGT5;CES1;ACY1;SERPINA6;PON1;ALB,ABCC1;ACY1;ADA;ADK;ALB;BSG;CES1;CES2;CNDP2;GGT5;GMPS;GSTP1;GUK1;HPRT1;IMPDH2;ITPA;NME1;NME2;NT5C2;PNP;PON1;RAC1;SERPINA6;SLC16A1;SLC29A1;VAV2;XDH,0.5659732758708867
R-HSA-110314,Recognition of DNA damage by PCNA-containing replication complex,10,0.3946653260656307,1.0792114600534506,0.4325674325674326,2,PCNA;RFC4,CUL4A;CUL4B;DDB1;PCNA;RBX1;RFC1;RFC4;RPA1;RPA2;RPA3,0.5770022141402039
R-HSA-9609736,Assembly and cell surface presentation of NMDA receptors,16,0.339286176123278,1.076873800176818,0.43456543456543456,3,TUBB3;TUBA4B;TUBB6,ACTN2;APBA1;CAMK2D;CAMK2G;CASK;DLG1;LIN7C;NEFL;TUBA1C;TUBA4A;TUBA4B;TUBB2A;TUBB3;TUBB4A;TUBB4B;TUBB6,0.5786815225590736
R-HSA-166208,mTORC1-mediated signalling,15,0.35272838260206096,1.1091936523523025,0.43656343656343655,4,EIF4G1;EIF4B;RHEB;RPS6,AKT1S1;EIF4B;EIF4E;EIF4EBP1;EIF4G1;FKBP1A;LAMTOR1;LAMTOR2;LAMTOR3;LAMTOR4;LAMTOR5;MTOR;RHEB;RPS6;YWHAB,0.5803551287422255
R-HSA-5696394,DNA Damage Recognition in GG-NER,18,-0.3214632618090429,-0.9577163219986295,0.44555444555444557,10,GPS1;COPS6;COPS2;DDB1;COPS3;CUL4A;COPS8;COPS7A;RAD23A;COPS4,ACTB;ACTL6A;COPS2;COPS3;COPS4;COPS5;COPS6;COPS7A;COPS8;CUL4A;CUL4B;DDB1;GPS1;PARP1;RAD23A;RAD23B;RBX1;RUVBL1,0.5913036116425947
R-HSA-432142,Platelet sensitization by LDL,10,-0.3866234098743029,-0.9725853708031583,0.4485514485514486,3,PECAM1;APOB;PPP2R5A,APOB;MAPK14;PECAM1;PPP2CB;PPP2R1A;PPP2R5A;PPP2R5D;PPP2R5E;PTPN11;PTPN6,0.5942737465580106
R-HSA-109581,Apoptosis,104,0.23199727888328253,1.1693620051195681,0.45254745254745254,34,PAK2;NMT1;YWHAH;STAT3;PSMD2;BID;PSMB9;PSMB8;PSME2;PSMD11;PSMD13;PSME3;YWHAQ;CASP7;PSMB3;PSMA4;PSMB2;BAX;PRKCD;SFN;ACIN1;PLEC;PSMD7;YWHAZ;H1-5;PSME1;PSMD12;KPNB1;PSMC2;PSMA6;PSMB10;PSMD6;PSMA3;GSDMD,ACIN1;ADD1;APPL1;BAX;BCAP31;BID;C1QBP;CASP3;CASP7;CD14;CDH1;CTNNB1;CYCS;DBNL;DFFA;DIABLO;DNM1L;DSG1;DSG2;DSG3;DSP;DYNLL2;FNTA;GSDMD;GSN;H1-0;H1-1;H1-2;H1-3;H1-4;H1-5;HMGB1;HMGB2;KPNA1;KPNB1;LMNA;LMNB1;MAPK1;MAPK3;NMT1;OPA1;PAK2;PKP1;PLEC;PRKCD;PSMA1;PSMA2;PSMA3;PSMA4;PSMA5;PSMA6;PSMA7;PSMB1;PSMB10;PSMB2;PSMB3;PSMB4;PSMB5;PSMB6;PSMB7;PSMB8;PSMB9;PSMC1;PSMC2;PSMC3;PSMC4;PSMC5;PSMC6;PSMD1;PSMD10;PSMD11;PSMD12;PSMD13;PSMD14;PSMD2;PSMD3;PSMD4;PSMD5;PSMD6;PSMD7;PSMD8;PSMD9;PSME1;PSME2;PSME3;PSMF1;PTK2;ROCK1;SFN;SPTAN1;STAT3;STK24;STK26;TJP1;TJP2;TRADD;UACA;VIM;YWHAB;YWHAE;YWHAG;YWHAH;YWHAQ;YWHAZ,0.598555161055161
R-HSA-5696400,Dual Incision in GG-NER,11,0.37359163211842145,1.0641005452646306,0.45354645354645357,2,PCNA;RFC4,CUL4A;CUL4B;DDB1;PARP1;PCNA;RBX1;RFC1;RFC4;RPA1;RPA2;RPA3,0.5988648787974252
R-HSA-9022692,Regulation of MECP2 expression and activity,10,-0.39173388735221937,-0.9713243581891877,0.4595404595404595,2,PRKACA;MECP2,AGO2;CAMK2D;CAMK2G;HDAC1;HTT;LBR;MECP2;MOV10;PRKACA;TBL1XR1,0.6057578784851512
R-HSA-76009,Platelet Aggregation (Plug Formation),19,-0.3165986714481533,-0.953444274903626,0.46053946053946054,6,F2;CRK;RAP1A;VWF;COL1A1;COL1A2,COL1A1;COL1A2;CRK;CSK;F2;FGA;FGB;FGG;FN1;GRB2;ITGA2B;ITGB3;PTK2;PTPN1;RAP1A;SRC;SYK;TLN1;VWF,0.6060544497519288
R-HSA-428157,Sphingolipid metabolism,25,0.2923321756869517,1.0636350892542374,0.46553446553446554,10,M6PR;HEXA;SGPL1;GLB1;CTSA;PSAP;SMPD4;GM2A;ESYT1;GBA1,ALDH3A2;ARSA;ASAH1;CERT1;CTSA;ESYT1;ESYT2;GBA1;GLB1;GLTP;GM2A;HEXA;HEXB;KDSR;M6PR;OSBP;PLPP3;PSAP;SGPL1;SMPD4;SPTLC1;SPTLC2;SUMF2;VAPA;VAPB,0.6108623817653918
R-HSA-199992,trans-Golgi Network Vesicle Budding,45,0.26654188297947656,1.1145076588820317,0.46653346653346656,18,TFRC;M6PR;AP3B1;CLTC;PICALM;GNS;AP1M1;CLTA;GBF1;AP1G1;APP;RAB5C;TXNDC5;IGF2R;SNAP23;AP3S1;ACBD3;AP1G2,ACBD3;AP1B1;AP1G1;AP1G2;AP1M1;AP1M2;AP1S1;AP3B1;AP3S1;APP;ARRB1;BLOC1S1;CHMP2A;CLINT1;CLTA;CLTB;CLTC;CTSZ;DNM2;FTH1;FTL;GAK;GBF1;GNS;GOLGB1;HGS;HSPA8;IGF2R;M6PR;NAPA;PICALM;RAB5C;SNAP23;SNAPIN;SNX2;SNX5;SNX9;STX4;TFRC;TGOLN2;TPD52;TPD52L1;TXNDC5;VAMP8;YIPF6,0.6108623817653918
R-HSA-373752,Netrin-1 signaling,13,-0.36044385164204595,-0.9576133191341427,0.46653346653346656,2,PITPNA;ABLIM1,ABLIM1;CDC42;EZR;MAPK13;MAPK14;NCK1;PAK1;PITPNA;PTK2;PTPN11;RAC1;SRC;WASL,0.6108623817653918
R-HSA-9013424,RHOV GTPase cycle,18,-0.3244142927293385,-0.9470067500827501,0.4675324675324675,2,SPTBN1;SPTAN1,ARHGEF7;CDC42;CLTC;DST;EPHA2;GIT1;IQGAP1;NCK1;NCK2;PAK1;PAK2;SPTAN1;SPTBN1;TPM3;TPM4;TXNL1;USP9X;WASL,0.6111484508813391
R-HSA-983712,Ion channel transport,34,-0.2765555731459235,-0.9556854230157025,0.47052947052947053,12,WNK1;ATP1A2;ATP2A2;RYR1;ATP2A3;SRI;CAMK2G;CASQ1;ATP2A1;ATP12A;CLIC2;ATP1B1,ANO10;ANO6;ASPH;ATP12A;ATP13A1;ATP1A1;ATP1A2;ATP1B1;ATP1B3;ATP2A1;ATP2A2;ATP2A3;ATP2B1;ATP2B4;ATP2C1;ATP6V0A1;ATP6V0D1;ATP6V1A;ATP6V1B2;ATP6V1C1;ATP6V1D;ATP6V1E1;ATP6V1F;ATP6V1G1;ATP6V1H;CAMK2D;CAMK2G;CASQ1;CLIC2;RYR1;SRI;STOM;TCIRG1;WNK1,0.614040959040959
R-HSA-418555,G alpha (s) signalling events,18,-0.32195446895369323,-0.9580562432856882,0.47352647352647353,9,GNB2;GNG2;ARRB2;GNB1;ARRB1;PRKAR1A;GNG12;PRKACA;PRKAR2A,ARRB1;ARRB2;FN1;GNAI1;GNAI2;GNAI3;GNB1;GNB2;GNG12;GNG2;GNG5;GRK2;ITGA5;ITGB1;PRKACA;PRKAR1A;PRKAR2A;SRC,0.6169238415494656
R-HSA-75105,Fatty acyl-CoA biosynthesis,15,-0.3392963374094292,-0.941164166911644,0.47652347652347654,2,ACSL1;HSD17B8,ACACA;ACLY;ACSL1;ACSL3;ACSL4;ELOVL1;FASN;HACD2;HACD3;HSD17B12;HSD17B8;PPT1;SLC25A1;SLC27A3;TECR,0.6197971463752194
R-HSA-15869,Metabolism of nucleotides,51,0.2527943143844342,1.1288762734787516,0.47952047952047955,14,TYMP;CTPS1;GART;UMPS;PAICS;CAD;PNP;NME1;ADA;GMPS;AMPD2;DTYMK;HPRT1;XDH,ADA;ADK;ADSL;AK1;AK2;AK4;AMPD2;AMPD3;APRT;ATIC;CAD;CDA;CMPK1;CTPS1;DCTPP1;DHODH;DNPH1;DPYD;DTYMK;DUT;ENTPD1;ENTPD8;GART;GLRX;GMPS;GSR;GUK1;HPRT1;IMPDH2;ITPA;NME1;NME2;NME3;NT5C;NT5C2;NT5C3A;NT5E;NUDT16;NUDT5;PAICS;PFAS;PNP;PPAT;RRM1;RRM2B;SAMHD1;TXN;TXNRD1;TYMP;UMPS;XDH,0.6226609211683839
R-HSA-9646399,Aggrephagy,19,0.3093590907993362,1.0437987553336174,0.4875124875124875,3,TUBB3;TUBA4B;TUBB6,DYNC1H1;DYNC1I2;DYNC1LI1;DYNC1LI2;DYNLL2;HSP90AA1;PARK7;TUBA1C;TUBA4A;TUBA4B;TUBB2A;TUBB3;TUBB4A;TUBB4B;TUBB6;UBE2N;UBE2V1;VCP;VIM,0.6319905260302611
R-HSA-3371556,Cellular response to heat stress,61,0.24610472346676754,1.1012883040155337,0.4975024975024975,20,SERPINH1;HSPH1;HSP90AB1;NUP155;PTGES3;NUP188;HSPA5;NUP93;HSP90AA1;NUP160;NUP35;NUP153;NUP133;NUP88;NUP62;SEH1L;NUP214;NUP54;SEC13;NUP50,AAAS;AKT1S1;BAG2;BAG3;BAG5;CAMK2D;CAMK2G;CCAR2;CRYAB;DNAJB1;DNAJC2;DNAJC7;FKBP4;GSK3B;HSBP1;HSP90AA1;HSP90AB1;HSPA12A;HSPA1L;HSPA2;HSPA4;HSPA4L;HSPA5;HSPA8;HSPA9;HSPB8;HSPH1;MAPK1;MAPK3;MRPL18;MTOR;NUP107;NUP133;NUP153;NUP155;NUP160;NUP188;NUP205;NUP210;NUP214;NUP35;NUP43;NUP50;NUP54;NUP62;NUP85;NUP88;NUP93;NUP98;PTGES3;RAE1;RANBP2;RPA1;RPA2;RPA3;SEC13;SEH1L;SERPINH1;TPR;VCP;YWHAE,0.6428126329116427
R-HSA-5627123,RHO GTPases activate PAKs,15,-0.33652474814602007,-0.9272495323743498,0.4975024975024975,4,MYL9;MYLK;MYH14;MYH11,CDC42;CTTN;FLNA;MYH10;MYH11;MYH14;MYH9;MYL6;MYL9;MYLK;PAK1;PAK2;PPP1CB;PPP1R12A;RAC1,0.6428126329116427
R-HSA-373755,Semaphorin interactions,25,-0.29230212413574697,-0.9301091600384619,0.5014985014985015,4,DPYSL3;DPYSL2;MYH14;MYH11,CFL1;DPYSL2;DPYSL3;GSK3B;HSP90AA1;HSP90AB1;ITGA1;ITGB1;MYH10;MYH11;MYH14;MYH9;MYL6;MYL9;NRP1;PAK1;PAK2;PTPRC;RAC1;RHOA;RHOC;ROCK1;ROCK2;RRAS;TLN1,0.6469082811751675
R-HSA-1433557,Signaling by SCF-KIT,11,0.3561063808449378,1.02915113970953,0.5044955044955045,2,STAT1;STAT3,CMA1;GRB2;KRAS;MMP9;PTPN11;PTPN6;RAC1;SRC;STAT1;STAT3;STAT5A,0.6497039145065461
R-HSA-187687,Signalling to ERKs,15,-0.32681804014562743,-0.9081724460774635,0.5284715284715285,6,MAP2K2;MAPK13;CRK;RAP1A;RALA;MAPK3,CRK;CRKL;GRB2;KRAS;MAP2K1;MAP2K2;MAPK1;MAPK13;MAPK14;MAPK3;RALA;RALB;RAP1A;SRC;YWHAB,0.6783495193331258
R-HSA-372708,p130Cas linkage to MAPK signaling for integrins,12,-0.34658055260158505,-0.9198980725326037,0.5284715284715285,3,CRK;RAP1A;VWF,CRK;FGA;FGB;FGG;FN1;ITGA2B;ITGB3;PTK2;RAP1A;SRC;TLN1;VWF,0.6783495193331258
R-HSA-165159,MTOR signalling,20,0.30148389485781807,1.0509467885256376,0.5324675324675324,10,EIF4G1;EIF4B;RHEB;RPS6;CAB39;PRKAA1;AKT1S1;LAMTOR1;EIF4EBP1;YWHAB,AKT1S1;CAB39;CAB39L;EIF4B;EIF4E;EIF4EBP1;EIF4G1;FKBP1A;LAMTOR1;LAMTOR2;LAMTOR3;LAMTOR4;LAMTOR5;MTOR;PPM1A;PRKAA1;PRKAG1;RHEB;RPS6;YWHAB,0.6812452253628724
R-HSA-5673000,RAF activation,15,-0.3172839085310377,-0.9093340594477543,0.5324675324675324,4,CAMK2G;PPP1CB;ARAF;PPP2R5A,ARAF;CAMK2D;CAMK2G;KRAS;MAP2K1;MAP2K2;PPP1CB;PPP1CC;PPP2CB;PPP2R1A;PPP2R5A;PPP2R5D;PPP2R5E;SRC;YWHAB,0.6812452253628724
R-HSA-1632852,Macroautophagy,51,0.24594489917396767,1.0579494569344556,0.5374625374625375,13,TUBB3;TUBA4B;PIK3R4;TUBB6;CSNK2A2;TOMM40;RHEB;PGAM5;TUBA1C;CSNK2B;HSP90AA1;CHMP4B;ATG3,ATG3;ATG7;CHMP2A;CHMP3;CHMP4A;CHMP4B;CSNK2A2;CSNK2B;DYNC1H1;DYNC1I2;DYNC1LI1;DYNC1LI2;DYNLL2;GABARAPL2;HSP90AA1;HSPA8;LAMTOR1;LAMTOR2;LAMTOR3;LAMTOR4;LAMTOR5;MFN1;MFN2;MTOR;PARK7;PGAM5;PIK3C3;PIK3R4;PLIN3;PRKAA1;PRKAG1;RHEB;SQSTM1;SRC;TOMM22;TOMM40;TOMM6;TOMM70;TUBA1C;TUBA4A;TUBA4B;TUBB2A;TUBB3;TUBB4A;TUBB4B;TUBB6;UBE2N;UBE2V1;VCP;VDAC1;VIM,0.686514138390158
R-HSA-8876384,Listeria monocytogenes entry into host cells,10,-0.3604353972293919,-0.8992921192539363,0.5424575424575424,8,EPS15;SH3KBP1;GRB2;SH3GL1;CTNNB1;STAM;HGS;CDH1,CDH1;CTNNB1;CTNND1;EPS15;GRB2;HGS;SH3GL1;SH3KBP1;SRC;STAM,0.6917658888342927
R-HSA-5696398,Nucleotide Excision Repair,41,0.25319121294769775,1.037424071221023,0.5434565434565435,9,PCNA;RFC4;RUVBL1;PRPF19;POLR2B;POLR2H;ACTL6A;POLR2A;POLR2E,ACTB;ACTL6A;COPS2;COPS3;COPS4;COPS5;COPS6;COPS7A;COPS8;CUL4A;CUL4B;DDB1;GPS1;HMGN1;LIG3;PARP1;PCNA;POLR2A;POLR2B;POLR2C;POLR2E;POLR2H;POLR2I;PRPF19;RAD23A;RAD23B;RBX1;RFC1;RFC4;RPA1;RPA2;RPA3;RUVBL1;SUMO1;TCEA1;UBE2I;UBE2N;UBE2V2;USP7;XAB2;XRCC1,0.6919129650836968
R-HSA-6798695,Neutrophil degranulation,286,0.2047761843146336,1.1734953281309122,0.5454545454545454,96,CTSC;RAP2B;CKAP4;HSP90AB1;RAB7A;SURF4;RAB31;HLA-B;CTSB;CAP1;PSMD2;HLA-C;MVP;CNN2;PYGL;PYCARD;B2M;CAND1;ITGAV;ILF2;CPNE1;LAMP1;PA2G4;CYBB;HMOX2;GLB1;NCSTN;PSMD11;PSMD13;PNP;S100P;CTSA;RHOG;GGH;CYBA;COTL1;DDX3X;FAF2;PSAP;GCA;GNS;AP1M1;CD44;RNASE3;PRTN3;EEF2;LAMP2;ELANE;TUBB;PRKCD;ARPC5;S100A12;ACLY;MAN2B1;GM2A;ACTR2;FABP5;CSNK2B;PSMD7;HSP90AA1;AZU1;PSMD12;DDOST;KPNB1;COPB1;ITGAM;PSMC2;MNDA;CAB39;MPO;CTSS;PTPRC;RAB5C;S100A11;SNAP29;TCIRG1;AMPD3;RAB18;TXNDC5;S100A7;EPX;RNASE2;PSMD6;PRDX4;XRCC5;PTPN6;CAMP;NPC2;PRG2;GSDMD;ITGB2;IGF2R;BST2;ERP44;GMFG;HEXB,A1BG;ACAA1;ACLY;ACTR10;ACTR1B;ACTR2;ADAM10;AGL;AHSG;ALAD;ALDOA;ALDOC;AMPD3;ANO6;ANPEP;ANXA2;AP1M1;AP2A2;APEH;APRT;ARG1;ARL8A;ARMC8;ARPC5;ARSA;ASAH1;ATG7;ATP6V0A1;ATP6V1D;AZU1;B2M;BST1;BST2;C3;CAB39;CALML5;CAMP;CAND1;CAP1;CAPN1;CAT;CCT2;CCT8;CD14;CD36;CD44;CD47;CD55;CD58;CD59;CDA;CFD;CKAP4;CNN2;COMMD3;COMMD9;COPB1;COTL1;CPNE1;CPNE3;CPPED1;CREG1;CSNK2B;CST3;CSTB;CTSA;CTSB;CTSC;CTSD;CTSG;CTSS;CTSZ;CYB5R3;CYBA;CYBB;CYFIP1;DBNL;DDOST;DDX3X;DERA;DGAT1;DIAPH1;DNAJC13;DNAJC3;DNAJC5;DOCK2;DPP7;DSG1;DSP;DYNC1H1;DYNC1LI1;DYNLT1;EEF2;ELANE;EPX;ERP44;FABP5;FAF2;FGL2;FLG2;FTH1;FTL;FUCA1;GAA;GCA;GDI2;GGH;GHDC;GLB1;GM2A;GMFG;GNS;GPI;GRN;GSDMD;GSN;GSTP1;GUSB;GYG1;HBB;HEBP2;HEXB;HLA-B;HLA-C;HMGB1;HMOX2;HP;HRNR;HSP90AA1;HSP90AB1;HSPA8;HUWE1;IDH1;IGF2R;ILF2;IMPDH2;IQGAP1;IQGAP2;IST1;ITGAM;ITGAV;ITGB2;JUP;KCMF1;KPNB1;KRT1;LAMP1;LAMP2;LAMTOR1;LAMTOR2;LAMTOR3;LCN2;LGALS3;LRG1;LTA4H;LTF;LYZ;MAGT1;MAN2B1;MAPK1;MAPK14;MIF;MLEC;MMP8;MMP9;MNDA;MPO;MVP;NAPRT;NBEAL2;NCSTN;NDUFC2;NFKB1;NIT2;NME2;NPC2;ORM1;ORM2;OSTF1;PA2G4;PADI2;PAFAH1B2;PDAP1;PDXK;PECAM1;PFKL;PGAM1;PGM1;PGM2;PGRMC1;PKM;PKP1;PLD1;PLEKHO2;PNP;PPBP;PPIA;PRCP;PRDX4;PRDX6;PRG2;PRKCD;PRTN3;PSAP;PSMA2;PSMA5;PSMB1;PSMB7;PSMC2;PSMC3;PSMD1;PSMD11;PSMD12;PSMD13;PSMD14;PSMD2;PSMD3;PSMD6;PSMD7;PTGES2;PTPN6;PTPRC;PTX3;PYCARD;PYGB;PYGL;QSOX1;RAB10;RAB14;RAB18;RAB27A;RAB31;RAB3D;RAB5B;RAB5C;RAB6A;RAB7A;RAC1;RAP1A;RAP2B;RHOA;RHOG;RNASE2;RNASE3;RNASET2;ROCK1;S100A11;S100A12;S100A7;S100A8;S100A9;S100P;SDCBP;SERPINA1;SERPINA3;SERPINB1;SERPINB3;SERPINB6;SLC44A2;SLPI;SNAP23;SNAP29;SPTAN1;SRP14;STING1;STOM;SURF4;TCIRG1;TMBIM1;TMEM30A;TMT1A;TOLLIP;TOM1;TTR;TUBB;TUBB4B;TXNDC5;UBR4;VAMP8;VAPA;VAT1;VCL;VCP;VPS35L;XRCC5;XRCC6,0.6933293978748524
R-HSA-9759194,Nuclear events mediated by NFE2L2,65,0.2373370633816631,1.0903435647426976,0.5504495504495505,32,PSMD2;PSMB9;PSMB8;ABCF2;PSME2;PSMD11;PSMD13;PSME3;PSMB3;PSMA4;PSMB2;PSMD7;PSME1;PSMD12;PSMC2;PSMA6;PSMB10;PSMD6;PSMA3;RELA;PSMC6;G6PD;PSMD1;GSK3B;CUL1;PSMD14;NFKB1;SKP1;PSMA7;PSMB1;ABCC1;PSMC1,ABCC1;ABCF2;CUL1;G6PD;GCLC;GCLM;GSK3B;GSR;IDH1;KEAP1;ME1;NFKB1;NQO1;PGD;PRDX1;PSMA1;PSMA2;PSMA3;PSMA4;PSMA5;PSMA6;PSMA7;PSMB1;PSMB10;PSMB2;PSMB3;PSMB4;PSMB5;PSMB6;PSMB7;PSMB8;PSMB9;PSMC1;PSMC2;PSMC3;PSMC4;PSMC5;PSMC6;PSMD1;PSMD10;PSMD11;PSMD12;PSMD13;PSMD14;PSMD2;PSMD3;PSMD4;PSMD5;PSMD6;PSMD7;PSMD8;PSMD9;PSME1;PSME2;PSME3;PSMF1;RBX1;RELA;SKP1;SOD3;SQSTM1;TALDO1;TKT;TXN;TXNRD1,0.6962875573537932
R-HSA-5663084,Diseases of carbohydrate metabolism,10,-0.35774359216503615,-0.905690212049,0.5504495504495505,5,RPIA;GYS1;GYG1;GBE1;DCXR,DCXR;GAA;GBE1;GLB1;GNS;GUSB;GYG1;GYS1;RPIA;TALDO1,0.6962875573537932
R-HSA-162588,Budding and maturation of HIV virion,12,-0.3501223648313023,-0.9073300366575212,0.5504495504495505,5,PDCD6IP;PPIA;CHMP3;CHMP2A;VPS4A,CHMP2A;CHMP3;CHMP4A;CHMP4B;CHMP5;PDCD6IP;PPIA;TSG101;VPS37B;VPS4A;VPS4B;VTA1,0.6962875573537932
R-HSA-442755,Activation of NMDA receptors and postsynaptic events,31,-0.26657273134563325,-0.8919693340445822,0.5514485514485514,13,RAC1;NEFL;APBA1;LIN7C;CAMK2G;GIT1;PRKAR1A;PPM1F;PRKACA;DLG1;ACTN2;MAPK3;PRKAR2A,ACTN2;APBA1;ARHGEF7;CAMK2D;CAMK2G;CASK;DLG1;GIT1;KPNA2;KRAS;LIN7C;MAPK1;MAPK3;NEFL;PPM1F;PRKAA1;PRKACA;PRKAG1;PRKAR1A;PRKAR2A;RAC1;RPS6KA3;SRC;TUBA1C;TUBA4A;TUBA4B;TUBB2A;TUBB3;TUBB4A;TUBB4B;TUBB6,0.6964261544906706
R-HSA-3214858,RMTs methylate histone arginines,16,0.3089976019889543,0.9844294463712198,0.5534465534465535,6,PRMT1;ACTL6A;RPS2;PRMT5;WDR5;RBBP7,ACTL6A;CARM1;H2AC21;H4C1;PBRM1;PRMT1;PRMT5;RBBP7;RPS2;SMARCA2;SMARCC1;SMARCC2;SMARCD2;SMARCE1;WDR5;WDR77,0.6978239152152196
R-HSA-140342,Apoptosis induced DNA fragmentation,12,-0.33622758592967966,-0.8952190891467319,0.5584415584415584,1,H1-0,CASP3;DFFA;H1-0;H1-1;H1-2;H1-3;H1-4;H1-5;HMGB1;HMGB2;KPNA1;KPNB1,0.7029899361089071
R-HSA-5689896,Ovarian tumor domain proteases,10,0.35817631670412825,0.9642221123610362,0.5634365634365635,3,VCPIP1;RIGI;TRIM25,IKBKG;MAVS;NOD1;OTUB1;RHOA;RIGI;TRIM25;VCP;VCPIP1;YOD1,0.7081393726658574
R-HSA-445144,Signal transduction by L1,16,0.31202873466358855,1.013672375362771,0.5664335664335665,5,ITGAV;CSNK2A2;ITGB1;EGFR;CSNK2B,CSNK2A2;CSNK2B;EGFR;ITGA2B;ITGA5;ITGAV;ITGB1;ITGB3;MAP2K1;MAP2K2;MAPK1;MAPK3;NRP1;PAK1;RAC1;VAV2,0.7107651963421195
R-HSA-381038,XBP1(S) activates chaperone genes,22,0.28623382296119504,0.9892702538609727,0.5694305694305695,7,SSR1;ATP6V0D1;DNAJB11;SRPRB;PDIA6;SRPRA;HYOU1,ACADVL;ADD1;ARFGAP1;ATP6V0D1;DCTN1;DNAJB11;DNAJC3;GFPT1;HDGF;HYOU1;LMNA;MYDGF;PDIA5;PDIA6;PREB;SEC31A;SRPRA;SRPRB;SSR1;TLN1;TPP1;WFS1,0.7133826173826174
R-HSA-2426168,Activation of gene expression by SREBF (SREBP),14,-0.31849850413471176,-0.872889854427349,0.5704295704295704,8,HMGCS1;IDI1;CYP51A1;MVK;MVD;GGPS1;PMVK;LSS,ACACA;CARM1;CYP51A1;DHCR7;FASN;FDPS;GGPS1;HMGCS1;IDI1;LSS;MVD;MVK;PMVK;TBL1XR1,0.7134925777098301
R-HSA-438064,Post NMDA receptor activation events,27,-0.26885708878820497,-0.8758654950602202,0.5764235764235764,8,CAMK2G;GIT1;PRKAR1A;PRKACA;DLG1;ACTN2;MAPK3;PRKAR2A,ACTN2;ARHGEF7;CAMK2D;CAMK2G;DLG1;GIT1;KPNA2;KRAS;MAPK1;MAPK3;NEFL;PRKAA1;PRKACA;PRKAG1;PRKAR1A;PRKAR2A;RAC1;RPS6KA3;SRC;TUBA1C;TUBA4A;TUBA4B;TUBB2A;TUBB3;TUBB4A;TUBB4B;TUBB6,0.7178580912758129
R-HSA-9639288,Amino acids regulate mTORC1,19,0.2959697720578152,1.0025220783632731,0.5774225774225774,9,ATP6V0D1;RHEB;TCIRG1;ATP6V1C1;SEH1L;SEC13;LAMTOR1;ATP6V1A;ATP6V1B2,ATP6V0D1;ATP6V1A;ATP6V1B2;ATP6V1C1;ATP6V1D;ATP6V1E1;ATP6V1F;ATP6V1G1;ATP6V1H;LAMTOR1;LAMTOR2;LAMTOR3;LAMTOR4;LAMTOR5;MTOR;RHEB;SEC13;SEH1L;TCIRG1,0.7178580912758129
R-HSA-9013106,RHOC GTPase cycle,32,0.25632725132430834,0.99617412298571,0.5774225774225774,32,TFRC;ARHGEF1;RHOC;ARHGAP1;LBR;LMAN1;AKAP13;TMPO;STOM;VAV2;DIAPH1;JUP;RHOA;STX5;TJP2;ARHGAP18;IQGAP1;ABCD3;C1QBP;SLK;FLOT2;PKN2;ROCK1;VAPB;FLOT1;MCAM;ARHGDIA;VAMP3;ROCK2;CAV1;ARHGEF10L;BCR,ABCD3;AKAP13;ARHGAP1;ARHGAP18;ARHGDIA;ARHGEF1;ARHGEF10L;BCR;C1QBP;CAV1;DIAPH1;FLOT1;FLOT2;IQGAP1;JUP;LBR;LMAN1;MCAM;PKN2;RHOA;RHOC;ROCK1;ROCK2;SLK;STOM;STX5;TFRC;TJP2;TMPO;VAMP3;VAPB;VAV2,0.7178580912758129
R-HSA-6802957,Oncogenic MAPK signaling,41,-0.24993676114368707,-0.8888391724981044,0.5784215784215784,9,CAMK2G;RAP1A;PPP1CB;ARRB1;VWF;ARAF;MAPK3;LMNA;PEBP1,ACTB;ACTG1;AGK;AP3B1;ARAF;ARRB1;ARRB2;ATG7;CAMK2D;CAMK2G;CSK;ESRP1;FAM114A2;FGA;FGB;FGG;FN1;FXR1;IQGAP1;ITGA2B;ITGB3;KRAS;LMNA;MAP2K1;MAP2K2;MAPK1;MAPK3;MPRIP;PAPSS1;PEBP1;PPP1CB;PPP1CC;QKI;RAP1A;SND1;SRC;TLN1;VCL;VWF;YWHAB;ZC3HAV1,0.7178580912758129
R-HSA-111885,Opioid Signalling,28,-0.270855831731976,-0.8742522190102132,0.5794205794205795,7,CAMK2G;GNAQ;PRKAR1A;GNG12;PRKACA;PRKAR2A;GNA11,CAMK2D;CAMK2G;GNA11;GNA15;GNAI1;GNAI2;GNAI3;GNAQ;GNB1;GNB2;GNG12;GNG2;GNG5;GRK2;ITPR2;ITPR3;KPNA2;MAPK1;PLCB3;PPP1CA;PPP2CB;PPP2R1A;PPP2R5D;PPP3CA;PRKACA;PRKAR1A;PRKAR2A;PRKCD,0.7178580912758129
R-HSA-6785807,Interleukin-4 and Interleukin-13 signaling,24,-0.27011063634596744,-0.875596681823677,0.5794205794205795,6,IGHG4;VIM;LBP;MAOA;COL1A2;LAMA5,ANXA1;CD36;COL1A2;F13A1;FN1;FSCN1;HSP90AA1;HSP90B1;HSPA8;ICAM1;IGHG4;IL18;ITGAM;ITGB1;ITGB2;LAMA5;LBP;LCN2;MAOA;MMP9;STAT1;STAT3;STAT6;VIM,0.7178580912758129
R-HSA-5693607,Processing of DNA double-strand break ends,12,0.33448742719978747,0.9598198934947645,0.5804195804195804,2,RFC4;PPP4C,H4C1;MRE11;PPP4C;RAD50;RFC4;RPA1;RPA2;RPA3;TP53BP1;UBE2I;UBE2N;UBE2V2,0.7179597653531303
R-HSA-5357801,Programmed Cell Death,121,0.21175033415298042,1.0880403949341801,0.5864135864135864,32,PAK2;NMT1;YWHAH;STAT3;PSMD2;BID;PSMB9;PSMB8;PSME2;PSMD11;PSMD13;PSME3;YWHAQ;CASP7;PSMB3;PSMA4;PSMB2;ELANE;BAX;PRKCD;SFN;ACIN1;PLEC;PSMD7;YWHAZ;H1-5;HSP90AA1;PSME1;PSMD12;KPNB1;PSMC2;CHMP4B,ACIN1;ADD1;APPL1;BAX;BCAP31;BID;C1QBP;CASP1;CASP3;CASP7;CD14;CDC37;CDH1;CHMP2A;CHMP3;CHMP4A;CHMP4B;CTNNB1;CYCS;DBNL;DFFA;DIABLO;DNM1L;DSG1;DSG2;DSG3;DSP;DYNLL2;ELANE;FLOT1;FLOT2;FNTA;GSDMD;GSN;H1-0;H1-1;H1-2;H1-3;H1-4;H1-5;HMGB1;HMGB2;HSP90AA1;IL18;ITCH;KPNA1;KPNB1;LMNA;LMNB1;MAPK1;MAPK3;NMT1;OGT;OPA1;PAK2;PDCD6IP;PKP1;PLEC;PRKCD;PSMA1;PSMA2;PSMA3;PSMA4;PSMA5;PSMA6;PSMA7;PSMB1;PSMB10;PSMB2;PSMB3;PSMB4;PSMB5;PSMB6;PSMB7;PSMB8;PSMB9;PSMC1;PSMC2;PSMC3;PSMC4;PSMC5;PSMC6;PSMD1;PSMD10;PSMD11;PSMD12;PSMD13;PSMD14;PSMD2;PSMD3;PSMD4;PSMD5;PSMD6;PSMD7;PSMD8;PSMD9;PSME1;PSME2;PSME3;PSMF1;PTK2;ROCK1;SDCBP;SFN;SPTAN1;STAT3;STK24;STK26;STUB1;TJP1;TJP2;TRADD;UACA;UBE2L3;VIM;YWHAB;YWHAE;YWHAG;YWHAH;YWHAQ;YWHAZ,0.7230895089162805
R-HSA-372790,Signaling by GPCR,70,-0.2288326110587574,-0.8784436466965713,0.5864135864135864,22,F2;ANXA1;LTB4R;GNB1;ROCK2;ARHGEF10L;CAMK2G;CD55;OBSCN;ARRB1;GNAQ;PRKAR1A;HEBP1;GNG12;C3;PRKACA;KNG1;AGT;MAPK3;PRKAR2A;GNA11;MGLL,ABHD12;AGT;AKAP13;ANXA1;APP;ARHGEF1;ARHGEF10L;ARHGEF2;ARHGEF7;ARRB1;ARRB2;C3;C5;CAMK2D;CAMK2G;CD55;CDC42;DGKA;EGFR;F2;FN1;GNA11;GNA13;GNA15;GNAI1;GNAI2;GNAI3;GNAQ;GNB1;GNB2;GNG12;GNG2;GNG5;GRB2;GRK2;HEBP1;ITGA5;ITGB1;ITPR2;ITPR3;KNG1;KPNA2;KRAS;LTB4R;MAPK1;MAPK3;MGLL;NLN;OBSCN;PAK1;PLCB3;PPBP;PPP1CA;PPP2CB;PPP2R1A;PPP2R5D;PPP3CA;PRKACA;PRKAR1A;PRKAR2A;PRKCD;PSAP;RGS10;RHOA;RHOC;ROCK1;ROCK2;RPS6KA3;SRC;VAV2,0.7230895089162805
R-HSA-3214815,HDACs deacetylate histones,10,0.3417360584686099,0.9485030524262504,0.5884115884115884,9,TBL1XR1;RBBP7;MTA2;HDAC1;KDM1A;RBBP4;H2AC21;CHD4;SAP18,CHD4;H2AC21;H4C1;HDAC1;KDM1A;MTA2;RBBP4;RBBP7;SAP18;TBL1XR1,0.7244123800727573
R-HSA-6781827,Transcription-Coupled Nucleotide Excision Repair (TC-NER),31,0.26166907590536137,1.0081594479165001,0.5904095904095904,5,PCNA;RFC4;PRPF19;POLR2B;POLR2H,COPS2;COPS3;COPS4;COPS5;COPS6;COPS7A;COPS8;CUL4A;CUL4B;DDB1;GPS1;HMGN1;LIG3;PCNA;POLR2A;POLR2B;POLR2C;POLR2E;POLR2H;POLR2I;PRPF19;RBX1;RFC1;RFC4;RPA1;RPA2;RPA3;TCEA1;USP7;XAB2;XRCC1,0.7257310977876127
R-HSA-392518,Signal amplification,14,-0.31189737892922653,-0.8631396876068027,0.6013986013986014,6,GNB2;GNG2;GNB1;GNAQ;GNG12;GNA11,GNA11;GNA13;GNA15;GNAI1;GNAI2;GNAI3;GNAQ;GNB1;GNB2;GNG12;GNG2;GNG5;MAPK14;SRC,0.7380801017164653
R-HSA-9824439,Bacterial Infection Pathways,37,0.2447588235153785,0.9879284515036617,0.6043956043956044,10,HSP90AB1;RAB7A;SFPQ;B2M;EEF2;VPS33B;HSP90AA1;KPNB1;RNF213;CORO1A,ATP6V1H;B2M;CD9;CDH1;CORO1A;CTNNB1;CTNND1;CTSG;EEF2;ENO1;EPS15;GRB2;HGS;HSP90AA1;HSP90AB1;KPNA1;KPNB1;LTF;MAP2K1;MAP2K2;MAP2K3;MAP2K4;MAPK1;MAPK3;MRC1;PDCD6IP;PGK1;RAB5A;RAB7A;RNF213;SFPQ;SH3GL1;SH3KBP1;SRC;STAM;TXNRD1;VPS33B,0.7405974307382758
R-HSA-388396,GPCR downstream signalling,68,-0.22173589443662148,-0.8718798469373094,0.6103896103896104,21,F2;ANXA1;LTB4R;GNB1;ROCK2;ARHGEF10L;CAMK2G;OBSCN;ARRB1;GNAQ;PRKAR1A;HEBP1;GNG12;C3;PRKACA;KNG1;AGT;MAPK3;PRKAR2A;GNA11;MGLL,ABHD12;AGT;AKAP13;ANXA1;APP;ARHGEF1;ARHGEF10L;ARHGEF2;ARHGEF7;ARRB1;ARRB2;C3;C5;CAMK2D;CAMK2G;CDC42;DGKA;EGFR;F2;FN1;GNA11;GNA13;GNA15;GNAI1;GNAI2;GNAI3;GNAQ;GNB1;GNB2;GNG12;GNG2;GNG5;GRB2;GRK2;HEBP1;ITGA5;ITGB1;ITPR2;ITPR3;KNG1;KPNA2;KRAS;LTB4R;MAPK1;MAPK3;MGLL;OBSCN;PAK1;PLCB3;PPBP;PPP1CA;PPP2CB;PPP2R1A;PPP2R5D;PPP3CA;PRKACA;PRKAR1A;PRKAR2A;PRKCD;PSAP;RGS10;RHOA;RHOC;ROCK1;ROCK2;RPS6KA3;SRC;VAV2,0.7467735389610389
R-HSA-6802952,Signaling by BRAF and RAF1 fusions,39,-0.241263238888837,-0.8559188012537331,0.6193806193806194,8,CAMK2G;RAP1A;ARRB1;VWF;ARAF;MAPK3;LMNA;PEBP1,ACTB;ACTG1;AGK;AP3B1;ARAF;ARRB1;ARRB2;ATG7;CAMK2D;CAMK2G;CSK;ESRP1;FAM114A2;FGA;FGB;FGG;FN1;FXR1;IQGAP1;ITGA2B;ITGB3;KRAS;LMNA;MAP2K1;MAP2K2;MAPK1;MAPK3;MPRIP;PAPSS1;PEBP1;QKI;RAP1A;SND1;SRC;TLN1;VCL;VWF;YWHAB;ZC3HAV1,0.7565913026131436
R-HSA-5625740,RHO GTPases activate PKNs,22,-0.2731251905086992,-0.8470081645576593,0.6213786213786214,2,MYH14;MYH11,H4C1;KDM1A;MYH10;MYH11;MYH14;MYH9;MYL6;MYL9;PAK1;PKN2;PPP1CB;PPP1R12A;RAC1;RHOA;RHOC;SFN;YWHAB;YWHAE;YWHAG;YWHAH;YWHAQ;YWHAZ,0.7578496270085057
R-HSA-111471,Apoptotic factor-mediated response,10,-0.3369557001758395,-0.8358338270209431,0.6223776223776224,2,UACA;MAPK3,BAX;C1QBP;CASP3;CASP7;CYCS;DIABLO;GSDMD;MAPK1;MAPK3;UACA,0.7578875246060316
R-HSA-373760,L1CAM interactions,59,0.2276589389873934,1.0075487603354791,0.6243756243756243,15,TUBB3;AP2A1;TUBA4B;TUBB6;MSN;ITGAV;CSNK2A2;CLTC;ITGA2;CLTA;ITGB1;EGFR;AP2B1;TUBA1C;CSNK2B,ACTB;ACTG1;ALCAM;ANK1;ANK3;AP2A1;AP2A2;AP2B1;AP2M1;AP2S1;CLTA;CLTC;CNTN1;CSNK2A2;CSNK2B;DLG1;DNM2;DPYSL2;EGFR;EZR;HSPA8;ITGA1;ITGA2;ITGA2B;ITGA5;ITGAV;ITGB1;ITGB3;LAMB1;LAMC1;LYPLA2;MAP2K1;MAP2K2;MAPK1;MAPK3;MSN;NRP1;NUMB;PAK1;RAC1;RDX;RPS6KA3;SDCBP;SHTN1;SPTA1;SPTAN1;SPTB;SPTBN1;SPTBN2;SRC;TUBA1C;TUBA4A;TUBA4B;TUBB2A;TUBB3;TUBB4A;TUBB4B;TUBB6;VAV2,0.7591399283945867
R-HSA-8951664,Neddylation,84,0.21386286286139305,1.0438696826719636,0.6253746253746254,36,PSMD2;PSMB9;CAND1;PSMB8;PSME2;PSMD11;PSMD13;PSME3;PSMB3;PSMA4;PSMB2;ELOC;PSMD7;PSME1;PSMD12;PSMC2;DPP3;PSMA6;PSMB10;PSMD6;PSMA3;NPLOC4;PSMC6;WDR5;RBBP7;PSMD1;CUL2;UBXN7;CUL1;PSMD14;SKP1;PSMA7;COMMD3;PSMB1;PSMC1;VCP,CAND1;CCDC22;COMMD10;COMMD2;COMMD3;COMMD9;COPS2;COPS3;COPS4;COPS5;COPS6;COPS7A;COPS8;CUL1;CUL2;CUL3;CUL4A;CUL4B;CUL5;DCAF7;DCUN1D1;DDB1;DPP3;ELOB;ELOC;FBXO7;GAN;GPS1;KEAP1;LMO7;NAE1;NEDD8;NPLOC4;PSMA1;PSMA2;PSMA3;PSMA4;PSMA5;PSMA6;PSMA7;PSMB1;PSMB10;PSMB2;PSMB3;PSMB4;PSMB5;PSMB6;PSMB7;PSMB8;PSMB9;PSMC1;PSMC2;PSMC3;PSMC4;PSMC5;PSMC6;PSMD1;PSMD10;PSMD11;PSMD12;PSMD13;PSMD14;PSMD2;PSMD3;PSMD4;PSMD5;PSMD6;PSMD7;PSMD8;PSMD9;PSME1;PSME2;PSME3;PSMF1;RBBP7;RBX1;SKP1;SQSTM1;UBA3;UBE2M;UBXN7;UCHL3;VCP;WDR5,0.7591757080129173
R-HSA-3214841,PKMTs methylate histone lysines,10,0.339861428522801,0.9412971701656956,0.6293706293706294,6,NFKB2;RELA;WDR5;RBBP7;DPY30;NFKB1,DPY30;H4C1;NFKB1;NFKB2;RBBP4;RBBP7;RELA;SETD3;SETD7;WDR5,0.7628439671783326
R-HSA-380320,Recruitment of NuMA to mitotic centrosomes,27,0.25876093569464115,0.9589492150550313,0.6303696303696303,4,TUBB3;TUBA4B;MAPRE1;TUBB6,ACTR1A;CKAP5;CLASP1;DCTN1;DCTN2;DCTN3;DYNC1H1;DYNC1I2;HSP90AA1;MAPRE1;NUMA1;PAFAH1B1;PCM1;PPP2R1A;PRKACA;TUBA1C;TUBA4A;TUBA4B;TUBB;TUBB2A;TUBB3;TUBB4A;TUBB4B;TUBB6;TUBGCP2;YWHAE;YWHAG,0.7628739112510364
R-HSA-5696395,Formation of Incision Complex in GG-NER,14,-0.3091334894613583,-0.8351821174038982,0.6333666333666333,14,UBE2I;PARP1;RPA3;RPA1;UBE2V2;RAD23B;CUL4B;RPA2;SUMO1;RBX1;UBE2N;DDB1;CUL4A;RAD23A,CUL4A;CUL4B;DDB1;PARP1;RAD23A;RAD23B;RBX1;RPA1;RPA2;RPA3;SUMO1;UBE2I;UBE2N;UBE2V2,0.7653180153180152
R-HSA-6811442,Intra-Golgi and retrograde Golgi-to-ER traffic,89,0.2147462804123509,1.0431531923153632,0.6363636363636364,46,TUBB3;TUBA4B;SURF4;GALNT2;TUBB6;M6PR;CAPZA1;YKT6;BICD2;KIF2A;GBF1;COPA;TUBA1C;COPB2;COPB1;COPG1;KIF5B;ARF4;SNAP29;RAB18;VPS45;MAN2A1;ARCN1;KLC1;IGF2R;TMED7;PAFAH1B1;STX16;GOSR1;GOLIM4;TMED10;TMED9;AGPAT3;DYNC1H1;CAPZB;TGOLN2;RAB6A;COPE;ARL1;VPS51;ARF5;COPG2;VPS53;COPZ1;TUBB4A;RAB3GAP1,ACTR10;ACTR1A;AGPAT3;ARCN1;ARF4;ARF5;ARFGAP1;ARFGAP2;ARFIP2;ARL1;BICD2;CAPZA1;CAPZA2;CAPZB;COG2;COG3;COPA;COPB1;COPB2;COPE;COPG1;COPG2;COPZ1;DCTN1;DCTN2;DCTN3;DCTN4;DCTN5;DYNC1H1;DYNC1I2;DYNC1LI1;DYNC1LI2;DYNLL2;GALNT2;GBF1;GOLGA4;GOLIM4;GOSR1;IGF2R;KIF13B;KIF2A;KIF5B;KLC1;KLC4;M6PR;MAN2A1;NAPA;NAPG;NBAS;NSF;PAFAH1B1;PAFAH1B2;PAFAH1B3;PLIN3;RAB18;RAB1A;RAB1B;RAB3GAP1;RAB3GAP2;RAB6A;SEC22B;SNAP29;STX16;STX18;STX5;SURF4;TGOLN2;TMED10;TMED2;TMED3;TMED7;TMED9;TRIP11;TUBA1C;TUBA4A;TUBA4B;TUBB2A;TUBB3;TUBB4A;TUBB4B;TUBB6;USE1;VAMP3;VPS45;VPS51;VPS52;VPS53;YKT6;ZW10,0.7677545874772377
R-HSA-9772572,Early SARS-CoV-2 Infection Events,13,0.3020964092677297,0.9351489021516772,0.6423576423576424,2,DDX5;PIK3R4,AGRN;CHMP2A;CHMP3;CHMP4A;CHMP4B;DDX5;GPC1;HSPG2;NRP1;PIK3C3;PIK3R4;SDC1;VCP,0.772620018018791
R-HSA-1500931,Cell-Cell communication,55,0.23047809366294697,1.003101088143505,0.6433566433566433,13,LAMB3;LAMC2;ITGA6;ITGB4;ACTN1;ILF3;LAMA3;KRT14;COL17A1;FLNA;ITGB1;PLEC;DST,ACTB;ACTG1;ACTN1;ACTN2;ACTN3;ACTN4;AFDN;AGO2;ANG;CASK;CD2AP;CD47;CDH1;CDH13;COL17A1;CTNNA1;CTNNB1;CTNND1;DST;F11R;FERMT2;FLNA;FLNC;GRB2;ILF3;ILK;IQGAP1;ITGA6;ITGB1;ITGB4;JUP;KRT14;KRT5;LAMA3;LAMB3;LAMC2;LIMS1;MOV10;NCK1;NCK2;NECTIN1;NECTIN2;PARVA;PARVB;PLEC;PTK2;PTPN11;PTPN6;PXN;RSU1;SPTAN1;SPTBN1;SRC;VASP;WASL,0.772620018018791
R-HSA-6811436,COPI-independent Golgi-to-ER retrograde traffic,33,0.2422481613554166,0.9792093121873408,0.6433566433566433,5,TUBB3;TUBA4B;GALNT2;TUBB6;CAPZA1,ACTR10;ACTR1A;AGPAT3;BICD2;CAPZA1;CAPZA2;CAPZB;DCTN1;DCTN2;DCTN3;DCTN4;DCTN5;DYNC1H1;DYNC1I2;DYNC1LI1;DYNC1LI2;DYNLL2;GALNT2;PAFAH1B1;PAFAH1B2;PAFAH1B3;RAB18;RAB3GAP1;RAB3GAP2;RAB6A;TUBA1C;TUBA4A;TUBA4B;TUBB2A;TUBB3;TUBB4A;TUBB4B;TUBB6,0.772620018018791
R-HSA-163841,"Gamma carboxylation, hypusinylation, hydroxylation, and arylsulfatase activation",21,0.2657882500763685,0.949567975137051,0.6453546453546454,7,U2AF2;RPL27A;RPS6;EEF2;ETF1;DRG1;RPS23,ARSA;ASPH;DRG1;DRG2;EEF2;EIF5A;ETF1;F10;F2;F9;FN3KRP;ICMT;JMJD7;PROS1;RPL27A;RPL8;RPS23;RPS6;SUMF2;U2AF2;ZC3H15,0.7738325992537325
R-HSA-432722,Golgi Associated Vesicle Biogenesis,34,0.23934326059715716,0.9755886712042785,0.6503496503496503,7,TFRC;AP3B1;CLTC;PICALM;AP1M1;CLTA;AP1G1,ACBD3;AP1B1;AP1G1;AP1M1;AP1M2;AP1S1;AP3B1;AP3S1;ARRB1;BLOC1S1;CLINT1;CLTA;CLTC;DNM2;FTH1;FTL;GAK;GOLGB1;HSPA8;IGF2R;NAPA;PICALM;RAB5C;SNAPIN;SNX2;SNX5;SNX9;TFRC;TGOLN2;TPD52;TPD52L1;TXNDC5;VAMP8;YIPF6,0.7786296272534804
R-HSA-446193,"Biosynthesis of the N-glycan precursor (dolichol lipid-linked oligosaccharide, LLO) and transfer to a nascent protein",19,0.2712310734647729,0.910111834562646,0.6553446553446554,6,MPDU1;GLB1;CTSA;DPM1;DPM3;ALG5,ALG5;CMAS;CTSA;DPM1;DPM3;GFPT1;GFUS;GLB1;GMDS;GMPPA;GMPPB;MPDU1;MPI;MVD;NAGK;NANS;PGM3;PMM2;UAP1,0.783410187373602
R-HSA-177929,Signaling by EGFR,16,0.2914469830111305,0.921213709842808,0.6563436563436563,16,CDC42;EGFR;PXN;SRC;ADAM10;CSK;KRAS;EPS15;ARHGEF7;PTPN11;SH3KBP1;GRB2;SH3GL1;STAM;HGS;EPS15L1,ADAM10;ARHGEF7;CDC42;CSK;EGFR;EPS15;EPS15L1;GRB2;HGS;KRAS;PTPN11;PXN;SH3GL1;SH3KBP1;SRC;STAM,0.783410187373602
R-HSA-8956319,Nucleotide catabolism,15,-0.29601760858214843,-0.839543070335474,0.6613386613386614,2,DNPH1;NT5C,DNPH1;DPYD;ENTPD1;ENTPD8;ITPA;NT5C;NT5C2;NT5C3A;NT5E;NUDT16;NUDT5;PNP;SAMHD1;TYMP;XDH,0.7881707333762129
R-HSA-8964043,Plasma lipoprotein clearance,14,0.3007382735388877,0.9187336934878026,0.6633366633366633,5,AP2A1;CLTC;HDLBP;CLTA;AP2B1,AP2A1;AP2A2;AP2B1;AP2M1;AP2S1;APOA1;APOB;APOC1;APOE;CLTA;CLTC;HDLBP;NCEH1;NPC2,0.7893504671620173
R-HSA-9013026,RHOB GTPase cycle,23,0.25919794758113585,0.9167652737455617,0.6863136863136863,2,TFRC;ARHGEF1,AKAP13;ARHGAP1;ARHGEF1;ARHGEF10L;ARHGEF2;BCR;CAV1;DIAPH1;FLOT1;FLOT2;JUP;MCAM;PKN2;ROCK1;ROCK2;SLK;SNAP23;SOWAHC;STOM;TFRC;TJP2;VAMP3;VAV2,0.8153525748079454
R-HSA-68875,Mitotic Prophase,47,0.22563889843867924,0.9686964664071324,0.6873126873126874,19,NUP155;SET;NUP188;NUP93;NUP160;NUP35;NUP153;NUP133;NUP88;NUP62;SEH1L;NUP214;NUP54;SEC13;NUP50;SMC2;LMNB1;TPR;RANBP2,AAAS;ARPP19;BANF1;EMD;ENSA;GOLGA2;GORASP2;H4C1;LEMD2;LMNA;LMNB1;MAPK1;MAPK3;NEK9;NUMA1;NUP107;NUP133;NUP153;NUP155;NUP160;NUP188;NUP205;NUP210;NUP214;NUP35;NUP43;NUP50;NUP54;NUP62;NUP85;NUP88;NUP93;NUP98;PPP2CB;PPP2R1A;RAB1A;RAB1B;RAB2A;RAE1;RANBP2;SEC13;SEH1L;SET;SMC2;TMPO;TPR;USO1,0.8153525748079454
R-HSA-9725371,Nuclear events stimulated by ALK signaling in cancer,14,0.29038055373471955,0.8886472903313873,0.6883116883116883,6,STAT3;CLTC;RPS6;NPM1;KIF5B;EML4,CLTC;CUL1;EML4;FN1;KIF5B;MAPK1;MAPK3;MECP2;NPM1;RBX1;RPS6;SKP1;STAT3;STAT5A,0.8153525748079454
R-HSA-9013148,CDC42 GTPase cycle,37,0.23056963888526427,0.9469334882805684,0.6933066933066933,8,TFRC;PAK2;RAB7A;KTN1;CDC42;YKT6;ARAP1;ARHGAP1,ARAP1;ARFGAP2;ARHGAP1;ARHGAP17;ARHGDIA;ARHGDIB;ARHGEF7;BAIAP2;BCR;CAV1;CDC42;CDC42BPB;DOCK9;FMNL1;GIT1;GNA13;IQGAP1;IQGAP2;JUP;KTN1;LAMTOR1;LBR;PAK1;PAK2;PLD1;RAB7A;SCRIB;SNAP23;STOM;TFRC;TMPO;VAMP3;VAV2;WAS;WASL;WDR91;YKT6,0.8200289136845027
R-HSA-450294,MAP kinase activation,18,-0.2705158264947245,-0.7824954122396827,0.7022977022977023,18,MAPK14;CUL1;NFKB1;SKP1;MAP2K3;MAP2K4;MAP2K1;UBE2V1;PPP2R5D;PPP2R1A;MAPK1;RPS6KA3;IKBKG;PPP2CB;UBE2N;DUSP3;NOD1;MAPK3,CUL1;DUSP3;IKBKG;MAP2K1;MAP2K3;MAP2K4;MAPK1;MAPK14;MAPK3;NFKB1;NOD1;PPP2CB;PPP2R1A;PPP2R5D;RPS6KA3;SKP1;UBE2N;UBE2V1,0.8294104085959288
R-HSA-4086398,Ca2+ pathway,14,-0.28570323446109724,-0.7854236206904985,0.7052947052947053,7,ITPR2;GNAO1;CTNNB1;GNB2;GNG2;GNB1;GNG12,AGO2;CTNNB1;GNAO1;GNB1;GNB2;GNG12;GNG2;GNG5;ITPR2;ITPR3;KRAS;MOV10;PLCB3;PPP3CA,0.8316954130207143
R-HSA-5218920,VEGFR2 mediated vascular permeability,11,0.3080754062407704,0.8745185597001741,0.7082917082917083,1,PAK2,CAV1;CTNNA1;CTNNB1;CTNND1;HSP90AA1;JUP;MTOR;PAK1;PAK2;RAC1;VAV2,0.8339735452517406
R-HSA-448424,Interleukin-17 signaling,18,-0.2705158264947245,-0.791571885942869,0.7102897102897103,18,MAPK14;CUL1;NFKB1;SKP1;MAP2K3;MAP2K4;MAP2K1;UBE2V1;PPP2R5D;PPP2R1A;MAPK1;RPS6KA3;IKBKG;PPP2CB;UBE2N;DUSP3;NOD1;MAPK3,CUL1;DUSP3;IKBKG;MAP2K1;MAP2K3;MAP2K4;MAPK1;MAPK14;MAPK3;NFKB1;NOD1;PPP2CB;PPP2R1A;PPP2R5D;RPS6KA3;SKP1;UBE2N;UBE2V1,0.835070335070335
R-HSA-5339562,Uptake and actions of bacterial toxins,10,0.3066630584979395,0.8491240325458349,0.7132867132867133,3,HSP90AB1;EEF2;HSP90AA1,CD9;EEF2;HSP90AA1;HSP90AB1;MAP2K1;MAP2K2;MAP2K3;MAP2K4;PDCD6IP;TXNRD1,0.8373365764670113
R-HSA-5620971,Pyroptosis,12,0.29081334113516666,0.8655052979075286,0.7162837162837162,12,ELANE;BAX;CHMP4B;GSDMD;IL18;CASP3;CHMP4A;CASP1;HMGB1;CYCS;CHMP3;CHMP2A,BAX;CASP1;CASP3;CHMP2A;CHMP3;CHMP4A;CHMP4B;CYCS;ELANE;GSDMD;HMGB1;IL18,0.8395960327098051
R-HSA-166520,Signaling by NTRKs,36,0.22822944464520428,0.9298988502934178,0.7192807192807192,8,AP2A1;STAT3;CLTC;CLTA;BAX;NELFB;RALB;AP2B1,AP2A1;AP2A2;AP2B1;AP2M1;AP2S1;BAX;CHD4;CLTA;CLTC;CRK;CRKL;DNM2;DUSP3;GRB2;KRAS;MAP2K1;MAP2K2;MAPK1;MAPK13;MAPK14;MAPK3;NELFB;PPP2CB;PPP2R1A;PPP2R5D;PTPN11;RAC1;RALA;RALB;RAP1A;RHOA;RPS6KA3;SRC;STAT3;TF;YWHAB,0.8405052473606871
R-HSA-445989,TAK1-dependent IKK and NF-kappa-B activation,13,0.2894982478701702,0.8835388904832396,0.7192807192807192,5,NFKB2;S100A12;APP;IKBIP;RELA,APP;HMGB1;IKBIP;IKBKG;NFKB1;NFKB2;NLRX1;NOD1;RELA;S100A12;UBE2N;UBE2V1;USP14,0.8405052473606871
R-HSA-9035034,RHOF GTPase cycle,20,-0.26437792474104915,-0.7937504287697927,0.7202797202797203,2,AKAP12;ADD3,ACTB;ACTN1;ADD3;AKAP12;ARHGAP1;BAIAP2L1;BASP1;CAPZB;CAV1;DIAPH1;DIAPH2;ESYT1;LMNB1;MCAM;RAB7A;SNAP23;SOWAHC;TMPO;TOR1AIP1;VAMP3,0.8405052473606871
R-HSA-354192,Integrin signaling,16,0.2707321355528263,0.8842149992304873,0.7242757242757243,1,PTPN1,CRK;CSK;FGA;FGB;FGG;FN1;GRB2;ITGA2B;ITGB3;PTK2;PTPN1;RAP1A;SRC;SYK;TLN1;VWF,0.8438188854236403
R-HSA-8856825,Cargo recognition for clathrin-mediated endocytosis,43,0.2213303488007923,0.9246152094686593,0.7252747252747253,10,TFRC;AP2A1;M6PR;UBQLN1;CLTC;PICALM;CLTA;EGFR;AP2B1;GRK2,AGFG1;AP2A1;AP2A2;AP2B1;AP2M1;AP2S1;APOB;ARRB1;ARRB2;CLTA;CLTB;CLTC;COPS2;COPS3;COPS4;COPS5;COPS6;COPS7A;COPS8;EGFR;EPS15;EPS15L1;FCHO2;GPS1;GRB2;GRK2;HGS;IGF2R;M6PR;NECAP2;NEDD8;PICALM;SCARB2;SH3GL1;SH3KBP1;STAM;TF;TFRC;TGOLN2;UBQLN1;UBQLN2;VAMP3;VAMP8,0.8438188854236403
R-HSA-5213460,RIPK1-mediated regulated necrosis,11,-0.29759719656241806,-0.759577171379291,0.7272727272727273,5,FLOT2;FLOT1;PDCD6IP;TRADD;STUB1,CDC37;FLOT1;FLOT2;HSP90AA1;ITCH;OGT;PDCD6IP;SDCBP;STUB1;TRADD;UBE2L3,0.8448880496358242
R-HSA-429958,mRNA decay by 3' to 5' exoribonuclease,10,0.30247166578322426,0.8370459663116528,0.7322677322677322,5,DIS3;EXOSC6;EXOSC4;EXOSC7;EXOSC3,DCPS;DIS3;EXOSC3;EXOSC4;EXOSC6;EXOSC7;HBS1L;SKIC2;SKIC3;SKIC8,0.8481740153337787
R-HSA-5675482,Regulation of necroptotic cell death,11,-0.29759719656241806,-0.7577090358969921,0.7322677322677322,5,FLOT2;FLOT1;PDCD6IP;TRADD;STUB1,CDC37;FLOT1;FLOT2;HSP90AA1;ITCH;OGT;PDCD6IP;SDCBP;STUB1;TRADD;UBE2L3,0.8481740153337787
R-HSA-199418,Negative regulation of the PI3K/AKT network,17,-0.2642001960529852,-0.7573068651606034,0.7452547452547452,2,MAPK3;PPP2R5A,EGFR;GRB2;MAPK1;MAPK3;PIP4K2A;PIP4K2C;PPP2CB;PPP2R1A;PPP2R5A;PPP2R5D;PPP2R5E;PTPN11;RAC1;RAC2;RHOG;SRC;STRN,0.8619416034482504
R-HSA-204998,"Cell death signalling via NRAGE, NRIF and NADE",13,0.2784191812010286,0.8325870140828705,0.7502497502497503,2,ARHGEF1;NCSTN,AKAP13;ARHGEF1;ARHGEF10L;ARHGEF2;ARHGEF7;CASP3;GNA13;NCSTN;OBSCN;RAC1;SQSTM1;VAV2;YWHAE,0.866191161779397
R-HSA-9006934,Signaling by Receptor Tyrosine Kinases,174,0.18656828659395447,1.029674383378713,0.7512487512487512,39,LAMB3;STAT1;PTPN1;LAMC2;PAK2;AP2A1;ITGA3;GTF2F1;PIK3R4;STAT3;PTBP1;POLR2B;HNRNPF;ITGAV;LAMA3;ATP6V0D1;GTF2F2;CYBB;POLR2H;NCSTN;STMN1;CYBA;CLTC;CDC42;ITGA2;CLTA;ITGB1;BAX;PRKCD;EGFR;NCF2;NELFB;SPARC;POLR2A;RALB;HNRNPM;AP2B1;HNRNPH1;POLR2E,ABI1;ACTB;ACTG1;ADAM10;AP2A1;AP2A2;AP2B1;AP2M1;AP2S1;APOE;ARF6;ARHGEF7;ATP6V0A1;ATP6V0D1;ATP6V1A;ATP6V1B2;ATP6V1C1;ATP6V1D;ATP6V1E1;ATP6V1F;ATP6V1G1;ATP6V1H;BAIAP2;BAX;BRK1;CAV1;CDC37;CDC42;CHD4;CILP;CLTA;CLTC;CMA1;COL1A1;COL1A2;COL2A1;COL3A1;COL4A1;COL4A2;COL4A3;COL5A1;COL5A2;COL5A3;COL6A1;COL6A2;COL6A3;COL6A6;CRK;CRKL;CSK;CTNNA1;CTNNB1;CTNND1;CTSD;CUL5;CYBA;CYBB;CYFIP1;DIAPH1;DNM2;DUSP3;EGFR;ELMO1;EPS15;EPS15L1;ESRP1;ESRP2;FGFBP1;FN1;GIPC1;GRB2;GTF2F1;GTF2F2;HDAC1;HGS;HNRNPA1;HNRNPF;HNRNPH1;HNRNPM;HSP90AA1;HSPB1;IDE;ITCH;ITGA2;ITGA3;ITGAV;ITGB1;ITGB3;ITPR2;ITPR3;JUP;KRAS;LAMA2;LAMA3;LAMA4;LAMA5;LAMB1;LAMB2;LAMB3;LAMC1;LAMC2;MAP2K1;MAP2K2;MAPK1;MAPK13;MAPK14;MAPK3;MEMO1;MMP9;MTOR;NCF2;NCF4;NCK1;NCK2;NCKAP1;NCSTN;NELFB;NRP1;PAK1;PAK2;PIK3C3;PIK3R4;PLG;POLR2A;POLR2B;POLR2C;POLR2E;POLR2H;POLR2I;PPP2CB;PPP2R1A;PPP2R5D;PRKACA;PRKCD;PTBP1;PTK2;PTK6;PTPN1;PTPN11;PTPN6;PTPRF;PXN;RAC1;RALA;RALB;RAP1A;RHOA;ROCK1;ROCK2;RPS6KA3;SH3GL1;SH3KBP1;SPARC;SPINT1;SPINT2;SRC;STAM;STAT1;STAT3;STAT5A;STAT6;STMN1;STUB1;TCIRG1;TF;THBS1;THBS4;TIA1;TIAL1;USP8;VAV2;WASF2;YAP1;YWHAB,0.866191161779397
R-HSA-6811558,"PI5P, PP2A and IER3 Regulate PI3K/AKT Signaling",17,-0.2642001960529852,-0.7583861320653117,0.7522477522477522,2,MAPK3;PPP2R5A,EGFR;GRB2;MAPK1;MAPK3;PIP4K2A;PIP4K2C;PPP2CB;PPP2R1A;PPP2R5A;PPP2R5D;PPP2R5E;PTPN11;RAC1;RAC2;RHOG;SRC;STRN,0.866191161779397
R-HSA-8936459,RUNX1 regulates genes involved in megakaryocyte differentiation and platelet function,10,0.299821951862401,0.8239524389687242,0.7552447552447552,7,PRMT1;CBFB;WDR5;DPY30;HDAC1;MOV10;THBS1,CBFB;DPY30;H4C1;HDAC1;ITGA2B;MOV10;MYL9;PRMT1;THBS1;WDR5,0.8683651150611502
R-HSA-2871837,FCERI mediated NF-kB activation,59,-0.2109696712296541,-0.7946888604722051,0.7572427572427572,10,IGKV1-5;IGLV3-19;IGHV3-7;IGLV1-40;IGLV8-61;IGKV4-1;IGLV1-47;IGKV3-20;IGKV3D-20;IGKC,CUL1;IGHV3-7;IGKC;IGKV1-5;IGKV3-20;IGKV3D-20;IGKV4-1;IGLV1-40;IGLV1-47;IGLV1-51;IGLV3-19;IGLV8-61;IKBKG;NFKB1;PSMA1;PSMA2;PSMA3;PSMA4;PSMA5;PSMA6;PSMA7;PSMB1;PSMB10;PSMB2;PSMB3;PSMB4;PSMB5;PSMB6;PSMB7;PSMB8;PSMB9;PSMC1;PSMC2;PSMC3;PSMC4;PSMC5;PSMC6;PSMD1;PSMD10;PSMD11;PSMD12;PSMD13;PSMD14;PSMD2;PSMD3;PSMD4;PSMD5;PSMD6;PSMD7;PSMD8;PSMD9;PSME1;PSME2;PSME3;PSMF1;RELA;SKP1;UBE2N;UBE2V1,0.8691308691308691
R-HSA-264876,Insulin processing,10,-0.2978698910799954,-0.7430896607531143,0.7592407592407593,6,EXOC7;EXOC3;RAB27A;EXOC8;EXOC4;EXOC1,EXOC1;EXOC2;EXOC3;EXOC4;EXOC5;EXOC7;EXOC8;KIF5B;P4HB;RAB27A,0.8691308691308691
R-HSA-1483206,Glycerophospholipid biosynthesis,31,-0.23344387057648872,-0.7868126448665094,0.7592407592407593,7,GPD2;PLD1;SLC44A2;HADHA;HADHB;GPD1L;MGLL,AGK;AGPAT3;CDIPT;CDS2;CEPT1;CPNE1;CPNE3;CSNK2A2;CSNK2B;DGAT1;GPD1L;GPD2;HADHA;HADHB;LPCAT2;LPCAT3;LPGAT1;MBOAT7;MGLL;OSBPL8;PCYT1A;PITPNB;PLBD1;PLD1;PLD3;PTDSS1;PTPMT1;SELENOI;SLC44A1;SLC44A2;STARD10,0.8691308691308691
R-HSA-879415,Advanced glycosylation endproduct receptor signaling,10,0.2971639295573475,0.8255489719078664,0.7612387612387612,5,CAPZA1;PRKCSH;S100A12;APP;DDOST,APP;CAPZA1;CAPZA2;DDOST;HMGB1;LGALS3;MAPK1;MAPK3;PRKCSH;S100A12,0.8701459124816788
R-HSA-9711123,Cellular response to chemical stress,120,-0.18902886527229978,-0.8072831070079175,0.7712287712287712,24,BLVRA;COX6B1;PRDX5;PRDX3;PSMB6;PRDX2;BLVRB;PRDX1;ME1;PGD;NDUFA4;COX6C;MT-CO2;SOD1;COX4I1;MT-CO3;COX5A;IDH1;COX5B;ALB;PRDX6;GSR;GPX3;SOD3,ABCC1;ABCF2;ALB;BLVRA;BLVRB;CARM1;CAT;CCS;COX20;COX4I1;COX5A;COX5B;COX6B1;COX6C;COX7A2L;COX7C;CSNK2A2;CSNK2B;CUL1;CUL3;CYBA;CYBB;CYCS;DPP3;ERO1A;G6PD;GCLC;GCLM;GPX1;GPX3;GPX7;GSK3B;GSR;GSTP1;HBA1;HBB;HM13;HMOX2;IDH1;KEAP1;LRPPRC;ME1;MT-CO2;MT-CO3;NCF2;NCF4;NDUFA4;NFKB1;NPLOC4;NQO1;NUDT2;P4HB;PGD;PRDX1;PRDX2;PRDX3;PRDX5;PRDX6;PRKCD;PSMA1;PSMA2;PSMA3;PSMA4;PSMA5;PSMA6;PSMA7;PSMB1;PSMB10;PSMB2;PSMB3;PSMB4;PSMB5;PSMB6;PSMB7;PSMB8;PSMB9;PSMC1;PSMC2;PSMC3;PSMC4;PSMC5;PSMC6;PSMD1;PSMD10;PSMD11;PSMD12;PSMD13;PSMD14;PSMD2;PSMD3;PSMD4;PSMD5;PSMD6;PSMD7;PSMD8;PSMD9;PSME1;PSME2;PSME3;PSMF1;PTK6;RBX1;RELA;SCO1;SKP1;SOD1;SOD2;SOD3;SQSTM1;STAT3;TACO1;TALDO1;TBL1XR1;TKT;TRIM21;TXN;TXN2;TXNRD1;UBXN7;VCP,0.880280069784443
R-HSA-8856828,Clathrin-mediated endocytosis,69,0.20123170219011288,0.9198143778204725,0.7742257742257742,16,TFRC;AP2A1;M6PR;UBQLN1;ACTR3;ARPC2;CLTC;ARPC3;PICALM;CLTA;CTTN;EGFR;ARPC5;AP2B1;ACTR2;GRK2,ACTB;ACTG1;ACTR2;ACTR3;AGFG1;AP2A1;AP2A2;AP2B1;AP2M1;AP2S1;APOB;ARF6;ARFGAP1;ARPC1A;ARPC2;ARPC3;ARPC4;ARPC5;ARRB1;ARRB2;BIN1;CLTA;CLTB;CLTC;COPS2;COPS3;COPS4;COPS5;COPS6;COPS7A;COPS8;CTTN;DNM2;EGFR;EPS15;EPS15L1;FCHO2;GAK;GAPVD1;GPS1;GRB2;GRK2;HGS;HSPA8;IGF2R;M6PR;NECAP2;NEDD8;PACSIN2;PACSIN3;PICALM;RAB5A;RAB5B;RAB5C;SCARB2;SH3GL1;SH3KBP1;SNX18;SNX9;STAM;TF;TFRC;TGOLN2;TRIP10;UBQLN1;UBQLN2;VAMP3;VAMP8;WASL,0.880845241714807
R-HSA-73854,RNA Polymerase I Promoter Clearance,12,0.2778408405327649,0.8190381974749787,0.7742257742257742,6,POLR2H;CBX3;POLR2E;RBBP7;MTA2;HDAC1,CBX3;CHD4;H4C1;HDAC1;MAPK3;MBD2;MTA2;POLR2E;POLR2H;RBBP4;RBBP7;UBTF,0.880845241714807
R-HSA-182971,EGFR downregulation,10,0.2909356725146197,0.8081495354868535,0.7762237762237763,10,CDC42;EGFR;EPS15;ARHGEF7;SH3KBP1;GRB2;SH3GL1;STAM;HGS;EPS15L1,ARHGEF7;CDC42;EGFR;EPS15;EPS15L1;GRB2;HGS;SH3GL1;SH3KBP1;STAM,0.880845241714807
R-HSA-399719,Trafficking of AMPA receptors,11,-0.28376827778588554,-0.735290803050979,0.7762237762237763,2,DLG1;EPB41L1,AP2A1;AP2A2;AP2B1;AP2M1;AP2S1;CAMK2D;CAMK2G;DLG1;EPB41L1;MYO6;NSF,0.880845241714807
R-HSA-8856688,Golgi-to-ER retrograde transport,67,0.20051444321396888,0.9211514981555708,0.7822177822177823,21,TUBB3;TUBA4B;SURF4;GALNT2;TUBB6;CAPZA1;BICD2;KIF2A;GBF1;COPA;TUBA1C;COPB2;COPB1;COPG1;KIF5B;ARF4;RAB18;ARCN1;KLC1;TMED7;PAFAH1B1,ACTR10;ACTR1A;AGPAT3;ARCN1;ARF4;ARF5;ARFGAP1;ARFGAP2;BICD2;CAPZA1;CAPZA2;CAPZB;COPA;COPB1;COPB2;COPE;COPG1;COPG2;COPZ1;DCTN1;DCTN2;DCTN3;DCTN4;DCTN5;DYNC1H1;DYNC1I2;DYNC1LI1;DYNC1LI2;DYNLL2;GALNT2;GBF1;KIF13B;KIF2A;KIF5B;KLC1;KLC4;NAPA;NAPG;NBAS;NSF;PAFAH1B1;PAFAH1B2;PAFAH1B3;RAB18;RAB1A;RAB1B;RAB3GAP1;RAB3GAP2;RAB6A;SEC22B;STX18;SURF4;TMED10;TMED2;TMED3;TMED7;TMED9;TUBA1C;TUBA4A;TUBA4B;TUBB2A;TUBB3;TUBB4A;TUBB4B;TUBB6;USE1;ZW10,0.8863625520644335
R-HSA-2173789,TGF-beta receptor signaling activates SMADs,19,0.24920007893310506,0.8532660344655464,0.7842157842157842,3,STRAP;PPP1CA;ITGAV,FBN1;FKBP1A;ITGAV;ITGB1;ITGB3;ITGB5;LTBP1;LTBP2;NEDD8;PPP1CA;PPP1CB;PPP1CC;SMAD2;STRAP;STUB1;UBE2M;UCHL5;USP15;XPO1,0.8873424263597673
R-HSA-2454202,Fc epsilon receptor (FCERI) signaling,73,-0.19517452094470983,-0.7801199896007361,0.7902097902097902,11,IGKV1-5;IGLV3-19;IGHV3-7;IGLV1-40;IGLV8-61;IGKV4-1;IGLV1-47;MAPK3;IGKV3-20;IGKV3D-20;IGKC,CUL1;GRB2;IGHV3-7;IGKC;IGKV1-5;IGKV3-20;IGKV3D-20;IGKV4-1;IGLV1-40;IGLV1-47;IGLV1-51;IGLV3-19;IGLV8-61;IKBKG;ITPR2;ITPR3;KRAS;MAP2K4;MAPK1;MAPK3;NFKB1;PAK1;PAK2;PLCG2;PPP3CA;PSMA1;PSMA2;PSMA3;PSMA4;PSMA5;PSMA6;PSMA7;PSMB1;PSMB10;PSMB2;PSMB3;PSMB4;PSMB5;PSMB6;PSMB7;PSMB8;PSMB9;PSMC1;PSMC2;PSMC3;PSMC4;PSMC5;PSMC6;PSMD1;PSMD10;PSMD11;PSMD12;PSMD13;PSMD14;PSMD2;PSMD3;PSMD4;PSMD5;PSMD6;PSMD7;PSMD8;PSMD9;PSME1;PSME2;PSME3;PSMF1;RAC1;RELA;SKP1;SYK;UBE2N;UBE2V1;VAV2,0.8928344382889837
R-HSA-399721,"Glutamate binding, activation of AMPA receptors and synaptic plasticity",11,-0.28376827778588554,-0.7202304427099301,0.7922077922077922,2,DLG1;EPB41L1,AP2A1;AP2A2;AP2B1;AP2M1;AP2S1;CAMK2D;CAMK2G;DLG1;EPB41L1;MYO6;NSF,0.8938021632546128
R-HSA-73864,RNA Polymerase I Transcription,12,0.2778408405327649,0.803675614355001,0.8001998001998002,6,POLR2H;CBX3;POLR2E;RBBP7;MTA2;HDAC1,CBX3;CHD4;H4C1;HDAC1;MAPK3;MBD2;MTA2;POLR2E;POLR2H;RBBP4;RBBP7;UBTF,0.9013486513486513
R-HSA-380284,Loss of proteins required for interphase microtubule organization from the centrosome,20,-0.2380763929489768,-0.7249197808576856,0.8011988011988012,6,YWHAE;ACTR1A;DCTN1;PRKACA;DCTN2;DCTN3,ACTR1A;CKAP5;CLASP1;DCTN1;DCTN2;DCTN3;DYNC1H1;DYNC1I2;HSP90AA1;MAPRE1;PAFAH1B1;PCM1;PPP2R1A;PRKACA;TUBA4A;TUBB;TUBB4A;TUBB4B;YWHAE;YWHAG,0.9013486513486513
R-HSA-418990,Adherens junctions interactions,15,-0.2573616828644422,-0.7057691598952158,0.8041958041958042,3,CDH1;CDH13;ANG,ACTB;ACTG1;AFDN;AGO2;ANG;CDH1;CDH13;CTNNA1;CTNNB1;CTNND1;ILF3;JUP;MOV10;NECTIN1;NECTIN2,0.9034222592328761
R-HSA-354194,GRB2:SOS provides linkage to MAPK signaling for Integrins,12,-0.26811854472974966,-0.7147399017168596,0.8071928071928072,2,RAP1A;VWF,FGA;FGB;FGG;FN1;GRB2;ITGA2B;ITGB3;PTK2;RAP1A;SRC;TLN1;VWF,0.9054899255472322
R-HSA-4420097,VEGFA-VEGFR2 Pathway,44,0.21189218804677784,0.8707856226419849,0.8091908091908092,15,PAK2;ITGAV;CYBB;CYBA;CDC42;PRKCD;NCF2;NCF4;HSP90AA1;PXN;ACTB;SRC;MAPK14;PTK2;PAK1,ABI1;ACTB;ACTG1;BAIAP2;BRK1;CAV1;CDC42;CRK;CTNNA1;CTNNB1;CTNND1;CYBA;CYBB;CYFIP1;ELMO1;HSP90AA1;HSPB1;ITGAV;ITGB3;ITPR2;ITPR3;JUP;KRAS;MAPK13;MAPK14;MTOR;NCF2;NCF4;NCK1;NCK2;NCKAP1;PAK1;PAK2;PRKACA;PRKCD;PTK2;PXN;RAC1;RHOA;ROCK1;ROCK2;SRC;VAV2;WASF2,0.9064326231708207
R-HSA-8854518,AURKA Activation by TPX2,20,-0.2380763929489768,-0.7253897463208003,0.8181818181818182,6,YWHAE;ACTR1A;DCTN1;PRKACA;DCTN2;DCTN3,ACTR1A;CKAP5;CLASP1;DCTN1;DCTN2;DCTN3;DYNC1H1;DYNC1I2;HSP90AA1;MAPRE1;PAFAH1B1;PCM1;PPP2R1A;PRKACA;TUBA4A;TUBB;TUBB4A;TUBB4B;YWHAE;YWHAG,0.9151948051948052
R-HSA-380259,Loss of Nlp from mitotic centrosomes,20,-0.2380763929489768,-0.7097742440830909,0.8271728271728271,6,YWHAE;ACTR1A;DCTN1;PRKACA;DCTN2;DCTN3,ACTR1A;CKAP5;CLASP1;DCTN1;DCTN2;DCTN3;DYNC1H1;DYNC1I2;HSP90AA1;MAPRE1;PAFAH1B1;PCM1;PPP2R1A;PRKACA;TUBA4A;TUBB;TUBB4A;TUBB4B;YWHAE;YWHAG,0.9239319881259968
R-HSA-421270,Cell-cell junction organization,16,-0.25049077674719084,-0.7118189680045356,0.8291708291708292,3,CDH1;CDH13;ANG,ACTB;ACTG1;AFDN;AGO2;ANG;CDH1;CDH13;CTNNA1;CTNNB1;CTNND1;F11R;ILF3;JUP;MOV10;NECTIN1;NECTIN2,0.924844386382848
R-HSA-8873719,RAB geranylgeranylation,25,0.22688313303164914,0.8161748325674094,0.8411588411588412,7,RAB7A;RAB31;RAB35;RAB5C;RAB18;RABGGTA;RAB21,RAB10;RAB11B;RAB12;RAB14;RAB17;RAB18;RAB1A;RAB1B;RAB21;RAB25;RAB27A;RAB27B;RAB2A;RAB2B;RAB31;RAB35;RAB3D;RAB5A;RAB5B;RAB5C;RAB6A;RAB7A;RAB8A;RAB8B;RABGGTA,0.9333656470468882
R-HSA-9696264,RND3 GTPase cycle,16,0.24640058928526112,0.79061692397726,0.8411588411588412,4,CKAP4;PICALM;KTN1;DST,CAV1;CKAP4;CKB;DSG1;DSP;DST;EPHA2;FAM83B;FLOT2;KTN1;PICALM;RBMX;ROCK1;SCRIB;TMOD3;TXNL1,0.9333656470468882
R-HSA-1912422,Pre-NOTCH Expression and Processing,11,-0.26495909140753715,-0.6710639668500789,0.8431568431568431,5,TMED2;ATP2A2;ATP2A3;H4C1;ATP2A1,AGO2;ATP2A1;ATP2A2;ATP2A3;H4C1;MOV10;POFUT1;POGLUT1;RAB6A;SNW1;TMED2,0.9333656470468882
R-HSA-8876198,RAB GEFs exchange GTP for GDP on RABs,28,0.21343183699302265,0.81891138670315,0.8441558441558441,7,RAB7A;RAB31;RIN1;RAB35;RAB5C;RAB18;RAB21,GAPVD1;GDI1;GDI2;RAB10;RAB12;RAB14;RAB18;RAB1A;RAB1B;RAB21;RAB27A;RAB27B;RAB31;RAB35;RAB3GAP1;RAB3GAP2;RAB5A;RAB5B;RAB5C;RAB6A;RAB7A;RAB8A;RAB8B;RABGEF1;RIN1;TRAPPC4;TRAPPC5;YWHAE,0.9333656470468882
R-HSA-5693565,Recruitment and ATM-mediated phosphorylation of repair and signaling proteins at DNA double strand breaks,12,-0.2576992039650378,-0.6785317406249456,0.8441558441558441,4,UBE2N;RAD50;PPP5C;H4C1,BAZ1B;H4C1;MRE11;PPP5C;RAD50;SMARCA5;SUMO1;TP53BP1;UBE2I;UBE2N;UBE2V2;UBXN1,0.9333656470468882
R-HSA-112314,Neurotransmitter receptors and postsynaptic signal transmission,49,-0.19643700745659512,-0.7210331196272617,0.8441558441558441,19,GNB2;NSF;GNG2;RAC1;NEFL;APBA1;LIN7C;GNB1;CAMK2G;GIT1;PRKAR1A;PPM1F;GNG12;PRKACA;DLG1;ACTN2;MAPK3;EPB41L1;PRKAR2A,ACTN2;AP2A1;AP2A2;AP2B1;AP2M1;AP2S1;APBA1;ARHGEF7;CAMK2D;CAMK2G;CASK;DLG1;EPB41L1;GIT1;GNAI1;GNAI2;GNAI3;GNB1;GNB2;GNG12;GNG2;GNG5;KPNA2;KRAS;LIN7C;MAPK1;MAPK3;MYO6;NEFL;NPTN;NSF;PLCB3;PPM1F;PRKAA1;PRKACA;PRKAG1;PRKAR1A;PRKAR2A;RAC1;RPS6KA3;SRC;TUBA1C;TUBA4A;TUBA4B;TUBB2A;TUBB3;TUBB4A;TUBB4B;TUBB6,0.9333656470468882
R-HSA-5693606,DNA Double Strand Break Response,13,0.25109745390693594,0.7495767215701784,0.8451548451548452,13,MRE11;UBE2I;KPNA2;SMARCA5;TP53BP1;UBE2V2;UBXN1;BAZ1B;SUMO1;UBE2N;RAD50;PPP5C;H4C1,BAZ1B;H4C1;KPNA2;MRE11;PPP5C;RAD50;SMARCA5;SUMO1;TP53BP1;UBE2I;UBE2N;UBE2V2;UBXN1,0.9333656470468882
R-HSA-8986944,Transcriptional Regulation by MECP2,12,-0.2597313372693157,-0.6755201471321087,0.8481518481518482,2,PRKACA;MECP2,AGO2;CAMK2D;CAMK2G;FKBP5;HDAC1;HTT;LBR;MECP2;MOV10;PRKACA;PTPN1;TBL1XR1,0.935356193102672
R-HSA-9012999,RHO GTPase cycle,168,0.17803941128722472,0.9747650291244816,0.8501498501498501,38,TFRC;CKAP4;PAK2;HSP90AB1;RAB7A;ARHGEF1;ACTN1;SHMT2;EFHD2;BASP1;SLC1A5;CYBB;HMOX2;TPM4;TOR1AIP1;NUDC;RHOG;CYBA;CLTC;PICALM;DOCK5;FAF2;KTN1;RHOC;SRRM1;CDC42;TRA2B;DDX39B;YKT6;ITGB1;RAC2;NCF2;ARAP1;DST;ESYT1;NCF4;HSP90AA1;ARHGAP1,AAAS;ABCD3;ABI1;ACTB;ACTG1;ACTN1;ADD3;AKAP12;AKAP13;ALDH3A2;ANKFY1;ARAP1;ARFGAP2;ARHGAP1;ARHGAP17;ARHGAP18;ARHGDIA;ARHGDIB;ARHGEF1;ARHGEF10L;ARHGEF2;ARHGEF7;BAIAP2;BAIAP2L1;BASP1;BCAP31;BCR;BRK1;C1QBP;CAPZB;CAV1;CCT2;CCT6A;CCT7;CDC37;CDC42;CDC42BPB;CKAP4;CKB;CLTC;COPS2;COPS4;CPSF7;CSK;CUL3;CYBA;CYBB;CYFIP1;DBN1;DBT;DDRGK1;DDX39B;DIAPH1;DIAPH2;DOCK2;DOCK5;DOCK9;DSG1;DSG2;DSP;DST;EFHD2;EMD;EPHA2;ESYT1;FAF2;FAM83B;FERMT2;FLOT1;FLOT2;FMNL1;GIT1;GNA13;GOLGA3;GOPC;GPS1;GRB2;HGS;HINT2;HMOX2;HNRNPC;HSP90AA1;HSP90AB1;HSPE1;IQGAP1;IQGAP2;ITGB1;JUP;KTN1;LAMTOR1;LBR;LETM1;LMAN1;LMNB1;LRRC1;MCAM;MSI2;MTX1;MYO6;NCF2;NCF4;NCK1;NCK2;NCKAP1;NDUFA5;NDUFS3;NSFL1C;NUDC;OBSCN;PAK1;PAK2;PGRMC2;PICALM;PKN2;PLD1;RAB7A;RAC1;RAC2;RBMX;RHOA;RHOC;RHOG;ROCK1;ROCK2;RRAS2;SAMM50;SCFD1;SCRIB;SHMT2;SLC1A5;SLK;SNAP23;SOWAHC;SPTAN1;SPTBN1;SRC;SRRM1;STAM;STIP1;STK38;STOM;STX5;SWAP70;TAOK3;TFRC;TJP2;TMOD3;TMPO;TOR1AIP1;TPM3;TPM4;TRA2B;TRIP10;TWF1;TXNL1;UACA;USP9X;VAMP3;VAPB;VAV2;VCP;VIM;WAS;WASF2;WASL;WDR11;WDR91;YKT6,0.9362409742156577
R-HSA-416482,G alpha (12/13) signalling events,17,-0.23570260402248006,-0.6971280853693602,0.8521478521478522,8,ROCK1;GNB2;GNG2;GNB1;ROCK2;ARHGEF10L;OBSCN;GNG12,AKAP13;ARHGEF1;ARHGEF10L;ARHGEF2;ARHGEF7;GNA13;GNB1;GNB2;GNG12;GNG2;GNG5;OBSCN;RHOA;RHOC;ROCK1;ROCK2;VAV2,0.9371232699884385
R-HSA-2565942,Regulation of PLK1 Activity at G2/M Transition,26,-0.21814779835966913,-0.6970329986057562,0.8621378621378621,7,YWHAE;ACTR1A;PPP1CB;DCTN1;PRKACA;DCTN2;DCTN3,ACTR1A;CKAP5;CLASP1;CUL1;DCTN1;DCTN2;DCTN3;DYNC1H1;DYNC1I2;HSP90AA1;MAPRE1;OPTN;PAFAH1B1;PCM1;PPP1CB;PPP1R12A;PPP2R1A;PRKACA;RAB8A;SKP1;TUBA4A;TUBB;TUBB4A;TUBB4B;YWHAE;YWHAG,0.9467797279858992
R-HSA-8957322,Metabolism of steroids,46,-0.19547047221471203,-0.702230292445681,0.8701298701298701,10,SAR1B;ACAT2;AKR1D1;AKR1B1;TSPO;FDXR;SERPINA6;LSS;GC;ALB,ACACA;ACAT2;AKR1B1;AKR1C2;AKR1C3;AKR1D1;ALB;CARM1;CYP51A1;CYP7B1;DHCR24;DHCR7;EBP;FASN;FDPS;FDXR;GC;GGPS1;HMGCS1;HSD17B11;HSD17B12;HSD17B4;IDI1;KPNB1;LBR;LGMN;LSS;MSMO1;MVD;MVK;NSDHL;OSBP;OSBPL9;PMVK;RAN;SAR1B;SCP2;SEC23A;SEC24A;SEC24B;SEC24C;SEC24D;SERPINA6;TBL1XR1;TSPO;UBE2I,0.9542180508567063
R-HSA-446353,Cell-extracellular matrix interactions,14,0.24014970481768916,0.7323265502039834,0.8741258741258742,5,ACTN1;FLNA;ITGB1;PXN;ACTB,ACTB;ACTG1;ACTN1;FERMT2;FLNA;FLNC;ILK;ITGB1;LIMS1;PARVA;PARVB;PXN;RSU1;VASP,0.9556803029606378
R-HSA-446203,Asparagine N-linked glycosylation,134,0.17500787345784033,0.9320572970894752,0.8751248751248751,37,TUBB3;CTSC;DERL1;TUBA4B;TUBB6;MOGS;MPDU1;CAPZA1;GLB1;CALR;CTSA;STT3A;GANAB;SEC23A;RPN1;DAD1;YKT6;PRKCSH;GBF1;COPA;DPM1;TUBA1C;RPN2;DPM3;ALG5;COPB2;DDOST;COPB1;COPG1;ARF4;CANX;MAN2A1;PPP6R3;ARCN1;SEC31A;TFG;UGGT1,ACTR10;ACTR1A;ALG5;ANK1;ANK3;ARCN1;ARF4;ARF5;ARFGAP1;ARFGAP2;CALR;CANX;CAPZA1;CAPZA2;CAPZB;CD55;CD59;CMAS;COG2;COG3;COL7A1;COPA;COPB1;COPB2;COPE;COPG1;COPG2;COPZ1;CTSA;CTSC;CTSZ;DAD1;DCTN1;DCTN2;DCTN3;DCTN4;DCTN5;DDOST;DERL1;DPM1;DPM3;DYNC1H1;DYNC1I2;DYNC1LI1;DYNC1LI2;DYNLL2;F5;FUCA1;GANAB;GBF1;GFPT1;GFUS;GLB1;GMDS;GMPPA;GMPPB;GOLGA2;GOLGB1;GOSR1;LMAN1;LMAN2;MAGT1;MAN2A1;MCFD2;MGAT1;MGAT3;MIA3;MLEC;MOGS;MPDU1;MPI;MVD;NAGK;NANS;NAPA;NAPG;NSF;PDIA3;PGM3;PMM2;PPP6C;PPP6R1;PPP6R3;PREB;PRKCSH;PSMC1;RAB1A;RAB1B;RAD23B;RNF185;RPN1;RPN2;SAR1B;SCFD1;SEC13;SEC16A;SEC22B;SEC23A;SEC23IP;SEC24A;SEC24B;SEC24C;SEC24D;SEC31A;SERPINA1;SPTA1;SPTAN1;SPTB;SPTBN1;SPTBN2;STT3A;STX5;TFG;TMED10;TMED2;TMED3;TMED7;TMED9;TRAPPC4;TRAPPC5;TUBA1C;TUBA4A;TUBA4B;TUBB2A;TUBB3;TUBB4A;TUBB4B;TUBB6;UAP1;UBXN1;UGGT1;USO1;VCP;YKT6,0.9556803029606378
R-HSA-2559580,Oxidative Stress Induced Senescence,12,-0.25096305185110795,-0.6564115577855021,0.8751248751248751,3,TXN;H4C1;MAPK3,H4C1;MAP2K3;MAP2K4;MAP4K4;MAPK1;MAPK14;MAPK3;MINK1;MOV10;RBBP4;RBBP7;TXN,0.9556803029606378
R-HSA-5620912,Anchoring of the basal body to the plasma membrane,22,-0.21636349370695346,-0.6706921077185296,0.8771228771228772,6,YWHAE;ACTR1A;DCTN1;PRKACA;DCTN2;DCTN3,ACTR1A;CKAP5;CLASP1;DCTN1;DCTN2;DCTN3;DYNC1H1;DYNC1I2;HSP90AA1;MAPRE1;PAFAH1B1;PCM1;PPP2R1A;PRKACA;RAB8A;SEPTIN2;TUBA4A;TUBB;TUBB4A;TUBB4B;YWHAE;YWHAG,0.9565281515142241
R-HSA-380287,Centrosome maturation,21,-0.21736470229976573,-0.6640464692214516,0.8821178821178821,6,YWHAE;ACTR1A;DCTN1;PRKACA;DCTN2;DCTN3,ACTR1A;CKAP5;CLASP1;DCTN1;DCTN2;DCTN3;DYNC1H1;DYNC1I2;HSP90AA1;MAPRE1;PAFAH1B1;PCM1;PPP2R1A;PRKACA;TUBA4A;TUBB;TUBB4A;TUBB4B;TUBGCP2;YWHAE;YWHAG,0.9606374154357465
R-HSA-193704,p75 NTR receptor-mediated signalling,19,0.22368806801524477,0.7621334832999426,0.8861138861138861,19,ARHGEF1;NCSTN;RELA;ARHGEF2;HDAC1;NFKB1;AKAP13;RTN4;VAV2;CASP3;SQSTM1;RHOA;ARHGEF7;GNA13;RAC1;ARHGDIA;YWHAE;ARHGEF10L;OBSCN,AKAP13;ARHGDIA;ARHGEF1;ARHGEF10L;ARHGEF2;ARHGEF7;CASP3;GNA13;HDAC1;NCSTN;NFKB1;OBSCN;RAC1;RELA;RHOA;RTN4;SQSTM1;VAV2;YWHAE,0.9623123062790192
R-HSA-9696273,RND1 GTPase cycle,12,-0.24712981419194888,-0.6482680045531307,0.8861138861138861,1,ALDH3A2,ALDH3A2;CAV1;DSP;DST;EPHA2;FAM83B;FLOT2;RBMX;RRAS2;STIP1;TFRC;TXNL1,0.9623123062790192
R-HSA-70171,Glycolysis,47,-0.18821234825528005,-0.6888738509144816,0.8901098901098901,9,TPI1;GPI;ENO3;ALDOA;PFKM;GAPDH;HK1;PRKACA;ALDOC,AAAS;ALDOA;ALDOC;BPGM;ENO1;ENO2;ENO3;GAPDH;GNPDA1;GPI;HK1;HK2;NUP107;NUP133;NUP153;NUP155;NUP160;NUP188;NUP205;NUP210;NUP214;NUP35;NUP43;NUP50;NUP54;NUP62;NUP85;NUP88;NUP93;NUP98;PFKL;PFKM;PFKP;PGAM1;PGK1;PGP;PKM;PPP2CB;PPP2R1A;PPP2R5D;PRKACA;RAE1;RANBP2;SEC13;SEH1L;TPI1;TPR,0.964053827877762
R-HSA-8980692,RHOA GTPase cycle,49,0.18958887902987287,0.8183309862795108,0.8921078921078921,49,TFRC;ARHGEF1;HMOX2;FAF2;KTN1;YKT6;ARAP1;ARHGAP1;SNAP23;DOCK2;LBR;ARHGEF2;LMAN1;AKAP13;TMPO;ARHGDIB;SCFD1;STOM;VAV2;DIAPH1;JUP;RHOA;STX5;SOWAHC;TJP2;BCAP31;ARHGAP18;IQGAP1;ARHGEF7;ABCD3;C1QBP;AAAS;DDRGK1;SLK;FLOT2;PKN2;ROCK1;VAPB;FLOT1;MCAM;ARHGDIA;VAMP3;ROCK2;CAV1;ARHGEF10L;BCR;OBSCN;PGRMC2;PLD1,AAAS;ABCD3;AKAP13;ARAP1;ARHGAP1;ARHGAP18;ARHGDIA;ARHGDIB;ARHGEF1;ARHGEF10L;ARHGEF2;ARHGEF7;BCAP31;BCR;C1QBP;CAV1;DDRGK1;DIAPH1;DOCK2;FAF2;FLOT1;FLOT2;HMOX2;IQGAP1;JUP;KTN1;LBR;LMAN1;MCAM;OBSCN;PGRMC2;PKN2;PLD1;RHOA;ROCK1;ROCK2;SCFD1;SLK;SNAP23;SOWAHC;STOM;STX5;TFRC;TJP2;TMPO;VAMP3;VAPB;VAV2;YKT6,0.964053827877762
R-HSA-9013405,RHOD GTPase cycle,25,-0.2078779002073716,-0.6734803008154983,0.8921078921078921,2,AKAP12;ADD3,ACTN1;ADD3;AKAP12;ANKFY1;ARHGAP1;ARHGAP17;CAPZB;CAV1;DBN1;DIAPH1;DIAPH2;EFHD2;EMD;ESYT1;HINT2;LBR;LMAN1;LMNB1;MCAM;PGRMC2;RAB7A;TMPO;TOR1AIP1;VAMP3;VAPB,0.964053827877762
R-HSA-9013422,RHOBTB1 GTPase cycle,18,-0.22531838699385281,-0.6541622993287505,0.8941058941058941,8,ROCK1;GPS1;COPS2;CUL3;ROCK2;TXNL1;COPS4;VIM,CCT2;CCT7;COPS2;COPS4;CPSF7;CUL3;DBN1;GPS1;HNRNPC;MYO6;RBMX;ROCK1;ROCK2;SRRM1;STK38;TRA2B;TXNL1;VIM,0.964053827877762
R-HSA-9006931,Signaling by Nuclear Receptors,74,0.18188663171480943,0.8658699875994392,0.8951048951048951,19,DDX5;HSP90AB1;CDK9;GTF2F1;PTGES3;POLR2B;PRMT1;GTF2F2;CBFB;POLR2H;EGFR;RDH11;POLR2A;FABP5;POLR2E;HSP90AA1;XPO1;GNAI3;GNAI2,AGO2;AKR1C3;ALDH1A1;ALDH1A3;APOC1;APOC2;APOD;APOE;CARM1;CAV1;CBFB;CDK9;CPT1A;CRABP2;CTSD;DDX5;DHRS4;DLAT;DLD;EGFR;FABP5;FASN;FKBP4;FKBP5;GNAI1;GNAI2;GNAI3;GNB1;GNB2;GNG12;GNG2;GNG5;GTF2A1;GTF2F1;GTF2F2;H4C1;HDAC1;HSP90AA1;HSP90AB1;HSPB1;KDM1A;KPNA2;KRAS;MAPK1;MAPK3;MMP9;MOV10;PDHA1;PDHB;PDHX;POLR2A;POLR2B;POLR2C;POLR2E;POLR2H;POLR2I;PPID;PPP5C;PRMT1;PTGES3;PTK2;RAD21;RDH11;RDH13;RDH14;SDR16C5;SMC1A;SMC3;SRC;STAG1;STRN;TBL1XR1;TLE3;XPO1,0.964053827877762
R-HSA-194138,Signaling by VEGF,45,0.19212043732694506,0.8236938557167451,0.8951048951048951,15,PAK2;ITGAV;CYBB;CYBA;CDC42;PRKCD;NCF2;NCF4;HSP90AA1;PXN;ACTB;SRC;MAPK14;PTK2;PAK1,ABI1;ACTB;ACTG1;BAIAP2;BRK1;CAV1;CDC42;CRK;CTNNA1;CTNNB1;CTNND1;CYBA;CYBB;CYFIP1;ELMO1;HSP90AA1;HSPB1;ITGAV;ITGB3;ITPR2;ITPR3;JUP;KRAS;MAPK13;MAPK14;MTOR;NCF2;NCF4;NCK1;NCK2;NCKAP1;NRP1;PAK1;PAK2;PRKACA;PRKCD;PTK2;PXN;RAC1;RHOA;ROCK1;ROCK2;SRC;VAV2;WASF2,0.964053827877762
R-HSA-5673001,RAF/MAP kinase cascade,97,-0.1714624821370355,-0.7160382565213443,0.8981018981018981,18,CAMK2G;RAP1A;PPP1CB;SPTB;ARRB1;PEA15;LAMTOR2;PSMB6;VWF;SPTBN2;DLG1;ACTN2;ARAF;MAPK3;PPP2R5A;SPTBN1;SPTAN1;PEBP1,ACTB;ACTG1;ACTN2;ARAF;ARL2;ARRB1;ARRB2;CAMK2D;CAMK2G;CSK;CUL3;DLG1;EGFR;FGA;FGB;FGG;FN1;FNTA;FNTB;GRB2;ICMT;IQGAP1;ITGA2B;ITGB3;KRAS;LAMTOR2;LAMTOR3;LYPLA1;MAP2K1;MAP2K2;MAPK1;MAPK3;NEFL;PEA15;PEBP1;PPP1CB;PPP1CC;PPP2CB;PPP2R1A;PPP2R5A;PPP2R5D;PPP2R5E;PPP5C;PSMA1;PSMA2;PSMA3;PSMA4;PSMA5;PSMA6;PSMA7;PSMB1;PSMB10;PSMB2;PSMB3;PSMB4;PSMB5;PSMB6;PSMB7;PSMB8;PSMB9;PSMC1;PSMC2;PSMC3;PSMC4;PSMC5;PSMC6;PSMD1;PSMD10;PSMD11;PSMD12;PSMD13;PSMD14;PSMD2;PSMD3;PSMD4;PSMD5;PSMD6;PSMD7;PSMD8;PSMD9;PSME1;PSME2;PSME3;PSMF1;PTK2;RAP1A;RBX1;SPTA1;SPTAN1;SPTB;SPTBN1;SPTBN2;SRC;TLN1;VCL;VWF;YWHAB,0.9654496188742764
R-HSA-1980143,Signaling by NOTCH1,14,0.22277517564402805,0.7052508997100359,0.9000999000999002,14,NCSTN;ITCH;TBL1XR1;HDAC1;CUL1;SKP1;ADAM10;SNW1;NUMB;RBX1;ARRB2;TLE3;CNTN1;ARRB1,ADAM10;ARRB1;ARRB2;CNTN1;CUL1;HDAC1;ITCH;NCSTN;NUMB;RBX1;SKP1;SNW1;TBL1XR1;TLE3,0.9654496188742764
R-HSA-6807878,COPI-mediated anterograde transport,63,-0.17937436415569197,-0.6905880331085817,0.9000999000999002,13,ACTR1A;CD55;SPTB;DCTN5;DCTN1;CAPZA2;SPTBN2;ANK3;DCTN2;DCTN3;DYNLL2;SPTBN1;SPTAN1,ACTR10;ACTR1A;ANK1;ANK3;ARCN1;ARF4;ARF5;ARFGAP1;ARFGAP2;CAPZA1;CAPZA2;CAPZB;CD55;CD59;COG2;COG3;COPA;COPB1;COPB2;COPE;COPG1;COPG2;COPZ1;DCTN1;DCTN2;DCTN3;DCTN4;DCTN5;DYNC1H1;DYNC1I2;DYNC1LI1;DYNC1LI2;DYNLL2;GBF1;GOLGA2;GOLGB1;GOSR1;NAPA;NAPG;NSF;RAB1A;RAB1B;SPTA1;SPTAN1;SPTB;SPTBN1;SPTBN2;STX5;TMED10;TMED2;TMED3;TMED7;TMED9;TUBA1C;TUBA4A;TUBA4B;TUBB2A;TUBB3;TUBB4A;TUBB4B;TUBB6;USO1;YKT6,0.9654496188742764
R-HSA-380270,Recruitment of mitotic centrosome proteins and complexes,21,-0.21736470229976573,-0.6637611410224763,0.9020979020979021,6,YWHAE;ACTR1A;DCTN1;PRKACA;DCTN2;DCTN3,ACTR1A;CKAP5;CLASP1;DCTN1;DCTN2;DCTN3;DYNC1H1;DYNC1I2;HSP90AA1;MAPRE1;PAFAH1B1;PCM1;PPP2R1A;PRKACA;TUBA4A;TUBB;TUBB4A;TUBB4B;TUBGCP2;YWHAE;YWHAG,0.9657668388909861
R-HSA-1483257,Phospholipid metabolism,42,0.19291474839613035,0.8216684170760842,0.903096903096903,11,PIK3R4;CPNE1;CSNK2A2;LPCAT2;PTDSS1;PI4K2A;PCYT1A;MBOAT7;PITPNB;CSNK2B;VAC14,AGK;AGPAT3;CDIPT;CDS2;CEPT1;CPNE1;CPNE3;CSNK2A2;CSNK2B;DGAT1;GPD1L;GPD2;HADHA;HADHB;LPCAT2;LPCAT3;LPGAT1;MBOAT7;MGLL;OSBPL8;PCYT1A;PI4K2A;PI4KA;PIK3C3;PIK3R4;PIP4K2A;PIP4K2C;PITPNB;PLBD1;PLD1;PLD3;PTDSS1;PTPMT1;RAB14;RAB5A;RUFY1;SACM1L;SELENOI;SLC44A1;SLC44A2;STARD10;VAC14,0.9657668388909861
R-HSA-382551,Transport of small molecules,185,0.16961830515387905,0.9401217059876688,0.9040959040959041,24,SLC3A2;TFRC;EIF2S2;SLC7A5;GLRX3;EIF2S1;DERL1;EIF2S3;AP2A1;BSG;PSMD2;SLC16A1;PSMB9;CAND1;PSMB8;SLC1A5;LMF2;ATP6V0D1;HMOX2;ABCF1;PSME2;PSMD11;PSMD13;PSME3,A2M;ABCC1;ABCD3;ABCF1;ACO1;ADD1;ADD2;ADD3;AFG3L2;AHCYL2;ALAD;ALB;ANO10;ANO6;AP2A1;AP2A2;AP2B1;AP2M1;AP2S1;APOA1;APOA2;APOA4;APOB;APOC1;APOC2;APOC3;APOD;APOE;APOF;ARL2;ASPH;ATP12A;ATP13A1;ATP1A1;ATP1A2;ATP1B1;ATP1B3;ATP2A1;ATP2A2;ATP2A3;ATP2B1;ATP2B4;ATP2C1;ATP6V0A1;ATP6V0D1;ATP6V1A;ATP6V1B2;ATP6V1C1;ATP6V1D;ATP6V1E1;ATP6V1F;ATP6V1G1;ATP6V1H;AZGP1;BSG;CA1;CA2;CAMK2D;CAMK2G;CAND1;CASQ1;CLIC2;CLTA;CLTC;CP;CUL1;CYB5R1;CYBRD1;DERL1;EIF2S1;EIF2S2;EIF2S3;ERLIN1;ERLIN2;FTH1;FTL;GLRX3;GNB1;GNB2;GNG12;GNG2;GNG5;HBA1;HBB;HDLBP;HMOX2;IREB2;LCN2;LETM1;LMF2;LPA;MAGT1;MB;MCU;MMGT1;NCEH1;NEDD8;NIPAL4;NPC2;P4HB;PEX19;PHB2;PIP;PMPCA;PMPCB;PRKACA;PRKAR1A;PRKAR2A;PSMA1;PSMA2;PSMA3;PSMA4;PSMA5;PSMA6;PSMA7;PSMB1;PSMB10;PSMB2;PSMB3;PSMB4;PSMB5;PSMB6;PSMB7;PSMB8;PSMB9;PSMC1;PSMC2;PSMC3;PSMC4;PSMC5;PSMC6;PSMD1;PSMD10;PSMD11;PSMD12;PSMD13;PSMD14;PSMD2;PSMD3;PSMD4;PSMD5;PSMD6;PSMD7;PSMD8;PSMD9;PSME1;PSME2;PSME3;PSMF1;RHCG;RNF185;RYR1;SAR1B;SKP1;SLC12A2;SLC16A1;SLC16A3;SLC1A4;SLC1A5;SLC25A10;SLC25A4;SLC25A5;SLC25A6;SLC27A4;SLC29A1;SLC2A1;SLC39A10;SLC39A7;SLC3A2;SLC44A1;SLC44A2;SLC4A1;SLC7A1;SLC7A5;SRI;STOM;STOML2;TCIRG1;TF;TFRC;VCP;VDAC1;VDAC2;VDAC3;WNK1,0.9657668388909861
R-HSA-6811440,Retrograde transport at the Trans-Golgi-Network,18,0.2171746776084411,0.7165250176667249,0.9120879120879121,18,M6PR;IGF2R;STX16;TGOLN2;RAB6A;ARL1;VPS51;VPS53;COG2;PLIN3;NAPA;VPS52;NAPG;COG3;NSF;VAMP3;ARFIP2;GOLGA4,ARFIP2;ARL1;COG2;COG3;GOLGA4;IGF2R;M6PR;NAPA;NAPG;NSF;PLIN3;RAB6A;STX16;TGOLN2;VAMP3;VPS51;VPS52;VPS53,0.972976614665988
R-HSA-5620920,Cargo trafficking to the periciliary membrane,18,0.21502706502123958,0.7076266146174429,0.916083916083916,7,GBF1;CCT4;ARF4;CCT2;TCP1;CCT5;CCT8,ARF4;ARL3;CCT2;CCT3;CCT4;CCT5;CCT8;EXOC1;EXOC2;EXOC3;EXOC4;EXOC5;EXOC7;EXOC8;GBF1;RAB8A;RP2;TCP1,0.975909804481233
R-HSA-5684996,MAPK1/MAPK3 signaling,98,-0.17049978082596606,-0.7112326972375931,0.919080919080919,18,CAMK2G;RAP1A;PPP1CB;SPTB;ARRB1;PEA15;LAMTOR2;PSMB6;VWF;SPTBN2;DLG1;ACTN2;ARAF;MAPK3;PPP2R5A;SPTBN1;SPTAN1;PEBP1,ACTB;ACTG1;ACTN2;ARAF;ARL2;ARRB1;ARRB2;CAMK2D;CAMK2G;CSK;CUL3;DLG1;EGFR;FGA;FGB;FGG;FN1;FNTA;FNTB;GRB2;ICMT;IQGAP1;ITGA2B;ITGB3;KRAS;LAMTOR2;LAMTOR3;LYPLA1;MAP2K1;MAP2K2;MAPK1;MAPK3;NEFL;PEA15;PEBP1;PPP1CB;PPP1CC;PPP2CB;PPP2R1A;PPP2R5A;PPP2R5D;PPP2R5E;PPP5C;PSMA1;PSMA2;PSMA3;PSMA4;PSMA5;PSMA6;PSMA7;PSMB1;PSMB10;PSMB2;PSMB3;PSMB4;PSMB5;PSMB6;PSMB7;PSMB8;PSMB9;PSMC1;PSMC2;PSMC3;PSMC4;PSMC5;PSMC6;PSMD1;PSMD10;PSMD11;PSMD12;PSMD13;PSMD14;PSMD2;PSMD3;PSMD4;PSMD5;PSMD6;PSMD7;PSMD8;PSMD9;PSME1;PSME2;PSME3;PSMF1;PTK2;PTPN11;RAP1A;RBX1;SPTA1;SPTAN1;SPTB;SPTBN1;SPTBN2;SRC;TLN1;VCL;VWF;YWHAB,0.9775068893115026
R-HSA-6781823,Formation of TC-NER Pre-Incision Complex,23,0.20308558925831677,0.7258178726607839,0.9200799200799201,5,PRPF19;POLR2B;POLR2H;POLR2A;POLR2E,COPS2;COPS3;COPS4;COPS5;COPS6;COPS7A;COPS8;CUL4A;CUL4B;DDB1;GPS1;HMGN1;POLR2A;POLR2B;POLR2C;POLR2E;POLR2H;POLR2I;PRPF19;RBX1;TCEA1;USP7;XAB2,0.9775068893115026
R-HSA-446219,Synthesis of substrates in N-glycan biosythesis,18,0.21104112657312774,0.6928235823604179,0.922077922077922,5,GLB1;CTSA;DPM1;DPM3;ALG5,ALG5;CMAS;CTSA;DPM1;DPM3;GFPT1;GFUS;GLB1;GMDS;GMPPA;GMPPB;MPI;MVD;NAGK;NANS;PGM3;PMM2;UAP1,0.9783021856192587
R-HSA-983231,Factors involved in megakaryocyte development and platelet production,39,0.184335937243052,0.7463142272425936,0.9250749250749251,13,TUBB3;TUBA4B;TUBB6;CAPZA1;DOCK5;CDC42;KIF2A;TUBA1C;KIF5B;ACTB;VPS45;MICAL1;KLC1,ACTB;AK3;CAPZA1;CAPZA2;CAPZB;CBX5;CDC42;DOCK2;DOCK5;DOCK9;EHD1;EHD2;HBB;HBD;HBE1;HDAC1;KDM1A;KIF13B;KIF2A;KIF5B;KLC1;KLC4;MFN1;MFN2;MICAL1;PRKACA;PRKAR1A;PRKAR2A;RAB5A;RAC1;TUBA1C;TUBA4A;TUBA4B;TUBB2A;TUBB3;TUBB4A;TUBB4B;TUBB6;VPS45,0.9801538110063144
R-HSA-983705,Signaling by the B Cell Receptor (BCR),70,-0.17652994380733783,-0.6915748094825519,0.9280719280719281,10,IGKV1-5;IGHM;IGLV3-19;IGHV3-7;IGLV1-40;IGKV4-1;IGLV1-47;IGKV3-20;IGKV3D-20;IGKC,CUL1;FKBP1A;GRB2;IGHM;IGHV3-7;IGKC;IGKV1-5;IGKV3-20;IGKV3D-20;IGKV4-1;IGLV1-40;IGLV1-47;IGLV1-51;IGLV3-19;IKBKG;ITPR2;ITPR3;KRAS;NCK1;NFKB1;PLCG2;PPIA;PPP3CA;PSMA1;PSMA2;PSMA3;PSMA4;PSMA5;PSMA6;PSMA7;PSMB1;PSMB10;PSMB2;PSMB3;PSMB4;PSMB5;PSMB6;PSMB7;PSMB8;PSMB9;PSMC1;PSMC2;PSMC3;PSMC4;PSMC5;PSMC6;PSMD1;PSMD10;PSMD11;PSMD12;PSMD13;PSMD14;PSMD2;PSMD3;PSMD4;PSMD5;PSMD6;PSMD7;PSMD8;PSMD9;PSME1;PSME2;PSME3;PSMF1;PTPN6;RELA;SH3KBP1;SKP1;STIM1;SYK,0.9817308197874999
R-HSA-9706574,RHOBTB GTPase Cycle,28,0.195410260292955,0.729680341797511,0.929070929070929,14,HSP90AB1;ACTN1;SRRM1;TRA2B;DDX39B;HSP90AA1;CCT7;CCT2;CCT6A;HNRNPC;RBMX;ACTG1;TWF1;CPSF7,ACTG1;ACTN1;CCT2;CCT6A;CCT7;CDC37;COPS2;COPS4;CPSF7;CUL3;DBN1;DDX39B;GPS1;HNRNPC;HSP90AA1;HSP90AB1;MSI2;MYO6;RBMX;ROCK1;ROCK2;SRRM1;STK38;TMOD3;TRA2B;TWF1;TXNL1;VIM,0.9817308197874999
R-HSA-2559586,DNA Damage/Telomere Stress Induced Senescence,11,-0.229372955028819,-0.585760335091032,0.9330669330669331,5,RAD50;H1-2;H1-4;H4C1;H1-0,H1-0;H1-1;H1-2;H1-3;H1-4;H1-5;H4C1;HMGA1;LMNB1;MRE11;RAD50,0.9846245398806046
R-HSA-204005,COPII-mediated vesicle transport,39,0.1855576277481693,0.7555686982212729,0.9370629370629371,13,CTSC;SEC23A;YKT6;PPP6R3;SEC31A;TFG;SEC13;SEC24A;PPP6R1;SEC24C;LMAN1;TMED10;SEC24B,CD59;COL7A1;CTSC;CTSZ;F5;GOLGA2;LMAN1;LMAN2;MCFD2;NAPA;NAPG;NSF;PPP6C;PPP6R1;PPP6R3;PREB;RAB1A;RAB1B;SAR1B;SCFD1;SEC13;SEC16A;SEC22B;SEC23A;SEC23IP;SEC24A;SEC24B;SEC24C;SEC24D;SEC31A;SERPINA1;STX5;TFG;TMED10;TMED2;TRAPPC4;TRAPPC5;USO1;YKT6,0.987510470686783
R-HSA-187037,Signaling by NTRK1 (TRKA),32,0.18611812793060525,0.7159979321390084,0.942057942057942,6,AP2A1;STAT3;CLTC;CLTA;RALB;AP2B1,AP2A1;AP2A2;AP2B1;AP2M1;AP2S1;CHD4;CLTA;CLTC;CRK;CRKL;DNM2;DUSP3;GRB2;KRAS;MAP2K1;MAP2K2;MAPK1;MAPK13;MAPK14;MAPK3;PPP2CB;PPP2R1A;PPP2R5D;RALA;RALB;RAP1A;RHOA;RPS6KA3;SRC;STAT3;TF;YWHAB,0.9914400116013018
R-HSA-5696399,Global Genome Nucleotide Excision Repair (GG-NER),30,-0.18722393852116487,-0.6278037942078908,0.948051948051948,8,DDB1;COPS3;CUL4A;COPS8;COPS7A;RAD23A;COPS4;RFC1,ACTB;ACTL6A;COPS2;COPS3;COPS4;COPS5;COPS6;COPS7A;COPS8;CUL4A;CUL4B;DDB1;GPS1;LIG3;PARP1;PCNA;RAD23A;RAD23B;RBX1;RFC1;RFC4;RPA1;RPA2;RPA3;RUVBL1;SUMO1;UBE2I;UBE2N;UBE2V2;XRCC1,0.9964089601673495
R-HSA-6803157,Antimicrobial peptides,14,0.19614535139266165,0.5917420275717179,0.9560439560439561,6,RNASE3;PRTN3;ELANE;S100A7;CAMP;LTF,CAMP;CLU;CTSG;DCD;ELANE;LCN2;LTF;LYZ;PGLYRP2;PRTN3;RNASE3;S100A7;S100A8;S100A9,1.0
R-HSA-73887,Death Receptor Signaling,25,0.18138746912188056,0.6562940225099672,0.962037962037962,3,ARHGEF1;RACK1;NCSTN,AKAP13;ARHGDIA;ARHGEF1;ARHGEF10L;ARHGEF2;ARHGEF7;CASP3;GNA13;HDAC1;IKBKG;NCSTN;NFKB1;OBSCN;OPTN;RAC1;RACK1;RELA;RHOA;RTN4;SQSTM1;STUB1;TRADD;UBE2L3;VAV2;YWHAE,1.0
R-HSA-5683057,MAPK family signaling cascades,109,-0.15830919137737812,-0.6634171162433946,0.962037962037962,20,CAMK2G;RAP1A;PPP1CB;HSPB1;SPTB;ARRB1;PEA15;LAMTOR2;PSMB6;VWF;SPTBN2;PRKACA;DLG1;ACTN2;ARAF;MAPK3;PPP2R5A;SPTBN1;SPTAN1;PEBP1,ACTB;ACTG1;ACTN2;AGO2;ARAF;ARL2;ARRB1;ARRB2;CAMK2D;CAMK2G;CDC42;CSK;CUL3;DLG1;DNAJB1;EGFR;FGA;FGB;FGG;FN1;FNTA;FNTB;GRB2;HSPB1;ICMT;IQGAP1;ITGA2B;ITGB3;KRAS;LAMTOR2;LAMTOR3;LYPLA1;MAP2K1;MAP2K2;MAPK1;MAPK3;MOV10;NEFL;PAK1;PAK2;PEA15;PEBP1;PPP1CB;PPP1CC;PPP2CB;PPP2R1A;PPP2R5A;PPP2R5D;PPP2R5E;PPP5C;PRKACA;PSMA1;PSMA2;PSMA3;PSMA4;PSMA5;PSMA6;PSMA7;PSMB1;PSMB10;PSMB2;PSMB3;PSMB4;PSMB5;PSMB6;PSMB7;PSMB8;PSMB9;PSMC1;PSMC2;PSMC3;PSMC4;PSMC5;PSMC6;PSMD1;PSMD10;PSMD11;PSMD12;PSMD13;PSMD14;PSMD2;PSMD3;PSMD4;PSMD5;PSMD6;PSMD7;PSMD8;PSMD9;PSME1;PSME2;PSME3;PSMF1;PTK2;PTPN11;RAC1;RAP1A;RBX1;SEPTIN7;SPTA1;SPTAN1;SPTB;SPTBN1;SPTBN2;SRC;TLN1;VCL;VWF;XPO1;YWHAB,1.0
R-HSA-6814122,Cooperation of PDCL (PhLP1) and TRiC/CCT in G-protein beta folding,19,-0.18860889823973753,-0.5568944944068767,0.9630369630369631,1,GNA11,CCT2;CCT3;CCT4;CCT5;CCT6A;CCT6B;CCT7;CCT8;CSNK2A2;CSNK2B;GNA11;GNA15;GNAQ;GNB1;GNB2;GNG12;GNG2;GNG5;TCP1,1.0
R-HSA-5617833,Cilium Assembly,48,0.16687187049383898,0.7123751656937998,0.9660339660339661,11,TUBB3;TNPO1;MAPRE1;TUBB6;TUBB;GBF1;CCT4;TUBA1C;HSP90AA1;ARF4;CKAP5,ACTR1A;ARF4;ARL3;CCT2;CCT3;CCT4;CCT5;CCT8;CKAP5;CLASP1;DCTN1;DCTN2;DCTN3;DYNC1H1;DYNC1I2;DYNLL2;DYNLRB1;DYNLT5;EXOC1;EXOC2;EXOC3;EXOC4;EXOC5;EXOC7;EXOC8;GBF1;HSP90AA1;MAPRE1;PAFAH1B1;PCM1;PPP2R1A;PRKACA;RAB8A;RP2;SEPTIN2;TCP1;TNPO1;TRIP11;TUBA1C;TUBA4A;TUBB;TUBB2A;TUBB3;TUBB4A;TUBB4B;TUBB6;YWHAE;YWHAG,1.0
R-HSA-191273,Cholesterol biosynthesis,16,-0.18992543358411942,-0.5525183995598509,0.968031968031968,9,HMGCS1;IDI1;CYP51A1;MVK;MVD;GGPS1;PMVK;ACAT2;LSS,ACAT2;CYP51A1;DHCR24;DHCR7;EBP;FDPS;GGPS1;HMGCS1;IDI1;LBR;LSS;MSMO1;MVD;MVK;NSDHL;PMVK,1.0
R-HSA-1655829,Regulation of cholesterol biosynthesis by SREBP (SREBF),22,0.1790501080917915,0.6332565246892209,0.97002997002997,8,RAN;SEC23A;KPNB1;TBL1XR1;DHCR7;SEC24A;SEC24C;SEC24B,ACACA;CARM1;CYP51A1;DHCR7;FASN;FDPS;GGPS1;HMGCS1;IDI1;KPNB1;LSS;MVD;MVK;PMVK;RAN;SAR1B;SEC23A;SEC24A;SEC24B;SEC24C;SEC24D;TBL1XR1,1.0
R-HSA-1227986,Signaling by ERBB2,14,-0.18677389821496126,-0.5132894385606636,0.974025974025974,4,USP8;PTK6;CUL5;STUB1,CDC37;CUL5;DIAPH1;EGFR;GRB2;HSP90AA1;KRAS;MEMO1;PRKCD;PTK6;RHOA;SRC;STUB1;USP8,1.0
R-HSA-5620916,VxPx cargo-targeting to cilium,10,0.1994152046783626,0.5513888035312438,0.9760239760239761,10,GBF1;ARF4;RAB8A;EXOC5;EXOC2;EXOC7;EXOC3;EXOC8;EXOC4;EXOC1,ARF4;EXOC1;EXOC2;EXOC3;EXOC4;EXOC5;EXOC7;EXOC8;GBF1;RAB8A,1.0
R-HSA-5260271,Diseases of Immune System,14,0.18870108604731495,0.5761163205560798,0.9790209790209791,1,NFKB2,CD14;CD36;FGA;FGB;FGG;HMGB1;IKBKG;NFKB1;NFKB2;RELA;S100A1;S100A8;S100A9;UNC93B1,1.0
R-HSA-5602358,Diseases associated with the TLR signaling cascade,14,0.18870108604731495,0.5752796163380729,0.9790209790209791,1,NFKB2,CD14;CD36;FGA;FGB;FGG;HMGB1;IKBKG;NFKB1;NFKB2;RELA;S100A1;S100A8;S100A9;UNC93B1,1.0
R-HSA-5694530,Cargo concentration in the ER,21,0.17230243994166142,0.5945731678122955,0.983016983016983,1,CTSC,CD59;COL7A1;CTSC;CTSZ;F5;LMAN1;LMAN2;MCFD2;MIA3;PREB;SAR1B;SEC22B;SEC23A;SEC24A;SEC24B;SEC24C;SEC24D;SERPINA1;STX5;TMED10;TMED2,1.0
R-HSA-2559583,Cellular Senescence,26,-0.16077839998958784,-0.5188858131455703,0.983016983016983,2,MAPK3;H1-0,H1-0;H1-1;H1-2;H1-3;H1-4;H1-5;H4C1;HMGA1;LMNB1;MAP2K3;MAP2K4;MAP4K4;MAPK1;MAPK14;MAPK3;MINK1;MOV10;MRE11;NFKB1;RAD50;RBBP4;RBBP7;RELA;RPS6KA3;STAT3;TXN,1.0
R-HSA-9009391,Extra-nuclear estrogen signaling,21,0.1725956339808231,0.6021275309093792,0.985014985014985,6,PRMT1;EGFR;HSP90AA1;XPO1;GNAI3;GNAI2,CAV1;EGFR;GNAI1;GNAI2;GNAI3;GNB1;GNB2;GNG12;GNG2;GNG5;HSP90AA1;HSPB1;KRAS;MAPK1;MAPK3;MMP9;PRMT1;PTK2;SRC;STRN;XPO1,1.0
R-HSA-380972,Energy dependent regulation of mTOR by LKB1-AMPK,12,0.1910473961380924,0.5542068245286003,0.985014985014985,12,RHEB;CAB39;PRKAA1;LAMTOR1;CAB39L;MTOR;LAMTOR3;PRKAG1;PPM1A;LAMTOR5;LAMTOR4;LAMTOR2,CAB39;CAB39L;LAMTOR1;LAMTOR2;LAMTOR3;LAMTOR4;LAMTOR5;MTOR;PPM1A;PRKAA1;PRKAG1;RHEB,1.0
R-HSA-181438,Toll Like Receptor 2 (TLR2) Cascade,34,-0.15375873617318686,-0.5215389869390591,0.986013986013986,6,NLRX1;DUSP3;CD36;NOD1;MAPK3;S100A1,APP;CD14;CD36;CUL1;DUSP3;FGA;FGB;FGG;HMGB1;IKBIP;IKBKG;MAP2K1;MAP2K3;MAP2K4;MAPK1;MAPK14;MAPK3;NFKB1;NFKB2;NLRX1;NOD1;PPP2CB;PPP2R1A;PPP2R5D;RELA;RPS6KA3;S100A1;S100A12;S100A8;S100A9;SKP1;UBE2N;UBE2V1;USP14,1.0
R-HSA-166016,Toll Like Receptor 4 (TLR4) Cascade,40,-0.15739543865866207,-0.5548861586720341,0.986013986013986,6,DUSP3;CD36;NOD1;LBP;MAPK3;S100A1,APP;CD14;CD36;CUL1;DNM2;DUSP3;FGA;FGB;FGG;HMGB1;IKBIP;IKBKG;ITGAM;ITGB2;LBP;MAP2K1;MAP2K3;MAP2K4;MAPK1;MAPK14;MAPK3;NFKB1;NFKB2;NLRX1;NOD1;PLCG2;PPP2CB;PPP2R1A;PPP2R5D;PTPN11;RELA;RPS6KA3;S100A1;S100A12;S100A8;S100A9;SKP1;UBE2N;UBE2V1;USP14,1.0
R-HSA-168179,Toll Like Receptor TLR1:TLR2 Cascade,34,-0.15375873617318686,-0.5270614837850033,0.987012987012987,6,NLRX1;DUSP3;CD36;NOD1;MAPK3;S100A1,APP;CD14;CD36;CUL1;DUSP3;FGA;FGB;FGG;HMGB1;IKBIP;IKBKG;MAP2K1;MAP2K3;MAP2K4;MAPK1;MAPK14;MAPK3;NFKB1;NFKB2;NLRX1;NOD1;PPP2CB;PPP2R1A;PPP2R5D;RELA;RPS6KA3;S100A1;S100A12;S100A8;S100A9;SKP1;UBE2N;UBE2V1;USP14,1.0
R-HSA-166058,MyD88:MAL(TIRAP) cascade initiated on plasma membrane,34,-0.15375873617318686,-0.5212931062674756,0.991008991008991,6,NLRX1;DUSP3;CD36;NOD1;MAPK3;S100A1,APP;CD14;CD36;CUL1;DUSP3;FGA;FGB;FGG;HMGB1;IKBIP;IKBKG;MAP2K1;MAP2K3;MAP2K4;MAPK1;MAPK14;MAPK3;NFKB1;NFKB2;NLRX1;NOD1;PPP2CB;PPP2R1A;PPP2R5D;RELA;RPS6KA3;S100A1;S100A12;S100A8;S100A9;SKP1;UBE2N;UBE2V1;USP14,1.0
R-HSA-9614085,FOXO-mediated transcription,12,-0.18117547447628235,-0.47066996425655067,0.9920079920079921,4,CAV1;TXN;SMAD2;SIRT3,CAT;CAV1;HDAC1;SFN;SIRT3;SMAD2;SOD2;TXN;YWHAB;YWHAG;YWHAQ;YWHAZ,1.0
R-HSA-9007101,Rab regulation of trafficking,38,-0.14472329011012036,-0.5146024308076345,0.9920079920079921,4,RABEP1;SYTL1;RAB5B;TBC1D17,ARF6;GABARAPL2;GAPVD1;GDI1;GDI2;OPTN;RAB10;RAB11B;RAB12;RAB14;RAB18;RAB1A;RAB1B;RAB21;RAB27A;RAB27B;RAB31;RAB35;RAB3GAP1;RAB3GAP2;RAB5A;RAB5B;RAB5C;RAB6A;RAB7A;RAB8A;RAB8B;RABEP1;RABGAP1;RABGEF1;RIN1;SYTL1;TBC1D15;TBC1D17;TBC1D2;TRAPPC4;TRAPPC5;YWHAE,1.0
R-HSA-168138,Toll Like Receptor 9 (TLR9) Cascade,30,0.13141416884582952,0.5036544501231769,0.995004995004995,2,NFKB2;PIK3R4,APP;CD14;CUL1;DUSP3;EEA1;HMGB1;IKBIP;IKBKG;MAP2K1;MAP2K3;MAP2K4;MAPK1;MAPK14;MAPK3;NFKB1;NFKB2;NLRX1;NOD1;PIK3C3;PIK3R4;PPP2CB;PPP2R1A;PPP2R5D;RELA;RPS6KA3;S100A12;SKP1;UBE2N;UBE2V1;USP14,1.0
R-HSA-168188,Toll Like Receptor TLR6:TLR2 Cascade,34,-0.15375873617318686,-0.5164589478766136,0.995004995004995,6,NLRX1;DUSP3;CD36;NOD1;MAPK3;S100A1,APP;CD14;CD36;CUL1;DUSP3;FGA;FGB;FGG;HMGB1;IKBIP;IKBKG;MAP2K1;MAP2K3;MAP2K4;MAPK1;MAPK14;MAPK3;NFKB1;NFKB2;NLRX1;NOD1;PPP2CB;PPP2R1A;PPP2R5D;RELA;RPS6KA3;S100A1;S100A12;S100A8;S100A9;SKP1;UBE2N;UBE2V1;USP14,1.0
R-HSA-168898,Toll-like Receptor Cascades,50,0.12938234832421908,0.5657774445313124,0.996003996003996,12,NFKB2;CTSB;PIK3R4;HSP90B1;S100A12;APP;ITGAM;IKBIP;CTSS;GSDMD;ITGB2;RELA,APOB;APP;CD14;CD36;CTSB;CTSS;CUL1;DNM2;DUSP3;EEA1;FGA;FGB;FGG;GSDMD;HMGB1;HSP90B1;IKBIP;IKBKG;ITGAM;ITGB2;LBP;LGMN;MAP2K1;MAP2K3;MAP2K4;MAPK1;MAPK14;MAPK3;NFKB1;NFKB2;NLRX1;NOD1;PIK3C3;PIK3R4;PLCG2;PPP2CB;PPP2R1A;PPP2R5D;PTPN11;RELA;RPS6KA3;S100A1;S100A12;S100A8;S100A9;SKP1;UBE2N;UBE2V1;UNC93B1;USP14,1.0
R-HSA-168181,Toll Like Receptor 7/8 (TLR7/8) Cascade,27,0.1181597265552704,0.43931994718164435,0.997002997002997,9,NFKB2;S100A12;APP;IKBIP;RELA;MAPK14;CUL1;NFKB1;SKP1,APP;CD14;CUL1;DUSP3;HMGB1;IKBIP;IKBKG;MAP2K1;MAP2K3;MAP2K4;MAPK1;MAPK14;MAPK3;NFKB1;NFKB2;NLRX1;NOD1;PPP2CB;PPP2R1A;PPP2R5D;RELA;RPS6KA3;S100A12;SKP1;UBE2N;UBE2V1;USP14,1.0
R-HSA-199977,ER to Golgi Anterograde Transport,91,-0.12632464121866882,-0.5222615295753011,0.998001998001998,4,SERPINA1;DYNLL2;SPTBN1;SPTAN1,ACTR10;ACTR1A;ANK1;ANK3;ARCN1;ARF4;ARF5;ARFGAP1;ARFGAP2;CAPZA1;CAPZA2;CAPZB;CD55;CD59;COG2;COG3;COL7A1;COPA;COPB1;COPB2;COPE;COPG1;COPG2;COPZ1;CTSC;CTSZ;DCTN1;DCTN2;DCTN3;DCTN4;DCTN5;DYNC1H1;DYNC1I2;DYNC1LI1;DYNC1LI2;DYNLL2;F5;GBF1;GOLGA2;GOLGB1;GOSR1;LMAN1;LMAN2;MCFD2;MIA3;NAPA;NAPG;NSF;PPP6C;PPP6R1;PPP6R3;PREB;RAB1A;RAB1B;SAR1B;SCFD1;SEC13;SEC16A;SEC22B;SEC23A;SEC23IP;SEC24A;SEC24B;SEC24C;SEC24D;SEC31A;SERPINA1;SPTA1;SPTAN1;SPTB;SPTBN1;SPTBN2;STX5;TFG;TMED10;TMED2;TMED3;TMED7;TMED9;TRAPPC4;TRAPPC5;TUBA1C;TUBA4A;TUBA4B;TUBB2A;TUBB3;TUBB4A;TUBB4B;TUBB6;USO1;YKT6,1.0
R-HSA-975138,TRAF6 mediated induction of NFkB and MAP kinases upon TLR7/8 or 9 activation,27,0.1181597265552704,0.44219937262304987,0.999000999000999,9,NFKB2;S100A12;APP;IKBIP;RELA;MAPK14;CUL1;NFKB1;SKP1,APP;CD14;CUL1;DUSP3;HMGB1;IKBIP;IKBKG;MAP2K1;MAP2K3;MAP2K4;MAPK1;MAPK14;MAPK3;NFKB1;NFKB2;NLRX1;NOD1;PPP2CB;PPP2R1A;PPP2R5D;RELA;RPS6KA3;S100A12;SKP1;UBE2N;UBE2V1;USP14,1.0
R-HSA-975155,MyD88 dependent cascade initiated on endosome,27,0.1181597265552704,0.4378115349909077,0.999000999000999,9,NFKB2;S100A12;APP;IKBIP;RELA;MAPK14;CUL1;NFKB1;SKP1,APP;CD14;CUL1;DUSP3;HMGB1;IKBIP;IKBKG;MAP2K1;MAP2K3;MAP2K4;MAPK1;MAPK14;MAPK3;NFKB1;NFKB2;NLRX1;NOD1;PPP2CB;PPP2R1A;PPP2R5D;RELA;RPS6KA3;S100A12;SKP1;UBE2N;UBE2V1;USP14,1.0
R-HSA-5218859,Regulated Necrosis,23,-0.1402993836219548,-0.43792652520875774,0.999000999000999,23,ELANE;BAX;HSP90AA1;CHMP4B;GSDMD;ITCH;IL18;CASP3;CHMP4A;UBE2L3;CASP1;SDCBP;OGT;CDC37;HMGB1;FLOT2;CYCS;FLOT1;PDCD6IP;CHMP3;CHMP2A;TRADD;STUB1,BAX;CASP1;CASP3;CDC37;CHMP2A;CHMP3;CHMP4A;CHMP4B;CYCS;ELANE;FLOT1;FLOT2;GSDMD;HMGB1;HSP90AA1;IL18;ITCH;OGT;PDCD6IP;SDCBP;STUB1;TRADD;UBE2L3,1.0
R-HSA-8943724,Regulation of PTEN gene transcription,15,-0.15278523022459084,-0.4381659813289698,0.999000999000999,3,LAMTOR4;LAMTOR2;MAPK3,CHD4;HDAC1;KDM1A;LAMTOR1;LAMTOR2;LAMTOR3;LAMTOR4;LAMTOR5;MAPK1;MAPK3;MTA2;MTOR;RBBP4;RBBP7;RHEB,1.0
R-HSA-199991,Membrane Trafficking,279,0.11700888134383008,0.6793793567502171,1.0,69,TFRC;TUBB3;CTSC;YWHAH;AP2A1;TUBA4B;MYH9;RAB7A;SURF4;RAB31;GALNT2;TUBB6;M6PR;CAPZA1;UBQLN1;ACTR3;ARPC2;AP3B1;YWHAQ;CLTC;ARPC3;PICALM;SEC23A;GNS;AP1M1;RIN1;TBC1D2;CLTA;YKT6;CTTN;EGFR;RAB35;ARPC5;BICD2;KIF2A;GBF1;AP1G1;COPA;SFN;AP2B1;ACTR2;TUBA1C;YWHAZ;GRK2;APP;COPB2;COPB1;COPG1;CHMP4B;KIF5B;ARF4;RAB5C;SNAP29;RAB18;TXNDC5;ACTB;VPS45;MAN2A1;PPP6R3;ARCN1;SEC31A;TFG;UBQLN2;KLC1;IGF2R;RAB21;SCARB2;SRC;TMED7,ACBD3;ACTB;ACTG1;ACTR10;ACTR1A;ACTR2;ACTR3;AGFG1;AGPAT3;ANK1;ANK3;AP1B1;AP1G1;AP1G2;AP1M1;AP1M2;AP1S1;AP2A1;AP2A2;AP2B1;AP2M1;AP2S1;AP3B1;AP3S1;APOB;APP;ARCN1;ARF4;ARF5;ARF6;ARFGAP1;ARFGAP2;ARFIP2;ARL1;ARPC1A;ARPC2;ARPC3;ARPC4;ARPC5;ARRB1;ARRB2;ASPSCR1;BICD2;BIN1;BLOC1S1;CAPZA1;CAPZA2;CAPZB;CD55;CD59;CHMP2A;CHMP3;CHMP4A;CHMP4B;CHMP5;CLINT1;CLTA;CLTB;CLTC;COG2;COG3;COL7A1;COPA;COPB1;COPB2;COPE;COPG1;COPG2;COPS2;COPS3;COPS4;COPS5;COPS6;COPS7A;COPS8;COPZ1;CTSC;CTSZ;CTTN;DCTN1;DCTN2;DCTN3;DCTN4;DCTN5;DNM2;DYNC1H1;DYNC1I2;DYNC1LI1;DYNC1LI2;DYNLL2;EGFR;EPS15;EPS15L1;EXOC1;EXOC2;EXOC3;EXOC4;EXOC5;EXOC7;EXOC8;F5;FCHO2;FTH1;FTL;GABARAPL2;GAK;GALNT2;GAPVD1;GBF1;GDI1;GDI2;GNS;GOLGA2;GOLGA4;GOLGB1;GOLIM4;GOSR1;GPS1;GRB2;GRK2;HGS;HSPA8;IGF2R;KIF13B;KIF2A;KIF5B;KLC1;KLC4;LMAN1;LMAN2;LNPEP;M6PR;MAN2A1;MCFD2;MIA3;MYH9;MYO1C;MYO6;NAPA;NAPG;NBAS;NECAP2;NEDD8;NSF;OPTN;PACSIN2;PACSIN3;PAFAH1B1;PAFAH1B2;PAFAH1B3;PICALM;PLIN3;PPP6C;PPP6R1;PPP6R3;PREB;PRKAG1;RAB10;RAB11B;RAB12;RAB14;RAB18;RAB1A;RAB1B;RAB21;RAB27A;RAB27B;RAB31;RAB35;RAB3GAP1;RAB3GAP2;RAB5A;RAB5B;RAB5C;RAB6A;RAB7A;RAB8A;RAB8B;RABEP1;RABGAP1;RABGEF1;RAC1;RALA;RIN1;SAR1B;SCARB2;SCFD1;SEC13;SEC16A;SEC22B;SEC23A;SEC23IP;SEC24A;SEC24B;SEC24C;SEC24D;SEC31A;SERPINA1;SFN;SH3GL1;SH3KBP1;SNAP23;SNAP29;SNAPIN;SNF8;SNX18;SNX2;SNX5;SNX9;SPTA1;SPTAN1;SPTB;SPTBN1;SPTBN2;SRC;STAM;STX16;STX18;STX4;STX5;STXBP3;SURF4;SYTL1;TBC1D15;TBC1D17;TBC1D2;TBC1D4;TF;TFG;TFRC;TGOLN2;TJP1;TMED10;TMED2;TMED3;TMED7;TMED9;TPD52;TPD52L1;TRAPPC4;TRAPPC5;TRIP10;TRIP11;TSG101;TUBA1C;TUBA4A;TUBA4B;TUBB2A;TUBB3;TUBB4A;TUBB4B;TUBB6;TXNDC5;UBQLN1;UBQLN2;USE1;USO1;VAMP3;VAMP8;VPS25;VPS36;VPS37B;VPS45;VPS4A;VPS4B;VPS51;VPS52;VPS53;VTA1;WASL;YIPF6;YKT6;YWHAB;YWHAE;YWHAG;YWHAH;YWHAQ;YWHAZ;ZW10,1.0
R-HSA-168164,Toll Like Receptor 3 (TLR3) Cascade,26,0.11846109019627932,0.4461798215893478,1.0,9,NFKB2;S100A12;APP;IKBIP;RELA;MAPK14;CUL1;NFKB1;SKP1,APP;CUL1;DUSP3;HMGB1;IKBIP;IKBKG;MAP2K1;MAP2K3;MAP2K4;MAPK1;MAPK14;MAPK3;NFKB1;NFKB2;NLRX1;NOD1;PPP2CB;PPP2R1A;PPP2R5D;RELA;RPS6KA3;S100A12;SKP1;UBE2N;UBE2V1;USP14,1.0
R-HSA-168142,Toll Like Receptor 10 (TLR10) Cascade,26,0.11846109019627932,0.4384622318860595,1.0,9,NFKB2;S100A12;APP;IKBIP;RELA;MAPK14;CUL1;NFKB1;SKP1,APP;CUL1;DUSP3;HMGB1;IKBIP;IKBKG;MAP2K1;MAP2K3;MAP2K4;MAPK1;MAPK14;MAPK3;NFKB1;NFKB2;NLRX1;NOD1;PPP2CB;PPP2R1A;PPP2R5D;RELA;RPS6KA3;S100A12;SKP1;UBE2N;UBE2V1;USP14,1.0
R-HSA-975871,MyD88 cascade initiated on plasma membrane,26,0.11846109019627932,0.4373942433014673,1.0,9,NFKB2;S100A12;APP;IKBIP;RELA;MAPK14;CUL1;NFKB1;SKP1,APP;CUL1;DUSP3;HMGB1;IKBIP;IKBKG;MAP2K1;MAP2K3;MAP2K4;MAPK1;MAPK14;MAPK3;NFKB1;NFKB2;NLRX1;NOD1;PPP2CB;PPP2R1A;PPP2R5D;RELA;RPS6KA3;S100A12;SKP1;UBE2N;UBE2V1;USP14,1.0
R-HSA-166166,MyD88-independent TLR4 cascade,28,0.11404639007116629,0.43581108377143324,1.0,9,NFKB2;S100A12;APP;IKBIP;RELA;MAPK14;CUL1;NFKB1;SKP1,APP;CD14;CUL1;DUSP3;HMGB1;IKBIP;IKBKG;MAP2K1;MAP2K3;MAP2K4;MAPK1;MAPK14;MAPK3;NFKB1;NFKB2;NLRX1;NOD1;PPP2CB;PPP2R1A;PPP2R5D;PTPN11;RELA;RPS6KA3;S100A12;SKP1;UBE2N;UBE2V1;USP14,1.0
R-HSA-168176,Toll Like Receptor 5 (TLR5) Cascade,26,0.11846109019627932,0.42677376221534574,1.0,9,NFKB2;S100A12;APP;IKBIP;RELA;MAPK14;CUL1;NFKB1;SKP1,APP;CUL1;DUSP3;HMGB1;IKBIP;IKBKG;MAP2K1;MAP2K3;MAP2K4;MAPK1;MAPK14;MAPK3;NFKB1;NFKB2;NLRX1;NOD1;PPP2CB;PPP2R1A;PPP2R5D;RELA;RPS6KA3;S100A12;SKP1;UBE2N;UBE2V1;USP14,1.0
R-HSA-937061,TRIF(TICAM1)-mediated TLR4 signaling,28,0.11404639007116629,0.4231458996546273,1.0,9,NFKB2;S100A12;APP;IKBIP;RELA;MAPK14;CUL1;NFKB1;SKP1,APP;CD14;CUL1;DUSP3;HMGB1;IKBIP;IKBKG;MAP2K1;MAP2K3;MAP2K4;MAPK1;MAPK14;MAPK3;NFKB1;NFKB2;NLRX1;NOD1;PPP2CB;PPP2R1A;PPP2R5D;PTPN11;RELA;RPS6KA3;S100A12;SKP1;UBE2N;UBE2V1;USP14,1.0
R-HSA-948021,Transport to the Golgi and subsequent modification,95,-0.11960383646282646,-0.49447818338850136,1.0,4,SERPINA1;DYNLL2;SPTBN1;SPTAN1,ACTR10;ACTR1A;ANK1;ANK3;ARCN1;ARF4;ARF5;ARFGAP1;ARFGAP2;CAPZA1;CAPZA2;CAPZB;CD55;CD59;COG2;COG3;COL7A1;COPA;COPB1;COPB2;COPE;COPG1;COPG2;COPZ1;CTSC;CTSZ;DCTN1;DCTN2;DCTN3;DCTN4;DCTN5;DYNC1H1;DYNC1I2;DYNC1LI1;DYNC1LI2;DYNLL2;F5;FUCA1;GBF1;GOLGA2;GOLGB1;GOSR1;LMAN1;LMAN2;MAN2A1;MCFD2;MGAT1;MGAT3;MIA3;NAPA;NAPG;NSF;PPP6C;PPP6R1;PPP6R3;PREB;RAB1A;RAB1B;SAR1B;SCFD1;SEC13;SEC16A;SEC22B;SEC23A;SEC23IP;SEC24A;SEC24B;SEC24C;SEC24D;SEC31A;SERPINA1;SPTA1;SPTAN1;SPTB;SPTBN1;SPTBN2;STX5;TFG;TMED10;TMED2;TMED3;TMED7;TMED9;TRAPPC4;TRAPPC5;TUBA1C;TUBA4A;TUBA4B;TUBB2A;TUBB3;TUBB4A;TUBB4B;TUBB6;USO1;YKT6,1.0
