view,model,feature_name,selection_count,outer_fit_count,selection_frequency,median_coefficient,sign_consistency,stable_exploratory_feature,mean_heldout_importance
abundance,elastic_net,A:F03153,150,150,1.0,0.024763454916215268,1.0,True,0.0002197802197802197
abundance,elastic_net,A:F05469,150,150,1.0,-0.034748907077846405,1.0,True,-0.0001956947162426621
abundance,elastic_net,A:F06382,150,150,1.0,0.03699979571938447,1.0,True,0.0023809523809523794
abundance,linear_svm,A:F04853,150,150,1.0,-0.008065842752591174,1.0,True,-0.0012720156555773002
abundance,linear_svm,A:F05080,150,150,1.0,-0.007673728485406208,1.0,True,0.0005330490405117266
abundance,linear_svm,A:F05469,150,150,1.0,-0.008189314705724041,1.0,True,-0.0005752636625119852
abundance,linear_svm,A:F06382,150,150,1.0,0.008250973689596406,1.0,True,0.0009523809523809514
abundance,linear_svm,A:F06575,150,150,1.0,0.007830232114765568,1.0,True,0.0010837438423645324
abundance,linear_svm,A:F06783,150,150,1.0,-0.00800075409919395,1.0,True,0.00019175455417066087
combined,elastic_net,A:F05469,150,150,1.0,-0.03243373918451244,1.0,True,0.0017733990147783241
combined,elastic_net,D:F04586,150,150,1.0,0.04215997764726205,1.0,True,-0.0016865079365079366
combined,linear_svm,A:F04853,150,150,1.0,-0.008083011272105756,1.0,True,-0.0005030181086519112
combined,linear_svm,A:F05469,150,150,1.0,-0.00824151665773925,1.0,True,-9.652509652509644e-05
combined,linear_svm,A:F06783,150,150,1.0,-0.007976812030893789,1.0,True,0.001998001998001999
combined,linear_svm,D:F04586,150,150,1.0,0.008664194822139145,1.0,True,0.0011741682974559708
detection,linear_svm,D:F03043,150,150,1.0,0.009047235068552668,1.0,True,0.004095238095238097
detection,linear_svm,D:F03594,150,150,1.0,0.009526113499478923,1.0,True,0.004995004995004995
detection,linear_svm,D:F04501,150,150,1.0,0.009347891077250934,1.0,True,0.004795204795204795
detection,linear_svm,D:F04586,150,150,1.0,0.009926660534586719,1.0,True,0.0036190476190476194
detection,linear_svm,D:F06564,150,150,1.0,0.009850902054631187,1.0,True,0.0038610038610038615
abundance,linear_svm,A:F02205,150,150,1.0,-0.007854105639935011,0.9933333333333333,True,0.0004926108374384234
combined,linear_svm,D:F04501,150,150,1.0,0.007988549351109434,0.9866666666666667,True,-0.00063965884861407
detection,linear_svm,D:F03801,150,150,1.0,0.008918933835588987,0.9866666666666667,True,0.0015984015984015984
detection,linear_svm,D:F07862,150,150,1.0,0.008950548555924791,0.9866666666666667,True,0.005572441742654508
abundance,linear_svm,A:F00282,150,150,1.0,-0.007924791185392575,0.98,True,0.0010689990281827016
abundance,linear_svm,A:F01742,150,150,1.0,-0.0076440295168947806,0.98,True,0.0002528445006321115
combined,linear_svm,D:F03594,150,150,1.0,0.008056679646410839,0.9666666666666667,True,-0.0016233766233766222
combined,linear_svm,D:F06564,150,150,1.0,0.008170732574044673,0.96,True,-0.0006302521008403357
abundance,elastic_net,A:F02726,149,150,0.9933333333333333,-0.024023916600719192,1.0,True,0.00011428571428571424
abundance,elastic_net,A:F03953,149,150,0.9933333333333333,-0.023439027144778725,1.0,True,0.0
combined,elastic_net,A:F06382,149,150,0.9933333333333333,0.034507775076741735,1.0,True,0.003259827420901245
detection,elastic_net,D:F04586,149,150,0.9933333333333333,0.05241565614200835,1.0,True,0.010907335907335908
detection,linear_svm,D:F01400,149,150,0.9933333333333333,-0.009007423022934488,0.9932885906040269,True,0.0039309683604985615
abundance,linear_svm,A:F06710,149,150,0.9933333333333333,-0.007586656622543813,0.9798657718120806,True,-0.000936768149882905
combined,linear_svm,A:F00282,149,150,0.9933333333333333,-0.007846030188516992,0.9731543624161074,True,0.0016326530612244903
abundance,elastic_net,A:F00259,148,150,0.9866666666666667,-0.0144921702412916,1.0,True,0.0
abundance,elastic_net,A:F02531,148,150,0.9866666666666667,-0.01603217215451371,1.0,True,0.0
abundance,elastic_net,A:F03402,148,150,0.9866666666666667,-0.021201801185965007,1.0,True,0.0005042016806722688
abundance,elastic_net,A:F03622,148,150,0.9866666666666667,-0.027761433616107358,1.0,True,0.00019436345966958175
abundance,elastic_net,A:F03706,148,150,0.9866666666666667,-0.013717894891819626,1.0,True,0.0015873015873015866
abundance,linear_svm,A:F03153,148,150,0.9866666666666667,0.007655870306270742,1.0,True,0.00031982942430703644
combined,elastic_net,A:F01422,148,150,0.9866666666666667,0.029415759217059592,1.0,True,0.002623906705539358
combined,linear_svm,A:F06382,148,150,0.9866666666666667,0.008153623099325968,1.0,True,0.002895752895752895
detection,linear_svm,D:F04698,148,150,0.9866666666666667,0.009001268622642604,1.0,True,0.005442176870748298
combined,linear_svm,A:F02205,148,150,0.9866666666666667,-0.00785008574796729,0.9864864864864865,True,0.0013655462184873957
abundance,elastic_net,A:F01422,147,150,0.98,0.03115233586965814,1.0,True,0.00019569471624266107
abundance,elastic_net,A:F02206,147,150,0.98,-0.02472934273176249,1.0,True,0.0006644518272425247
abundance,elastic_net,A:F06785,147,150,0.98,-0.012962240736948726,1.0,True,0.0015873015873015866
abundance,linear_svm,A:F02726,147,150,0.98,-0.0075643755393590174,1.0,True,0.00011709601873536265
combined,elastic_net,A:F04853,147,150,0.98,-0.027837683487802772,1.0,True,0.00010582010582010459
detection,elastic_net,D:F04698,147,150,0.98,0.037918330778916626,1.0,True,0.002266009852216749
abundance,linear_svm,A:F04996,147,150,0.98,-0.007484199755730111,0.9931972789115646,True,-0.000544217687074831
combined,linear_svm,A:F01742,147,150,0.98,-0.007577487946577268,0.9727891156462585,True,0.0007849293563579292
abundance,elastic_net,A:F06783,146,150,0.9733333333333334,-0.027927728571272743,1.0,True,0.0
abundance,linear_svm,A:F03953,146,150,0.9733333333333334,-0.007545196376503698,1.0,True,-0.00011074197120708774
combined,elastic_net,A:F02726,146,150,0.9733333333333334,-0.022702974515439067,1.0,True,0.0013106159895150714
combined,elastic_net,A:F06575,146,150,0.9733333333333334,0.02330242454976003,1.0,True,0.0004120879120879118
combined,elastic_net,A:F06783,146,150,0.9733333333333334,-0.025180158475222106,1.0,True,0.0015037593984962403
combined,linear_svm,A:F06575,146,150,0.9733333333333334,0.007740682135770289,1.0,True,0.00156062424969988
detection,elastic_net,D:F06564,146,150,0.9733333333333334,0.046545164823151935,1.0,True,0.006993006993006995
abundance,elastic_net,A:F04853,146,150,0.9733333333333334,-0.030997227933539945,0.9931506849315068,True,0.00010131712259371816
abundance,linear_svm,A:F01723,146,150,0.9733333333333334,-0.007419231471811979,0.9794520547945206,True,-0.0007142857142857144
combined,elastic_net,A:F03769,145,150,0.9666666666666667,0.02259895430721123,1.0,True,-0.0011095700416088778
combined,elastic_net,D:F04698,145,150,0.9666666666666667,0.023359549604404905,1.0,True,0.0006079027355623109
combined,elastic_net,D:F04501,145,150,0.9666666666666667,0.02515800890999766,0.9862068965517241,True,0.00012531328320802018
abundance,elastic_net,A:F00147,144,150,0.96,-0.019001344552516272,1.0,True,0.0
abundance,elastic_net,A:F02474,144,150,0.96,0.0237837341408514,1.0,True,0.0
abundance,elastic_net,A:F02791,144,150,0.96,-0.009594502940928803,1.0,True,
abundance,elastic_net,A:F03473,144,150,0.96,-0.013972021553807525,1.0,True,0.0
abundance,elastic_net,A:F04396,144,150,0.96,-0.018292157014235446,1.0,True,0.0
abundance,elastic_net,A:F05080,144,150,0.96,-0.02368182329144961,1.0,True,0.0
abundance,elastic_net,A:F07332,144,150,0.96,-0.01565695269238708,1.0,True,0.0
combined,elastic_net,A:F00147,144,150,0.96,-0.017138255248185588,1.0,True,-0.0013605442176870763
combined,elastic_net,A:F03153,144,150,0.96,0.02130515476762751,1.0,True,-0.00046082949308755744
combined,linear_svm,A:F05080,144,150,0.96,-0.007606754239304446,1.0,True,-0.00011904761904761886
detection,elastic_net,D:F03043,144,150,0.96,0.037417187117211745,1.0,True,0.00386904761904762
abundance,elastic_net,A:F02815,144,150,0.96,-0.017432266640166887,0.9930555555555556,True,0.0
detection,linear_svm,D:F05239,144,150,0.96,0.00867927661855776,0.9930555555555556,True,0.0011520737327188947
detection,linear_svm,D:F05365,144,150,0.96,0.008701458429572652,0.9930555555555556,True,0.0007936507936507939
abundance,elastic_net,A:F00269,144,150,0.96,-0.017135709553140907,0.9722222222222222,True,0.0
abundance,elastic_net,A:F00282,144,150,0.96,-0.027290042322892727,0.9722222222222222,True,-2.973811673103098e-19
abundance,elastic_net,A:F06428,144,150,0.96,-0.0206979186789318,0.9722222222222222,True,-0.0003322259136212628
abundance,elastic_net,A:F07730,144,150,0.96,-0.009502909132590671,0.9722222222222222,True,0.0
abundance,elastic_net,A:F01723,144,150,0.96,-0.018240548511708105,0.9652777777777778,True,0.0
abundance,elastic_net,A:F00042,143,150,0.9533333333333334,-0.014039325273433403,1.0,True,
abundance,elastic_net,A:F00558,143,150,0.9533333333333334,-0.013790932974090397,1.0,True,0.0006493506493506491
abundance,elastic_net,A:F02205,143,150,0.9533333333333334,-0.025849383889000137,1.0,True,0.0
abundance,elastic_net,A:F03000,143,150,0.9533333333333334,-0.013067988685201485,1.0,True,0.0
abundance,elastic_net,A:F04996,143,150,0.9533333333333334,-0.02006465404854608,1.0,True,0.0
abundance,elastic_net,A:F05488,143,150,0.9533333333333334,-0.006679530210293366,1.0,True,
abundance,linear_svm,A:F06428,143,150,0.9533333333333334,-0.0074891481117296006,0.9790209790209791,True,-0.0005903187721369553
abundance,linear_svm,A:F07336,143,150,0.9533333333333334,-0.007398641362652155,0.9790209790209791,True,-0.001242236024844721
combined,elastic_net,D:F03594,143,150,0.9533333333333334,0.02663375814001505,0.9790209790209791,True,-0.002678571428571429
abundance,elastic_net,A:F02084,143,150,0.9533333333333334,0.019215234386448062,0.972027972027972,True,0.0
abundance,elastic_net,A:F02533,143,150,0.9533333333333334,0.013478084142467454,0.972027972027972,True,0.0
abundance,elastic_net,A:F03884,143,150,0.9533333333333334,-0.01531538846783701,0.965034965034965,True,0.0
abundance,elastic_net,A:F06683,143,150,0.9533333333333334,-0.006106086047065514,0.965034965034965,True,
abundance,elastic_net,A:F00280,142,150,0.9466666666666667,-0.013281033071914458,1.0,True,
abundance,elastic_net,A:F01483,142,150,0.9466666666666667,-0.013296644188942337,1.0,True,0.0
abundance,elastic_net,A:F06575,142,150,0.9466666666666667,0.025914715916384452,1.0,True,0.00010427528675703854
combined,elastic_net,A:F02205,142,150,0.9466666666666667,-0.02328769454734772,1.0,True,0.001400560224089636
combined,elastic_net,A:F05080,142,150,0.9466666666666667,-0.021303436962032195,1.0,True,-0.000321027287319422
combined,elastic_net,D:F06564,142,150,0.9466666666666667,0.029269004777883786,1.0,True,3.357529308342207e-19
detection,linear_svm,D:F06592,142,150,0.9466666666666667,0.008868879824188483,0.9929577464788732,True,0.0017448200654307526
abundance,elastic_net,A:F00276,142,150,0.9466666666666667,-0.01850615673286641,0.9859154929577465,True,0.0
abundance,elastic_net,A:F04105,142,150,0.9466666666666667,-0.02546407885637795,0.9859154929577465,True,0.00020703933747411984
abundance,elastic_net,A:F04398,142,150,0.9466666666666667,-0.01511137505028171,0.9859154929577465,True,0.0
abundance,elastic_net,A:F06710,142,150,0.9466666666666667,-0.022386879257411278,0.9788732394366197,True,0.0
abundance,elastic_net,A:F07305,142,150,0.9466666666666667,0.014049717829153346,0.971830985915493,True,-0.0023809523809523833
abundance,elastic_net,A:F04531,142,150,0.9466666666666667,-0.006784296721401625,0.9647887323943662,True,
abundance,elastic_net,A:F02093,141,150,0.94,0.011804078961914287,1.0,True,0.0
abundance,elastic_net,A:F03769,141,150,0.94,0.02658634310785373,1.0,True,0.0003105590062111797
abundance,elastic_net,A:F05666,141,150,0.94,-0.013359541627125897,1.0,True,
detection,elastic_net,D:F00668,141,150,0.94,0.028990203188887766,1.0,True,0.003539823008849556
detection,elastic_net,D:F04501,141,150,0.94,0.03542696156263154,1.0,True,0.0009453781512605039
detection,linear_svm,D:F01212,141,150,0.94,0.00889054313309353,1.0,True,0.0019957983193277305
abundance,elastic_net,A:F07336,141,150,0.94,-0.020171422423809482,0.9929078014184397,True,0.0
abundance,elastic_net,A:F01742,141,150,0.94,-0.022465854248618994,0.9858156028368794,True,0.0
abundance,elastic_net,A:F01959,141,150,0.94,-0.008266009648228637,0.9858156028368794,True,0.0
abundance,elastic_net,A:F03794,141,150,0.94,-0.01081091962184855,0.9858156028368794,True,
abundance,elastic_net,A:F01406,140,150,0.9333333333333333,-0.007492608647179416,1.0,True,0.0
abundance,elastic_net,A:F01657,140,150,0.9333333333333333,-0.00978311452515515,1.0,True,
abundance,elastic_net,A:F01739,140,150,0.9333333333333333,-0.008417147652794391,1.0,True,0.0
abundance,elastic_net,A:F04860,140,150,0.9333333333333333,-0.014605054181990311,1.0,True,0.0
combined,elastic_net,A:F02531,140,150,0.9333333333333333,-0.013249053427189348,1.0,True,0.002197802197802197
detection,elastic_net,D:F07766,140,150,0.9333333333333333,-0.026157175902797362,1.0,True,0.0004926108374384234
combined,elastic_net,A:F00282,140,150,0.9333333333333333,-0.024483542107772427,0.9928571428571429,True,0.0006321112515802776
abundance,elastic_net,A:F00436,139,150,0.9266666666666666,-0.009405287685026817,1.0,True,0.0
abundance,elastic_net,A:F00932,139,150,0.9266666666666666,-0.008543895310035477,1.0,True,
abundance,linear_svm,A:F01422,139,150,0.9266666666666666,0.007873285462595216,1.0,True,0.0013360739979445008
combined,elastic_net,A:F03953,139,150,0.9266666666666666,-0.019580924863825584,1.0,True,0.0005194805194805193
detection,linear_svm,D:F06565,139,150,0.9266666666666666,0.008898952398834465,1.0,True,0.0031282586027111575
combined,elastic_net,D:F07862,139,150,0.9266666666666666,0.017125838859561107,0.9856115107913669,True,-0.0025974025974025983
abundance,elastic_net,A:F01333,138,150,0.92,-0.011687362722062769,1.0,True,0.0
abundance,elastic_net,A:F03694,138,150,0.92,-0.005722157546259516,1.0,True,0.0
abundance,linear_svm,A:F04105,138,150,0.92,-0.007674568769648053,1.0,True,-0.00020855057351407756
abundance,elastic_net,A:F03192,138,150,0.92,0.009111708706680075,0.9927536231884058,True,-0.057142857142857204
combined,elastic_net,A:F06710,138,150,0.92,-0.019040710369664666,0.9927536231884058,True,0.0007326007326007317
detection,elastic_net,D:F01400,138,150,0.92,-0.03566701971075706,0.9927536231884058,True,0.0015037593984962411
combined,linear_svm,A:F06710,138,150,0.92,-0.007538230305175071,0.9782608695652174,True,0.00017857142857142846
combined,elastic_net,A:F00558,137,150,0.9133333333333333,-0.011939209114259013,1.0,True,0.0005494505494505492
combined,elastic_net,A:F04396,137,150,0.9133333333333333,-0.0161080345148291,1.0,True,0.0
detection,elastic_net,D:F01099,137,150,0.9133333333333333,0.02058465842969108,1.0,True,-0.001207243460764587
detection,elastic_net,D:F05966,137,150,0.9133333333333333,0.0243217521928905,1.0,True,0.0017142857142857142
abundance,elastic_net,A:F00243,137,150,0.9133333333333333,-0.0046516009835219935,0.9708029197080292,True,0.0
abundance,elastic_net,A:F02118,137,150,0.9133333333333333,0.006191422829860193,0.9708029197080292,True,0.0
abundance,elastic_net,A:F01392,137,150,0.9133333333333333,-0.008125920111879119,0.9635036496350365,True,0.0
combined,elastic_net,A:F06428,137,150,0.9133333333333333,-0.01757066444192533,0.9635036496350365,True,-0.0023809523809523846
combined,elastic_net,D:F03043,136,150,0.9066666666666666,0.02225804191234851,1.0,True,0.004945054945054946
detection,elastic_net,D:F03594,136,150,0.9066666666666666,0.03593527045003485,1.0,True,0.0014396456256921379
combined,elastic_net,A:F01742,136,150,0.9066666666666666,-0.018606848937073307,0.9926470588235294,True,0.0004608294930875581
combined,elastic_net,A:F04996,136,150,0.9066666666666666,-0.018021725079508385,0.9926470588235294,True,0.001680672268907563
abundance,elastic_net,A:F00973,136,150,0.9066666666666666,-0.0038681341607396617,0.9632352941176471,True,
abundance,elastic_net,A:F04762,135,150,0.9,-0.019404757580164272,1.0,True,0.0008746355685131191
combined,elastic_net,A:F00259,135,150,0.9,-0.011396864587851269,1.0,True,0.0
combined,elastic_net,A:F02474,135,150,0.9,0.019726239916167895,1.0,True,-0.00026455026455026446
combined,linear_svm,A:F02726,135,150,0.9,-0.007552327696134091,1.0,True,0.0012244897959183673
detection,elastic_net,D:F05239,135,150,0.9,0.020930833243730233,1.0,True,-0.0008658008658008655
combined,elastic_net,A:F00269,135,150,0.9,-0.01459518327607151,0.9851851851851852,True,0.00119047619047619
abundance,elastic_net,A:F00814,135,150,0.9,0.007624689121176007,0.9629629629629629,True,-0.0011904761904761934
abundance,linear_svm,A:F00147,134,150,0.8933333333333333,-0.0072124821365828345,1.0,True,-0.0009118541033434672
combined,elastic_net,A:F07332,134,150,0.8933333333333333,-0.01238509271918867,1.0,True,
detection,elastic_net,D:F06565,134,150,0.8933333333333333,0.029302649231311456,1.0,True,0.0026410564225690276
combined,elastic_net,D:F05365,134,150,0.8933333333333333,0.015661369052312565,0.9925373134328358,True,-0.0022857142857142837
detection,elastic_net,D:F01212,134,150,0.8933333333333333,0.029507530400626925,0.9776119402985075,True,0.0015873015873015873
combined,elastic_net,A:F04105,134,150,0.8933333333333333,-0.019939910511734896,0.9701492537313433,True,-0.002244897959183675
abundance,elastic_net,A:F07567,134,150,0.8933333333333333,0.007504781563880155,0.9626865671641791,True,-0.007142857142857151
combined,elastic_net,A:F06785,133,150,0.8866666666666667,-0.011121786262728951,1.0,True,0.0010204081632653058
combined,linear_svm,D:F07862,133,150,0.8866666666666667,0.007379298848795015,0.9699248120300752,True,-0.005668934240362812
detection,elastic_net,D:F00024,132,150,0.88,-0.028380014269829314,1.0,True,0.004591836734693877
detection,elastic_net,D:F05365,132,150,0.88,0.022118537168839564,1.0,True,-0.0005494505494505498
detection,elastic_net,D:F07862,132,150,0.88,0.02743803640142222,1.0,True,0.00037267080745341595
combined,elastic_net,A:F02815,132,150,0.88,-0.013507387412278395,0.9924242424242424,True,0.0
combined,elastic_net,D:F05239,132,150,0.88,0.013826049367939148,0.9924242424242424,True,0.0
detection,elastic_net,D:F06592,132,150,0.88,0.025628128668441743,0.9924242424242424,True,-0.0008086253369272233
abundance,elastic_net,A:F03118,131,150,0.8733333333333333,-0.010046334074831242,1.0,True,0.0
abundance,linear_svm,A:F03769,131,150,0.8733333333333333,0.0076800559593921715,1.0,True,-0.00010905125408942265
detection,elastic_net,D:F01065,131,150,0.8733333333333333,0.021358511641535113,1.0,True,0.00022675736961451237
abundance,elastic_net,A:F00052,131,150,0.8733333333333333,-0.011273926090666957,0.9923664122137404,True,
abundance,linear_svm,A:F02815,131,150,0.8733333333333333,-0.00714105430850916,0.9923664122137404,True,-0.0024390243902439033
combined,elastic_net,D:F01212,131,150,0.8733333333333333,0.020359091598181448,0.9923664122137404,True,-0.0044265593561368215
detection,elastic_net,D:F06570,131,150,0.8733333333333333,0.019796557875860134,0.9923664122137404,True,-0.00119047619047619
detection,linear_svm,D:F01065,131,150,0.8733333333333333,0.008622933996412917,0.9923664122137404,True,0.00013106159895150737
abundance,linear_svm,A:F03884,130,150,0.8666666666666667,-0.007135735555291655,1.0,True,-0.0031746031746031776
combined,elastic_net,D:F06565,130,150,0.8666666666666667,0.015535667796973476,0.9923076923076923,True,-0.0006211180124223598
combined,elastic_net,A:F05666,130,150,0.8666666666666667,-0.01056161501184668,0.9846153846153847,True,0.0
combined,elastic_net,A:F07336,130,150,0.8666666666666667,-0.015213198646588915,0.9846153846153847,True,0.0
combined,elastic_net,A:F01723,130,150,0.8666666666666667,-0.014522300930057498,0.9769230769230769,True,0.0
combined,elastic_net,A:F00276,129,150,0.86,-0.015318314722711578,1.0,True,0.0
combined,linear_svm,A:F03953,129,150,0.86,-0.007460097089873555,1.0,True,0.0005952380952380956
detection,elastic_net,D:F06704,129,150,0.86,0.01673108591735977,1.0,True,-0.00043290043290043285
combined,elastic_net,A:F03473,129,150,0.86,-0.01022579242804055,0.9922480620155039,True,0.0
combined,linear_svm,A:F04996,129,150,0.86,-0.007446269730362332,0.9922480620155039,True,-0.0008163265306122448
abundance,linear_svm,A:F02474,128,150,0.8533333333333334,0.00750681413373186,1.0,True,0.0003428571428571427
combined,elastic_net,D:F01065,128,150,0.8533333333333334,0.013650252939140562,0.9921875,True,-0.011111111111111105
abundance,linear_svm,A:F02533,128,150,0.8533333333333334,0.007079947770335396,0.9765625,True,-0.0011904761904761919
combined,linear_svm,A:F06428,128,150,0.8533333333333334,-0.007341506532373869,0.9765625,True,0.002455357142857145
combined,linear_svm,A:F01723,128,150,0.8533333333333334,-0.007162925415685446,0.9609375,True,-0.0027874564459930288
combined,elastic_net,D:F01400,128,150,0.8533333333333334,-0.016610617679206303,0.953125,True,-0.0020905923344947753
abundance,elastic_net,A:F05003,127,150,0.8466666666666667,-0.009125081342407223,1.0,True,0.0
abundance,elastic_net,A:F06935,127,150,0.8466666666666667,-0.005910270390290476,1.0,True,0.0
detection,elastic_net,D:F04158,127,150,0.8466666666666667,0.018691480725032072,1.0,True,0.0
detection,elastic_net,D:F03801,127,150,0.8466666666666667,0.0289061295877345,0.9921259842519685,True,0.001815980629539952
combined,elastic_net,A:F03622,126,150,0.84,-0.024221893828896134,1.0,True,0.0004884004884004871
detection,elastic_net,D:F02508,126,150,0.84,0.015583685811302199,1.0,True,-0.00357142857142857
detection,elastic_net,D:F05659,126,150,0.84,0.012915469736360109,1.0,True,0.0
combined,linear_svm,A:F03153,126,150,0.84,0.007387914330701495,0.9920634920634921,True,0.0005639097744360921
detection,elastic_net,D:F00695,126,150,0.84,0.016507425312034626,0.9920634920634921,True,-0.0004081632653061223
detection,elastic_net,D:F00829,126,150,0.84,0.0211654499954624,0.9920634920634921,True,0.0004926108374384253
combined,elastic_net,A:F00280,126,150,0.84,-0.00974424784439288,0.9841269841269841,True,
combined,elastic_net,A:F02084,125,150,0.8333333333333334,0.013800084809335438,0.952,True,0.0
combined,elastic_net,A:F00042,124,150,0.8266666666666667,-0.014255125247391552,1.0,True,0.002142857142857142
detection,elastic_net,D:F05271,124,150,0.8266666666666667,0.015008951549089745,0.9919354838709677,True,-0.0010582010582010578
detection,elastic_net,D:F05228,124,150,0.8266666666666667,0.020817318069385405,0.9758064516129032,True,0.00131868131868132
detection,elastic_net,D:F03204,124,150,0.8266666666666667,0.01698292447382327,0.967741935483871,True,0.0016806722689075623
combined,linear_svm,D:F03801,124,150,0.8266666666666667,0.007306104546803743,0.9032258064516129,True,-0.00763546798029557
abundance,elastic_net,A:F01461,123,150,0.82,0.01613376460134213,1.0,True,0.0
detection,elastic_net,D:F03082,123,150,0.82,0.02003276297830081,1.0,True,0.00023419203747072591
detection,elastic_net,D:F05152,123,150,0.82,0.014139721879290964,0.983739837398374,True,0.0024844720496894402
combined,elastic_net,A:F03884,123,150,0.82,-0.011525841816341286,0.9512195121951219,True,
combined,elastic_net,D:F03801,123,150,0.82,0.014588801798821207,0.9512195121951219,True,-0.003673469387755102
combined,elastic_net,D:F06592,123,150,0.82,0.009663542221240353,0.9512195121951219,True,-0.0035714285714285726
combined,elastic_net,A:F03000,122,150,0.8133333333333334,-0.011317991752915008,1.0,True,0.0015873015873015866
detection,elastic_net,D:F02465,122,150,0.8133333333333334,0.018396246032877744,1.0,True,0.00028011204481792704
detection,elastic_net,D:F03526,122,150,0.8133333333333334,0.01214163613855634,1.0,True,0.00119047619047619
combined,linear_svm,D:F03043,122,150,0.8133333333333334,0.007653362834302369,0.9918032786885246,True,0.003416149068322985
detection,elastic_net,D:F06377,122,150,0.8133333333333334,0.015981127007430235,0.9918032786885246,True,-0.0009523809523809521
combined,elastic_net,A:F02533,121,150,0.8066666666666666,0.011237433009726128,0.9586776859504132,True,0.0
detection,elastic_net,D:F02826,120,150,0.8,0.016999013340007862,0.9916666666666667,True,0.0020408163265306116
detection,elastic_net,D:F00012,120,150,0.8,0.01071033139605343,0.9833333333333333,True,0.0
combined,linear_svm,A:F07336,120,150,0.8,-0.007252531608147667,0.9666666666666667,True,-0.0019047619047619054
abundance,linear_svm,A:F04396,119,150,0.7933333333333333,-0.007160971365403612,1.0,True,-0.006060606060606063
detection,linear_svm,D:F05228,119,150,0.7933333333333333,0.008629671445528243,0.9915966386554622,True,-0.00029154518950437225
combined,elastic_net,A:F07730,119,150,0.7933333333333333,-0.005638767136009701,0.9495798319327731,True,0.0
abundance,elastic_net,A:F05631,118,150,0.7866666666666666,0.021718527204104464,1.0,True,0.0006722689075630249
combined,elastic_net,A:F02206,118,150,0.7866666666666666,-0.020017383233411637,1.0,True,0.0005194805194805185
combined,elastic_net,A:F03402,118,150,0.7866666666666666,-0.022704343981977453,1.0,True,0.0028273809523809497
combined,elastic_net,D:F07766,118,150,0.7866666666666666,-0.015537667835620451,1.0,True,0.0
detection,elastic_net,D:F06750,118,150,0.7866666666666666,0.011137813347681807,1.0,True,0.0
abundance,elastic_net,A:F04426,118,150,0.7866666666666666,0.012080812474382297,0.9915254237288136,True,0.0
combined,linear_svm,A:F04105,118,150,0.7866666666666666,-0.007424053713585279,0.9576271186440678,True,-0.0004559270516717326
abundance,elastic_net,A:F03146,117,150,0.78,-0.007052850007691963,1.0,True,0.0
detection,linear_svm,D:F06570,117,150,0.78,0.008570118676305166,0.9914529914529915,True,-0.0030721966205837165
combined,elastic_net,A:F01959,116,150,0.7733333333333333,-0.006634452094301968,1.0,True,0.0
abundance,elastic_net,A:F02861,116,150,0.7733333333333333,-0.005843315643579306,0.9913793103448276,True,0.0
detection,elastic_net,D:F03332,116,150,0.7733333333333333,0.010013445935388242,0.9741379310344828,True,0.0
combined,elastic_net,A:F01657,116,150,0.7733333333333333,-0.004500426146810905,0.9482758620689655,True,
combined,elastic_net,D:F06570,115,150,0.7666666666666667,0.015818188325312368,1.0,True,0.0022556390977443597
abundance,elastic_net,A:F06869,115,150,0.7666666666666667,0.00660898570493896,0.9826086956521739,True,0.0
detection,elastic_net,D:F05626,114,150,0.76,0.021707801483534236,1.0,True,0.0007263922518159825
combined,elastic_net,A:F00436,114,150,0.76,-0.008793366566863301,0.9912280701754386,True,-0.00857142857142858
detection,elastic_net,D:F04488,114,150,0.76,0.010619126806360929,0.9824561403508771,True,0.0
combined,linear_svm,A:F02533,114,150,0.76,0.007043129562753713,0.9473684210526315,True,-0.009142857142857142
abundance,elastic_net,A:F03695,113,150,0.7533333333333333,0.01515922401846752,1.0,True,0.0
abundance,linear_svm,A:F07332,113,150,0.7533333333333333,-0.006982546309694688,1.0,True,-0.001587301587301589
combined,linear_svm,A:F01422,113,150,0.7533333333333333,0.007719974965293735,1.0,True,0.0017699115044247785
detection,elastic_net,D:F03468,113,150,0.7533333333333333,0.01537707267742463,1.0,True,0.0
abundance,linear_svm,A:F02084,113,150,0.7533333333333333,0.007290308405182416,0.9911504424778761,True,0.0
detection,elastic_net,D:F04691,113,150,0.7533333333333333,0.007965677828458532,0.9823008849557522,True,0.0
combined,linear_svm,A:F03884,113,150,0.7533333333333333,-0.0069581049105100655,0.911504424778761,True,-0.006015037593984967
detection,elastic_net,D:F07448,112,150,0.7466666666666667,0.007997557547297625,0.9821428571428571,True,0.0
detection,elastic_net,D:F03808,111,150,0.74,0.00960942272954113,1.0,True,-0.0053571428571428555
combined,linear_svm,D:F01400,111,150,0.74,-0.007310330441095569,0.972972972972973,True,-0.006403940886699514
combined,linear_svm,D:F04698,110,150,0.7333333333333333,0.007586035472988882,1.0,True,-0.00015873015873015908
abundance,elastic_net,A:F06714,110,150,0.7333333333333333,-0.003090241118511454,0.9727272727272728,True,0.0
abundance,linear_svm,A:F00269,109,150,0.7266666666666667,-0.00707791691640948,1.0,True,0.0008746355685131201
abundance,elastic_net,A:F01389,109,150,0.7266666666666667,-0.008782417605085267,0.9908256880733946,True,
detection,elastic_net,D:F04526,109,150,0.7266666666666667,0.00872025869275241,0.9908256880733946,True,0.0
combined,elastic_net,A:F03794,109,150,0.7266666666666667,-0.007290433257268298,0.981651376146789,True,
combined,elastic_net,A:F03706,108,150,0.72,-0.013276769241259714,1.0,True,0.0
detection,elastic_net,D:F07313,107,150,0.7133333333333334,0.011913851932960684,0.9813084112149533,True,0.0
combined,linear_svm,A:F00147,106,150,0.7066666666666667,-0.0071902748886239955,1.0,True,-3.1390234327199367e-18
detection,linear_svm,D:F07766,106,150,0.7066666666666667,-0.008626172651359015,1.0,True,0.003000000000000001
combined,elastic_net,A:F04398,106,150,0.7066666666666667,-0.01116827819895333,0.9905660377358491,True,-0.0071428571428571504
combined,linear_svm,A:F03769,106,150,0.7066666666666667,0.007465859690337823,0.9905660377358491,True,-0.0007763975155279507
abundance,elastic_net,A:F03605,105,150,0.7,-0.02439554042526818,1.0,True,-0.00015037593984962422
detection,elastic_net,D:F04890,105,150,0.7,0.008748198113974594,0.9809523809523809,True,0.0
detection,linear_svm,D:F03204,105,150,0.7,0.00852475634475212,0.9619047619047619,True,0.0014778325123152723
abundance,elastic_net,A:F01606,104,150,0.6933333333333334,0.011993635552919647,1.0,True,0.0
abundance,linear_svm,A:F00558,104,150,0.6933333333333334,-0.006873839159679519,1.0,True,-0.009523809523809525
detection,elastic_net,D:F01827,104,150,0.6933333333333334,0.012560950593430998,1.0,True,-0.001428571428571428
detection,linear_svm,D:F00829,104,150,0.6933333333333334,0.008570047805591247,1.0,True,0.00017211703958692058
combined,elastic_net,A:F05488,102,150,0.68,-0.006608945912422504,1.0,True,
combined,elastic_net,D:F00829,102,150,0.68,0.012208612997062537,1.0,True,-0.006249999999999997
detection,elastic_net,D:F03805,102,150,0.68,0.029937431201700258,1.0,True,0.0046583850931677
combined,linear_svm,A:F04396,102,150,0.68,-0.007149727651277647,0.9803921568627451,True,-0.008730158730158736
detection,elastic_net,D:F04960,102,150,0.68,0.009754235726577605,0.9803921568627451,True,0.0
combined,linear_svm,A:F02815,102,150,0.68,-0.00703852740406915,0.9607843137254902,True,0.005714285714285716
detection,elastic_net,D:F01162,101,150,0.6733333333333333,0.020018771722720083,1.0,True,0.0020833333333333324
combined,elastic_net,D:F05228,101,150,0.6733333333333333,0.00950858694970357,0.9504950495049505,True,0.0
detection,elastic_net,D:F07357,100,150,0.6666666666666666,0.009143145230932816,1.0,True,-0.01428571428571428
detection,linear_svm,D:F01099,100,150,0.6666666666666666,0.00877710350181124,1.0,True,-0.002210884353741497
abundance,linear_svm,A:F05666,99,150,0.66,-0.006777327079910716,1.0,True,0.0
detection,elastic_net,D:F04694,99,150,0.66,0.010811976174661104,1.0,True,-0.00952380952380952
abundance,elastic_net,A:F05405,99,150,0.66,0.008539127903408812,0.98989898989899,True,0.0
abundance,linear_svm,A:F07730,99,150,0.66,-0.006559452627677103,0.98989898989899,True,0.0
abundance,elastic_net,A:F01540,98,150,0.6533333333333333,-0.022710132638049725,1.0,True,-2.9319270016509415e-19
abundance,linear_svm,A:F00280,98,150,0.6533333333333333,-0.006835565035278824,1.0,True,0.0
abundance,linear_svm,A:F02531,98,150,0.6533333333333333,-0.0068782984701712385,1.0,True,-0.009523809523809533
abundance,elastic_net,A:F07022,98,150,0.6533333333333333,0.008607803585883068,0.9795918367346939,True,0.0
detection,elastic_net,D:F02220,98,150,0.6533333333333333,0.009848415217212251,0.9795918367346939,True,0.0
combined,elastic_net,D:F01099,97,150,0.6466666666666666,0.021417628796012472,1.0,True,-0.0012106537530266338
combined,linear_svm,A:F02474,97,150,0.6466666666666666,0.007372088006177329,0.979381443298969,True,0.0024553571428571437
detection,elastic_net,D:F01185,96,150,0.64,0.005609865353081004,1.0,True,0.0
abundance,linear_svm,A:F03473,95,150,0.6333333333333333,-0.006710063846158654,1.0,True,0.00476190476190476
combined,elastic_net,A:F04860,95,150,0.6333333333333333,-0.011283231836866062,1.0,True,0.0
detection,elastic_net,D:F01451,95,150,0.6333333333333333,0.0076859631020150185,1.0,True,0.0
detection,linear_svm,D:F04158,95,150,0.6333333333333333,0.008536486278371964,1.0,True,0.0010060362173038237
combined,linear_svm,A:F07332,94,150,0.6266666666666667,-0.00697736760532523,1.0,True,-0.00476190476190476
abundance,elastic_net,A:F01601,94,150,0.6266666666666667,0.007196012087314475,0.9787234042553191,True,0.0
combined,linear_svm,D:F05365,94,150,0.6266666666666667,0.007218407916948541,0.9787234042553191,True,-0.0011583011583011567
combined,elastic_net,D:F03204,94,150,0.6266666666666667,0.007207723486740604,0.925531914893617,True,-0.014285714285714287
combined,elastic_net,D:F06704,93,150,0.62,0.014420046828904617,0.978494623655914,True,0.0
abundance,elastic_net,A:F00274,92,150,0.6133333333333333,-0.00375951500378435,0.9782608695652174,True,0.0
combined,elastic_net,D:F04158,91,150,0.6066666666666667,0.012407865148871742,0.989010989010989,True,-0.002857142857142856
detection,elastic_net,D:F04943,91,150,0.6066666666666667,0.0077548680730100805,0.989010989010989,True,0.0
abundance,linear_svm,A:F00259,90,150,0.6,-0.005562741599663849,1.0,True,0.0
abundance,linear_svm,A:F00276,90,150,0.6,-0.006011899425265534,1.0,True,0.0006211180124223601
combined,linear_svm,D:F06565,90,150,0.6,0.0072992575332962925,0.9777777777777777,True,-0.0014778325123152702
abundance,linear_svm,A:F03622,89,150,0.5933333333333334,-0.006375020288496818,1.0,False,-0.000642054574638845
detection,elastic_net,D:F04436,89,150,0.5933333333333334,0.009205860271349375,1.0,False,0.0
detection,elastic_net,D:F06725,89,150,0.5933333333333334,0.007306767311837982,1.0,False,-0.009523809523809521
abundance,linear_svm,A:F06785,88,150,0.5866666666666667,-0.0054892403760894454,1.0,False,0.0
combined,elastic_net,A:F02791,88,150,0.5866666666666667,-0.008841869379756721,0.9886363636363636,False,0.0
detection,elastic_net,D:F02925,87,150,0.58,0.015134762255043165,1.0,False,-0.002747252747252746
detection,elastic_net,D:F06813,87,150,0.58,0.004788502744371478,1.0,False,0.0
combined,linear_svm,A:F00269,86,150,0.5733333333333334,-0.007096429725633845,1.0,False,-0.003571428571428574
detection,elastic_net,D:F05929,86,150,0.5733333333333334,0.005959672686320478,0.9767441860465116,False,0.0
combined,elastic_net,A:F00243,85,150,0.5666666666666667,-0.0025683378810786176,0.9882352941176471,False,0.0
detection,elastic_net,D:F04914,85,150,0.5666666666666667,0.006011818008970896,0.9882352941176471,False,0.0
abundance,linear_svm,A:F00436,84,150,0.56,-0.0055006807881505795,1.0,False,0.0
abundance,linear_svm,A:F04398,84,150,0.56,-0.005947401026044486,1.0,False,0.0
detection,elastic_net,D:F04737,84,150,0.56,0.005182380286427383,1.0,False,0.0
detection,linear_svm,D:F06704,84,150,0.56,0.008540715214724307,0.9880952380952381,False,0.0005194805194805196
combined,elastic_net,A:F07567,84,150,0.56,0.005732684554406866,0.9285714285714286,False,-0.00714285714285714
abundance,linear_svm,A:F01959,83,150,0.5533333333333333,-0.0056946708349442,1.0,False,-0.012337662337662337
abundance,linear_svm,A:F03402,83,150,0.5533333333333333,-0.005947921488735543,1.0,False,-0.0009852216748768483
detection,elastic_net,D:F01857,83,150,0.5533333333333333,0.008516541671121858,1.0,False,0.0
detection,elastic_net,D:F00099,83,150,0.5533333333333333,0.007250011940003271,0.9879518072289156,False,0.0
combined,elastic_net,A:F06683,83,150,0.5533333333333333,-0.0030263150222241716,0.9518072289156626,False,0.0
combined,linear_svm,D:F05239,82,150,0.5466666666666666,0.007159550623498772,0.9878048780487805,False,-0.0017857142857142837
detection,elastic_net,D:F01693,82,150,0.5466666666666666,0.005636072635945032,0.975609756097561,False,0.0
abundance,linear_svm,A:F01657,81,150,0.54,-0.005374764891028819,1.0,False,
combined,elastic_net,A:F01483,81,150,0.54,-0.011910086656993377,1.0,False,0.006122448979591834
detection,elastic_net,D:F00585,81,150,0.54,0.008084223677391362,1.0,False,0.0
abundance,elastic_net,A:F00373,81,150,0.54,-0.004703910562576336,0.9753086419753086,False,
detection,elastic_net,D:F00182,80,150,0.5333333333333333,0.0060006807919094525,0.95,False,-0.00238095238095238
detection,elastic_net,D:F01133,79,150,0.5266666666666666,0.004736689796457873,1.0,False,
combined,linear_svm,D:F01212,79,150,0.5266666666666666,0.007463415590596905,0.9746835443037974,False,-0.008374384236453205
detection,elastic_net,D:F08066,79,150,0.5266666666666666,0.006875152911441147,0.9493670886075949,False,-0.00476190476190476
abundance,linear_svm,A:F03794,78,150,0.52,-0.00536366819696215,1.0,False,
detection,elastic_net,D:F00338,78,150,0.52,0.009201682901512867,1.0,False,0.0
combined,linear_svm,D:F06592,78,150,0.52,0.0070916829454749745,0.9615384615384616,False,-0.005820105820105825
combined,elastic_net,A:F04531,78,150,0.52,-0.005059232664316251,0.9358974358974359,False,0.0
abundance,linear_svm,A:F03000,77,150,0.5133333333333333,-0.005453903222583243,1.0,False,0.0
combined,linear_svm,A:F05666,77,150,0.5133333333333333,-0.006885192438074564,0.987012987012987,False,0.0
combined,elastic_net,D:F02826,76,150,0.5066666666666667,0.012016914195833736,0.9868421052631579,False,0.0
combined,elastic_net,A:F04762,75,150,0.5,-0.01895060687162241,1.0,False,-0.0004081632653061223
detection,elastic_net,D:F06329,75,150,0.5,0.003946166959068903,1.0,False,
detection,linear_svm,D:F05271,75,150,0.5,0.008450887508149294,0.9466666666666667,False,-0.002040816326530611
combined,elastic_net,A:F02093,74,150,0.49333333333333335,0.010210961771827134,1.0,False,0.0
detection,elastic_net,D:F05856,74,150,0.49333333333333335,0.01390742991884915,1.0,False,0.005194805194805193
combined,elastic_net,A:F03192,74,150,0.49333333333333335,0.008527327274414086,0.9864864864864865,False,0.0
combined,linear_svm,A:F02084,74,150,0.49333333333333335,0.007088586098908849,0.9594594594594594,False,0.0
abundance,linear_svm,A:F00042,73,150,0.4866666666666667,-0.0055005290252211755,1.0,False,
abundance,linear_svm,A:F02206,73,150,0.4866666666666667,-0.006056668330295019,1.0,False,-0.0008048289738430592
detection,elastic_net,D:F05871,73,150,0.4866666666666667,0.004951504915029436,1.0,False,
combined,elastic_net,A:F01392,73,150,0.4866666666666667,-0.0075078811357555284,0.9863013698630136,False,
combined,elastic_net,A:F00932,73,150,0.4866666666666667,-0.00577632712081378,0.9452054794520548,False,0.0
combined,elastic_net,A:F07305,72,150,0.48,0.01571707725919335,0.9861111111111112,False,-0.007936507936507945
combined,elastic_net,D:F02508,72,150,0.48,0.0130747070370131,0.9861111111111112,False,0.0
detection,linear_svm,D:F02826,71,150,0.47333333333333333,0.008289654085681303,0.9859154929577465,False,-2.2657612747452172e-18
combined,elastic_net,D:F05271,71,150,0.47333333333333333,0.009955516542492056,0.971830985915493,False,0.0
detection,linear_svm,D:F05152,71,150,0.47333333333333333,0.0085719585523365,0.971830985915493,False,0.000892857142857143
abundance,linear_svm,A:F04860,70,150,0.4666666666666667,-0.005567254993060433,1.0,False,0.0
abundance,linear_svm,A:F06683,70,150,0.4666666666666667,-0.00508725601322192,1.0,False,
abundance,linear_svm,A:F07567,70,150,0.4666666666666667,0.005299868264400432,0.9857142857142858,False,0.004761904761904767
combined,linear_svm,A:F03473,69,150,0.46,-0.006863638444369802,1.0,False,0.0
combined,linear_svm,A:F07730,69,150,0.46,-0.0056383585096054815,0.9420289855072463,False,0.0
abundance,linear_svm,A:F00243,68,150,0.4533333333333333,-0.0050486166726368825,1.0,False,
combined,elastic_net,A:F01333,68,150,0.4533333333333333,-0.011042699952743694,1.0,False,0.002197802197802197
combined,linear_svm,D:F01065,68,150,0.4533333333333333,0.007116332226655751,0.9705882352941176,False,-0.00476190476190476
combined,elastic_net,D:F00668,67,150,0.44666666666666666,0.021094039104214563,1.0,False,-0.0032967032967032997
combined,linear_svm,A:F02531,67,150,0.44666666666666666,-0.006942966650404876,1.0,False,0.0
abundance,linear_svm,A:F01406,66,150,0.44,-0.005121048081272525,1.0,False,-0.015584415584415584
abundance,linear_svm,A:F03694,66,150,0.44,-0.005082283386190984,1.0,False,-0.018367346938775533
combined,linear_svm,A:F00558,66,150,0.44,-0.0071308169519671265,1.0,False,-0.011180124223602489
detection,linear_svm,D:F02508,66,150,0.44,0.008461224991893754,1.0,False,0.0
abundance,linear_svm,A:F00814,65,150,0.43333333333333335,0.005341146409765538,1.0,False,-0.011111111111111122
abundance,linear_svm,A:F03706,65,150,0.43333333333333335,-0.005415835899761187,1.0,False,0.0
abundance,elastic_net,A:F01393,65,150,0.43333333333333335,-0.004437027596668979,0.9692307692307692,False,0.0
abundance,linear_svm,A:F02093,64,150,0.4266666666666667,0.005314415308202258,1.0,False,0.0
detection,elastic_net,D:F07360,64,150,0.4266666666666667,0.004315138108043919,0.984375,False,0.0
detection,elastic_net,D:F07733,64,150,0.4266666666666667,0.004267443930466283,0.984375,False,0.0
detection,linear_svm,D:F04488,64,150,0.4266666666666667,0.008398330635098511,0.921875,False,1.1564823173178713e-18
abundance,elastic_net,A:F02012,63,150,0.42,-0.008451052119239195,1.0,False,0.00714285714285714
abundance,linear_svm,A:F03192,63,150,0.42,0.00540737903102586,1.0,False,0.0
abundance,elastic_net,A:F04110,63,150,0.42,-0.013451446964560923,0.9841269841269841,False,0.0
combined,elastic_net,D:F05152,63,150,0.42,0.011586071569148803,0.9841269841269841,False,0.0
detection,elastic_net,D:F03394,63,150,0.42,0.005564721326243825,0.9523809523809523,False,-0.014285714285714278
abundance,linear_svm,A:F02791,62,150,0.41333333333333333,-0.005295325501612628,1.0,False,0.0
abundance,linear_svm,A:F05488,62,150,0.41333333333333333,-0.004999194065583639,1.0,False,
abundance,linear_svm,A:F07305,62,150,0.41333333333333333,0.005650478035962313,1.0,False,-0.002955665024630545
abundance,elastic_net,A:F05691,61,150,0.4066666666666667,-0.002112889268901359,1.0,False,0.0
detection,elastic_net,D:F04157,61,150,0.4066666666666667,0.011458544543707035,1.0,False,0.0
detection,linear_svm,D:F00668,61,150,0.4066666666666667,0.008709428777360056,1.0,False,0.0012106537530266334
abundance,elastic_net,A:F06321,61,150,0.4066666666666667,-0.0030020462100187077,0.9672131147540983,False,
detection,elastic_net,D:F05295,60,150,0.4,-0.012796974550392434,1.0,False,0.0
detection,elastic_net,D:F07513,60,150,0.4,0.00508631716069583,1.0,False,
combined,linear_svm,A:F00280,60,150,0.4,-0.005476402040011194,0.9833333333333333,False,-0.00714285714285714
abundance,elastic_net,A:F04758,60,150,0.4,0.006423261917600471,0.9666666666666667,False,0.0
abundance,elastic_net,A:F01270,59,150,0.3933333333333333,-0.009412103025134533,1.0,False,0.0
abundance,linear_svm,A:F00973,59,150,0.3933333333333333,-0.005049200259418441,1.0,False,0.0
abundance,linear_svm,A:F01333,58,150,0.38666666666666666,-0.005302550877229796,1.0,False,0.0
abundance,linear_svm,A:F01483,58,150,0.38666666666666666,-0.005351894887530666,1.0,False,0.0
abundance,linear_svm,A:F01739,58,150,0.38666666666666666,-0.005181155779235548,1.0,False,
abundance,linear_svm,A:F02118,58,150,0.38666666666666666,0.005109648594133678,1.0,False,
abundance,linear_svm,A:F04426,58,150,0.38666666666666666,0.005859665496979652,1.0,False,0.0
combined,elastic_net,A:F01739,58,150,0.38666666666666666,-0.009880142017071247,1.0,False,0.0
combined,elastic_net,D:F05966,58,150,0.38666666666666666,0.018397574713531845,1.0,False,0.0005291005291005289
detection,elastic_net,D:F05996,58,150,0.38666666666666666,0.004643931507284361,1.0,False,0.0
detection,elastic_net,D:F07461,58,150,0.38666666666666666,0.008208917343664565,1.0,False,0.0
detection,elastic_net,D:F07896,58,150,0.38666666666666666,0.006025790880179848,1.0,False,0.0
abundance,elastic_net,A:F02070,57,150,0.38,-0.006759576200813984,1.0,False,0.00476190476190476
abundance,linear_svm,A:F00932,57,150,0.38,-0.005235066029234276,1.0,False,
detection,linear_svm,D:F04691,57,150,0.38,0.008250960188456183,0.9649122807017544,False,0.0
abundance,elastic_net,A:F01648,57,150,0.38,-0.005794573045769535,0.9473684210526315,False,0.0
abundance,linear_svm,A:F01392,56,150,0.37333333333333335,-0.005232057807909842,1.0,False,
abundance,linear_svm,A:F01461,56,150,0.37333333333333335,0.005617561420413171,1.0,False,0.0
abundance,linear_svm,A:F04531,56,150,0.37333333333333335,-0.005117477810640922,1.0,False,
combined,linear_svm,D:F05228,56,150,0.37333333333333335,0.005790385049810225,0.9285714285714286,False,-0.0065934065934065995
abundance,elastic_net,A:F07127,55,150,0.36666666666666664,0.010442360876735465,1.0,False,
abundance,linear_svm,A:F04762,55,150,0.36666666666666664,-0.0056503570246411745,1.0,False,0.0
combined,linear_svm,D:F06570,55,150,0.36666666666666664,0.007171003704663188,1.0,False,0.0025210084033613434
detection,elastic_net,D:F07434,55,150,0.36666666666666664,0.016347610863191583,1.0,False,-0.004285714285714285
detection,linear_svm,D:F05966,55,150,0.36666666666666664,0.008603919395611203,1.0,False,0.005059523809523811
combined,linear_svm,A:F00276,55,150,0.36666666666666664,-0.00567641990379158,0.9818181818181818,False,-0.002197802197802197
combined,linear_svm,A:F01959,55,150,0.36666666666666664,-0.00688123735684133,0.9818181818181818,False,-0.01729323308270677
combined,elastic_net,A:F01461,54,150,0.36,0.01896034971990461,1.0,False,0.0006802721088435372
combined,elastic_net,A:F03694,54,150,0.36,-0.005834236225576663,1.0,False,0.0
detection,elastic_net,D:F03191,54,150,0.36,0.014523160791602615,1.0,False,0.0016806722689075664
detection,elastic_net,D:F06402,54,150,0.36,-0.009618310402156148,1.0,False,
combined,elastic_net,D:F04488,54,150,0.36,0.0046628398742034555,0.9259259259259259,False,
abundance,linear_svm,A:F06714,53,150,0.35333333333333333,-0.004966013073084304,1.0,False,
combined,linear_svm,A:F06785,53,150,0.35333333333333333,-0.005459662372984733,1.0,False,0.0
detection,elastic_net,D:F07255,53,150,0.35333333333333333,0.004043553261616681,0.9622641509433962,False,0.0
detection,linear_svm,D:F03526,53,150,0.35333333333333333,0.008792802917740447,0.9433962264150944,False,-0.0017857142857142828
abundance,linear_svm,A:F06935,52,150,0.3466666666666667,-0.004950014102036294,1.0,False,
combined,elastic_net,A:F01406,52,150,0.3466666666666667,-0.006111544939264185,1.0,False,0.0
abundance,elastic_net,A:F07371,52,150,0.3466666666666667,0.013307471535743371,0.9807692307692307,False,
abundance,linear_svm,A:F01389,51,150,0.34,-0.0052238057251858365,1.0,False,
detection,elastic_net,D:F05503,51,150,0.34,0.014419358612601144,1.0,False,2.4671622769447924e-18
detection,linear_svm,D:F05659,51,150,0.34,0.008335695547518316,1.0,False,0.0020408163265306116
abundance,elastic_net,A:F03609,51,150,0.34,0.007301957551135595,0.9607843137254902,False,0.0
detection,linear_svm,D:F03332,50,150,0.3333333333333333,0.008160390025723371,0.96,False,-0.001298701298701302
abundance,elastic_net,A:F07301,49,150,0.32666666666666666,0.012710871572833942,1.0,False,0.0
abundance,linear_svm,A:F02861,49,150,0.32666666666666666,-0.004975790483797241,1.0,False,
abundance,linear_svm,A:F03118,49,150,0.32666666666666666,-0.005294574256433427,1.0,False,
combined,elastic_net,D:F04691,49,150,0.32666666666666666,0.008562993236043892,1.0,False,0.0
combined,linear_svm,A:F00259,49,150,0.32666666666666666,-0.005354929080426452,1.0,False,-0.00476190476190476
combined,linear_svm,D:F00829,49,150,0.32666666666666666,0.007052531126103321,1.0,False,-0.005714285714285714
detection,elastic_net,D:F07452,49,150,0.32666666666666666,0.004175922312170627,1.0,False,0.0
detection,linear_svm,D:F00695,49,150,0.32666666666666666,0.008605023885516769,1.0,False,-0.00043290043290043144
combined,elastic_net,A:F00052,49,150,0.32666666666666666,-0.007171031373040543,0.9591836734693877,False,0.0
abundance,linear_svm,A:F00052,48,150,0.32,-0.0053641297174819025,1.0,False,0.0
abundance,linear_svm,A:F03146,48,150,0.32,-0.005085379227867403,1.0,False,
abundance,linear_svm,A:F06869,48,150,0.32,0.005311965841443944,1.0,False,
combined,linear_svm,A:F03622,48,150,0.32,-0.006052646320830166,1.0,False,-0.0018237082066869306
combined,elastic_net,A:F00814,48,150,0.32,0.010428291485148395,0.9791666666666666,False,0.0
detection,elastic_net,D:F05338,48,150,0.32,0.0038827684926804134,0.9791666666666666,False,0.0
combined,elastic_net,D:F03526,48,150,0.32,0.011201885249394646,0.9583333333333334,False,0.0
abundance,elastic_net,A:F00281,47,150,0.31333333333333335,-0.01201832575145005,1.0,False,
abundance,linear_svm,A:F05003,47,150,0.31333333333333335,-0.00515643070919089,1.0,False,
detection,elastic_net,D:F03843,47,150,0.31333333333333335,0.008315524324590208,1.0,False,0.0
combined,elastic_net,A:F01389,47,150,0.31333333333333335,-0.005237473688307416,0.9787234042553191,False,0.0
detection,elastic_net,D:F01712,47,150,0.31333333333333335,0.0034178069309069524,0.9574468085106383,False,0.0
combined,elastic_net,A:F02118,47,150,0.31333333333333335,0.006063009178536753,0.9361702127659575,False,
detection,elastic_net,D:F00415,47,150,0.31333333333333335,0.0049569975423744105,0.9361702127659575,False,0.0
combined,elastic_net,A:F00973,47,150,0.31333333333333335,-0.0018694413551349391,0.8936170212765957,False,0.0
combined,elastic_net,A:F05003,45,150,0.3,-0.011234187512026548,1.0,False,0.0
combined,elastic_net,A:F05631,45,150,0.3,0.019742148036036793,1.0,False,0.0
detection,elastic_net,D:F01318,45,150,0.3,0.00884200410182994,1.0,False,0.0
detection,elastic_net,D:F01946,45,150,0.3,0.007979086885949482,1.0,False,0.0
abundance,elastic_net,A:F02976,45,150,0.3,-0.0019350831085053364,0.9777777777777777,False,0.0
detection,elastic_net,D:F03759,45,150,0.3,0.002949859619289464,0.9333333333333333,False,0.0
abundance,linear_svm,A:F00274,44,150,0.29333333333333333,-0.0049845589708712645,1.0,False,
abundance,linear_svm,A:F05631,44,150,0.29333333333333333,0.005831036210665201,1.0,False,0.0
combined,elastic_net,A:F03605,44,150,0.29333333333333333,-0.02231341837637687,1.0,False,-0.0004081632653061235
detection,elastic_net,D:F02406,44,150,0.29333333333333333,0.003940018403063459,1.0,False,0.0
combined,linear_svm,A:F04398,44,150,0.29333333333333333,-0.005650120313100573,0.9318181818181818,False,-0.0023809523809523833
abundance,elastic_net,A:F04057,43,150,0.2866666666666667,-0.006488943137675734,1.0,False,
abundance,linear_svm,A:F05405,43,150,0.2866666666666667,0.005144090071763147,1.0,False,
detection,elastic_net,D:F00918,43,150,0.2866666666666667,0.010663708121076235,1.0,False,0.0
detection,elastic_net,D:F02459,43,150,0.2866666666666667,0.028622707209191314,1.0,False,0.005923344947735189
abundance,elastic_net,A:F01892,43,150,0.2866666666666667,0.004408500199476252,0.9767441860465116,False,0.0
combined,linear_svm,A:F00436,43,150,0.2866666666666667,-0.005274332311654868,0.9767441860465116,False,0.0
abundance,elastic_net,A:F00401,42,150,0.28,-0.0069913560448528235,1.0,False,0.0
abundance,linear_svm,A:F03695,42,150,0.28,0.005512546945546709,1.0,False,0.0
combined,elastic_net,A:F01540,42,150,0.28,-0.023771378651507448,1.0,False,-0.0004926108374384264
combined,linear_svm,D:F07766,42,150,0.28,-0.005723450247267478,1.0,False,-0.001428571428571428
detection,elastic_net,D:F00624,42,150,0.28,0.004940597442464993,1.0,False,0.0
detection,elastic_net,D:F05248,42,150,0.28,0.015261936505476347,1.0,False,-0.00357142857142857
detection,elastic_net,D:F07359,42,150,0.28,0.004394555236157735,1.0,False,0.0
combined,elastic_net,D:F05659,41,150,0.2733333333333333,0.010927143075567525,1.0,False,0.0
combined,linear_svm,A:F03000,41,150,0.2733333333333333,-0.005329397413330756,1.0,False,0.0
detection,elastic_net,D:F03670,41,150,0.2733333333333333,0.002377410581742898,1.0,False,0.0
detection,linear_svm,D:F04890,41,150,0.2733333333333333,0.008240614856303573,0.926829268292683,False,-0.0022556390977443636
abundance,elastic_net,A:F04519,40,150,0.26666666666666666,0.01448362700112642,1.0,False,0.0
abundance,linear_svm,A:F01601,40,150,0.26666666666666666,0.005234008251829637,1.0,False,
abundance,linear_svm,A:F01606,40,150,0.26666666666666666,0.005406822103691693,1.0,False,0.0
combined,elastic_net,A:F03695,40,150,0.26666666666666666,0.01616272815862529,1.0,False,-0.0012987012987012983
combined,elastic_net,D:F00695,40,150,0.26666666666666666,0.019377740025763354,1.0,False,0.0
combined,linear_svm,D:F01099,40,150,0.26666666666666666,0.007279869640089139,1.0,False,-0.00457142857142857
detection,elastic_net,D:F00496,40,150,0.26666666666666666,0.007914468074198242,1.0,False,0.00952380952380952
detection,linear_svm,D:F06377,40,150,0.26666666666666666,0.008565049635110341,1.0,False,-0.00514285714285714
combined,elastic_net,D:F03332,40,150,0.26666666666666666,0.0056302857754242175,0.975,False,0.0
detection,elastic_net,D:F04062,40,150,0.26666666666666666,0.006819678978018698,0.975,False,0.0
abundance,elastic_net,A:F06447,39,150,0.26,-0.01583229080324232,1.0,False,
abundance,linear_svm,A:F03605,39,150,0.26,-0.0059785944480519534,1.0,False,-0.0015037593984962422
abundance,linear_svm,A:F06321,39,150,0.26,-0.004924684566630311,1.0,False,
combined,linear_svm,A:F00042,39,150,0.26,-0.005461747767749546,1.0,False,0.0
combined,linear_svm,A:F03402,39,150,0.26,-0.005873637443359161,1.0,False,-0.0027649769585253482
combined,linear_svm,D:F03204,39,150,0.26,0.005748314980739683,1.0,False,0.0
detection,elastic_net,D:F02186,39,150,0.26,0.01559072648109802,1.0,False,0.0035714285714285726
detection,elastic_net,D:F03196,39,150,0.26,0.00355695089261204,1.0,False,
detection,elastic_net,D:F07092,39,150,0.26,0.006597061562536693,1.0,False,0.0
combined,linear_svm,A:F03794,39,150,0.26,-0.0051888413396531455,0.9743589743589743,False,
abundance,linear_svm,A:F01540,38,150,0.25333333333333335,-0.0060545371580718555,1.0,False,0.0
combined,elastic_net,A:F03118,38,150,0.25333333333333335,-0.010006908409300866,1.0,False,0.0
combined,elastic_net,A:F03146,38,150,0.25333333333333335,-0.005605243560642371,1.0,False,-0.00952380952380952
detection,elastic_net,D:F06115,38,150,0.25333333333333335,0.0021725179482904354,1.0,False,0.0
detection,linear_svm,D:F07448,38,150,0.25333333333333335,0.008294140610146983,0.9736842105263158,False,0.0
abundance,linear_svm,A:F00373,37,150,0.24666666666666667,-0.005104506069414543,1.0,False,
combined,elastic_net,A:F04426,37,150,0.24666666666666667,0.02054438028484565,1.0,False,-0.0023809523809523838
detection,linear_svm,D:F00012,37,150,0.24666666666666667,0.008289722187242913,1.0,False,0.0
combined,linear_svm,A:F01657,37,150,0.24666666666666667,-0.004999340682140974,0.972972972972973,False,
abundance,linear_svm,A:F07022,36,150,0.24,0.005279261928884794,1.0,False,
combined,elastic_net,A:F01606,36,150,0.24,0.014304590148063132,1.0,False,0.0
detection,elastic_net,D:F06490,36,150,0.24,0.012029559055042244,1.0,False,0.00357142857142857
abundance,elastic_net,A:F02092,36,150,0.24,0.005061072650340661,0.9722222222222222,False,
combined,elastic_net,A:F06869,36,150,0.24,0.006790592318405143,0.9722222222222222,False,
abundance,elastic_net,A:F04944,35,150,0.23333333333333334,0.02065736681645994,1.0,False,0.0022556390977443597
combined,elastic_net,A:F02861,35,150,0.23333333333333334,-0.006054940104235952,1.0,False,0.0
combined,linear_svm,A:F02206,35,150,0.23333333333333334,-0.0057853457760020845,1.0,False,-0.0005102040816326529
detection,elastic_net,D:F04136,35,150,0.23333333333333334,0.008401034838197206,1.0,False,
detection,linear_svm,D:F00024,35,150,0.23333333333333334,-0.008783212385288595,1.0,False,0.0069264069264069255
detection,linear_svm,D:F00182,35,150,0.23333333333333334,0.00703727762890195,0.8571428571428571,False,1.0956148269327202e-18
combined,linear_svm,A:F03706,34,150,0.22666666666666666,-0.005327852396672621,1.0,False,0.0
combined,linear_svm,D:F06704,34,150,0.22666666666666666,0.0059884420147762706,1.0,False,-0.004285714285714284
detection,elastic_net,D:F02228,34,150,0.22666666666666666,0.010831921567921832,1.0,False,0.02857142857142858
detection,elastic_net,D:F05156,34,150,0.22666666666666666,-0.034300150200753346,1.0,False,0.0016806722689075623
detection,linear_svm,D:F05626,34,150,0.22666666666666666,0.008985923353926902,1.0,False,0.004329004329004331
abundance,elastic_net,A:F01303,34,150,0.22666666666666666,-0.00208121108303535,0.9117647058823529,False,0.0
abundance,linear_svm,A:F01303,33,150,0.22,-0.004737452021657993,1.0,False,
combined,elastic_net,D:F06377,33,150,0.22,0.009501515832011736,1.0,False,-0.019047619047619067
combined,elastic_net,D:F07313,33,150,0.22,0.007989821598099954,0.9393939393939394,False,0.0
combined,elastic_net,A:F00274,32,150,0.21333333333333335,-0.0074881939877511385,1.0,False,0.0
combined,linear_svm,D:F04158,32,150,0.21333333333333335,0.0055474952607399725,0.96875,False,-0.002857142857142856
detection,elastic_net,D:F05930,32,150,0.21333333333333335,0.012521388112404587,0.96875,False,0.0
combined,linear_svm,A:F06683,32,150,0.21333333333333335,-0.005003838538388718,0.9375,False,
abundance,linear_svm,A:F05691,31,150,0.20666666666666667,-0.0048145940663002675,1.0,False,
combined,linear_svm,D:F05271,31,150,0.20666666666666667,0.005620268687533763,1.0,False,
detection,elastic_net,D:F04915,31,150,0.20666666666666667,0.024888454173381452,1.0,False,0.0
detection,linear_svm,D:F03808,31,150,0.20666666666666667,0.008078280638681858,1.0,False,0.0
detection,linear_svm,D:F07313,31,150,0.20666666666666667,0.008568097973916616,0.967741935483871,False,0.0025974025974025974
abundance,elastic_net,A:F01399,30,150,0.2,-0.012526810042102862,1.0,False,0.0
abundance,elastic_net,A:F01551,30,150,0.2,-0.010123803189258065,1.0,False,
combined,elastic_net,D:F00012,30,150,0.2,0.009127735848813996,1.0,False,
combined,elastic_net,D:F00024,30,150,0.2,-0.018972876785047516,1.0,False,0.0
detection,elastic_net,D:F00639,30,150,0.2,0.015097671387320578,1.0,False,0.0
detection,elastic_net,D:F05987,30,150,0.2,0.011573735680776537,1.0,False,0.0
combined,elastic_net,A:F01601,30,150,0.2,0.007230624314589509,0.9666666666666667,False,
combined,elastic_net,A:F00373,30,150,0.2,-0.003219189104070503,0.9333333333333333,False,
combined,linear_svm,A:F07567,30,150,0.2,0.005245267039055009,0.9333333333333333,False,
abundance,linear_svm,A:F01393,29,150,0.19333333333333333,-0.004947031756144973,1.0,False,
abundance,linear_svm,A:F02012,29,150,0.19333333333333333,-0.0050544500667237995,1.0,False,
combined,linear_svm,A:F03192,29,150,0.19333333333333333,0.005263939210978223,1.0,False,-0.00952380952380952
combined,linear_svm,A:F04860,29,150,0.19333333333333333,-0.005389394238754174,1.0,False,0.0
detection,elastic_net,D:F01632,29,150,0.19333333333333333,0.004469793322637225,1.0,False,
detection,elastic_net,D:F03449,29,150,0.19333333333333333,0.0029655247197617005,0.9310344827586207,False,0.0
detection,linear_svm,D:F01451,29,150,0.19333333333333333,0.008154544219634123,0.9310344827586207,False,0.009090909090909092
combined,elastic_net,D:F05626,29,150,0.19333333333333333,0.016198541212804587,0.896551724137931,False,-0.008163265306122458
abundance,linear_svm,A:F02070,28,150,0.18666666666666668,-0.00501632361098016,1.0,False,
combined,elastic_net,D:F03468,28,150,0.18666666666666668,0.010866104657387042,1.0,False,0.0
combined,elastic_net,D:F03808,28,150,0.18666666666666668,0.011115150163800634,1.0,False,
combined,linear_svm,A:F04426,28,150,0.18666666666666668,0.007560380388075121,1.0,False,0.0023809523809523833
detection,elastic_net,D:F01229,28,150,0.18666666666666668,0.003444395100793029,1.0,False,0.0
detection,elastic_net,D:F01661,28,150,0.18666666666666668,0.01501056627070305,1.0,False,-0.007142857142857139
detection,linear_svm,D:F02465,28,150,0.18666666666666668,0.008715396317557151,1.0,False,0.004761904761904766
detection,linear_svm,D:F03082,28,150,0.18666666666666668,0.008544657008363127,1.0,False,0.004545454545454547
detection,linear_svm,D:F06750,28,150,0.18666666666666668,0.00841524110091887,1.0,False,0.0
detection,linear_svm,D:F07357,28,150,0.18666666666666668,0.007731541169166958,1.0,False,-0.004761904761904761
combined,linear_svm,A:F04531,28,150,0.18666666666666668,-0.005029527573347391,0.9285714285714286,False,
detection,linear_svm,D:F04526,28,150,0.18666666666666668,0.007135538467448732,0.9285714285714286,False,0.0
abundance,elastic_net,A:F02902,27,150,0.18,-0.01021700429500635,1.0,False,0.0
combined,elastic_net,D:F04890,27,150,0.18,0.008639159536375675,1.0,False,-0.014285714285714301
combined,linear_svm,A:F05488,27,150,0.18,-0.005049263963657154,1.0,False,
abundance,elastic_net,A:F03399,27,150,0.18,0.009225099428423655,0.9259259259259259,False,0.0
detection,linear_svm,D:F01693,27,150,0.18,0.007113975739717126,0.8518518518518519,False,0.0
abundance,elastic_net,A:F02853,26,150,0.17333333333333334,-0.0057975122171101835,1.0,False,
abundance,linear_svm,A:F04110,26,150,0.17333333333333334,-0.005757502925394942,1.0,False,0.0
combined,elastic_net,A:F04110,26,150,0.17333333333333334,-0.015314673816875408,1.0,False,0.0
combined,linear_svm,A:F02791,26,150,0.17333333333333334,-0.005170396339211276,1.0,False,
combined,linear_svm,A:F03694,26,150,0.17333333333333334,-0.006916525113090154,1.0,False,-0.014285714285714301
detection,elastic_net,D:F02766,26,150,0.17333333333333334,0.013280427542397078,1.0,False,-0.0031746031746031733
detection,elastic_net,D:F05094,26,150,0.17333333333333334,0.006283706449418726,1.0,False,
detection,elastic_net,D:F05282,26,150,0.17333333333333334,0.010324528045199177,1.0,False,
detection,linear_svm,D:F03468,26,150,0.17333333333333334,0.008743283227262304,1.0,False,0.0016806722689075649
combined,linear_svm,A:F01392,26,150,0.17333333333333334,-0.005160752808289816,0.9615384615384616,False,
detection,linear_svm,D:F04960,26,150,0.17333333333333334,0.008139529463034749,0.9615384615384616,False,-0.007936507936507943
abundance,elastic_net,A:F01398,25,150,0.16666666666666666,-0.008410739721791807,1.0,False,
combined,linear_svm,D:F02826,25,150,0.16666666666666666,0.005568987318753585,1.0,False,0.0
detection,elastic_net,D:F02367,25,150,0.16666666666666666,0.00838744076332436,1.0,False,0.0
detection,elastic_net,D:F00955,25,150,0.16666666666666666,0.006419438658437751,0.96,False,
detection,linear_svm,D:F02220,25,150,0.16666666666666666,0.00707324266391951,0.92,False,-0.004081632653061226
abundance,elastic_net,A:F05637,24,150,0.16,0.011115826800584958,1.0,False,
abundance,linear_svm,A:F04057,24,150,0.16,-0.004978031751762157,1.0,False,
combined,elastic_net,A:F07022,24,150,0.16,0.00838638772283418,1.0,False,
combined,elastic_net,D:F07448,24,150,0.16,0.007993741441463791,1.0,False,
combined,linear_svm,A:F00814,24,150,0.16,0.005541551900047591,1.0,False,0.0
combined,linear_svm,A:F01406,24,150,0.16,-0.00719275920777033,1.0,False,-0.00857142857142858
detection,elastic_net,D:F07437,24,150,0.16,0.012166185391967423,1.0,False,-3.469446951953614e-18
abundance,elastic_net,A:F04834,24,150,0.16,0.006176602213014908,0.9583333333333334,False,0.0
combined,linear_svm,A:F00243,24,150,0.16,-0.004875620797745157,0.9583333333333334,False,
detection,elastic_net,D:F05394,24,150,0.16,0.003466090987486764,0.9583333333333334,False,0.0
abundance,elastic_net,A:F01965,23,150,0.15333333333333332,-0.002326775429604884,1.0,False,
abundance,elastic_net,A:F06371,23,150,0.15333333333333332,-0.00835008530451748,1.0,False,
combined,elastic_net,D:F02465,23,150,0.15333333333333332,0.019801700757941184,1.0,False,0.0010204081632653058
combined,linear_svm,A:F01483,23,150,0.15333333333333332,-0.005286492720801512,1.0,False,-0.023809523809523822
detection,elastic_net,D:F01279,23,150,0.15333333333333332,0.01597402822371729,1.0,False,0.0
combined,linear_svm,A:F00973,23,150,0.15333333333333332,-0.004918512213575815,0.9565217391304348,False,
abundance,elastic_net,A:F01703,22,150,0.14666666666666667,-0.008958130911284215,1.0,False,
abundance,elastic_net,A:F04916,22,150,0.14666666666666667,0.016167621902589132,1.0,False,
abundance,linear_svm,A:F00145,22,150,0.14666666666666667,-0.004755177396981317,1.0,False,
abundance,linear_svm,A:F00401,22,150,0.14666666666666667,-0.005006766294745357,1.0,False,
abundance,linear_svm,A:F01648,22,150,0.14666666666666667,-0.005105354806905729,1.0,False,0.0
abundance,linear_svm,A:F07127,22,150,0.14666666666666667,0.005342554592916059,1.0,False,0.0
combined,elastic_net,A:F01399,22,150,0.14666666666666667,-0.009008114357109968,1.0,False,
combined,elastic_net,A:F03609,22,150,0.14666666666666667,0.007331515085986104,1.0,False,
combined,linear_svm,A:F00932,22,150,0.14666666666666667,-0.005109861944967082,1.0,False,
combined,linear_svm,D:F02508,22,150,0.14666666666666667,0.0054200558894289715,1.0,False,-0.05714285714285712
detection,elastic_net,D:F00396,22,150,0.14666666666666667,0.004353990242740101,1.0,False,0.0
detection,elastic_net,D:F00717,22,150,0.14666666666666667,0.012550538203146675,1.0,False,0.0
detection,elastic_net,D:F01529,22,150,0.14666666666666667,0.004754705047116132,1.0,False,0.0
detection,elastic_net,D:F03678,22,150,0.14666666666666667,0.005381944381957909,1.0,False,0.0
detection,elastic_net,D:F04374,22,150,0.14666666666666667,-0.026598998501573684,1.0,False,0.0
abundance,elastic_net,A:F01810,22,150,0.14666666666666667,0.0037049811813731114,0.9545454545454546,False,0.0
combined,elastic_net,A:F06714,22,150,0.14666666666666667,-0.005009014296851863,0.9545454545454546,False,
abundance,linear_svm,A:F01270,21,150,0.14,-0.005250687388169674,1.0,False,0.0
combined,elastic_net,D:F03082,21,150,0.14,0.010590166253756054,1.0,False,-0.01428571428571428
combined,elastic_net,D:F06750,21,150,0.14,0.00812476908828405,1.0,False,
combined,linear_svm,A:F07305,21,150,0.14,0.0055905013474237646,1.0,False,0.0
combined,linear_svm,D:F05152,21,150,0.14,0.00559621762289189,1.0,False,0.0
detection,elastic_net,D:F01404,21,150,0.14,-0.026082237856530927,1.0,False,0.004464285714285719
abundance,elastic_net,A:F06870,20,150,0.13333333333333333,0.00704255824935353,1.0,False,0.0
combined,elastic_net,A:F02070,20,150,0.13333333333333333,-0.007997369649224914,1.0,False,0.0
combined,elastic_net,D:F01693,20,150,0.13333333333333333,0.006943406653678447,1.0,False,
combined,elastic_net,D:F04526,20,150,0.13333333333333333,0.0056365777143383335,1.0,False,0.0
combined,linear_svm,A:F01333,20,150,0.13333333333333333,-0.0053287514421197476,1.0,False,-0.028571428571428567
combined,linear_svm,A:F01461,20,150,0.13333333333333333,0.0056415852659063934,1.0,False,0.0
detection,linear_svm,D:F01827,20,150,0.13333333333333333,0.009896971264178954,1.0,False,0.0
detection,linear_svm,D:F05929,20,150,0.13333333333333333,0.008221230137223035,1.0,False,0.006122448979591834
detection,elastic_net,D:F07765,20,150,0.13333333333333333,0.004303400162124086,0.95,False,0.0
abundance,linear_svm,A:F03609,19,150,0.12666666666666668,0.005100825795277891,1.0,False,
abundance,linear_svm,A:F04758,19,150,0.12666666666666668,0.0051064833328796026,1.0,False,
combined,elastic_net,A:F06935,19,150,0.12666666666666668,-0.008703547069654594,1.0,False,0.0
combined,linear_svm,A:F01739,19,150,0.12666666666666668,-0.005187774593550581,1.0,False,0.0
combined,linear_svm,A:F04762,19,150,0.12666666666666668,-0.0056226176120074646,1.0,False,0.0
detection,elastic_net,D:F03369,19,150,0.12666666666666668,0.003606036174962847,1.0,False,0.0
detection,linear_svm,D:F01162,19,150,0.12666666666666668,0.013738974492260187,1.0,False,0.005882352941176472
detection,linear_svm,D:F06725,19,150,0.12666666666666668,0.007472942288696401,1.0,False,-0.006349206349206347
abundance,elastic_net,A:F00145,19,150,0.12666666666666668,-0.0026012525360707395,0.9473684210526315,False,
combined,elastic_net,D:F02220,19,150,0.12666666666666668,0.006875187146935956,0.9473684210526315,False,
combined,elastic_net,D:F07357,19,150,0.12666666666666668,0.008958042077017586,0.9473684210526315,False,
detection,elastic_net,D:F07508,19,150,0.12666666666666668,0.004623344118369807,0.9473684210526315,False,0.0
detection,linear_svm,D:F01185,19,150,0.12666666666666668,0.007395702621507048,0.9473684210526315,False,0.0
combined,linear_svm,D:F04488,19,150,0.12666666666666668,0.005268966758792436,0.8947368421052632,False,0.0
detection,elastic_net,D:F05306,19,150,0.12666666666666668,0.0019397742494273874,0.8947368421052632,False,0.0
detection,linear_svm,D:F04914,19,150,0.12666666666666668,0.006671684285668773,0.8421052631578947,False,-0.00476190476190476
abundance,elastic_net,A:F00238,18,150,0.12,-0.0033099208444227635,1.0,False,
abundance,linear_svm,A:F00281,18,150,0.12,-0.005253601678217448,1.0,False,
abundance,linear_svm,A:F07301,18,150,0.12,0.005467095295337356,1.0,False,
combined,linear_svm,A:F01389,18,150,0.12,-0.005040255026277739,1.0,False,
combined,linear_svm,A:F02093,18,150,0.12,0.00517453272791108,1.0,False,0.0
combined,linear_svm,A:F03605,18,150,0.12,-0.005876888392040232,1.0,False,0.0
combined,linear_svm,D:F05966,18,150,0.12,0.006410532283691499,1.0,False,0.0020408163265306116
detection,elastic_net,D:F00959,18,150,0.12,0.001230258027010155,1.0,False,0.0
detection,elastic_net,D:F02532,18,150,0.12,0.004327464328719803,1.0,False,
detection,elastic_net,D:F05646,18,150,0.12,0.005347958294014074,1.0,False,
detection,elastic_net,D:F07387,18,150,0.12,0.02028042363967844,1.0,False,0.0010989010989010982
detection,linear_svm,D:F04694,18,150,0.12,0.00692581828386141,1.0,False,0.017857142857142877
detection,elastic_net,D:F03459,18,150,0.12,0.0029870388372476614,0.9444444444444444,False,0.0
detection,linear_svm,D:F00099,18,150,0.12,0.0069347592082632525,0.9444444444444444,False,0.0
detection,linear_svm,D:F01133,18,150,0.12,0.006664300613173068,0.9444444444444444,False,0.0071428571428571504
detection,linear_svm,D:F04943,18,150,0.12,0.00834000163134713,0.9444444444444444,False,0.0
abundance,linear_svm,A:F02976,17,150,0.11333333333333333,-0.004876909886473833,1.0,False,
combined,elastic_net,A:F07301,17,150,0.11333333333333333,0.011559058102739434,1.0,False,
combined,linear_svm,A:F00052,17,150,0.11333333333333333,-0.005143601469929346,1.0,False,
combined,linear_svm,A:F01540,17,150,0.11333333333333333,-0.005997202756611557,1.0,False,0.0
combined,linear_svm,A:F04110,17,150,0.11333333333333333,-0.007066885313806738,1.0,False,0.0
combined,linear_svm,D:F00668,17,150,0.11333333333333333,0.00598529065107804,1.0,False,-0.009090909090909094
detection,elastic_net,D:F03365,17,150,0.11333333333333333,0.00445530917747501,1.0,False,0.0
detection,elastic_net,D:F05554,17,150,0.11333333333333333,0.006004501026158387,1.0,False,
detection,elastic_net,D:F07554,17,150,0.11333333333333333,0.013013432166318763,1.0,False,0.0
abundance,elastic_net,A:F00722,17,150,0.11333333333333333,-0.006403257263821187,0.9411764705882353,False,
abundance,elastic_net,A:F01405,17,150,0.11333333333333333,-0.003770972560281963,0.9411764705882353,False,
combined,elastic_net,A:F01393,17,150,0.11333333333333333,-0.0060051070803146,0.9411764705882353,False,0.0
detection,linear_svm,D:F06813,17,150,0.11333333333333333,0.005577697627854991,0.9411764705882353,False,0.0
detection,linear_svm,D:F01712,17,150,0.11333333333333333,0.0069959300594876215,0.8235294117647058,False,0.0
abundance,elastic_net,A:F05467,16,150,0.10666666666666667,-0.0028948555505061693,1.0,False,0.0
abundance,linear_svm,A:F01399,16,150,0.10666666666666667,-0.005253895923307914,1.0,False,
abundance,linear_svm,A:F05637,16,150,0.10666666666666667,0.005447123865885734,1.0,False,
combined,elastic_net,D:F06725,16,150,0.10666666666666667,0.011619686410198008,1.0,False,
combined,linear_svm,A:F02118,16,150,0.10666666666666667,0.005099601366662803,1.0,False,
combined,linear_svm,A:F03118,16,150,0.10666666666666667,-0.00518963730327552,1.0,False,
combined,linear_svm,A:F05631,16,150,0.10666666666666667,0.005682930939452674,1.0,False,0.0
combined,linear_svm,D:F05659,16,150,0.10666666666666667,0.005457007021366268,1.0,False,
detection,elastic_net,D:F04202,16,150,0.10666666666666667,0.0029178198217789855,1.0,False,
detection,elastic_net,D:F05835,16,150,0.10666666666666667,0.006772017202133743,1.0,False,
abundance,elastic_net,A:F02191,16,150,0.10666666666666667,-0.0023492642672361974,0.9375,False,
combined,elastic_net,A:F01398,16,150,0.10666666666666667,-0.004858864430635837,0.9375,False,
detection,linear_svm,D:F04436,16,150,0.10666666666666667,0.008345916588819852,0.9375,False,0.0
abundance,linear_svm,A:F01551,15,150,0.1,-0.005088793401248496,1.0,False,0.0
combined,elastic_net,D:F01451,15,150,0.1,0.005501524506869515,1.0,False,0.0
combined,elastic_net,D:F04960,15,150,0.1,0.00873202378302288,1.0,False,
detection,elastic_net,D:F05416,15,150,0.1,0.004486332365148026,1.0,False,
combined,linear_svm,A:F01601,15,150,0.1,0.0051982281719517645,0.9333333333333333,False,
detection,elastic_net,D:F05605,15,150,0.1,0.006361772823868096,0.9333333333333333,False,
combined,linear_svm,D:F03332,15,150,0.1,0.005599801440406778,0.8666666666666667,False,
abundance,linear_svm,A:F02902,14,150,0.09333333333333334,-0.005198991598331101,1.0,False,
abundance,linear_svm,A:F04944,14,150,0.09333333333333334,0.0056945056386564444,1.0,False,0.0
abundance,linear_svm,A:F06447,14,150,0.09333333333333334,-0.005577941521598751,1.0,False,0.0
abundance,linear_svm,A:F07371,14,150,0.09333333333333334,0.005482212275293754,1.0,False,0.0
combined,elastic_net,D:F00099,14,150,0.09333333333333334,0.00621690172665143,1.0,False,0.0
combined,linear_svm,A:F05003,14,150,0.09333333333333334,-0.005203749661897215,1.0,False,0.0
combined,linear_svm,D:F04691,14,150,0.09333333333333334,0.005316425317001416,1.0,False,-0.00952380952380952
detection,elastic_net,D:F00621,14,150,0.09333333333333334,0.008929323446320539,1.0,False,0.0
detection,elastic_net,D:F05006,14,150,0.09333333333333334,0.02099917734366303,1.0,False,0.0
detection,elastic_net,D:F05165,14,150,0.09333333333333334,0.0036509173517394913,1.0,False,
combined,elastic_net,D:F05929,14,150,0.09333333333333334,0.005075683877105238,0.9285714285714286,False,
detection,linear_svm,D:F00338,14,150,0.09333333333333334,0.007693755326495661,0.9285714285714286,False,0.01142857142857144
detection,linear_svm,D:F07360,14,150,0.09333333333333334,0.005405938107431125,0.8571428571428571,False,0.0
detection,linear_svm,D:F08066,14,150,0.09333333333333334,0.00695876459317155,0.8571428571428571,False,0.0
abundance,elastic_net,A:F03841,13,150,0.08666666666666667,0.006817872345634842,1.0,False,
abundance,elastic_net,A:F05293,13,150,0.08666666666666667,0.0038271690462251687,1.0,False,
abundance,elastic_net,A:F05498,13,150,0.08666666666666667,0.0040081889934308,1.0,False,
abundance,elastic_net,A:F07571,13,150,0.08666666666666667,0.0087154989169519,1.0,False,
combined,elastic_net,D:F01712,13,150,0.08666666666666667,0.005669929304422654,1.0,False,
combined,elastic_net,D:F03805,13,150,0.08666666666666667,0.02753890260867992,1.0,False,-0.0011904761904761917
detection,elastic_net,D:F01839,13,150,0.08666666666666667,0.0022555223635743844,1.0,False,
detection,linear_svm,D:F03805,13,150,0.08666666666666667,0.008431970771886685,1.0,False,0.0035714285714285696
detection,linear_svm,D:F04157,13,150,0.08666666666666667,0.009092427180274669,1.0,False,0.0
detection,linear_svm,D:F00585,13,150,0.08666666666666667,0.007274119262181271,0.9230769230769231,False,0.0
detection,linear_svm,D:F05871,13,150,0.08666666666666667,0.00655996548554225,0.9230769230769231,False,
detection,linear_svm,D:F07896,13,150,0.08666666666666667,0.008431925322269789,0.9230769230769231,False,0.0
detection,elastic_net,D:F00719,13,150,0.08666666666666667,0.0030463722128239753,0.8461538461538461,False,0.0
abundance,elastic_net,A:F05018,12,150,0.08,0.007549337865822086,1.0,False,
combined,elastic_net,A:F04944,12,150,0.08,0.019156397162194257,1.0,False,0.0
combined,elastic_net,A:F06321,12,150,0.08,-0.004015637745413731,1.0,False,
combined,linear_svm,D:F00695,12,150,0.08,0.005693296277594179,1.0,False,0.0
detection,elastic_net,D:F01815,12,150,0.08,0.005682790159053342,1.0,False,
detection,elastic_net,D:F03327,12,150,0.08,0.010146942608064383,1.0,False,
detection,elastic_net,D:F07881,12,150,0.08,0.00940571838325185,1.0,False,0.0
detection,linear_svm,D:F02925,12,150,0.08,0.00840999768718739,1.0,False,-0.00714285714285714
detection,linear_svm,D:F07733,12,150,0.08,0.00756647884304629,1.0,False,0.0
combined,elastic_net,D:F00182,12,150,0.08,0.00484905636970857,0.9166666666666666,False,0.0
combined,linear_svm,D:F03526,12,150,0.08,0.006326857118299972,0.9166666666666666,False,
combined,linear_svm,D:F06377,12,150,0.08,0.006006141344298064,0.9166666666666666,False,0.0
detection,linear_svm,D:F03394,12,150,0.08,0.006690777020121005,0.9166666666666666,False,
combined,linear_svm,D:F00182,12,150,0.08,0.004872041133542828,0.8333333333333334,False,0.0
abundance,elastic_net,A:F02560,11,150,0.07333333333333333,-0.0029018121565441107,1.0,False,0.0
abundance,linear_svm,A:F01398,11,150,0.07333333333333333,-0.005005064039095337,1.0,False,
abundance,linear_svm,A:F02092,11,150,0.07333333333333333,0.0051718603683187205,1.0,False,
abundance,linear_svm,A:F04519,11,150,0.07333333333333333,0.005624012541942179,1.0,False,0.0
combined,elastic_net,A:F00401,11,150,0.07333333333333333,-0.005789217957192613,1.0,False,
combined,elastic_net,A:F01648,11,150,0.07333333333333333,-0.01118198673161417,1.0,False,0.0
combined,elastic_net,A:F02853,11,150,0.07333333333333333,-0.007174692399862228,1.0,False,
combined,elastic_net,A:F05405,11,150,0.07333333333333333,0.010564648977633517,1.0,False,0.0
combined,elastic_net,D:F01162,11,150,0.07333333333333333,0.019787317348301286,1.0,False,0.007142857142857139
combined,elastic_net,D:F04914,11,150,0.07333333333333333,0.012050582097114087,1.0,False,
combined,linear_svm,A:F00373,11,150,0.07333333333333333,-0.0051659090559080965,1.0,False,
combined,linear_svm,A:F01606,11,150,0.07333333333333333,0.005462649820019204,1.0,False,0.0
combined,linear_svm,D:F05626,11,150,0.07333333333333333,0.012483625602855113,1.0,False,0.0
detection,elastic_net,D:F01566,11,150,0.07333333333333333,0.001792959810292662,1.0,False,0.0
detection,elastic_net,D:F02026,11,150,0.07333333333333333,-0.021726471906842522,1.0,False,0.0
detection,elastic_net,D:F03214,11,150,0.07333333333333333,0.012491962857895571,1.0,False,-0.00476190476190476
detection,elastic_net,D:F06721,11,150,0.07333333333333333,0.019340731686413006,1.0,False,0.0
detection,elastic_net,D:F07520,11,150,0.07333333333333333,0.008322273367193316,1.0,False,
combined,linear_svm,A:F06714,11,150,0.07333333333333333,-0.005081541331233554,0.9090909090909091,False,
combined,linear_svm,D:F07313,11,150,0.07333333333333333,0.005209394015063169,0.9090909090909091,False,0.0
detection,linear_svm,D:F02406,11,150,0.07333333333333333,0.005282161275088911,0.9090909090909091,False,
detection,linear_svm,D:F06329,11,150,0.07333333333333333,0.006166209392541652,0.9090909090909091,False,
combined,linear_svm,A:F06869,11,150,0.07333333333333333,0.005128167858729393,0.8181818181818182,False,
detection,linear_svm,D:F03670,11,150,0.07333333333333333,0.0048076784044762625,0.8181818181818182,False,0.0
abundance,linear_svm,A:F01892,10,150,0.06666666666666667,0.005046746377356854,1.0,False,
abundance,linear_svm,A:F01965,10,150,0.06666666666666667,-0.004797034736027386,1.0,False,
abundance,linear_svm,A:F05467,10,150,0.06666666666666667,-0.004914598220251719,1.0,False,
combined,elastic_net,A:F05691,10,150,0.06666666666666667,-0.004859912244993464,1.0,False,
combined,elastic_net,D:F01133,10,150,0.06666666666666667,0.00539554058698328,1.0,False,
combined,elastic_net,D:F04694,10,150,0.06666666666666667,0.017464008101097106,1.0,False,0.0
combined,elastic_net,D:F06813,10,150,0.06666666666666667,0.004647088016096869,1.0,False,
combined,elastic_net,D:F08066,10,150,0.06666666666666667,0.008534925786865346,1.0,False,
combined,linear_svm,A:F02861,10,150,0.06666666666666667,-0.005001033137014221,1.0,False,
combined,linear_svm,A:F03146,10,150,0.06666666666666667,-0.00496357939991263,1.0,False,
detection,elastic_net,D:F03006,10,150,0.06666666666666667,0.016720026209693113,1.0,False,0.0
detection,elastic_net,D:F06702,10,150,0.06666666666666667,0.010849014093407232,1.0,False,0.0
detection,elastic_net,D:F07148,10,150,0.06666666666666667,0.0014824185842765613,1.0,False,
detection,linear_svm,D:F05295,10,150,0.06666666666666667,-0.013083167136663772,1.0,False,0.006122448979591834
detection,linear_svm,D:F07434,10,150,0.06666666666666667,0.014868715983177294,1.0,False,-0.01224489795918367
detection,linear_svm,D:F01229,10,150,0.06666666666666667,0.0049628992019237666,0.7,False,0.0
abundance,elastic_net,A:F01280,9,150,0.06,0.010685498206566014,1.0,False,
abundance,elastic_net,A:F03427,9,150,0.06,0.01764560262063996,1.0,False,
abundance,elastic_net,A:F06350,9,150,0.06,0.014804805661884865,1.0,False,
abundance,linear_svm,A:F04916,9,150,0.06,0.005600442838313358,1.0,False,0.0
abundance,linear_svm,A:F07571,9,150,0.06,0.005177541241558123,1.0,False,
combined,elastic_net,A:F04057,9,150,0.06,-0.010427599492641113,1.0,False,0.0
combined,elastic_net,D:F00585,9,150,0.06,0.013059042641009072,1.0,False,
combined,elastic_net,D:F02925,9,150,0.06,0.015028354025262244,1.0,False,0.0
combined,linear_svm,A:F03695,9,150,0.06,0.005501260955187114,1.0,False,0.0
combined,linear_svm,A:F07022,9,150,0.06,0.005300581330500113,1.0,False,
combined,linear_svm,D:F00024,9,150,0.06,-0.005778793467312601,1.0,False,-0.014285714285714303
detection,elastic_net,D:F01169,9,150,0.06,0.00426380282901701,1.0,False,
detection,elastic_net,D:F02811,9,150,0.06,-0.01490855085583251,1.0,False,0.0
detection,elastic_net,D:F04900,9,150,0.06,0.015115994267824596,1.0,False,0.0357142857142857
detection,elastic_net,D:F05082,9,150,0.06,0.0027981536929544775,1.0,False,0.0
detection,elastic_net,D:F07457,9,150,0.06,0.02126024507085581,1.0,False,0.0
detection,elastic_net,D:F07726,9,150,0.06,0.00468100960989868,1.0,False,
detection,linear_svm,D:F01857,9,150,0.06,0.013402919590370387,1.0,False,0.0
detection,linear_svm,D:F04737,9,150,0.06,0.007073505456929611,1.0,False,
detection,linear_svm,D:F05856,9,150,0.06,0.008593373017664233,1.0,False,0.00571428571428572
combined,linear_svm,D:F07448,9,150,0.06,0.007096877854581106,0.8888888888888888,False,
detection,elastic_net,D:F00748,9,150,0.06,0.0022961169755195123,0.8888888888888888,False,
detection,linear_svm,D:F03449,9,150,0.06,0.004897299816040229,0.8888888888888888,False,
abundance,elastic_net,A:F00817,8,150,0.05333333333333334,-0.004834841386210525,1.0,False,
abundance,linear_svm,A:F00238,8,150,0.05333333333333334,-0.004939751299335934,1.0,False,
abundance,linear_svm,A:F02191,8,150,0.05333333333333334,-0.005202842078238575,1.0,False,
combined,elastic_net,A:F00281,8,150,0.05333333333333334,-0.015441924750066303,1.0,False,0.0
combined,elastic_net,A:F01965,8,150,0.05333333333333334,-0.003408485613220957,1.0,False,0.0
combined,elastic_net,A:F04519,8,150,0.05333333333333334,0.015328877801101443,1.0,False,
combined,elastic_net,D:F01827,8,150,0.05333333333333334,0.007767861566637897,1.0,False,
combined,linear_svm,A:F00274,8,150,0.05333333333333334,-0.005164222010041079,1.0,False,
detection,elastic_net,D:F00152,8,150,0.05333333333333334,0.007172122888168157,1.0,False,
detection,elastic_net,D:F00543,8,150,0.05333333333333334,0.004967265124347465,1.0,False,0.0
detection,elastic_net,D:F01178,8,150,0.05333333333333334,0.005377976068732971,1.0,False,
detection,elastic_net,D:F04080,8,150,0.05333333333333334,0.0019177342358742372,1.0,False,0.0
detection,elastic_net,D:F04368,8,150,0.05333333333333334,-0.030186979244419758,1.0,False,-0.008571428571428567
detection,elastic_net,D:F06372,8,150,0.05333333333333334,0.0036911901443167916,1.0,False,
detection,linear_svm,D:F07359,8,150,0.05333333333333334,0.005762867712416373,1.0,False,0.0
detection,elastic_net,D:F05520,8,150,0.05333333333333334,0.0008320915610637362,0.875,False,
detection,linear_svm,D:F05996,8,150,0.05333333333333334,0.006845741881156051,0.875,False,0.0
detection,linear_svm,D:F06402,8,150,0.05333333333333334,-0.007110506547169257,0.875,False,0.0
abundance,elastic_net,A:F03416,7,150,0.04666666666666667,0.012628795217292144,1.0,False,
abundance,elastic_net,A:F05622,7,150,0.04666666666666667,-0.019205269416858683,1.0,False,0.0
abundance,linear_svm,A:F00722,7,150,0.04666666666666667,-0.005183589926435531,1.0,False,
abundance,linear_svm,A:F01703,7,150,0.04666666666666667,-0.005306249276017017,1.0,False,
abundance,linear_svm,A:F01810,7,150,0.04666666666666667,0.0052515361219607525,1.0,False,
abundance,linear_svm,A:F02853,7,150,0.04666666666666667,-0.0050934246249279055,1.0,False,
abundance,linear_svm,A:F04834,7,150,0.04666666666666667,0.005056470259796878,1.0,False,
combined,elastic_net,A:F02012,7,150,0.04666666666666667,-0.012214298092608062,1.0,False,-0.02857142857142856
combined,elastic_net,A:F06371,7,150,0.04666666666666667,-0.006755070782769973,1.0,False,
combined,elastic_net,D:F04436,7,150,0.04666666666666667,0.00721653350640009,1.0,False,
combined,elastic_net,D:F05295,7,150,0.04666666666666667,-0.008759076551091047,1.0,False,
combined,elastic_net,D:F07896,7,150,0.04666666666666667,0.008823661474432669,1.0,False,
combined,linear_svm,D:F02465,7,150,0.04666666666666667,0.005599919937138674,1.0,False,0.0
combined,linear_svm,D:F03468,7,150,0.04666666666666667,0.005278055676905372,1.0,False,0.0
combined,linear_svm,D:F03808,7,150,0.04666666666666667,0.0052688995188212295,1.0,False,
combined,linear_svm,D:F04526,7,150,0.04666666666666667,0.005102820852593584,1.0,False,
combined,linear_svm,D:F04890,7,150,0.04666666666666667,0.0070248425646421515,1.0,False,0.0
detection,elastic_net,D:F00009,7,150,0.04666666666666667,0.0039015716805367376,1.0,False,0.0
detection,elastic_net,D:F02990,7,150,0.04666666666666667,0.010888367796068886,1.0,False,0.0
detection,elastic_net,D:F05981,7,150,0.04666666666666667,0.0017959656113588315,1.0,False,0.0
detection,elastic_net,D:F06544,7,150,0.04666666666666667,0.0037667770462928205,1.0,False,
detection,elastic_net,D:F07294,7,150,0.04666666666666667,-0.02144465552793397,1.0,False,0.0
detection,elastic_net,D:F07770,7,150,0.04666666666666667,0.001234767827788885,1.0,False,0.0
detection,linear_svm,D:F03196,7,150,0.04666666666666667,0.006571694380910468,1.0,False,
detection,linear_svm,D:F03843,7,150,0.04666666666666667,0.007651416966793342,1.0,False,0.0
detection,linear_svm,D:F05248,7,150,0.04666666666666667,0.0071505151528503605,1.0,False,0.0
detection,linear_svm,D:F05503,7,150,0.04666666666666667,0.012436169371241488,1.0,False,0.0
combined,elastic_net,A:F01810,7,150,0.04666666666666667,0.0023413459800799715,0.8571428571428571,False,0.0
combined,elastic_net,A:F04758,7,150,0.04666666666666667,0.003758962149690098,0.8571428571428571,False,
detection,elastic_net,D:F01631,7,150,0.04666666666666667,0.001787600586609597,0.8571428571428571,False,0.0
detection,linear_svm,D:F01529,7,150,0.04666666666666667,0.004590309613761146,0.8571428571428571,False,
detection,linear_svm,D:F04062,7,150,0.04666666666666667,0.006989026874439275,0.8571428571428571,False,0.0
detection,linear_svm,D:F05338,7,150,0.04666666666666667,0.004956425201068594,0.8571428571428571,False,
combined,linear_svm,D:F01451,7,150,0.04666666666666667,0.005167197573311875,0.7142857142857143,False,0.0
detection,linear_svm,D:F03759,7,150,0.04666666666666667,0.002759411715197923,0.5714285714285714,False,
abundance,elastic_net,A:F04091,6,150,0.04,-0.001920829325243569,1.0,False,
abundance,elastic_net,A:F07205,6,150,0.04,-0.004766534190237146,1.0,False,
abundance,linear_svm,A:F01405,6,150,0.04,-0.004834652882596667,1.0,False,
abundance,linear_svm,A:F02560,6,150,0.04,-0.004897661313599554,1.0,False,
abundance,linear_svm,A:F03399,6,150,0.04,0.0054332854889921536,1.0,False,
abundance,linear_svm,A:F04091,6,150,0.04,-0.0047421245058251165,1.0,False,
abundance,linear_svm,A:F05498,6,150,0.04,0.005011524465422321,1.0,False,
combined,elastic_net,A:F00722,6,150,0.04,-0.007342221643561193,1.0,False,
combined,elastic_net,A:F01270,6,150,0.04,-0.009440239229357758,1.0,False,
combined,elastic_net,A:F07371,6,150,0.04,0.012973236569342845,1.0,False,
combined,elastic_net,D:F00338,6,150,0.04,0.006828505066489738,1.0,False,
combined,elastic_net,D:F01185,6,150,0.04,0.00893199244590242,1.0,False,
combined,elastic_net,D:F07434,6,150,0.04,0.01660645566136064,1.0,False,0.0
combined,linear_svm,A:F01399,6,150,0.04,-0.006882368901186032,1.0,False,
combined,linear_svm,A:F01648,6,150,0.04,-0.005533086476045038,1.0,False,0.0
combined,linear_svm,A:F06321,6,150,0.04,-0.004852931155613091,1.0,False,
combined,linear_svm,A:F07301,6,150,0.04,0.00536010450733302,1.0,False,
combined,linear_svm,D:F01693,6,150,0.04,0.005113708845965802,1.0,False,
detection,elastic_net,D:F01645,6,150,0.04,0.0038382951831513468,1.0,False,
detection,elastic_net,D:F05765,6,150,0.04,0.004498312479175367,1.0,False,
detection,elastic_net,D:F07206,6,150,0.04,0.002816345127888752,1.0,False,
detection,linear_svm,D:F00496,6,150,0.04,0.006970945604797783,1.0,False,0.0
detection,linear_svm,D:F00918,6,150,0.04,0.009198216644956988,1.0,False,
detection,linear_svm,D:F01632,6,150,0.04,0.006924603480321444,1.0,False,
detection,linear_svm,D:F01946,6,150,0.04,0.010186641706090661,1.0,False,
combined,linear_svm,D:F00012,6,150,0.04,0.00513872905677113,0.8333333333333334,False,
detection,linear_svm,D:F03365,6,150,0.04,0.005889798866730878,0.8333333333333334,False,
detection,elastic_net,D:F07861,6,150,0.04,0.0008841217048206738,0.6666666666666666,False,0.0
abundance,elastic_net,A:F02927,5,150,0.03333333333333333,-0.0008532430739023087,1.0,False,
abundance,elastic_net,A:F04907,5,150,0.03333333333333333,-0.00989330325380131,1.0,False,
abundance,elastic_net,A:F04912,5,150,0.03333333333333333,0.023772070439639484,1.0,False,0.002857142857142856
abundance,elastic_net,A:F05707,5,150,0.03333333333333333,-0.01211113556514531,1.0,False,
abundance,elastic_net,A:F06591,5,150,0.03333333333333333,0.016830659091047463,1.0,False,
abundance,linear_svm,A:F00817,5,150,0.03333333333333333,-0.004958332719508019,1.0,False,
abundance,linear_svm,A:F03841,5,150,0.03333333333333333,0.005226796356638951,1.0,False,
combined,elastic_net,A:F01892,5,150,0.03333333333333333,0.0045926524607311425,1.0,False,
combined,elastic_net,A:F04912,5,150,0.03333333333333333,0.020136392486336616,1.0,False,0.02857142857142856
combined,elastic_net,A:F07127,5,150,0.03333333333333333,0.010069374642397553,1.0,False,
combined,elastic_net,D:F04737,5,150,0.03333333333333333,0.005672231115911346,1.0,False,
combined,elastic_net,D:F04943,5,150,0.03333333333333333,0.01274899805125046,1.0,False,
combined,elastic_net,D:F05856,5,150,0.03333333333333333,0.015923625591142677,1.0,False,0.0
combined,elastic_net,D:F07733,5,150,0.03333333333333333,0.007070786144351698,1.0,False,
combined,linear_svm,D:F04914,5,150,0.03333333333333333,0.005358510573574849,1.0,False,
combined,linear_svm,D:F06750,5,150,0.03333333333333333,0.005117872730286402,1.0,False,
combined,linear_svm,D:F08066,5,150,0.03333333333333333,0.005457226959845528,1.0,False,0.0
detection,elastic_net,D:F01790,5,150,0.03333333333333333,0.016931830784731778,1.0,False,0.0
detection,elastic_net,D:F02175,5,150,0.03333333333333333,0.013936159218081707,1.0,False,
detection,elastic_net,D:F02590,5,150,0.03333333333333333,0.00853260592365836,1.0,False,
detection,elastic_net,D:F02699,5,150,0.03333333333333333,0.027024878765568014,1.0,False,0.0
detection,elastic_net,D:F05313,5,150,0.03333333333333333,-0.027248279596440692,1.0,False,0.01142857142857144
detection,elastic_net,D:F05372,5,150,0.03333333333333333,0.002979219513442382,1.0,False,0.0
detection,elastic_net,D:F05968,5,150,0.03333333333333333,-0.008667488563333598,1.0,False,
detection,elastic_net,D:F06461,5,150,0.03333333333333333,0.005770342107689131,1.0,False,
detection,elastic_net,D:F06523,5,150,0.03333333333333333,0.004183942949965695,1.0,False,
detection,elastic_net,D:F06781,5,150,0.03333333333333333,0.007122140127760374,1.0,False,0.0
detection,elastic_net,D:F07728,5,150,0.03333333333333333,0.0007287285633609319,1.0,False,
detection,elastic_net,D:F07907,5,150,0.03333333333333333,0.014206866626486087,1.0,False,0.0
detection,linear_svm,D:F00717,5,150,0.03333333333333333,0.010130085946631735,1.0,False,0.0
detection,linear_svm,D:F02228,5,150,0.03333333333333333,0.009193528405798063,1.0,False,
detection,linear_svm,D:F02459,5,150,0.03333333333333333,0.02844547073948686,1.0,False,0.00285714285714286
detection,linear_svm,D:F03459,5,150,0.03333333333333333,0.006668588528793576,1.0,False,
detection,linear_svm,D:F07452,5,150,0.03333333333333333,0.0067307750637047295,1.0,False,
detection,linear_svm,D:F07513,5,150,0.03333333333333333,0.006760787799321879,1.0,False,0.0
detection,elastic_net,D:F04715,5,150,0.03333333333333333,0.0036296345880703967,0.8,False,
detection,linear_svm,D:F00415,5,150,0.03333333333333333,0.007368097961569869,0.8,False,-0.028571428571428602
detection,linear_svm,D:F07092,5,150,0.03333333333333333,0.006912634866795157,0.8,False,
detection,linear_svm,D:F05394,5,150,0.03333333333333333,-0.0072030356468337645,0.6,False,
abundance,elastic_net,A:F00278,4,150,0.02666666666666667,-0.009855888054721648,1.0,False,
abundance,elastic_net,A:F03379,4,150,0.02666666666666667,0.011232348961705094,1.0,False,0.0
abundance,elastic_net,A:F07534,4,150,0.02666666666666667,0.014624973375898569,1.0,False,
abundance,linear_svm,A:F06350,4,150,0.02666666666666667,0.0055160765420274125,1.0,False,
abundance,linear_svm,A:F06591,4,150,0.02666666666666667,0.005586311347650495,1.0,False,
combined,elastic_net,A:F03399,4,150,0.02666666666666667,0.008286623224002167,1.0,False,
combined,elastic_net,D:F03191,4,150,0.02666666666666667,0.02684862212747772,1.0,False,0.0
combined,elastic_net,D:F03843,4,150,0.02666666666666667,0.011346206610206315,1.0,False,
combined,elastic_net,D:F07092,4,150,0.02666666666666667,0.004155758390182601,1.0,False,
combined,elastic_net,D:F07513,4,150,0.02666666666666667,0.006433168230319185,1.0,False,
combined,linear_svm,A:F01303,4,150,0.02666666666666667,-0.004875961914333685,1.0,False,
combined,linear_svm,A:F01393,4,150,0.02666666666666667,-0.006988133061054164,1.0,False,
combined,linear_svm,A:F02012,4,150,0.02666666666666667,-0.005249328799032911,1.0,False,
combined,linear_svm,A:F04519,4,150,0.02666666666666667,0.00538313065195287,1.0,False,
combined,linear_svm,A:F04944,4,150,0.02666666666666667,0.0055634383021294295,1.0,False,0.0
combined,linear_svm,A:F05405,4,150,0.02666666666666667,0.0052718257857750864,1.0,False,
combined,linear_svm,D:F01162,4,150,0.02666666666666667,0.0056004519239352965,1.0,False,
combined,linear_svm,D:F03805,4,150,0.02666666666666667,0.005908984281321479,1.0,False,-0.00476190476190476
combined,linear_svm,D:F04960,4,150,0.02666666666666667,0.005512054230461706,1.0,False,
combined,linear_svm,D:F06725,4,150,0.02666666666666667,0.0071385166856551465,1.0,False,
combined,linear_svm,D:F07733,4,150,0.02666666666666667,0.0054918287412120455,1.0,False,
detection,elastic_net,D:F00341,4,150,0.02666666666666667,0.0011297423018917102,1.0,False,
detection,elastic_net,D:F01075,4,150,0.02666666666666667,0.006147293005842454,1.0,False,
detection,elastic_net,D:F01626,4,150,0.02666666666666667,0.004868630287847844,1.0,False,0.0
detection,elastic_net,D:F01689,4,150,0.02666666666666667,0.005729457490373319,1.0,False,
detection,elastic_net,D:F02517,4,150,0.02666666666666667,0.01364077308287209,1.0,False,
detection,elastic_net,D:F02620,4,150,0.02666666666666667,0.010148243394430339,1.0,False,
detection,elastic_net,D:F03995,4,150,0.02666666666666667,0.018261953151269373,1.0,False,0.0
detection,elastic_net,D:F06143,4,150,0.02666666666666667,0.0072389518324096165,1.0,False,0.0
detection,elastic_net,D:F07023,4,150,0.02666666666666667,0.0027837694690626873,1.0,False,0.0
detection,linear_svm,D:F00396,4,150,0.02666666666666667,0.00700690402819595,1.0,False,
detection,linear_svm,D:F00624,4,150,0.02666666666666667,0.007003107178068261,1.0,False,
detection,linear_svm,D:F04915,4,150,0.02666666666666667,0.012512461196226914,1.0,False,0.0
detection,linear_svm,D:F06490,4,150,0.02666666666666667,0.00912941580842409,1.0,False,0.0
detection,linear_svm,D:F07148,4,150,0.02666666666666667,0.004631665169996135,1.0,False,
detection,linear_svm,D:F07437,4,150,0.02666666666666667,0.016827796855598924,1.0,False,0.0
detection,linear_svm,D:F00719,4,150,0.02666666666666667,0.0035093582853768807,0.75,False,
abundance,elastic_net,A:F00074,3,150,0.02,-0.00168704181233609,1.0,False,
abundance,elastic_net,A:F00702,3,150,0.02,-0.0039487153820213115,1.0,False,
abundance,elastic_net,A:F01458,3,150,0.02,-0.0036920569819770747,1.0,False,
abundance,elastic_net,A:F01774,3,150,0.02,0.004316602070406815,1.0,False,
abundance,elastic_net,A:F02064,3,150,0.02,0.009542960110094569,1.0,False,
abundance,elastic_net,A:F02703,3,150,0.02,-0.004319333498971016,1.0,False,
abundance,elastic_net,A:F04027,3,150,0.02,-0.008171122853250246,1.0,False,
abundance,elastic_net,A:F07020,3,150,0.02,0.009380988190069552,1.0,False,
abundance,linear_svm,A:F00278,3,150,0.02,-0.005045328668208351,1.0,False,
abundance,linear_svm,A:F01280,3,150,0.02,0.005206399485262948,1.0,False,
abundance,linear_svm,A:F03427,3,150,0.02,0.007291142595198054,1.0,False,
abundance,linear_svm,A:F07205,3,150,0.02,-0.005600665411772184,1.0,False,
combined,elastic_net,A:F01303,3,150,0.02,-0.0037850467847197504,1.0,False,0.0
combined,elastic_net,A:F01405,3,150,0.02,-0.0022371151362801677,1.0,False,
combined,elastic_net,A:F02092,3,150,0.02,0.008104491476035416,1.0,False,
combined,elastic_net,A:F05637,3,150,0.02,0.015737417626979926,1.0,False,
combined,elastic_net,A:F07571,3,150,0.02,0.012488402733730013,1.0,False,
combined,elastic_net,D:F01857,3,150,0.02,0.01244336356987352,1.0,False,
combined,elastic_net,D:F03394,3,150,0.02,0.008959246454052827,1.0,False,
combined,elastic_net,D:F04157,3,150,0.02,0.009432539900045413,1.0,False,0.0
combined,elastic_net,D:F07360,3,150,0.02,0.004291048170537197,1.0,False,
combined,linear_svm,A:F01270,3,150,0.02,-0.005227727233809651,1.0,False,
combined,linear_svm,A:F03609,3,150,0.02,0.0050701915642213215,1.0,False,
combined,linear_svm,A:F05637,3,150,0.02,0.005567413898370269,1.0,False,
combined,linear_svm,A:F05691,3,150,0.02,-0.004966394107733084,1.0,False,
combined,linear_svm,A:F06935,3,150,0.02,-0.0050722906293627,1.0,False,
combined,linear_svm,A:F07127,3,150,0.02,0.005288879926295001,1.0,False,
combined,linear_svm,D:F01827,3,150,0.02,0.005215810306705709,1.0,False,
combined,linear_svm,D:F02925,3,150,0.02,0.005332640411244815,1.0,False,
combined,linear_svm,D:F03082,3,150,0.02,0.010634136376173138,1.0,False,0.0
combined,linear_svm,D:F04737,3,150,0.02,0.005093034521478021,1.0,False,
combined,linear_svm,D:F04943,3,150,0.02,0.005404904453524772,1.0,False,
combined,linear_svm,D:F05295,3,150,0.02,-0.005265555090149937,1.0,False,
combined,linear_svm,D:F06813,3,150,0.02,0.0051694171647005595,1.0,False,
combined,linear_svm,D:F07357,3,150,0.02,0.005316062592440473,1.0,False,
detection,elastic_net,D:F00184,3,150,0.02,0.0025641007241210575,1.0,False,
detection,elastic_net,D:F00393,3,150,0.02,0.0008488553080123887,1.0,False,0.0
detection,elastic_net,D:F01344,3,150,0.02,0.003608972341915503,1.0,False,
detection,elastic_net,D:F01387,3,150,0.02,0.004583184819484376,1.0,False,
detection,elastic_net,D:F03107,3,150,0.02,0.00017863413414126426,1.0,False,
detection,elastic_net,D:F03194,3,150,0.02,0.003152582154136389,1.0,False,
detection,elastic_net,D:F03340,3,150,0.02,0.0028595014370476064,1.0,False,
detection,elastic_net,D:F03490,3,150,0.02,0.009196998452765049,1.0,False,0.0
detection,elastic_net,D:F04102,3,150,0.02,0.0010633393657981957,1.0,False,
detection,elastic_net,D:F04361,3,150,0.02,0.0017889190673109413,1.0,False,
detection,elastic_net,D:F04913,3,150,0.02,0.014943272279773054,1.0,False,
detection,elastic_net,D:F05538,3,150,0.02,0.010603885974832295,1.0,False,
detection,elastic_net,D:F05731,3,150,0.02,0.012563139499515538,1.0,False,
detection,elastic_net,D:F05890,3,150,0.02,0.011593241466407543,1.0,False,
detection,elastic_net,D:F06253,3,150,0.02,0.004330874209540664,1.0,False,
detection,elastic_net,D:F06469,3,150,0.02,0.007459420814077886,1.0,False,
detection,elastic_net,D:F06488,3,150,0.02,0.017125804825533605,1.0,False,
detection,elastic_net,D:F06555,3,150,0.02,0.0018839942699509712,1.0,False,
detection,elastic_net,D:F06631,3,150,0.02,0.0013414644645632582,1.0,False,
detection,elastic_net,D:F08067,3,150,0.02,0.006106802507322949,1.0,False,
detection,linear_svm,D:F01404,3,150,0.02,-0.020091300723170318,1.0,False,0.0
detection,linear_svm,D:F01566,3,150,0.02,0.004785789487200491,1.0,False,0.0
detection,linear_svm,D:F01661,3,150,0.02,0.01355953128697184,1.0,False,0.0
detection,linear_svm,D:F02186,3,150,0.02,0.007056548475342584,1.0,False,0.0
detection,linear_svm,D:F02367,3,150,0.02,0.009987783110312858,1.0,False,
detection,linear_svm,D:F03006,3,150,0.02,0.026932140407960835,1.0,False,-0.00714285714285714
detection,linear_svm,D:F03191,3,150,0.02,0.01263672808443675,1.0,False,0.0
detection,linear_svm,D:F03214,3,150,0.02,0.011925746920738398,1.0,False,0.0
detection,linear_svm,D:F04136,3,150,0.02,0.010366345204343761,1.0,False,
detection,linear_svm,D:F05156,3,150,0.02,-0.0268380994417211,1.0,False,0.00952380952380952
detection,linear_svm,D:F05282,3,150,0.02,0.012677328591119936,1.0,False,
detection,linear_svm,D:F05646,3,150,0.02,0.007719767407446378,1.0,False,
detection,linear_svm,D:F07461,3,150,0.02,0.009473057171521948,1.0,False,0.0
detection,linear_svm,D:F07554,3,150,0.02,0.008093121476255008,1.0,False,
detection,linear_svm,D:F07770,3,150,0.02,0.004073579931451656,1.0,False,
abundance,elastic_net,A:F01201,3,150,0.02,-0.002414046826337995,0.6666666666666666,False,0.0
combined,elastic_net,D:F01229,3,150,0.02,0.006195693324842243,0.6666666666666666,False,
combined,linear_svm,A:F01810,3,150,0.02,0.004878410518788708,0.6666666666666666,False,0.0
detection,elastic_net,D:F01752,3,150,0.02,0.001576943810242614,0.6666666666666666,False,0.0
detection,linear_svm,D:F00959,3,150,0.02,0.004927773070233697,0.6666666666666666,False,
detection,linear_svm,D:F03369,3,150,0.02,0.001829047884951236,0.6666666666666666,False,
detection,linear_svm,D:F05306,3,150,0.02,0.003154222071265557,0.6666666666666666,False,
detection,linear_svm,D:F05520,3,150,0.02,0.004517798284858028,0.6666666666666666,False,
detection,linear_svm,D:F06115,3,150,0.02,0.004665801655738775,0.6666666666666666,False,
detection,linear_svm,D:F07255,3,150,0.02,0.005002869100322977,0.6666666666666666,False,
abundance,elastic_net,A:F01209,2,150,0.013333333333333334,0.009029974129669473,1.0,False,
abundance,elastic_net,A:F02240,2,150,0.013333333333333334,-0.015435139905701226,1.0,False,
abundance,elastic_net,A:F03697,2,150,0.013333333333333334,0.012842239314904417,1.0,False,
abundance,elastic_net,A:F05798,2,150,0.013333333333333334,0.014184752630919858,1.0,False,
abundance,elastic_net,A:F06312,2,150,0.013333333333333334,0.007921748171237206,1.0,False,
abundance,linear_svm,A:F02240,2,150,0.013333333333333334,-0.009250400185694774,1.0,False,0.0
abundance,linear_svm,A:F02927,2,150,0.013333333333333334,-0.0052586567934664544,1.0,False,
abundance,linear_svm,A:F03416,2,150,0.013333333333333334,0.010424321630570343,1.0,False,0.0
abundance,linear_svm,A:F04027,2,150,0.013333333333333334,-0.005046964201403036,1.0,False,
abundance,linear_svm,A:F04912,2,150,0.013333333333333334,0.0066268880809003065,1.0,False,0.0
abundance,linear_svm,A:F05293,2,150,0.013333333333333334,0.005006109889552552,1.0,False,
abundance,linear_svm,A:F06371,2,150,0.013333333333333334,-0.005471910331896377,1.0,False,
abundance,linear_svm,A:F06870,2,150,0.013333333333333334,0.005065933471708795,1.0,False,
abundance,linear_svm,A:F07534,2,150,0.013333333333333334,0.005623060791002308,1.0,False,
combined,elastic_net,A:F04834,2,150,0.013333333333333334,0.006393608053342352,1.0,False,
combined,elastic_net,A:F04907,2,150,0.013333333333333334,-0.0438211799039364,1.0,False,
combined,elastic_net,A:F04916,2,150,0.013333333333333334,0.015310425070447367,1.0,False,
combined,elastic_net,A:F05498,2,150,0.013333333333333334,0.007865640562281322,1.0,False,
combined,elastic_net,D:F00918,2,150,0.013333333333333334,0.009109744277428031,1.0,False,
combined,elastic_net,D:F01318,2,150,0.013333333333333334,0.05417296296134105,1.0,False,
combined,elastic_net,D:F02766,2,150,0.013333333333333334,0.3238726879011067,1.0,False,0.0
combined,elastic_net,D:F04062,2,150,0.013333333333333334,0.010761749586540803,1.0,False,
combined,elastic_net,D:F05306,2,150,0.013333333333333334,0.004519201373052379,1.0,False,
combined,elastic_net,D:F05996,2,150,0.013333333333333334,0.012298274190511759,1.0,False,
combined,linear_svm,A:F00281,2,150,0.013333333333333334,-0.005329050625066084,1.0,False,
combined,linear_svm,A:F02070,2,150,0.013333333333333334,-0.005091463696888411,1.0,False,
combined,linear_svm,A:F02853,2,150,0.013333333333333334,-0.006701882496163519,1.0,False,
combined,linear_svm,A:F04057,2,150,0.013333333333333334,-0.005081779172461078,1.0,False,
combined,linear_svm,A:F04912,2,150,0.013333333333333334,0.02035056226631877,1.0,False,0.0
combined,linear_svm,A:F07371,2,150,0.013333333333333334,0.005529585305290923,1.0,False,
combined,linear_svm,D:F00099,2,150,0.013333333333333334,0.005079422283238776,1.0,False,
combined,linear_svm,D:F00338,2,150,0.013333333333333334,0.005273224863200809,1.0,False,
combined,linear_svm,D:F01712,2,150,0.013333333333333334,0.0061055833673513155,1.0,False,
combined,linear_svm,D:F02220,2,150,0.013333333333333334,0.009203520002003312,1.0,False,
combined,linear_svm,D:F03191,2,150,0.013333333333333334,0.007481057033646774,1.0,False,
combined,linear_svm,D:F04436,2,150,0.013333333333333334,0.005122118601019729,1.0,False,
combined,linear_svm,D:F04694,2,150,0.013333333333333334,0.006444785026669883,1.0,False,
combined,linear_svm,D:F05856,2,150,0.013333333333333334,0.008834848168285305,1.0,False,
combined,linear_svm,D:F05929,2,150,0.013333333333333334,0.006650945981038392,1.0,False,
combined,linear_svm,D:F07434,2,150,0.013333333333333334,0.010022551011989454,1.0,False,0.0
combined,linear_svm,D:F07896,2,150,0.013333333333333334,0.007866491681261656,1.0,False,
detection,elastic_net,D:F00666,2,150,0.013333333333333334,0.003145820140310126,1.0,False,
detection,elastic_net,D:F00678,2,150,0.013333333333333334,0.0027629484400805526,1.0,False,
detection,elastic_net,D:F01610,2,150,0.013333333333333334,0.0024257953573503747,1.0,False,
detection,elastic_net,D:F01768,2,150,0.013333333333333334,0.004998023265787046,1.0,False,0.0
detection,elastic_net,D:F02169,2,150,0.013333333333333334,0.00556612680362412,1.0,False,
detection,elastic_net,D:F02410,2,150,0.013333333333333334,0.006027969455815326,1.0,False,
detection,elastic_net,D:F03834,2,150,0.013333333333333334,0.0031848475266274164,1.0,False,
detection,elastic_net,D:F04040,2,150,0.013333333333333334,0.0019580085424897855,1.0,False,
detection,elastic_net,D:F04064,2,150,0.013333333333333334,0.004363726058700418,1.0,False,
detection,elastic_net,D:F04760,2,150,0.013333333333333334,0.01929310681812456,1.0,False,
detection,elastic_net,D:F04851,2,150,0.013333333333333334,0.016202270323292127,1.0,False,
detection,elastic_net,D:F05337,2,150,0.013333333333333334,0.008012289588197975,1.0,False,0.0
detection,elastic_net,D:F05921,2,150,0.013333333333333334,0.009441106110995178,1.0,False,
detection,elastic_net,D:F06282,2,150,0.013333333333333334,0.010913337950087108,1.0,False,
detection,elastic_net,D:F07365,2,150,0.013333333333333334,0.010077637305811819,1.0,False,
detection,elastic_net,D:F07533,2,150,0.013333333333333334,-0.023670378087507302,1.0,False,0.0
detection,elastic_net,D:F07880,2,150,0.013333333333333334,0.09666945828591823,1.0,False,0.0
detection,elastic_net,D:F08011,2,150,0.013333333333333334,-0.0052779691568920145,1.0,False,
detection,linear_svm,D:F00393,2,150,0.013333333333333334,0.002818078201944403,1.0,False,
detection,linear_svm,D:F00621,2,150,0.013333333333333334,0.007164199049166483,1.0,False,
detection,linear_svm,D:F00748,2,150,0.013333333333333334,0.005784828280962472,1.0,False,
detection,linear_svm,D:F00955,2,150,0.013333333333333334,0.007368373417816753,1.0,False,
detection,linear_svm,D:F01178,2,150,0.013333333333333334,0.009673836456860721,1.0,False,
detection,linear_svm,D:F01279,2,150,0.013333333333333334,0.010511435980573613,1.0,False,0.0
detection,linear_svm,D:F01318,2,150,0.013333333333333334,0.0087766007627377,1.0,False,
detection,linear_svm,D:F01631,2,150,0.013333333333333334,0.005822294879963322,1.0,False,
detection,linear_svm,D:F02026,2,150,0.013333333333333334,-0.012198698704154595,1.0,False,0.0
detection,linear_svm,D:F02532,2,150,0.013333333333333334,0.00618449109137034,1.0,False,
detection,linear_svm,D:F02766,2,150,0.013333333333333334,0.009696962540432914,1.0,False,0.0
detection,linear_svm,D:F03995,2,150,0.013333333333333334,0.015350733594874103,1.0,False,0.0
detection,linear_svm,D:F04102,2,150,0.013333333333333334,0.004650822125665229,1.0,False,
detection,linear_svm,D:F05094,2,150,0.013333333333333334,0.006481966767524374,1.0,False,
detection,linear_svm,D:F05416,2,150,0.013333333333333334,0.01003539781798305,1.0,False,
detection,linear_svm,D:F05987,2,150,0.013333333333333334,0.008116375305531748,1.0,False,
detection,linear_svm,D:F06544,2,150,0.013333333333333334,0.006615069772311636,1.0,False,
detection,linear_svm,D:F07294,2,150,0.013333333333333334,-0.029050294809341896,1.0,False,0.0
detection,linear_svm,D:F07387,2,150,0.013333333333333334,0.03734030142328281,1.0,False,0.02142857142857142
detection,linear_svm,D:F07508,2,150,0.013333333333333334,0.006808324236233161,1.0,False,
combined,elastic_net,D:F03365,2,150,0.013333333333333334,-0.01233990719149833,0.5,False,
combined,elastic_net,D:F05248,2,150,0.013333333333333334,-0.11538946372170292,0.5,False,
combined,linear_svm,A:F04758,2,150,0.013333333333333334,-0.00939962420618001,0.5,False,0.0
detection,elastic_net,D:F02751,2,150,0.013333333333333334,-0.10262681015484691,0.5,False,
detection,linear_svm,D:F00341,2,150,0.013333333333333334,-0.0006117957857090226,0.5,False,
detection,linear_svm,D:F01344,2,150,0.013333333333333334,-0.010099854026630339,0.5,False,
detection,linear_svm,D:F05165,2,150,0.013333333333333334,-0.01791343455355603,0.5,False,
abundance,elastic_net,A:F00040,1,150,0.006666666666666667,-0.008662979531493023,1.0,False,
abundance,elastic_net,A:F00142,1,150,0.006666666666666667,0.006830732478719227,1.0,False,
abundance,elastic_net,A:F00542,1,150,0.006666666666666667,-0.006377377108216476,1.0,False,
abundance,elastic_net,A:F00715,1,150,0.006666666666666667,-0.00374718130153842,1.0,False,
abundance,elastic_net,A:F01367,1,150,0.006666666666666667,-0.005058887025670891,1.0,False,
abundance,elastic_net,A:F01530,1,150,0.006666666666666667,-0.20915726378321112,1.0,False,
abundance,elastic_net,A:F01758,1,150,0.006666666666666667,0.004161043000731373,1.0,False,
abundance,elastic_net,A:F02604,1,150,0.006666666666666667,0.005138274553754212,1.0,False,
abundance,elastic_net,A:F03692,1,150,0.006666666666666667,-0.004347982418600277,1.0,False,
abundance,elastic_net,A:F03790,1,150,0.006666666666666667,-0.010689770380029917,1.0,False,
abundance,elastic_net,A:F04211,1,150,0.006666666666666667,-0.010549760051517585,1.0,False,
abundance,elastic_net,A:F04384,1,150,0.006666666666666667,0.005147000667679614,1.0,False,
abundance,elastic_net,A:F04680,1,150,0.006666666666666667,0.01758094747530743,1.0,False,
abundance,elastic_net,A:F05033,1,150,0.006666666666666667,-0.014997910129695034,1.0,False,
abundance,elastic_net,A:F05277,1,150,0.006666666666666667,-0.012222662939776002,1.0,False,
abundance,elastic_net,A:F05785,1,150,0.006666666666666667,0.007964822086159768,1.0,False,
abundance,elastic_net,A:F07327,1,150,0.006666666666666667,0.012574550562094276,1.0,False,
abundance,elastic_net,A:F07573,1,150,0.006666666666666667,-0.008725487187657404,1.0,False,
abundance,elastic_net,A:F07580,1,150,0.006666666666666667,0.010278281804813775,1.0,False,
abundance,linear_svm,A:F00074,1,150,0.006666666666666667,-0.005657861540368377,1.0,False,
abundance,linear_svm,A:F00542,1,150,0.006666666666666667,-0.009792807091732372,1.0,False,
abundance,linear_svm,A:F00702,1,150,0.006666666666666667,-0.005066101593529279,1.0,False,
abundance,linear_svm,A:F00715,1,150,0.006666666666666667,-0.004899931188219484,1.0,False,
abundance,linear_svm,A:F00716,1,150,0.006666666666666667,-0.0047771182485833955,1.0,False,
abundance,linear_svm,A:F01367,1,150,0.006666666666666667,-0.009286886396292621,1.0,False,
abundance,linear_svm,A:F01458,1,150,0.006666666666666667,-0.004839218667887807,1.0,False,
abundance,linear_svm,A:F01530,1,150,0.006666666666666667,-0.005447607328783137,1.0,False,
abundance,linear_svm,A:F01774,1,150,0.006666666666666667,0.005124765641092073,1.0,False,
abundance,linear_svm,A:F02064,1,150,0.006666666666666667,0.005314043009317593,1.0,False,
abundance,linear_svm,A:F02703,1,150,0.006666666666666667,-0.008295748541541153,1.0,False,
abundance,linear_svm,A:F03697,1,150,0.006666666666666667,0.005402235656173981,1.0,False,
abundance,linear_svm,A:F04211,1,150,0.006666666666666667,-0.00513359321147651,1.0,False,
abundance,linear_svm,A:F04907,1,150,0.006666666666666667,-0.0051488907729032125,1.0,False,
abundance,linear_svm,A:F05018,1,150,0.006666666666666667,0.005213799421630073,1.0,False,
abundance,linear_svm,A:F05622,1,150,0.006666666666666667,-0.005629554615374885,1.0,False,
abundance,linear_svm,A:F05707,1,150,0.006666666666666667,-0.005165129508597314,1.0,False,
abundance,linear_svm,A:F06312,1,150,0.006666666666666667,0.005203132257782732,1.0,False,
abundance,linear_svm,A:F06682,1,150,0.006666666666666667,-0.005225528654330477,1.0,False,
abundance,linear_svm,A:F07020,1,150,0.006666666666666667,0.005421773807453279,1.0,False,
combined,elastic_net,A:F00238,1,150,0.006666666666666667,-0.005020251746659236,1.0,False,
combined,elastic_net,A:F01201,1,150,0.006666666666666667,-0.0025092033686755183,1.0,False,
combined,elastic_net,A:F01280,1,150,0.006666666666666667,0.06396511111729168,1.0,False,0.0
combined,elastic_net,A:F01551,1,150,0.006666666666666667,-0.014172040457000757,1.0,False,
combined,elastic_net,A:F01703,1,150,0.006666666666666667,-0.0080941196404662,1.0,False,
combined,elastic_net,A:F02064,1,150,0.006666666666666667,0.00634074748751502,1.0,False,
combined,elastic_net,A:F02191,1,150,0.006666666666666667,-0.0016405535297935878,1.0,False,
combined,elastic_net,A:F02240,1,150,0.006666666666666667,-0.013292920507403582,1.0,False,
combined,elastic_net,A:F03379,1,150,0.006666666666666667,0.009106211647825178,1.0,False,
combined,elastic_net,A:F03416,1,150,0.006666666666666667,0.014346942433288434,1.0,False,
combined,elastic_net,A:F03427,1,150,0.006666666666666667,0.013918370567051147,1.0,False,
combined,elastic_net,A:F05293,1,150,0.006666666666666667,0.0009408654966626085,1.0,False,
combined,elastic_net,A:F05622,1,150,0.006666666666666667,-0.017326593698430724,1.0,False,
combined,elastic_net,A:F05707,1,150,0.006666666666666667,-0.011981406980916385,1.0,False,
combined,elastic_net,A:F06447,1,150,0.006666666666666667,-0.05541469583733402,1.0,False,
combined,elastic_net,A:F06591,1,150,0.006666666666666667,0.015523875358830702,1.0,False,
combined,elastic_net,A:F06870,1,150,0.006666666666666667,0.003077515942586418,1.0,False,
combined,elastic_net,A:F07205,1,150,0.006666666666666667,-0.0074622365191248175,1.0,False,
combined,elastic_net,A:F07534,1,150,0.006666666666666667,0.014705505945770242,1.0,False,
combined,elastic_net,D:F00396,1,150,0.006666666666666667,0.007060567205110386,1.0,False,
combined,elastic_net,D:F00415,1,150,0.006666666666666667,0.011271541468310192,1.0,False,
combined,elastic_net,D:F00496,1,150,0.006666666666666667,0.042999844874490274,1.0,False,0.0
combined,elastic_net,D:F00717,1,150,0.006666666666666667,0.018539616957147655,1.0,False,
combined,elastic_net,D:F00719,1,150,0.006666666666666667,0.007510794124327058,1.0,False,
combined,elastic_net,D:F01645,1,150,0.006666666666666667,0.0021750746298807716,1.0,False,
combined,elastic_net,D:F01946,1,150,0.006666666666666667,0.008089400228905336,1.0,False,
combined,elastic_net,D:F02367,1,150,0.006666666666666667,0.008783294880387494,1.0,False,
combined,elastic_net,D:F02406,1,150,0.006666666666666667,0.0045409066612911095,1.0,False,
combined,elastic_net,D:F03196,1,150,0.006666666666666667,0.003615050317107011,1.0,False,
combined,elastic_net,D:F04136,1,150,0.006666666666666667,0.009021806044084927,1.0,False,
combined,elastic_net,D:F05338,1,150,0.006666666666666667,0.007852210457036407,1.0,False,
combined,elastic_net,D:F05394,1,150,0.006666666666666667,-0.0761429549529594,1.0,False,
combined,elastic_net,D:F05520,1,150,0.006666666666666667,0.006945721439033141,1.0,False,
combined,elastic_net,D:F05835,1,150,0.006666666666666667,0.011439395944670912,1.0,False,
combined,elastic_net,D:F05871,1,150,0.006666666666666667,0.0052897565790869265,1.0,False,
combined,elastic_net,D:F05930,1,150,0.006666666666666667,0.0195540948787416,1.0,False,
combined,elastic_net,D:F06253,1,150,0.006666666666666667,0.0071915258320884795,1.0,False,
combined,elastic_net,D:F06329,1,150,0.006666666666666667,0.0044832318474563185,1.0,False,
combined,elastic_net,D:F06490,1,150,0.006666666666666667,0.09316612012287107,1.0,False,0.0
combined,elastic_net,D:F07255,1,150,0.006666666666666667,0.00788232084601848,1.0,False,
combined,elastic_net,D:F07359,1,150,0.006666666666666667,0.007055939654852884,1.0,False,
combined,elastic_net,D:F07437,1,150,0.006666666666666667,0.01950412556556766,1.0,False,
combined,elastic_net,D:F07461,1,150,0.006666666666666667,0.0079260801082008,1.0,False,
combined,elastic_net,D:F07881,1,150,0.006666666666666667,0.00842539382011022,1.0,False,
combined,linear_svm,A:F00238,1,150,0.006666666666666667,-0.004905046667936478,1.0,False,
combined,linear_svm,A:F00401,1,150,0.006666666666666667,-0.005091874672998029,1.0,False,
combined,linear_svm,A:F00722,1,150,0.006666666666666667,-0.005109624277181621,1.0,False,
combined,linear_svm,A:F01280,1,150,0.006666666666666667,0.026222130062420072,1.0,False,0.0
combined,linear_svm,A:F01398,1,150,0.006666666666666667,-0.0050308594390471905,1.0,False,
combined,linear_svm,A:F01892,1,150,0.006666666666666667,0.004949269336499685,1.0,False,
combined,linear_svm,A:F02191,1,150,0.006666666666666667,-0.004763430632833849,1.0,False,
combined,linear_svm,A:F02240,1,150,0.006666666666666667,-0.005284832206397483,1.0,False,
combined,linear_svm,A:F03379,1,150,0.006666666666666667,0.005242209300238866,1.0,False,
combined,linear_svm,A:F04916,1,150,0.006666666666666667,0.005538774215996331,1.0,False,
combined,linear_svm,A:F05293,1,150,0.006666666666666667,0.004981561042863497,1.0,False,
combined,linear_svm,A:F05622,1,150,0.006666666666666667,-0.005579905961798676,1.0,False,
combined,linear_svm,A:F06371,1,150,0.006666666666666667,-0.005162618350700114,1.0,False,
combined,linear_svm,A:F06591,1,150,0.006666666666666667,0.005499563235761919,1.0,False,
combined,linear_svm,A:F07571,1,150,0.006666666666666667,0.005252816952266479,1.0,False,
combined,linear_svm,D:F00415,1,150,0.006666666666666667,0.005477569506264374,1.0,False,
combined,linear_svm,D:F00585,1,150,0.006666666666666667,0.005318181009897168,1.0,False,
combined,linear_svm,D:F00717,1,150,0.006666666666666667,0.005502911731488961,1.0,False,
combined,linear_svm,D:F00918,1,150,0.006666666666666667,0.0052793981354515695,1.0,False,
combined,linear_svm,D:F01133,1,150,0.006666666666666667,0.005001978931773247,1.0,False,
combined,linear_svm,D:F01185,1,150,0.006666666666666667,0.011281917699285542,1.0,False,
combined,linear_svm,D:F01857,1,150,0.006666666666666667,0.010389083403538496,1.0,False,
combined,linear_svm,D:F03394,1,150,0.006666666666666667,0.005354860623542248,1.0,False,
combined,linear_svm,D:F03759,1,150,0.006666666666666667,0.005275184665431172,1.0,False,
combined,linear_svm,D:F03843,1,150,0.006666666666666667,0.005427162127955589,1.0,False,
combined,linear_svm,D:F04202,1,150,0.006666666666666667,0.0052565191694259735,1.0,False,
combined,linear_svm,D:F05520,1,150,0.006666666666666667,0.007503681562834257,1.0,False,
combined,linear_svm,D:F05996,1,150,0.006666666666666667,0.008882921332545693,1.0,False,
combined,linear_svm,D:F07092,1,150,0.006666666666666667,0.005432184443650113,1.0,False,
combined,linear_svm,D:F07359,1,150,0.006666666666666667,0.005054306897430481,1.0,False,
combined,linear_svm,D:F07437,1,150,0.006666666666666667,0.014855908119850693,1.0,False,0.0
combined,linear_svm,D:F07461,1,150,0.006666666666666667,0.005127831074474815,1.0,False,
detection,elastic_net,D:F00077,1,150,0.006666666666666667,0.008692731469496178,1.0,False,0.0
detection,elastic_net,D:F00361,1,150,0.006666666666666667,0.0009080057639981385,1.0,False,
detection,elastic_net,D:F00381,1,150,0.006666666666666667,0.012671523343051211,1.0,False,
detection,elastic_net,D:F00497,1,150,0.006666666666666667,0.006298452232330695,1.0,False,
detection,elastic_net,D:F00737,1,150,0.006666666666666667,0.002456882110824761,1.0,False,0.0
detection,elastic_net,D:F01448,1,150,0.006666666666666667,0.0065380257580334635,1.0,False,
detection,elastic_net,D:F01526,1,150,0.006666666666666667,0.004881347313552119,1.0,False,
detection,elastic_net,D:F01737,1,150,0.006666666666666667,0.002262694718774251,1.0,False,
detection,elastic_net,D:F01783,1,150,0.006666666666666667,0.014589555714845407,1.0,False,
detection,elastic_net,D:F02027,1,150,0.006666666666666667,-0.01938342914839506,1.0,False,
detection,elastic_net,D:F02296,1,150,0.006666666666666667,0.004610100830917542,1.0,False,0.0
detection,elastic_net,D:F02377,1,150,0.006666666666666667,0.04260336531165125,1.0,False,
detection,elastic_net,D:F02415,1,150,0.006666666666666667,0.013490295521463152,1.0,False,
detection,elastic_net,D:F03131,1,150,0.006666666666666667,-0.019519450398269494,1.0,False,
detection,elastic_net,D:F03193,1,150,0.006666666666666667,0.006188231544578872,1.0,False,
detection,elastic_net,D:F03417,1,150,0.006666666666666667,-0.016800558486427062,1.0,False,
detection,elastic_net,D:F03435,1,150,0.006666666666666667,-0.0174452727178501,1.0,False,
detection,elastic_net,D:F03467,1,150,0.006666666666666667,0.004312237086467319,1.0,False,0.0
detection,elastic_net,D:F03600,1,150,0.006666666666666667,0.0009325092506859171,1.0,False,
detection,elastic_net,D:F03778,1,150,0.006666666666666667,0.0016947317015582554,1.0,False,
detection,elastic_net,D:F04041,1,150,0.006666666666666667,0.0022695641798482027,1.0,False,
detection,elastic_net,D:F04148,1,150,0.006666666666666667,0.011412959768487847,1.0,False,
detection,elastic_net,D:F04933,1,150,0.006666666666666667,0.000272067349008605,1.0,False,
detection,elastic_net,D:F04977,1,150,0.006666666666666667,0.004080001520266983,1.0,False,
detection,elastic_net,D:F05351,1,150,0.006666666666666667,5.8767555586399666e-06,1.0,False,0.0
detection,elastic_net,D:F05545,1,150,0.006666666666666667,0.010617369443178525,1.0,False,
detection,elastic_net,D:F05702,1,150,0.006666666666666667,0.010906366944778405,1.0,False,
detection,elastic_net,D:F05751,1,150,0.006666666666666667,7.60622872107678e-05,1.0,False,
detection,elastic_net,D:F05815,1,150,0.006666666666666667,2.1920768434530272e-06,1.0,False,
detection,elastic_net,D:F06587,1,150,0.006666666666666667,0.013900106834371755,1.0,False,
detection,elastic_net,D:F06740,1,150,0.006666666666666667,0.002034879915878184,1.0,False,
detection,elastic_net,D:F06790,1,150,0.006666666666666667,0.006542474438812332,1.0,False,
detection,elastic_net,D:F07062,1,150,0.006666666666666667,0.017361421737541332,1.0,False,
detection,elastic_net,D:F07281,1,150,0.006666666666666667,0.0004903363899782291,1.0,False,
detection,elastic_net,D:F07412,1,150,0.006666666666666667,0.006042528818669498,1.0,False,
detection,elastic_net,D:F07594,1,150,0.006666666666666667,0.02084351681814597,1.0,False,0.0
detection,elastic_net,D:F07659,1,150,0.006666666666666667,0.002464781044160745,1.0,False,
detection,elastic_net,D:F07868,1,150,0.006666666666666667,0.016945036243993652,1.0,False,
detection,elastic_net,D:F07959,1,150,0.006666666666666667,0.012928257911978321,1.0,False,
detection,elastic_net,D:F08031,1,150,0.006666666666666667,0.0030974872677600866,1.0,False,
detection,linear_svm,D:F00009,1,150,0.006666666666666667,0.006643656585174887,1.0,False,
detection,linear_svm,D:F00152,1,150,0.006666666666666667,0.003093992427919778,1.0,False,
detection,linear_svm,D:F00184,1,150,0.006666666666666667,0.005817684963888985,1.0,False,
detection,linear_svm,D:F00497,1,150,0.006666666666666667,0.010498415943612413,1.0,False,
detection,linear_svm,D:F00639,1,150,0.006666666666666667,0.012482435669068464,1.0,False,
detection,linear_svm,D:F00737,1,150,0.006666666666666667,0.0074022122274589085,1.0,False,
detection,linear_svm,D:F01448,1,150,0.006666666666666667,0.006559485437963147,1.0,False,
detection,linear_svm,D:F01737,1,150,0.006666666666666667,0.007020208498448954,1.0,False,
detection,linear_svm,D:F01768,1,150,0.006666666666666667,0.003924110237001268,1.0,False,
detection,linear_svm,D:F01790,1,150,0.006666666666666667,0.017062282760276094,1.0,False,0.0
detection,linear_svm,D:F01815,1,150,0.006666666666666667,0.006602561498484885,1.0,False,
detection,linear_svm,D:F02537,1,150,0.006666666666666667,0.00585256424260967,1.0,False,
detection,linear_svm,D:F02620,1,150,0.006666666666666667,0.009071112452835789,1.0,False,
detection,linear_svm,D:F02811,1,150,0.006666666666666667,-0.005284417850287741,1.0,False,
detection,linear_svm,D:F03023,1,150,0.006666666666666667,0.0010569859733931888,1.0,False,
detection,linear_svm,D:F03678,1,150,0.006666666666666667,0.0049193521552756275,1.0,False,
detection,linear_svm,D:F04041,1,150,0.006666666666666667,0.003751756020231704,1.0,False,
detection,linear_svm,D:F04340,1,150,0.006666666666666667,0.00461372346940158,1.0,False,
detection,linear_svm,D:F04368,1,150,0.006666666666666667,-0.005757467258544604,1.0,False,0.0
detection,linear_svm,D:F04374,1,150,0.006666666666666667,-0.02142128882163822,1.0,False,0.0
detection,linear_svm,D:F04933,1,150,0.006666666666666667,0.005551878270150194,1.0,False,
detection,linear_svm,D:F05006,1,150,0.006666666666666667,0.037240811186460526,1.0,False,0.0
detection,linear_svm,D:F05313,1,150,0.006666666666666667,-0.023374194227381778,1.0,False,0.0
detection,linear_svm,D:F05351,1,150,0.006666666666666667,0.006644129156105124,1.0,False,
detection,linear_svm,D:F05372,1,150,0.006666666666666667,0.006851493464681846,1.0,False,
detection,linear_svm,D:F05605,1,150,0.006666666666666667,0.004844040541814324,1.0,False,
detection,linear_svm,D:F05731,1,150,0.006666666666666667,0.011581498503573956,1.0,False,
detection,linear_svm,D:F05751,1,150,0.006666666666666667,-0.0029012569183391374,1.0,False,
detection,linear_svm,D:F05835,1,150,0.006666666666666667,0.0049777433791977,1.0,False,
detection,linear_svm,D:F05926,1,150,0.006666666666666667,-0.015136547466782602,1.0,False,
detection,linear_svm,D:F05930,1,150,0.006666666666666667,0.010456113337510523,1.0,False,
detection,linear_svm,D:F06282,1,150,0.006666666666666667,0.017705644132354318,1.0,False,
detection,linear_svm,D:F06372,1,150,0.006666666666666667,0.004865281671688979,1.0,False,
detection,linear_svm,D:F06461,1,150,0.006666666666666667,-0.01158632419572332,1.0,False,
detection,linear_svm,D:F06523,1,150,0.006666666666666667,0.0047540450462313965,1.0,False,
detection,linear_svm,D:F06702,1,150,0.006666666666666667,0.03895809427729593,1.0,False,0.0
detection,linear_svm,D:F07206,1,150,0.006666666666666667,0.004958010986094859,1.0,False,
detection,linear_svm,D:F07365,1,150,0.006666666666666667,0.00999544442466078,1.0,False,
detection,linear_svm,D:F07520,1,150,0.006666666666666667,0.006780763956567478,1.0,False,
detection,linear_svm,D:F07533,1,150,0.006666666666666667,-0.00593150565974366,1.0,False,0.0
detection,linear_svm,D:F07728,1,150,0.006666666666666667,0.006939251017337572,1.0,False,
detection,linear_svm,D:F07765,1,150,0.006666666666666667,0.007260409693606388,1.0,False,
