feature_key,evidence_tier,lopo_eligible_runs,lopo_effect_min,lopo_effect_max,lopo_max_absolute_effect_change,lopo_max_standardized_effect_change,lopo_worst_patient,lopo_sign_flip_count,lopo_abundance_fdr_fraction,lopo_abundance_core_fraction,lopo_detection_fdr_fraction,lopo_detection_core_fraction,lopo_tier_retention_fraction
F00001,not_tiered,0,,,,,,0,0.0,0.0,0.0,0.0,
F00002,B_abundance,42,-1.5127411683680732,-1.3916570534324941,0.06786546033199836,0.34527512644715086,P31,0,1.0,1.0,0.0,0.0,1.0
F00003,B_abundance,42,-1.2256518968695096,-1.0889796253879942,0.07134997042772184,0.3494665828629171,P31,0,1.0,1.0,0.0,0.0,1.0
F00004,B_abundance,42,-2.2289053957079785,-1.8889356836429485,0.17286469929356274,0.4516538981473116,P16,0,1.0,1.0,0.0,0.0,1.0
F00005,not_tiered,42,-0.3909563474997874,-0.1708063863517859,0.130198378230102,0.5060833960616046,P42,0,0.0,0.0,0.8333333333333334,0.0,
F00006,not_tiered,42,-0.6210305619911991,-0.48914826428205077,0.08009921556040867,0.4422089759766167,P37,0,1.0,0.0,1.0,0.0,
F00007,not_tiered,42,-2.6529706585999335,-1.951179635609643,0.3508955114951453,0.6306573114389933,P26,0,0.0,0.0,0.0,0.0,
F00008,not_tiered,42,0.23651357385948168,0.3429365242809603,0.059243605056504056,0.503970048513922,P13,0,0.0,0.0,1.0,1.0,
F00009,C_detection_pattern,42,0.920092147190237,1.209372028104287,0.1976711469477257,0.7011019846264327,P30,0,0.0,0.0,1.0,1.0,1.0
F00010,B_abundance,42,-1.32804005110641,-1.1458051912252847,0.10243497442575178,0.433348380928357,P22,0,1.0,1.0,0.0,0.0,1.0
F00011,C_detection_pattern,42,-0.12614745731491894,0.0989342712498621,0.1413027846042431,0.5839522940278653,P38,3,0.0,0.0,1.0,1.0,1.0
F00012,C_detection_pattern,42,-0.13059890374016714,0.22873356155523594,0.21905795706854253,0.7372942762040692,P40,4,0.0,0.0,1.0,1.0,1.0
F00013,not_tiered,42,0.4770411335215273,0.5488482048057011,0.03755202129994428,0.3406420959069181,P35,0,1.0,0.0,0.0,0.0,
F00014,not_tiered,42,-0.4092003636619907,-0.2998866436773202,0.08021641604120722,0.5616458103019316,P36,0,0.0,0.0,1.0,1.0,
F00015,not_tiered,42,-0.36799382624988175,-0.26169825685760684,0.06284111861699465,0.45794111762338163,P18,0,0.7857142857142857,0.0,0.023809523809523808,0.0,
F00016,not_tiered,0,,,,,,0,0.0,0.0,0.0,0.0,
F00017,not_tiered,42,0.007543683957554092,0.11022954343769302,0.06733307326256552,0.5348336270354781,P19,0,0.0,0.0,0.0,0.0,
F00018,not_tiered,42,-1.4901827626466035,-1.1380073872275067,0.2508767783434853,0.7032756468489388,P13,0,0.0,0.0,0.11904761904761904,0.11904761904761904,
F00019,C_detection_pattern,42,-0.4898898447891627,0.009876248978634195,0.3487782408067424,0.9349401860102126,P27,1,0.0,0.0,1.0,1.0,1.0
F00020,not_tiered,42,-1.4125280683106964,-1.2164134411801495,0.09975188930430412,0.3918956432659682,P32,0,0.0,0.0,0.0,0.0,
F00021,C_detection_pattern,42,-0.2277993661669598,0.7265609800142998,0.5725974465981208,0.9907608444675227,P26,1,0.0,0.0,1.0,1.0,1.0
F00022,not_tiered,0,,,,,,0,0.0,0.0,0.0,0.0,
F00023,not_tiered,42,1.5633277073622258,6.77136968178535,3.0884314910243145,1.6249789476618983,P28,0,0.0,0.0,0.0,0.0,
F00024,C_detection_pattern,42,-1.4480996041346086,-0.24464599023215708,0.7357287615624929,0.9392876794225686,P40,0,0.0,0.0,1.0,1.0,1.0
F00025,not_tiered,42,-0.18870736162490978,-0.02351571746088402,0.10123952555353659,0.5600069125223991,P2,0,0.0,0.0,0.0,0.0,
F00026,not_tiered,42,-0.8552036383596109,-0.6332377575055431,0.11575947342944437,0.46552451362855213,P37,0,0.0,0.0,0.0,0.0,
F00027,not_tiered,41,-0.2782477586444916,-0.2782477586444916,0.0,,P2,0,0.0,0.0,0.0,0.0,
F00028,not_tiered,42,-0.995822280127431,-0.8307014619505669,0.08832783101310981,0.44526586511996835,P4,0,0.0,0.0,0.09523809523809523,0.09523809523809523,
F00029,not_tiered,42,0.20425189385666448,0.34315852149162746,0.08316661846533202,0.4594495599129751,P14,0,0.0,0.0,0.8333333333333334,0.0,
F00030,C_detection_pattern,42,-0.24087937193222395,0.2822858704222611,0.3498383491282564,0.8394221949084022,P39,3,0.0,0.0,1.0,1.0,1.0
F00031,not_tiered,41,1.770786065968828,1.770786065968828,0.0,,P1,0,0.0,0.0,0.0,0.0,
F00032,not_tiered,41,-0.766342648790566,-0.766342648790566,0.0,,P1,0,0.0,0.0,0.0,0.0,
F00033,C_detection_pattern,42,0.33577518008390494,0.6839867235468999,0.19993644274465322,0.656421446711237,P26,0,0.0,0.0,1.0,1.0,1.0
F00034,not_tiered,42,-0.15566393043728044,-0.050879931771703794,0.059896834219410736,0.4057704974466446,P8,0,0.0,0.0,0.0,0.0,
F00035,not_tiered,42,0.4785303339696588,0.5293668053201097,0.025502475153867832,0.32319096184553336,P20,0,1.0,0.0,0.0,0.0,
F00036,not_tiered,42,0.37758971357939697,0.4226651988077245,0.031937280679341706,0.4355804944849555,P19,0,1.0,0.0,0.0,0.0,
F00037,not_tiered,42,0.6342652456920711,0.7204627340635327,0.055326004946394614,0.45753483472099893,P31,0,1.0,0.0,0.0,0.0,
F00038,not_tiered,42,-0.004482112424606224,0.0956630372034551,0.06390115238171351,0.5023036375001892,P19,2,0.0,0.0,0.0,0.0,
F00039,not_tiered,42,-0.6174974033886457,-0.42858550646127375,0.10750355502917663,0.5565005852856463,P6,0,1.0,0.0,0.0,0.0,
F00040,B_abundance,42,-1.2480767141821083,-1.1158301427450674,0.07440283825498306,0.4906029969325585,P2,0,1.0,1.0,0.0,0.0,1.0
F00041,not_tiered,42,-0.2509910814848814,-0.16859811769040395,0.045783734154611455,0.38826748627013213,P22,0,0.0,0.0,1.0,0.0,
F00042,B_abundance,42,-1.6168943437500338,-1.523191773456195,0.04908012970226738,0.3523485915703014,P1,0,1.0,1.0,0.0,0.0,1.0
F00043,not_tiered,42,-0.5692054037737543,-0.4472355341662149,0.08253978812443236,0.5464194388474191,P31,0,1.0,0.0,0.0,0.0,
F00044,not_tiered,42,-0.2691572888412157,0.8424623607380681,0.6786668238156728,1.1878023401991542,P34,1,0.0,0.0,0.7142857142857143,0.7142857142857143,
F00045,not_tiered,0,,,,,,0,0.0,0.0,0.0,0.0,
F00046,not_tiered,42,-0.8431770600016399,-0.4603689745725904,0.23123566533112705,0.6621464002879835,P23,0,0.0,0.0,0.0,0.0,
F00047,C_detection_pattern,42,-0.5351946049937286,0.17617117594309395,0.385318245660768,0.8289458138133582,P38,1,0.0,0.0,1.0,1.0,1.0
F00048,not_tiered,42,-0.6149866694114655,-0.5083158169117549,0.05522333726752371,0.46902008591578376,P23,0,1.0,0.0,0.0,0.0,
F00049,not_tiered,42,-0.2350176751142392,2.691136486199003,1.4630770806566211,1.7100315994616095,P20,1,0.0,0.0,0.5952380952380952,0.5952380952380952,
F00050,C_detection_pattern,42,-2.6330665216869433,-2.297595074615277,0.18746610613557246,0.46632589655927903,P1,0,0.0,0.0,1.0,1.0,1.0
F00051,not_tiered,42,-2.6243385313618024,0.021593236571497698,1.32296588396665,1.6405754973301563,P28,1,0.0,0.0,0.0,0.0,
F00052,B_abundance,42,-2.034821886051097,-1.8839377666228223,0.08533870441807223,0.4477009792269889,P1,0,1.0,1.0,0.0,0.0,1.0
F00053,not_tiered,42,-1.5845288948618779,-1.262082924228617,0.19914833958874545,0.590908172405653,P16,0,0.0,0.0,0.0,0.0,
F00054,not_tiered,42,-3.031605062711666,-2.9342176488160305,0.05341032096371334,0.1345538402246521,P3,0,0.0,0.0,0.0,0.0,
F00055,not_tiered,0,,,,,,0,0.0,0.0,0.023809523809523808,0.0,
F00056,not_tiered,42,-0.20812130636713788,-0.052625953991632946,0.08594537829667145,0.45160033153410656,P39,0,0.0,0.0,1.0,1.0,
F00057,not_tiered,42,0.5455115089250638,0.6565677308444118,0.05692038307228309,0.42914097569752774,P21,0,1.0,0.0,0.0,0.0,
F00058,not_tiered,42,-0.4093098233117392,-0.3394002804186891,0.0533977154999834,0.6256341160034675,P23,0,1.0,0.0,0.0,0.0,
F00059,C_detection_pattern,41,-0.08802961855790947,-0.08802961855790947,6.938893903907228e-17,,P2,0,0.0,0.0,1.0,1.0,1.0
F00060,not_tiered,42,-0.21324353675112112,-0.10158748819109091,0.05758947696544822,0.4096082483468216,P31,0,0.0,0.0,0.0,0.0,
F00061,B_abundance,42,-1.7348998179953092,-1.530166833433725,0.12751644481972324,0.43883273188400307,P19,0,1.0,1.0,0.0,0.0,1.0
F00062,not_tiered,42,-0.13313311494173127,0.06396701207128357,0.11906153973976027,0.6475244071239322,P25,11,0.0,0.0,0.8333333333333334,0.0,
F00063,not_tiered,41,-6.025759337403237,-6.025759337403237,0.0,,P1,0,0.0,0.0,0.047619047619047616,0.047619047619047616,
F00064,C_detection_pattern,42,-0.01641415162395421,0.45248576547222386,0.2552335102192328,0.6692134362172723,P29,2,0.0,0.0,1.0,1.0,1.0
F00065,not_tiered,42,-1.5362863310085373,-0.5927358341531422,0.5115777796512198,0.7597653366051821,P20,0,0.0,0.0,0.0,0.0,
F00066,not_tiered,42,-0.07922302203658466,-0.012615231118937803,0.044955778310433396,0.4206797534205329,P19,0,0.0,0.0,0.0,0.0,
F00067,B_abundance,42,-1.6233231482810193,-1.427242140023802,0.12775605711307558,0.4696567321973294,P19,0,1.0,1.0,0.0,0.0,1.0
F00068,B_abundance,42,-2.2597708125030436,-2.0282627692718904,0.1172652142983499,0.40773846277131576,P16,0,1.0,1.0,0.0,0.0,1.0
F00069,not_tiered,42,-1.4146008285698242,-1.1993236767088484,0.11937525650146874,0.5391038968475705,P40,0,0.0,0.0,0.0,0.0,
F00070,B_abundance,42,-1.3998970014881151,-1.2705814648308966,0.08833801142321507,0.47083950799093244,P19,0,1.0,1.0,0.0,0.0,1.0
F00071,not_tiered,0,,,,,,0,0.0,0.0,0.0,0.0,
F00072,C_detection_pattern,42,-1.350902670529345,-0.5910895680362598,0.44159484354427736,0.7839217121188197,P36,0,0.0,0.0,1.0,1.0,1.0
F00073,not_tiered,42,-0.14727712863514514,0.030311142544928456,0.10007550834122403,0.6007489940380016,P25,1,0.0,0.0,0.0,0.0,
F00074,B_abundance,42,-2.392347214502827,-2.1898458317134977,0.12384588251085349,0.46535836434874034,P19,0,1.0,1.0,0.0,0.0,1.0
F00075,not_tiered,42,-0.6558481293391836,-0.517571881635936,0.07517402375216387,0.4802662438067735,P21,0,1.0,0.0,0.0,0.0,
F00076,not_tiered,42,0.230743579734874,0.3416110574085898,0.057467406107763214,0.40437743832311435,P21,0,0.09523809523809523,0.0,0.0,0.0,
F00077,C_detection_pattern,42,-0.6115942830450223,0.505062037325966,0.605266123021585,1.0988160259551885,P12,2,0.0,0.0,1.0,1.0,1.0
F00078,C_detection_pattern,0,,,,,,0,0.0,0.0,1.0,1.0,1.0
F00079,not_tiered,42,-1.071543714864192,-0.6867108825194927,0.23420329914121907,0.6741409524126504,P26,0,0.0,0.0,0.0,0.0,
F00080,not_tiered,42,-2.026471646716651,-1.7381626145305062,0.1563401069038901,0.4600566907673122,P3,0,0.0,0.0,0.0,0.0,
F00081,not_tiered,42,0.3222876062596059,0.408141740956728,0.05054874422804423,0.5183476099200208,P31,0,1.0,0.0,0.0,0.0,
F00082,not_tiered,42,-0.41966404725756234,-0.3345575680047155,0.042553239626423434,0.07982530276946913,P17,0,0.0,0.0,0.0,0.0,
F00083,not_tiered,42,0.4443136447221854,0.5326891297168616,0.047525436934301835,0.38372735705266275,P39,0,1.0,0.0,0.0,0.0,
F00084,not_tiered,42,-0.8961979880441315,-0.7958598475762154,0.055315631424293965,0.3928019277786437,P19,0,1.0,0.0,0.0,0.0,
F00085,B_abundance,42,-1.6817668820459502,-1.514556060843975,0.1063807484830781,0.4491767450604752,P19,0,1.0,1.0,0.0,0.0,1.0
F00086,not_tiered,42,-2.8398047394924815,-1.1275563058414524,1.0721795241568115,1.1826763380570262,P35,0,0.0,0.0,1.0,1.0,
F00087,not_tiered,42,-0.07515728440337034,0.11990760394771133,0.10070620331778224,0.4623738790051657,P1,6,0.0,0.0,0.7142857142857143,0.7142857142857143,
F00088,not_tiered,42,-0.9981829669949449,-0.8257486578522627,0.09871382195659373,0.5386119214461333,P2,0,1.0,0.0,0.0,0.0,
F00089,not_tiered,0,,,,,,0,0.0,0.0,0.0,0.0,
F00090,not_tiered,42,-2.141224025055448,-1.340795153052879,0.528126542563113,1.0593425470826578,P41,0,0.0,0.0,0.0,0.0,
F00091,not_tiered,42,0.8024299883377765,1.043778398723475,0.18506291913568707,0.8020193855521509,P42,0,1.0,0.023809523809523808,0.0,0.0,
F00092,C_detection_pattern,42,0.0465537670311228,0.17998615181641422,0.08397337723795853,0.6388958974236473,P36,0,0.0,0.0,1.0,1.0,1.0
F00093,not_tiered,42,0.050740808129698785,0.19307020906558578,0.08565262650187572,0.4964869291600882,P3,0,0.0,0.0,0.0,0.0,
F00094,not_tiered,42,-0.3704544106893498,-0.25451756885401444,0.05950969600122297,0.3698764075127422,P16,0,0.07142857142857142,0.0,0.0,0.0,
F00095,B_abundance,42,-1.2031526834763995,-1.0901749776902192,0.05823381270879113,0.36894256837218087,P41,0,1.0,1.0,0.023809523809523808,0.0,1.0
F00096,not_tiered,42,-0.47515780506786287,-0.3843752413513152,0.0606015261077722,0.44102933875657574,P23,0,1.0,0.0,0.0,0.0,
F00097,C_detection_pattern,42,0.8105677150280844,1.103538708292144,0.17211482679519396,0.5322742443095205,P25,0,0.0,0.0,1.0,1.0,1.0
F00098,not_tiered,42,-2.0770758692036746,-1.7746572660658422,0.2000241015193387,0.678260785075383,P14,0,0.0,0.0,0.0,0.0,
F00099,C_detection_pattern,42,0.005656489956037221,0.23722164646742575,0.15053916607950898,0.5982331306092876,P40,0,0.0,0.0,1.0,1.0,1.0
F00100,C_detection_pattern,41,-2.4591897424922298,-2.4591897424922298,0.0,,P1,0,0.0,0.0,1.0,1.0,1.0
F00101,not_tiered,42,-1.3584107458405532,-1.0841977908857547,0.13851279138865613,0.4405517662232462,P2,0,0.0,0.0,0.0,0.0,
F00102,not_tiered,42,-0.5959611098481458,-0.42893712040011994,0.09411359273901365,0.5578425269667372,P10,0,0.0,0.0,0.5714285714285714,0.5714285714285714,
F00103,B_abundance,42,-1.652627276836596,-1.4581728537473293,0.12319034857111077,0.5245967345534172,P19,0,1.0,1.0,0.0,0.0,1.0
F00104,not_tiered,42,-0.07177794731444828,0.00860202078604826,0.04070787622066258,0.3322925256568065,P31,3,0.0,0.0,0.0,0.0,
F00105,not_tiered,42,0.26999965049131586,0.7346502069146567,0.3303629071939343,0.858120684656323,P42,0,0.0,0.0,1.0,1.0,
F00106,C_detection_pattern,42,-0.18551472216203813,0.4854073168240561,0.3794864894138412,0.9197572114187904,P15,1,0.0,0.0,1.0,1.0,1.0
F00107,not_tiered,42,-0.8411772685407258,-0.6807410530841289,0.09653164485484245,0.4758397429477998,P20,0,1.0,0.0,0.0,0.0,
F00108,not_tiered,42,-0.7201303120783459,-0.577252499291088,0.082321778191352,0.449398361851133,P12,0,0.0,0.0,0.0,0.0,
F00109,not_tiered,42,-2.126526475607591,0.11314204626881885,1.4678177788674671,1.5445045607572814,P34,2,0.0,0.0,0.0,0.0,
F00110,B_abundance,42,-2.0191790799042013,-1.809429715846414,0.11675056264971384,0.3334879084588302,P2,0,1.0,1.0,0.0,0.0,1.0
F00111,not_tiered,0,,,,,,0,0.0,0.0,0.0,0.0,
F00112,not_tiered,42,0.3365625380203792,0.4251550403373899,0.05892620608325938,0.4823363908751454,P21,0,1.0,0.0,0.0,0.0,
F00113,not_tiered,42,-0.4430085182980763,-0.29191094284472807,0.1076691151049946,0.5599791362280889,P19,0,0.07142857142857142,0.0,0.0,0.0,
F00114,not_tiered,42,0.14697945302723697,0.23626337671404915,0.058136537672180355,0.47704035938991357,P4,0,0.0,0.0,0.0,0.0,
F00115,not_tiered,42,0.6395076269661201,0.83083966842501,0.12980378550057337,0.7888182968292018,P13,0,1.0,0.0,0.0,0.0,
F00116,not_tiered,0,,,,,,0,0.0,0.0,0.0,0.0,
F00117,not_tiered,42,0.8621251047253706,0.950831085539108,0.05695352199659032,0.4201957436989691,P1,0,1.0,0.0,0.0,0.0,
F00118,B_abundance,42,-3.2981656570949345,-2.99338070303453,0.15770158596289674,0.3095389098937902,P18,0,1.0,1.0,0.0,0.0,1.0
F00119,B_abundance,42,-1.4861814907713113,-1.292264662342548,0.10720466249311689,0.40567903550769935,P2,0,1.0,1.0,0.0,0.0,1.0
F00120,not_tiered,42,-0.1371546459907434,-0.06906384055066955,0.0344255068136482,0.35631236705796143,P42,0,0.0,0.0,0.0,0.0,
F00121,not_tiered,42,-0.343098322399186,-0.24819719629533968,0.05086767201572981,0.41925007395717384,P42,0,0.9047619047619048,0.0,1.0,1.0,
F00122,not_tiered,42,-0.3168403617194868,-0.2703178281409311,0.02731144978818073,0.36271537580864605,P37,0,1.0,0.0,0.0,0.0,
F00123,not_tiered,42,-0.8726174871260073,-0.7086416625799424,0.09116759453874268,0.5287263329048004,P19,0,1.0,0.0,0.0,0.0,
F00124,not_tiered,42,0.35281585381965375,0.4624562391173613,0.07821876248622645,0.6893443514487748,P19,0,1.0,0.0,0.0,0.0,
F00125,not_tiered,42,0.4428061466392636,0.4974324071115255,0.02877547537695596,0.3359840683768987,P22,0,1.0,0.0,0.0,0.0,
F00126,not_tiered,42,-1.4321175969490618,-0.7132237114075354,0.38309494401156907,0.7185093741367098,P13,0,0.0,0.0,0.11904761904761904,0.11904761904761904,
F00127,C_detection_pattern,42,-1.4151907775353623,6.588184970036035,4.0016878737856985,2.0983337807854485,P15,1,0.0,0.0,1.0,1.0,1.0
F00128,B_abundance,42,-1.1497920346182338,-1.0352956404299598,0.06289174268527487,0.39219047281707925,P6,0,1.0,1.0,0.0,0.0,1.0
F00129,not_tiered,42,-0.41541379449536253,-0.28491134366027604,0.09091549349509653,0.5887412126858037,P23,0,0.9047619047619048,0.0,0.0,0.0,
F00130,B_abundance,42,-2.76698538359957,-2.508012628345965,0.13756044553121205,0.3733188500042356,P16,0,1.0,1.0,0.0,0.0,1.0
F00131,B_abundance,42,1.122570809439098,1.2877496915906577,0.09033231333421243,0.3521639157133042,P14,0,1.0,1.0,0.9047619047619048,0.7619047619047619,1.0
F00132,C_detection_pattern,42,0.2195704535571119,0.8487117363805923,0.319390281799137,0.7935134541164399,P30,0,0.0,0.0,0.8571428571428571,0.8571428571428571,0.8571428571428571
F00133,not_tiered,42,0.1403821528775246,0.28574079824172416,0.08847816240551987,0.6222748306921401,P19,0,0.023809523809523808,0.0,0.0,0.0,
F00134,not_tiered,41,-0.7024692152887191,-0.7024692152887191,0.0,,P1,0,0.0,0.0,0.0,0.0,
F00135,C_detection_pattern,42,0.1862302506316081,0.3444761348603402,0.1113313482637959,0.6487992689177194,P36,0,0.0,0.0,1.0,1.0,1.0
F00136,not_tiered,0,,,,,,0,0.0,0.0,0.0,0.0,
F00137,C_detection_pattern,41,0.07338204158225103,0.07338204158225103,2.7755575615628914e-17,,P2,0,0.0,0.0,1.0,1.0,1.0
F00138,C_detection_pattern,42,-0.7973740239912835,1.0961309022803611,1.3023155263088801,1.2096813685019885,P3,1,0.0,0.0,1.0,1.0,1.0
F00139,not_tiered,0,,,,,,0,0.0,0.0,0.0,0.0,
F00140,not_tiered,42,1.0601793742381402,1.414296284595817,0.18040627435084255,0.5363044683193541,P13,0,0.0,0.0,0.7142857142857143,0.7142857142857143,
F00141,not_tiered,42,-1.08328101736946,0.019739859359487254,0.7296776502859192,1.1332825944301188,P11,1,0.0,0.0,0.0,0.0,
F00142,B_abundance,42,1.0460556435591495,1.1817418603839798,0.0981471025284959,0.7157604153739898,P18,0,1.0,1.0,0.0,0.0,1.0
F00143,not_tiered,41,0.04265686329531526,0.04265686329531526,6.245004513516506e-17,,P2,0,0.0,0.0,0.0,0.0,
F00144,not_tiered,42,-4.939149683981741,0.4697431996296899,2.7044464418057155,2.0072519185224,P1,1,0.0,0.0,0.0,0.0,
F00145,B_abundance,42,-1.3316639216982016,-1.226533414234318,0.05853227798688687,0.4074649173898373,P31,0,1.0,1.0,0.0,0.0,1.0
F00146,not_tiered,42,-0.6080787144390298,-0.40062429891455326,0.10622517517507868,0.4242253110009794,P22,0,0.07142857142857142,0.0,0.0,0.0,
F00147,B_abundance,42,-1.6707408117612526,-1.575301508959704,0.04904935447402048,0.3817069021085376,P32,0,1.0,1.0,0.0,0.0,1.0
F00148,not_tiered,42,-2.5621819320997012,-2.17948375218543,0.19134908995713618,0.35443429793961473,P13,0,0.0,0.0,0.0,0.0,
F00149,not_tiered,42,-0.5470553953707648,-0.21640874352616743,0.22167940248860765,0.7957963279308359,P31,0,0.0,0.0,0.0,0.0,
F00150,not_tiered,0,,,,,,0,0.0,0.0,1.0,0.7619047619047619,
F00151,C_detection_pattern,42,0.08521370540985984,0.8745654704594098,0.39850020830400523,0.6377458105079311,P38,0,0.0,0.0,1.0,1.0,1.0
F00152,C_detection_pattern,42,-0.6490624312175274,-0.36028996992647633,0.15175818926935347,0.5665447837714961,P16,0,0.0,0.0,1.0,1.0,1.0
F00153,C_detection_pattern,42,-3.649444053868791,1.2633977759313009,2.456420914900046,1.9747734688041834,P6,1,0.0,0.0,1.0,1.0,1.0
F00154,not_tiered,42,-1.1121650554671216,-0.37088097845954504,0.43729365097820105,0.7090576602789964,P34,0,0.0,0.0,0.0,0.0,
F00155,not_tiered,42,-0.5240898487779528,0.30638871623793484,0.41523928250794384,0.7341616842872825,P15,1,0.0,0.0,0.0,0.0,
F00156,C_detection_pattern,42,-1.696781178440329,-1.3990768546096388,0.15340443072009968,0.5255379001554081,P16,0,0.0,0.0,1.0,1.0,1.0
F00157,C_detection_pattern,0,,,,,,0,0.0,0.0,1.0,1.0,1.0
F00158,not_tiered,42,-0.7074071398481365,1.7224251444580911,1.2149161421531138,1.577857382440329,P30,1,0.0,0.0,0.0,0.0,
F00159,not_tiered,42,-0.44304269916018385,-0.3830593645578044,0.03216228691375167,0.3637376712790462,P3,0,1.0,0.0,0.0,0.0,
F00160,B_abundance,42,-2.225091441348337,-1.8188925789207393,0.2038368650660196,0.47367913954979,P7,0,1.0,1.0,0.0,0.0,1.0
F00161,C_detection_pattern,42,-1.1085181282051755,6.899923854318878,4.747832413399198,1.6454921794609572,P23,1,0.0,0.0,1.0,1.0,1.0
F00162,C_detection_pattern,42,-0.24920205562089315,0.3409656063080704,0.42054567345847194,0.9104254590709863,P23,1,0.0,0.0,1.0,1.0,1.0
F00163,not_tiered,42,-1.398991561479618,-0.8908904874760467,0.30344445035235834,0.5290840040387069,P13,0,0.0,0.0,1.0,1.0,
F00164,B_abundance,42,-1.3139519742616277,-1.1604519103201356,0.08439419155619277,0.43406422992985355,P23,0,1.0,1.0,0.0,0.0,1.0
F00165,not_tiered,42,-0.24546474939795046,-0.09501933759186522,0.10978088613177538,0.5837433955010559,P21,0,0.0,0.0,0.0,0.0,
F00166,not_tiered,42,-0.09083997240129206,-0.04190625346261486,0.02652514822009954,0.3212462004873876,P23,0,0.0,0.0,0.0,0.0,
F00167,C_detection_pattern,42,-0.4391401215043193,0.1674123464959239,0.5018605707028478,1.0196760947053498,P38,1,0.0,0.0,1.0,1.0,1.0
F00168,C_detection_pattern,42,-0.6469004712860698,-0.4453215269275206,0.10733502238404258,0.4852969155312873,P39,0,0.0,0.0,1.0,1.0,1.0
F00169,C_detection_pattern,42,0.3573672849331283,0.5300765324588167,0.10679270806903979,0.4728087100213481,P36,0,0.0,0.0,1.0,1.0,1.0
F00170,C_detection_pattern,42,-0.456996762364343,0.10058383477753503,0.343094114386017,0.7607335163015377,P39,3,0.0,0.0,1.0,1.0,1.0
F00171,not_tiered,42,-1.7418444593222497,-1.263475001509963,0.264968607444505,0.5682848630628142,P22,0,0.0,0.0,0.0,0.0,
F00172,not_tiered,42,-0.5532547326082107,-0.4380890520760884,0.07426814184784025,0.5860022323917865,P19,0,1.0,0.0,0.0,0.0,
F00173,not_tiered,42,0.09408013455022837,0.18817527903093534,0.05179537661211425,0.4963901289682257,P19,0,0.0,0.0,0.0,0.0,
F00174,not_tiered,42,-0.4900764706813775,-0.3803747068672903,0.06816996068426767,0.4172996113672081,P2,0,1.0,0.0,0.0,0.0,
F00175,not_tiered,42,-2.020800506007095,-1.3855002883508267,0.3640795894830171,0.5946635531230995,P7,0,0.0,0.0,0.0,0.0,
F00176,not_tiered,42,-0.059597800593213276,0.09294984446271289,0.09888174755203148,0.6700690386853252,P21,12,0.0,0.0,0.0,0.0,
F00177,not_tiered,42,0.06727469196493026,0.23662476458890228,0.08890603041474468,0.41660172497021847,P31,0,0.0,0.0,0.0,0.0,
F00178,not_tiered,41,-0.30901882174419093,-0.30901882174419093,5.551115123125783e-17,,P1,0,0.0,0.0,0.0,0.0,
F00179,C_detection_pattern,42,-0.5038838280451726,0.37899074172866953,0.5747502869149425,1.142277715614054,P35,1,0.0,0.0,1.0,1.0,1.0
F00180,B_abundance,42,0.9547794434849994,1.3208283286070324,0.2786381966638689,0.8364646037633489,P21,0,1.0,0.9761904761904762,1.0,0.0,0.9761904761904762
F00181,not_tiered,42,-0.4844596143910455,-0.3740113208363475,0.061912377396432516,0.4962952435784817,P14,0,1.0,0.0,0.0,0.0,
F00182,C_detection_pattern,42,-0.560930531718073,1.2457265350128113,1.116240716322043,1.445907891737193,P22,1,0.0,0.0,1.0,1.0,1.0
F00183,not_tiered,41,-0.9787991354236336,-0.9787991354236336,0.0,,P2,0,0.0,0.0,0.0,0.0,
F00184,C_detection_pattern,42,-0.5955681368623699,-0.2988432412690708,0.19458140252873168,0.7592390747566645,P10,0,0.0,0.0,1.0,1.0,1.0
F00185,not_tiered,42,-0.33260229506501027,-0.025374682568248375,0.15361380624838097,0.2858774589853105,P1,0,0.0,0.0,0.9285714285714286,0.7619047619047619,
F00186,not_tiered,42,-0.7606356763689777,-0.5970685953034002,0.0900273926282158,0.5424312047134148,P19,0,1.0,0.0,0.0,0.0,
F00187,B_abundance,42,-1.458938083191409,-1.3359047594608195,0.06804899878326309,0.34751706668787663,P31,0,1.0,1.0,0.0,0.0,1.0
F00188,not_tiered,0,,,,,,0,0.0,0.0,0.0,0.0,
F00189,C_detection_pattern,42,-0.6778103662789284,4.5151615342279205,2.945866562840343,1.308258188777713,P34,1,0.0,0.0,1.0,1.0,1.0
F00190,not_tiered,42,-0.6814961888437496,-0.4808775716127108,0.12862588450546658,0.589615750919031,P11,0,0.0,0.0,1.0,1.0,
F00191,not_tiered,42,-0.9319102265825957,-0.41794675619731564,0.28300953538050483,0.7278385202316892,P35,0,0.0,0.0,0.6428571428571429,0.6428571428571429,
F00192,not_tiered,0,,,,,,0,0.0,0.0,0.0,0.0,
F00193,not_tiered,42,-2.3251713774912606,-0.8313679308518971,1.002549819712467,1.150345266015995,P23,0,0.0,0.0,0.0,0.0,
F00194,not_tiered,42,0.05505019748528461,0.1504775511405721,0.0622984001354871,0.5550458354765365,P21,0,0.0,0.0,0.0,0.0,
F00195,not_tiered,42,-1.5224365799405202,-1.1207408168418918,0.2155922436006985,0.7133464357569961,P32,0,0.0,0.0,0.0,0.0,
F00196,not_tiered,42,0.13300250706856148,0.16988544987057863,0.02235792144260404,0.3402759386056337,P19,0,0.40476190476190477,0.0,0.0,0.0,
F00197,B_abundance,42,-2.087534781832256,-1.8750286775786986,0.12880506990530693,0.41896988532421175,P19,0,1.0,1.0,0.0,0.0,1.0
F00198,not_tiered,0,,,,,,0,0.0,0.0,0.0,0.0,
F00199,not_tiered,42,-0.6686578892110008,-0.45827664640280863,0.1201923083912042,0.4756284483880813,P37,0,0.0,0.0,0.0,0.0,
F00200,not_tiered,42,0.12553610022855913,0.2372455375414576,0.07012892598948367,0.5123279755230106,P19,0,0.0,0.0,0.0,0.0,
F00201,not_tiered,42,-0.3738962763754152,0.15695889319832812,0.30466081840673875,0.696927000329022,P36,2,0.0,0.0,1.0,1.0,
F00202,C_detection_pattern,42,-0.471214127725118,0.39518177217085143,0.4560281206970711,0.9588180023263543,P7,2,0.0,0.0,1.0,1.0,1.0
F00203,not_tiered,42,0.38959398187302163,0.9161491685795647,0.3188182320520968,0.8126756820502034,P1,0,0.0,0.0,0.6428571428571429,0.6428571428571429,
F00204,not_tiered,42,0.2406070619535911,0.3563436909939935,0.07328932603132832,0.4646484914152425,P35,0,0.07142857142857142,0.0,0.0,0.0,
F00205,C_detection_pattern,0,,,,,,0,0.0,0.0,1.0,1.0,1.0
F00206,C_detection_pattern,42,-1.5484168942311118,0.03550374221191355,0.8326610809136059,1.117864746627492,P9,1,0.0,0.0,1.0,1.0,1.0
F00207,B_abundance,42,0.9455714984260185,1.0435377346298829,0.06687359377567559,0.48330022246570115,P35,0,1.0,0.8095238095238095,1.0,0.0,0.8095238095238095
F00208,B_abundance,42,-2.9038589016362253,-2.442243520757889,0.2497926164380866,0.3788212688312559,P13,0,1.0,1.0,0.0,0.0,1.0
F00209,not_tiered,42,-1.2105859375203778,0.8255279360525876,1.0180569367864827,1.4385701217519409,P17,1,0.0,0.0,0.0,0.0,
F00210,not_tiered,42,-0.031530823928645056,0.06791423995088412,0.054408715496127524,0.3390540611448761,P23,12,0.0,0.0,0.0,0.0,
F00211,B_abundance,42,-1.3979817480607468,-1.2664669033641962,0.0708486239932582,0.37392077298808934,P31,0,1.0,1.0,0.0,0.0,1.0
F00212,not_tiered,41,-0.32953362929575647,-0.32953362929575647,5.551115123125783e-17,,P2,0,0.0,0.0,0.0,0.0,
F00213,C_detection_pattern,42,1.3276907113512615,1.5183953808599682,0.10990556404772,0.48096886150808643,P3,0,0.0,0.0,1.0,1.0,1.0
F00214,not_tiered,42,-0.07569456063044555,0.3530196485462155,0.33310778342593034,0.9479390015428514,P23,1,0.0,0.0,1.0,1.0,
F00215,not_tiered,42,0.1024946500284745,0.21152860754845842,0.07802747570406651,0.6360678339979524,P12,0,0.0,0.0,0.0,0.0,
F00216,C_detection_pattern,42,-0.4375844776929177,-0.2288979924106025,0.1324674056187432,0.6063562944625785,P36,0,0.0,0.0,1.0,1.0,1.0
F00217,not_tiered,42,-0.7976537920222155,-0.6457109718362993,0.10212661074603391,0.5387821900729935,P20,0,1.0,0.0,0.0,0.0,
F00218,not_tiered,42,-1.4460366982637547,-0.679705968802395,0.4483095207826644,0.9178148413804099,P33,0,0.0,0.0,0.0,0.0,
F00219,not_tiered,42,-0.978411160060772,-0.8829058802942455,0.05155570110712282,0.38640006123686516,P15,0,1.0,0.0,0.0,0.0,
F00220,not_tiered,42,0.16291000128811367,0.3229065211097454,0.09225355528032281,0.444261641433513,P39,0,0.0,0.0,0.0,0.0,
F00221,C_detection_pattern,41,-0.5075145641624346,-0.5075145641624346,0.0,,P1,0,0.0,0.0,0.7142857142857143,0.7142857142857143,0.7142857142857143
F00222,not_tiered,42,0.46482855512205423,0.5147830940929791,0.029764048577962554,0.35953485623751785,P14,0,1.0,0.0,0.0,0.0,
F00223,B_abundance,42,-1.3331634883466674,-1.2144346619718918,0.06567301393970126,0.36832556108670217,P23,0,1.0,1.0,0.0,0.0,1.0
F00224,not_tiered,42,-1.0171797717624527,-0.6716092821832905,0.18505809302515508,0.4786691593159705,P31,0,0.0,0.0,0.0,0.0,
F00225,not_tiered,42,-0.9069308596023068,-0.7649454701773856,0.07744195374544782,0.42024982145666706,P6,0,1.0,0.0,0.0,0.0,
F00226,not_tiered,42,0.2505026716071667,0.39941871819710056,0.080662003734435,0.41361821246730174,P16,0,0.0,0.0,0.0,0.0,
F00227,not_tiered,42,-1.5978343972597047,-1.3604570468947443,0.13684698739961498,0.45446756008874484,P9,0,0.0,0.0,0.0,0.0,
F00228,not_tiered,42,-0.6607612573968443,-0.5323712436288498,0.09098720659670856,0.5403578804652279,P19,0,1.0,0.0,0.0,0.0,
F00229,C_detection_pattern,42,-0.09333239855128529,0.11044431364245041,0.1143532270432657,0.6124604680725274,P26,3,0.0,0.0,1.0,1.0,1.0
F00230,not_tiered,42,-0.15404371940233288,-0.12526850482596422,0.015036102722548184,0.2587302406959143,P2,0,0.9047619047619048,0.0,0.0,0.0,
F00231,not_tiered,42,0.1772377724108539,0.2410411894504543,0.034346444916444896,0.422839265674031,P18,0,1.0,0.0,0.0,0.0,
F00232,not_tiered,42,0.3000185978985802,0.36336460870950366,0.03417162608163288,0.38039714717928086,P22,0,1.0,0.0,0.0,0.0,
F00233,not_tiered,42,-1.3684359754178914,-1.0164566759221971,0.20184999633547607,0.6173806864300725,P25,0,0.0,0.0,0.0,0.0,
F00234,C_detection_pattern,41,3.5180591333109863,3.5180591333109863,0.0,,P1,0,0.0,0.0,1.0,1.0,1.0
F00235,C_detection_pattern,42,0.5061267370656428,0.9993005685824826,0.2674725994503484,0.6383314814321532,P1,0,0.0,0.0,1.0,1.0,1.0
F00236,B_abundance,42,-2.441334288631712,-2.218381589619079,0.12065691579850535,0.3530352835464628,P18,0,1.0,1.0,0.0,0.0,1.0
F00237,not_tiered,42,-0.3838048179634178,-0.31972667074889455,0.047173091974396564,0.5465794612854549,P2,0,1.0,0.0,0.0,0.0,
F00238,B_abundance,42,-1.4268043104978074,-1.308135594467072,0.07724295091584121,0.4835605492646098,P19,0,1.0,1.0,0.0,0.0,1.0
F00239,not_tiered,42,-0.868229469919034,-0.7339708730315551,0.07559079676126235,0.3706150031346239,P2,0,1.0,0.0,0.0,0.0,
F00240,not_tiered,41,-0.04799853591054237,-0.04799853591054237,6.938893903907228e-17,,P2,0,0.0,0.0,0.023809523809523808,0.0,
F00241,not_tiered,41,-0.36124047220887334,-0.36124047220887334,5.551115123125783e-17,,P1,0,0.0,0.0,0.0,0.0,
F00242,C_detection_pattern,42,0.7055561073009697,1.5069287414517198,0.5655647769803878,0.8827181101267405,P37,0,0.0,0.0,1.0,1.0,1.0
F00243,B_abundance,42,-2.5721630769878523,-2.3749589972104856,0.11058816959721396,0.44869743858322053,P32,0,1.0,1.0,0.0,0.0,1.0
F00244,not_tiered,42,0.18703444565886107,0.3214175090955586,0.07549774804265691,0.47847944489604094,P23,0,0.0,0.0,0.0,0.0,
F00245,not_tiered,42,-0.8213457670952732,4.122782429402213,2.643213771684201,1.2296612449259865,P34,1,0.0,0.0,1.0,1.0,
F00246,not_tiered,42,-0.3189532318466074,-0.18291895932627067,0.08392560427866863,0.42969711726331083,P23,0,0.0,0.0,0.023809523809523808,0.0,
F00247,C_detection_pattern,42,-1.0642988126707962,-0.9092386831892495,0.08705166021305732,0.45007152268639183,P13,0,0.0,0.0,1.0,1.0,1.0
F00248,C_detection_pattern,42,0.38101203605747763,0.6958933615241388,0.17480908821673818,0.5965995073929748,P10,0,0.0,0.0,1.0,1.0,1.0
F00249,not_tiered,42,-1.8045479342685578,-1.3728161690711753,0.2903819442199358,0.771732121268612,P2,0,0.0,0.0,0.11904761904761904,0.11904761904761904,
F00250,not_tiered,0,,,,,,0,0.0,0.0,0.023809523809523808,0.0,
F00251,not_tiered,42,-0.82102678932589,-0.7368406290714846,0.04509107110024435,0.388208330034679,P35,0,1.0,0.0,0.0,0.0,
F00252,not_tiered,42,-1.2873953654763257,-1.0920998883807644,0.12048352563819242,0.46367725811784416,P19,0,1.0,1.0,0.0,0.0,
F00253,not_tiered,42,-0.21880782525035858,0.08486407059111913,0.15578876894281246,0.44859664766345364,P37,6,0.0,0.0,0.0,0.0,
F00254,not_tiered,0,,,,,,0,0.0,0.0,0.0,0.0,
F00255,not_tiered,42,-0.9967428657743115,-0.28668462316519994,0.4315051524687319,0.6724567045551654,P8,0,0.0,0.0,1.0,1.0,
F00256,not_tiered,42,-1.061404594166208,-0.7784419045867235,0.17146807385794183,0.5274932534593278,P37,0,1.0,0.023809523809523808,0.0,0.0,
F00257,not_tiered,42,-0.6083510960825094,-0.38543176851153343,0.14383369504860893,0.5422631040511486,P23,0,0.023809523809523808,0.0,0.0,0.0,
F00258,not_tiered,42,-1.101622967461848,-0.8815465407182941,0.13710657211671007,0.5481053261236842,P37,0,1.0,0.19047619047619047,0.0,0.0,
F00259,B_abundance,42,-1.11259684621018,-1.040449184700124,0.042464054257928874,0.39594345326452973,P19,0,1.0,1.0,0.0,0.0,1.0
F00260,C_detection_pattern,42,0.2664451661579356,0.4021274326344805,0.08141528020585559,0.4900744646697588,P25,0,0.0,0.0,1.0,1.0,1.0
F00261,not_tiered,42,0.22784589104990602,0.33520084518536314,0.05513734779867385,0.4220764351652667,P15,0,0.11904761904761904,0.0,0.0,0.0,
F00262,C_detection_pattern,42,-0.5323967726417175,-0.24362203138575836,0.18249897950544017,0.7327891176083312,P19,0,0.0,0.0,1.0,1.0,1.0
F00263,not_tiered,41,1.3318697580387067,1.3318697580387067,2.220446049250313e-16,,P1,0,0.0,0.0,0.0,0.0,
F00264,not_tiered,42,-1.0019302787983804,-0.8573817558190843,0.08137751213807098,0.4869197313255738,P31,0,1.0,0.023809523809523808,0.0,0.0,
F00265,B_abundance,42,-1.547621598829371,-1.4336864624006853,0.06182337223338963,0.342825232004889,P31,0,1.0,1.0,0.0,0.0,1.0
F00266,not_tiered,42,-0.9799825026698367,-0.7439226667882048,0.12903414673383273,0.49036601550514697,P36,0,1.0,0.0,1.0,0.0,
F00267,not_tiered,42,-0.025737987896958317,0.00658738636690021,0.01649551126513601,0.2711597914687452,P31,3,0.0,0.0,0.0,0.0,
F00268,not_tiered,42,0.2781370577340292,0.40240414181763046,0.07844960888182267,0.44259203934044683,P39,0,0.047619047619047616,0.0,0.0,0.0,
F00269,B_abundance,42,-3.396904147189232,-3.1951156725811183,0.11184128107329627,0.36775176727709413,P1,0,1.0,1.0,0.0,0.0,1.0
F00270,not_tiered,42,0.3814685268893855,0.5756802356327391,0.10294047359262432,0.3800838775696687,P13,0,0.0,0.0,0.0,0.0,
F00271,not_tiered,42,-0.6517063191905739,-0.3980597311378162,0.14399273146301322,0.4603037515431914,P42,0,0.0,0.0,0.0,0.0,
F00272,C_detection_pattern,42,0.4090656383052541,1.639609257745544,0.7498216710480814,0.8394300245880917,P41,0,0.0,0.0,1.0,1.0,1.0
F00273,not_tiered,42,-0.14450926729118502,0.06126073830756987,0.10406727269675202,0.37572720928708464,P15,9,0.0,0.0,0.0,0.0,
F00274,B_abundance,42,-1.772047712888411,-1.6470260869729567,0.07929545852341069,0.5221788359077383,P19,0,1.0,1.0,0.0,0.0,1.0
F00275,B_abundance,42,-2.947496723567153,-2.5644677243244614,0.23211995903123883,0.4686770332255572,P37,0,1.0,1.0,0.023809523809523808,0.0,1.0
F00276,B_abundance,42,-1.623867009169314,-1.5247576494807316,0.05334805501393114,0.40080233923130465,P1,0,1.0,1.0,0.0,0.0,1.0
F00277,C_detection_pattern,41,0.9146324294561197,0.9146324294561197,1.1102230246251565e-16,,P1,0,0.0,0.0,1.0,1.0,1.0
F00278,B_abundance,42,-1.7490246496505104,-1.6019816909394713,0.08412113748272354,0.43540605761596185,P19,0,1.0,1.0,0.0,0.0,1.0
F00279,not_tiered,42,-2.4331369468793462,-2.0168652180106212,0.2239905418037469,0.4130938610722803,P2,0,0.0,0.0,0.11904761904761904,0.11904761904761904,
F00280,B_abundance,42,-2.4959653357112512,-2.3636570309640526,0.06921879946057796,0.36288870433870274,P1,0,1.0,1.0,0.0,0.0,1.0
F00281,not_tiered,42,-1.0285091396846142,-0.9650626907912419,0.03241006051869855,0.2970345767994983,P35,0,1.0,0.4523809523809524,0.0,0.0,
F00282,B_abundance,42,-1.690629302784739,-1.586519236473304,0.05730712362954171,0.4896512229063634,P1,0,1.0,1.0,0.0,0.0,1.0
F00283,not_tiered,42,-1.2566090338936238,-1.1069292278608573,0.10326801170394773,0.45818643064909553,P2,0,1.0,1.0,0.0,0.0,
F00284,B_abundance,42,-1.1793090400818618,-1.0655974607956402,0.05840689418209877,0.38021988053067346,P21,0,1.0,1.0,0.0,0.0,1.0
F00285,C_detection_pattern,42,0.09293248358302514,0.39894755897784084,0.20967280477183706,0.6953322987764349,P23,0,0.0,0.0,1.0,1.0,1.0
F00286,not_tiered,0,,,,,,0,0.0,0.0,0.0,0.0,
F00287,C_detection_pattern,42,-0.24086835243393784,0.21284668117313943,0.30751925104721656,0.8691468759112048,P37,2,0.0,0.0,1.0,1.0,1.0
F00288,C_detection_pattern,42,-0.2900816324832842,-0.05674805654323674,0.13314095130184578,0.521424326783581,P12,0,0.0,0.0,1.0,1.0,1.0
F00289,not_tiered,42,-1.087401731278866,-0.7710336388466991,0.16232659279038675,0.4736226673510249,P19,0,0.0,0.0,0.7142857142857143,0.7142857142857143,
F00290,C_detection_pattern,42,0.11875323772537755,0.47092828236225937,0.20635439476654382,0.6413174582595579,P4,0,0.0,0.0,1.0,1.0,1.0
F00291,C_detection_pattern,42,0.7302585250871387,0.9619477709700701,0.14019915699907903,0.6285921128551486,P27,0,0.0,0.0,1.0,1.0,1.0
F00292,not_tiered,42,0.546427244013413,0.6704422393360532,0.06701437439339897,0.38874524376400393,P39,0,1.0,0.0,0.0,0.0,
F00293,C_detection_pattern,42,0.2844796577530045,0.4731975424261304,0.1069335509965213,0.514610441707356,P6,0,0.0,0.0,1.0,1.0,1.0
F00294,not_tiered,42,-0.007130978042536437,0.6831502396056505,0.4653448170473967,1.005184309878606,P41,1,0.0,0.0,0.0,0.0,
F00295,not_tiered,42,-0.6116507569856174,0.12111654383322826,0.4289743614954482,0.8853168231613266,P9,1,0.0,0.0,0.0,0.0,
F00296,not_tiered,42,-1.7273161879842611,0.540102795142595,1.2762333128456262,1.4468991342705846,P38,1,0.0,0.0,0.0,0.0,
F00297,C_detection_pattern,42,-2.0840728001297433,-1.4959222527327354,0.3362746722487082,0.7511020470131848,P35,0,0.0,0.0,1.0,1.0,1.0
F00298,not_tiered,42,-1.050720234815484,-0.5240010279087123,0.3532915367502958,0.6825415329692432,P29,0,0.0,0.0,0.0,0.0,
F00299,not_tiered,42,-1.287625309090552,-0.5443007700131516,0.45053023337025444,0.8187459629295731,P22,0,0.0,0.0,1.0,1.0,
F00300,C_detection_pattern,42,-2.5555408322317703,-1.04871303937548,0.7802830074609397,1.2046922056829876,P31,0,0.0,0.0,1.0,1.0,1.0
F00301,not_tiered,42,0.09661431823185342,0.37445592446160525,0.19573758925338175,0.6644004896805173,P14,0,0.0,0.0,0.0,0.0,
F00302,C_detection_pattern,42,-0.17186459605013066,0.08879554711843642,0.1674904281569211,0.5604963826371016,P42,4,0.0,0.0,1.0,1.0,1.0
F00303,not_tiered,42,0.5443055411490864,0.7617832952665882,0.1266455983336915,0.4912423951582871,P21,0,0.9285714285714286,0.0,0.0,0.0,
F00304,not_tiered,0,,,,,,0,0.0,0.0,0.0,0.0,
F00305,not_tiered,42,-4.873020010171063,-2.735069006988672,1.0923117367193025,1.3199805568826999,P42,0,0.0,0.0,0.0,0.0,
F00306,C_detection_pattern,42,-0.2419443226851923,0.31532324339819223,0.3032528508383707,0.6233435812571378,P13,3,0.0,0.0,1.0,1.0,1.0
F00307,not_tiered,41,0.5406398220794593,0.5406398220794593,0.0,,P1,0,0.0,0.0,0.0,0.0,
F00308,not_tiered,42,0.06913886711747366,0.17291810133260707,0.06520941961062628,0.4652979463102413,P22,0,0.0,0.0,0.0,0.0,
F00309,not_tiered,42,-1.301082187538957,-0.8212079241638349,0.29281944970520946,0.774895490103788,P9,0,0.0,0.0,0.0,0.0,
F00310,B_abundance,42,-1.7398034676527994,-1.6079783041677171,0.07003577849687304,0.3481769714143752,P31,0,1.0,1.0,0.0,0.0,1.0
F00311,not_tiered,42,-1.0833569972698376,-0.8977851781613164,0.13621013524309733,0.7751344948458663,P28,0,0.0,0.0,0.0,0.0,
F00312,not_tiered,42,-0.9835071371800994,-0.6889374877781246,0.17099895178271152,0.5609967881326873,P6,0,0.0,0.0,0.0,0.0,
F00313,not_tiered,42,-1.532555963551557,1.7050119813390907,1.618783972445324,1.7741684807385505,P1,1,0.0,0.0,0.0,0.0,
F00314,not_tiered,0,,,,,,0,0.0,0.0,0.0,0.0,
F00315,C_detection_pattern,41,0.9855472259100608,0.9855472259100608,0.0,,P2,0,0.0,0.0,1.0,1.0,1.0
F00316,C_detection_pattern,41,-1.3084860911330782,-1.3084860911330782,0.0,,P1,0,0.0,0.0,1.0,1.0,1.0
F00317,C_detection_pattern,41,-0.7008547796556464,-0.7008547796556464,0.0,,P1,0,0.0,0.0,1.0,1.0,1.0
F00318,not_tiered,42,-3.1424756317571556,-1.8227037043642793,0.8142023399768665,0.9060495674128624,P1,0,0.0,0.0,0.0,0.0,
F00319,not_tiered,42,0.38730224706154176,0.46009967090738424,0.04539428380591204,0.39461933623249434,P18,0,1.0,0.0,0.0,0.0,
F00320,not_tiered,42,0.5717107682481853,0.7014437206390516,0.07244251641346311,0.3535888582961829,P19,0,1.0,0.0,0.0,0.0,
F00321,not_tiered,0,,,,,,0,0.0,0.0,0.0,0.0,
F00322,not_tiered,0,,,,,,0,0.0,0.0,0.0,0.0,
F00323,C_detection_pattern,42,0.3723956519178994,0.6082814041784638,0.14273250961106138,0.682620968306759,P35,0,0.0,0.0,1.0,1.0,1.0
F00324,C_detection_pattern,42,-0.30195176112856403,-0.17637796845226172,0.06412494571006214,0.487961043671442,P17,0,0.0,0.0,1.0,1.0,1.0
F00325,not_tiered,41,2.6010782214720223,2.6010782214720223,0.0,,P1,0,0.0,0.0,1.0,1.0,
F00326,C_detection_pattern,42,0.14928742597837039,0.5980845086287006,0.22959556756362415,0.5833359414361146,P8,0,0.0,0.0,1.0,1.0,1.0
F00327,C_detection_pattern,42,0.30233722800111273,1.1628515923603424,0.6492686433022616,1.1428180707914555,P30,0,0.0,0.0,1.0,1.0,1.0
F00328,C_detection_pattern,42,0.6188346823467812,0.7259310930673655,0.06247460188151266,0.41959178045345913,P7,0,0.0,0.0,1.0,1.0,1.0
F00329,B_abundance,42,-1.5033804783580753,-1.3717861991810048,0.06622651579639571,0.368360641759061,P32,0,1.0,1.0,0.0,0.0,1.0
F00330,C_detection_pattern,42,-1.4108862919783658,-0.06321374578449952,0.7276633435836215,1.0382760221665737,P32,0,0.0,0.0,1.0,1.0,1.0
F00331,not_tiered,42,-0.4509019062134719,-0.25426812386062647,0.10064225769115553,0.4154850265157235,P29,0,0.0,0.0,0.0,0.0,
F00332,not_tiered,42,-1.3714825326036841,-1.0743427595755635,0.1561897326835655,0.4307565072876808,P22,0,1.0,0.30952380952380953,0.0,0.0,
F00333,C_detection_pattern,42,-1.6846403916780615,-1.4873990487392164,0.10061152451929933,0.41312048264264806,P23,0,0.0,0.0,1.0,1.0,1.0
F00334,B_abundance,42,-1.445009310077179,-1.250973304733427,0.13158262174204327,0.5527976844359102,P21,0,1.0,1.0,0.0,0.0,1.0
F00335,not_tiered,42,-0.4927445561385049,0.36903866372265587,0.5279927248440199,0.7901740809663187,P35,2,0.0,0.0,0.11904761904761904,0.11904761904761904,
F00336,not_tiered,42,0.24599344005261967,0.3123141043769585,0.03978337079582661,0.4730070971387892,P40,0,1.0,0.0,0.0,0.0,
F00337,not_tiered,42,-0.1674131340713217,0.016328631175643146,0.0920244191031317,0.47189649813620443,P35,1,0.0,0.0,1.0,1.0,
F00338,C_detection_pattern,42,-1.3263368404976152,-0.527753247058436,0.5647906022337371,1.0297474058759626,P42,0,0.0,0.0,1.0,1.0,1.0
F00339,not_tiered,0,,,,,,0,0.0,0.0,0.0,0.0,
F00340,not_tiered,41,3.648595728985635,3.648595728985635,0.0,,P1,0,0.0,0.0,0.0,0.0,
F00341,C_detection_pattern,42,0.06641848449515138,0.28778478786118067,0.11107423327642588,0.4925788246287577,P22,0,0.0,0.0,1.0,1.0,1.0
F00342,C_detection_pattern,42,0.5171577619443233,0.7857437792543281,0.14477313550353976,0.50130446822687,P15,0,0.0,0.0,1.0,1.0,1.0
F00343,not_tiered,42,-1.5088382958130455,-0.6594077634013901,0.6255404444213043,0.7758640256894298,P33,0,0.0,0.0,0.0,0.0,
F00344,not_tiered,42,-0.5564387097362855,-0.39273145120431774,0.08758791575268143,0.4249108922101924,P33,0,0.5238095238095238,0.0,1.0,0.0,
F00345,not_tiered,42,-0.6183630989411633,0.901595059194273,0.7599790790677181,1.1945830625981522,P1,1,0.0,0.0,0.0,0.0,
F00346,C_detection_pattern,42,1.2213321136138766,1.6026565692440353,0.22801420607346512,0.6121561663030975,P37,0,0.0,0.0,1.0,1.0,1.0
F00347,not_tiered,42,-0.6055286356856291,-0.49679127956007074,0.06288449221984449,0.38041233822657056,P3,0,1.0,0.0,0.0,0.0,
F00348,C_detection_pattern,42,0.0978731069636491,0.4813773936495802,0.21394281669958692,0.5722912532898675,P22,0,0.0,0.0,1.0,1.0,1.0
F00349,C_detection_pattern,42,0.31963995519394944,0.5204076492150458,0.12450050158530246,0.5664666954424233,P4,0,0.0,0.0,1.0,1.0,1.0
F00350,not_tiered,42,-1.355554695799125,-0.49851273101632226,0.4724462171267306,0.7998103151312376,P9,0,0.0,0.0,0.0,0.0,
F00351,C_detection_pattern,42,0.35663247050039215,0.9319213126836786,0.4087177866963305,0.9419945807407908,P38,0,0.0,0.0,1.0,1.0,1.0
F00352,C_detection_pattern,42,-0.6028211641208033,0.08774818463667995,0.46078409478542665,1.032303937521031,P35,2,0.0,0.0,1.0,1.0,1.0
F00353,not_tiered,42,-0.39846983620724463,-0.2230626461325596,0.13513856289027693,0.7637227027693877,P25,0,0.023809523809523808,0.0,1.0,0.0,
F00354,not_tiered,42,-0.056246839103790636,0.09394714489913963,0.09198403311108123,0.509995690328434,P42,15,0.0,0.0,1.0,0.7619047619047619,
F00355,not_tiered,0,,,,,,0,0.0,0.0,0.0,0.0,
F00356,not_tiered,42,0.19033286043815667,0.2650200316649277,0.04008914928078822,0.37187454910688933,P19,0,0.16666666666666666,0.0,0.0,0.0,
F00357,not_tiered,42,0.6682707529336772,0.7888640936231179,0.06189245140326394,0.4648469757124197,P19,0,1.0,0.0,0.0,0.0,
F00358,not_tiered,42,0.36907736746335956,0.4852042928801103,0.0729357783042941,0.5492788324958899,P23,0,1.0,0.0,0.0,0.0,
F00359,not_tiered,42,0.2879578642917423,0.3951147722105859,0.059886308481066686,0.3608216219872727,P25,0,0.19047619047619047,0.0,0.0,0.0,
F00360,C_detection_pattern,41,0.22206840484720836,0.22206840484720836,5.551115123125783e-17,,P1,0,0.0,0.0,1.0,1.0,1.0
F00361,C_detection_pattern,42,1.2991354015828929,1.7958315414152342,0.27337036228071865,0.7233178176244143,P22,0,0.0,0.0,1.0,1.0,1.0
F00362,not_tiered,42,-0.8417639897847161,-0.6626689782707722,0.09360190788677436,0.349470321726818,P1,0,1.0,0.0,0.0,0.0,
F00363,not_tiered,42,-0.5429847584947225,-0.48036985972559487,0.036454523275900486,0.3748394010491837,P19,0,1.0,0.0,0.0,0.0,
F00364,not_tiered,42,-0.477495746117025,-0.42064528923897937,0.02908385060488161,0.27831305384584404,P19,0,1.0,0.0,0.0,0.0,
F00365,not_tiered,42,0.27448602583865106,0.40715700197745325,0.06902858073399731,0.3540552715439332,P25,0,0.0,0.0,0.0,0.0,
F00366,not_tiered,42,-0.3859154138831683,-0.3258778885695362,0.030149001353415195,0.33884927469945514,P31,0,1.0,0.0,0.0,0.0,
F00367,not_tiered,42,-0.48111980632145224,-0.4037101845736051,0.04152667538920635,0.33271641418921255,P39,0,1.0,0.0,0.0,0.0,
F00368,not_tiered,42,-0.9328808167780458,-0.7280989197068333,0.10475231339270286,0.4293197288269518,P19,0,1.0,0.0,0.0,0.0,
F00369,not_tiered,42,-0.3546576971024395,-0.3172846813201702,0.01908357685481271,0.2582169023340856,P28,0,1.0,0.0,0.0,0.0,
F00370,not_tiered,42,0.015924119353267905,0.2865125858717511,0.1604951544819244,0.5174754307545137,P36,0,0.0,0.0,1.0,0.0,
F00371,not_tiered,42,-0.27342393742366655,-0.13759012987255922,0.07064949394780748,0.3710455033917585,P13,0,0.0,0.0,0.6904761904761905,0.0,
F00372,not_tiered,42,-0.4652524185673078,0.18490733704945336,0.3361349702442034,0.5429680324344406,P39,3,0.0,0.0,0.0,0.0,
F00373,B_abundance,42,-3.8578756319178873,-3.5761402560372497,0.14747500529116442,0.389986782289869,P6,0,1.0,1.0,0.0,0.0,1.0
F00374,not_tiered,0,,,,,,0,0.0,0.0,0.0,0.0,
F00375,not_tiered,42,-0.021551866307125266,0.027256081781574664,0.026356907513820867,0.3620601965544535,P23,14,0.0,0.0,0.0,0.0,
F00376,not_tiered,42,0.412560917341316,0.49603084959892185,0.053075990268314,0.4458313268278521,P2,0,1.0,0.0,0.0,0.0,
F00377,not_tiered,42,0.3124504741594142,0.4922270588154503,0.0932845081248817,0.4650897305410585,P39,0,0.09523809523809523,0.0,1.0,0.7619047619047619,
F00378,not_tiered,42,0.3152609357378296,0.3612757639951731,0.0238066234873488,0.3096466525417488,P19,0,1.0,0.0,0.0,0.0,
F00379,not_tiered,42,-0.45911258463787846,-0.3374835172702751,0.07522232092091963,0.48881340475696317,P14,0,1.0,0.0,0.023809523809523808,0.0,
F00380,not_tiered,42,-0.1382354435920268,-0.07309839395886049,0.0395675508444186,0.4316016407475572,P11,0,0.0,0.0,0.0,0.0,
F00381,C_detection_pattern,42,0.18064024046166594,0.8247251316864664,0.3759360265309968,0.7672935537574813,P36,0,0.0,0.0,1.0,1.0,1.0
F00382,not_tiered,42,-3.207309236664692,3.56075794422879,3.384033590446741,2.0664626576435965,P3,1,0.0,0.0,0.0,0.0,
F00383,not_tiered,42,0.5028917026315943,0.5670081367904842,0.044715138814589994,0.5889372040333338,P21,0,1.0,0.0,0.0,0.0,
F00384,not_tiered,42,0.0674923718162832,0.14276566219330666,0.042108037335789494,0.4020975161191163,P2,0,0.0,0.0,0.0,0.0,
F00385,not_tiered,42,0.3114933312047078,0.36324109669482285,0.026568873011281857,0.30022165810935625,P31,0,1.0,0.0,0.0,0.0,
F00386,not_tiered,42,0.009222840082998552,0.050406998780814206,0.023673102632978806,0.3685857471872577,P21,0,0.0,0.0,0.0,0.0,
F00387,not_tiered,42,-0.024073332261954405,0.027756828593675044,0.026406710241972244,0.29750161990440854,P31,20,0.0,0.0,0.0,0.0,
F00388,not_tiered,42,0.466663222031748,0.5439135639783054,0.04561813387850838,0.44396425036296483,P36,0,1.0,0.0,0.0,0.0,
F00389,not_tiered,42,0.24200893664541384,0.3244059902225809,0.048449611773044854,0.4297053166722143,P25,0,1.0,0.0,0.0,0.0,
F00390,not_tiered,42,0.3277074573021932,0.447317374296052,0.06185181270614781,0.48221019382236857,P5,0,1.0,0.0,1.0,0.0,
F00391,C_detection_pattern,0,,,,,,0,0.0,0.0,1.0,1.0,1.0
F00392,not_tiered,42,0.16604411673793334,0.22360934997940643,0.03007122390283784,0.3539432176758328,P36,0,0.6190476190476191,0.0,0.0,0.0,
F00393,C_detection_pattern,42,0.44337358379382913,0.8003518490110922,0.2526280599732657,0.8668199699866855,P9,0,0.0,0.0,1.0,1.0,1.0
F00394,C_detection_pattern,42,0.9810704362298515,1.1941391146591707,0.11901759187968164,0.46204534888103277,P37,0,0.0,0.0,1.0,1.0,1.0
F00395,C_detection_pattern,42,0.7033710926061331,0.889037115782816,0.09540056469880465,0.434175508187651,P33,0,0.0,0.0,1.0,1.0,1.0
F00396,C_detection_pattern,0,,,,,,0,0.0,0.0,1.0,1.0,1.0
F00397,C_detection_pattern,42,0.322073230886568,0.7790214805516466,0.24269436095984953,0.4951791820675637,P21,0,0.0,0.0,1.0,1.0,1.0
F00398,not_tiered,42,-0.973964473327322,-0.7619494166760742,0.12402564592825094,0.38872208377989476,P31,0,1.0,0.0,0.0,0.0,
F00399,not_tiered,41,-0.6670062665591932,-0.6670062665591932,0.0,,P2,0,0.0,0.0,0.0,0.0,
F00400,C_detection_pattern,42,-0.2993099859638971,0.12655254635197377,0.24739733770935537,0.6192455435434279,P21,2,0.0,0.0,1.0,1.0,1.0
F00401,B_abundance,42,-2.4341650798854593,-2.242992117095121,0.09876774642517239,0.3664966388960863,P3,0,1.0,1.0,0.0,0.0,1.0
F00402,not_tiered,42,-0.5973652179417446,-0.5109442331551048,0.05713624599627942,0.501120706316514,P2,0,1.0,0.0,0.0,0.0,
F00403,not_tiered,42,0.3593001970323529,0.4200875591749576,0.03465419598122599,0.4293646895534288,P22,0,1.0,0.0,0.0,0.0,
F00404,C_detection_pattern,41,-0.292267522568304,-0.292267522568304,0.0,,P1,0,0.0,0.0,1.0,1.0,1.0
F00405,not_tiered,42,0.4837566384289384,0.5466208368379102,0.0380806920189839,0.4168564202975269,P22,0,1.0,0.0,0.0,0.0,
F00406,C_detection_pattern,42,-1.1043800790319958,-0.7430645533854233,0.18307760536050366,0.6209216814996134,P35,0,0.0,0.0,1.0,1.0,1.0
F00407,C_detection_pattern,42,-1.5896881414021635,4.270913291908105,2.9303007166551343,2.030918190865489,P1,1,0.0,0.0,1.0,1.0,1.0
F00408,not_tiered,42,0.5169648224935643,0.6346316462959138,0.060961178637290114,0.4161308067293546,P25,0,1.0,0.0,0.0,0.0,
F00409,B_abundance,42,-1.5971895816113706,-1.464147173976129,0.07302133729930427,0.3412131526920532,P23,0,1.0,1.0,0.0,0.0,1.0
F00410,B_abundance,42,-1.5334344908715973,-1.408083314208367,0.06475071827219248,0.3331906729052394,P31,0,1.0,1.0,0.0,0.0,1.0
F00411,B_abundance,42,-1.596470856446056,-1.4600278477694182,0.07183554366971445,0.33278010998226154,P23,0,1.0,1.0,0.0,0.0,1.0
F00412,not_tiered,0,,,,,,0,0.0,0.0,0.0,0.0,
F00413,not_tiered,42,-1.0283032559423568,-0.9168098456665302,0.06029324807760883,0.34610891331057775,P18,0,1.0,0.16666666666666666,0.0,0.0,
F00414,not_tiered,42,-2.8645710809453853,-2.00941695954694,0.44652151740729007,0.6864459702947739,P16,0,0.0,0.0,0.11904761904761904,0.11904761904761904,
F00415,C_detection_pattern,42,1.3031453263502193,2.5219178280453036,0.6930913105456395,0.8646981498699218,P17,0,0.0,0.0,1.0,1.0,1.0
F00416,not_tiered,0,,,,,,0,0.0,0.0,0.0,0.0,
F00417,not_tiered,42,0.2572964750734781,0.39623555703424185,0.07526504729847844,0.46094357722863555,P22,0,0.0,0.0,0.047619047619047616,0.047619047619047616,
F00418,not_tiered,0,,,,,,0,0.0,0.0,0.0,0.0,
F00419,C_detection_pattern,0,,,,,,0,0.0,0.0,1.0,1.0,1.0
F00420,C_detection_pattern,42,-0.20018481129334056,0.2044119977532241,0.2193795728677231,0.525547615691972,P21,7,0.0,0.0,1.0,1.0,1.0
F00421,not_tiered,42,-1.1531343739969073,-0.952012174921935,0.10827900898966636,0.45918769649453184,P42,0,1.0,0.30952380952380953,0.0,0.0,
F00422,B_abundance,42,-1.2970213801946229,-1.1405646309526456,0.08278262246824664,0.3585889029007593,P35,0,1.0,1.0,0.0,0.0,1.0
F00423,B_abundance,42,-1.252507239541447,-1.0974328182395139,0.07936730136717207,0.3689325229537614,P22,0,1.0,1.0,0.0,0.0,1.0
F00424,not_tiered,42,-1.3926302808423379,-0.742340008260901,0.4850712650960408,0.88637076311611,P23,0,0.0,0.0,0.0,0.0,
F00425,not_tiered,42,-0.9142277265688089,-0.8070126584790068,0.05616936754139468,0.32382536347966134,P31,0,1.0,0.0,0.0,0.0,
F00426,B_abundance,42,-1.200331613263528,-1.077115945057781,0.06908655978751832,0.3507250072724935,P31,0,1.0,1.0,0.0,0.0,1.0
F00427,not_tiered,42,-0.8075364399416437,-0.5836438382280174,0.11363482893873933,0.38535299161597536,P33,0,0.7380952380952381,0.0,0.0,0.0,
F00428,not_tiered,42,-0.8020452481273767,-0.6531038291538417,0.09066813840142263,0.3986845109262533,P42,0,1.0,0.0,0.0,0.0,
F00429,B_abundance,42,-1.2110976513047609,-1.0782817047639428,0.06707216450234488,0.3374488306889586,P31,0,1.0,1.0,0.0,0.0,1.0
F00430,not_tiered,42,0.7203656988314647,0.9040477273693025,0.0971341085613443,0.44650986527752135,P1,0,1.0,0.0,0.0,0.0,
F00431,C_detection_pattern,42,-0.554208362485328,1.0657235436580343,0.8099659530716812,1.2480711772838626,P17,1,0.0,0.0,1.0,1.0,1.0
F00432,B_abundance,42,-1.486454545354176,-1.356561151259105,0.06534884066803359,0.3220987349192472,P25,0,1.0,1.0,0.0,0.0,1.0
F00433,B_abundance,42,-1.2987728730999237,-1.134653653288665,0.09932819737741183,0.5043711088183319,P19,0,1.0,1.0,0.0,0.0,1.0
F00434,not_tiered,42,-1.3094899190470308,-1.0962588383920582,0.11519042248952371,0.47921653113259544,P13,0,1.0,1.0,0.0,0.0,
F00435,not_tiered,42,0.7452081024049385,0.9416805869230503,0.0998087727020639,0.4180834851765431,P23,0,0.2857142857142857,0.0,1.0,1.0,
F00436,not_tiered,42,-1.009401043318503,-0.9357572949322903,0.04626805474973028,0.48371999310106645,P19,0,1.0,0.11904761904761904,0.0,0.0,
F00437,not_tiered,42,-0.5732856407814495,-0.41025780714294063,0.08449593780732378,0.44501972569714615,P9,0,0.0,0.0,1.0,1.0,
F00438,not_tiered,42,-0.13540201989707998,-0.07975967689879682,0.031750599501757584,0.3902539437468443,P19,0,0.0,0.0,0.0,0.0,
F00439,not_tiered,0,,,,,,0,0.0,0.0,0.047619047619047616,0.0,
F00440,not_tiered,42,-0.0032421819721645383,0.3434655057272461,0.1902469834616814,0.5704380093461319,P32,1,0.0,0.0,0.047619047619047616,0.047619047619047616,
F00441,not_tiered,0,,,,,,0,0.0,0.0,0.0,0.0,
F00442,not_tiered,0,,,,,,0,0.0,0.0,0.0,0.0,
F00443,C_detection_pattern,42,-0.09547600458810089,0.1404395274558305,0.12745682300629618,0.5433175069717734,P11,10,0.0,0.0,1.0,1.0,1.0
F00444,B_abundance,42,-1.3445789807356245,-1.193868369172151,0.08505580994457684,0.42258267120269344,P14,0,1.0,1.0,0.8333333333333334,0.0,1.0
F00445,not_tiered,42,0.5402700398882392,0.6903735829260933,0.09617008975575658,0.6236037491594162,P2,0,1.0,0.0,0.0,0.0,
F00446,not_tiered,42,-0.5670464257198073,1.804698048027923,1.1858722368738652,1.5594594083933158,P3,1,0.0,0.0,1.0,1.0,
F00447,not_tiered,42,0.3315160358609005,0.42811790500563535,0.06470365512994497,0.5024557382731049,P36,0,1.0,0.0,0.0,0.0,
F00448,not_tiered,42,-0.23464095756812037,-0.07634338533012439,0.08816651300684536,0.4140906365033239,P17,0,0.0,0.0,0.07142857142857142,0.07142857142857142,
F00449,not_tiered,42,0.48473707625954066,0.5984948079819232,0.07274292340004895,0.444707624233724,P36,0,1.0,0.0,0.0,0.0,
F00450,not_tiered,42,0.09227028202022898,0.1914051001655846,0.06249898185355422,0.5238694851298419,P31,0,0.0,0.0,0.0,0.0,
F00451,not_tiered,42,-0.3078570317034916,-0.20876740250277034,0.05297979795420596,0.36639732732769964,P10,0,0.0,0.0,0.0,0.0,
F00452,not_tiered,42,-0.0765425365520677,0.04830916409992625,0.06314169439158304,0.3877965341180737,P15,10,0.0,0.0,1.0,1.0,
F00453,not_tiered,42,-0.30751730648947934,-0.11337533721494997,0.1575114939858122,0.865043556331381,P31,0,0.0,0.0,0.0,0.0,
F00454,C_detection_pattern,42,-0.2565762381786967,0.06813965110105757,0.1667079438284354,0.5118839047189603,P3,3,0.0,0.0,1.0,1.0,1.0
F00455,not_tiered,42,0.19159812555886116,0.6329019294421148,0.3069401613947492,0.8751153058038277,P18,0,0.0,0.0,1.0,0.0,
F00456,not_tiered,42,-0.30593101148629304,0.11590788729916124,0.21449950047508065,0.6035258045539919,P23,2,0.0,0.0,1.0,1.0,
F00457,not_tiered,0,,,,,,0,0.0,0.0,0.0,0.0,
F00458,not_tiered,42,-0.4061610121897445,-0.2629843725048826,0.08885310267593899,0.5462560299624316,P11,0,0.19047619047619047,0.0,0.0,0.0,
F00459,not_tiered,42,-0.9178056806090396,-0.7202934545791598,0.1103426156553966,0.4403827989988421,P17,0,0.2857142857142857,0.0,1.0,1.0,
F00460,C_detection_pattern,42,-0.6329073130649115,-0.18085404068073002,0.26308683149772866,0.6693176855801759,P36,0,0.0,0.0,1.0,1.0,1.0
F00461,not_tiered,42,0.12578959347580632,0.33854202234861475,0.13670080141301388,0.4752871843412581,P9,0,0.0,0.0,1.0,0.7619047619047619,
F00462,not_tiered,41,0.5473080284852703,0.5473080284852703,0.0,,P2,0,0.0,0.0,0.0,0.0,
F00463,not_tiered,42,0.4069889445148698,0.6353856000864551,0.15570958538535062,0.7232849067808798,P19,0,1.0,0.0,0.8333333333333334,0.7619047619047619,
F00464,not_tiered,42,0.27140250409192646,0.3295472200691773,0.03393805004578654,0.38739922341517996,P19,0,1.0,0.0,0.0,0.0,
F00465,C_detection_pattern,42,-0.7510633463909027,-0.48982352296105525,0.13689193071888583,0.5130426810884576,P36,0,0.0,0.0,1.0,1.0,1.0
F00466,not_tiered,42,-0.4524681985715834,-0.37622364595878655,0.04887355721176634,0.40867900576232047,P19,0,1.0,0.0,0.0,0.0,
F00467,not_tiered,42,-0.08598303303026149,0.08863558996451831,0.10681448826469361,0.5666428013474342,P21,7,0.0,0.0,0.6428571428571429,0.0,
F00468,not_tiered,42,-4.873342761814231,-2.212708976182657,1.491746464342219,1.3017078532593165,P17,0,0.0,0.0,0.0,0.0,
F00469,C_detection_pattern,42,-0.5393743945023604,-0.1654088667047817,0.1986177548131476,0.5568939996771473,P37,0,0.0,0.0,1.0,1.0,1.0
F00470,C_detection_pattern,42,-0.6516424058031259,-0.4882602395565558,0.09632399221777377,0.5299216178925754,P24,0,0.0,0.0,1.0,1.0,1.0
F00471,C_detection_pattern,42,-2.2440781249205517,-1.63380512573909,0.3391014226975977,0.65249032865306,P40,0,0.0,0.0,1.0,1.0,1.0
F00472,not_tiered,42,0.08722189176499621,0.5803028403162355,0.3465932213314626,0.9764696704299072,P9,0,0.0,0.0,0.0,0.0,
F00473,not_tiered,42,-1.246571178610535,-0.8458595360297869,0.20994791131852297,0.6279634683580142,P42,0,0.0,0.0,0.6428571428571429,0.6428571428571429,
F00474,C_detection_pattern,42,0.5002175212366983,0.8917647884935072,0.21789556948694944,0.5662191267911445,P25,0,0.0,0.0,1.0,1.0,1.0
F00475,not_tiered,42,0.14463248321825822,0.5454491213635523,0.2668459785196818,0.6956191031443819,P21,0,0.0,0.0,1.0,1.0,
F00476,C_detection_pattern,42,0.06389530046276981,0.28516485278975284,0.13135105340943368,0.5767164827684924,P9,0,0.0,0.0,1.0,1.0,1.0
F00477,not_tiered,42,-0.846763677389224,-0.10643733994780001,0.5160283770737226,0.806631967770032,P28,0,0.0,0.0,1.0,1.0,
F00478,not_tiered,42,-0.24985699060190453,-0.18879816773348024,0.03780203215036626,0.43939168903999176,P23,0,1.0,0.0,0.0,0.0,
F00479,not_tiered,42,0.11807686338510782,0.2658516361343773,0.0778521446162731,0.4174798276785519,P21,0,0.0,0.0,0.0,0.0,
F00480,not_tiered,42,0.7390880268969421,0.8308737553422414,0.05230918410460572,0.4482567846779866,P21,0,1.0,0.0,0.0,0.0,
F00481,not_tiered,42,-0.7507623733900235,-0.5946335660574776,0.09561375508925263,0.5126177016784031,P6,0,1.0,0.0,0.023809523809523808,0.0,
F00482,C_detection_pattern,42,-0.2790448116297126,0.46375613346686817,0.4170979590086893,0.8336359006172579,P16,2,0.0,0.0,1.0,1.0,1.0
F00483,C_detection_pattern,42,-0.8572962583779234,-0.5916764510636985,0.14285706599357006,0.5788442070976131,P35,0,0.0,0.0,1.0,1.0,1.0
F00484,not_tiered,42,-1.5733955979325769,-0.8104100994831831,0.42777069126571,0.8602344052141035,P10,0,0.0,0.0,0.0,0.0,
F00485,C_detection_pattern,42,-0.4777478878401103,0.08138670457754316,0.3263964957430062,0.7851447583154028,P6,2,0.0,0.0,1.0,1.0,1.0
F00486,not_tiered,0,,,,,,0,0.0,0.0,0.0,0.0,
F00487,not_tiered,42,0.22178406277751447,0.32316061013157427,0.05362446933706452,0.3967002998229142,P11,0,0.09523809523809523,0.0,0.0,0.0,
F00488,not_tiered,0,,,,,,0,0.0,0.0,0.0,0.0,
F00489,not_tiered,42,-0.5917972460981133,-0.3637183669441663,0.14701340319788997,0.758480503247428,P12,0,0.0,0.0,0.0,0.0,
F00490,not_tiered,0,,,,,,0,0.0,0.0,0.0,0.0,
F00491,not_tiered,0,,,,,,0,0.0,0.0,0.5714285714285714,0.0,
F00492,C_detection_pattern,42,-0.1771750065232723,0.028645536270304122,0.12200079961960862,0.5797290171367603,P31,1,0.0,0.0,1.0,1.0,1.0
F00493,C_detection_pattern,42,-0.7567244526545078,-0.01194695819917386,0.4594813724185125,0.932983430369745,P33,0,0.0,0.0,1.0,1.0,1.0
F00494,not_tiered,42,-0.17658341504155345,-0.02835578097980804,0.07705945178151626,0.40821674003897224,P39,0,0.0,0.0,1.0,1.0,
F00495,C_detection_pattern,42,0.15061391168665236,0.49552352360891455,0.18073446730412343,0.5442857195699808,P38,0,0.0,0.0,1.0,1.0,1.0
F00496,C_detection_pattern,42,-0.8186226078377429,-0.013962937089446145,0.6087964775501865,1.0181113742321835,P26,0,0.0,0.0,1.0,1.0,1.0
F00497,C_detection_pattern,42,0.4312501391596359,0.9173000446926576,0.2938359063969063,0.747437516475187,P35,0,0.0,0.0,1.0,1.0,1.0
F00498,not_tiered,42,-1.1609419419934035,-0.3617593456156895,0.4565840260795355,0.8499512437535177,P25,0,0.0,0.0,1.0,1.0,
F00499,C_detection_pattern,42,-0.4213208568440145,0.586353938902322,0.5223927319616988,0.68577460916602,P7,5,0.0,0.0,1.0,1.0,1.0
F00500,not_tiered,42,-0.684288255454918,-0.5444807883568183,0.07707182078332342,0.46498441001669616,P39,0,0.0,0.0,0.0,0.0,
F00501,not_tiered,0,,,,,,0,0.0,0.0,0.0,0.0,
F00502,not_tiered,42,-0.3136967838175134,0.21541571621719077,0.2654751356713659,0.6385042757813705,P11,4,0.0,0.0,1.0,1.0,
F00503,not_tiered,42,-0.048329781832226325,0.23625792599276701,0.14542920311294172,0.5308851821267729,P9,2,0.0,0.0,1.0,1.0,
F00504,not_tiered,41,0.3403366005737567,0.3403366005737567,0.0,,P2,0,0.0,0.0,0.0,0.0,
F00505,not_tiered,42,0.1408581040226898,0.23738763205430566,0.04958798175471618,0.36578609797621775,P5,0,0.0,0.0,0.0,0.0,
F00506,C_detection_pattern,42,-0.08221561234779148,0.19468251150539082,0.18982634798261708,0.6549803929620308,P25,1,0.0,0.0,1.0,1.0,1.0
F00507,not_tiered,42,-0.0909830552276527,-0.014325263841482565,0.040997983971351494,0.34014793880507654,P27,0,0.0,0.0,0.0,0.0,
F00508,C_detection_pattern,42,-1.0788471785048346,-0.4490004764434623,0.33555134997376146,0.8606069960883911,P3,0,0.0,0.0,1.0,1.0,1.0
F00509,not_tiered,42,-0.2017220810905993,-0.11004700145862172,0.05851969340297637,0.5742330487594279,P23,0,0.0,0.0,0.0,0.0,
F00510,not_tiered,42,-0.927617705584586,0.11807939071773532,0.5228485481511607,0.8953132414767407,P1,1,0.0,0.0,0.023809523809523808,0.0,
F00511,C_detection_pattern,42,0.3611773609773963,0.6026227742988278,0.18085522929737025,0.8239165777945656,P39,0,0.0,0.0,1.0,1.0,1.0
F00512,not_tiered,42,-1.368075598190637,-0.25387460385615174,0.8529559605587953,1.160343095716463,P39,0,0.0,0.0,1.0,1.0,
F00513,B_abundance,42,-1.1582752230220184,-1.0410121581946088,0.07184735301339451,0.4400406322818412,P19,0,1.0,1.0,0.0,0.0,1.0
F00514,not_tiered,42,-0.46389706096916894,-0.3735982099454461,0.055106909013234284,0.42053074166800164,P40,0,1.0,0.0,1.0,0.7619047619047619,
F00515,not_tiered,42,-0.0837270303935143,0.010075547163959902,0.058280697306012194,0.4846713373718339,P25,3,0.0,0.0,0.0,0.0,
F00516,not_tiered,42,-0.218385599179985,-0.12346680129514376,0.056096297172554044,0.4458973104118405,P25,0,0.0,0.0,0.0,0.0,
F00517,not_tiered,42,-0.3095000260118568,-0.2253590067736359,0.042391490679139276,0.32485660230390145,P37,0,0.09523809523809523,0.0,0.8095238095238095,0.7619047619047619,
F00518,C_detection_pattern,42,-1.3128269449804015,-0.8204461933883177,0.2465211274494601,0.48127120899678455,P32,0,0.0,0.0,1.0,1.0,1.0
F00519,not_tiered,42,-0.2479922600821359,-0.15145047556626853,0.06979078110173786,0.5964577506885974,P23,0,0.0,0.0,0.0,0.0,
F00520,C_detection_pattern,42,-2.376549798833586,-1.486290213949665,0.6391028897170634,1.1712297239425822,P32,0,0.0,0.0,1.0,1.0,1.0
F00521,not_tiered,42,-1.962336815205958,-1.1798424844498396,0.49024670733750364,0.9992764037258844,P10,0,0.0,0.0,0.7619047619047619,0.7619047619047619,
F00522,C_detection_pattern,42,-0.49594189816907086,-0.2497810276202986,0.15770933724841119,0.5362736092858983,P32,0,0.0,0.0,1.0,1.0,1.0
F00523,C_detection_pattern,42,0.12832715690980276,0.31017158369201187,0.10417961760053954,0.5528155341116319,P4,0,0.0,0.0,1.0,1.0,1.0
F00524,not_tiered,42,-0.13998395692680268,-0.004071653781834869,0.09026918779806774,0.44881987314356697,P19,0,0.0,0.0,0.0,0.0,
F00525,C_detection_pattern,41,0.12273789831388626,0.12273789831388626,5.551115123125783e-17,,P2,0,0.0,0.0,1.0,1.0,1.0
F00526,not_tiered,42,-0.3610816921245082,-0.25764575924648697,0.05443433018214988,0.33182549515673065,P21,0,0.047619047619047616,0.0,0.0,0.0,
F00527,not_tiered,42,0.9146858475702563,0.9981624508892157,0.05481811537802772,0.45900927956917714,P1,0,1.0,0.0,0.0,0.0,
F00528,not_tiered,42,0.4234473245006511,0.48272890813177216,0.03214870537348502,0.34729477965474853,P25,0,1.0,0.0,0.0,0.0,
F00529,not_tiered,42,0.41542399212779324,0.4880110435588776,0.04229716648985038,0.4357536594668868,P18,0,1.0,0.0,0.0,0.0,
F00530,not_tiered,42,0.2210196126779898,0.29473237775050404,0.043371447866039914,0.4020357149982451,P18,0,0.9047619047619048,0.0,0.0,0.0,
F00531,not_tiered,42,0.5477696155525192,0.6514161702903039,0.06272095589333537,0.40968507025989176,P25,0,1.0,0.0,0.0,0.0,
F00532,not_tiered,42,0.0661174475815458,0.2202069784509562,0.11115683790346768,0.6895126557970424,P4,0,0.0,0.0,0.0,0.0,
F00533,not_tiered,42,-0.9795465076953771,-0.6635417898755755,0.19575155562873126,0.6243692161594252,P23,0,0.0,0.0,1.0,1.0,
F00534,not_tiered,42,-0.23797705731223673,-0.0998065754172773,0.09475547098723883,0.684274428797883,P18,0,0.0,0.0,0.0,0.0,
F00535,not_tiered,42,-0.7629087927963563,-0.6397306254661239,0.0626661264559133,0.3767077253205536,P7,0,1.0,0.0,0.0,0.0,
F00536,not_tiered,42,-0.6681662467187043,-0.4664875727012952,0.11912165334727204,0.5085675306041282,P31,0,0.9523809523809523,0.0,1.0,0.7619047619047619,
F00537,C_detection_pattern,42,-0.9500099505282709,-0.2631243708087033,0.46064624434858836,0.935238199653987,P34,0,0.0,0.0,1.0,1.0,1.0
F00538,not_tiered,42,0.5727140373844359,1.0626325763581705,0.3699104552528797,0.8331148944257131,P40,0,0.0,0.0,1.0,1.0,
F00539,C_detection_pattern,42,0.252893133225297,1.073289525462997,0.4808479260528948,0.9294844126546491,P6,0,0.0,0.0,1.0,1.0,1.0
F00540,not_tiered,42,-1.4742712553883672,-0.5874537872828345,0.5294113479832407,1.043368161907329,P35,0,0.0,0.0,0.0,0.0,
F00541,not_tiered,41,-4.000451686092465,-4.000451686092465,0.0,,P1,0,0.0,0.0,0.09523809523809523,0.09523809523809523,
F00542,not_tiered,42,-0.8630850087324087,-0.7864762132780927,0.0467880815293118,0.4525890175711494,P20,0,1.0,0.0,0.0,0.0,
F00543,C_detection_pattern,42,0.3917884759082533,0.6504047787153009,0.14437688505467117,0.6492320960280773,P29,0,0.0,0.0,1.0,1.0,1.0
F00544,C_detection_pattern,42,1.2716632187305363,1.564235497172243,0.14965344076444276,0.4566054618216517,P38,0,0.0,0.0,1.0,1.0,1.0
F00545,C_detection_pattern,41,0.21647508057482234,0.21647508057482234,5.551115123125783e-17,,P1,0,0.0,0.0,1.0,1.0,1.0
F00546,not_tiered,0,,,,,,0,0.0,0.0,0.0,0.0,
F00547,not_tiered,42,0.5906791728965037,0.7170576803352333,0.07272999885023901,0.476103054768525,P11,0,1.0,0.0,1.0,1.0,
F00548,not_tiered,42,0.7483869823721194,0.9105797468667369,0.08980049013877245,0.4694698148467128,P25,0,1.0,0.0,1.0,0.0,
F00549,not_tiered,0,,,,,,0,0.0,0.0,0.0,0.0,
F00550,C_detection_pattern,42,-0.2873003218561925,0.6587313898042426,0.5213978549453128,1.016724351140429,P35,1,0.0,0.0,1.0,1.0,1.0
F00551,not_tiered,42,-0.25953363398640233,-0.0858118283958889,0.10241119394346189,0.4753179268217028,P36,0,0.0,0.0,1.0,1.0,
F00552,not_tiered,42,-0.18033030367474348,-0.0006617483453703927,0.13337206490818992,0.7650769077238633,P5,0,0.0,0.0,1.0,1.0,
F00553,not_tiered,42,-0.9454018497027236,-0.5231588704407497,0.34751736505596387,0.9327476903118469,P21,0,0.2857142857142857,0.0,1.0,1.0,
F00554,C_detection_pattern,42,-1.2034222770595053,-0.7297207837736264,0.2503460060811139,0.6249413998589923,P34,0,0.0,0.0,1.0,1.0,1.0
F00555,not_tiered,42,0.8581274769326627,1.1160198420183083,0.14487785024836086,0.47461939490897415,P42,0,0.0,0.0,1.0,1.0,
F00556,not_tiered,42,-0.16706408085446744,-0.07218002117803522,0.04750955149988384,0.345419439486596,P37,0,0.0,0.0,0.0,0.0,
F00557,not_tiered,41,-1.623745901144014,-1.623745901144014,0.0,,P1,0,0.0,0.0,1.0,0.0,
F00558,B_abundance,42,-4.340212625655412,-4.024404596754647,0.19943932136317688,0.533036632746416,P3,0,1.0,1.0,0.0,0.0,1.0
F00559,C_detection_pattern,42,-0.23812894312699515,0.5502643573085919,0.428098460813097,0.7313869810276667,P23,3,0.0,0.0,1.0,1.0,1.0
F00560,not_tiered,42,-0.33018114924949044,-0.25736308892352805,0.04598130235338066,0.393898441095905,P26,0,0.8809523809523809,0.0,0.0,0.0,
F00561,not_tiered,0,,,,,,0,0.0,0.0,0.0,0.0,
F00562,not_tiered,42,-0.4878683409429926,-0.3516392680899875,0.07052896869830005,0.3993764735670077,P37,0,0.8095238095238095,0.0,0.0,0.0,
F00563,not_tiered,42,-0.2532699399397238,0.2316547760780754,0.2424623580088996,0.44557594279688956,P1,1,0.0,0.0,1.0,1.0,
F00564,not_tiered,42,-0.0847516502854008,0.21075151156225447,0.1480564112794427,0.4987239483760599,P13,2,0.0,0.0,1.0,1.0,
F00565,not_tiered,0,,,,,,0,0.0,0.0,0.0,0.0,
F00566,not_tiered,42,0.020525873580287485,0.10106359650282683,0.044376101386032527,0.3973732676601072,P19,0,0.0,0.0,0.0,0.0,
F00567,C_detection_pattern,42,-0.9031115219444218,-0.6451915445510363,0.1298448422652213,0.435792476365209,P8,0,0.0,0.0,1.0,1.0,1.0
F00568,not_tiered,42,-0.9110611407012641,-0.6181541154098475,0.14645351264570827,0.27276464192624095,P1,0,0.0,0.0,1.0,0.0,
F00569,not_tiered,41,-0.5713915464552297,-0.5713915464552297,0.0,,P1,0,0.0,0.0,0.0,0.0,
F00570,not_tiered,42,0.2728048813647966,0.6301129378045479,0.19169326931459302,0.595609074086997,P32,0,0.0,0.0,0.14285714285714285,0.14285714285714285,
F00571,not_tiered,41,-0.7752997754804039,-0.7752997754804039,0.0,,P2,0,0.0,0.0,0.0,0.0,
F00572,C_detection_pattern,41,0.796912096294049,0.796912096294049,0.0,,P1,0,0.0,0.0,1.0,1.0,1.0
F00573,not_tiered,42,0.25005043439709934,0.32883566488548577,0.04565428345680067,0.4720040353864209,P25,0,1.0,0.0,0.0,0.0,
F00574,not_tiered,42,-0.277005648123601,-0.002825291825888079,0.14343805038317262,0.4635842694172254,P29,0,0.0,0.0,0.0,0.0,
F00575,not_tiered,41,0.42216867247821455,0.42216867247821455,5.551115123125783e-17,,P2,0,0.0,0.0,0.0,0.0,
F00576,not_tiered,42,-1.5616864524577547,-0.8072358734685796,0.37722528949458756,0.6736258005591346,P1,0,0.0,0.0,0.047619047619047616,0.047619047619047616,
F00577,not_tiered,42,-0.23917344973573204,-0.10895323409489066,0.06524675516390455,0.43377486143275035,P4,0,0.0,0.0,0.8333333333333334,0.0,
F00578,C_detection_pattern,42,0.3165852442321069,0.3980857142147687,0.0423991793379338,0.37897521931493205,P35,0,0.0,0.0,1.0,1.0,1.0
F00579,not_tiered,42,0.1741803054520947,0.2148981914751458,0.0205987839644467,0.2861640419309205,P27,0,1.0,0.0,0.0,0.0,
F00580,not_tiered,42,0.3040712685624083,0.8853975050351864,0.36953569447310786,0.6920864130118808,P30,0,0.0,0.0,0.0,0.0,
F00581,not_tiered,42,-0.25727222238255865,-0.11292109463694965,0.10469817278452485,0.6624146188423543,P19,0,0.0,0.0,0.0,0.0,
F00582,not_tiered,42,0.6283915386394149,0.7001603849435336,0.04033932961495024,0.3789663468546605,P14,0,1.0,0.0,0.0,0.0,
F00583,C_detection_pattern,42,-0.21676991249661817,0.12839651132053914,0.23078394283802334,0.752194915458968,P41,2,0.0,0.0,1.0,1.0,1.0
F00584,C_detection_pattern,42,-0.19235398427904904,0.39744008523324176,0.41246420382560034,0.913728867853875,P2,1,0.0,0.0,1.0,1.0,1.0
F00585,C_detection_pattern,42,-0.0298157958821621,0.8747904432290114,0.4539606361603244,0.848379406642234,P10,1,0.0,0.0,1.0,1.0,1.0
F00586,C_detection_pattern,42,0.09041443776327329,0.5350383903144986,0.2504828310561346,0.6997846027924411,P40,0,0.0,0.0,1.0,1.0,1.0
F00587,not_tiered,0,,,,,,0,0.0,0.0,0.0,0.0,
F00588,not_tiered,42,-1.1421215209616722,-0.9793805804193874,0.1076691864558994,0.5427787537709358,P19,0,1.0,0.9761904761904762,0.0,0.0,
F00589,not_tiered,42,0.46012385757934043,0.6028649539264721,0.0878885836298301,0.5927535653141232,P2,0,1.0,0.0,0.0,0.0,
F00590,C_detection_pattern,42,-2.683471180882491,-1.4755589869099173,0.8396623381533579,1.2433859206123925,P41,0,0.0,0.0,1.0,1.0,1.0
F00591,not_tiered,42,-0.12296768370139939,-0.02419543306767077,0.05426915099357209,0.43855534172371835,P21,0,0.0,0.0,0.0,0.0,
F00592,not_tiered,42,-0.8165897231285566,-0.6639401684622374,0.10381039342615972,0.45542832960347096,P25,0,1.0,0.0,0.0,0.0,
F00593,not_tiered,0,,,,,,0,0.0,0.0,0.0,0.0,
F00594,B_abundance,42,-1.6402067313795297,-1.452490131402607,0.09741040006054424,0.4025945396056498,P23,0,1.0,1.0,0.0,0.0,1.0
F00595,not_tiered,0,,,,,,0,0.0,0.0,0.0,0.0,
F00596,not_tiered,42,0.4112097091105366,0.5063345727873163,0.06385046691073659,0.4770942278263129,P18,0,1.0,0.0,0.0,0.0,
F00597,B_abundance,42,-2.5953863290758914,-2.208318264964027,0.23343849642109937,0.479698338573647,P10,0,1.0,1.0,0.0,0.0,1.0
F00598,not_tiered,42,-1.05385059825874,-0.8480730463368453,0.11378901103156547,0.39960130384940806,P19,0,1.0,0.0,0.0,0.0,
F00599,not_tiered,42,-0.820612874504008,-0.6297539670714214,0.11102822016970504,0.5090604369001259,P2,0,1.0,0.0,1.0,0.0,
F00600,not_tiered,42,0.0713770022739722,0.2204446665414655,0.08574282530225111,0.5182451296133564,P31,0,0.0,0.0,1.0,0.0,
F00601,not_tiered,42,-0.2024752373293939,-0.1355684499915045,0.03545460478689419,0.3531353828971571,P23,0,0.0,0.0,0.0,0.0,
F00602,not_tiered,42,0.6530504150800334,1.0340129315799436,0.29649320377810306,0.83039848537349,P23,0,0.2857142857142857,0.0,1.0,1.0,
F00603,not_tiered,0,,,,,,0,0.0,0.0,0.0,0.0,
F00604,B_abundance,42,-1.4064324713343532,-1.2771624331062221,0.08917923973275155,0.4673036486625424,P19,0,1.0,1.0,0.0,0.0,1.0
F00605,B_abundance,42,-1.5065934808581578,-1.3738342427955077,0.08991737896160434,0.46342117555122564,P19,0,1.0,1.0,0.0,0.0,1.0
F00606,B_abundance,42,-1.3608622912834087,-1.2252629565201485,0.09605714222947181,0.4891289463240955,P19,0,1.0,1.0,0.0,0.0,1.0
F00607,B_abundance,42,-1.5157139763714,-1.3693069821040658,0.09535481350365416,0.49055829524911654,P19,0,1.0,1.0,0.0,0.0,1.0
F00608,not_tiered,0,,,,,,0,0.0,0.0,0.0,0.0,
F00609,B_abundance,42,-1.3894131096161184,-1.2536531891601044,0.08399254763297459,0.4461045246670618,P19,0,1.0,1.0,0.0,0.0,1.0
F00610,not_tiered,42,-1.0701294243883992,-0.9413732436160419,0.076225445246486,0.4301574979104411,P19,0,1.0,0.8095238095238095,0.0,0.0,
F00611,B_abundance,42,-1.3421990759840456,-1.2042958290206234,0.094018733843515,0.48779303931322154,P19,0,1.0,1.0,0.0,0.0,1.0
F00612,not_tiered,42,-0.8720068991747891,-0.689716778997021,0.09798111816399357,0.42471915965644313,P2,0,1.0,0.0,0.0,0.0,
F00613,not_tiered,42,-0.7633270405525072,-0.5857216869271995,0.11502655341150192,0.5034821259269644,P19,0,1.0,0.0,0.0,0.0,
F00614,B_abundance,42,-1.2940997433161319,-1.1516103005386509,0.091716539842146,0.44887304811868006,P19,0,1.0,1.0,0.0,0.0,1.0
F00615,B_abundance,42,-1.3520719852325005,-1.2191108279360714,0.09002234586794389,0.46544328872278945,P19,0,1.0,1.0,0.0,0.0,1.0
F00616,B_abundance,42,-1.1970623417808017,-1.0712350813384925,0.08915261632144489,0.4878364412399229,P19,0,1.0,1.0,0.0,0.0,1.0
F00617,B_abundance,42,-1.482186805705715,-1.3426295330370381,0.09664771844924003,0.46600637717403265,P19,0,1.0,1.0,0.0,0.0,1.0
F00618,C_detection_pattern,42,0.16967827766548357,0.33757055915808865,0.10672799407245412,0.542864058006723,P38,0,0.0,0.0,1.0,1.0,1.0
F00619,not_tiered,42,0.9131264937870256,1.0705471271920612,0.08273640739383037,0.4233119216288953,P5,0,0.0,0.0,1.0,1.0,
F00620,not_tiered,42,0.19079093181562953,0.2538510815242826,0.035783621883255984,0.4030429581188269,P5,0,0.9047619047619048,0.0,0.8333333333333334,0.0,
F00621,C_detection_pattern,42,0.07035851737634014,0.27812625756844084,0.10448118474629886,0.43968618003384846,P12,0,0.0,0.0,1.0,1.0,1.0
F00622,not_tiered,42,-0.448165137727778,0.4518013026435015,0.5004368174818983,0.9983568776267616,P12,2,0.0,0.0,0.0,0.0,
F00623,not_tiered,42,0.5660348607147027,0.6441027070357074,0.04171633571184463,0.37152489512164977,P20,0,1.0,0.0,0.0,0.0,
F00624,C_detection_pattern,42,0.37468756353841853,0.4724618705762026,0.05193278914917926,0.40154814339014555,P30,0,0.0,0.0,1.0,1.0,1.0
F00625,not_tiered,42,0.1021917895085044,0.16543087934013315,0.03353795625190706,0.40635605962829974,P21,0,0.0,0.0,0.0,0.0,
F00626,not_tiered,42,0.10371324015839803,0.16791704834465337,0.03375067617179359,0.3566153725697349,P3,0,0.0,0.0,0.0,0.0,
F00627,not_tiered,42,0.4298001335118089,0.5856077207921373,0.1107365456805347,0.7113321699557995,P31,0,1.0,0.0,0.0,0.0,
F00628,not_tiered,42,-1.1637740827776017,0.7293542207174859,0.9465641517475438,1.3786399419335498,P3,1,0.0,0.0,0.0,0.0,
F00629,not_tiered,42,-0.13170303131756259,-0.06339468952623406,0.034753854404908885,0.3530356947265167,P41,0,0.0,0.0,0.0,0.0,
F00630,not_tiered,42,-0.06745922023503595,0.0017781973024472992,0.03521547992162115,0.3556465257036223,P4,1,0.0,0.0,0.0,0.0,
F00631,not_tiered,42,-0.012690725904565834,0.05931704454379866,0.03741655788956256,0.38239106452914845,P5,4,0.0,0.0,0.0,0.0,
F00632,not_tiered,42,-0.10126079762176345,0.02983603213257325,0.08515839596478375,0.6141059847735408,P31,1,0.0,0.0,0.0,0.0,
F00633,not_tiered,42,-0.16600508579365086,-0.07580277719635783,0.05356328748225356,0.4735158372009874,P21,0,0.0,0.0,0.0,0.0,
F00634,not_tiered,42,-2.9965485902227265,-1.9842747145563502,0.5927507575834174,1.000558447260841,P33,0,0.0,0.0,0.0,0.0,
F00635,not_tiered,42,-0.22376500386205117,0.8774754581878483,0.676462730454552,1.067506415401885,P4,1,0.0,0.0,0.0,0.0,
F00636,not_tiered,42,-1.0289213177097196,-0.16843190965123006,0.5679898464986279,1.0896976388558597,P5,0,0.0,0.0,0.0,0.0,
F00637,not_tiered,42,-1.243926573356549,-0.9205892656751765,0.19374422322449159,0.6351282929363508,P31,0,0.0,0.0,0.0,0.0,
F00638,not_tiered,42,-0.4059368646327874,-0.05009834279152851,0.18367456973196689,0.5773498567994144,P34,0,0.0,0.0,0.0,0.0,
F00639,C_detection_pattern,42,1.3971037110957163,3.358504591218514,1.0566228621806228,1.0938576707176264,P32,0,0.0,0.0,1.0,1.0,1.0
F00640,not_tiered,42,-0.883079148296721,-0.7731343129847431,0.05681861981090752,0.41244443279504966,P31,0,1.0,0.0,0.0,0.0,
F00641,C_detection_pattern,42,-0.14324975524814182,1.1422833241396166,0.9514925779679098,1.102669219093045,P30,1,0.0,0.0,1.0,1.0,1.0
F00642,not_tiered,42,-0.06924860367806925,0.06704922743595101,0.07498750414827751,0.5574540253143773,P42,12,0.0,0.0,0.0,0.0,
F00643,C_detection_pattern,42,-1.6274000913494142,-0.2982651727658414,0.6672837791977075,1.0539809181032327,P38,0,0.0,0.0,1.0,1.0,1.0
F00644,not_tiered,42,0.4616925071958051,0.556009148287162,0.04754352797572259,0.4441563705185597,P23,0,1.0,0.0,0.0,0.0,
F00645,not_tiered,42,-2.4782435388776056,-2.076119280535919,0.23468751396433118,0.5505524151355067,P37,0,0.0,0.0,0.0,0.0,
F00646,not_tiered,42,0.7075981322077045,0.8203995182587808,0.07837748039777481,0.5898614086544605,P18,0,1.0,0.0,0.0,0.0,
F00647,C_detection_pattern,42,-3.3415747780783662,-1.2910178101971566,1.066689729117397,1.3290497233183025,P1,0,0.0,0.0,1.0,1.0,1.0
F00648,not_tiered,41,-0.9415403740487029,-0.9415403740487029,1.1102230246251565e-16,,P2,0,0.0,0.0,0.0,0.0,
F00649,not_tiered,41,0.0003302127063360416,0.0003302127063360416,4.1579153314819095e-17,,P1,0,0.0,0.0,0.0,0.0,
F00650,not_tiered,42,-1.4565397262365973,-1.18483924685209,0.16678863946724598,0.4090148566912243,P17,0,0.0,0.0,1.0,1.0,
F00651,not_tiered,42,-4.012370522720703,-0.6598585899871452,1.6762559663667789,1.7949071398054033,P16,0,0.0,0.0,0.0,0.0,
F00652,not_tiered,0,,,,,,0,0.0,0.0,0.0,0.0,
F00653,not_tiered,41,-2.4285877772353484,-2.4285877772353484,0.0,,P1,0,0.0,0.0,0.0,0.0,
F00654,not_tiered,0,,,,,,0,0.0,0.0,0.0,0.0,
F00655,B_abundance,42,-1.8483371579442651,-1.7261577639784471,0.0613888049342628,0.31290928291824677,P22,0,1.0,1.0,0.0,0.0,1.0
F00656,B_abundance,42,1.1834820047300612,1.4287068554846967,0.15615812264991247,0.43249747098295893,P1,0,1.0,1.0,0.0,0.0,1.0
F00657,not_tiered,42,0.8604423961189789,0.9545783767248159,0.0514647541903831,0.326038335142967,P9,0,1.0,0.0,0.0,0.0,
F00658,not_tiered,41,-0.04405439156739632,-0.04405439156739632,2.0816681711721685e-17,,P1,0,0.0,0.0,0.0,0.0,
F00659,C_detection_pattern,42,-0.4033288303010911,0.3486875317950884,0.5133405644478009,1.0796063933697666,P32,1,0.0,0.0,1.0,1.0,1.0
F00660,C_detection_pattern,42,-0.9418194894744932,0.25685645560891324,0.6335823403132615,1.0092772940285257,P9,2,0.0,0.0,1.0,1.0,1.0
F00661,not_tiered,42,-1.1876107632826347,-0.1800967595871099,0.568374287649321,1.0194767702446266,P35,0,0.0,0.0,0.0,0.0,
F00662,not_tiered,0,,,,,,0,0.0,0.0,0.0,0.0,
F00663,not_tiered,42,-2.501451085170854,-0.006769111818583973,1.4046403490148156,1.47322081847706,P30,0,0.0,0.0,0.0,0.0,
F00664,C_detection_pattern,0,,,,,,0,0.0,0.0,1.0,1.0,1.0
F00665,C_detection_pattern,42,0.3709478379789759,0.5404542809265273,0.10109150395288541,0.525817928057856,P20,0,0.0,0.0,1.0,1.0,1.0
F00666,C_detection_pattern,42,0.2616054710149377,0.5561582656378795,0.16181748032334903,0.5675423638330619,P36,0,0.0,0.0,1.0,1.0,1.0
F00667,not_tiered,42,-0.005349852087367931,0.06614173533971394,0.036486260212613336,0.34338003874744333,P42,1,0.0,0.0,0.0,0.0,
F00668,C_detection_pattern,42,-1.4169350648144912,-0.20801359731674873,0.6298378658504517,0.9477093040510336,P4,0,0.0,0.0,1.0,1.0,1.0
F00669,not_tiered,0,,,,,,0,0.0,0.0,0.07142857142857142,0.07142857142857142,
F00670,not_tiered,42,-0.8515751180838632,-0.5592287479040683,0.20261681027045952,0.7875903886475435,P39,0,0.0,0.0,0.0,0.0,
F00671,not_tiered,42,0.2518302668521268,0.42359546600686,0.09245925255249698,0.4408882561018552,P42,0,0.0,0.0,0.0,0.0,
F00672,not_tiered,42,-0.7702126752871689,-0.6244710758613632,0.09165152160240375,0.5501661562802136,P25,0,1.0,0.0,0.0,0.0,
F00673,not_tiered,0,,,,,,0,0.0,0.0,0.0,0.0,
F00674,not_tiered,42,-0.33910365455586317,-0.2935557576056507,0.024172866138189864,0.30670346893872286,P8,0,1.0,0.0,0.0,0.0,
F00675,not_tiered,42,-0.07256642325231244,-0.015466177581294404,0.03227785329177969,0.39428282895765404,P19,0,0.0,0.0,0.0,0.0,
F00676,not_tiered,42,-0.7956187770069366,-0.6701359845451982,0.07343132497327276,0.45701113234619617,P31,0,1.0,0.0,0.0,0.0,
F00677,not_tiered,42,0.12622714416183903,0.25425520689564396,0.07309348455380657,0.4621088188232837,P19,0,0.0,0.0,1.0,1.0,
F00678,C_detection_pattern,42,0.15725918082120904,0.501817171238782,0.20361192557797553,0.6788081988847858,P35,0,0.0,0.0,1.0,1.0,1.0
F00679,not_tiered,42,0.004289914300264624,0.07923660353236836,0.04534583606966046,0.39582020000374907,P23,0,0.0,0.0,0.0,0.0,
F00680,not_tiered,0,,,,,,0,0.0,0.0,0.0,0.0,
F00681,not_tiered,42,-0.09960962129922407,0.06212893737412021,0.08520963504389267,0.5497328576878863,P20,11,0.0,0.0,0.0,0.0,
F00682,not_tiered,42,0.5761382461865879,1.063669652210741,0.2695016230748293,0.5790038649090069,P42,0,0.0,0.0,0.11904761904761904,0.11904761904761904,
F00683,not_tiered,42,0.7734394118812831,0.8688490357751635,0.04835487293623297,0.3275307007796123,P39,0,1.0,0.0,0.0,0.0,
F00684,not_tiered,42,0.42864830100477563,0.5129051504435074,0.047228549832881384,0.40796085317250785,P19,0,1.0,0.0,0.0,0.0,
F00685,C_detection_pattern,42,-0.33028033440234755,0.022605397317303398,0.2287057910316426,0.6654167439484784,P21,1,0.0,0.0,1.0,1.0,1.0
F00686,not_tiered,42,-0.10489631957910876,0.05644017069842437,0.09139904389282208,0.5173036574182484,P40,5,0.0,0.0,1.0,1.0,
F00687,not_tiered,42,-3.1808973663893454,-0.29965143486233714,1.4406229657635041,1.6997122060647254,P1,0,0.0,0.0,0.8809523809523809,0.8809523809523809,
F00688,not_tiered,42,-0.4715052431836231,0.2759600536552025,0.3737326484194128,0.6679740402110231,P3,1,0.0,0.0,0.0,0.0,
F00689,not_tiered,42,-0.7364999257516669,-0.4010442241237199,0.17434406126233148,0.546685626962304,P19,0,0.0,0.0,0.0,0.0,
F00690,not_tiered,42,-0.25268844317848327,0.523701783600151,0.38819511338931717,0.6912798695143428,P30,1,0.0,0.0,0.0,0.0,
F00691,not_tiered,42,-0.6976629800812212,-0.5808984298800964,0.06049318360996048,0.34999102050912856,P25,0,1.0,0.0,0.0,0.0,
F00692,C_detection_pattern,42,-1.803827886743296,-1.106984097182208,0.43463242903914234,0.7728094398907989,P28,0,0.0,0.0,1.0,1.0,1.0
F00693,not_tiered,42,-2.20409344226509,0.09429826383683067,1.7644861166523498,1.2041902589303206,P22,1,0.0,0.0,0.6428571428571429,0.6428571428571429,
F00694,not_tiered,42,-0.04464053964244996,0.05200012554247579,0.05179186572216809,0.45834264674196085,P2,21,0.0,0.0,0.0,0.0,
F00695,C_detection_pattern,42,-0.6157554395195756,-0.017790998209876778,0.4303030667208036,0.9123026305359307,P20,0,0.0,0.0,1.0,1.0,1.0
F00696,not_tiered,42,-1.7342538372865344,-0.878796424856234,0.46028647087960683,0.7221711729005691,P8,0,0.0,0.0,0.0,0.0,
F00697,not_tiered,42,0.45835259175992143,0.5642532053297984,0.06559156732387617,0.4958721969562823,P26,0,1.0,0.0,0.0,0.0,
F00698,not_tiered,0,,,,,,0,0.0,0.0,0.0,0.0,
F00699,C_detection_pattern,42,0.2910391620176525,1.3245412133204724,0.7717945796179548,1.0251023379023056,P4,0,0.0,0.0,1.0,1.0,1.0
F00700,B_abundance,42,-1.2954275919044993,-1.171880493514071,0.06388297628357975,0.3349586625465018,P19,0,1.0,1.0,0.0,0.0,1.0
F00701,not_tiered,42,0.4750912031845457,0.6074803883259813,0.06742993155493038,0.39681530186784686,P38,0,0.0,0.0,1.0,1.0,
F00702,B_abundance,42,-1.7868544041213985,-1.6211864893362433,0.08755116126376206,0.485075415086563,P1,0,0.2857142857142857,0.2857142857142857,1.0,0.0,0.2857142857142857
F00703,not_tiered,42,-1.0498576368401509,-0.42007101937550584,0.3314708552957688,0.7421242474640687,P6,0,0.0,0.0,0.0,0.0,
F00704,not_tiered,42,-0.46545913494003255,-0.25344365633063565,0.14044477807150613,0.5306664053642662,P19,0,0.0,0.0,0.0,0.0,
F00705,not_tiered,42,0.25297898197599694,0.33787259318447715,0.04426311479306044,0.3409697777519093,P39,0,0.0,0.0,1.0,1.0,
F00706,not_tiered,41,-0.5432507415638277,-0.5432507415638277,0.0,,P2,0,0.0,0.0,0.0,0.0,
F00707,not_tiered,0,,,,,,0,0.0,0.0,0.0,0.0,
F00708,C_detection_pattern,42,-0.025076992838804053,0.18242525289319309,0.11472929395792938,0.5971746481382577,P23,2,0.0,0.0,1.0,1.0,1.0
F00709,not_tiered,42,-0.3517434706136804,-0.21561796639867875,0.07810359116535426,0.45311166929594315,P31,0,0.0,0.0,0.0,0.0,
F00710,not_tiered,41,-4.110664668507709,-4.110664668507709,0.0,,P1,0,0.0,0.0,0.0,0.0,
F00711,not_tiered,42,-0.4444542273336283,-0.3214745168612873,0.06930702614506501,0.46210189138112917,P22,0,0.0,0.0,0.047619047619047616,0.047619047619047616,
F00712,not_tiered,42,-0.14340338567547375,-0.04398143954215965,0.06894502079790935,0.5430242067118546,P21,0,0.0,0.0,0.0,0.0,
F00713,not_tiered,42,-0.8139896322912582,-0.6368761768104396,0.10763385815505422,0.5268188410359511,P23,0,1.0,0.0,1.0,1.0,
F00714,not_tiered,42,-0.9130497500731123,-0.7355369658449828,0.11929519960251533,0.5838890212978505,P42,0,1.0,0.0,0.0,0.0,
F00715,B_abundance,42,-1.8814231559872878,-1.7327781495991381,0.07451961589561984,0.3674419285999315,P2,0,1.0,1.0,0.0,0.0,1.0
F00716,B_abundance,42,-1.4919284156818664,-1.3797562538349937,0.060927044818758214,0.404107884759018,P32,0,1.0,1.0,0.0,0.0,1.0
F00717,C_detection_pattern,42,-1.2629631772087784,-0.35502138516988113,0.5025192787515539,1.015253346220715,P13,0,0.0,0.0,1.0,1.0,1.0
F00718,C_detection_pattern,42,0.5217238521845315,1.2729099417687575,0.500329428912982,1.0147115053039488,P38,0,0.0,0.0,1.0,1.0,1.0
F00719,C_detection_pattern,42,-0.17553040881217644,0.1898838468754899,0.201843347097867,0.7302367634941697,P32,4,0.0,0.0,1.0,1.0,1.0
F00720,C_detection_pattern,42,-0.030893726949012556,0.1261683819775759,0.1058732557733715,0.5327660540155498,P39,9,0.0,0.0,1.0,1.0,1.0
F00721,C_detection_pattern,42,-2.6018460779008126,-1.45411249968422,0.7302145256355097,1.0664733782776237,P1,0,0.0,0.0,1.0,1.0,1.0
F00722,B_abundance,42,-2.4696183248242685,-2.2449980364430817,0.11415321488796115,0.4090671045104079,P31,0,1.0,1.0,0.0,0.0,1.0
F00723,not_tiered,42,0.5830795007561089,0.7014689040509041,0.0625069085144998,0.3850716231714208,P14,0,1.0,0.0,0.0,0.0,
F00724,not_tiered,0,,,,,,0,0.0,0.0,0.0,0.0,
F00725,not_tiered,42,-1.248448373379513,-0.976798677022072,0.16046275243392394,0.5606425493660568,P11,0,0.0,0.0,0.0,0.0,
F00726,B_abundance,42,1.074904693165763,1.2179955131245448,0.08901107908441142,0.48993507268196074,P21,0,1.0,1.0,0.0,0.0,1.0
F00727,B_abundance,42,-2.1641218373998536,-1.8838215515226377,0.16491836688795636,0.42388028458934895,P17,0,1.0,1.0,0.0,0.0,1.0
F00728,C_detection_pattern,42,-0.24715815903941646,0.0618327553744845,0.15991839486607934,0.5277689246274769,P25,3,0.0,0.0,1.0,1.0,1.0
F00729,not_tiered,42,-1.2611657666421745,-0.502703327394503,0.46980343114156187,1.0269957727553825,P8,0,0.0,0.0,0.0,0.0,
F00730,C_detection_pattern,42,0.2681299413813383,1.755686369125585,0.8642770448394632,1.3150003887110782,P38,0,0.0,0.0,1.0,1.0,1.0
F00731,C_detection_pattern,42,-0.050451543712284774,0.0938786512608214,0.0721650974865531,0.13520485344268524,P32,1,0.0,0.0,1.0,1.0,1.0
F00732,C_detection_pattern,42,-0.015885676966092808,0.5213139066232959,0.38566968566850895,0.9254179960222283,P24,1,0.0,0.0,1.0,1.0,1.0
F00733,not_tiered,41,0.5979146526675816,0.5979146526675816,0.0,,P2,0,0.0,0.0,0.0,0.0,
F00734,not_tiered,42,-0.23821298642589564,-0.16742560750681973,0.04344630607505348,0.41421199256942515,P34,0,0.11904761904761904,0.0,0.0,0.0,
F00735,not_tiered,42,-0.33267998361143547,-0.2321298349341214,0.053136810055952194,0.38468854241441913,P12,0,0.0,0.0,0.8333333333333334,0.7619047619047619,
F00736,not_tiered,42,-0.36091251329786594,-0.27816199382559353,0.049648149922911666,0.45738086135823613,P25,0,1.0,0.0,0.0,0.0,
F00737,C_detection_pattern,42,-0.5075049660144515,0.0272440693063793,0.3506357488537726,0.8916956949462098,P38,1,0.0,0.0,1.0,1.0,1.0
F00738,not_tiered,41,-0.49280266742566603,-0.49280266742566603,5.551115123125783e-17,,P2,0,0.0,0.0,1.0,1.0,
F00739,not_tiered,41,-0.1611964196080038,-0.1611964196080038,0.0,,P2,0,0.0,0.0,0.0,0.0,
F00740,not_tiered,42,-1.9340715025729427,-0.6066769321291132,0.8165554866306461,1.19761575348855,P30,0,0.0,0.0,0.0,0.0,
F00741,not_tiered,41,-4.0865363809792505,-4.0865363809792505,0.0,,P1,0,0.0,0.0,0.0,0.0,
F00742,not_tiered,42,-0.4396507095556804,-0.38361145411289754,0.030059271586762637,0.3315788778838808,P14,0,1.0,0.0,0.0,0.0,
F00743,B_abundance,42,-1.2694159700507508,-1.0792236312649663,0.09632171817625079,0.43021617404620677,P31,0,1.0,1.0,0.0,0.0,1.0
F00744,not_tiered,42,0.514950313800497,0.8542221416809944,0.21487795219403782,0.7238352959631206,P8,0,0.0,0.0,1.0,1.0,
F00745,not_tiered,0,,,,,,0,0.0,0.0,0.0,0.0,
F00746,not_tiered,41,-0.21892286427421048,-0.21892286427421048,8.326672684688674e-17,,P2,0,0.0,0.0,0.0,0.0,
F00747,C_detection_pattern,0,,,,,,0,0.0,0.0,1.0,1.0,1.0
F00748,C_detection_pattern,42,0.3934036853635566,1.4321102549196847,0.6956854545820346,0.767053992491325,P29,0,0.0,0.0,1.0,1.0,1.0
F00749,C_detection_pattern,0,,,,,,0,0.0,0.0,1.0,1.0,1.0
F00750,C_detection_pattern,42,0.4528169455180476,0.6348376755714009,0.0922969224438584,0.4499892275607315,P37,0,0.0,0.0,1.0,1.0,1.0
F00751,not_tiered,0,,,,,,0,0.0,0.0,1.0,0.7619047619047619,
F00752,not_tiered,42,-2.182030799422007,-1.6018421174240565,0.3163778197900149,0.7230314162497108,P24,0,0.0,0.0,0.0,0.0,
F00753,C_detection_pattern,42,-0.4672240456847586,-0.25303303729272814,0.12944973648350494,0.5094208245906467,P32,0,0.0,0.0,1.0,1.0,1.0
F00754,C_detection_pattern,42,-0.9197257931705174,-0.36543753985682415,0.2771441266568466,0.5060964606430578,P22,0,0.0,0.0,1.0,1.0,1.0
F00755,C_detection_pattern,42,0.23543234628658338,0.5525863046862478,0.17085524889273823,0.5328613648969686,P40,0,0.0,0.0,1.0,1.0,1.0
F00756,C_detection_pattern,41,0.2886716395002207,0.2886716395002207,0.0,,P1,0,0.0,0.0,1.0,1.0,1.0
F00757,not_tiered,42,-0.96017825003081,-0.47749416977183995,0.31161900023341205,0.666637158528489,P36,0,0.0,0.0,0.0,0.0,
F00758,C_detection_pattern,42,-1.0427994677423396,-0.3506125795382,0.37479824284854324,0.8046371855811081,P8,0,0.0,0.0,1.0,1.0,1.0
F00759,not_tiered,0,,,,,,0,0.0,0.0,0.0,0.0,
F00760,not_tiered,41,0.0657260417771326,0.0657260417771326,0.0,,P2,0,0.0,0.0,0.0,0.0,
F00761,not_tiered,42,0.3938185778471287,0.5237353350938757,0.07174617319781629,0.5163373237694232,P34,0,1.0,0.0,0.0,0.0,
F00762,not_tiered,42,0.8909679680763951,1.033005366945098,0.0968778699311269,0.6434753222594398,P40,0,0.0,0.0,1.0,1.0,
F00763,not_tiered,42,0.48239885768209284,0.9238463363950967,0.24142996029360347,0.5340983084963515,P15,0,0.0,0.0,0.0,0.0,
F00764,not_tiered,0,,,,,,0,0.0,0.0,0.0,0.0,
F00765,not_tiered,42,-0.6358571940575874,-0.3136551943783479,0.19123777098588773,0.46425710459956315,P1,0,0.0,0.0,0.0,0.0,
F00766,not_tiered,42,-0.04633349256295248,0.15131374918210536,0.12171971082368996,0.4636005874975529,P31,6,0.0,0.0,0.0,0.0,
F00767,not_tiered,42,-1.1613135214034196,-0.920992736829533,0.13170477701896544,0.5597035533192259,P18,0,0.0,0.0,0.0,0.0,
F00768,C_detection_pattern,42,0.9467585856897928,1.4161423638105732,0.240498405794202,0.457639797598763,P26,0,0.0,0.0,1.0,1.0,1.0
F00769,not_tiered,41,0.8402037793421755,0.8402037793421755,0.0,,P1,0,0.0,0.0,0.0,0.0,
F00770,not_tiered,42,-1.2602091618429003,-0.025031623762022902,0.7410459861349963,1.079213801106312,P8,0,0.0,0.0,0.0,0.0,
F00771,not_tiered,42,-1.8900552550522232,-0.2914166438676971,0.9859206045879175,0.8592020950943096,P13,0,0.0,0.0,0.0,0.0,
F00772,not_tiered,42,-3.148242346748693,-1.595220489352233,0.8196490332809163,0.6960047864461515,P22,0,0.0,0.0,0.0,0.0,
F00773,not_tiered,41,0.46368976282311536,0.46368976282311536,5.551115123125783e-17,,P1,0,0.0,0.0,0.0,0.0,
F00774,not_tiered,42,-0.3389435696858331,-0.24896358998185816,0.05875194867845543,0.4515109620055565,P21,0,0.7619047619047619,0.0,0.8333333333333334,0.0,
F00775,C_detection_pattern,42,0.1631266850395922,0.374673144419843,0.11680983260063671,0.6052356369242219,P16,0,0.0,0.0,1.0,1.0,1.0
F00776,not_tiered,42,0.6642719339659333,1.4651413532282016,0.4403803430394857,0.512266975152575,P37,0,0.0,0.0,0.0,0.0,
F00777,not_tiered,41,-0.758063735088994,-0.758063735088994,0.0,,P2,0,0.0,0.0,1.0,0.0,
F00778,C_detection_pattern,42,-0.11086942297021841,0.5242114292993665,0.4110940131585474,0.716488629778397,P2,5,0.0,0.0,1.0,1.0,1.0
F00779,not_tiered,0,,,,,,0,0.0,0.0,1.0,0.0,
F00780,not_tiered,42,-0.26735666621462506,-0.11296397477846239,0.11269347876756071,0.6718199536887299,P16,0,0.0,0.0,1.0,1.0,
F00781,not_tiered,42,-0.3005901252830698,-0.08507338963902682,0.11820335803122459,0.4664204612938605,P9,0,0.0,0.0,0.0,0.0,
F00782,C_detection_pattern,42,0.05371793402188629,0.270819527977773,0.10855079697794337,0.20288555737363517,P1,0,0.0,0.0,1.0,1.0,1.0
F00783,not_tiered,41,0.6148541646978636,0.6148541646978636,0.0,,P2,0,0.0,0.0,0.0,0.0,
F00784,C_detection_pattern,42,-0.30816417274748736,-0.023517900074077235,0.15691798285086567,0.5920987461154742,P38,0,0.0,0.0,1.0,1.0,1.0
F00785,not_tiered,42,-1.4668463839124553,0.20172386649381585,1.1636305026579394,1.197490654387596,P28,1,0.0,0.0,0.0,0.0,
F00786,C_detection_pattern,42,-1.1553140721819612,-0.7057143357650533,0.3257593347263261,0.921715499565641,P33,0,0.0,0.0,1.0,1.0,1.0
F00787,not_tiered,42,0.35084171032506856,0.42578239810097646,0.039700093295517436,0.36554241630843826,P35,0,1.0,0.0,0.0,0.0,
F00788,not_tiered,42,0.35648338935787893,0.5531485532809647,0.1590968464984862,0.8465503144092088,P42,0,0.047619047619047616,0.0,0.8333333333333334,0.0,
F00789,not_tiered,42,-0.21929945130956752,-0.12320120287825714,0.049171573526219814,0.4205878103646995,P14,0,0.0,0.0,0.0,0.0,
F00790,B_abundance,42,-1.1476621104462998,-1.0276330039253767,0.07437115074196488,0.4413564330832022,P31,0,1.0,1.0,0.0,0.0,1.0
F00791,not_tiered,0,,,,,,0,0.0,0.0,0.0,0.0,
F00792,C_detection_pattern,42,-0.4259439359314893,-0.19809572460158814,0.14779852851583625,0.5476121234215168,P27,0,0.0,0.0,1.0,1.0,1.0
F00793,not_tiered,42,0.868932002202063,0.966887675792727,0.06251854612570984,0.4407987064194709,P19,0,1.0,0.0,0.0,0.0,
F00794,not_tiered,0,,,,,,0,0.0,0.0,0.0,0.0,
F00795,not_tiered,42,0.0544122501626593,0.2755837335464214,0.11451921757008801,0.4468208363944408,P40,0,0.0,0.0,0.0,0.0,
F00796,not_tiered,42,0.6154413690035636,0.8176676921971773,0.10382337945305353,0.37942774377336186,P24,0,1.0,0.0,0.0,0.0,
F00797,C_detection_pattern,42,-0.4044534642255984,0.5109434578883725,0.6336503171192737,0.9355041245950788,P25,2,0.0,0.0,1.0,1.0,1.0
F00798,not_tiered,0,,,,,,0,0.0,0.0,0.0,0.0,
F00799,not_tiered,0,,,,,,0,0.0,0.0,0.0,0.0,
F00800,not_tiered,42,0.04097992167619591,0.8816094083092108,0.47370540486076346,0.6777522158062068,P8,0,0.0,0.0,0.0,0.0,
F00801,not_tiered,42,0.029536441846094164,0.11988304800268558,0.047430379791250074,0.3745648724847054,P11,0,0.0,0.0,0.0,0.0,
F00802,not_tiered,42,-0.10656372796881167,-0.022898613367111985,0.04320204328832286,0.4444690753979418,P4,0,0.0,0.0,0.0,0.0,
F00803,C_detection_pattern,42,0.33183878193086436,1.7300025111124846,0.7287920630519178,1.1771481800937265,P22,0,0.0,0.0,1.0,1.0,1.0
F00804,not_tiered,42,-1.571702550045318,-1.0175475931222717,0.2770774784615231,0.5059812788305832,P1,0,0.0,0.0,0.0,0.0,
F00805,not_tiered,0,,,,,,0,0.0,0.0,0.0,0.0,
F00806,not_tiered,42,-0.08882160482346446,0.37666481976597965,0.30416503324964805,0.7446313324102157,P39,1,0.0,0.0,0.0,0.0,
F00807,not_tiered,42,0.49282022809017356,0.5469659096046764,0.02940911104942079,0.393855610562948,P42,0,1.0,0.0,0.0,0.0,
F00808,not_tiered,0,,,,,,0,0.0,0.0,0.0,0.0,
F00809,not_tiered,41,-0.7762116026864483,-0.7762116026864483,0.0,,P2,0,0.0,0.0,0.0,0.0,
F00810,not_tiered,42,0.2218245167714627,0.29885854901454284,0.04057743665297936,0.3907455234452784,P21,0,0.9285714285714286,0.0,0.023809523809523808,0.0,
F00811,not_tiered,42,0.8881224022770348,0.9906544461383676,0.05869719511725924,0.4257305337127714,P39,0,1.0,0.0,0.0,0.0,
F00812,not_tiered,42,0.8303706444739499,0.9365909548244731,0.07704665628446639,0.5920887101922344,P18,0,1.0,0.0,0.0,0.0,
F00813,not_tiered,42,-0.4581603711640385,-0.3647181931063393,0.06182573316581713,0.39254235698901174,P42,0,1.0,0.0,0.0,0.0,
F00814,not_tiered,42,0.9636829438923429,1.0413872813557907,0.050671976141370534,0.532431856567486,P1,0,1.0,0.19047619047619047,0.0,0.0,
F00815,not_tiered,42,-2.8700867850351965,0.7957160483389476,1.832901416687072,1.8446856515670567,P11,1,0.0,0.0,0.0,0.0,
F00816,not_tiered,42,-0.4556932790874883,-0.32604427496219435,0.06563461929638892,0.340199409145516,P25,0,0.0,0.0,0.07142857142857142,0.07142857142857142,
F00817,B_abundance,42,-1.3347473770044376,-1.2320388189609823,0.05181236987914395,0.3649721828992748,P20,0,1.0,1.0,0.0,0.0,1.0
F00818,not_tiered,42,-0.5748793665111653,-0.47745044720040924,0.06153097296977289,0.42747633770719706,P2,0,1.0,0.0,0.0,0.0,
F00819,not_tiered,41,0.8189459562651802,0.8189459562651802,0.0,,P2,0,0.0,0.0,0.0,0.0,
F00820,not_tiered,0,,,,,,0,0.0,0.0,0.0,0.0,
F00821,not_tiered,42,-0.011253146599655631,0.09134052871497005,0.056539229064833545,0.409311874188385,P40,3,0.0,0.0,0.0,0.0,
F00822,not_tiered,0,,,,,,0,0.0,0.0,0.0,0.0,
F00823,not_tiered,0,,,,,,0,0.0,0.0,0.0,0.0,
F00824,not_tiered,42,-0.735146342455798,-0.37222931228710393,0.2220356114163598,0.6613668248532876,P23,0,0.0,0.0,1.0,1.0,
F00825,not_tiered,42,-1.9329599436254075,-1.0659693097543794,0.5019501713921333,1.0411359055971023,P5,0,0.0,0.0,0.0,0.0,
F00826,C_detection_pattern,42,-0.45230845360411537,0.33990043262464875,0.4069906055424872,0.858117914626655,P35,2,0.0,0.0,1.0,1.0,1.0
F00827,C_detection_pattern,42,-1.2023215371839675,-0.2646102998308324,0.5719650078006799,0.8948943324987417,P35,0,0.0,0.0,1.0,1.0,1.0
F00828,not_tiered,42,0.5340984243564382,2.48479633990698,1.1107175717957507,1.4094238389852956,P35,0,0.0,0.0,1.0,1.0,
F00829,C_detection_pattern,42,0.8882573322027859,1.3553528577422564,0.25640417279439287,0.7850954973101159,P1,0,0.0,0.0,1.0,1.0,1.0
F00830,not_tiered,42,-0.07003336012647014,0.4102091052050305,0.26726516850704185,0.7124290839677123,P38,1,0.0,0.0,0.0,0.0,
F00831,C_detection_pattern,41,0.7935812150858723,0.7935812150858723,0.0,,P1,0,0.0,0.0,1.0,1.0,1.0
F00832,not_tiered,0,,,,,,0,0.0,0.0,1.0,0.0,
F00833,not_tiered,42,-0.7644322062155067,-0.6141001240096702,0.07645429334860687,0.34050731565748293,P31,0,1.0,0.0,0.0,0.0,
F00834,not_tiered,42,-0.54810230757541,-0.3921670768842928,0.0790026574666694,0.3834630222064608,P35,0,0.6190476190476191,0.0,0.0,0.0,
F00835,not_tiered,42,-0.14955915406685566,-0.06128332720042165,0.06083994045482165,0.508610569620573,P19,0,0.0,0.0,0.0,0.0,
F00836,not_tiered,42,-0.5640621596694317,-0.41163222595301363,0.07689173159964402,0.39840420347764094,P35,0,1.0,0.0,0.0,0.0,
F00837,not_tiered,0,,,,,,0,0.0,0.0,0.0,0.0,
F00838,not_tiered,42,-0.4184284689529857,-0.29709217627160356,0.060896938634486586,0.33792604548793653,P35,0,0.047619047619047616,0.0,0.0,0.0,
F00839,not_tiered,42,-2.661672748983041,5.720448885934797,4.191060817458919,2.1056025902952,P8,1,0.0,0.0,0.0,0.0,
F00840,not_tiered,42,-0.4671790249126773,-0.3394722130978591,0.06860238550078773,0.3526127955667979,P23,0,0.2619047619047619,0.0,0.0,0.0,
F00841,B_abundance,42,-1.1794526167033534,-1.0589004008399217,0.0670854195937527,0.35129602813407423,P28,0,1.0,1.0,0.0,0.0,1.0
F00842,not_tiered,0,,,,,,0,0.0,0.0,0.0,0.0,
F00843,not_tiered,0,,,,,,0,0.0,0.0,0.0,0.0,
F00844,not_tiered,41,1.4067471820798758,1.4067471820798758,0.0,,P1,0,0.0,0.0,0.0,0.0,
F00845,not_tiered,41,-0.30542076577353505,-0.30542076577353505,5.551115123125783e-17,,P2,0,0.0,0.0,0.0,0.0,
F00846,B_abundance,42,-1.145003304870946,-1.0154764088078705,0.07039811104245053,0.35623723323976325,P31,0,1.0,1.0,0.0,0.0,1.0
F00847,not_tiered,0,,,,,,0,0.0,0.0,0.8333333333333334,0.0,
F00848,not_tiered,42,-0.7688121996526859,-0.62845875068203,0.07122979252672323,0.342333090712699,P31,0,1.0,0.0,0.0,0.0,
F00849,not_tiered,42,-0.764385116482347,-0.6045938339525347,0.08857877950566284,0.41199714503940754,P35,0,1.0,0.0,0.0,0.0,
F00850,not_tiered,42,0.28994370600228386,0.42843952149075365,0.08122757816101533,0.3599447532345375,P31,0,0.0,0.0,0.0,0.0,
F00851,not_tiered,42,-0.1994281392644055,0.005789920296680862,0.12238925312960046,0.4386789878478536,P21,1,0.0,0.0,0.0,0.0,
F00852,not_tiered,42,-3.27064988713086,0.8177171490826094,2.0441835181067347,1.8989653934862145,P1,1,0.0,0.0,0.09523809523809523,0.09523809523809523,
F00853,not_tiered,0,,,,,,0,0.0,0.0,0.0,0.0,
F00854,not_tiered,42,-0.4348579333725701,-0.2734059749713858,0.08474826189893842,0.37549140647906826,P31,0,0.0,0.0,0.0,0.0,
F00855,C_detection_pattern,42,-1.12402409175386,1.0565483560188125,1.1349740778513489,1.0986561516198883,P22,2,0.0,0.0,1.0,1.0,1.0
F00856,not_tiered,41,-0.8710117942138957,-0.8710117942138957,0.0,,P2,0,0.0,0.0,1.0,0.7619047619047619,
F00857,not_tiered,42,-0.3240871210384363,-0.14895921469934215,0.09032296136812035,0.35202828972535466,P42,0,0.0,0.0,0.0,0.0,
F00858,C_detection_pattern,42,-0.7239435938573955,0.03293309414381973,0.4504637224828763,0.9397963106156925,P35,1,0.0,0.0,1.0,1.0,1.0
F00859,not_tiered,42,-1.1765935121322346,-0.9389614971007613,0.1290200792110585,0.5649543299934847,P41,0,0.0,0.0,0.0,0.0,
F00860,not_tiered,0,,,,,,0,0.0,0.0,1.0,0.0,
F00861,not_tiered,42,1.1865589721967265,3.13909749264047,0.9762692602218719,1.4042028620852292,P26,0,0.0,0.0,0.0,0.0,
F00862,not_tiered,0,,,,,,0,0.0,0.0,0.0,0.0,
F00863,not_tiered,0,,,,,,0,0.0,0.0,0.0,0.0,
F00864,not_tiered,42,-0.3441998626080242,-0.15878622947836762,0.09977262864948366,0.362764151974498,P31,0,0.0,0.0,0.0,0.0,
F00865,not_tiered,42,0.4286488242295997,0.49987421727615067,0.03847762718940939,0.3658992808070781,P36,0,1.0,0.0,1.0,0.7619047619047619,
F00866,not_tiered,42,-0.611005509291936,-0.4408014588486014,0.0877312708215851,0.360859605889812,P31,0,0.3333333333333333,0.0,0.0,0.0,
F00867,not_tiered,42,-0.8520288662999942,-0.6681924464664764,0.09993488022390662,0.4123600792630962,P42,0,1.0,0.0,0.0,0.0,
F00868,not_tiered,42,-0.7161452815941121,-0.5416604540775303,0.09426349055472116,0.37293789762560126,P42,0,1.0,0.0,0.0,0.0,
F00869,C_detection_pattern,42,0.3008219656127993,0.9124363984887258,0.3110718827752561,0.7634384587382639,P15,0,0.0,0.0,1.0,1.0,1.0
F00870,not_tiered,42,-0.6412907122209874,-0.45801338360778776,0.09672405275239127,0.42382723017063767,P6,0,0.0,0.0,0.0,0.0,
F00871,not_tiered,42,-0.6851624687192884,-0.5136167044094638,0.088215099196297,0.36651474436992243,P31,0,1.0,0.0,0.0,0.0,
F00872,not_tiered,0,,,,,,0,0.0,0.0,0.0,0.0,
F00873,C_detection_pattern,0,,,,,,0,0.0,0.0,1.0,1.0,1.0
F00874,not_tiered,41,0.08773040640310548,0.08773040640310548,8.326672684688674e-17,,P2,0,0.0,0.0,0.023809523809523808,0.023809523809523808,
F00875,not_tiered,42,-0.8628924392621694,-0.6052040544479137,0.14299529421088264,0.4533930317932296,P31,0,0.7619047619047619,0.0,0.0,0.0,
F00876,not_tiered,42,-0.3650363179991455,-0.1048292501123309,0.13551004562620633,0.4008580194429725,P30,0,0.0,0.0,1.0,1.0,
F00877,not_tiered,42,-0.5187734132668473,-0.32323943277292927,0.10685301074827086,0.36642054491375803,P22,0,0.0,0.0,0.0,0.0,
F00878,B_abundance,42,-3.581628063893582,-3.2458459083084747,0.17457256053048997,0.34670317606167955,P22,0,1.0,1.0,0.0,0.0,1.0
F00879,not_tiered,42,-0.16466854616097018,0.5296807401942102,0.3905999255239785,0.701441238993398,P41,3,0.0,0.0,0.0,0.0,
F00880,not_tiered,0,,,,,,0,0.0,0.0,0.0,0.0,
F00881,C_detection_pattern,42,-1.1915938634605387,-0.4153118464238945,0.4728183806244285,0.9734286996123104,P4,0,0.0,0.0,1.0,1.0,1.0
F00882,not_tiered,42,-2.44507057886769,-1.2040243403761706,0.8396139080613381,0.9119666942859332,P10,0,0.0,0.0,0.0,0.0,
F00883,not_tiered,42,0.371612620998785,0.46395765852188214,0.058207360127001506,0.44369649477042383,P23,0,1.0,0.0,0.0,0.0,
F00884,not_tiered,42,0.04657464150518281,0.18534677316747578,0.08849730574466119,0.5896337254828241,P18,0,0.0,0.0,0.0,0.0,
F00885,not_tiered,0,,,,,,0,0.0,0.0,0.0,0.0,
F00886,not_tiered,42,-1.9565359260086481,-1.6590160911993248,0.19374950305783356,0.6283083352546637,P28,0,0.0,0.0,1.0,1.0,
F00887,not_tiered,42,-0.5047481044312327,0.5191466880871509,0.511947396259192,0.8796981302406705,P1,1,0.0,0.0,1.0,1.0,
F00888,B_abundance,42,-2.0734103425131214,-1.855412748833599,0.11153115646396494,0.3690568960697778,P2,0,1.0,1.0,1.0,0.0,1.0
F00889,not_tiered,42,-2.3466901436053695,-1.0980926116327463,0.6556906439256864,0.8437437234121529,P27,0,0.0,0.0,0.0,0.0,
F00890,not_tiered,42,0.6021609949994174,0.68024880147375,0.04736298741813616,0.3705111192238518,P41,0,1.0,0.0,0.0,0.0,
F00891,C_detection_pattern,42,-0.09558492877801446,0.29815691222732826,0.21002669568821264,0.5798224766755691,P38,1,0.0,0.0,1.0,1.0,1.0
F00892,not_tiered,42,0.3746783435830834,0.4622173914229615,0.06149199881893197,0.6185715042363887,P19,0,1.0,0.0,0.0,0.0,
F00893,not_tiered,42,0.5863622572201064,0.6786101812458794,0.04663052337796347,0.4039336449022449,P37,0,1.0,0.0,0.0,0.0,
F00894,not_tiered,42,0.03246112096553899,1.0290627137145743,0.7346651077344584,1.2335893978782153,P6,0,0.0,0.0,0.0,0.0,
F00895,C_detection_pattern,0,,,,,,0,0.0,0.0,1.0,1.0,1.0
F00896,not_tiered,42,-1.83504396949726,1.0744591234220717,1.4547515464596659,1.706239323516454,P3,1,0.0,0.0,0.0,0.0,
F00897,not_tiered,42,-1.9281171946613984,0.8923861276763247,1.4102516611688616,1.68528142929036,P36,1,0.0,0.0,0.0,0.0,
F00898,not_tiered,42,-0.001894324918885341,0.3482038817140098,0.1851292012605336,0.5461713945398279,P29,1,0.0,0.0,1.0,1.0,
F00899,C_detection_pattern,42,-0.3735302237754201,0.9703315659492837,0.6719308948623519,1.0924119244901833,P10,1,0.0,0.0,1.0,1.0,1.0
F00900,C_detection_pattern,42,-2.540981395969127,-1.0081136054378779,0.8712740473123719,1.1331924240489366,P4,0,0.0,0.0,1.0,1.0,1.0
F00901,not_tiered,42,0.34907805757685983,0.5034802259881377,0.08914827115834417,0.5090665872529045,P23,0,0.7619047619047619,0.0,0.0,0.0,
F00902,not_tiered,41,0.8321491908531886,0.8321491908531886,0.0,,P1,0,0.0,0.0,0.0,0.0,
F00903,not_tiered,0,,,,,,0,0.0,0.0,0.0,0.0,
F00904,not_tiered,0,,,,,,0,0.0,0.0,0.0,0.0,
F00905,not_tiered,42,-0.4713970060334551,-0.24878884488262668,0.12855476046547884,0.409824090762992,P25,0,0.0,0.0,0.0,0.0,
F00906,not_tiered,42,-0.3538469502588309,-0.09803594797818016,0.13673567252018579,0.43750591025469127,P36,0,0.0,0.0,0.0,0.0,
F00907,not_tiered,42,0.5461865373780759,0.6271658368556446,0.05354676000266856,0.4665000826563659,P39,0,1.0,0.0,0.0,0.0,
F00908,not_tiered,42,0.4302500950352386,0.5243764708604527,0.054643339141124514,0.40607557965787994,P39,0,1.0,0.0,0.0,0.0,
F00909,not_tiered,42,-0.2370981403501351,0.3797520681187274,0.3181914687132494,0.7858180661836721,P6,2,0.0,0.0,0.0,0.0,
F00910,not_tiered,42,-0.6073517330825887,-0.3284572425856087,0.17541368904866617,0.6001603080529969,P7,0,0.0,0.0,0.0,0.0,
F00911,not_tiered,42,-5.671478943912709,-2.3203901246517873,1.7484342547475729,1.447004457003384,P2,0,0.0,0.0,1.0,1.0,
F00912,not_tiered,42,-3.4608343811883255,-0.7456576168919913,1.3575883821481671,1.6589046981450646,P1,0,0.0,0.0,1.0,1.0,
F00913,not_tiered,42,-0.15025916660553099,-0.0360403827350413,0.0689247336553037,0.5040090021655714,P18,0,0.0,0.0,0.0,0.0,
F00914,not_tiered,42,-0.6843542333696777,-0.5799861930016851,0.06656503933834268,0.3901200612990119,P21,0,1.0,0.0,0.0,0.0,
F00915,not_tiered,0,,,,,,0,0.0,0.0,0.0,0.0,
F00916,not_tiered,41,-0.10882140405383289,-0.10882140405383289,9.71445146547012e-17,,P2,0,0.0,0.0,0.0,0.0,
F00917,B_abundance,42,0.9449470974312957,1.2731701546579797,0.1998585800201429,0.518955172988973,P1,0,1.0,0.9047619047619048,0.0,0.0,0.9047619047619048
F00918,C_detection_pattern,42,-0.2597306381514386,0.10434500254161776,0.19334057535521754,0.6220875357501745,P34,1,0.0,0.0,1.0,1.0,1.0
F00919,not_tiered,42,-0.9472461671771358,-0.7127531464933562,0.15161292704607388,0.5608360546482315,P39,0,0.0,0.0,0.0,0.0,
F00920,not_tiered,42,0.43750718688093365,0.48945514788845623,0.03000380314958445,0.3638364364460954,P36,0,1.0,0.0,0.0,0.0,
F00921,not_tiered,42,-0.9110204390850959,-0.5887173262484094,0.2073600860174829,0.5208577182915822,P36,0,0.0,0.0,0.0,0.0,
F00922,not_tiered,42,-1.0800841975808582,-0.7527205815739628,0.22077771664517754,0.6459948321839536,P36,0,0.0,0.0,1.0,1.0,
F00923,not_tiered,42,0.20890555283180612,0.26966368798178586,0.03625971068504108,0.44701803233377263,P25,0,1.0,0.0,0.0,0.0,
F00924,not_tiered,42,0.5146932112714862,0.5686795539939548,0.027244571339252843,0.3331857172158947,P25,0,1.0,0.0,0.0,0.0,
F00925,B_abundance,42,-1.4816800671489858,-1.2728601467849805,0.1090839405812698,0.47443067335803024,P31,0,1.0,1.0,0.0,0.0,1.0
F00926,not_tiered,42,0.21966065684782113,0.3316781703782131,0.07878719102598228,0.5437893274639252,P18,0,0.09523809523809523,0.0,0.0,0.0,
F00927,not_tiered,42,-0.4441041723396949,-0.37746030777999,0.03563742903458711,0.38750366737921893,P14,0,1.0,0.0,0.0,0.0,
F00928,not_tiered,42,-0.7201938359150484,-0.6568633249121547,0.03519630412256125,0.365559684249295,P39,0,1.0,0.0,0.0,0.0,
F00929,not_tiered,42,-1.2038970690300959,-0.8801923818263142,0.18878883057444829,0.5550302206463689,P2,0,0.0,0.0,0.0,0.0,
F00930,C_detection_pattern,42,-2.7929387802685834,-1.3556856958155592,0.7186265422265126,1.1478844018611793,P5,0,0.0,0.0,1.0,1.0,1.0
F00931,not_tiered,42,-0.40731269222368177,-0.13735264003998415,0.15518954047095557,0.6258621135669352,P25,0,0.0,0.0,0.0,0.0,
F00932,not_tiered,42,-0.90570335129262,-0.8423248894011541,0.033575448581590006,0.3961068318073166,P17,0,1.0,0.0,0.0,0.0,
F00933,not_tiered,42,-0.9845699650137293,-0.7824799091828736,0.10232374846745707,0.36838511642021404,P14,0,0.0,0.0,0.0,0.0,
F00934,not_tiered,42,0.5497819846724519,0.6766782200854708,0.10016744110904197,0.7696926980257529,P42,0,1.0,0.0,0.0,0.0,
F00935,C_detection_pattern,42,-2.4547625397656283,-1.1159740221786283,0.6693942587935,1.0893140617205193,P10,0,0.0,0.0,1.0,1.0,1.0
F00936,not_tiered,41,-1.2947456305042255,-1.2947456305042255,0.0,,P1,0,0.0,0.0,0.6428571428571429,0.6428571428571429,
F00937,not_tiered,42,0.4556609496194743,0.508610327417935,0.028178447092009395,0.3291982976180962,P42,0,1.0,0.0,0.0,0.0,
F00938,not_tiered,42,-0.7239235931410972,-0.6127125777054202,0.07907791868915959,0.5593072139639151,P19,0,1.0,0.0,0.0,0.0,
F00939,not_tiered,42,0.13339068508746588,0.218759083643234,0.05561151764806069,0.5962103527017605,P19,0,0.023809523809523808,0.0,0.0,0.0,
F00940,C_detection_pattern,42,0.3825769121943966,0.6644532096600414,0.19867752578898468,0.788339595180973,P30,0,0.0,0.0,1.0,1.0,1.0
F00941,not_tiered,0,,,,,,0,0.0,0.0,0.0,0.0,
F00942,C_detection_pattern,42,1.558498252692747,2.0266762291541816,0.2959906840887869,0.7976866179177605,P36,0,0.0,0.0,1.0,1.0,1.0
F00943,not_tiered,42,-0.8798972016035377,-0.41948737748803266,0.2674307008614726,0.7310875038744812,P9,0,0.0,0.0,0.0,0.0,
F00944,C_detection_pattern,42,-2.0411322766426174,-0.6661780803163786,0.8965565896223495,1.091374167372728,P9,0,0.0,0.0,1.0,1.0,1.0
F00945,not_tiered,42,-0.993314070540587,-0.42781591716995415,0.34047968272216456,0.8295334240668772,P4,0,0.0,0.0,0.0,0.0,
F00946,not_tiered,42,0.4899040864136211,0.6101975818106743,0.07405240916415556,0.5396950821849138,P23,0,1.0,0.0,0.0,0.0,
F00947,not_tiered,42,-0.09673254212647815,-0.004141458890678207,0.052193458765263594,0.4856722365410545,P19,0,0.0,0.0,0.0,0.0,
F00948,not_tiered,42,-0.14959108011683545,0.046473944234348565,0.12672167283006758,0.5860329805883675,P29,1,0.0,0.0,1.0,1.0,
F00949,not_tiered,0,,,,,,0,0.0,0.0,0.0,0.0,
F00950,not_tiered,42,0.25233294025412983,0.3421079268339626,0.054483248657855365,0.5108157732133615,P14,0,1.0,0.0,0.0,0.0,
F00951,not_tiered,42,-0.5338535624054659,-0.27263164432500947,0.1457192301570751,0.5551052299935887,P2,0,0.0,0.0,1.0,1.0,
F00952,not_tiered,42,1.578213926211486,2.2695835535154933,0.39079037699674535,0.8439193807785484,P35,0,0.0,0.0,0.7380952380952381,0.7380952380952381,
F00953,not_tiered,42,0.6567914924987178,0.9875994266400643,0.26917338866100193,0.885051621227706,P23,0,1.0,0.0,1.0,0.0,
F00954,not_tiered,42,0.06594611035598437,0.31059688779371347,0.16370258089495257,0.5805154756044505,P21,0,0.0,0.0,0.0,0.0,
F00955,C_detection_pattern,42,-0.6922372045142229,0.25918774507844616,0.6206712533800305,1.0224914099414157,P40,1,0.0,0.0,1.0,1.0,1.0
F00956,C_detection_pattern,42,0.5714826261422449,1.007716777786866,0.22057846333585307,0.4519685450684051,P24,0,0.0,0.0,1.0,1.0,1.0
F00957,not_tiered,42,0.07261401473840148,0.4055739919534839,0.19320405612644634,0.7470162101781723,P19,0,0.0,0.0,0.6904761904761905,0.0,
F00958,C_detection_pattern,42,1.1664213034848958,1.4769987844268782,0.18261348415218648,0.5836735017752248,P2,0,0.0,0.0,1.0,1.0,1.0
F00959,C_detection_pattern,42,0.27486543707334404,0.4501764213394711,0.10051070679291368,0.519428361332193,P36,0,0.0,0.0,1.0,1.0,1.0
F00960,not_tiered,42,0.6766140940888278,0.7975886773283496,0.06396035718348636,0.4066562649966731,P2,0,1.0,0.0,0.0,0.0,
F00961,C_detection_pattern,42,-0.41196880983720147,0.9929304061788194,1.0252759076010614,1.0468686531006883,P41,1,0.0,0.0,1.0,1.0,1.0
F00962,not_tiered,42,-2.193979829479301,-1.8619108831209146,0.17885157075833513,0.4019450797231674,P2,0,1.0,0.2619047619047619,0.0,0.0,
F00963,not_tiered,42,-1.4970341356719803,-0.7023272676914994,0.47342540849807446,0.6280626508013343,P36,0,0.0,0.0,0.0,0.0,
F00964,not_tiered,42,-0.7143386424721878,-0.6155296645585752,0.05702179015943498,0.41440785772233396,P19,0,1.0,0.0,0.0,0.0,
F00965,not_tiered,0,,,,,,0,0.0,0.0,0.0,0.0,
F00966,not_tiered,41,-0.34317796208891593,-0.34317796208891593,5.551115123125783e-17,,P2,0,0.0,0.0,0.0,0.0,
F00967,not_tiered,42,-1.522875823273674,-0.002525138250094964,0.9030375731741075,1.2380064330262488,P28,0,0.0,0.0,0.0,0.0,
F00968,not_tiered,42,-0.5059460087180834,-0.3436988367752511,0.1067309289209008,0.4779073208452756,P31,0,0.047619047619047616,0.0,0.0,0.0,
F00969,not_tiered,42,-0.827775178384003,-0.6332228434902449,0.09768129164230388,0.46278136710606593,P3,0,1.0,0.0,0.0,0.0,
F00970,not_tiered,42,-1.2862265336230803,-0.9867311701590845,0.1782818606548301,0.5018129744761953,P42,0,0.0,0.0,0.0,0.0,
F00971,not_tiered,42,-2.9805195439279033,-2.1817809984655545,0.46896144670547457,1.0142810155445625,P2,0,0.0,0.0,0.0,0.0,
F00972,B_abundance,42,-1.6211987410920943,-1.439871381151333,0.0912827816080315,0.41224706053192856,P23,0,1.0,1.0,0.0,0.0,1.0
F00973,B_abundance,42,-2.756285515442531,-2.5401545295578556,0.11678734453306294,0.42456719417757827,P22,0,1.0,1.0,0.0,0.0,1.0
F00974,B_abundance,42,-1.368721375156632,-1.1975861162765922,0.10301511545845288,0.513707475293114,P23,0,1.0,1.0,0.0,0.0,1.0
F00975,not_tiered,42,-2.108299537131056,-1.6157502028992519,0.2917568328533109,0.703711617964665,P16,0,0.0,0.0,0.0,0.0,
F00976,not_tiered,42,0.5985698436746753,0.6923138937671666,0.04859929269594543,0.3993016460774861,P22,0,1.0,0.0,0.0,0.0,
F00977,C_detection_pattern,42,-0.44577070312724754,-0.0971886706128896,0.17824549369169101,0.5665107397135581,P34,0,0.0,0.0,1.0,1.0,1.0
F00978,C_detection_pattern,42,0.96646496532844,1.6062861863916058,0.42157425684461425,0.9450966271589245,P26,0,0.0,0.0,1.0,1.0,1.0
F00979,not_tiered,0,,,,,,0,0.0,0.0,0.0,0.0,
F00980,not_tiered,42,-0.8269147139805494,-0.7198651333548992,0.06984635559469232,0.5402667451451566,P6,0,1.0,0.0,0.0,0.0,
F00981,B_abundance,42,-1.6908856174537483,-1.5605895525982656,0.08138712852375951,0.541791674233289,P1,0,1.0,1.0,0.0,0.0,1.0
F00982,not_tiered,42,-0.6645485686205745,-0.30157889129656024,0.24553381844165367,0.737261893151065,P11,0,0.0,0.0,0.0,0.0,
F00983,not_tiered,42,-0.614224732693506,-0.4161759744184117,0.10539012665478487,0.26263750167382494,P20,0,0.0,0.0,0.9523809523809523,0.9523809523809523,
F00984,not_tiered,42,-0.3120091942130708,-0.23055148281267895,0.04163300892305538,0.35200373204469343,P25,0,0.5238095238095238,0.0,0.0,0.0,
F00985,not_tiered,42,0.4260588001091129,0.5252678489230629,0.06639811949894908,0.6097329586004182,P19,0,1.0,0.0,0.0,0.0,
F00986,not_tiered,42,-0.2848986468027405,-0.1045001880766433,0.1402077128473376,0.7835530146446544,P21,0,0.0,0.0,0.023809523809523808,0.0,
F00987,not_tiered,41,-0.7520382081960015,-0.7520382081960015,0.0,,P2,0,0.0,0.0,0.0,0.0,
F00988,not_tiered,42,-0.17913374710533836,-0.09410385837419762,0.04947398695335588,0.4472810863891417,P42,0,0.0,0.0,0.0,0.0,
F00989,not_tiered,42,-0.31155641792830235,-0.16983229174466244,0.07706276782590965,0.39665997807883435,P28,0,0.0,0.0,1.0,1.0,
F00990,not_tiered,42,0.3674779069708322,0.433199663124222,0.041422955131536765,0.47450953856988376,P22,0,1.0,0.0,0.0,0.0,
F00991,not_tiered,42,-0.026683764221541527,0.02379360760685949,0.02582451865849769,0.3206230123418803,P22,20,0.0,0.0,0.0,0.0,
F00992,C_detection_pattern,42,-0.43933759533227945,-0.09971099764238814,0.26939424980444315,0.9190316076640538,P39,0,0.0,0.0,1.0,1.0,1.0
F00993,not_tiered,42,-1.227520064086539,-0.5830099801759232,0.32225504195530796,0.5829961064329766,P35,0,0.0,0.0,0.0,0.0,
F00994,not_tiered,42,0.4632790093196389,1.1248584688193508,0.40371563431959684,0.8532752508139128,P29,0,0.0,0.0,1.0,1.0,
F00995,not_tiered,42,0.229460910553692,0.3282360193771326,0.049495801231555114,0.4001709594924546,P18,0,0.5,0.0,0.0,0.0,
F00996,not_tiered,42,-1.2313870126865396,0.5524966592991198,0.8919418359928297,1.329065341912759,P17,1,0.0,0.0,0.0,0.0,
F00997,C_detection_pattern,42,-0.7821521959320731,-0.4312000164595537,0.1937681939711307,0.6568281722714457,P39,0,0.0,0.0,1.0,1.0,1.0
F00998,C_detection_pattern,41,0.13013134184905617,0.13013134184905617,8.326672684688674e-17,,P1,0,0.0,0.0,1.0,1.0,1.0
F00999,C_detection_pattern,42,-1.5644250956026369,3.330337477648217,2.447381286625427,1.9734345355913168,P1,1,0.0,0.0,1.0,1.0,1.0
F01000,not_tiered,42,-2.0843579256827667,-0.7252885374704547,0.7470936680097064,1.2184359045810347,P17,0,0.0,0.0,0.0,0.0,
F01001,not_tiered,0,,,,,,0,0.0,0.0,0.0,0.0,
F01002,not_tiered,41,-0.11821954639182586,-0.11821954639182586,5.551115123125783e-17,,P1,0,0.0,0.0,0.0,0.0,
F01003,not_tiered,42,3.2094685248300636,5.111323835247816,1.1368909879376567,0.9819225833433397,P2,0,0.0,0.0,0.0,0.0,
F01004,not_tiered,41,0.002255749963348208,0.002255749963348208,8.239936510889834e-18,,P2,0,0.0,0.0,0.0,0.0,
F01005,not_tiered,0,,,,,,0,0.0,0.0,0.07142857142857142,0.07142857142857142,
F01006,C_detection_pattern,42,-2.3028064647628494,-1.774420532536233,0.2653983003675404,0.4422952176971083,P1,0,0.0,0.0,1.0,1.0,1.0
F01007,not_tiered,42,-0.4171481850330771,-0.3075427502295581,0.07504919369282237,0.6369812818786313,P19,0,1.0,0.0,0.0,0.0,
F01008,C_detection_pattern,42,-0.8852475275663063,-0.5389108035997334,0.17942240610294968,0.48442995194292443,P33,0,0.0,0.0,1.0,1.0,1.0
F01009,not_tiered,42,0.329735633023137,0.3803285659659816,0.026295673864839497,0.3040097985636717,P5,0,1.0,0.0,0.0,0.0,
F01010,C_detection_pattern,42,-0.06939509470982637,0.04428699053306512,0.06132357903029337,0.4355014727782531,P16,8,0.0,0.0,1.0,1.0,1.0
F01011,not_tiered,42,-0.6443857424716791,0.39526640143796116,0.5672590647453568,0.9467262501955191,P34,2,0.0,0.0,0.0,0.0,
F01012,not_tiered,41,0.4763987265348266,0.4763987265348266,0.0,,P2,0,0.0,0.0,0.0,0.0,
F01013,not_tiered,42,-0.48721695445389057,-0.4321681195362962,0.030800496051982817,0.3192721704170677,P15,0,1.0,0.0,0.0,0.0,
F01014,B_abundance,42,-1.4177833631529226,-1.2650215208767952,0.08068782460610624,0.39325635759574856,P28,0,1.0,1.0,0.0,0.0,1.0
F01015,not_tiered,41,-0.47293705754599813,-0.47293705754599813,5.551115123125783e-17,,P1,0,0.0,0.0,0.0,0.0,
F01016,not_tiered,41,-0.8433197326273465,-0.8433197326273465,0.0,,P1,0,0.0,0.0,0.07142857142857142,0.07142857142857142,
F01017,C_detection_pattern,41,-0.88852715110548,-0.88852715110548,0.0,,P2,0,0.0,0.0,1.0,1.0,1.0
F01018,C_detection_pattern,42,0.8496869999775787,1.0414347424399553,0.10403231824053971,0.4611318443482175,P16,0,0.0,0.0,1.0,1.0,1.0
F01019,not_tiered,0,,,,,,0,0.0,0.0,0.0,0.0,
F01020,not_tiered,41,-0.6428738874609348,-0.6428738874609348,0.0,,P2,0,0.0,0.0,0.0,0.0,
F01021,not_tiered,42,-0.22039966306367598,-0.04023651661587781,0.10805558483260348,0.5142869409716754,P25,0,0.0,0.0,0.0,0.0,
F01022,not_tiered,42,0.05430080619146397,0.23515800692239208,0.10338478258219297,0.587772282015729,P40,0,0.0,0.0,1.0,1.0,
F01023,not_tiered,42,-0.1594023163108087,0.5107741087007778,0.37428229481370734,0.8159564152449138,P27,1,0.0,0.0,0.0,0.0,
F01024,not_tiered,42,-0.1943638041678431,-0.07701073820532633,0.08386270144208666,0.6316219853847673,P21,0,0.0,0.0,0.0,0.0,
F01025,not_tiered,42,2.7966436835373205,9.027728979377304,3.115542647919992,2.047080984628853,P20,0,0.0,0.0,0.0,0.0,
F01026,not_tiered,0,,,,,,0,0.0,0.0,0.0,0.0,
F01027,not_tiered,0,,,,,,0,0.0,0.0,0.0,0.0,
F01028,not_tiered,0,,,,,,0,0.0,0.0,0.0,0.0,
F01029,not_tiered,41,-5.755096167069267,-5.755096167069267,0.0,,P1,0,0.0,0.0,1.0,0.7619047619047619,
F01030,C_detection_pattern,42,-0.2666545172579955,1.0211977228893403,0.6439261200736679,1.0577242221362324,P9,1,0.0,0.0,1.0,1.0,1.0
F01031,C_detection_pattern,42,-1.6525509299494623,1.9841101859631285,1.918731594076784,1.2173978629285627,P39,2,0.0,0.0,1.0,1.0,1.0
F01032,C_detection_pattern,42,-1.300976744076955,0.2727665335842744,0.7868716388306147,1.223755913601364,P3,1,0.0,0.0,1.0,1.0,1.0
F01033,not_tiered,0,,,,,,0,0.0,0.0,0.0,0.0,
F01034,not_tiered,41,8.727137595616524,8.727137595616524,0.0,,P1,0,0.0,0.0,0.0,0.0,
F01035,not_tiered,42,-0.27994921383051524,-0.13559748245039488,0.09165693296573602,0.49419896789158324,P11,0,0.0,0.0,0.0,0.0,
F01036,not_tiered,0,,,,,,0,0.0,0.0,0.0,0.0,
F01037,not_tiered,42,-0.40724758495852775,2.0699822913691825,1.2386149381638552,1.5923681085709744,P1,1,0.0,0.0,0.0,0.0,
F01038,not_tiered,42,-0.06361701659827486,0.3156253617537181,0.24447072691352148,0.8208429162124868,P6,2,0.0,0.0,0.0,0.0,
F01039,C_detection_pattern,42,0.06646041263147459,0.8913559820879197,0.5144551177320549,1.049064934506084,P27,0,0.0,0.0,1.0,1.0,1.0
F01040,not_tiered,42,-0.5126402865321035,-0.3891750748527763,0.08424215903927368,0.4985022642700043,P31,0,1.0,0.0,0.0,0.0,
F01041,not_tiered,42,0.14257402945513206,0.17423467211267654,0.020232195077540344,0.33270945167444343,P6,0,1.0,0.0,0.0,0.0,
F01042,not_tiered,42,0.017773959433824264,0.05345650624983395,0.020620066564890155,0.35848216487074247,P2,0,0.0,0.0,0.0,0.0,
F01043,not_tiered,42,0.21931971313180468,0.255267038174454,0.021231357118951216,0.34671232589317014,P4,0,1.0,0.0,0.0,0.0,
F01044,not_tiered,42,0.08774727423366258,0.11430930587627183,0.01418054444238763,0.2569719573924451,P19,0,0.0,0.0,0.0,0.0,
F01045,not_tiered,42,0.13436040559447465,0.196274652712188,0.04077184454222224,0.5638891784325156,P13,0,0.9523809523809523,0.0,0.0,0.0,
F01046,not_tiered,42,-0.7100467460293113,-0.4232751749888656,0.209612851574272,0.7888300291809957,P41,0,0.8333333333333334,0.0,0.0,0.0,
F01047,not_tiered,42,0.1684890236667809,0.201266741677252,0.019168484892750498,0.3020748308519766,P39,0,1.0,0.0,0.0,0.0,
F01048,not_tiered,42,0.07992912320854173,0.10659934231798239,0.013403375400124193,0.22994664531699877,P6,0,0.0,0.0,0.0,0.0,
F01049,not_tiered,0,,,,,,0,0.0,0.0,0.0,0.0,
F01050,not_tiered,42,-2.656210165375187,0.4219973180579011,1.539103741716544,1.7428940410760647,P8,1,0.0,0.0,0.0,0.0,
F01051,not_tiered,42,-0.8801866261422838,-0.7544581746020337,0.06864330007155628,0.408902928281622,P25,0,1.0,0.0,0.0,0.0,
F01052,not_tiered,42,-0.06504754407987196,0.04674594842302066,0.059877515887912854,0.3529808756058729,P16,17,0.0,0.0,0.0,0.0,
F01053,not_tiered,42,0.45862699010709274,0.5648184296308745,0.06004628332940498,0.42406730755616034,P23,0,0.0,0.0,1.0,1.0,
F01054,not_tiered,42,0.023472127527968255,0.1564110111423272,0.07590028158081616,0.42682493309383523,P16,0,0.0,0.0,0.0,0.0,
F01055,not_tiered,0,,,,,,0,0.0,0.0,0.0,0.0,
F01056,C_detection_pattern,42,0.44868625833490733,0.8750396003524014,0.21327664876447255,0.5047444982255914,P41,0,0.0,0.0,1.0,1.0,1.0
F01057,not_tiered,41,-0.36785941099627095,-0.36785941099627095,5.551115123125783e-17,,P1,0,0.0,0.0,0.0,0.0,
F01058,not_tiered,0,,,,,,0,0.0,0.0,0.0,0.0,
F01059,not_tiered,0,,,,,,0,0.0,0.0,0.0,0.0,
F01060,not_tiered,42,-3.333313801835809,-1.50415920241596,1.0199784535652525,1.3654154225453372,P3,0,0.0,0.0,0.0,0.0,
F01061,not_tiered,42,-1.3735695041298228,-0.5632193298258883,0.4725132482604193,0.9207541527995405,P28,0,0.0,0.0,0.0,0.0,
F01062,not_tiered,41,0.42193288561911935,0.42193288561911935,5.551115123125783e-17,,P1,0,0.0,0.0,0.0,0.0,
F01063,not_tiered,42,-0.812938229669478,-0.6192664209238156,0.10918584034009404,0.48930455736071266,P31,0,0.0,0.0,0.0,0.0,
F01064,not_tiered,41,0.1122173294922355,0.1122173294922355,0.0,,P1,0,0.0,0.0,0.0,0.0,
F01065,C_detection_pattern,42,0.376930023268796,0.95571705570567,0.3162966807548647,0.758516539372524,P32,0,0.0,0.0,1.0,1.0,1.0
F01066,not_tiered,42,-0.196625665617911,0.0031313630295957506,0.107778045142756,0.5860944757503196,P31,1,0.0,0.0,0.0,0.0,
F01067,C_detection_pattern,42,0.02316686806750082,0.27032897800690814,0.14874891921469324,0.6391946363744935,P16,0,0.0,0.0,1.0,1.0,1.0
F01068,not_tiered,0,,,,,,0,0.0,0.0,1.0,0.7619047619047619,
F01069,not_tiered,42,-1.8107315202960272,-1.5534214458992723,0.12912696405324975,0.3830314591041077,P22,0,1.0,0.0,0.0,0.0,
F01070,not_tiered,42,-3.7004648574993464,-0.8303262357469876,1.4350693108761794,1.6971145668225236,P17,0,0.0,0.0,0.0,0.0,
F01071,not_tiered,42,-1.0290092966874413,-0.7617181515812684,0.14876880312340524,0.44378839002186493,P38,0,0.0,0.0,0.0,0.0,
F01072,not_tiered,0,,,,,,0,0.0,0.0,0.0,0.0,
F01073,not_tiered,42,-1.9489844394248435,-1.0879875403233183,0.4822148437591707,0.8046483146906483,P16,0,0.0,0.0,0.0,0.0,
F01074,not_tiered,0,,,,,,0,0.0,0.0,0.0,0.0,
F01075,C_detection_pattern,42,1.3397367766444035,5.540729114054088,2.96663029729947,1.475415342085419,P20,0,0.0,0.0,1.0,1.0,1.0
F01076,not_tiered,42,0.5186384243871702,0.6126992815357202,0.059463616477854475,0.4446580448519545,P19,0,1.0,0.0,0.0,0.0,
F01077,not_tiered,42,-0.5340229335203427,-0.3602404743291476,0.08967420302466983,0.4980121145742326,P9,0,0.0,0.0,0.7142857142857143,0.7142857142857143,
F01078,not_tiered,42,0.20003286769266446,0.25825795629290105,0.029638943170329057,0.2990602894559968,P31,0,0.6666666666666666,0.0,0.0,0.0,
F01079,not_tiered,42,-2.0146793424887894,-1.1029341747020251,0.5181947895848857,0.7225982923525425,P32,0,0.0,0.0,0.0,0.0,
F01080,not_tiered,0,,,,,,0,0.0,0.0,0.047619047619047616,0.0,
F01081,C_detection_pattern,42,-2.8962300817639814,1.2721424441059384,2.08418626293496,1.907868196297384,P22,1,0.0,0.0,1.0,1.0,1.0
F01082,not_tiered,42,-1.1334573170290814,-0.9101629842046126,0.14676328738417532,0.5630837517786548,P25,0,1.0,0.9047619047619048,0.0,0.0,
F01083,not_tiered,42,0.09842159628319157,0.21927052453264498,0.07164829633535347,0.5422499143894431,P3,0,0.0,0.0,1.0,1.0,
F01084,not_tiered,42,-0.37702120100782593,-0.27040409323545717,0.05978288585426933,0.4222647831485158,P18,0,0.6904761904761905,0.0,0.0,0.0,
F01085,not_tiered,42,-1.0144932742076835,-0.8731759637318365,0.0800910163296733,0.34218493611942125,P19,0,1.0,0.09523809523809523,0.0,0.0,
F01086,not_tiered,0,,,,,,0,0.0,0.0,0.0,0.0,
F01087,C_detection_pattern,42,-0.04435388219638416,0.4050561631620957,0.2431301206053802,0.6403074695985419,P35,1,0.0,0.0,1.0,1.0,1.0
F01088,not_tiered,0,,,,,,0,0.0,0.0,0.0,0.0,
F01089,not_tiered,42,0.3549521526081378,0.551614834187144,0.11523882889699111,0.4195015737667035,P20,0,0.0,0.0,0.8333333333333334,0.0,
F01090,not_tiered,42,-0.665230464803358,-0.5585519581858794,0.057724567530929916,0.35217179726331643,P3,0,1.0,0.0,0.0,0.0,
F01091,not_tiered,42,0.08793038065977354,0.16288366496369347,0.03833500593130976,0.3753666450283754,P7,0,0.0,0.0,0.0,0.0,
F01092,C_detection_pattern,42,-0.14872877819991626,0.0711155281166787,0.12297164362962176,0.4731746667136728,P9,9,0.0,0.0,1.0,1.0,1.0
F01093,not_tiered,41,-0.15327390998525914,-0.15327390998525914,2.7755575615628914e-17,,P1,0,0.0,0.0,0.0,0.0,
F01094,not_tiered,41,2.518000536481937,2.518000536481937,0.0,,P1,0,0.0,0.0,0.0,0.0,
F01095,not_tiered,42,-1.080966577879966,-0.9448808582127974,0.08363457521976514,0.5941262049763504,P21,0,1.0,0.40476190476190477,0.0,0.0,
F01096,not_tiered,42,-1.3952292184148054,-1.1825676661135605,0.13770154296947412,0.6465130095796944,P7,0,0.0,0.0,0.0,0.0,
F01097,not_tiered,0,,,,,,0,0.0,0.0,0.0,0.0,
F01098,not_tiered,42,0.4010981063684151,0.5942804286556448,0.12448919095600902,0.47606217991160804,P36,0,0.047619047619047616,0.0,1.0,1.0,
F01099,C_detection_pattern,42,-0.12325669993917021,0.3798806316964374,0.34355344982606284,0.8774515697936349,P17,1,0.0,0.0,1.0,1.0,1.0
F01100,C_detection_pattern,42,0.5413461052383449,0.7657545726311114,0.13198537033681856,0.6364994233835697,P39,0,0.0,0.0,1.0,1.0,1.0
F01101,not_tiered,42,0.3720959446154396,0.5986799883907876,0.11528267876484,0.4742739319186872,P28,0,0.0,0.0,1.0,1.0,
F01102,not_tiered,41,0.19300291037875006,0.19300291037875006,5.551115123125783e-17,,P2,0,0.0,0.0,0.0,0.0,
F01103,not_tiered,41,0.02371578115398343,0.02371578115398343,2.7755575615628914e-17,,P2,0,0.0,0.0,0.0,0.0,
F01104,not_tiered,42,-0.12447335516880625,-0.05690182130976331,0.049143054842638596,0.5458989345231475,P19,0,0.0,0.0,0.0,0.0,
F01105,not_tiered,42,0.8955524386191539,1.3756016290827047,0.3106632310778831,0.7535691663563487,P10,0,0.0,0.0,1.0,1.0,
F01106,C_detection_pattern,42,-0.2175443848000674,-0.00438009319571494,0.1345092533530463,0.6570874487207574,P25,0,0.0,0.0,1.0,1.0,1.0
F01107,not_tiered,42,0.2980614500686941,0.34239154112157333,0.022263376378917177,0.2977361475032182,P27,0,1.0,0.0,0.0,0.0,
F01108,not_tiered,42,-0.8456825089003726,-0.7862127750045271,0.02973486694792271,0.05579846606923279,P3,0,0.0,0.0,0.19047619047619047,0.19047619047619047,
F01109,not_tiered,42,-0.16459016209874008,-0.06589933116321041,0.061949106441476984,0.5324880885191249,P21,0,0.0,0.0,0.0,0.0,
F01110,not_tiered,42,-0.6000882886894268,-0.34005679854643567,0.14091957502751035,0.43399940397781245,P28,0,0.0,0.0,0.11904761904761904,0.11904761904761904,
F01111,C_detection_pattern,42,-1.6468969064710322,-0.943718162165793,0.4054558878053499,0.6970847908656274,P15,0,0.0,0.0,1.0,1.0,1.0
F01112,C_detection_pattern,0,,,,,,0,0.0,0.0,1.0,1.0,1.0
F01113,not_tiered,41,0.18629437846805708,0.18629437846805708,8.326672684688674e-17,,P2,0,0.0,0.0,0.0,0.0,
F01114,not_tiered,42,-0.34269042636712216,-0.12326906940928957,0.14061722777507946,0.6061381947951019,P3,0,0.0,0.0,0.09523809523809523,0.09523809523809523,
F01115,not_tiered,41,0.2198737306346743,0.2198737306346743,0.0,,P1,0,0.0,0.0,0.0,0.0,
F01116,not_tiered,42,1.392378708509401,3.3290860036177774,1.2080077177870912,0.8738363883146189,P20,0,0.0,0.0,0.11904761904761904,0.11904761904761904,
F01117,not_tiered,42,-0.38723925165171535,-0.26956954900138025,0.09443982643801513,0.5369664683870492,P19,0,0.0,0.0,0.0,0.0,
F01118,not_tiered,0,,,,,,0,0.0,0.0,0.0,0.0,
F01119,not_tiered,42,0.19377481132022983,0.38210163723584073,0.13696442235416473,0.7865919203131718,P18,0,0.023809523809523808,0.0,0.8333333333333334,0.0,
F01120,not_tiered,41,1.4944739005029657,1.4944739005029657,0.0,,P2,0,0.0,0.0,0.0,0.0,
F01121,not_tiered,41,0.014968265930898284,0.014968265930898284,8.326672684688674e-17,,P2,0,0.0,0.0,0.0,0.0,
F01122,not_tiered,41,-1.0155110779381946,-1.0155110779381946,0.0,,P2,0,0.0,0.0,0.023809523809523808,0.0,
F01123,not_tiered,42,0.2845488345061356,0.4955145728671499,0.1128500623317803,0.4858950590420441,P19,0,0.023809523809523808,0.0,0.0,0.0,
F01124,not_tiered,42,-0.7911712112949408,-0.6793364929441582,0.06284705641044164,0.4098076119787841,P16,0,1.0,0.0,0.0,0.0,
F01125,not_tiered,42,0.4842662389206846,0.731994755666307,0.13519313282521989,0.5012556322201586,P7,0,0.0,0.0,1.0,1.0,
F01126,B_abundance,42,-1.6958188071972105,-1.511422253991977,0.09855042365946565,0.3676834104562444,P22,0,1.0,1.0,0.0,0.0,1.0
F01127,C_detection_pattern,0,,,,,,0,0.0,0.0,1.0,1.0,1.0
F01128,C_detection_pattern,42,1.5620766566769773,1.8665446634219027,0.18543532055299217,0.6430930231778506,P33,0,0.0,0.0,1.0,1.0,1.0
F01129,not_tiered,0,,,,,,0,0.0,0.0,0.0,0.0,
F01130,not_tiered,42,-0.03728527351728999,0.06764877421131625,0.05354081586899609,0.40928136007054605,P34,8,0.0,0.0,0.0,0.0,
F01131,not_tiered,42,1.0214397976562246,1.2328908690193312,0.14040252687430987,0.6077473606035138,P36,0,0.0,0.0,1.0,1.0,
F01132,C_detection_pattern,42,0.05366496784983769,0.6272145562007884,0.3531075225299716,0.8635994997343183,P9,0,0.0,0.0,1.0,1.0,1.0
F01133,C_detection_pattern,42,-0.9879792057682597,-0.7286473926052743,0.15345687949642606,0.5640281093343416,P32,0,0.0,0.0,1.0,1.0,1.0
F01134,C_detection_pattern,42,0.1591404568677034,1.0984045938973754,0.6688877307995235,0.8943461643263104,P37,0,0.0,0.0,1.0,1.0,1.0
F01135,not_tiered,42,-0.1567912967285264,-0.004144970243778729,0.105419864511451,0.6934403425111236,P41,0,0.0,0.0,0.07142857142857142,0.07142857142857142,
F01136,not_tiered,42,-1.1778508474099554,-0.007013204116617544,0.7141197923359066,1.0723919145565417,P39,0,0.0,0.0,0.6428571428571429,0.6428571428571429,
F01137,not_tiered,42,0.36138142025214665,0.4908779807928258,0.07515877847143143,0.4470646950749386,P4,0,0.0,0.0,1.0,1.0,
F01138,not_tiered,41,-0.477958922396434,-0.477958922396434,0.0,,P2,0,0.0,0.0,0.0,0.0,
F01139,not_tiered,42,-0.10234335159124476,0.12590034546637935,0.18632359775182916,0.9097133735741866,P31,1,0.0,0.0,0.0,0.0,
F01140,C_detection_pattern,42,0.4564157980991163,0.8081664340289989,0.18261435307819834,0.6507960522100833,P27,0,0.0,0.0,1.0,1.0,1.0
F01141,not_tiered,42,0.19722875504520726,0.3308770779603567,0.07522353645398522,0.44292968581878,P16,0,0.0,0.0,1.0,1.0,
F01142,not_tiered,0,,,,,,0,0.0,0.0,0.0,0.0,
F01143,not_tiered,42,0.6361069072018446,0.7157071701976659,0.050503513263000954,0.4889281150728981,P10,0,0.2857142857142857,0.0,1.0,1.0,
F01144,C_detection_pattern,41,0.7669714735373372,0.7669714735373372,0.0,,P2,0,0.0,0.0,1.0,1.0,1.0
F01145,not_tiered,41,-0.0023223274247570203,-0.0023223274247570203,2.0383000842727483e-17,,P1,0,0.0,0.0,0.0,0.0,
F01146,not_tiered,42,-1.7534371918041667,-1.298956827543868,0.29699701021202785,0.7670357088645627,P40,0,0.0,0.0,0.0,0.0,
F01147,not_tiered,0,,,,,,0,0.0,0.0,0.0,0.0,
F01148,not_tiered,42,0.17028017834536868,1.7556209149367223,0.7926703682956769,1.2299247591825397,P37,0,0.0,0.0,1.0,1.0,
F01149,not_tiered,42,-0.15625833788018512,-0.06654727363412817,0.046271494453140036,0.4008935306443128,P42,0,0.0,0.0,1.0,0.0,
F01150,C_detection_pattern,42,0.672177648630454,1.0246533720214386,0.20419310535766932,0.6855168659534646,P33,0,0.0,0.0,1.0,1.0,1.0
F01151,C_detection_pattern,42,0.45659025669052955,1.0623749382565775,0.3475361836193427,0.7741045185121362,P3,0,0.0,0.0,1.0,1.0,1.0
F01152,not_tiered,41,-0.5311939353854953,-0.5311939353854953,0.0,,P2,0,0.0,0.0,0.0,0.0,
F01153,not_tiered,42,-0.19289001894761929,-0.10809575010823506,0.05403029840627453,0.5078728708085831,P19,0,0.0,0.0,0.0,0.0,
F01154,C_detection_pattern,42,-0.14201951842601518,0.3732079310355406,0.26051906416287457,0.5216868300715671,P26,3,0.0,0.0,1.0,1.0,1.0
F01155,not_tiered,42,0.8714980905178952,1.0382188735445306,0.1226239709370126,0.741325144890953,P42,0,1.0,0.30952380952380953,0.0,0.0,
F01156,not_tiered,42,-0.5156484763481565,-0.08967346367969913,0.3019338193018799,0.7085482152285848,P41,0,0.0,0.0,0.0,0.0,
F01157,not_tiered,42,-1.8958131065210966,-1.5894395106423784,0.17027307226898403,0.441624596443344,P7,0,0.0,0.0,0.0,0.0,
F01158,not_tiered,42,-1.460207917828212,-0.9825075402640039,0.3113648477879186,0.7680579229475368,P40,0,0.0,0.0,0.0,0.0,
F01159,C_detection_pattern,42,-2.647320634095305,1.6245169764487528,2.135918805272029,1.918817591080395,P3,1,0.0,0.0,1.0,1.0,1.0
F01160,C_detection_pattern,42,0.45603139249732666,0.9021963401514173,0.22377769084379484,0.4466509360484318,P40,0,0.0,0.0,1.0,1.0,1.0
F01161,C_detection_pattern,42,0.20328746240528123,0.5767070823916146,0.19669118149825737,0.5124507295695265,P25,0,0.0,0.0,1.0,1.0,1.0
F01162,C_detection_pattern,42,-0.29248222961808956,0.11392967485423444,0.23912867469252105,0.5679207777428547,P32,1,0.0,0.0,1.0,1.0,1.0
F01163,C_detection_pattern,42,0.6390734707772303,0.8362910738609319,0.13405261210760377,0.6699764163413654,P41,0,0.0,0.0,1.0,1.0,1.0
F01164,C_detection_pattern,42,0.8670825177738474,0.9804392117391548,0.06274277697515118,0.41226545752081156,P37,0,0.0,0.0,1.0,1.0,1.0
F01165,not_tiered,42,-0.4852154086125863,-0.28896800152947943,0.10561990963222145,0.5142750018578011,P25,0,0.0,0.0,0.0,0.0,
F01166,not_tiered,42,-0.30952692122889935,0.0768497333674083,0.24672599523045874,0.7384287003624778,P6,3,0.0,0.0,0.0,0.0,
F01167,not_tiered,41,0.516674977981685,0.516674977981685,0.0,,P2,0,0.0,0.0,0.0,0.0,
F01168,C_detection_pattern,42,0.2686479880010812,0.6034386819371073,0.2087381725345377,0.6640545889283761,P25,0,0.0,0.0,1.0,1.0,1.0
F01169,C_detection_pattern,42,0.6398855298004712,2.4894917579919,1.3360055429645548,1.2444657298971469,P24,0,0.0,0.0,1.0,1.0,1.0
F01170,not_tiered,0,,,,,,0,0.0,0.0,0.0,0.0,
F01171,C_detection_pattern,42,-1.6791482990924411,-0.08431717034822306,0.797415564372109,1.2349410255902793,P1,0,0.0,0.0,1.0,1.0,1.0
F01172,not_tiered,41,-0.04928620389498306,-0.04928620389498306,6.245004513516506e-17,,P2,0,0.0,0.0,0.7142857142857143,0.7142857142857143,
F01173,C_detection_pattern,42,-2.671259838652434,-0.4648583289296872,1.6244543708172963,1.4412226899035199,P19,0,0.0,0.0,1.0,1.0,1.0
F01174,not_tiered,42,-1.3594295650012684,-1.3353188469915853,0.01205535900484156,0.022628446484933357,P1,0,0.0,0.0,1.0,0.0,
F01175,not_tiered,42,-2.1913071759860387,-1.6447102810306289,0.37260549510506635,0.8451401672302038,P2,0,0.0,0.0,0.0,0.0,
F01176,C_detection_pattern,42,-1.056282872884566,0.8554444674307469,0.9558636701576564,1.3867462066838148,P2,1,0.0,0.0,1.0,1.0,1.0
F01177,not_tiered,0,,,,,,0,0.0,0.0,0.0,0.0,
F01178,C_detection_pattern,42,0.6797337267543307,1.1175716375506086,0.2954133959305104,0.8186539757906302,P8,0,0.0,0.0,1.0,1.0,1.0
F01179,C_detection_pattern,42,-1.6162728958051336,-1.2345077318751934,0.22399764952163603,0.5206754065812426,P11,0,0.0,0.0,1.0,1.0,1.0
F01180,not_tiered,42,-0.365692287829366,-0.0977749410093905,0.15625779064572132,0.5033176174940126,P36,0,0.0,0.0,0.09523809523809523,0.09523809523809523,
F01181,C_detection_pattern,41,-0.28364135710681104,-0.28364135710681104,5.551115123125783e-17,,P2,0,0.0,0.0,1.0,1.0,1.0
F01182,not_tiered,41,-0.12670577870904864,-0.12670577870904864,5.551115123125783e-17,,P2,0,0.0,0.0,0.047619047619047616,0.047619047619047616,
F01183,not_tiered,0,,,,,,0,0.0,0.0,0.0,0.0,
F01184,not_tiered,42,0.1508695225952925,0.2278574640031701,0.04367154171961771,0.41057353431992616,P18,0,0.0,0.0,0.0,0.0,
F01185,C_detection_pattern,42,0.7137216229222035,2.1026275462384127,0.8761434408546075,0.8896794808000963,P6,0,0.0,0.0,1.0,1.0,1.0
F01186,not_tiered,42,0.11827569890936863,0.3685985865419155,0.15947753897747857,0.5775493168126252,P28,0,0.0,0.0,0.7142857142857143,0.7142857142857143,
F01187,not_tiered,42,-1.7935904448606415,-1.4065318704430594,0.27077510012897577,0.761814538932159,P34,0,0.0,0.0,0.0,0.0,
F01188,C_detection_pattern,41,2.957491905876915,2.957491905876915,0.0,,P1,0,0.0,0.0,1.0,1.0,1.0
F01189,C_detection_pattern,42,0.4087147135908197,1.3387802476888855,0.5495217754988915,1.0397871140754633,P32,0,0.0,0.0,1.0,1.0,1.0
F01190,not_tiered,42,-0.11518939819840603,-0.030740855797394037,0.046214424676978325,0.33845876745992093,P41,0,0.0,0.0,1.0,0.0,
F01191,B_abundance,42,-2.1998380990276902,-1.9280644362484471,0.16101218848869348,0.49487646154466053,P37,0,1.0,1.0,1.0,0.0,1.0
F01192,B_abundance,42,-2.075827627945542,-1.6877788296900003,0.24806191919488207,0.6390929047222528,P25,0,1.0,1.0,0.0,0.0,1.0
F01193,not_tiered,0,,,,,,0,0.0,0.0,0.0,0.0,
F01194,not_tiered,42,-0.37145334988426193,-0.07144278308629891,0.1633335869577482,0.6924234213987257,P37,0,0.0,0.0,1.0,1.0,
F01195,not_tiered,41,2.4708197278063206,2.4708197278063206,0.0,,P1,0,0.0,0.0,0.0,0.0,
F01196,not_tiered,0,,,,,,0,0.0,0.0,0.0,0.0,
F01197,not_tiered,42,-0.841748693930791,-0.41797239556035787,0.2371502155629619,0.48212693849616406,P3,0,0.0,0.0,0.0,0.0,
F01198,not_tiered,0,,,,,,0,0.0,0.0,0.0,0.0,
F01199,not_tiered,42,-4.229798962016181,4.3473432754300045,5.122861853847463,1.6523463481588117,P41,1,0.0,0.0,0.0,0.0,
F01200,B_abundance,42,-1.3609298834028074,-1.241692139833111,0.06362028869243441,0.34168093175354264,P31,0,1.0,1.0,0.0,0.0,1.0
F01201,B_abundance,42,-2.7308361101693532,-2.492535454868502,0.12193072500026236,0.3853647103661915,P23,0,1.0,1.0,0.0,0.0,1.0
F01202,C_detection_pattern,42,0.10534338960477135,0.5215193263599771,0.30653421192071767,0.9040482497738778,P6,0,0.0,0.0,1.0,1.0,1.0
F01203,not_tiered,42,-0.48746054295246877,-0.3914072155148552,0.056701489193658916,0.33042267059356734,P42,0,1.0,0.0,0.0,0.0,
F01204,not_tiered,42,-0.34915124501010386,-0.08609846853733794,0.15528961903823546,0.5260448097665146,P42,0,0.0,0.0,0.0,0.0,
F01205,not_tiered,42,-0.6225738788481205,-0.34630718989972126,0.14209931019935496,0.47048476636397246,P42,0,0.0,0.0,0.07142857142857142,0.07142857142857142,
F01206,not_tiered,42,-1.5446110159881838,-0.21279810354267426,0.8508703854455384,1.3311724367678182,P29,0,0.0,0.0,0.0,0.0,
F01207,not_tiered,42,-0.3529284267554256,-0.0251331006046841,0.1924326851806491,0.6590515470610918,P42,0,0.0,0.0,0.0,0.0,
F01208,B_abundance,42,-1.2151764917021153,-1.095989296532208,0.066435242123424,0.36631648593605687,P31,0,1.0,1.0,0.0,0.0,1.0
F01209,not_tiered,42,0.7288725736107264,0.8081542045100423,0.04472181180536938,0.41554709712963117,P27,0,1.0,0.0,0.0,0.0,
F01210,B_abundance,42,-2.265356699030882,-1.9921364536777257,0.15425362235888196,0.38566332197064285,P17,0,1.0,1.0,0.0,0.0,1.0
F01211,C_detection_pattern,42,-0.05552886656813609,0.40847253746027523,0.2480939586806753,0.628087113155341,P30,1,0.0,0.0,1.0,1.0,1.0
F01212,C_detection_pattern,42,0.2533834313124341,1.9336765624385688,0.8401465655630675,1.2788409181452223,P22,0,0.0,0.0,1.0,1.0,1.0
F01213,not_tiered,42,-1.5271473222601144,-1.2730402562253702,0.13924130045382244,0.5385781928728176,P28,0,0.0,0.0,0.0,0.0,
F01214,not_tiered,42,-1.5309648689806616,-0.9972903868734901,0.2935276078255742,0.6361864304182946,P21,0,0.2857142857142857,0.2857142857142857,0.0,0.0,
F01215,not_tiered,42,-7.212364099975049,-4.4493474983185335,1.7640129337217925,1.4082283000960574,P26,0,0.0,0.0,0.0,0.0,
F01216,not_tiered,41,0.9725788917805218,0.9725788917805218,0.0,,P2,0,0.0,0.0,0.023809523809523808,0.0,
F01217,not_tiered,41,-1.3543311901483293,-1.3543311901483293,0.0,,P1,0,0.0,0.0,0.0,0.0,
F01218,not_tiered,41,-0.06331530557890197,-0.06331530557890197,6.938893903907228e-17,,P2,0,0.0,0.0,0.0,0.0,
F01219,not_tiered,42,-1.2206626524111712,-0.316061812203543,0.4523004201038141,0.7914030131779477,P1,0,0.0,0.0,1.0,0.7619047619047619,
F01220,not_tiered,42,-0.13980776938533174,0.06678626017787856,0.11227926055411697,0.4841743425075811,P28,3,0.0,0.0,1.0,1.0,
F01221,not_tiered,42,-0.3597390573794382,0.05316035529865317,0.24003172622191787,0.7652272170896958,P6,1,0.0,0.0,1.0,1.0,
F01222,not_tiered,41,0.3496414188901973,0.3496414188901973,0.0,,P1,0,0.0,0.0,0.0,0.0,
F01223,C_detection_pattern,42,-1.3435950679154556,-1.16385824494212,0.1009846238835348,0.4714726656636685,P17,0,0.0,0.0,1.0,1.0,1.0
F01224,not_tiered,42,-0.802552276625919,-0.642733343257647,0.10288461656588777,0.5002744380775972,P19,0,1.0,0.0,0.0,0.0,
F01225,not_tiered,42,-1.1335343381729548,-0.4029038025967984,0.5433458725363216,1.0999199407105074,P42,0,0.0,0.0,0.0,0.0,
F01226,not_tiered,42,-0.9984981478564355,-0.4224606588894393,0.38440417056651743,0.7049633196013104,P34,0,0.0,0.0,0.0,0.0,
F01227,not_tiered,0,,,,,,0,0.0,0.0,0.0,0.0,
F01228,not_tiered,41,-0.2780424693802477,-0.2780424693802477,0.0,,P2,0,0.0,0.0,0.07142857142857142,0.07142857142857142,
F01229,C_detection_pattern,42,0.11437383660453584,0.6675403052952241,0.3135211762258895,0.8100429308545503,P36,0,0.0,0.0,1.0,1.0,1.0
F01230,not_tiered,42,-1.8014370461085305,-0.3047867824548434,1.0687972594554174,1.1282373062408295,P39,0,0.0,0.0,0.0,0.0,
F01231,not_tiered,42,0.018973145330672424,0.09563373151525469,0.04264952211435569,0.3636443291099138,P26,0,0.0,0.0,0.8333333333333334,0.0,
F01232,not_tiered,0,,,,,,0,0.0,0.0,0.0,0.0,
F01233,not_tiered,42,-2.394403357905154,-1.384103577069006,0.6010105151655105,0.7992628738687927,P10,0,0.0,0.0,0.0,0.0,
F01234,not_tiered,42,-0.32088683709265226,0.6596242966881068,0.556905400554466,0.9539898218252907,P41,1,0.0,0.0,0.0,0.0,
F01235,not_tiered,41,-1.1392421689379297,-1.1392421689379297,2.220446049250313e-16,,P2,0,0.0,0.0,0.07142857142857142,0.07142857142857142,
F01236,not_tiered,42,0.33977906319959017,0.5096210515787953,0.09798671815664994,0.6078339136663107,P37,0,1.0,0.0,1.0,1.0,
F01237,C_detection_pattern,42,-0.27420279078757054,0.3614472453717785,0.3274548296141072,0.6284069855959,P36,6,0.0,0.0,1.0,1.0,1.0
F01238,not_tiered,42,-0.70170492931973,-0.5478967612908527,0.08532800362967363,0.42089777030772935,P39,0,1.0,0.0,0.0,0.0,
F01239,C_detection_pattern,42,-0.8353079101850497,1.5880763279108898,1.6044943112695371,1.4077450466710182,P40,1,0.0,0.0,1.0,1.0,1.0
F01240,not_tiered,42,-0.9217119725824867,-0.5152816910047564,0.23102657277990735,0.6989624140279004,P12,0,0.0,0.0,0.0,0.0,
F01241,C_detection_pattern,42,-1.692225015900568,-0.9852653471332529,0.41248590106441174,0.95091923178101,P16,0,0.0,0.0,1.0,1.0,1.0
F01242,not_tiered,42,0.0922789155554262,0.34032551725690086,0.1532599039877107,0.7814379781199606,P38,0,0.0,0.0,1.0,1.0,
F01243,not_tiered,42,-0.13147682134265773,-0.017496875054254256,0.06771820972382894,0.5775003622473405,P18,0,0.0,0.0,0.0,0.0,
F01244,not_tiered,42,-0.36766380148835626,-0.2914303816956656,0.04463112206306624,0.44048340326484875,P25,0,1.0,0.0,0.0,0.0,
F01245,not_tiered,42,-0.4924554785524033,-0.40879417634228227,0.05170003592962702,0.41168887382536473,P3,0,0.0,0.0,0.047619047619047616,0.047619047619047616,
F01246,not_tiered,42,-0.4758446169107229,-0.3778044089766806,0.06309804282747766,0.47111467731452566,P18,0,1.0,0.0,0.0,0.0,
F01247,not_tiered,42,0.0271531962502664,0.13628162038535097,0.06717514364174966,0.5413841383752863,P23,0,0.0,0.0,1.0,0.0,
F01248,not_tiered,42,0.2631394574494253,0.329188596323902,0.04378622535775151,0.4715025001765355,P31,0,1.0,0.0,0.0,0.0,
F01249,not_tiered,42,-0.7396643539785321,-0.6022427324810345,0.07640607089526463,0.4926168641272978,P9,0,0.0,0.0,0.023809523809523808,0.023809523809523808,
F01250,not_tiered,42,0.16319012045374007,0.2943198376182398,0.07852640495805344,0.571532595362446,P41,0,0.0,0.0,1.0,0.7619047619047619,
F01251,not_tiered,42,-0.7464112837542414,-0.5219315052831996,0.12057520475460226,0.5315783424036857,P16,0,0.0,0.0,0.11904761904761904,0.11904761904761904,
F01252,C_detection_pattern,42,-0.8129789825018978,0.29134760463399917,0.5851292392463747,1.0572251884805868,P17,1,0.0,0.0,1.0,1.0,1.0
F01253,not_tiered,42,0.8157493982566643,1.0608319471183973,0.17762289003302412,0.694654498540687,P33,0,1.0,0.0,0.0,0.0,
F01254,not_tiered,42,-0.11593627663219022,-0.016043952891644196,0.0743346090033922,0.5737032527880103,P19,0,0.0,0.0,0.0,0.0,
F01255,C_detection_pattern,42,1.2538734318289098,2.4511195600437365,0.6671381797092262,1.054348386022193,P17,0,0.0,0.0,1.0,1.0,1.0
F01256,C_detection_pattern,42,-1.33705304790133,-0.7596398010902732,0.28870662340552844,0.5260107077484113,P17,0,0.0,0.0,1.0,1.0,1.0
F01257,not_tiered,42,0.8234410785552889,0.9401284183631897,0.06163741959712543,0.3419190568781786,P40,0,0.0,0.0,1.0,1.0,
F01258,not_tiered,0,,,,,,0,0.0,0.0,0.8333333333333334,0.0,
F01259,not_tiered,0,,,,,,0,0.0,0.0,0.0,0.0,
F01260,not_tiered,0,,,,,,0,0.0,0.0,0.0,0.0,
F01261,C_detection_pattern,41,-1.0981958928214386,-1.0981958928214386,0.0,,P2,0,0.0,0.0,1.0,1.0,1.0
F01262,not_tiered,42,-0.3497234120559714,0.1610656231549986,0.3123463774616996,0.7171267462912395,P24,2,0.0,0.0,1.0,1.0,
F01263,C_detection_pattern,42,0.41340479742298264,0.5753598300627019,0.10311848308891697,0.5627168094609554,P37,0,0.0,0.0,1.0,1.0,1.0
F01264,not_tiered,42,-0.39637844407024453,-0.18304295267390777,0.13402977618927372,0.5084334665898583,P37,0,0.0,0.0,0.023809523809523808,0.023809523809523808,
F01265,not_tiered,42,0.1233159631234248,0.20122439785833832,0.040351971341597515,0.39784524902706503,P6,0,0.0,0.0,0.0,0.0,
F01266,not_tiered,42,0.030627334713472943,0.24188000718639727,0.16536256959891238,0.797116011957552,P2,0,0.0,0.0,0.0,0.0,
F01267,C_detection_pattern,42,-1.5861574520707786,-0.6353594147502856,0.672729928531726,1.0556193265127938,P27,0,0.0,0.0,1.0,1.0,1.0
F01268,not_tiered,0,,,,,,0,0.0,0.0,0.0,0.0,
F01269,not_tiered,42,-0.45651825875355345,-0.015120365972809998,0.26101805512291376,0.5418882556637445,P6,0,0.0,0.0,0.0,0.0,
F01270,B_abundance,42,-3.961539699551092,-3.679104531427324,0.15877855771606608,0.4400440600690207,P1,0,0.2857142857142857,0.2857142857142857,1.0,1.0,0.2857142857142857
F01271,not_tiered,42,-2.9174222538638577,-1.0084173047431029,1.3171903413108548,1.2988916626647078,P31,0,0.0,0.0,0.0,0.0,
F01272,C_detection_pattern,42,-0.9681759895009261,-0.6656794074553058,0.15124829102281012,0.28154883543640613,P1,0,0.0,0.0,1.0,1.0,1.0
F01273,not_tiered,42,-0.8667966360807753,-0.7208812689891485,0.09724138858991938,0.7128225097698369,P19,0,1.0,0.0,0.0,0.0,
F01274,B_abundance,42,-1.6912503444713898,-1.4497796226948225,0.13329883143058008,0.43264689745304685,P20,0,1.0,1.0,0.0,0.0,1.0
F01275,not_tiered,42,0.4627768326689507,0.5806889699488256,0.06845633558883563,0.45661288645994885,P20,0,1.0,0.0,0.0,0.0,
F01276,not_tiered,42,-1.366554690393028,-0.37472728921486986,0.6085007798829436,1.0041318608259742,P9,0,0.0,0.0,0.11904761904761904,0.11904761904761904,
F01277,not_tiered,42,-2.066878309155187,0.19636502073290973,1.2306806356644238,1.0389766760972272,P35,1,0.0,0.0,0.0,0.0,
F01278,C_detection_pattern,41,-0.27477946960816446,-0.27477946960816446,5.551115123125783e-17,,P2,0,0.0,0.0,1.0,1.0,1.0
F01279,C_detection_pattern,41,-0.15203729030054802,-0.15203729030054802,2.7755575615628914e-17,,P2,0,0.0,0.0,1.0,1.0,1.0
F01280,not_tiered,42,0.9484863846367378,1.0523999396425936,0.06090149184516758,0.5030525333572056,P39,0,1.0,0.30952380952380953,0.0,0.0,
F01281,not_tiered,42,0.3933361552607802,0.5732232137631474,0.11493960730652403,0.7625603300651357,P2,0,1.0,0.0,0.0,0.0,
F01282,B_abundance,42,-1.7934609183607284,-1.6101972367756547,0.09582323733722875,0.34775651181230205,P15,0,1.0,1.0,0.0,0.0,1.0
F01283,B_abundance,42,-4.038989080823392,-3.6534554493956217,0.1947267172801963,0.32900260370246603,P17,0,1.0,1.0,0.0,0.0,1.0
F01284,not_tiered,42,-0.11487232514177093,0.17653404613998722,0.20923046862666622,0.6542336495144384,P31,2,0.0,0.0,0.0,0.0,
F01285,not_tiered,42,-3.0559252535583075,-2.519722112134179,0.2705090957351306,0.431206419174056,P2,0,0.0,0.0,0.023809523809523808,0.023809523809523808,
F01286,not_tiered,41,-0.9935100055245503,-0.9935100055245503,1.1102230246251565e-16,,P2,0,0.0,0.0,0.0,0.0,
F01287,not_tiered,42,0.06619240567473933,0.4175265676885619,0.2834329434144239,0.7234570093375939,P42,0,0.0,0.0,1.0,0.0,
F01288,C_detection_pattern,42,-0.15005354662098375,0.0346601392100622,0.11893026190594785,0.5185533959413268,P9,8,0.0,0.0,1.0,1.0,1.0
F01289,C_detection_pattern,42,0.09115135719410487,0.47812586126365314,0.20562555023884976,0.5564807321182282,P37,0,0.0,0.0,1.0,1.0,1.0
F01290,C_detection_pattern,42,0.49292314986226077,0.6363160109602657,0.07308161391927553,0.4031595461458501,P33,0,0.0,0.0,1.0,1.0,1.0
F01291,C_detection_pattern,42,-1.5366887491702585,-1.1430237867618176,0.2021696692297308,0.48209194116716825,P1,0,0.0,0.0,1.0,1.0,1.0
F01292,not_tiered,42,-0.9198865201784981,-0.6779897865265053,0.19077280135550478,0.7661378924236891,P41,0,0.0,0.0,1.0,1.0,
F01293,not_tiered,0,,,,,,0,0.0,0.0,0.0,0.0,
F01294,C_detection_pattern,42,-0.6445788950466578,0.35360791144489534,0.6035971804234659,1.016707730812909,P12,1,0.0,0.0,1.0,1.0,1.0
F01295,not_tiered,0,,,,,,0,0.0,0.0,0.0,0.0,
F01296,not_tiered,42,-4.179396488577648,0.6083971378701598,2.393896813223904,1.9652591026327564,P3,1,0.0,0.0,0.0,0.0,
F01297,not_tiered,42,-1.0293538343652338,-0.725813858747296,0.16912561181456276,0.4589017687076799,P32,0,0.0,0.0,0.0,0.0,
F01298,C_detection_pattern,42,-0.06526040442907988,0.4158685927597952,0.304918538282871,0.8051034648842412,P37,2,0.0,0.0,1.0,1.0,1.0
F01299,C_detection_pattern,41,-0.8805890315278972,-0.8805890315278972,0.0,,P1,0,0.0,0.0,1.0,1.0,1.0
F01300,not_tiered,0,,,,,,0,0.0,0.0,0.0,0.0,
F01301,not_tiered,0,,,,,,0,0.0,0.0,0.0,0.0,
F01302,C_detection_pattern,0,,,,,,0,0.0,0.0,1.0,1.0,1.0
F01303,B_abundance,42,-1.9451999878342188,-1.805648662099716,0.07597795122019146,0.3616660183226237,P31,0,1.0,1.0,0.0,0.0,1.0
F01304,not_tiered,42,-0.08303555133103474,0.005904479732987769,0.04600499345469794,0.4204426306881932,P18,1,0.0,0.0,0.023809523809523808,0.0,
F01305,not_tiered,0,,,,,,0,0.0,0.0,0.0,0.0,
F01306,not_tiered,41,-0.41259460989784813,-0.41259460989784813,5.551115123125783e-17,,P2,0,0.0,0.0,0.0,0.0,
F01307,not_tiered,42,0.4327142326532872,0.5080541330722479,0.0478087817741088,0.42912949173011555,P2,0,1.0,0.0,0.0,0.0,
F01308,B_abundance,42,-1.084823650553284,-0.9518574702758437,0.07156152432814544,0.40530296323564025,P37,0,1.0,0.8095238095238095,0.0,0.0,0.8095238095238095
F01309,not_tiered,42,-1.0174308257334346,-0.49020642213218624,0.3944057090562252,0.7719130163357282,P21,0,0.023809523809523808,0.023809523809523808,0.0,0.0,
F01310,not_tiered,42,0.5495348642994435,0.6451495952053736,0.06042359462900526,0.5002018614485816,P3,0,1.0,0.0,0.0,0.0,
F01311,not_tiered,42,-2.3406350362207085,-1.3393254063228446,0.6435416622815517,0.8423346322485297,P23,0,0.0,0.0,0.11904761904761904,0.11904761904761904,
F01312,not_tiered,42,-0.20042630388108806,-0.11861262793330005,0.04423336941458647,0.3771302395833483,P18,0,0.0,0.0,0.0,0.0,
F01313,not_tiered,42,-0.04268179319042929,0.04582924997766222,0.04584631695675839,0.33922365999465953,P33,18,0.0,0.0,0.0,0.0,
F01314,C_detection_pattern,42,-0.8633287371740482,-0.14340650032195554,0.4130130099387338,0.6140462031425634,P34,0,0.0,0.0,1.0,1.0,1.0
F01315,not_tiered,42,-1.7994607122285142,-0.4972486090063324,0.6511060516110909,1.0667198171177779,P1,0,0.0,0.0,0.0,0.0,
F01316,C_detection_pattern,42,-1.1242421647503544,-0.0089441241678756,0.5576490202912394,0.944068886048905,P17,0,0.0,0.0,1.0,1.0,1.0
F01317,C_detection_pattern,42,-1.218163063410267,0.19678090218734834,0.8526821247010572,1.320856064305181,P30,1,0.0,0.0,1.0,1.0,1.0
F01318,C_detection_pattern,42,0.24764047629761912,0.696996272524635,0.26611717063026186,0.8004595679804527,P22,0,0.0,0.0,1.0,1.0,1.0
F01319,not_tiered,41,-0.36305247621075587,-0.36305247621075587,5.551115123125783e-17,,P1,0,0.0,0.0,0.0,0.0,
F01320,not_tiered,42,0.3671048744006072,0.5129233826602105,0.07721745422644916,0.5071819139480768,P21,0,1.0,0.0,0.0,0.0,
F01321,C_detection_pattern,42,-0.05096833744043927,0.21206422741586498,0.13881461189026967,0.53131621888813,P19,3,0.0,0.0,1.0,1.0,1.0
F01322,not_tiered,42,-0.4296135389302344,-0.20629590581068455,0.14966161144824355,0.689177812131744,P23,0,0.0,0.0,1.0,1.0,
F01323,not_tiered,42,0.0574291664002991,0.17032094873708833,0.07591331475584473,0.6132019843736647,P31,0,0.0,0.0,0.0,0.0,
F01324,C_detection_pattern,42,0.20549289707693424,0.6640045751192251,0.31539609088786114,0.8003070768849045,P37,0,0.0,0.0,1.0,1.0,1.0
F01325,not_tiered,42,0.7135970637138814,0.9191723096139744,0.12208941376693938,0.5223295623295724,P39,0,1.0,0.0,1.0,1.0,
F01326,C_detection_pattern,42,0.4110939973939781,0.7900772536815517,0.19273091975816048,0.5469366191193815,P13,0,0.0,0.0,1.0,1.0,1.0
F01327,not_tiered,42,0.4403057009316216,0.5116462077818039,0.04047645874642264,0.35226799501053063,P31,0,1.0,0.0,0.0,0.0,
F01328,not_tiered,42,0.04128804779813548,0.14438696795993505,0.06445751143948662,0.5179106057197793,P42,0,0.0,0.0,0.0,0.0,
F01329,not_tiered,42,0.3135920342596764,0.34749618512011116,0.021190448057981315,0.29857811493166403,P23,0,1.0,0.0,0.0,0.0,
F01330,B_abundance,42,-1.4599129407252092,-1.2545735702805705,0.10334979343226114,0.39082319587698183,P42,0,1.0,1.0,0.0,0.0,1.0
F01331,not_tiered,42,0.17100761398203942,0.27362322422959856,0.057683409101559086,0.38986937987232523,P39,0,0.0,0.0,0.0,0.0,
F01332,not_tiered,42,-1.6936077475182465,-0.5633464035909901,0.6917372547594383,1.2113422787985921,P37,0,0.0,0.0,0.5238095238095238,0.5238095238095238,
F01333,B_abundance,42,-3.620198418863869,-3.4141279527336557,0.11477955294738695,0.40789491327634403,P16,0,1.0,1.0,0.0,0.0,1.0
F01334,not_tiered,42,-0.5438513881315948,-0.48007900116704993,0.039435511264517054,0.3918120890748296,P18,0,1.0,0.0,0.0,0.0,
F01335,B_abundance,42,-2.023289773630586,-1.8530138465399015,0.08793041504442933,0.35456006501079546,P19,0,1.0,1.0,0.0,0.0,1.0
F01336,not_tiered,42,-2.0583859463237806,-0.6685365845005715,0.752006459758662,0.9538751431253051,P38,0,0.0,0.0,0.0,0.0,
F01337,C_detection_pattern,42,-0.13927836347614905,0.4161316374699222,0.34124570609529037,0.8272234318832474,P36,1,0.0,0.0,1.0,1.0,1.0
F01338,C_detection_pattern,42,5.872072972693424,7.55523982310809,0.8415834252073333,1.2802778012916094,P13,0,0.0,0.0,1.0,1.0,1.0
F01339,not_tiered,42,-0.9563715381888045,-0.872205349892878,0.04335131103024559,0.364045682836161,P35,0,1.0,0.0,0.0,0.0,
F01340,C_detection_pattern,42,-0.3407255911068143,0.5066682717019606,0.5777041911051265,0.79235068868203,P33,6,0.0,0.0,1.0,1.0,1.0
F01341,C_detection_pattern,42,-2.108938444799336,-0.510200288227554,0.901177350786942,1.3203827199795568,P9,0,0.0,0.0,1.0,1.0,1.0
F01342,C_detection_pattern,0,,,,,,0,0.0,0.0,1.0,1.0,1.0
F01343,not_tiered,0,,,,,,0,0.0,0.0,0.0,0.0,
F01344,C_detection_pattern,42,-0.115443548867289,0.44077857923182134,0.37071306985126323,0.897601875059304,P26,4,0.0,0.0,1.0,1.0,1.0
F01345,not_tiered,42,-2.293012256925735,0.32682865055695043,1.5498937453343835,1.528309372949313,P41,1,0.0,0.0,0.0,0.0,
F01346,not_tiered,42,0.8502458795745863,0.9840084864179953,0.07301189847377132,0.42955431780872266,P25,0,1.0,0.0,0.0,0.0,
F01347,not_tiered,42,0.19153642335838658,0.26843049762273774,0.04505572655516271,0.4002608285998499,P19,0,0.14285714285714285,0.0,0.0,0.0,
F01348,C_detection_pattern,41,0.9306251041003204,0.9306251041003204,0.0,,P1,0,0.0,0.0,1.0,1.0,1.0
F01349,not_tiered,42,-0.05228221152314525,0.3446093429373614,0.23299000774744735,0.6390722585926742,P36,1,0.0,0.0,1.0,1.0,
F01350,B_abundance,42,-1.8519097322383837,-1.6319220293119832,0.12338569384803821,0.38262842465142255,P42,0,1.0,1.0,0.0,0.0,1.0
F01351,not_tiered,42,0.8247032529486402,0.9279489623296034,0.05405943901821264,0.37354892008029134,P1,0,1.0,0.0,0.0,0.0,
F01352,not_tiered,42,-0.5010133919078277,-0.3786298656030763,0.06225825939715479,0.3523597461022229,P23,0,1.0,0.0,0.0,0.0,
F01353,not_tiered,42,-0.6569305100466529,-0.0852879448156223,0.2858212826155153,0.5210540261667006,P1,0,0.0,0.0,0.0,0.0,
F01354,C_detection_pattern,0,,,,,,0,0.0,0.0,1.0,1.0,1.0
F01355,not_tiered,42,0.2789755378303986,0.3835049078797609,0.07085335838464607,0.6000301342181238,P31,0,1.0,0.0,0.0,0.0,
F01356,C_detection_pattern,42,-0.04117489857225998,0.20009775561992915,0.13375306769125245,0.6587858444314979,P36,1,0.0,0.0,1.0,1.0,1.0
F01357,C_detection_pattern,42,0.569441785469862,0.8567309672808666,0.18497929140118397,0.6955076340437033,P4,0,0.0,0.0,1.0,1.0,1.0
F01358,C_detection_pattern,42,0.5181962672371363,0.6973464707924398,0.10910200316539764,0.6312678980350258,P24,0,0.0,0.0,1.0,1.0,1.0
F01359,not_tiered,42,-2.1669160448432727,-0.2823152191221805,0.9423004128605461,1.3748913750042453,P3,0,0.0,0.0,0.0,0.0,
F01360,C_detection_pattern,42,0.22384971910214743,0.6170016764050825,0.2537255065149745,0.6481146099063885,P35,0,0.0,0.0,1.0,1.0,1.0
F01361,C_detection_pattern,42,1.0503119752145604,1.5127482913440407,0.23121815806474033,0.4257148238975349,P13,0,0.0,0.0,1.0,1.0,1.0
F01362,not_tiered,42,0.4192209275945863,0.545366241927886,0.07438028814153669,0.5109210852479572,P34,0,0.0,0.0,1.0,1.0,
F01363,not_tiered,42,-0.3961604349127824,-0.32652826784846767,0.037578785332579245,0.4176906327442911,P5,0,1.0,0.0,0.0,0.0,
F01364,not_tiered,42,0.351494829665519,0.458493974532346,0.06447231768659162,0.4748128957956205,P39,0,1.0,0.0,0.0,0.0,
F01365,C_detection_pattern,42,0.27373054609436187,0.41909510883587703,0.07612167625252131,0.4255852204675683,P25,0,0.0,0.0,1.0,1.0,1.0
F01366,C_detection_pattern,42,0.15551624872458125,0.4382425038884439,0.16083349158342597,0.5748708314825961,P22,0,0.0,0.0,1.0,1.0,1.0
F01367,B_abundance,42,-1.8918079731535984,-1.684816008049467,0.11570768374893037,0.4852033879694062,P32,0,1.0,1.0,0.0,0.0,1.0
F01368,not_tiered,42,-0.7738421937052911,0.4745710952165112,0.6829955678666547,1.1693976907929982,P30,2,0.0,0.0,1.0,1.0,
F01369,not_tiered,42,-0.9045187428924071,-0.6870895738105941,0.13278678061361615,0.6054131542718016,P11,0,1.0,0.0,0.0,0.0,
F01370,C_detection_pattern,42,0.11012883587820532,2.5518912903490865,1.2208812272354406,1.5815515702952228,P22,0,0.0,0.0,1.0,1.0,1.0
F01371,not_tiered,41,-0.7032703038892976,-0.7032703038892976,0.0,,P2,0,0.0,0.0,0.0,0.0,
F01372,not_tiered,42,-0.801166271671216,-0.6809072023348479,0.07588720534701776,0.4870500962699994,P42,0,1.0,0.0,0.0,0.0,
F01373,not_tiered,42,-1.0136104928733092,-0.8438456839137721,0.11358174511477392,0.5989154607994923,P42,0,1.0,0.047619047619047616,0.0,0.0,
F01374,not_tiered,42,-0.7325821997377361,-0.34011346580597895,0.30413680873730037,0.8909002815546023,P21,0,0.023809523809523808,0.0,0.0,0.0,
F01375,not_tiered,42,-0.16069982125086968,-0.010549358954658916,0.08875309838960678,0.47786000878843654,P30,0,0.0,0.0,1.0,1.0,
F01376,not_tiered,42,-0.40511707833497235,-0.30629777228387817,0.06310273442119707,0.5600806016816807,P14,0,1.0,0.0,0.0,0.0,
F01377,C_detection_pattern,42,-0.42006885380946163,0.2881813916100717,0.41884507373178775,0.6069166058591005,P38,7,0.0,0.0,1.0,1.0,1.0
F01378,not_tiered,42,-0.4152048334579336,-0.33874983674955117,0.04590859458654312,0.4059009441615599,P42,0,1.0,0.0,0.0,0.0,
F01379,not_tiered,0,,,,,,0,0.0,0.0,0.0,0.0,
F01380,C_detection_pattern,42,-0.13538722997122124,0.1229956055868775,0.13616164913612913,0.5082506963217518,P13,11,0.0,0.0,1.0,1.0,1.0
F01381,not_tiered,42,0.08114378343509851,0.22269277831101858,0.07460720881382968,0.3947308572883251,P35,0,0.0,0.0,1.0,1.0,
F01382,not_tiered,42,-0.2534982623953287,-0.1626040420897366,0.056736025906687276,0.3929834099147268,P8,0,0.0,0.0,0.0,0.0,
F01383,not_tiered,42,-0.24000620162257766,-0.10500324350735085,0.08650712970129834,0.48106232442651137,P39,0,0.0,0.0,1.0,1.0,
F01384,not_tiered,42,-0.3629383884045724,-0.22674017904653412,0.0785046866917031,0.4519939930440264,P18,0,0.0,0.0,1.0,1.0,
F01385,C_detection_pattern,42,-0.5950093291332436,-0.3383981352446633,0.19782023215347072,0.8249447976973102,P40,0,0.0,0.0,1.0,1.0,1.0
F01386,not_tiered,42,-0.07999451088396337,0.04536019868888413,0.06570199684112807,0.3910622666522596,P14,9,0.0,0.0,1.0,1.0,
F01387,C_detection_pattern,42,-0.7031255049017425,-0.4141907938375732,0.16735085173721387,0.5809541482188493,P33,0,0.0,0.0,1.0,1.0,1.0
F01388,C_detection_pattern,42,0.4442039149516166,0.6269973823465623,0.09922159512867634,0.44506207306020573,P33,0,0.0,0.0,1.0,1.0,1.0
F01389,B_abundance,42,-5.373926551129385,-4.949167130039063,0.21323896753197946,0.423831996861515,P31,0,0.2857142857142857,0.2857142857142857,1.0,1.0,0.2857142857142857
F01390,C_detection_pattern,42,-0.6038678467219432,0.10628937696727535,0.3776395976513174,0.6681263529116123,P8,1,0.0,0.0,1.0,1.0,1.0
F01391,B_abundance,42,1.4012893857488373,1.6080410792362447,0.11910736843096226,0.4223556894116355,P31,0,1.0,1.0,0.0,0.0,1.0
F01392,B_abundance,42,-2.956028253926352,-2.758923909344174,0.10894317481767812,0.44221056816645393,P1,0,1.0,1.0,0.0,0.0,1.0
F01393,B_abundance,42,-2.672898148099232,-2.462502175989131,0.1167290972847117,0.43861639992137025,P19,0,1.0,1.0,0.0,0.0,1.0
F01394,B_abundance,42,-1.7154645983298886,-1.5244240876851909,0.11955185020376335,0.5117255731866758,P31,0,1.0,1.0,0.0,0.0,1.0
F01395,B_abundance,42,0.9885317271981494,1.2098120435098867,0.15743052501031407,0.6421193651274194,P42,0,1.0,0.9523809523809523,0.0,0.0,0.9523809523809523
F01396,not_tiered,42,-1.0096278315658136,-0.896458187175789,0.06542566140476325,0.44335181744537794,P3,0,1.0,0.047619047619047616,0.0,0.0,
F01397,not_tiered,41,3.308138516957822,3.308138516957822,0.0,,P1,0,0.0,0.0,0.0,0.0,
F01398,B_abundance,42,-3.1485135516698817,-2.843068847788341,0.19694373422810552,0.5418730477449933,P3,0,1.0,1.0,0.0,0.0,1.0
F01399,B_abundance,42,-3.250880789287017,-2.9756500329644435,0.17526229738200128,0.5089426455042223,P3,0,1.0,1.0,0.0,0.0,1.0
F01400,C_detection_pattern,42,-2.8427645978742637,0.14367212827609865,1.8439347616747928,1.5833260244230856,P23,1,0.0,0.0,1.0,1.0,1.0
F01401,not_tiered,42,-2.593592928376408,-0.6029978097076718,0.995297559334368,1.4200790903584628,P8,0,0.0,0.0,0.0,0.0,
F01402,not_tiered,0,,,,,,0,0.0,0.0,0.0,0.0,
F01403,not_tiered,0,,,,,,0,0.0,0.0,0.0,0.0,
F01404,C_detection_pattern,42,1.0467195577704111,1.5646290175849356,0.32853147645742986,0.8310165427962377,P23,0,0.0,0.0,1.0,1.0,1.0
F01405,B_abundance,42,-2.901393725782181,-2.594435763792568,0.190280244380733,0.5318149630461477,P3,0,1.0,1.0,0.0,0.0,1.0
F01406,B_abundance,42,-3.379122302890452,-3.104652301484474,0.16910187469956828,0.5275793654572786,P3,0,1.0,1.0,0.0,0.0,1.0
F01407,not_tiered,42,-0.8306365303296191,-0.6832100197295127,0.07541181881416181,0.382911537121741,P23,0,1.0,0.0,0.0,0.0,
F01408,not_tiered,42,-1.1024891063803264,-0.947188091326246,0.08216984699945717,0.4049676818803786,P23,0,1.0,0.8809523809523809,0.0,0.0,
F01409,not_tiered,42,-0.7066457251475603,-0.5064529891442903,0.13833797362728195,0.6183806763259218,P19,0,1.0,0.0,0.0,0.0,
F01410,not_tiered,42,-0.10346637818699832,0.5143482726946016,0.3363750009269379,0.6905572634556129,P32,1,0.0,0.0,0.07142857142857142,0.07142857142857142,
F01411,B_abundance,42,-2.3914223102041214,-2.1694707951875523,0.12791862713879176,0.4476309914925366,P19,0,1.0,1.0,0.0,0.0,1.0
F01412,B_abundance,42,-1.9580758391671838,-1.7228480880981503,0.12048804175650663,0.3586824103970714,P23,0,1.0,1.0,0.0,0.0,1.0
F01413,B_abundance,42,-2.15446311310026,-1.9472159790792851,0.11795230965635373,0.41123926813058403,P23,0,1.0,1.0,0.0,0.0,1.0
F01414,B_abundance,42,-1.7902419335262922,-1.5791600280146796,0.1435305686051105,0.5968045685054499,P3,0,1.0,1.0,0.0,0.0,1.0
F01415,B_abundance,42,-1.7141561133774004,-1.5208694563177936,0.1291086100712051,0.5712584667668212,P3,0,1.0,1.0,0.0,0.0,1.0
F01416,B_abundance,42,-1.6249525981308137,-1.4246495302646816,0.13916027115449858,0.5939480350312116,P3,0,1.0,1.0,0.0,0.0,1.0
F01417,not_tiered,41,0.5839540215954795,0.5839540215954795,0.0,,P1,0,0.0,0.0,0.0,0.0,
F01418,B_abundance,42,-1.7134381934712837,-1.5683562662135992,0.07509311329417345,0.32723584277083445,P4,0,1.0,1.0,0.0,0.0,1.0
F01419,not_tiered,42,-0.3117127306943172,-0.06835868692813211,0.16276577155807812,0.5171214722344621,P2,0,0.0,0.0,0.0,0.0,
F01420,not_tiered,42,-1.4400713321408396,-1.144358485712773,0.15845618027849606,0.43956500641851853,P29,0,0.0,0.0,0.0,0.0,
F01421,not_tiered,42,-0.4149796209671213,0.3114343470931402,0.4352767793260756,0.9722031023879176,P16,1,0.0,0.0,0.0,0.0,
F01422,B_abundance,42,1.4497346844619128,1.534079188724959,0.04724644241489373,0.40427958039035683,P1,0,1.0,1.0,0.0,0.0,1.0
F01423,not_tiered,42,-0.034097715124627705,0.09512135749110406,0.06686080637075986,0.4614940754769436,P23,3,0.0,0.0,1.0,0.0,
F01424,not_tiered,42,-0.24415826419528805,-0.20257499616821567,0.020952225397573854,0.3379191572078139,P25,0,1.0,0.0,0.0,0.0,
F01425,not_tiered,42,0.13872398977708428,0.21723909529329943,0.04585665306734843,0.410782146233553,P25,0,0.0,0.0,0.0,0.0,
F01426,C_detection_pattern,42,-0.8700678239384685,-0.21211389891755306,0.4850190912607121,1.003363288285987,P37,0,0.0,0.0,1.0,1.0,1.0
F01427,C_detection_pattern,42,-0.6182299704418543,-0.18651513657639818,0.23974203401462962,0.6150302951445691,P37,0,0.0,0.0,1.0,1.0,1.0
F01428,not_tiered,42,-0.19126152058184004,-0.00475037146634909,0.10746415842018264,0.487490662045358,P35,0,0.0,0.0,1.0,1.0,
F01429,C_detection_pattern,42,0.34105406218158285,0.4684851727486297,0.07382095347273393,0.44845210263692814,P38,0,0.0,0.0,1.0,1.0,1.0
F01430,not_tiered,42,0.34124468508023775,0.9419986574854329,0.5048523866177893,0.9874815836730809,P8,0,0.0,0.0,1.0,1.0,
F01431,not_tiered,42,0.07418457298037781,0.17731553589865628,0.06941807805276479,0.594795514209985,P14,0,0.0,0.0,0.0,0.0,
F01432,not_tiered,42,-2.5219874314787156,-1.7596136072714001,0.517293704986721,0.7936812206733754,P19,0,0.0,0.0,0.0,0.0,
F01433,not_tiered,42,-0.17742084569029104,-0.10174789680430169,0.04018573580400581,0.3698600544826379,P10,0,0.0,0.0,0.0,0.0,
F01434,not_tiered,42,-0.844329918040606,-0.7091022595318076,0.06999463697353558,0.39977601622308717,P19,0,1.0,0.0,0.0,0.0,
F01435,not_tiered,42,0.45487241408498086,0.5468723831006463,0.06010536120984966,0.48177396752152457,P36,0,1.0,0.0,0.0,0.0,
F01436,not_tiered,42,0.40457552226401833,0.5103484893896092,0.05612977991969709,0.41892539514521876,P36,0,1.0,0.0,0.0,0.0,
F01437,not_tiered,42,0.4656526685436843,0.591002042555025,0.06426148558682931,0.41921128147190617,P36,0,1.0,0.0,0.0,0.0,
F01438,not_tiered,42,0.14931350613885858,0.24137060938385893,0.06111654415617082,0.4846925125874116,P36,0,0.0,0.0,0.0,0.0,
F01439,not_tiered,42,0.429756510426511,0.5429088126293629,0.06802595092268288,0.4776396577572996,P36,0,1.0,0.0,0.0,0.0,
F01440,not_tiered,42,0.12169422501042512,0.21444280426283385,0.04862592867467144,0.3564999247597505,P42,0,0.0,0.0,0.0,0.0,
F01441,C_detection_pattern,41,-0.3526792970834496,-0.3526792970834496,0.0,,P2,0,0.0,0.0,1.0,1.0,1.0
F01442,not_tiered,42,-0.3019489756026521,-0.2272835226870293,0.03879309175074416,0.3972842285496586,P19,0,1.0,0.0,0.0,0.0,
F01443,not_tiered,42,-0.3915209874696982,-0.32563945035793523,0.03305734133803295,0.34306580305593826,P11,0,1.0,0.0,0.0,0.0,
F01444,not_tiered,42,-0.4518374532153405,-0.40520435572983493,0.03050135078143157,0.3807769724134153,P19,0,1.0,0.0,0.0,0.0,
F01445,not_tiered,42,-0.16583793544551653,-0.10556550356162046,0.032969458089784534,0.3739669693658042,P18,0,0.0,0.0,0.0,0.0,
F01446,not_tiered,42,-0.26217492908411555,-0.18926980047458508,0.042376380266247654,0.45031637519037276,P14,0,0.6904761904761905,0.0,0.0,0.0,
F01447,not_tiered,42,-0.558201130746101,-0.47359026116941677,0.057799246137739624,0.5540554620794995,P25,0,1.0,0.0,0.0,0.0,
F01448,C_detection_pattern,42,1.0028867546909463,1.8521725531764204,0.5622963868662041,0.7651232063814588,P24,0,0.0,0.0,1.0,1.0,1.0
F01449,not_tiered,42,-0.5169686812803999,-0.4357406523782575,0.044016892921142414,0.410772763006985,P2,0,1.0,0.0,0.0,0.0,
F01450,not_tiered,42,0.10220327096156978,0.19384464514047975,0.05912051880008526,0.5011939804020038,P36,0,0.0,0.0,0.0,0.0,
F01451,C_detection_pattern,42,0.18736258268078387,1.0152404090736091,0.41829490807383907,0.672365899498586,P6,0,0.0,0.0,1.0,1.0,1.0
F01452,C_detection_pattern,41,-4.867887008814321,-4.867887008814321,0.0,,P1,0,0.0,0.0,1.0,1.0,1.0
F01453,not_tiered,42,-1.2492826887898445,-0.8028967673049765,0.2297976778650166,0.561528436359035,P39,0,0.0,0.0,0.0,0.0,
F01454,B_abundance,42,-1.6476701011641526,-1.4744781402309641,0.10319527145141971,0.3618703938947989,P19,0,1.0,1.0,0.0,0.0,1.0
F01455,B_abundance,42,-1.795273507516696,-1.4379308961447148,0.1971588131664661,0.43139028969501203,P22,0,1.0,1.0,0.9523809523809523,0.7619047619047619,1.0
F01456,C_detection_pattern,42,-3.2762854567234307,-0.8524037851234887,1.6693065634570936,1.4343690617022233,P24,0,0.0,0.0,1.0,1.0,1.0
F01457,C_detection_pattern,42,-3.027546280683282,-2.6085350314685978,0.219674358185046,0.46582629283845184,P16,0,0.0,0.0,1.0,1.0,1.0
F01458,B_abundance,42,-2.607255908604966,-2.39169749465229,0.10887928623709175,0.3601192956663101,P2,0,1.0,1.0,0.0,0.0,1.0
F01459,not_tiered,42,0.5543331521951931,0.7152685215993028,0.08530925055368732,0.41622417884129803,P21,0,1.0,0.0,0.0,0.0,
F01460,not_tiered,42,0.04269003448069632,0.11840388116679595,0.03987930173108796,0.35527003396795626,P35,0,0.0,0.0,0.0,0.0,
F01461,not_tiered,42,0.8032626542324959,0.8699950274080895,0.035462347569487296,0.434614432021666,P31,0,1.0,0.0,0.0,0.0,
F01462,C_detection_pattern,42,-0.45159279300255406,0.05321793280813777,0.29303449983780916,0.7292392148320466,P9,1,0.0,0.0,1.0,1.0,1.0
F01463,not_tiered,41,-1.2296942642937445,-1.2296942642937445,0.0,,P2,0,0.0,0.0,0.0,0.0,
F01464,not_tiered,42,-2.421844645578472,-0.6056886936155935,0.9232781554136664,1.0982969652604,P14,0,0.0,0.0,0.0,0.0,
F01465,not_tiered,42,0.16630749158023997,0.27882783135129524,0.05734941363666124,0.41758944385931474,P19,0,0.0,0.0,0.0,0.0,
F01466,not_tiered,42,0.7179152741054475,0.8496739924038237,0.07392393382336437,0.4434931741901676,P22,0,1.0,0.0,0.0,0.0,
F01467,not_tiered,42,-0.9282709424930111,0.2761178860940383,0.6942359749508071,1.1675172937181326,P25,1,0.0,0.0,0.0,0.0,
F01468,not_tiered,42,-0.38537286932053,0.01018536754668916,0.27177864124752493,0.771188746770243,P21,1,0.0,0.0,0.0,0.0,
F01469,C_detection_pattern,42,-0.40873234291560545,0.27194179000535357,0.38608667547465547,0.8909236161079127,P18,1,0.0,0.0,1.0,1.0,1.0
F01470,not_tiered,42,-0.19057531281154352,0.0116297459667644,0.10503741958246372,0.47106462201831434,P33,1,0.0,0.0,0.5952380952380952,0.0,
F01471,B_abundance,42,-1.5932718791094755,-1.4222291755602066,0.12402644119405992,0.5111945939495278,P19,0,1.0,1.0,0.0,0.0,1.0
F01472,B_abundance,42,-1.6990720379004234,-1.5398915966348936,0.10810612621427285,0.45633043668210677,P18,0,1.0,1.0,0.0,0.0,1.0
F01473,B_abundance,42,-1.735214852699706,-1.5739824245244005,0.10368833026882118,0.4773274780635053,P19,0,1.0,1.0,0.0,0.0,1.0
F01474,not_tiered,42,-0.29284877319189817,0.49029946972623084,0.5899163290733513,0.9541901192124467,P37,1,0.0,0.0,0.0,0.0,
F01475,not_tiered,42,-3.4715416588243766,-0.3106325182280276,1.5804545702981745,1.7595067228197416,P1,0,0.0,0.0,0.8095238095238095,0.8095238095238095,
F01476,not_tiered,42,-1.1803833519195444,-1.0070573500916016,0.11444656285177524,0.46216945437265916,P2,0,1.0,1.0,0.0,0.0,
F01477,B_abundance,42,-1.3920077291474808,-1.2397237015418872,0.10876378044040091,0.4856049483235463,P19,0,1.0,1.0,0.0,0.0,1.0
F01478,B_abundance,42,-3.7112380548630726,-3.3090546900978586,0.21700309012703878,0.43446188986342504,P42,0,1.0,1.0,1.0,0.0,1.0
F01479,not_tiered,42,-0.6287726752200148,-0.542352982007378,0.05110286998000324,0.49351139361523805,P19,0,1.0,0.0,0.0,0.0,
F01480,not_tiered,42,-0.14885103530383875,-0.015357812749906061,0.08847926464841484,0.5697680740265101,P11,0,0.0,0.0,0.8333333333333334,0.0,
F01481,not_tiered,42,-0.5152171900083126,-0.3526286637277317,0.08367561637282867,0.42331528798310325,P2,0,0.30952380952380953,0.0,0.0,0.0,
F01482,B_abundance,42,-1.3626181415561702,-1.2347388912627124,0.0652247715837806,0.33021924650511914,P31,0,1.0,1.0,0.0,0.0,1.0
F01483,B_abundance,42,-3.541274955923973,-3.3237174096979496,0.11222886572870028,0.38018677333887635,P16,0,1.0,1.0,0.0,0.0,1.0
F01484,C_detection_pattern,42,-0.16654885182151385,0.4409196880808693,0.32756585633853896,0.6750051410694731,P37,3,0.0,0.0,1.0,1.0,1.0
F01485,not_tiered,42,-0.01611841250672186,0.1654037791608332,0.11113907802924941,0.4715115198737721,P42,3,0.0,0.0,0.0,0.0,
F01486,C_detection_pattern,42,-1.0045586352923463,-0.7778158522287476,0.13513588941601384,0.5059820456226272,P21,0,0.0,0.0,1.0,1.0,1.0
F01487,not_tiered,42,-4.679934848395801,-1.1775115557623994,2.5221483604119133,1.3512729856925163,P21,0,0.0,0.0,0.0,0.0,
F01488,not_tiered,0,,,,,,0,0.0,0.0,0.0,0.0,
F01489,not_tiered,42,-0.6753524423199854,-0.3472431125068568,0.20436745316526578,0.6235889138930895,P36,0,0.0,0.0,0.09523809523809523,0.09523809523809523,
F01490,not_tiered,42,-1.3947076150899131,-1.188012227556112,0.12311081626537934,0.4390619315721395,P38,0,0.2857142857142857,0.2857142857142857,0.0,0.0,
F01491,not_tiered,42,-1.0189817376402366,-0.8386933311459859,0.09021178323635781,0.3706308388282524,P22,0,1.0,0.0,0.0,0.0,
F01492,not_tiered,42,0.5660469069521112,0.6390655436534352,0.04138709479672309,0.3748063846045702,P25,0,1.0,0.0,0.0,0.0,
F01493,C_detection_pattern,42,-0.31953303393077487,-0.01722612276062959,0.19358644857269597,0.7135063722190669,P35,0,0.0,0.0,1.0,1.0,1.0
F01494,not_tiered,42,-0.2390575959801617,-0.16176210355719495,0.041858838098440015,0.41341739978149716,P25,0,0.047619047619047616,0.0,0.0,0.0,
F01495,C_detection_pattern,41,-0.962528485947928,-0.962528485947928,0.0,,P1,0,0.0,0.0,1.0,1.0,1.0
F01496,not_tiered,42,-1.507409658531001,-1.1131410109192144,0.26828822912518113,0.8196239750184591,P1,0,0.0,0.0,0.0,0.0,
F01497,not_tiered,42,0.6705311459321882,0.7508942445771467,0.0479743327664518,0.4723551512943056,P19,0,1.0,0.0,0.0,0.0,
F01498,not_tiered,42,-0.28639924520775834,-0.20277043030673467,0.048347865547304525,0.43544754298725236,P18,0,0.16666666666666666,0.0,0.0,0.0,
F01499,not_tiered,42,-0.7877917155465703,-0.6455891068207847,0.07255477672421973,0.3985907464498095,P32,0,1.0,0.0,0.0,0.0,
F01500,not_tiered,0,,,,,,0,0.0,0.0,0.047619047619047616,0.0,
F01501,not_tiered,42,0.3733214431448742,0.4479645273893246,0.039063458599742085,0.4593344210332143,P22,0,1.0,0.0,0.0,0.0,
F01502,not_tiered,42,0.0996454143010592,0.2568444804946833,0.11745503825172718,0.6768243575163695,P19,0,0.0,0.0,1.0,0.7619047619047619,
F01503,not_tiered,42,0.616929255579618,0.7100593355215425,0.051672709906922965,0.4678287733172405,P2,0,1.0,0.0,0.0,0.0,
F01504,not_tiered,0,,,,,,0,0.0,0.0,0.0,0.0,
F01505,not_tiered,42,0.05218290754477273,0.4292684770623823,0.28157875099740176,0.9269156746672639,P19,0,0.0,0.0,0.0,0.0,
F01506,not_tiered,42,0.11251223890832715,0.19548383527829408,0.04369231834858564,0.37386991841163747,P5,0,0.0,0.0,0.0,0.0,
F01507,not_tiered,42,0.38589268419472716,0.5181964819040595,0.07189949562544412,0.3889745511971156,P18,0,0.9285714285714286,0.0,0.0,0.0,
F01508,not_tiered,42,-1.7600233978403417,-1.1846423628281404,0.31606156766261817,0.5908803155974851,P42,0,0.0,0.0,0.0,0.0,
F01509,not_tiered,42,-0.9084827521668173,-0.7866806185462231,0.07231396846267579,0.4828975295602152,P19,0,1.0,0.0,0.0,0.0,
F01510,not_tiered,42,0.8091504849647239,1.6482484863983176,0.5161901602549581,1.0532103781785653,P29,0,0.0,0.0,0.0,0.0,
F01511,not_tiered,42,-0.4272067138339858,-0.31812220312038564,0.055387618119788984,0.3082100391451809,P19,0,0.14285714285714285,0.0,0.0,0.0,
F01512,not_tiered,0,,,,,,0,0.0,0.0,0.0,0.0,
F01513,C_detection_pattern,42,-1.0222927597899858,-0.3105971400661627,0.35584780986191156,0.6388022806991777,P6,0,0.0,0.0,1.0,1.0,1.0
F01514,not_tiered,0,,,,,,0,0.0,0.0,0.0,0.0,
F01515,not_tiered,0,,,,,,0,0.0,0.0,0.0,0.0,
F01516,C_detection_pattern,42,-1.99548506765426,-0.7963137865422502,0.6298268457133818,0.700087881014929,P16,0,0.0,0.0,1.0,1.0,1.0
F01517,not_tiered,41,-6.815266914460718,-6.815266914460718,0.0,,P1,0,0.0,0.0,0.0,0.0,
F01518,not_tiered,42,-2.1875956393570473,-1.5104014245495594,0.3513510616431943,0.6781116366191837,P36,0,0.0,0.0,0.0,0.0,
F01519,not_tiered,42,-0.08820112255772027,0.1761538112193537,0.1456083265858275,0.43177477311189827,P20,11,0.0,0.0,0.0,0.0,
F01520,not_tiered,0,,,,,,0,0.0,0.0,0.0,0.0,
F01521,not_tiered,42,-0.3582958301654493,-0.07928235165493103,0.1454197676372798,0.3574865550851105,P30,0,0.0,0.0,0.0,0.0,
F01522,B_abundance,42,-2.550136676297537,-2.324873945454804,0.11423366184244843,0.3523470041637095,P16,0,1.0,1.0,0.0,0.0,1.0
F01523,not_tiered,42,-1.6283812876714343,-1.1078120434001073,0.3142633667286068,0.8135892472583184,P38,0,0.0,0.0,0.0,0.0,
F01524,not_tiered,42,-4.01433641720074,-2.769673467986795,0.6613379420841698,1.1386070710977483,P13,0,0.0,0.0,0.0,0.0,
F01525,not_tiered,42,0.1995252085853624,0.3330519155261427,0.07637121749141962,0.4859238354810121,P22,0,0.0,0.0,1.0,1.0,
F01526,C_detection_pattern,42,-0.2831950082722796,-0.030374779481105167,0.1615015932576538,0.6565927055072,P38,0,0.0,0.0,1.0,1.0,1.0
F01527,not_tiered,42,-0.29663129979382336,-0.08851397506827074,0.11635545978727185,0.5389896062793877,P23,0,0.0,0.0,0.0,0.0,
F01528,not_tiered,42,-2.2584254068210154,-1.1726466055049887,0.5960887970535258,0.8681629587218378,P32,0,0.0,0.0,0.09523809523809523,0.09523809523809523,
F01529,C_detection_pattern,42,-0.2121422994590764,0.3217236715291227,0.2825318471280623,0.6902480531997305,P17,5,0.0,0.0,1.0,1.0,1.0
F01530,B_abundance,42,-1.472982481318365,-1.271861533101127,0.1562885773619822,0.7808986984440245,P18,0,1.0,1.0,0.0,0.0,1.0
F01531,B_abundance,42,-1.2442183367793656,-1.1550249673868764,0.056439890111636304,0.43200082436823223,P1,0,1.0,1.0,0.0,0.0,1.0
F01532,not_tiered,41,-1.206367560047907,-1.206367560047907,0.0,,P2,0,0.0,0.0,0.023809523809523808,0.0,
F01533,not_tiered,42,-1.9292015622189425,-1.542171024195438,0.21149647050748754,0.44626585938434793,P35,0,0.0,0.0,0.8809523809523809,0.7619047619047619,
F01534,not_tiered,0,,,,,,0,0.0,0.0,0.0,0.0,
F01535,not_tiered,42,-0.38615887549483785,-0.2854310177546737,0.0783704343708932,0.7405087865318272,P23,0,1.0,0.0,0.0,0.0,
F01536,not_tiered,42,0.10374522830857609,0.18662673931392185,0.047939475242469554,0.4733960375808345,P23,0,0.0,0.0,0.0,0.0,
F01537,not_tiered,42,-0.20901863992754438,-0.06277666155974315,0.07433454940925704,0.45428390516880096,P21,0,0.0,0.0,1.0,0.0,
F01538,not_tiered,42,-1.619674949129153,-1.15030703282205,0.23622310957790038,0.505054130011394,P5,0,0.0,0.0,0.0,0.0,
F01539,not_tiered,42,0.05848780098277418,0.36091633895498054,0.17793419217515336,0.6945909309508805,P40,0,0.0,0.0,1.0,1.0,
F01540,B_abundance,42,-4.863822064103301,-4.482020307988192,0.23915445235777177,0.511858334507027,P1,0,1.0,1.0,0.0,0.0,1.0
F01541,not_tiered,42,-1.4963872891839405,-0.7635914380301883,0.4573449072585285,0.8652173136989713,P39,0,0.0,0.0,0.0,0.0,
F01542,not_tiered,42,-0.38896240744113236,-0.26569859879108015,0.07556108953344526,0.41874416007371557,P36,0,0.023809523809523808,0.0,0.7380952380952381,0.0,
F01543,not_tiered,42,-0.7026966138457424,-0.4126483693231694,0.15245826902725435,0.4466024173385011,P38,0,0.0,0.0,0.0,0.0,
F01544,B_abundance,42,1.9910117575730764,2.1791445346719382,0.10831138786180405,0.4888024728331426,P40,0,0.2857142857142857,0.2857142857142857,1.0,1.0,0.2857142857142857
F01545,B_abundance,42,-3.4876528593796294,-3.1595427014862856,0.20944062611457515,0.47315966428966777,P18,0,1.0,1.0,0.0,0.0,1.0
F01546,not_tiered,42,-0.47281499673098776,-0.3173335108571807,0.08134402426617099,0.43074887089466585,P16,0,0.21428571428571427,0.0,0.0,0.0,
F01547,not_tiered,42,-0.9840266770973013,-0.8099089574708976,0.11002932694137835,0.5015412791852071,P16,0,1.0,0.0,0.023809523809523808,0.0,
F01548,not_tiered,42,0.2252500382350252,1.7621764060216005,0.9914107545135457,0.9890499633277934,P34,0,0.0,0.0,0.0,0.0,
F01549,C_detection_pattern,42,-1.8098772105087912,-1.5660865180744834,0.14154404656322161,0.5242740641360698,P32,0,0.0,0.0,1.0,1.0,1.0
F01550,C_detection_pattern,42,-4.914203077026416,-1.7317983602939337,1.713361682437986,1.4767508976786423,P1,0,0.0,0.0,1.0,1.0,1.0
F01551,B_abundance,42,-1.229850708045024,-1.1457634347204255,0.05481223237711985,0.44234835180086995,P2,0,1.0,1.0,0.0,0.0,1.0
F01552,not_tiered,42,-0.2883774598650636,0.946358499870982,0.7189758751025497,0.7671619168638242,P34,2,0.0,0.0,0.5952380952380952,0.5952380952380952,
F01553,not_tiered,42,-0.7624971906383324,-0.6512198579237681,0.07956413086859815,0.4402650610312197,P19,0,1.0,0.0,0.0,0.0,
F01554,not_tiered,42,0.1281409404251906,0.18523108602062172,0.03560854403724212,0.390140309373169,P31,0,0.0,0.0,0.0,0.0,
F01555,not_tiered,42,0.6352059487734782,0.6889264630635981,0.02950699857197492,0.31956740320553606,P37,0,1.0,0.0,0.0,0.0,
F01556,not_tiered,0,,,,,,0,0.0,0.0,0.0,0.0,
F01557,not_tiered,0,,,,,,0,0.0,0.0,0.0,0.0,
F01558,C_detection_pattern,0,,,,,,0,0.0,0.0,1.0,1.0,1.0
F01559,not_tiered,42,-0.058724717680879376,0.041747136887017276,0.05050847736446758,0.415076335122822,P22,10,0.0,0.0,0.0,0.0,
F01560,not_tiered,0,,,,,,0,0.0,0.0,0.0,0.0,
F01561,not_tiered,42,-0.39173873107546997,1.1132703746083905,0.788552609730248,0.8160665726097224,P26,1,0.0,0.0,0.0,0.0,
F01562,not_tiered,42,0.8443488994139268,0.9447065639416425,0.05292882989833947,0.3713056375041185,P25,0,1.0,0.0,0.0,0.0,
F01563,C_detection_pattern,42,0.06770177975199469,0.2541689457791063,0.10775634163568182,0.5032470328647461,P35,0,0.0,0.0,1.0,1.0,1.0
F01564,C_detection_pattern,42,-0.5054761749305973,0.8908099374607147,1.0085500648786283,1.1772024491944022,P30,1,0.0,0.0,1.0,1.0,1.0
F01565,not_tiered,0,,,,,,0,0.0,0.0,0.0,0.0,
F01566,C_detection_pattern,42,-0.303443793621017,0.02164151345337168,0.18751043376525237,0.6692015938148311,P24,1,0.0,0.0,1.0,1.0,1.0
F01567,not_tiered,42,0.4220159647345638,0.4680496468675843,0.024100184422003068,0.2892295405270976,P34,0,1.0,0.0,0.0,0.0,
F01568,not_tiered,42,0.37335032376431443,0.4744503434324863,0.06507662718238594,0.5904721831626157,P23,0,1.0,0.0,0.0,0.0,
F01569,B_abundance,42,1.1028153042690567,1.3715604528297114,0.1377222924167747,0.4775481763991424,P14,0,1.0,1.0,0.0,0.0,1.0
F01570,not_tiered,42,-0.6324460937200083,-0.5211570846685984,0.07021277460372255,0.5161095011644572,P23,0,1.0,0.0,0.0,0.0,
F01571,not_tiered,42,0.6176694410811692,0.7823227227495718,0.09350028781648101,0.4169446939468587,P23,0,1.0,0.0,0.0,0.0,
F01572,not_tiered,42,-2.468430238223863,-1.7893059821425388,0.3954439624238417,0.6292981539389316,P16,0,0.0,0.0,0.0,0.0,
F01573,B_abundance,42,-1.2590322958608606,-1.14436857836562,0.06618190494119602,0.33652836473013603,P2,0,1.0,1.0,0.0,0.0,1.0
F01574,not_tiered,0,,,,,,0,0.0,0.0,0.0,0.0,
F01575,not_tiered,42,0.13825764181631284,0.3795164716136634,0.1272675019844448,0.4433667991501792,P26,0,0.0,0.0,0.0,0.0,
F01576,not_tiered,42,-0.8212502528728642,-0.5914309494086687,0.12086097783815053,0.3317318619901927,P16,0,0.07142857142857142,0.0,0.0,0.0,
F01577,not_tiered,42,-1.4624243937571024,-1.2627333935780574,0.1029563126736841,0.37119376329553255,P1,0,1.0,1.0,0.0,0.0,
F01578,not_tiered,42,0.3805333397592766,0.4666265925887793,0.05019294988258782,0.38154868539561165,P28,0,1.0,0.0,1.0,0.0,
F01579,not_tiered,42,0.49975169722474727,0.621533005023603,0.0756191526248225,0.5725919519049383,P5,0,0.2857142857142857,0.0,1.0,1.0,
F01580,C_detection_pattern,42,-0.02069358170007489,0.19661573056646586,0.11400276495094486,0.5179567961013972,P22,2,0.0,0.0,1.0,1.0,1.0
F01581,B_abundance,42,0.6441881490700904,1.0635836170533262,0.36159012662816126,0.9540272795666247,P41,0,0.2857142857142857,0.2857142857142857,1.0,1.0,0.2857142857142857
F01582,not_tiered,0,,,,,,0,0.0,0.0,0.0,0.0,
F01583,not_tiered,0,,,,,,0,0.0,0.0,0.0,0.0,
F01584,not_tiered,42,-0.3167539906084363,-0.2752690139882389,0.026343578362658937,0.3915506673996338,P22,0,1.0,0.0,0.0,0.0,
F01585,not_tiered,42,-0.13549047312780735,0.007181453725394183,0.07525926155892745,0.42137721458199584,P37,2,0.0,0.0,1.0,1.0,
F01586,C_detection_pattern,42,-0.38102818892332985,-0.16949456316259268,0.14723759218173885,0.6878185329250268,P36,0,0.0,0.0,1.0,1.0,1.0
F01587,C_detection_pattern,42,-0.7228747451728217,-0.26732374969669287,0.2358764990336562,0.6554594795617266,P23,0,0.0,0.0,1.0,1.0,1.0
F01588,C_detection_pattern,42,-0.8166861662078228,-0.46083703761470496,0.20411317047972255,0.6416986237168293,P15,0,0.0,0.0,1.0,1.0,1.0
F01589,C_detection_pattern,42,0.45147225450026274,0.8170122475522674,0.20626065208905675,0.6339615850685221,P7,0,0.0,0.0,1.0,1.0,1.0
F01590,not_tiered,42,-2.1086206677635904,-0.6478324554785413,0.7303941061425245,1.1614029022375134,P1,0,0.0,0.0,0.0,0.0,
F01591,C_detection_pattern,42,1.407566265407409,1.7920387783763236,0.19736267168004828,0.45553050766006015,P40,0,0.0,0.0,1.0,1.0,1.0
F01592,not_tiered,42,-0.19557068843290112,-0.09377374561330641,0.05813505812061612,0.3643332848566465,P21,0,0.0,0.0,0.0,0.0,
F01593,not_tiered,42,-0.8577077764726511,-0.7123333999221142,0.07657601955299975,0.4141787329591088,P35,0,1.0,0.0,0.0,0.0,
F01594,not_tiered,0,,,,,,0,0.0,0.0,0.0,0.0,
F01595,not_tiered,41,-2.7166219245596235,-2.7166219245596235,0.0,,P1,0,0.0,0.0,0.0,0.0,
F01596,not_tiered,42,-0.44713746534851884,-0.30880639735064763,0.08246381763876753,0.4332729585628598,P21,0,0.023809523809523808,0.0,0.0,0.0,
F01597,not_tiered,42,-1.144469220904797,-0.8824912365110251,0.14501654355389504,0.47245154466793265,P40,0,0.0,0.0,0.0,0.0,
F01598,not_tiered,42,0.32240904277280363,0.41538580253113894,0.055120281567954565,0.5570815562457295,P23,0,1.0,0.0,0.0,0.0,
F01599,not_tiered,42,-0.04948549011807709,0.07683274380521961,0.07891840654786039,0.48279048367560873,P21,6,0.0,0.0,0.0,0.0,
F01600,not_tiered,42,-0.6392227373220054,-0.40617610615061084,0.13272469868872294,0.5316545867811446,P17,0,0.0,0.0,0.0,0.0,
F01601,B_abundance,42,1.3979761493813052,1.5123109412437896,0.06926040807640632,0.4609641843489936,P23,0,1.0,1.0,0.0,0.0,1.0
F01602,not_tiered,42,-1.2365158575317392,-0.7703658903988363,0.24580119762201025,0.580417861095532,P24,0,0.0,0.0,0.047619047619047616,0.047619047619047616,
F01603,C_detection_pattern,42,-0.7656923719617206,0.7299480139602625,0.7918039764162792,1.2256940753080396,P40,1,0.0,0.0,1.0,1.0,1.0
F01604,B_abundance,42,0.9391340981761819,1.1354648215668277,0.1338111421175594,0.653298273462785,P2,0,1.0,0.6190476190476191,0.0,0.0,0.6190476190476191
F01605,not_tiered,42,0.8378004878830164,0.922531336797194,0.045004401958568474,0.34588068554520346,P1,0,1.0,0.0,0.0,0.0,
F01606,B_abundance,42,1.4263923194710988,1.535569534463804,0.05831869528420919,0.3684450719822117,P1,0,1.0,1.0,0.0,0.0,1.0
F01607,not_tiered,42,0.03912827333209205,0.1182052105201426,0.04225321752261095,0.36646276894389784,P20,0,0.0,0.0,0.0,0.0,
F01608,not_tiered,42,0.027151328288024117,0.2229222713914367,0.09963385598943418,0.41003398467171975,P3,0,0.0,0.0,0.0,0.0,
F01609,C_detection_pattern,42,0.03156686473429012,0.31073505044057304,0.17808424668441122,0.6034448243174058,P24,0,0.0,0.0,1.0,1.0,1.0
F01610,C_detection_pattern,42,2.07638627185277,3.1617777488108736,0.7132020740828078,0.8302010153998339,P7,0,0.0,0.0,1.0,1.0,1.0
F01611,C_detection_pattern,42,1.1052330410053373,1.489152275054005,0.22094923397049682,0.5964009479670905,P36,0,0.0,0.0,1.0,1.0,1.0
F01612,not_tiered,42,0.6656081296300606,0.8279698845701271,0.0878387860117339,0.3778682853208072,P25,0,1.0,0.0,1.0,1.0,
F01613,C_detection_pattern,42,-0.44594364921991503,-0.021598799343637783,0.21538104426765034,0.5611420315449702,P39,0,0.0,0.0,1.0,1.0,1.0
F01614,not_tiered,42,-0.04282265439944835,0.0874341018669848,0.072326661404173,0.41637782950988134,P39,12,0.0,0.0,0.0,0.0,
F01615,not_tiered,42,0.5464243020914059,0.6560757742010482,0.06870699490655319,0.4493328109423275,P8,0,1.0,0.0,0.0,0.0,
F01616,not_tiered,42,-0.4203566445231245,-0.24552140310327294,0.1205095961345301,0.5956129167670197,P41,0,0.023809523809523808,0.0,1.0,0.7619047619047619,
F01617,not_tiered,42,-0.1926290423500152,0.7487658394858716,0.4706974409179434,0.8191463804446011,P1,1,0.0,0.0,0.07142857142857142,0.07142857142857142,
F01618,not_tiered,0,,,,,,0,0.0,0.0,0.0,0.0,
F01619,not_tiered,41,1.3056275800051278,1.3056275800051278,0.0,,P2,0,0.0,0.0,0.0,0.0,
F01620,not_tiered,42,0.18840109166882263,0.2598377326639495,0.0457508261970396,0.42564580084932896,P19,0,0.09523809523809523,0.0,0.0,0.0,
F01621,not_tiered,42,0.2178117241155273,0.3066483944393658,0.04846659108510032,0.37792947378725805,P14,0,0.14285714285714285,0.0,0.0,0.0,
F01622,not_tiered,42,-0.32028066875382355,-0.24585376032013306,0.04544916547581995,0.49739185205324704,P4,0,1.0,0.0,0.0,0.0,
F01623,not_tiered,42,-0.5858176284374894,-0.4957085296768048,0.04926654272721154,0.35291140578954083,P19,0,1.0,0.0,0.0,0.0,
F01624,not_tiered,42,-0.10762450169738151,0.079340840491869,0.1302411916841085,0.6913597497144385,P40,2,0.0,0.0,1.0,1.0,
F01625,not_tiered,42,-0.7504179595785726,-0.6431780129217091,0.0706304978243435,0.4703577134376701,P19,0,1.0,0.0,0.0,0.0,
F01626,C_detection_pattern,42,-2.3415510570575693,-0.9966023203505903,0.7565837703358365,0.8916613846996432,P32,0,0.0,0.0,1.0,1.0,1.0
F01627,not_tiered,42,-0.5390676471480216,-0.4529952992905882,0.053685839556792125,0.5003589069492884,P39,0,1.0,0.0,0.0,0.0,
F01628,not_tiered,42,0.24009814858041026,0.7378080569377173,0.2605807756872053,0.6656698134390271,P34,0,0.0,0.0,1.0,1.0,
F01629,not_tiered,42,-0.7879189480299658,-0.23755192661558516,0.31512188518303136,0.7776123554455061,P34,0,0.0,0.0,1.0,1.0,
F01630,C_detection_pattern,42,0.25351750143644813,0.5505351275119836,0.2277247750518533,0.7648216550296144,P25,0,0.0,0.0,1.0,1.0,1.0
F01631,C_detection_pattern,42,-0.33894476998359596,0.2733031415440923,0.31375623696610255,0.7433427476809976,P6,3,0.0,0.0,1.0,1.0,1.0
F01632,C_detection_pattern,42,0.08929230323431252,0.48533304252483267,0.23803349064343776,0.7137467870878184,P35,0,0.0,0.0,1.0,1.0,1.0
F01633,C_detection_pattern,42,-0.5176249990777064,0.011342268415032608,0.3824863015546897,1.0068492443808639,P33,1,0.0,0.0,1.0,1.0,1.0
F01634,not_tiered,42,0.14245529235084292,0.4283596822616637,0.1743457931822628,0.6819691365172745,P42,0,0.0,0.0,0.11904761904761904,0.11904761904761904,
F01635,not_tiered,42,-0.8283305755102561,-0.22587369297975202,0.4137592712462215,0.9441856598084583,P9,0,0.0,0.0,0.0,0.0,
F01636,not_tiered,42,0.1670455915411786,0.3818794670703955,0.10904591383982659,0.5059941356987757,P27,0,0.0,0.0,0.7380952380952381,0.7380952380952381,
F01637,C_detection_pattern,41,0.08050903322117264,0.08050903322117264,4.163336342344337e-17,,P1,0,0.0,0.0,1.0,1.0,1.0
F01638,not_tiered,0,,,,,,0,0.0,0.0,0.0,0.0,
F01639,C_detection_pattern,41,-0.7683402155258019,-0.7683402155258019,0.0,,P1,0,0.0,0.0,1.0,1.0,1.0
F01640,not_tiered,42,-1.8838739430570397,-1.375103455807842,0.3112992815941522,0.8484178788562493,P28,0,0.0,0.0,0.6428571428571429,0.6428571428571429,
F01641,not_tiered,42,1.132959605130761,2.2949291681947477,0.59194310420317,1.0589818164590585,P35,0,0.0,0.0,0.047619047619047616,0.047619047619047616,
F01642,not_tiered,0,,,,,,0,0.0,0.0,0.8333333333333334,0.0,
F01643,C_detection_pattern,42,-1.7230581460448835,-1.266750844844926,0.23293175064271532,0.6881490599055152,P40,0,0.0,0.0,1.0,1.0,1.0
F01644,C_detection_pattern,42,0.2501997741186619,0.6328919470562366,0.2225560671551659,0.6649029762097802,P29,0,0.0,0.0,1.0,1.0,1.0
F01645,C_detection_pattern,42,0.12897089475715662,0.48997861197145065,0.22798696286795928,0.7591525259180488,P1,0,0.0,0.0,1.0,1.0,1.0
F01646,not_tiered,41,-4.424451586528312,-4.424451586528312,0.0,,P1,0,0.0,0.0,0.0,0.0,
F01647,C_detection_pattern,42,-0.9158505012807585,-0.14758202770207518,0.41775028710364154,0.6540048548008516,P7,0,0.0,0.0,1.0,1.0,1.0
F01648,B_abundance,42,-1.766177727074846,-1.6346036993624222,0.0797386972600247,0.47018124721323157,P23,0,1.0,1.0,0.0,0.0,1.0
F01649,not_tiered,42,-0.04325514809566963,0.054459223941574424,0.07217768566218362,0.6195845492333166,P19,6,0.0,0.0,0.0,0.0,
F01650,not_tiered,42,-0.30241911438090274,-0.1433649784253635,0.09430818785801251,0.38302123720115006,P19,0,0.0,0.0,0.0,0.0,
F01651,not_tiered,42,-0.7063834197158779,-0.504786367513796,0.11852671956973482,0.5349211407704738,P35,0,0.0,0.0,1.0,1.0,
F01652,not_tiered,42,-0.46715068685297123,-0.3910802433561914,0.04367800705303859,0.4293295269710668,P42,0,1.0,0.0,0.0,0.0,
F01653,not_tiered,0,,,,,,0,0.0,0.0,0.0,0.0,
F01654,B_abundance,42,0.982517359954884,1.1958338237970998,0.10740400843056497,0.4682806355558333,P1,0,1.0,0.9761904761904762,1.0,0.7619047619047619,0.9761904761904762
F01655,B_abundance,42,1.612293377975596,1.836502770933024,0.1490124932072605,0.47193582088755504,P1,0,1.0,1.0,0.0,0.0,1.0
F01656,not_tiered,42,-1.1301417496642934,-0.8174436219844702,0.1724006657840702,0.48042340285067925,P14,0,1.0,0.38095238095238093,0.6428571428571429,0.0,
F01657,B_abundance,42,-2.190917863504207,-2.0232434630912692,0.08513423736133596,0.43009546191953296,P31,0,1.0,1.0,0.0,0.0,1.0
F01658,not_tiered,42,-1.1841982506662696,-1.0327215058133699,0.10249111391404941,0.44223277686070717,P19,0,1.0,1.0,0.0,0.0,
F01659,not_tiered,42,-0.4139482878874262,-0.2919984577381867,0.07677847543739968,0.41047306258746774,P2,0,0.023809523809523808,0.0,0.0,0.0,
F01660,not_tiered,42,0.10519036602735107,0.1771075186536607,0.04379136080855192,0.39514645588149283,P23,0,0.0,0.0,0.0,0.0,
F01661,C_detection_pattern,42,-0.17782660090826224,0.3512403027431323,0.2706769364472125,0.4999984621624766,P25,4,0.0,0.0,1.0,1.0,1.0
F01662,not_tiered,42,-0.5110568169136466,-0.1944518747139433,0.20565287007911748,0.7557531300436888,P22,0,0.0,0.0,0.0,0.0,
F01663,not_tiered,42,-0.5694933019417948,-0.3998410542811335,0.09057716700875401,0.4539389827671544,P16,0,0.0,0.0,0.09523809523809523,0.09523809523809523,
F01664,not_tiered,42,-1.5791617747796642,-1.2475887269982173,0.17895288568180767,0.5449915874163935,P2,0,0.0,0.0,0.0,0.0,
F01665,not_tiered,42,-1.5968587250478379,1.2013514417036468,1.3991050833757424,1.6798446643034026,P9,1,0.0,0.0,0.0,0.0,
F01666,not_tiered,0,,,,,,0,0.0,0.0,0.0,0.0,
F01667,not_tiered,42,-2.047782042198142,-1.4379060172812776,0.33186380791429193,0.6972980329875185,P22,0,0.0,0.0,0.0,0.0,
F01668,not_tiered,42,-0.6595144783469428,-0.46316909126563416,0.11692751980526411,0.5159616320449648,P7,0,0.0,0.0,0.7142857142857143,0.7142857142857143,
F01669,not_tiered,0,,,,,,0,0.0,0.0,0.0,0.0,
F01670,not_tiered,42,-0.6731629612280724,0.5375658436894323,0.7115573257129263,0.8990334272167386,P9,2,0.0,0.0,0.0,0.0,
F01671,not_tiered,42,0.13232103503094894,0.6831544009472807,0.35996132212229787,0.8021711589301869,P38,0,0.0,0.0,0.9047619047619048,0.7619047619047619,
F01672,C_detection_pattern,42,0.7927566600012161,1.4497741765970504,0.3403908869963066,0.82520588072625,P8,0,0.0,0.0,1.0,1.0,1.0
F01673,not_tiered,42,-0.7576978184108097,0.06288239992124549,0.47786903094410205,0.7324424800857899,P9,1,0.0,0.0,0.0,0.0,
F01674,C_detection_pattern,42,1.0829086630997462,1.7399717033031514,0.3904067820733439,0.8275183809180823,P4,0,0.0,0.0,1.0,1.0,1.0
F01675,not_tiered,42,-0.8782832228800327,-0.12801298924443336,0.5393301224751997,1.062606313974442,P26,0,0.0,0.0,0.0,0.0,
F01676,not_tiered,42,-0.5293243172523704,-0.13283402448372209,0.3321001329094533,0.9759197065369211,P38,0,0.0,0.0,0.0,0.0,
F01677,not_tiered,42,-0.13371864557247837,0.02204806761746363,0.09949689138043942,0.5935672971707352,P41,1,0.0,0.0,0.0,0.0,
F01678,C_detection_pattern,42,-0.20160916670339124,0.05995206339297682,0.15499586291411382,0.5003096822843655,P40,3,0.0,0.0,1.0,1.0,1.0
F01679,not_tiered,42,0.8491696095142655,0.9245611435467758,0.04935810086550163,0.3777273842098182,P22,0,1.0,0.0,0.0,0.0,
F01680,not_tiered,42,-1.7825197933384134,-1.453952915537987,0.20658323069083906,0.5861556430855279,P1,0,0.0,0.0,0.0,0.0,
F01681,not_tiered,42,-0.16109200352587952,0.035767558369792424,0.11566690637383202,0.5060779474667766,P41,1,0.0,0.0,0.0,0.0,
F01682,C_detection_pattern,42,0.907109734947058,1.0524407842867962,0.0726655246698692,0.13613880219976426,P1,0,0.0,0.0,1.0,1.0,1.0
F01683,not_tiered,0,,,,,,0,0.0,0.0,0.0,0.0,
F01684,not_tiered,42,-0.633207576972159,-0.5553896461740889,0.052511588985635904,0.453131218963762,P23,0,1.0,0.0,0.0,0.0,
F01685,not_tiered,41,0.4447048746618538,0.4447048746618538,0.0,,P2,0,0.0,0.0,0.0,0.0,
F01686,C_detection_pattern,42,-0.7421136386260525,-0.5350766161806085,0.11091914218249777,0.48278940987791924,P15,0,0.0,0.0,1.0,1.0,1.0
F01687,C_detection_pattern,42,-1.6462679883829656,-1.4188721652293685,0.1182059877785333,0.4098356916790322,P37,0,0.0,0.0,1.0,1.0,1.0
F01688,not_tiered,42,-1.1981206580145933,-1.0072697159298072,0.0997408831508515,0.4174634608096028,P16,0,0.0,0.0,0.0,0.0,
F01689,C_detection_pattern,42,-0.48722567879048384,1.455611828656819,0.9714187537236514,1.4000941216805975,P1,1,0.0,0.0,1.0,1.0,1.0
F01690,not_tiered,42,0.5112348302755036,0.6602733201916551,0.07807048457797872,0.3930354784067057,P16,0,0.0,0.0,0.0,0.0,
F01691,not_tiered,42,0.5380633257265776,0.6295285607306689,0.049137918842617645,0.3541830657694692,P21,0,1.0,0.0,0.0,0.0,
F01692,B_abundance,42,-1.8993522333742954,-1.695823203873064,0.11630049842259993,0.43031149345591874,P22,0,1.0,1.0,0.0,0.0,1.0
F01693,C_detection_pattern,42,-0.09337093485296737,0.1224770648635894,0.11585491692493297,0.5184511731783323,P16,4,0.0,0.0,1.0,1.0,1.0
F01694,not_tiered,42,0.043167094340879675,0.15921068646893108,0.06729896104387728,0.4715041491160791,P19,0,0.0,0.0,0.0,0.0,
F01695,C_detection_pattern,42,-0.11977335704587286,0.3651599494438619,0.29115984885300017,0.774842648042441,P15,4,0.0,0.0,1.0,1.0,1.0
F01696,C_detection_pattern,42,-2.9474505521944203,-2.108384597884007,0.5024648593410035,0.8105330647102958,P9,0,0.0,0.0,1.0,1.0,1.0
F01697,C_detection_pattern,42,0.02796901809145564,0.3859454527950093,0.1985613126252895,0.5951382761084663,P34,0,0.0,0.0,1.0,1.0,1.0
F01698,not_tiered,42,0.25808345439776104,0.2917626111431256,0.018163750984951543,0.30680965917850367,P22,0,1.0,0.0,0.0,0.0,
F01699,not_tiered,42,-0.08068980205549012,-0.005530329606403539,0.03819704917645776,0.34320569302170095,P26,0,0.0,0.0,0.0,0.0,
F01700,not_tiered,41,-2.5451131953834487,-2.5451131953834487,0.0,,P2,0,0.0,0.0,0.023809523809523808,0.0,
F01701,not_tiered,42,0.3506033677774736,0.41626616198737654,0.03445141539338542,0.38295047901772894,P21,0,1.0,0.0,0.0,0.0,
F01702,not_tiered,0,,,,,,0,0.0,0.0,0.0,0.0,
F01703,B_abundance,42,-1.5005883794510602,-1.3831538043568803,0.0634866943104615,0.39566945517732727,P2,0,1.0,1.0,0.0,0.0,1.0
F01704,not_tiered,42,-0.07600076659549793,0.024021157791251295,0.06064250503353649,0.4125214039876239,P20,4,0.0,0.0,0.0,0.0,
F01705,not_tiered,42,-0.0788906147422069,0.011972428927476091,0.0518824172108078,0.4535366432453812,P19,4,0.0,0.0,0.0,0.0,
F01706,not_tiered,0,,,,,,0,0.0,0.0,0.0,0.0,
F01707,C_detection_pattern,42,-0.05126345718574932,0.7006087518819142,0.5236347632813294,0.9939562720355598,P39,1,0.0,0.0,1.0,1.0,1.0
F01708,not_tiered,42,-0.5886099990067547,-0.5007179182223589,0.06047834833459276,0.4532098693039711,P19,0,1.0,0.0,0.0,0.0,
F01709,not_tiered,42,0.37026677380542034,0.624041538324561,0.1725362603667327,0.6461081642364053,P9,0,0.0,0.0,0.5238095238095238,0.5238095238095238,
F01710,not_tiered,0,,,,,,0,0.0,0.0,0.0,0.0,
F01711,not_tiered,42,0.18581213139779074,0.433925911118763,0.12405688986048619,0.23156176569924286,P1,0,0.0,0.0,0.0,0.0,
F01712,C_detection_pattern,42,-0.09630738459618045,0.7196735905876572,0.45052812617519145,0.9231663795286007,P27,1,0.0,0.0,1.0,1.0,1.0
F01713,not_tiered,42,-0.3398415153422317,0.022745752124519823,0.2012536204922782,0.5083180589540721,P41,1,0.0,0.0,0.0,0.0,
F01714,not_tiered,0,,,,,,0,0.0,0.0,0.9047619047619048,0.7619047619047619,
F01715,not_tiered,42,-2.8112117773231153,-2.0260482458501965,0.44725030927634535,0.7717598595326246,P19,0,0.0,0.0,0.0,0.0,
F01716,not_tiered,42,-0.12839941172440486,-0.039594106944348756,0.06395901492617734,0.6735617691096184,P19,0,0.0,0.0,0.0,0.0,
F01717,B_abundance,42,-1.41202187076095,-1.2493564977256448,0.10248214232486963,0.4848589436556478,P42,0,0.2857142857142857,0.2857142857142857,0.0,0.0,0.2857142857142857
F01718,not_tiered,42,-0.9050123036979143,-0.7977292480768208,0.05743267986743206,0.3298771309231165,P9,0,1.0,0.0,0.0,0.0,
F01719,not_tiered,42,-3.590928496339365,-1.5227687490513966,1.1115438983328936,0.9204732086410058,P16,0,0.0,0.0,0.0,0.0,
F01720,not_tiered,0,,,,,,0,0.0,0.0,0.0,0.0,
F01721,C_detection_pattern,42,0.4723641778348571,0.8014269052945041,0.17657431582724603,0.6396732336098356,P22,0,0.0,0.0,1.0,1.0,1.0
F01722,not_tiered,42,-0.4206624438518318,1.2402372581012433,0.9317080698284224,1.2017653407204822,P11,2,0.0,0.0,0.0,0.0,
F01723,B_abundance,42,-3.8727374418322515,-3.663904740461893,0.1307196432001585,0.4340059978307505,P1,0,1.0,1.0,0.0,0.0,1.0
F01724,not_tiered,41,-0.26820201199418037,-0.26820201199418037,5.551115123125783e-17,,P2,0,0.0,0.0,0.0,0.0,
F01725,not_tiered,41,0.2353636290291785,0.2353636290291785,0.0,,P2,0,0.0,0.0,0.023809523809523808,0.0,
F01726,not_tiered,42,-0.15849400211820622,-0.08921729324792001,0.03498321091158742,0.32129873316635643,P20,0,0.0,0.0,0.0,0.0,
F01727,C_detection_pattern,42,-2.606309666431643,-1.3260437494689923,0.6620540589838564,0.8409113051669279,P25,0,0.0,0.0,1.0,1.0,1.0
F01728,not_tiered,42,0.12044214462660335,0.2594153487820091,0.09196466857555063,0.5409140528468844,P41,0,0.0,0.0,1.0,1.0,
F01729,not_tiered,42,-0.32772673736294095,-0.2735575565764148,0.03722374836126141,0.5511857116333904,P23,0,1.0,0.0,0.0,0.0,
F01730,not_tiered,42,-0.480389555653912,-0.41925195430406237,0.044941306812238235,0.6157627900338017,P23,0,1.0,0.0,0.0,0.0,
F01731,not_tiered,42,-0.6431301439303195,-0.5876626999020949,0.032274313762095996,0.3690577450975105,P31,0,1.0,0.0,0.0,0.0,
F01732,not_tiered,42,-0.3007680327148477,-0.21838154740554744,0.051074858521791,0.4375700177973271,P42,0,0.19047619047619047,0.0,0.0,0.0,
F01733,not_tiered,42,-0.618006094450482,-0.4871996814496294,0.09271057636906671,0.6788580217940052,P21,0,1.0,0.0,0.0,0.0,
F01734,not_tiered,42,-0.3147386460959094,0.8101923006245517,0.5624654733602306,0.9506850807429859,P9,1,0.0,0.0,0.023809523809523808,0.0,
F01735,not_tiered,42,0.09449083973703247,0.35185209644900867,0.18930714510093677,0.8128188089603985,P21,0,0.023809523809523808,0.0,0.0,0.0,
F01736,not_tiered,42,-0.22700608846256579,-0.058012687142988545,0.08900165561315407,0.3993877720450575,P42,0,0.0,0.0,1.0,0.7619047619047619,
F01737,C_detection_pattern,42,0.37752297227450526,0.8484168993679321,0.24519075223960263,0.6625327907184254,P9,0,0.0,0.0,1.0,1.0,1.0
F01738,C_detection_pattern,42,0.9140934643709326,1.2962609065522508,0.22882159503294952,0.6406758595805472,P16,0,0.0,0.0,1.0,1.0,1.0
F01739,B_abundance,42,-1.6383380438872333,-1.5279875747965168,0.07109292984657722,0.435879679773482,P19,0,1.0,1.0,0.0,0.0,1.0
F01740,not_tiered,41,0.11259004472403511,0.11259004472403511,1.3877787807814457e-17,,P2,0,0.0,0.0,0.0,0.0,
F01741,C_detection_pattern,42,-2.499300814839085,-2.2261590021707165,0.14889588923575836,0.4475002622801253,P41,0,0.0,0.0,1.0,1.0,1.0
F01742,B_abundance,42,-2.2752044144020758,-2.1460845658743124,0.07026690240991185,0.4204975274619282,P32,0,1.0,1.0,0.0,0.0,1.0
F01743,not_tiered,42,-0.36640189547414015,-0.29325100759416683,0.049725333691465146,0.5844825219348405,P23,0,1.0,0.0,0.0,0.0,
F01744,not_tiered,42,-0.2474419569383231,-0.08505450936596544,0.0914231626115394,0.4805332910840147,P36,0,0.0,0.0,0.047619047619047616,0.0,
F01745,not_tiered,41,1.483211972752704,1.483211972752704,0.0,,P2,0,0.0,0.0,0.0,0.0,
F01746,not_tiered,41,-0.021869827405943454,-0.021869827405943454,5.551115123125783e-17,,P2,0,0.0,0.0,0.0,0.0,
F01747,not_tiered,42,-0.4606423577977074,-0.3362634623514189,0.0788356556365557,0.5323064025765529,P23,0,1.0,0.0,0.0,0.0,
F01748,not_tiered,42,0.34470974317441616,0.41576083648723383,0.043528613482844536,0.39822875375914735,P39,0,1.0,0.0,0.0,0.0,
F01749,not_tiered,42,-0.12545227319488692,-0.070805224055308,0.0306449359393801,0.3658953991023579,P35,0,0.0,0.0,0.0,0.0,
F01750,not_tiered,42,-0.645597513355187,-0.5270083360770139,0.06700671632917254,0.453410734750158,P31,0,1.0,0.0,0.0,0.0,
F01751,not_tiered,42,0.0028737406631345703,0.04538584129563738,0.02872932520009068,0.4644922860323615,P9,0,0.0,0.0,0.0,0.0,
F01752,C_detection_pattern,42,-1.0818823092108072,-0.1749183111959717,0.5310684057345048,0.7953291356415084,P20,0,0.0,0.0,1.0,1.0,1.0
F01753,not_tiered,42,0.34636883799181295,0.39273467222955694,0.025129925794602825,0.3586625336936574,P22,0,1.0,0.0,0.0,0.0,
F01754,B_abundance,42,1.0401222602928195,1.193309471329347,0.08372556088961303,0.5432924494844457,P22,0,1.0,1.0,1.0,0.7619047619047619,1.0
F01755,C_detection_pattern,42,0.15699330891923194,0.37852325165577805,0.12605734379616723,0.5182497265880387,P13,0,0.0,0.0,1.0,1.0,1.0
F01756,not_tiered,41,-0.27573230717376873,-0.27573230717376873,5.551115123125783e-17,,P1,0,0.0,0.0,0.0,0.0,
F01757,C_detection_pattern,42,0.6352873214192476,1.276715257809295,0.4923219682808966,0.7568238240605655,P40,0,0.0,0.0,1.0,1.0,1.0
F01758,B_abundance,42,1.3634182879839856,1.5468275622850403,0.11465529221151938,0.6438832749370382,P42,0,1.0,1.0,0.0,0.0,1.0
F01759,not_tiered,42,-0.1288573446043272,0.03189044775411416,0.10213906034517906,0.5651272178968483,P31,2,0.0,0.0,0.0,0.0,
F01760,not_tiered,42,0.7748049267588104,0.9138595942896212,0.07523617784881009,0.3993252114995368,P5,0,1.0,0.0,1.0,0.0,
F01761,not_tiered,42,0.49902954407719874,0.5804575985245248,0.0422662382828482,0.3627011248255622,P28,0,0.2857142857142857,0.0,1.0,1.0,
F01762,not_tiered,41,0.027910253471967295,0.027910253471967295,9.367506770274758e-17,,P2,0,0.0,0.0,0.0,0.0,
F01763,C_detection_pattern,42,-0.4487858848646829,-0.06599762953191014,0.21601115404000498,0.5939574111053841,P30,0,0.0,0.0,1.0,1.0,1.0
F01764,not_tiered,42,0.4310056081300533,0.5168320028379265,0.05597723788379583,0.5219324047135797,P23,0,1.0,0.0,0.0,0.0,
F01765,not_tiered,42,0.4666646649762435,0.5877433134258551,0.08027849061270942,0.6497762876218364,P21,0,1.0,0.0,0.0,0.0,
F01766,not_tiered,42,0.4814904405657929,0.6039164609084295,0.06478477692596518,0.5458736729866936,P10,0,1.0,0.0,0.0,0.0,
F01767,not_tiered,42,0.5876090565960714,0.8716730530047548,0.18174329036265024,0.5612140611079744,P34,0,0.0,0.0,1.0,1.0,
F01768,C_detection_pattern,42,0.22687637603316624,1.0431372901956477,0.4159386720107332,0.7449789598790055,P35,0,0.0,0.0,1.0,1.0,1.0
F01769,not_tiered,42,0.01819127510795716,0.09007526737767128,0.03998367908732474,0.4155804892034751,P37,0,0.0,0.0,0.0,0.0,
F01770,not_tiered,42,-2.638213615639723,-1.9507820334407686,0.45866014399677324,1.0220865838845306,P1,0,0.0,0.0,0.0,0.0,
F01771,not_tiered,42,-0.128941729431441,-0.008816344879089399,0.0827784550506495,0.4785807227953835,P31,0,0.0,0.0,0.0,0.0,
F01772,not_tiered,42,0.7081195742414695,0.874916921352928,0.09175558618877555,0.4430909886969537,P37,0,0.0,0.0,1.0,1.0,
F01773,C_detection_pattern,41,-0.31616517605153405,-0.31616517605153405,5.551115123125783e-17,,P2,0,0.0,0.0,1.0,1.0,1.0
F01774,not_tiered,42,0.8981403220320858,0.9700882134438699,0.03793135283802418,0.3647590303202473,P42,0,1.0,0.0,0.0,0.0,
F01775,C_detection_pattern,42,0.5963522696073316,0.7200224335471953,0.07761347500511662,0.5462806973744131,P35,0,0.0,0.0,1.0,1.0,1.0
F01776,C_detection_pattern,42,-3.7143028372227396,-2.8663344824123764,0.4745828770018554,0.5585666974458562,P32,0,0.0,0.0,1.0,1.0,1.0
F01777,C_detection_pattern,42,0.6682789758110528,1.3960052475491422,0.3925202501370375,0.7764974659348302,P38,0,0.0,0.0,1.0,1.0,1.0
F01778,not_tiered,42,-0.017130329784486736,0.5371683112436615,0.41284685379505864,0.931326793334772,P23,1,0.0,0.0,0.8333333333333334,0.8333333333333334,
F01779,not_tiered,42,-1.0221497549727891,-0.80662256758592,0.12213940003372359,0.42051484564652925,P40,0,0.0,0.0,0.7142857142857143,0.7142857142857143,
F01780,C_detection_pattern,42,0.2151574458028063,0.3740786763371266,0.08879353333056192,0.4976103544699335,P10,0,0.0,0.0,1.0,1.0,1.0
F01781,not_tiered,42,0.18436315409148193,0.23811208250883756,0.029425521761658552,0.35477101092530106,P2,0,1.0,0.0,0.0,0.0,
F01782,C_detection_pattern,42,0.3508916437968645,0.7343988560782863,0.21408810088444297,0.5564767859801166,P5,0,0.0,0.0,1.0,1.0,1.0
F01783,C_detection_pattern,0,,,,,,0,0.0,0.0,1.0,1.0,1.0
F01784,not_tiered,42,-1.0551395989392627,-0.922685109119026,0.08614078639080236,0.47679423725531855,P19,0,1.0,0.8095238095238095,0.0,0.0,
F01785,C_detection_pattern,42,0.006183051494649825,0.26754172459129966,0.15400669356308458,0.5381904609315564,P41,0,0.0,0.0,1.0,1.0,1.0
F01786,not_tiered,0,,,,,,0,0.0,0.0,0.0,0.0,
F01787,C_detection_pattern,42,-0.03837412415650432,0.7472077032419051,0.3929387206797944,0.7824401307184308,P32,1,0.0,0.0,1.0,1.0,1.0
F01788,C_detection_pattern,0,,,,,,0,0.0,0.0,1.0,1.0,1.0
F01789,not_tiered,0,,,,,,0,0.0,0.0,0.0,0.0,
F01790,C_detection_pattern,42,1.3099056551888548,4.086829611152199,1.767942860912021,1.5838334879259113,P32,0,0.0,0.0,1.0,1.0,1.0
F01791,not_tiered,0,,,,,,0,0.0,0.0,0.0,0.0,
F01792,C_detection_pattern,42,2.0265852555108568,2.997540641093503,0.6473086685798974,1.0256229853057073,P15,0,0.0,0.0,1.0,1.0,1.0
F01793,C_detection_pattern,42,0.862442645393315,1.0136804217667275,0.08819440182707206,0.45023220096141614,P14,0,0.0,0.0,1.0,1.0,1.0
F01794,not_tiered,0,,,,,,0,0.0,0.0,0.0,0.0,
F01795,not_tiered,42,0.36189245052432256,0.43444206415453784,0.04473417033476762,0.41709223818438856,P22,0,1.0,0.0,0.0,0.0,
F01796,not_tiered,0,,,,,,0,0.0,0.0,0.0,0.0,
F01797,not_tiered,41,-0.5069171811270632,-0.5069171811270632,0.0,,P2,0,0.0,0.0,0.0,0.0,
F01798,not_tiered,0,,,,,,0,0.0,0.0,0.0,0.0,
F01799,not_tiered,0,,,,,,0,0.0,0.0,0.0,0.0,
F01800,C_detection_pattern,42,-4.760374179643966,-0.40573689506478905,2.2216563487085064,1.4498691331582476,P22,0,0.0,0.0,1.0,1.0,1.0
F01801,not_tiered,42,-1.090984894204239,-0.6178119944895318,0.2631985699740008,0.6507976458381629,P9,0,0.0,0.0,0.0,0.0,
F01802,not_tiered,0,,,,,,0,0.0,0.0,0.047619047619047616,0.047619047619047616,
F01803,not_tiered,41,-0.7805511314345299,-0.7805511314345299,0.0,,P2,0,0.0,0.0,0.0,0.0,
F01804,not_tiered,0,,,,,,0,0.0,0.0,0.023809523809523808,0.0,
F01805,not_tiered,42,-0.7177728356371149,-0.5318367596095261,0.09304782445109339,0.5098331875456599,P39,0,0.0,0.0,0.0,0.0,
F01806,not_tiered,42,0.13901784529699487,0.19035331779745407,0.02997676532672028,0.34999828063451394,P35,0,0.023809523809523808,0.0,0.0,0.0,
F01807,not_tiered,42,-0.3160304930809992,-0.1253667603553752,0.11892718293421359,0.42316763510833966,P20,0,0.0,0.0,0.0,0.0,
F01808,C_detection_pattern,0,,,,,,0,0.0,0.0,0.9047619047619048,0.9047619047619048,0.9047619047619048
F01809,not_tiered,42,-0.29694442522041253,-0.22703210573288593,0.04696051298367057,0.5618865486130827,P21,0,1.0,0.0,0.0,0.0,
F01810,B_abundance,42,1.2688527533945058,1.425026779405889,0.09364604775316199,0.5473882862555574,P19,0,1.0,1.0,0.0,0.0,1.0
F01811,not_tiered,0,,,,,,0,0.0,0.0,0.09523809523809523,0.09523809523809523,
F01812,C_detection_pattern,42,-1.7553896157242224,-0.6654349870792315,0.6250170450098047,0.8242385611299045,P39,0,0.0,0.0,1.0,1.0,1.0
F01813,C_detection_pattern,42,-0.2299783557052622,0.06013214454609285,0.15657504127912591,0.5623871083601706,P30,3,0.0,0.0,1.0,1.0,1.0
F01814,not_tiered,42,-2.2494701756857336,-1.9280627511200077,0.18294412053934916,0.3502787739574742,P24,0,1.0,0.30952380952380953,0.0,0.0,
F01815,C_detection_pattern,42,0.03598502173884821,0.365545591699109,0.236619877181656,0.8155838560494303,P17,0,0.0,0.0,1.0,1.0,1.0
F01816,not_tiered,42,-0.06247065674961178,0.05099780073185419,0.06142652247027259,0.4463121818578426,P23,11,0.0,0.0,0.0,0.0,
F01817,not_tiered,42,-0.03794838524275779,0.048423190173463304,0.049519165391985184,0.4050374238861582,P4,10,0.0,0.0,0.8333333333333334,0.0,
F01818,not_tiered,42,0.22066677231559229,0.2765841375607676,0.03285300696701571,0.35018723194917184,P25,0,1.0,0.0,0.8333333333333334,0.0,
F01819,not_tiered,41,-2.0008092681150664,-2.0008092681150664,0.0,,P1,0,0.0,0.0,0.0,0.0,
F01820,not_tiered,41,-0.17190558898111163,-0.17190558898111163,2.7755575615628914e-17,,P2,0,0.0,0.0,0.0,0.0,
F01821,C_detection_pattern,42,-3.9760630228848677,-2.9191573567501745,0.5698361035729178,0.9004112118583443,P8,0,0.0,0.0,1.0,1.0,1.0
F01822,not_tiered,42,-1.0537709769857286,0.6828812708335704,1.0652323679924267,1.3177117162408005,P42,1,0.0,0.0,0.5476190476190477,0.5476190476190477,
F01823,B_abundance,42,-2.4819292746972024,-2.2293844740868067,0.15343306750476504,0.5058855018384019,P22,0,1.0,1.0,0.8333333333333334,0.0,1.0
F01824,not_tiered,42,0.4329649104457018,0.6057374032537526,0.09547906682945739,0.4497293859048744,P22,0,0.8571428571428571,0.0,0.0,0.0,
F01825,not_tiered,42,0.4659180110155874,0.6719970212913666,0.11776229836951146,0.47692567531973734,P8,0,0.8333333333333334,0.0,0.0,0.0,
F01826,not_tiered,42,-0.41965861247215364,-0.30509627523466487,0.06984049799115183,0.42376688133238866,P18,0,0.5952380952380952,0.0,0.0,0.0,
F01827,C_detection_pattern,42,1.4485748970735708,1.8448680760731138,0.20184070995764158,0.4775179575580977,P38,0,0.0,0.0,1.0,1.0,1.0
F01828,not_tiered,42,-0.7158741357327145,-0.5154070120014131,0.11597552881729234,0.5495954421748351,P16,0,1.0,0.0,1.0,0.0,
F01829,not_tiered,41,-0.44196826774363807,-0.44196826774363807,5.551115123125783e-17,,P1,0,0.0,0.0,0.0,0.0,
F01830,not_tiered,42,-1.4300961510605408,1.2012677168267167,1.3156819339436288,1.6366151125978758,P1,1,0.0,0.0,0.0,0.0,
F01831,not_tiered,42,-0.6373115259635558,-0.33985270977237647,0.15956616901082188,0.5749959806353997,P4,0,0.0,0.0,1.0,1.0,
F01832,not_tiered,42,-0.4554066120373495,-0.29126434593723494,0.10745062146500367,0.569509730269558,P19,0,0.09523809523809523,0.0,0.8333333333333334,0.0,
F01833,not_tiered,42,0.4120255772661219,0.4954900943959993,0.043802184815058764,0.3465082178944546,P35,0,1.0,0.0,0.0,0.0,
F01834,not_tiered,42,-0.2657641719244404,-0.08917813091366748,0.09227896956581272,0.3705055874995743,P10,0,0.0,0.0,0.0,0.0,
F01835,not_tiered,42,-2.1939287043294584,-1.2168578888705324,0.5924094744988089,1.0218184573387243,P38,0,0.0,0.0,1.0,1.0,
F01836,C_detection_pattern,42,-0.0606290705203981,0.13979772066898316,0.1262563499599835,0.5576041041612673,P26,2,0.0,0.0,1.0,1.0,1.0
F01837,not_tiered,42,-0.7090751270197498,-0.38604417006520747,0.17549458188850087,0.5766010773967696,P27,0,0.0,0.0,0.0,0.0,
F01838,not_tiered,42,0.6086808553646992,0.6716163847352948,0.03314522796463759,0.38033153328096364,P2,0,1.0,0.0,0.0,0.0,
F01839,C_detection_pattern,42,0.14722746874666315,0.3789021246581794,0.12323880474152149,0.5741202887400918,P39,0,0.0,0.0,1.0,1.0,1.0
F01840,C_detection_pattern,42,-0.32105613833610364,-0.19298773913115264,0.08283251377245354,0.5416161695328348,P8,0,0.0,0.0,1.0,1.0,1.0
F01841,not_tiered,42,-0.17920925741078775,0.05559202320835324,0.12704000988766884,0.5077852064231351,P31,3,0.0,0.0,0.023809523809523808,0.0,
F01842,C_detection_pattern,42,-0.7099495943406321,-0.043158330886155144,0.5225757530188675,0.93147451130243,P13,0,0.0,0.0,1.0,1.0,1.0
F01843,not_tiered,42,-1.29622541576517,1.0302270263045097,1.2655486272221208,1.4187656650651255,P37,1,0.0,0.0,0.19047619047619047,0.19047619047619047,
F01844,not_tiered,42,0.55574531207183,0.701051078846067,0.07346957568398238,0.5118212862151276,P14,0,0.0,0.0,1.0,1.0,
F01845,not_tiered,42,-0.39467896981677164,2.7010514551259774,1.5478652124713745,1.7464852037438225,P1,1,0.0,0.0,0.11904761904761904,0.11904761904761904,
F01846,not_tiered,42,0.1724157261055779,0.2534909389746601,0.0488403689101469,0.4383628300132797,P6,0,0.0,0.0,1.0,1.0,
F01847,C_detection_pattern,42,-0.41224105968598534,0.3590355205762976,0.4772091746421655,1.0451197181474046,P35,1,0.0,0.0,1.0,1.0,1.0
F01848,C_detection_pattern,42,-0.05902769763071907,0.31503176447605524,0.30446298303139036,0.8901468451799056,P42,13,0.0,0.0,1.0,1.0,1.0
F01849,not_tiered,0,,,,,,0,0.0,0.0,0.0,0.0,
F01850,C_detection_pattern,42,0.2031078842163061,0.7253737122025119,0.2839689040584745,0.7316249316916213,P41,0,0.0,0.0,1.0,1.0,1.0
F01851,not_tiered,42,0.5113389626378102,0.563506505667635,0.027493418941200165,0.35710639393512733,P23,0,1.0,0.0,0.0,0.0,
F01852,not_tiered,42,-0.33531934782079126,-0.21601384600768478,0.0834207091543431,0.6926036801975298,P21,0,1.0,0.0,0.0,0.0,
F01853,not_tiered,42,0.023958120714102832,0.09149422219116779,0.042539498518915364,0.42185391699892105,P23,0,0.0,0.0,0.0,0.0,
F01854,not_tiered,42,-0.9546835519730373,-0.7535898237017657,0.13462760023383402,0.6722848128318024,P40,0,1.0,0.0,0.0,0.0,
F01855,not_tiered,0,,,,,,0,0.0,0.0,0.0,0.0,
F01856,not_tiered,42,-1.007808979715136,-0.8376782966952592,0.11046273625222025,0.5126473191791785,P15,0,1.0,0.09523809523809523,0.8095238095238095,0.7619047619047619,
F01857,C_detection_pattern,42,-0.6535770809341851,-0.14362768763512676,0.3967536480787248,0.9882705380130772,P26,0,0.0,0.0,1.0,1.0,1.0
F01858,C_detection_pattern,42,-0.6463003509994237,0.2178168543690425,0.5761113973202632,1.0311588055579413,P37,1,0.0,0.0,1.0,1.0,1.0
F01859,not_tiered,42,-0.5695439461991801,-0.18363409681449383,0.21434443734808756,0.5940691101061497,P9,0,0.0,0.0,0.0,0.0,
F01860,not_tiered,42,0.14895765811009726,0.24819699506671766,0.06817034719022835,0.5607060134818506,P21,0,0.0,0.0,0.0,0.0,
F01861,not_tiered,42,-0.3140329680463327,0.004639915167823953,0.18074208528695884,0.5195213769852953,P29,1,0.0,0.0,1.0,1.0,
F01862,not_tiered,42,-0.406526021276903,0.02410644580001235,0.21569566815919622,0.6090000653256512,P5,1,0.0,0.0,0.0,0.0,
F01863,not_tiered,42,0.8606456021928577,0.9573762460854056,0.05758594771022596,0.42508469367318874,P37,0,1.0,0.0,1.0,0.0,
F01864,not_tiered,42,-1.1588483249650314,-0.6303928916176965,0.30541450949560145,0.8149339222992638,P31,0,0.0,0.0,0.0,0.0,
F01865,not_tiered,42,0.46325301198593344,0.71682429786716,0.2142970738661492,0.965912150286123,P31,0,1.0,0.0,0.0,0.0,
F01866,not_tiered,42,-1.779516533767694,-1.6033696683905514,0.08948568729170292,0.33968024054332446,P11,0,0.0,0.0,0.0,0.0,
F01867,B_abundance,42,-1.3654169067697484,-1.1981669982976226,0.11275088559361057,0.5048358401632707,P19,0,1.0,1.0,0.0,0.0,1.0
F01868,not_tiered,42,-1.1274371155201628,-0.9804197576341109,0.10478590867594217,0.5411621616474844,P19,0,1.0,0.9761904761904762,0.0,0.0,
F01869,not_tiered,42,-0.873851550773279,-0.78591006547489,0.045236333262286044,0.3364428050133453,P23,0,1.0,0.0,0.0,0.0,
F01870,not_tiered,42,-0.28637430468862757,0.13757895472966997,0.22247482838234747,0.528299279643198,P9,1,0.0,0.0,0.0,0.0,
F01871,C_detection_pattern,42,-0.8426229514043523,-0.3875576087788567,0.26457721624838726,0.47379189948339806,P36,0,0.0,0.0,1.0,1.0,1.0
F01872,C_detection_pattern,42,0.5470494757440882,0.734179640807884,0.09536745730256824,0.45417582203447954,P41,0,0.0,0.0,1.0,1.0,1.0
F01873,not_tiered,41,0.4256346560036466,0.4256346560036466,0.0,,P2,0,0.0,0.0,0.0,0.0,
F01874,not_tiered,42,-1.0126769010503998,-0.8872666496446778,0.08627053878032076,0.48174723700508465,P19,0,1.0,0.07142857142857142,0.0,0.0,
F01875,not_tiered,42,-1.0399610562581418,-0.6356360195486798,0.2911959211234588,0.8354688504914307,P42,0,0.0,0.0,0.0,0.0,
F01876,not_tiered,42,-1.2791354521684348,-0.9971433024283122,0.15587598565606087,0.6420362672529305,P19,0,0.0,0.0,0.0,0.0,
F01877,C_detection_pattern,42,-0.15760584701659472,0.019552217471934252,0.09595721540235622,0.4754784345827766,P33,3,0.0,0.0,1.0,1.0,1.0
F01878,not_tiered,42,-2.245148797861279,-1.9313908737629728,0.16160688982605276,0.432272843358509,P24,0,0.0,0.0,0.0,0.0,
F01879,B_abundance,42,-1.6804529375939488,-1.4767153893955682,0.11392489581559073,0.4134559565652968,P16,0,1.0,1.0,0.0,0.0,1.0
F01880,not_tiered,42,-0.1509276548293696,0.18028398245418098,0.1686374467241564,0.419289890589763,P39,13,0.0,0.0,0.0,0.0,
F01881,not_tiered,0,,,,,,0,0.0,0.0,0.0,0.0,
F01882,not_tiered,42,-1.1698095929557129,-0.9270788663536353,0.13499778321120726,0.39242590545051886,P20,0,0.0,0.0,0.0,0.0,
F01883,not_tiered,42,-0.6155092051645976,-0.17428975999517604,0.22060972258471084,0.4068755244357523,P1,0,0.0,0.0,0.0,0.0,
F01884,not_tiered,42,0.031827832595599403,0.23430208054255175,0.10123712397347626,0.18932229568307518,P1,0,0.0,0.0,0.7142857142857143,0.7142857142857143,
F01885,not_tiered,42,-0.16042233737638437,0.008684215083425872,0.08855519761962527,0.4667047924474815,P37,2,0.0,0.0,1.0,1.0,
F01886,not_tiered,41,-1.8001869893090312,-1.8001869893090312,0.0,,P1,0,0.0,0.0,0.0,0.0,
F01887,not_tiered,42,1.0510990699442253,1.521615016646999,0.23525797335138687,0.4328634417258775,P16,0,0.0,0.0,0.5952380952380952,0.0,
F01888,not_tiered,42,-1.1725495091771176,-0.8557141521960656,0.16671039037193713,0.4830784944977532,P36,0,0.0,0.0,0.0,0.0,
F01889,not_tiered,41,-0.8806062460281368,-0.8806062460281368,0.0,,P1,0,0.0,0.0,0.0,0.0,
F01890,not_tiered,41,1.1401749053092658,1.1401749053092658,0.0,,P1,0,0.0,0.0,0.0,0.0,
F01891,not_tiered,42,-0.7561967595026324,2.232644389515823,1.4944205745092276,1.7239586411067938,P4,1,0.0,0.0,0.0,0.0,
F01892,not_tiered,42,0.9599931670518199,1.0251970676315336,0.03806672685695078,0.4241023973657975,P1,0,1.0,0.11904761904761904,0.0,0.0,
F01893,not_tiered,42,-0.11081503346425813,-0.041683348597853526,0.04178593710353358,0.44840200312932527,P18,0,0.0,0.0,0.0,0.0,
F01894,not_tiered,42,-0.20664758178316128,-0.09055697148589145,0.07804549078814155,0.5176253718336806,P18,0,0.0,0.0,0.0,0.0,
F01895,not_tiered,42,-1.3388208101777417,-1.04144556013038,0.1663515670255511,0.41923379133728117,P16,0,0.0,0.0,0.0,0.0,
F01896,not_tiered,42,-0.04252051026722244,0.07067232970857977,0.05838600241597694,0.3636653576448049,P42,9,0.0,0.0,0.0,0.0,
F01897,not_tiered,42,0.6174548261469701,0.7276294969974927,0.05924698123365024,0.4506941643389363,P39,0,1.0,0.0,0.0,0.0,
F01898,not_tiered,42,-0.230675503516052,-0.0921032954596371,0.08167894428178031,0.585402372491383,P19,0,0.0,0.0,1.0,1.0,
F01899,not_tiered,42,-0.7066649555273066,-0.5862796967445221,0.08069622386857433,0.4565167094153793,P42,0,1.0,0.0,0.0,0.0,
F01900,not_tiered,42,-1.2685945072460405,-1.0855520788264237,0.09485918867674292,0.39424559120554226,P42,0,1.0,1.0,0.0,0.0,
F01901,not_tiered,42,0.3510096350755067,0.4767666463797969,0.062939258152798,0.40854934246553243,P42,0,0.0,0.0,1.0,1.0,
F01902,C_detection_pattern,42,-0.47514903171972417,-0.2160666066569203,0.16916872665250676,0.6227914259692647,P7,0,0.0,0.0,1.0,1.0,1.0
F01903,not_tiered,42,-2.6924674536048188,-1.345072343722845,0.6892962835926926,1.030910051246244,P30,0,0.0,0.0,0.0,0.0,
F01904,C_detection_pattern,42,-0.7948779492990259,-0.3790499887713893,0.21012518984828443,0.6138017742296793,P35,0,0.0,0.0,1.0,1.0,1.0
F01905,not_tiered,42,0.5732622144680497,0.6958956102998081,0.07204959690407331,0.4197259394831635,P39,0,1.0,0.0,0.8333333333333334,0.0,
F01906,not_tiered,42,-0.44324769425641425,-0.348323505950438,0.05003007225932993,0.3538499121637269,P19,0,1.0,0.0,0.0,0.0,
F01907,not_tiered,42,-0.013288397745883833,0.10637022014107046,0.07635062538894416,0.5500122607287699,P31,2,0.0,0.0,0.0,0.0,
F01908,C_detection_pattern,42,-0.032290759356137476,0.231845765250562,0.2006171390706161,0.8521633370945938,P22,5,0.0,0.0,1.0,1.0,1.0
F01909,not_tiered,42,0.05032357134568513,0.18559436923095987,0.08150637952649117,0.5315751481466988,P18,0,0.0,0.0,0.023809523809523808,0.0,
F01910,not_tiered,42,-0.1672060867005215,-0.09304087194620447,0.04208191135656522,0.39914592749724465,P20,0,0.0,0.0,0.8333333333333334,0.0,
F01911,not_tiered,42,-1.282019767398988,-0.95017159240583,0.20865294931976286,0.6781196858622599,P23,0,0.0,0.0,0.09523809523809523,0.09523809523809523,
F01912,not_tiered,42,-1.8204290214031635,-0.009763353685290355,1.0333551894654995,1.3838854417134607,P36,0,0.0,0.0,0.023809523809523808,0.0,
F01913,not_tiered,42,0.23042466384422328,0.37151520172425806,0.08100180076164903,0.49137926399938603,P36,0,0.047619047619047616,0.0,0.8333333333333334,0.0,
F01914,not_tiered,42,0.08217070117274745,0.2204881089187632,0.08268641221646808,0.4542196506551562,P11,0,0.0,0.0,1.0,0.0,
F01915,not_tiered,42,0.12829246107815448,0.2284750297479006,0.065836658946093,0.5634148566283047,P25,0,0.023809523809523808,0.0,1.0,0.0,
F01916,not_tiered,42,0.05516577943350888,0.15074172315466905,0.06587997684291436,0.5665187781962223,P18,0,0.0,0.0,0.0,0.0,
F01917,not_tiered,42,0.1671178342698866,0.2705303911467863,0.06377443140341929,0.49897393225477926,P21,0,0.023809523809523808,0.0,0.0,0.0,
F01918,not_tiered,0,,,,,,0,0.0,0.0,0.0,0.0,
F01919,not_tiered,42,-0.5285073972548924,-0.2712306138507927,0.13836553847746386,0.490688734746881,P14,0,0.0,0.0,0.0,0.0,
F01920,C_detection_pattern,42,0.5198055831189703,0.79570186555068,0.17231299040073178,0.6994431849528447,P3,0,0.0,0.0,1.0,1.0,1.0
F01921,not_tiered,42,-0.579815172697131,0.1672231931279644,0.3742885503201453,0.733010581649129,P5,2,0.0,0.0,0.5952380952380952,0.5952380952380952,
F01922,not_tiered,42,0.11456836101523316,0.2035995928775853,0.0453038666764741,0.396360099233402,P25,0,0.0,0.0,0.0,0.0,
F01923,not_tiered,42,0.01563755649408653,0.0795752189353794,0.0326631871221118,0.413307987841556,P19,0,0.0,0.0,0.0,0.0,
F01924,C_detection_pattern,42,-1.3945313110797648,0.2188291131525153,1.0593309547121987,0.9943262650509198,P32,1,0.0,0.0,1.0,1.0,1.0
F01925,C_detection_pattern,42,0.011225805420497694,0.5048060823467879,0.3488497242961171,0.7854080492097414,P40,0,0.0,0.0,1.0,1.0,1.0
F01926,not_tiered,41,-0.22006469574089138,-0.22006469574089138,8.326672684688674e-17,,P2,0,0.0,0.0,1.0,0.0,
F01927,not_tiered,42,-0.5896447847452359,-0.532351617803582,0.03168844528242498,0.35011980276732485,P23,0,1.0,0.0,0.0,0.0,
F01928,not_tiered,42,-0.9894859586948027,-0.8995265967435164,0.05684643518495558,0.4225388804438359,P2,0,1.0,0.0,0.0,0.0,
F01929,C_detection_pattern,42,0.20915074780517987,0.3877999120634189,0.12373906230646131,0.6790785086183572,P15,0,0.0,0.0,1.0,1.0,1.0
F01930,C_detection_pattern,42,-0.5044317236559607,-0.15457158391277495,0.18395851908932823,0.6030909050150353,P5,0,0.0,0.0,1.0,1.0,1.0
F01931,not_tiered,42,-0.9959893080443463,0.6651726977930874,0.9266835978371254,1.3268867292784716,P36,2,0.0,0.0,0.5238095238095238,0.5238095238095238,
F01932,C_detection_pattern,42,-1.1267618738623937,-0.5228885783187369,0.3035478397964173,0.6812542479736554,P22,0,0.0,0.0,1.0,1.0,1.0
F01933,not_tiered,42,0.3745420744679763,0.5669858569118976,0.11523526113668175,0.49226486293217914,P25,0,0.11904761904761904,0.0,1.0,0.7619047619047619,
F01934,not_tiered,0,,,,,,0,0.0,0.0,0.023809523809523808,0.0,
F01935,B_abundance,42,1.0088742405206963,1.1983374769042596,0.10522694799538135,0.4326483971793389,P36,0,1.0,1.0,0.0,0.0,1.0
F01936,C_detection_pattern,42,1.7762966353173653,2.532645884205865,0.44350228716584716,0.9388864007824607,P32,0,0.0,0.0,1.0,1.0,1.0
F01937,C_detection_pattern,42,-0.16600402515720106,0.006703583918572704,0.1097929722672142,0.5442679106858243,P20,1,0.0,0.0,1.0,1.0,1.0
F01938,C_detection_pattern,42,0.06644548050840772,0.4485133592046179,0.2250496472981842,0.6334711694178369,P40,0,0.0,0.0,1.0,1.0,1.0
F01939,not_tiered,42,-0.2036697380295756,-0.12041585180998371,0.043706623361050995,0.37590827569961754,P22,0,0.0,0.0,1.0,0.0,
F01940,C_detection_pattern,42,0.6251005123126488,0.8064845913828271,0.09076255205068784,0.46726552078319294,P39,0,0.0,0.0,1.0,1.0,1.0
F01941,C_detection_pattern,42,-0.9146542293364895,-0.15869267210986066,0.48049046698323233,1.0017228167251697,P1,0,0.0,0.0,1.0,1.0,1.0
F01942,C_detection_pattern,42,-0.38277801003979545,-0.16598605327368637,0.10899090824344054,0.4159243048951777,P36,0,0.0,0.0,1.0,1.0,1.0
F01943,not_tiered,42,-1.0242031526033866,-0.14264981003658533,0.483963201065847,0.7910470262578422,P16,0,0.0,0.0,0.16666666666666666,0.16666666666666666,
F01944,C_detection_pattern,42,0.09732170160838116,1.4615767544885436,0.6821275264400812,1.1047763035545466,P22,0,0.0,0.0,1.0,1.0,1.0
F01945,not_tiered,42,-1.4164370216154338,-1.0477231647601526,0.24764456009903335,0.6351621698083324,P5,0,0.0,0.0,0.047619047619047616,0.0,
F01946,C_detection_pattern,42,-1.076853379267383,-0.3923643493187267,0.45904543885673044,0.9880989777077215,P32,0,0.0,0.0,1.0,1.0,1.0
F01947,not_tiered,42,-0.4482406781136753,-0.3351647852986043,0.0608671139499215,0.4241420359871813,P23,0,1.0,0.0,0.0,0.0,
F01948,not_tiered,0,,,,,,0,0.0,0.0,0.0,0.0,
F01949,not_tiered,42,-0.47162401887904354,-0.3552614889078419,0.06792644031368716,0.5547456875879416,P23,0,1.0,0.0,1.0,0.0,
F01950,C_detection_pattern,42,-0.047904353208990745,0.24916042569440178,0.19818902513956077,0.7008885864456752,P40,4,0.0,0.0,1.0,1.0,1.0
F01951,not_tiered,41,1.1266017283824432,1.1266017283824432,0.0,,P2,0,0.0,0.0,0.0,0.0,
F01952,not_tiered,42,0.3753549570816204,0.4508067875616621,0.04236743576239538,0.39234505561092686,P23,0,1.0,0.0,0.0,0.0,
F01953,not_tiered,42,0.5431214861546172,0.6733809234653148,0.06910210682783113,0.41468256695572014,P42,0,1.0,0.0,1.0,0.0,
F01954,not_tiered,42,0.30196396113466656,0.4129438459963067,0.08034175057478044,0.6937712805075571,P14,0,1.0,0.0,0.0,0.0,
F01955,C_detection_pattern,42,-1.046760065943729,-0.20552291581650461,0.4857968815353,0.7465514988561641,P2,0,0.0,0.0,1.0,1.0,1.0
F01956,not_tiered,42,-0.38801545791061526,-0.2781213077456749,0.058064719698921186,0.37175551533276474,P23,0,0.14285714285714285,0.0,0.0,0.0,
F01957,C_detection_pattern,42,0.4584006692404703,1.1748660203289942,0.36214724524985475,0.7797378692429401,P17,0,0.0,0.0,1.0,1.0,1.0
F01958,C_detection_pattern,42,-0.4461534803829685,-0.3268898711048198,0.07003445811765108,0.38522610942212115,P26,0,0.0,0.0,1.0,1.0,1.0
F01959,B_abundance,42,-3.7989642270492823,-3.5173613880765044,0.20696469430624553,0.6383617515630765,P3,0,1.0,1.0,0.0,0.0,1.0
F01960,not_tiered,42,5.376769967189613,6.575273741617637,0.656069964393188,0.5348071464868844,P6,0,0.0,0.0,0.0,0.0,
F01961,not_tiered,0,,,,,,0,0.0,0.0,0.0,0.0,
F01962,not_tiered,42,0.2554600323002595,0.4318688063431386,0.14086115283976441,0.7382626428954581,P6,0,0.16666666666666666,0.0,0.0,0.0,
F01963,not_tiered,42,-0.3890202863815572,-0.17085060582787703,0.14949420099060218,0.6472515336993263,P42,0,0.0,0.0,0.0,0.0,
F01964,not_tiered,0,,,,,,0,0.0,0.0,0.0,0.0,
F01965,B_abundance,42,-1.3117392576458775,-1.1945800884481583,0.0629956488672585,0.4596643079806087,P3,0,1.0,1.0,0.0,0.0,1.0
F01966,B_abundance,42,-1.5002609554396074,-1.3632342976492586,0.07978692424393796,0.4202710295098474,P32,0,1.0,1.0,0.0,0.0,1.0
F01967,not_tiered,0,,,,,,0,0.0,0.0,0.0,0.0,
F01968,not_tiered,42,-0.19586785096450762,0.43119082527460345,0.42108459875123194,0.8889214312149204,P36,1,0.0,0.0,0.0,0.0,
F01969,not_tiered,42,0.07005177786888132,0.20344109581205805,0.08887560651390675,0.6705378971609145,P18,0,0.0,0.0,0.0,0.0,
F01970,not_tiered,42,0.5769431324971568,0.7055917708839943,0.07681555967038411,0.5149996026367256,P5,0,1.0,0.0,0.0,0.0,
F01971,not_tiered,42,0.2534331185894337,0.343879190221514,0.0624035203395934,0.5921445314636024,P42,0,1.0,0.0,0.0,0.0,
F01972,not_tiered,42,-0.2215438267305832,-0.11188665057689512,0.05754901253201131,0.5040368008473037,P14,0,0.0,0.0,0.0,0.0,
F01973,not_tiered,42,0.9745040242508801,1.2906764346790927,0.19073110719665576,0.5096259448440151,P5,0,0.0,0.0,0.7619047619047619,0.7619047619047619,
F01974,not_tiered,42,-0.5643424819274206,-0.32950097062296585,0.12513665829934345,0.4119949733134405,P16,0,0.0,0.0,0.0,0.0,
F01975,not_tiered,42,0.25230846969623766,0.46069201426615525,0.13095970248393873,0.5350042101588489,P39,0,0.0,0.0,0.0,0.0,
F01976,not_tiered,0,,,,,,0,0.0,0.0,0.0,0.0,
F01977,not_tiered,42,-0.05785552562826362,0.22218322402627586,0.15502226388020424,0.3939389646056202,P16,6,0.0,0.0,0.0,0.0,
F01978,not_tiered,42,0.08520142863008097,0.21677442429995702,0.07054827394160103,0.38619122042812254,P37,0,0.0,0.0,0.8333333333333334,0.0,
F01979,not_tiered,42,-0.10689644071941762,0.15912360667940217,0.1589949511379218,0.45528942526682087,P39,6,0.0,0.0,0.0,0.0,
F01980,not_tiered,0,,,,,,0,0.0,0.0,0.0,0.0,
F01981,not_tiered,42,0.16996559553863277,0.38500983473653067,0.11886691221800616,0.38171567931911765,P25,0,0.0,0.0,0.0,0.0,
F01982,not_tiered,42,0.6320025283143247,0.77482139184869,0.07384049124439085,0.3975653530164244,P23,0,1.0,0.0,0.0,0.0,
F01983,not_tiered,42,0.18482246291705196,0.2741266545447602,0.05263546032386532,0.4095802867155732,P25,0,0.023809523809523808,0.0,0.0,0.0,
F01984,not_tiered,0,,,,,,0,0.0,0.0,0.0,0.0,
F01985,not_tiered,42,-0.5998195838848641,-0.3890378413397247,0.14720014278838617,0.6636886157710078,P19,0,0.8571428571428571,0.0,0.0,0.0,
F01986,C_detection_pattern,42,-0.06447973461240686,0.2046671580675632,0.15515429147784254,0.5699163606104126,P34,2,0.0,0.0,1.0,1.0,1.0
F01987,C_detection_pattern,42,-2.903192952806536,-1.4545081624455225,0.8476639515506017,0.9203404602727625,P14,0,0.0,0.0,1.0,1.0,1.0
F01988,not_tiered,42,1.0300329141049702,2.046090197289887,0.562635318145573,0.8907342010578974,P35,0,0.0,0.0,0.0,0.0,
F01989,C_detection_pattern,42,-1.0274575055137993,-0.6048051124459569,0.2123011556358907,0.6048866549869252,P39,0,0.0,0.0,1.0,1.0,1.0
F01990,B_abundance,42,0.9799740988788154,1.1984866116746378,0.15975315781953026,0.7526352803177245,P26,0,1.0,0.9761904761904762,0.0,0.0,0.9761904761904762
F01991,not_tiered,42,0.34900412258571634,0.4288879887065014,0.048027942951426705,0.4706849689835775,P21,0,1.0,0.0,0.0,0.0,
F01992,not_tiered,42,-1.103760096749783,-0.9095502436857505,0.11479690825271416,0.5062659483243481,P25,0,1.0,0.23809523809523808,0.8333333333333334,0.0,
F01993,not_tiered,0,,,,,,0,0.0,0.0,0.0,0.0,
F01994,not_tiered,42,-1.2752311403458938,-0.9854996194194339,0.16986957382201195,0.5871638573808771,P9,0,0.0,0.0,0.0,0.0,
F01995,C_detection_pattern,42,-4.5414935972473955,-2.9145713635985158,0.8393016618289346,0.6704105394694085,P10,0,0.0,0.0,1.0,1.0,1.0
F01996,C_detection_pattern,42,-3.4046313297946416,0.26135299451430427,1.832992162154473,1.844711903180429,P1,1,0.0,0.0,1.0,1.0,1.0
F01997,not_tiered,41,0.159403685976109,0.159403685976109,0.0,,P2,0,0.0,0.0,0.6428571428571429,0.6428571428571429,
F01998,C_detection_pattern,42,0.9214273330212923,1.1887500125850372,0.16547698684810053,0.6400266025793946,P38,0,0.0,0.0,1.0,1.0,1.0
F01999,not_tiered,42,-1.0170525488698918,-0.6454871618769216,0.21727954392166837,0.6385921035143955,P17,0,0.0,0.0,0.0,0.0,
F02000,not_tiered,42,-0.33568285942299575,-0.2500757051698182,0.04816758507361579,0.42859420015756133,P33,0,1.0,0.0,0.0,0.0,
F02001,not_tiered,42,-0.9259586262209644,-0.7983350456644944,0.07899907543339602,0.41156964692242065,P19,0,1.0,0.0,0.0,0.0,
F02002,not_tiered,41,0.1639570460684947,0.1639570460684947,0.0,,P2,0,0.0,0.0,0.0,0.0,
F02003,not_tiered,42,-0.42393949501652683,-0.33577474941553026,0.05364594631507963,0.4403216418076603,P31,0,1.0,0.0,0.0,0.0,
F02004,not_tiered,42,-0.7348949167489128,-0.5230790648639427,0.10630681951407694,0.5038674655846043,P29,0,0.0,0.0,0.07142857142857142,0.07142857142857142,
F02005,C_detection_pattern,42,-0.926128960535916,-0.4691367397512823,0.28006330449495404,0.8019763988441353,P36,0,0.0,0.0,1.0,1.0,1.0
F02006,not_tiered,42,0.08930690959452392,0.12281451180504992,0.017443828934944075,0.2891009903487593,P4,0,0.0,0.0,0.0,0.0,
F02007,not_tiered,42,-0.07984043818007007,-0.038248532876505544,0.02080891101313926,0.3084153903619271,P23,0,0.0,0.0,0.0,0.0,
F02008,not_tiered,42,-0.1595069805548714,-0.09037921666351188,0.04157920871883493,0.4308407758421098,P31,0,0.0,0.0,0.0,0.0,
F02009,not_tiered,42,-0.00985314310193253,0.05904624501512228,0.03823028088201178,0.42331140263839834,P19,2,0.0,0.0,0.0,0.0,
F02010,not_tiered,0,,,,,,0,0.0,0.0,0.023809523809523808,0.023809523809523808,
F02011,not_tiered,42,-0.3138487635226836,-0.11429801728337467,0.10629759966647309,0.4521808274390402,P17,0,0.0,0.0,0.0,0.0,
F02012,B_abundance,42,-1.0371324355669933,-0.9676895438748989,0.043164748594896496,0.37714544182073995,P19,0,1.0,0.7380952380952381,0.0,0.0,0.7380952380952381
F02013,not_tiered,42,-0.122320458235447,-0.02374695188983098,0.055472557856573,0.5219774976652385,P12,0,0.0,0.0,0.0,0.0,
F02014,not_tiered,42,0.05289257132864866,0.16447736058243728,0.06510920100366999,0.4783578828234479,P42,0,0.0,0.0,1.0,0.0,
F02015,not_tiered,42,-0.31803066781446776,-0.12116748170187722,0.11170311907795585,0.3910294217398569,P5,0,0.0,0.0,0.0,0.0,
F02016,B_abundance,42,-1.63859417503074,-1.510117411334308,0.07379225493576347,0.38405540501258156,P31,0,1.0,1.0,0.0,0.0,1.0
F02017,not_tiered,42,-0.2995776351587903,-0.0805619957421336,0.1142463350365302,0.37533417702333277,P19,0,0.0,0.0,0.0,0.0,
F02018,C_detection_pattern,42,-0.187761576428638,0.4972149181369694,0.41403111595938813,0.8701382044916302,P17,2,0.0,0.0,1.0,1.0,1.0
F02019,not_tiered,42,-0.16563246414765403,-0.03391759752672689,0.08455960952341673,0.5793378624021127,P25,0,0.0,0.0,0.0,0.0,
F02020,not_tiered,42,0.6218817096564504,0.728144924409906,0.057449713522015666,0.4305704539187114,P38,0,1.0,0.0,1.0,0.7619047619047619,
F02021,not_tiered,42,0.10531031136299518,0.20608755923725203,0.06048868771997262,0.4721793750040271,P35,0,0.0,0.0,1.0,0.0,
F02022,not_tiered,41,1.2663284804021835,1.2663284804021835,2.220446049250313e-16,,P1,0,0.0,0.0,1.0,1.0,
F02023,C_detection_pattern,42,-0.20383836306059028,0.5192047885821125,0.5358622157241666,0.930991108752085,P40,1,0.0,0.0,1.0,1.0,1.0
F02024,B_abundance,42,-1.599932855721612,-1.4329398492135363,0.12443547662483168,0.5667170290589119,P19,0,1.0,1.0,0.0,0.0,1.0
F02025,not_tiered,42,-0.5219090473288243,-0.40601749281227145,0.08679296559501304,0.5795623151350745,P35,0,1.0,0.0,0.0,0.0,
F02026,C_detection_pattern,41,4.5088231817470135,4.5088231817470135,0.0,,P1,0,0.0,0.0,1.0,1.0,1.0
F02027,C_detection_pattern,42,-2.218288753246228,-0.7410928132815181,0.8189126220312445,1.1432503192958474,P28,0,0.0,0.0,1.0,1.0,1.0
F02028,B_abundance,42,-1.1974679064542069,-1.0952494098253986,0.06413413230334242,0.44259270699050474,P18,0,1.0,1.0,0.0,0.0,1.0
F02029,B_abundance,42,-1.4023110529420033,-1.2613457915485509,0.08841714673342049,0.4281362642518453,P19,0,1.0,1.0,0.0,0.0,1.0
F02030,not_tiered,42,-1.4336947753045757,-1.2517140752614564,0.10372430457855142,0.37843320067846303,P19,0,1.0,1.0,0.0,0.0,
F02031,not_tiered,42,-0.8716203057640927,-0.7149778402738224,0.08916226869751831,0.3984788590470894,P35,0,1.0,0.0,0.0,0.0,
F02032,not_tiered,42,-0.03832570630811642,0.028826100200899315,0.03623193512162132,0.3814982002819442,P19,10,0.0,0.0,0.0,0.0,
F02033,not_tiered,42,-1.2978517584027192,-0.6511837980358252,0.42122113497786595,0.7488538859457154,P26,0,0.0,0.0,0.0,0.0,
F02034,not_tiered,41,1.6974022826721846,1.6974022826721846,0.0,,P1,0,0.0,0.0,0.0,0.0,
F02035,C_detection_pattern,0,,,,,,0,0.0,0.0,0.9047619047619048,0.9047619047619048,0.9047619047619048
F02036,C_detection_pattern,42,0.3030758390265118,0.5468490667748601,0.1398528991211887,0.5450864714251268,P25,0,0.0,0.0,1.0,1.0,1.0
F02037,not_tiered,42,-0.03406369376083408,0.052720326915365975,0.06438878163361547,0.6534033321904913,P19,5,0.0,0.0,0.0,0.0,
F02038,not_tiered,0,,,,,,0,0.0,0.0,0.8333333333333334,0.0,
F02039,not_tiered,42,0.04931317454793697,0.12172579283687239,0.03623784281843783,0.29946307645415754,P19,0,0.0,0.0,0.0,0.0,
F02040,not_tiered,42,-0.4497559265736881,-0.3654300817783029,0.052630163524113205,0.5287146084776291,P31,0,1.0,0.0,0.0,0.0,
F02041,C_detection_pattern,42,-0.05736078779677042,0.7377356859846623,0.42398424613706104,0.8929939077484369,P1,1,0.0,0.0,1.0,1.0,1.0
F02042,not_tiered,0,,,,,,0,0.0,0.0,0.0,0.0,
F02043,B_abundance,42,-1.4563447274128616,-1.2850349776012417,0.10987067385059124,0.4453724904542836,P18,0,1.0,1.0,0.0,0.0,1.0
F02044,not_tiered,0,,,,,,0,0.0,0.0,0.0,0.0,
F02045,not_tiered,42,0.023019294146303396,0.09385005179142866,0.039449896665856465,0.3352531916813947,P38,0,0.0,0.0,0.0,0.0,
F02046,not_tiered,42,0.30541394538668787,0.3524264468676315,0.023728693011297708,0.2897188213954924,P39,0,1.0,0.0,0.0,0.0,
F02047,not_tiered,42,-0.03947190293523601,0.019616934048881138,0.03127043105445624,0.3736762787682516,P39,8,0.0,0.0,0.0,0.0,
F02048,not_tiered,42,0.46074439956388613,0.514751997963683,0.029929560549198042,0.3155660501852631,P37,0,1.0,0.0,0.0,0.0,
F02049,not_tiered,42,0.34575324461265255,0.4051214648563828,0.03277979050967522,0.36051291873739005,P23,0,1.0,0.0,0.0,0.0,
F02050,not_tiered,42,-0.3202349357250558,1.3847287607244203,0.8606699769540075,1.2269436904163131,P1,1,0.0,0.0,0.0,0.0,
F02051,C_detection_pattern,42,-0.12920839350416885,0.0009543913531853577,0.08204686609845825,0.5665755765063434,P39,1,0.0,0.0,1.0,1.0,1.0
F02052,not_tiered,0,,,,,,0,0.0,0.0,0.0,0.0,
F02053,C_detection_pattern,42,-0.04686804783464105,0.3862480954999417,0.22050876740957154,0.5884886707481384,P34,1,0.0,0.0,1.0,1.0,1.0
F02054,not_tiered,42,0.5379322911035159,0.7643052055273422,0.15074791005761634,0.5878937866212128,P4,0,1.0,0.0,1.0,0.0,
F02055,not_tiered,42,-0.30105061344659134,0.44987582648921887,0.5261720108104083,1.008552851069688,P25,2,0.0,0.0,0.0,0.0,
F02056,not_tiered,42,0.4073993982127904,0.8189437612099351,0.2256957607047136,0.5775232514246207,P37,0,0.0,0.0,0.0,0.0,
F02057,not_tiered,42,-0.17833231891865103,-0.04419453643132467,0.07066687453886024,0.3593833953333705,P16,0,0.0,0.0,0.0,0.0,
F02058,C_detection_pattern,42,0.41894631577817487,0.974151533690134,0.314404034923112,0.7120132025593435,P32,0,0.0,0.0,1.0,1.0,1.0
F02059,not_tiered,0,,,,,,0,0.0,0.0,0.0,0.0,
F02060,B_abundance,42,0.943437377494124,1.0771484123631503,0.07063050271438476,0.4130930734648134,P18,0,1.0,0.7142857142857143,0.0,0.0,0.7142857142857143
F02061,not_tiered,42,0.061911464548727826,0.17581094614509318,0.07101036638746748,0.5940512963393684,P23,0,0.0,0.0,0.0,0.0,
F02062,C_detection_pattern,42,-0.27471933940069726,0.1769832983215003,0.2624494494757535,0.5442657567048529,P19,4,0.0,0.0,1.0,1.0,1.0
F02063,not_tiered,42,-0.2316479727653924,0.03484405493647458,0.13971026299118877,0.34426211031477505,P35,1,0.0,0.0,0.07142857142857142,0.07142857142857142,
F02064,not_tiered,42,0.6731553057325665,0.7488705407876726,0.03801106423706535,0.4099672126608087,P22,0,1.0,0.0,0.0,0.0,
F02065,B_abundance,42,0.9096730730771332,1.1219585194353836,0.1282953546532719,0.4940265893019538,P21,0,1.0,0.8809523809523809,0.0,0.0,0.8809523809523809
F02066,not_tiered,42,0.030515221365971755,0.3522166944135092,0.22233709528252063,0.7539748972801337,P38,0,0.0,0.0,0.0,0.0,
F02067,not_tiered,42,-1.3495703352093136,-1.0714974749328539,0.18488142541404096,0.6641847803979596,P23,0,0.0,0.0,1.0,1.0,
F02068,not_tiered,42,0.21453008321504274,0.31648500697077864,0.058901367458487064,0.40244483672113346,P2,0,0.023809523809523808,0.0,0.0,0.0,
F02069,not_tiered,42,0.22434740753952515,0.3233715971059031,0.061750379396098454,0.4267567046841083,P21,0,0.023809523809523808,0.0,0.0,0.0,
F02070,B_abundance,42,-1.8196546143631729,-1.660871635410696,0.0932447315064624,0.5043738428642754,P3,0,1.0,1.0,0.0,0.0,1.0
F02071,not_tiered,42,-0.3659147925359471,0.3896311132002094,0.39262323478466765,0.6339378711306095,P29,7,0.0,0.0,0.0,0.0,
F02072,not_tiered,42,0.2017765999019329,0.25653310975615046,0.027544277310705745,0.3455739101873892,P23,0,1.0,0.0,0.0,0.0,
F02073,not_tiered,0,,,,,,0,0.0,0.0,0.0,0.0,
F02074,not_tiered,42,0.07046660840821195,0.20607778685827446,0.07476932564486866,0.5329600347321732,P18,0,0.0,0.0,0.0,0.0,
F02075,C_detection_pattern,42,-1.9539827050562826,-0.4999780987572322,0.8659081517273595,1.3248298227413458,P37,0,0.0,0.0,1.0,1.0,1.0
F02076,C_detection_pattern,42,-0.34190994418270915,0.030767972086196416,0.22107930331737324,0.7206789438443658,P10,1,0.0,0.0,1.0,1.0,1.0
F02077,not_tiered,42,-0.1902964042537777,-0.10347637232043105,0.05044730093589206,0.4133264175287436,P39,0,0.0,0.0,0.8571428571428571,0.7619047619047619,
F02078,not_tiered,42,0.6549283163351124,0.7665887941005726,0.05584756784461997,0.33082847509709157,P28,0,1.0,0.0,0.0,0.0,
F02079,C_detection_pattern,42,-0.7529105886927839,0.18775336046404512,0.5413300545165457,0.9709909562237892,P15,1,0.0,0.0,1.0,1.0,1.0
F02080,C_detection_pattern,42,0.16210952691043518,0.45209141609144315,0.18296015248345404,0.7276334715796529,P26,0,0.0,0.0,1.0,1.0,1.0
F02081,C_detection_pattern,42,0.17288883352346152,0.42179162711640195,0.1726223895876164,0.7227485570629794,P35,0,0.0,0.0,1.0,1.0,1.0
F02082,C_detection_pattern,42,-0.28698435892350044,-0.12732929247222616,0.08396774598283605,0.3814560481295381,P22,0,0.0,0.0,1.0,1.0,1.0
F02083,not_tiered,42,0.3181710884506469,0.4511427626654137,0.106368878413926,0.6962758138904619,P31,0,0.38095238095238093,0.0,0.0,0.0,
F02084,B_abundance,42,1.4049121103514586,1.5025135712790556,0.052233360155949926,0.41136016878282067,P1,0,1.0,1.0,0.0,0.0,1.0
F02085,not_tiered,42,0.14466394708048397,0.4740594657089428,0.2087226355455024,0.7279035402506385,P8,0,0.0,0.0,0.0,0.0,
F02086,not_tiered,42,0.4688045151421505,0.6068406054204574,0.10551939845593772,0.5760826102809871,P14,0,1.0,0.0,0.0,0.0,
F02087,C_detection_pattern,42,-0.23084958426154886,-0.07998800547502039,0.0805497463083282,0.4480149778084015,P36,0,0.0,0.0,1.0,1.0,1.0
F02088,not_tiered,42,-0.192371235142721,-0.13324310270076345,0.03317889501058996,0.37607411161260473,P19,0,0.023809523809523808,0.0,0.0,0.0,
F02089,not_tiered,42,-0.028028353459354147,0.23037909013280874,0.20490482056137793,0.9288375938140463,P2,1,0.0,0.0,0.0,0.0,
F02090,not_tiered,42,0.00771647644433224,0.12105074777279741,0.07070308745693027,0.5596253074233223,P20,0,0.0,0.0,0.0,0.0,
F02091,C_detection_pattern,42,0.24083076618548657,0.7176488460688185,0.3653268657759393,0.9681218658260711,P19,0,0.0,0.0,1.0,1.0,1.0
F02092,not_tiered,42,0.4668947312358766,0.4990389071197578,0.01977861366940381,0.3427859346787497,P32,0,1.0,0.0,0.0,0.0,
F02093,not_tiered,42,0.7427691715988688,0.8006877373815627,0.029004399908569733,0.35668714400681223,P32,0,1.0,0.0,0.0,0.0,
F02094,B_abundance,42,1.1446844850417524,1.2852864875085743,0.08593991627189745,0.5295402772063387,P19,0,1.0,1.0,0.0,0.0,1.0
F02095,not_tiered,42,0.36130213082075285,0.4020931076953124,0.023977407813728258,0.34080403243896285,P2,0,1.0,0.0,0.0,0.0,
F02096,not_tiered,42,0.2894591885583316,0.32261818133225323,0.017880708195899042,0.2787791862999809,P19,0,1.0,0.0,0.0,0.0,
F02097,not_tiered,42,0.6995367821348432,0.8831881963408088,0.10820057096290814,0.5312612894173836,P33,0,0.0,0.0,1.0,1.0,
F02098,not_tiered,42,0.4862005604387406,0.569492147067232,0.04677795815955843,0.45178465559387454,P2,0,1.0,0.0,0.0,0.0,
F02099,not_tiered,42,0.6182247402379231,0.6833828711749195,0.04238271333333965,0.4331682611039809,P21,0,1.0,0.0,0.0,0.0,
F02100,not_tiered,42,0.2658233643664974,0.3270012823253332,0.0385296457989483,0.435663444688152,P21,0,1.0,0.0,0.0,0.0,
F02101,not_tiered,42,0.20690708174977918,0.24619859789124277,0.025158624064102075,0.3699291372586001,P23,0,1.0,0.0,0.0,0.0,
F02102,not_tiered,42,0.3454106928324876,0.47430809236272925,0.0970705292132652,0.6864427092708659,P23,0,1.0,0.0,0.0,0.0,
F02103,not_tiered,42,0.29100020268107957,0.32349457329405606,0.018476514158750845,0.3147903420356737,P23,0,1.0,0.0,0.0,0.0,
F02104,not_tiered,42,0.004414781671754619,0.04664696415507663,0.02529658807647923,0.3287894104225793,P23,0,0.0,0.0,0.0,0.0,
F02105,not_tiered,42,0.5508013918709204,0.6380108734003997,0.05325198613451654,0.39108745378858617,P5,0,1.0,0.0,0.0,0.0,
F02106,not_tiered,42,0.39750119031451864,0.4945263853146086,0.07085864888690324,0.5875685095395575,P21,0,1.0,0.0,0.0,0.0,
F02107,not_tiered,42,0.6146800120289431,0.6763214013085537,0.03785566501568305,0.4127616806357113,P42,0,1.0,0.0,0.0,0.0,
F02108,not_tiered,42,0.8805971664098058,0.9446329752000852,0.03406073984289337,0.3190152585905883,P18,0,1.0,0.0,0.0,0.0,
F02109,not_tiered,42,-0.8021137087625712,-0.7001030798871437,0.06113785488709789,0.4026520144802011,P19,0,1.0,0.0,0.0,0.0,
F02110,not_tiered,42,0.5332658092622576,0.5923589896702545,0.03331352985968006,0.3822854402776496,P22,0,1.0,0.0,0.0,0.0,
F02111,not_tiered,42,0.4169007354168798,0.48136404937998484,0.0402120070614681,0.39756083702149536,P41,0,1.0,0.0,0.0,0.0,
F02112,not_tiered,42,-0.05405591716311515,0.044456053440245225,0.05753588283285835,0.5047837723841844,P14,15,0.0,0.0,0.0,0.0,
F02113,C_detection_pattern,42,-0.46855441894971617,-0.28908400360893644,0.11403903891535877,0.571674726455337,P28,0,0.0,0.0,1.0,1.0,1.0
F02114,not_tiered,42,0.2696666353170685,0.4337657677229039,0.0899483961514182,0.399068040817977,P28,0,0.0,0.0,1.0,0.0,
F02115,not_tiered,0,,,,,,0,0.0,0.0,0.0,0.0,
F02116,C_detection_pattern,42,-0.20945584051949018,-0.04623577319185124,0.10951344720024737,0.3963819665569907,P12,0,0.0,0.0,1.0,1.0,1.0
F02117,not_tiered,42,0.5578624872395621,0.6100654109142977,0.028947243307786086,0.33658192636397055,P25,0,1.0,0.0,0.0,0.0,
F02118,not_tiered,42,0.664406133589092,0.7173195945655222,0.02906653767799583,0.37850537032811066,P14,0,1.0,0.0,0.0,0.0,
F02119,not_tiered,42,0.40063056221839466,0.6042559675007733,0.12958467926159434,0.535889570064666,P36,0,0.0,0.0,1.0,1.0,
F02120,not_tiered,42,0.147382484963832,0.2242667775299199,0.040473390513274005,0.3906099463288364,P31,0,0.023809523809523808,0.0,0.0,0.0,
F02121,not_tiered,42,-0.20009458916087977,-0.12590852515061457,0.04593285517441123,0.41934367829756447,P18,0,0.0,0.0,0.0,0.0,
F02122,not_tiered,42,-0.4745882631715158,-0.3689998359696631,0.059132574846956276,0.42517153910499084,P23,0,1.0,0.0,0.0,0.0,
F02123,not_tiered,42,0.3745199072590422,0.46587063472365253,0.051820404967903355,0.4992524784803669,P19,0,1.0,0.0,0.0,0.0,
F02124,not_tiered,42,0.4655996154726803,0.5578217155373688,0.058341447802386315,0.5133742409719945,P19,0,1.0,0.0,0.0,0.0,
F02125,not_tiered,42,-0.7917005638497019,-0.3365544429344,0.3449007744937687,0.9760034313795268,P23,0,0.0,0.0,0.0,0.0,
F02126,C_detection_pattern,42,0.8015065362960994,0.9712422494777295,0.09644355257104398,0.469288188693089,P14,0,0.0,0.0,1.0,1.0,1.0
F02127,B_abundance,42,1.319623819922917,1.5531578924877492,0.16159220206281066,0.47280187538689394,P1,0,1.0,1.0,0.0,0.0,1.0
F02128,not_tiered,42,-3.6417566093009466,1.348001088700686,2.4948788490008162,1.9803371100120006,P24,1,0.0,0.0,0.023809523809523808,0.0,
F02129,not_tiered,42,0.029803172285591286,0.08912035027267823,0.03922585570236653,0.4523220979189678,P42,0,0.0,0.0,0.0,0.0,
F02130,not_tiered,0,,,,,,0,0.0,0.0,0.023809523809523808,0.0,
F02131,not_tiered,42,-0.9896807738439817,-0.48862109232569995,0.2888972755927164,0.7308102009845905,P30,0,0.0,0.0,1.0,1.0,
F02132,not_tiered,42,-0.20205698063685437,0.24962168067700483,0.32590698728913864,0.8494085711729966,P2,1,0.0,0.0,1.0,0.7619047619047619,
F02133,C_detection_pattern,42,-0.02444597744485428,0.11233015247425997,0.07439135423313897,0.43398950672902054,P28,3,0.0,0.0,1.0,1.0,1.0
F02134,C_detection_pattern,42,-0.3549833802036127,0.0673253135256459,0.2156211433722889,0.5634215480532689,P22,2,0.0,0.0,1.0,1.0,1.0
F02135,not_tiered,42,0.4099130824650017,0.5174339935684829,0.0620631331042904,0.45085678871321866,P15,0,0.0,0.0,1.0,1.0,
F02136,C_detection_pattern,42,-3.7856335797082576,-3.4130005661096403,0.19315540560388067,0.4126209533193583,P37,0,0.0,0.0,1.0,1.0,1.0
F02137,C_detection_pattern,42,-0.6560622632074419,-0.2848855654592099,0.18911275916804415,0.5930677864800472,P8,0,0.0,0.0,1.0,1.0,1.0
F02138,not_tiered,42,0.03782826653859707,0.1005909469195772,0.03401928019124131,0.36432539727769186,P18,0,0.0,0.0,0.0,0.0,
F02139,not_tiered,42,0.5304437247384182,0.6783519500694308,0.08828238819741763,0.5372095336193798,P14,0,1.0,0.0,0.8333333333333334,0.0,
F02140,not_tiered,42,0.043215663735443825,0.20094721338526353,0.08534265251917916,0.41665039649624286,P23,0,0.0,0.0,1.0,0.0,
F02141,not_tiered,0,,,,,,0,0.0,0.0,0.047619047619047616,0.047619047619047616,
F02142,not_tiered,41,3.0649715162483453,3.0649715162483453,0.0,,P1,0,0.0,0.0,1.0,1.0,
F02143,not_tiered,42,0.0071239815078075405,0.12479507691046955,0.08359678872895435,0.5967278311712931,P23,0,0.0,0.0,0.0,0.0,
F02144,C_detection_pattern,42,0.19254732428457938,0.43326997695485286,0.14858281673690582,0.7319491730340332,P34,0,0.0,0.0,1.0,1.0,1.0
F02145,not_tiered,42,-0.149065265666081,0.004904249730359922,0.0803108785385875,0.5359845096060155,P4,1,0.0,0.0,1.0,1.0,
F02146,C_detection_pattern,42,0.25859295936966964,0.5560205070250817,0.18112328299524244,0.5947025130543993,P9,0,0.0,0.0,1.0,1.0,1.0
F02147,not_tiered,42,0.48696912698198025,0.5552622027623887,0.0391519670284296,0.42641650743286935,P20,0,1.0,0.0,0.0,0.0,
F02148,C_detection_pattern,42,0.06944939641037977,0.20066904000866978,0.09521367106644472,0.7031511398509779,P38,0,0.0,0.0,1.0,1.0,1.0
F02149,not_tiered,42,0.0556463419891192,0.11794743541396176,0.039958809488697955,0.4804556353817822,P21,0,0.0,0.0,0.0,0.0,
F02150,not_tiered,42,0.4674281275495201,0.593818876681067,0.0793537958195889,0.5774894438726856,P14,0,0.0,0.0,1.0,1.0,
F02151,C_detection_pattern,42,0.15788500062886107,0.3078611999681416,0.08429293421240594,0.5231657281075244,P33,0,0.0,0.0,1.0,1.0,1.0
F02152,C_detection_pattern,42,-0.10173793943633677,0.15336114092257727,0.14552972381365148,0.6112402009093153,P13,13,0.0,0.0,1.0,1.0,1.0
F02153,not_tiered,42,0.3431141126354264,0.4461445730609457,0.06493054273239118,0.5910922264345078,P18,0,1.0,0.0,0.0,0.0,
F02154,C_detection_pattern,42,0.3330825807012132,0.6453145166450205,0.16408865641964,0.5956157767646344,P16,0,0.0,0.0,1.0,1.0,1.0
F02155,C_detection_pattern,42,-0.609237602312442,1.495599123181412,1.052418362746927,1.465488317998232,P1,1,0.0,0.0,1.0,1.0,1.0
F02156,not_tiered,42,-0.311651079832668,-0.23201620905159961,0.04122764208759247,0.4400336132048739,P21,0,1.0,0.0,0.0,0.0,
F02157,not_tiered,42,0.32342928131116516,0.4532526332809162,0.07581719769627782,0.508476378947255,P11,0,0.0,0.0,1.0,1.0,
F02158,not_tiered,0,,,,,,0,0.0,0.0,0.0,0.0,
F02159,not_tiered,42,-1.1097918347932738,-0.9462853710357431,0.08662111844926201,0.3330196615573461,P16,0,1.0,0.7142857142857143,0.0,0.0,
F02160,not_tiered,42,-1.0791659967771006,-0.697460317037122,0.23406763568527544,0.7306621908464893,P25,0,1.0,0.023809523809523808,0.0,0.0,
F02161,not_tiered,42,-0.0314925892189164,0.279893928305035,0.1900479854160746,0.6237551996978785,P36,2,0.0,0.0,0.14285714285714285,0.14285714285714285,
F02162,not_tiered,42,-0.510503418684804,-0.4053757666797154,0.05833968674350676,0.46831415726975406,P35,0,1.0,0.0,0.0,0.0,
F02163,not_tiered,42,0.012854195365170561,0.10940315960671737,0.06666923479547918,0.6101880555775667,P40,0,0.0,0.0,1.0,0.0,
F02164,not_tiered,42,0.38719871317442034,0.5023666488244548,0.06272155436562232,0.41053014387715064,P39,0,1.0,0.0,0.0,0.0,
F02165,not_tiered,42,1.1257978437766198,1.2464310877986082,0.06658228012277578,0.39811653787728457,P39,0,0.0,0.0,1.0,1.0,
F02166,not_tiered,42,-1.0178330831864844,-0.8978854475396598,0.06503903569252378,0.3976243174003747,P25,0,1.0,0.07142857142857142,0.0,0.0,
F02167,not_tiered,42,-1.279500849344995,-1.0356945437073954,0.1534623845411438,0.4955207538406338,P20,0,0.0,0.0,0.0,0.0,
F02168,not_tiered,42,-2.9876597082211793,-2.5889811041017583,0.21522385161303292,0.49114174268223604,P9,0,0.0,0.0,0.0,0.0,
F02169,C_detection_pattern,42,0.05805949627634721,0.3903319734511326,0.20350093717611228,0.6719485357101956,P42,0,0.0,0.0,1.0,1.0,1.0
F02170,not_tiered,42,-0.011590240208793377,0.03190700519897942,0.02825151449545682,0.381295718000467,P2,17,0.0,0.0,0.0,0.0,
F02171,not_tiered,42,-0.434986546091532,-0.3545818434232524,0.04825627164901153,0.40287128383185083,P23,0,1.0,0.0,0.0,0.0,
F02172,not_tiered,42,-2.8098408783810265,-2.5001724351230292,0.16125487679603268,0.3140072540755565,P18,0,1.0,0.30952380952380953,0.0,0.0,
F02173,not_tiered,42,-0.11296602893748853,-0.016307831699434727,0.06054624468708223,0.44968182996780787,P6,0,0.0,0.0,0.0,0.0,
F02174,not_tiered,42,-0.4893373774317343,-0.09556460898820893,0.2688968260483948,0.876840683985936,P30,0,0.0,0.0,0.0,0.0,
F02175,C_detection_pattern,42,-1.6664195972942373,-0.5266055196768772,0.7148128617854,1.1200637403157818,P1,0,0.0,0.0,1.0,1.0,1.0
F02176,not_tiered,42,-1.930382522755318,-1.3126496290028875,0.30886644687621523,0.5603995802045632,P24,0,0.0,0.0,0.047619047619047616,0.047619047619047616,
F02177,not_tiered,42,-0.676269192976127,-0.4604786067265726,0.10829095675871481,0.3696047441689039,P25,0,0.09523809523809523,0.0,0.0,0.0,
F02178,not_tiered,42,-0.3784494415445181,1.5616218788111293,0.9700356601778237,1.3989179010541346,P17,1,0.0,0.0,0.0,0.0,
F02179,not_tiered,0,,,,,,0,0.0,0.0,0.0,0.0,
F02180,not_tiered,42,-0.42488191952707516,-0.3309252284183822,0.05285082638760935,0.38230999189074544,P37,0,1.0,0.0,0.0,0.0,
F02181,not_tiered,42,-0.4765969904168544,-0.4016051571043764,0.04389311256965561,0.3787737298804321,P28,0,1.0,0.0,0.0,0.0,
F02182,not_tiered,42,-1.5798428477371775,-0.7738189173168699,0.40301196521015403,0.714887966271376,P35,0,0.0,0.0,0.0,0.0,
F02183,not_tiered,42,-0.20132597358591342,0.4175089638404943,0.3204621622639677,0.7487336200116718,P1,2,0.0,0.0,0.0,0.0,
F02184,not_tiered,42,0.02844088878683828,0.10170525590237482,0.04562083626107482,0.44916915728269596,P21,0,0.0,0.0,0.0,0.0,
F02185,not_tiered,42,0.20551290642733647,0.3017570741164795,0.0612828588405053,0.5141423689309651,P23,0,0.0,0.0,1.0,1.0,
F02186,C_detection_pattern,42,-1.1651670987280611,-0.26661106130341516,0.6823971464619978,1.056176714382787,P19,0,0.0,0.0,1.0,1.0,1.0
F02187,C_detection_pattern,42,-0.29308927772911036,0.45409207887474307,0.41409729754608704,0.8727229220489421,P37,2,0.0,0.0,1.0,1.0,1.0
F02188,not_tiered,41,-0.7036600410618021,-0.7036600410618021,0.0,,P2,0,0.0,0.0,0.0,0.0,
F02189,not_tiered,42,-1.2050889611867623,-0.995043525075833,0.12062868201647003,0.43951329489989005,P31,0,1.0,0.9761904761904762,0.0,0.0,
F02190,B_abundance,42,-1.3396766857965248,-1.1974798604492407,0.07210035254298086,0.417240457186477,P36,0,1.0,1.0,0.0,0.0,1.0
F02191,B_abundance,42,-1.6418210239429991,-1.5087473885679235,0.06742793735719332,0.38318826858206884,P16,0,1.0,1.0,0.0,0.0,1.0
F02192,B_abundance,42,-1.2792158447510982,-1.1385191816374185,0.09067831771134571,0.4988814531568776,P25,0,1.0,1.0,0.0,0.0,1.0
F02193,not_tiered,0,,,,,,0,0.0,0.0,0.0,0.0,
F02194,not_tiered,42,-1.1909205292285758,-0.8931588671039608,0.15094009276640552,0.4385626473633293,P22,0,1.0,0.0,0.0,0.0,
F02195,not_tiered,41,-0.7367220642427892,-0.7367220642427892,0.0,,P2,0,0.0,0.0,0.0,0.0,
F02196,not_tiered,42,-2.4292335747076867,-0.7762688712194734,0.8578910111470799,1.247143099138398,P15,0,0.0,0.0,0.0,0.0,
F02197,not_tiered,42,-1.992764596192882,-1.158616612846104,0.5051728145903256,0.9930642119634012,P11,0,0.0,0.0,1.0,1.0,
F02198,not_tiered,42,-0.3999960909097455,0.48803379362964816,0.4920747719930119,0.7767641000319637,P1,2,0.0,0.0,0.7142857142857143,0.7142857142857143,
F02199,not_tiered,42,-0.6341694221880463,-0.28326033771472614,0.178950855285198,0.5595801559142725,P9,0,0.0,0.0,0.0,0.0,
F02200,not_tiered,42,-0.06684352931186319,0.0798925392011126,0.07576675007130988,0.4168753642188446,P39,14,0.0,0.0,0.023809523809523808,0.0,
F02201,not_tiered,42,-1.3914096739204114,0.586679328664351,1.2205151929828832,1.4775962163714782,P1,1,0.0,0.0,0.0,0.0,
F02202,C_detection_pattern,42,-0.15415309003787106,1.8661605999017132,1.4264460230018507,1.1653152482306295,P33,1,0.0,0.0,1.0,1.0,1.0
F02203,not_tiered,42,-0.9278868623144613,-0.5921343786735537,0.18064108990399164,0.6122188282509271,P38,0,0.0,0.0,1.0,1.0,
F02204,not_tiered,0,,,,,,0,0.0,0.0,0.9285714285714286,0.7619047619047619,
F02205,B_abundance,42,-1.8770050314321072,-1.7821086301054228,0.051237762940214315,0.3805308722939697,P1,0,1.0,1.0,0.0,0.0,1.0
F02206,not_tiered,42,-2.841332333790882,-2.596137939383382,0.15376761924285587,0.5722156784627687,P1,0,0.0,0.0,0.0,0.0,
F02207,not_tiered,0,,,,,,0,0.0,0.0,0.0,0.0,
F02208,C_detection_pattern,41,2.303650917131833,2.303650917131833,0.0,,P2,0,0.0,0.0,1.0,1.0,1.0
F02209,not_tiered,42,-0.9113022420935599,-0.604458429196729,0.16519042374499626,0.6200940515675996,P9,0,0.0,0.0,0.0,0.0,
F02210,not_tiered,42,-0.48227069970730546,-0.2896340696728981,0.1464028728338579,0.7879854824127456,P18,0,0.0,0.0,0.0,0.0,
F02211,not_tiered,42,0.1677734181362926,0.2971045439808552,0.08052473733513629,0.4734732122848059,P18,0,0.0,0.0,1.0,1.0,
F02212,not_tiered,42,-0.38496388691774036,0.0670690790027699,0.24366329632299827,0.5620549414701833,P26,3,0.0,0.0,1.0,1.0,
F02213,B_abundance,42,1.9098145992114741,2.0789336810434214,0.08850950412266823,0.37454417421254704,P19,0,1.0,1.0,0.0,0.0,1.0
F02214,not_tiered,42,0.05359637936737644,0.10948829084364212,0.03028388817528742,0.3943166361854017,P35,0,0.0,0.0,0.0,0.0,
F02215,not_tiered,42,-0.08958277373585197,-0.013293871945408675,0.04130642697514637,0.4439740137433269,P42,0,0.0,0.0,0.0,0.0,
F02216,not_tiered,42,-0.3035127169979609,-0.24077816428276977,0.040519569856154514,0.45910738663707984,P19,0,1.0,0.0,0.0,0.0,
F02217,not_tiered,42,-0.8703899165824538,0.07217218889708743,0.7049839942856038,1.2189580687236485,P8,1,0.0,0.0,0.07142857142857142,0.07142857142857142,
F02218,not_tiered,42,-0.9429838519238786,-0.6566470789119796,0.17415152097247322,0.5665028367302428,P16,0,0.0,0.0,0.0,0.0,
F02219,not_tiered,42,-0.9772696782565404,-0.8525169489051345,0.06840667265225742,0.40740147713350955,P1,0,1.0,0.0,0.0,0.0,
F02220,C_detection_pattern,41,-1.6711844309794195,-1.6711844309794195,2.220446049250313e-16,,P1,0,0.0,0.0,1.0,1.0,1.0
F02221,not_tiered,42,1.0091514515076339,1.3105704582450621,0.16202774547018217,0.41938892396950095,P1,0,1.0,0.0,0.0,0.0,
F02222,C_detection_pattern,42,1.081558109516188,2.2972439783251906,0.816040678773789,0.8778654608878464,P40,0,0.0,0.0,1.0,1.0,1.0
F02223,C_detection_pattern,42,-0.6568357184753708,-0.26961029401489967,0.19361271223023563,0.35851498010349636,P1,0,0.0,0.0,1.0,1.0,1.0
F02224,not_tiered,42,0.4015237737853197,0.500921124825843,0.058636547557527785,0.4620683130499126,P27,0,1.0,0.0,0.0,0.0,
F02225,not_tiered,42,0.3874900965247803,0.6332054467363253,0.167307338345425,0.6097913654210768,P19,0,0.0,0.0,1.0,1.0,
F02226,not_tiered,42,-0.0016030119452806158,0.42488000835315937,0.25881128332622466,0.6914807128990258,P40,1,0.0,0.0,1.0,1.0,
F02227,not_tiered,42,0.35665007499434154,0.47258462302738136,0.07246780227669725,0.471583267887906,P23,0,1.0,0.0,1.0,0.7619047619047619,
F02228,C_detection_pattern,42,-0.036191371607232625,0.23605501126816825,0.16489860203722273,0.6226512429954294,P23,3,0.0,0.0,1.0,1.0,1.0
F02229,C_detection_pattern,41,-1.0800663260129717,-1.0800663260129717,0.0,,P2,0,0.0,0.0,1.0,1.0,1.0
F02230,not_tiered,0,,,,,,0,0.0,0.0,0.0,0.0,
F02231,not_tiered,42,-0.14177148903985592,0.021381844699365972,0.09540373185336103,0.505098603654176,P39,2,0.0,0.0,1.0,1.0,
F02232,not_tiered,42,-0.8226046694163451,-0.6936721420467146,0.07163226216814611,0.41448574245928305,P39,0,1.0,0.0,0.0,0.0,
F02233,not_tiered,42,0.26320160081970995,0.3921664618432363,0.0680035581331978,0.4956009919301878,P35,0,0.6904761904761905,0.0,1.0,0.7619047619047619,
F02234,not_tiered,42,-0.07540235337988015,0.06004615872079335,0.07807071570869756,0.42856181227553775,P15,8,0.0,0.0,0.6904761904761905,0.0,
F02235,not_tiered,42,0.11487944701916583,0.2109562189262855,0.05204814183712808,0.47025132866007074,P42,0,0.0,0.0,0.0,0.0,
F02236,C_detection_pattern,41,-0.22146661381402133,-0.22146661381402133,2.7755575615628914e-17,,P2,0,0.0,0.0,1.0,1.0,1.0
F02237,not_tiered,42,-0.19805486685155582,0.387328678692076,0.33117589849195583,0.8256068679743099,P39,2,0.0,0.0,1.0,1.0,
F02238,not_tiered,42,-0.0024668032135916488,0.10635938905882725,0.05979905037313115,0.3958521514899233,P20,1,0.0,0.0,1.0,1.0,
F02239,B_abundance,42,-1.2008602646940874,-1.0452312381231836,0.11375054695798426,0.6115426239277647,P18,0,1.0,1.0,0.0,0.0,1.0
F02240,not_tiered,42,-1.0268321061891887,-0.906939106049425,0.06349825394117037,0.43802434609803104,P15,0,1.0,0.047619047619047616,0.0,0.0,
F02241,not_tiered,42,-0.7113410487669137,-0.5774968108933278,0.07183660537929581,0.4078291884798266,P18,0,1.0,0.0,0.0,0.0,
F02242,not_tiered,42,0.44389546891318643,0.5900055058943026,0.07668550626503778,0.37148806891651825,P2,0,1.0,0.0,0.0,0.0,
F02243,not_tiered,42,-0.059287822345224055,0.03576834449426713,0.062046144860863725,0.47410434711004096,P39,3,0.0,0.0,0.0,0.0,
F02244,not_tiered,42,0.2683231256767882,0.349446062161659,0.0475804626112305,0.41252673894809977,P39,0,1.0,0.0,0.0,0.0,
F02245,not_tiered,42,-2.084733061958046,-1.6424271251836706,0.22411936267840127,0.5314016307316928,P28,0,0.0,0.0,0.0,0.0,
F02246,not_tiered,42,-1.8229924137166238,-0.8489070911812103,0.5308507327972442,0.7928037590370764,P11,0,0.0,0.0,0.0,0.0,
F02247,not_tiered,42,-3.283198837064294,-2.1461248224930793,0.584575780574137,1.056708447468982,P5,0,0.0,0.0,0.0,0.0,
F02248,not_tiered,42,-1.0232336065732168,-0.9207244628791654,0.07231815475365533,0.5102438303956265,P19,0,1.0,0.5238095238095238,0.0,0.0,
F02249,C_detection_pattern,42,-2.7705311788179,-0.13685256494231757,1.9370535152372308,1.3566078052361643,P7,0,0.0,0.0,1.0,1.0,1.0
F02250,not_tiered,42,-1.4203134433601636,-0.6890169431590328,0.4684665779176742,1.0139602624513113,P10,0,0.0,0.0,0.0,0.0,
F02251,not_tiered,42,0.11472636817281595,0.32329482087528844,0.12829150764583525,0.6732155067295562,P18,0,0.0,0.0,0.0,0.0,
F02252,not_tiered,42,-1.019675042763931,-0.8660951148277135,0.09389263116659707,0.5079265688432819,P31,0,1.0,0.047619047619047616,0.0,0.0,
F02253,not_tiered,42,2.9188500450663377,5.3867599650088325,1.2509061481764188,0.9223868886905083,P18,0,0.0,0.0,0.0,0.0,
F02254,C_detection_pattern,41,-0.17434568874092093,-0.17434568874092093,2.7755575615628914e-17,,P2,0,0.0,0.0,1.0,1.0,1.0
F02255,not_tiered,42,0.26468560903495336,0.312222587897344,0.028251078275513875,0.36034433538403204,P37,0,1.0,0.0,0.0,0.0,
F02256,not_tiered,42,-0.4519564701420472,-0.38655913366088757,0.03684623432131945,0.35183987911645154,P31,0,1.0,0.0,0.0,0.0,
F02257,not_tiered,42,0.2756009788522686,0.3426686369169169,0.04110339540771091,0.44953669849290734,P21,0,1.0,0.0,0.0,0.0,
F02258,B_abundance,42,-1.2787973296300454,-1.1484181151301514,0.09776561400814754,0.5649861714372876,P19,0,1.0,1.0,0.0,0.0,1.0
F02259,B_abundance,42,-1.3304262955541222,-1.2145672447318496,0.08380052981819675,0.5081590798277219,P19,0,1.0,1.0,0.0,0.0,1.0
F02260,not_tiered,42,-0.5364547346871368,-0.15961530368448007,0.19939548903557341,0.4774678841659079,P31,0,0.0,0.0,0.07142857142857142,0.07142857142857142,
F02261,B_abundance,42,-1.8739456883235501,-1.692389738581133,0.1164396768591589,0.4674582888586845,P18,0,1.0,1.0,0.0,0.0,1.0
F02262,not_tiered,42,-2.25222083918904,-1.7001148770712342,0.3187083683832752,0.6307482017639688,P18,0,0.0,0.0,0.0,0.0,
F02263,not_tiered,42,0.11746425013424067,0.1862098552425384,0.035869880046791425,0.3242803847429641,P31,0,0.0,0.0,0.0,0.0,
F02264,not_tiered,41,-0.1601000001530668,-0.1601000001530668,0.0,,P2,0,0.0,0.0,0.0,0.0,
F02265,not_tiered,0,,,,,,0,0.0,0.0,0.0,0.0,
F02266,not_tiered,42,-2.8011529084529094,-2.122412767716545,0.38663499677936386,0.6762240499416983,P25,0,0.0,0.0,0.0,0.0,
F02267,C_detection_pattern,42,-1.403445165478741,-0.4846993460525031,0.5561760831623375,0.9395883904991102,P32,0,0.0,0.0,1.0,1.0,1.0
F02268,not_tiered,42,-0.41666076189109974,-0.282568874340582,0.06952503312848451,0.34633078082281754,P21,0,0.0,0.0,0.0,0.0,
F02269,B_abundance,42,-1.9492801556108128,-1.6814936209086275,0.13968856289373943,0.39018092828193124,P8,0,1.0,1.0,0.0,0.0,1.0
F02270,not_tiered,42,-0.12308076584575585,-0.05445837375668383,0.03804163664372456,0.37747605426702624,P23,0,0.0,0.0,0.0,0.0,
F02271,not_tiered,42,-0.4501958939310215,-0.2880827470003775,0.0845341625105897,0.4795520760597202,P7,0,0.0,0.0,0.07142857142857142,0.07142857142857142,
F02272,not_tiered,42,-0.5460831257867929,-0.46632951333821293,0.040810143787631814,0.3743789085740933,P21,0,1.0,0.0,0.0,0.0,
F02273,not_tiered,42,-1.0040260485302994,1.2263786908745242,1.1152023697024118,1.5117100621716895,P17,1,0.0,0.0,0.0,0.0,
F02274,not_tiered,42,-0.09935726975846365,-0.022018726188954535,0.05867419437501445,0.5875159382178906,P42,0,0.0,0.0,0.0,0.0,
F02275,not_tiered,42,-0.1577398560440752,-0.09571774352893289,0.0427693656297648,0.5190993607405772,P25,0,0.0,0.0,0.0,0.0,
F02276,not_tiered,42,-4.118039600841337,-2.6555196640926906,0.7792901987158616,0.9538882884138924,P34,0,0.0,0.0,0.0,0.0,
F02277,not_tiered,42,-0.3043627743189554,-0.2108142511947342,0.05189296629444751,0.5078598256947909,P2,0,0.9761904761904762,0.0,0.0,0.0,
F02278,not_tiered,42,-0.02160633811189375,0.06035571522883544,0.04440281299608395,0.48885582832911517,P4,2,0.0,0.0,0.8333333333333334,0.0,
F02279,not_tiered,41,-1.122724322203565,-1.122724322203565,0.0,,P2,0,0.0,0.0,0.0,0.0,
F02280,not_tiered,42,-0.014669559116511369,0.09687163954667727,0.06004933516689747,0.41118741861795205,P13,4,0.0,0.0,1.0,0.0,
F02281,not_tiered,42,-0.12863033675755586,-0.06262501400063356,0.03459758208265136,0.37961593244550396,P5,0,0.0,0.0,0.0,0.0,
F02282,not_tiered,42,-0.4055032957074877,-0.2251046194861616,0.10527638991195912,0.6563246107914635,P23,0,0.047619047619047616,0.0,1.0,1.0,
F02283,C_detection_pattern,42,-0.09894430035002928,0.3566573616358519,0.24712211182113786,0.6727497196992335,P30,1,0.0,0.0,1.0,1.0,1.0
F02284,C_detection_pattern,42,-0.008487253323464039,0.1590787932495527,0.09586178753959654,0.5502463245934831,P25,1,0.0,0.0,1.0,1.0,1.0
F02285,not_tiered,42,-0.2524866900656523,-0.11157386619494386,0.08769502062879234,0.46648635464515714,P14,0,0.0,0.0,1.0,0.0,
F02286,C_detection_pattern,42,0.7888548885767841,0.9760966153597433,0.09417448717897381,0.38396482413875604,P5,0,0.0,0.0,1.0,1.0,1.0
F02287,not_tiered,42,0.17610229657756368,0.23868420764428155,0.03752707790598894,0.39122257321396153,P41,0,0.09523809523809523,0.0,1.0,0.0,
F02288,not_tiered,42,0.3016013352170107,0.4022990477358516,0.055048744655245896,0.46401856228348176,P40,0,1.0,0.0,1.0,0.0,
F02289,not_tiered,42,-0.04040752582232606,0.058646498802119286,0.0625536028857493,0.5334584934459852,P37,8,0.0,0.0,1.0,1.0,
F02290,not_tiered,42,0.4676676058790054,0.5541010650635065,0.0488500703144879,0.44179679237458175,P20,0,1.0,0.0,1.0,0.0,
F02291,not_tiered,42,0.404874997135481,0.7038882865163639,0.22724815783476343,0.8226949815065703,P19,0,0.6666666666666666,0.0,1.0,0.7619047619047619,
F02292,C_detection_pattern,42,0.0019269180089717178,0.275321171130122,0.1472947875653657,0.5978462517704641,P34,0,0.0,0.0,1.0,1.0,1.0
F02293,C_detection_pattern,42,0.34154344442678114,0.5290530521346176,0.11422741688681604,0.534130656652038,P23,0,0.0,0.0,1.0,1.0,1.0
F02294,not_tiered,42,-3.605923021854863,-1.9113977868100929,1.1597856215917148,1.375586379801918,P40,0,0.0,0.0,0.0,0.0,
F02295,C_detection_pattern,0,,,,,,0,0.0,0.0,1.0,1.0,1.0
F02296,C_detection_pattern,42,0.1727382067926042,0.9986501300152275,0.4391643489406247,0.8639723660761548,P36,0,0.0,0.0,1.0,1.0,1.0
F02297,not_tiered,0,,,,,,0,0.0,0.0,0.8333333333333334,0.0,
F02298,not_tiered,42,-0.025783462121502076,0.06979329368961204,0.05896609899410868,0.4204164031925045,P42,4,0.0,0.0,0.0,0.0,
F02299,not_tiered,42,-0.8365715386568251,-0.6384252632900258,0.10274526815813734,0.3991494744500069,P31,0,1.0,0.0,0.0,0.0,
F02300,C_detection_pattern,42,-0.7107019211081024,-0.43674723877038546,0.14358998495402941,0.48328129229897615,P9,0,0.0,0.0,1.0,1.0,1.0
F02301,not_tiered,42,-0.1102785643543402,-0.028304233174381067,0.04141249185646484,0.38594307577006387,P16,0,0.0,0.0,0.0,0.0,
F02302,B_abundance,42,-1.1769046569446364,-1.0642415494285218,0.06486832642785068,0.36084198852499183,P31,0,1.0,1.0,0.0,0.0,1.0
F02303,not_tiered,42,-1.0877724274791072,-0.8825061428676045,0.1066372930340238,0.449285313169316,P3,0,1.0,0.30952380952380953,0.0,0.0,
F02304,not_tiered,42,-0.643140017716792,-0.4073314801420846,0.12842415797603585,0.3937617981815783,P28,0,0.0,0.0,0.0,0.0,
F02305,not_tiered,42,-0.7621350803155733,-0.5751152151360694,0.11008380345153301,0.4433697132513606,P42,0,1.0,0.0,0.0,0.0,
F02306,not_tiered,42,-0.7075281094439446,-0.5476211524521469,0.10059405529728549,0.5457458812680525,P8,0,0.0,0.0,0.11904761904761904,0.11904761904761904,
F02307,not_tiered,42,0.4122149583378331,0.6517670077312772,0.1277219607561731,0.4616920835099737,P5,0,0.0,0.0,1.0,1.0,
F02308,not_tiered,42,-0.5853246841751125,-0.34375553219869975,0.14186673328328853,0.42495172165561207,P12,0,0.0,0.0,0.9761904761904762,0.7619047619047619,
F02309,C_detection_pattern,42,-1.8341833148062436,1.0679470285264747,1.9008426669330296,1.601469947499121,P42,1,0.0,0.0,1.0,1.0,1.0
F02310,not_tiered,42,0.7185196503266259,0.8519245145073199,0.07857619044437936,0.4042794399529402,P17,0,0.0,0.0,1.0,1.0,
F02311,not_tiered,42,-0.8821253449322956,-0.6809835343611693,0.12728915513825956,0.5313442043333977,P41,0,1.0,0.0,0.0,0.0,
F02312,not_tiered,0,,,,,,0,0.0,0.0,0.023809523809523808,0.0,
F02313,B_abundance,42,-3.526326553680707,-3.1840261006208044,0.1723675773665776,0.3397980890382624,P19,0,1.0,1.0,0.0,0.0,1.0
F02314,not_tiered,42,-2.497170221156496,-1.845479341010721,0.3355823156117479,0.487272343283523,P3,0,1.0,1.0,0.0,0.0,
F02315,not_tiered,42,0.8948732767304243,1.066771122021054,0.08941617284323511,0.34255278944030515,P14,0,1.0,0.3333333333333333,0.0,0.0,
F02316,not_tiered,41,-2.3963426844964566,-2.3963426844964566,0.0,,P1,0,0.0,0.0,0.0,0.0,
F02317,C_detection_pattern,42,-0.035336080862138054,0.28803393568502184,0.19268147320783874,0.6948358256015357,P8,1,0.0,0.0,1.0,1.0,1.0
F02318,not_tiered,42,-0.7699214113084953,-0.0008011167195731694,0.41198086823018915,0.8961394312059909,P9,0,0.0,0.0,0.0,0.0,
F02319,C_detection_pattern,42,-0.04978897330427697,3.4338842744422977,2.429331165524428,1.4585565624444268,P27,1,0.0,0.0,1.0,1.0,1.0
F02320,not_tiered,0,,,,,,0,0.0,0.0,0.0,0.0,
F02321,not_tiered,42,-0.5291609172325393,-0.4453896120587428,0.04716849374718424,0.43058277309743176,P6,0,1.0,0.0,0.0,0.0,
F02322,not_tiered,42,0.44456245906594294,0.545406008221133,0.07345306445407451,0.6416439405332132,P20,0,1.0,0.0,0.0,0.0,
F02323,not_tiered,42,-0.8378936331756552,-0.7598732434787324,0.05034064173429209,0.4193846173313405,P23,0,1.0,0.0,0.0,0.0,
F02324,not_tiered,42,-0.3944136641030372,-0.2637542674780137,0.08038312854762197,0.512971120029574,P25,0,0.30952380952380953,0.0,0.0,0.0,
F02325,B_abundance,42,-1.2162169024665814,-1.0669276330440849,0.07789008145787268,0.4036706706794469,P4,0,1.0,1.0,0.0,0.0,1.0
F02326,C_detection_pattern,42,-1.6395952097901012,-1.1576532359274967,0.2859703499707764,0.6294482763020727,P21,0,0.0,0.0,1.0,1.0,1.0
F02327,not_tiered,42,-0.4141848778884203,-0.23781662891146715,0.10109188452165346,0.4977659006846151,P14,0,0.023809523809523808,0.0,0.0,0.0,
F02328,not_tiered,42,-0.4597904165704576,-0.2980699601265398,0.08592771687535772,0.42292942813217643,P42,0,0.07142857142857142,0.0,0.0,0.0,
F02329,not_tiered,41,0.09211048221445495,0.09211048221445495,4.163336342344337e-17,,P2,0,0.0,0.0,0.0,0.0,
F02330,not_tiered,42,0.12605641025024594,0.19486733961035613,0.036259230948657156,0.41819824999192534,P23,0,0.023809523809523808,0.0,0.0,0.0,
F02331,C_detection_pattern,42,0.03955446142451619,0.15698501408255608,0.0610215613680971,0.381737530590979,P29,0,0.0,0.0,1.0,1.0,1.0
F02332,not_tiered,42,-0.9334613659525463,-0.7657936900672022,0.12172273076178941,0.6436214286963879,P41,0,0.0,0.0,0.0,0.0,
F02333,not_tiered,42,-0.37125246274019014,-0.24312781499595573,0.08465521263338296,0.5036967933114285,P42,0,0.0,0.0,0.0,0.0,
F02334,B_abundance,42,-1.2389684255682651,-1.1198666751379256,0.0662292467032306,0.3917973524178136,P19,0,1.0,1.0,0.0,0.0,1.0
F02335,C_detection_pattern,41,-1.1597594768611632,-1.1597594768611632,0.0,,P2,0,0.0,0.0,1.0,1.0,1.0
F02336,not_tiered,0,,,,,,0,0.0,0.0,0.0,0.0,
F02337,C_detection_pattern,42,-0.7365415222847259,-0.4179994739502912,0.2352970543751275,0.6667015767294535,P1,0,0.0,0.0,1.0,1.0,1.0
F02338,not_tiered,0,,,,,,0,0.0,0.0,0.0,0.0,
F02339,not_tiered,0,,,,,,0,0.0,0.0,0.0,0.0,
F02340,not_tiered,42,0.04658316253055827,1.1458277282472078,0.7226288080230019,0.8971047235745577,P16,0,0.0,0.0,0.0,0.0,
F02341,C_detection_pattern,0,,,,,,0,0.0,0.0,1.0,1.0,1.0
F02342,not_tiered,42,0.2074956798001825,0.9387232180594905,0.43627593945224763,0.7570034623807677,P3,0,0.0,0.0,0.07142857142857142,0.07142857142857142,
F02343,C_detection_pattern,42,-1.2932181589689944,-0.5138776577447735,0.46565876408376894,0.7859330126962243,P19,0,0.0,0.0,1.0,1.0,1.0
F02344,C_detection_pattern,42,-4.826752386444013,-2.8464579456997257,1.0841588725356077,1.238375397184177,P16,0,0.0,0.0,1.0,1.0,1.0
F02345,not_tiered,0,,,,,,0,0.0,0.0,0.0,0.0,
F02346,C_detection_pattern,41,-2.553066151457177,-2.553066151457177,0.0,,P1,0,0.0,0.0,1.0,1.0,1.0
F02347,not_tiered,42,0.42595473496052094,0.5436154113465631,0.06603707405014908,0.41930637423327627,P39,0,1.0,0.0,0.0,0.0,
F02348,not_tiered,42,-2.726388455703261,-2.092407505886608,0.3229531538755763,0.5056693923135078,P9,0,0.0,0.0,0.16666666666666666,0.16666666666666666,
F02349,not_tiered,42,-0.829190659224602,-0.626283662572428,0.12173946409042724,0.36839049618516667,P35,0,0.0,0.0,1.0,0.7619047619047619,
F02350,not_tiered,0,,,,,,0,0.0,0.0,0.0,0.0,
F02351,not_tiered,42,-1.1112878396489858,-0.5272409077411044,0.2920234659539407,0.5316980270841243,P4,0,0.0,0.0,0.09523809523809523,0.09523809523809523,
F02352,C_detection_pattern,42,1.2860460958464317,1.6371341460026239,0.18652065054202072,0.46540215724149464,P28,0,0.0,0.0,1.0,1.0,1.0
F02353,not_tiered,42,0.6039689494322845,0.7930155413656998,0.11116710840353439,0.4858235665908529,P11,0,0.2857142857142857,0.0,1.0,1.0,
F02354,not_tiered,42,-0.04739415264325205,0.2554154667869129,0.19037271071347125,0.6769292000868484,P15,1,0.0,0.0,0.11904761904761904,0.11904761904761904,
F02355,not_tiered,0,,,,,,0,0.0,0.0,0.0,0.0,
F02356,not_tiered,42,-1.2598262589151246,-0.688376014993533,0.4222966637742789,0.9756579915329404,P30,0,0.0,0.0,0.5952380952380952,0.5952380952380952,
F02357,not_tiered,42,0.7206483590239168,0.8998136686805426,0.09252809574959975,0.45346161629060733,P16,0,0.2857142857142857,0.0,0.8095238095238095,0.7619047619047619,
F02358,not_tiered,42,0.55680832568668,0.7832265671471142,0.14869793409633292,0.6241370755432252,P21,0,1.0,0.0,0.0,0.0,
F02359,not_tiered,42,0.6310284062683209,0.8236412311218579,0.09630641242676852,0.18016569916703393,P32,0,0.0,0.0,0.5,0.5,
F02360,C_detection_pattern,42,0.1269027072264947,0.29422900674284413,0.09605843868875075,0.5717852266821519,P27,0,0.0,0.0,1.0,1.0,1.0
F02361,not_tiered,42,-0.10730857426381502,-0.03294065469065298,0.04409040945367912,0.4137291388060951,P27,0,0.0,0.0,0.0,0.0,
F02362,not_tiered,42,0.20927714041199266,0.3543999544639526,0.09767406370400275,0.6574625585125423,P18,0,0.047619047619047616,0.0,0.0,0.0,
F02363,not_tiered,42,-0.5822569078104579,-0.2729189897796529,0.1578484350223977,0.5979722849696061,P33,0,0.0,0.0,0.0,0.0,
F02364,not_tiered,41,-0.30450776639401766,-0.30450776639401766,5.551115123125783e-17,,P2,0,0.0,0.0,0.0,0.0,
F02365,C_detection_pattern,42,-0.07094789596922428,0.33348747039294524,0.22969689395278625,0.651771169967511,P34,2,0.0,0.0,1.0,1.0,1.0
F02366,not_tiered,0,,,,,,0,0.0,0.0,0.0,0.0,
F02367,C_detection_pattern,42,1.790691316914584,2.2349947546197044,0.22984299940478348,0.5205938155792528,P1,0,0.0,0.0,1.0,1.0,1.0
F02368,C_detection_pattern,42,-2.600677678620219,0.12994916301355808,1.3653134208168884,1.6628851389863888,P1,1,0.0,0.0,1.0,1.0,1.0
F02369,not_tiered,42,0.3472552115620576,0.5643043598204939,0.11783292433870635,0.499978933654613,P39,0,0.0,0.0,0.7142857142857143,0.7142857142857143,
F02370,C_detection_pattern,42,-0.4256084387329874,0.05358137166198738,0.25144676751070766,0.5676811815617472,P2,1,0.0,0.0,1.0,1.0,1.0
F02371,not_tiered,42,-0.25637696364646384,-0.21706141420858208,0.022887551198263828,0.34787980989672196,P25,0,1.0,0.0,0.0,0.0,
F02372,not_tiered,42,-0.15286394819134472,-0.11155115128816848,0.021245734597934024,0.2926869682148519,P18,0,0.0,0.0,0.0,0.0,
F02373,C_detection_pattern,42,1.1373212754419901,5.935885012795451,2.552696217184869,1.512913190192729,P32,0,0.0,0.0,1.0,1.0,1.0
F02374,not_tiered,42,-0.1185422790774979,0.006740972606386221,0.0703685425073105,0.4068476084102752,P19,2,0.0,0.0,0.0,0.0,
F02375,not_tiered,0,,,,,,0,0.0,0.0,0.8333333333333334,0.0,
F02376,not_tiered,42,-2.5790602884527494,-0.8392171801322069,0.9327104459712797,1.1412483460971734,P35,0,0.0,0.0,0.14285714285714285,0.14285714285714285,
F02377,C_detection_pattern,42,-0.3991173510995733,0.7220827304962144,0.7202440422857066,0.9487758301980939,P42,1,0.0,0.0,1.0,1.0,1.0
F02378,C_detection_pattern,42,-0.6878643861687141,10.466183820241259,5.5770241032049865,2.139216223401548,P32,1,0.0,0.0,1.0,1.0,1.0
F02379,C_detection_pattern,42,-0.4758301718150729,0.07073620703632706,0.3027365199647996,0.8183034232591855,P32,1,0.0,0.0,1.0,1.0,1.0
F02380,not_tiered,0,,,,,,0,0.0,0.0,0.0,0.0,
F02381,not_tiered,42,-0.2824171844962949,-0.12857784559153895,0.09313441140131598,0.441627157161061,P21,0,0.0,0.0,0.0,0.0,
F02382,not_tiered,42,0.29561728406397225,0.3443414532343432,0.030456062395730177,0.40896123155141967,P22,0,1.0,0.0,0.0,0.0,
F02383,C_detection_pattern,42,1.5878476599104325,2.0075696275891057,0.24891421948476822,0.6170697186198474,P23,0,0.0,0.0,1.0,1.0,1.0
F02384,not_tiered,42,-0.22935223884293368,-0.08153976087866927,0.07663966606667078,0.3410681246757663,P3,0,0.0,0.0,0.0,0.0,
F02385,not_tiered,42,-0.750989766035086,-0.5616463940659475,0.10192678641179032,0.3998299041555368,P35,0,1.0,0.0,0.0,0.0,
F02386,B_abundance,42,-2.192439452484078,-1.9934001442230693,0.10522895593027481,0.3639949288036655,P39,0,1.0,1.0,0.0,0.0,1.0
F02387,not_tiered,41,-1.743128786181945,-1.743128786181945,0.0,,P1,0,0.0,0.0,0.0,0.0,
F02388,B_abundance,42,-1.9153960568203658,-1.7216108132741292,0.09812766975581355,0.3331147859617671,P3,0,1.0,1.0,0.0,0.0,1.0
F02389,C_detection_pattern,42,-0.24753440284179834,0.8166380921783118,0.6777870105196739,0.7253445655253409,P36,2,0.0,0.0,1.0,1.0,1.0
F02390,not_tiered,42,-0.46477762404442974,-0.24904409377400832,0.12336012868116047,0.4494192929671528,P39,0,0.0,0.0,0.0,0.0,
F02391,not_tiered,42,-1.64334802004078,-0.8632809910165912,0.48549200283230887,0.7513658385230281,P22,0,0.0,0.0,0.0,0.0,
F02392,not_tiered,41,0.5110786040660855,0.5110786040660855,0.0,,P2,0,0.0,0.0,0.0,0.0,
F02393,not_tiered,0,,,,,,0,0.0,0.0,0.5476190476190477,0.5476190476190477,
F02394,C_detection_pattern,42,-0.06055582026168693,0.932333681010455,0.496444750636071,0.8572120620859461,P35,1,0.0,0.0,1.0,1.0,1.0
F02395,not_tiered,42,1.0866279489594282,1.600807555008417,0.360156729857678,0.589674986612282,P41,0,0.0,0.0,0.09523809523809523,0.09523809523809523,
F02396,C_detection_pattern,42,-0.01205787050292296,0.15471089651257847,0.10729510392688817,0.5368313563418907,P38,1,0.0,0.0,1.0,1.0,1.0
F02397,not_tiered,42,-1.1606385965575843,-0.27328904762028683,0.45027162351215233,0.8856329443677697,P1,0,0.0,0.0,0.07142857142857142,0.07142857142857142,
F02398,not_tiered,0,,,,,,0,0.0,0.0,0.0,0.0,
F02399,not_tiered,42,-2.4730552418213136,0.04676004016224056,1.2599076409917773,1.605033724712041,P22,1,0.0,0.0,0.0,0.0,
F02400,C_detection_pattern,42,0.2815324975576542,0.8222854761764953,0.35528016244417193,0.7941441069100929,P37,0,0.0,0.0,1.0,1.0,1.0
F02401,C_detection_pattern,42,-0.14448046073863197,-0.04211432255949639,0.06822073088679896,0.488107291743648,P15,0,0.0,0.0,1.0,1.0,1.0
F02402,not_tiered,41,0.09010383816144163,0.09010383816144163,2.7755575615628914e-17,,P2,0,0.0,0.0,0.0,0.0,
F02403,not_tiered,42,-0.14623692075481368,-0.02543642986822682,0.07527861915105948,0.5258628188400127,P40,0,0.0,0.0,1.0,1.0,
F02404,not_tiered,42,-1.0954295901828868,0.7506710824508671,0.9230503363168769,1.3577144915225843,P9,1,0.0,0.0,0.0,0.0,
F02405,not_tiered,41,0.44992719545442483,0.44992719545442483,5.551115123125783e-17,,P1,0,0.0,0.0,0.7380952380952381,0.7380952380952381,
F02406,C_detection_pattern,42,-1.042916515856141,-0.1571313733442793,0.4634462867582366,0.6948215375209718,P34,0,0.0,0.0,1.0,1.0,1.0
F02407,not_tiered,42,-0.11955315843029723,0.0214047391944457,0.0768365943812027,0.4726641255012228,P31,1,0.0,0.0,0.0,0.0,
F02408,not_tiered,0,,,,,,0,0.0,0.0,0.0,0.0,
F02409,C_detection_pattern,42,2.1785208064829433,5.374182660660075,1.7867378625552472,1.5184224410193778,P8,0,0.0,0.0,1.0,1.0,1.0
F02410,C_detection_pattern,42,1.3718335971483289,1.8385385052829113,0.25074188627883753,0.5776350680909959,P1,0,0.0,0.0,1.0,1.0,1.0
F02411,not_tiered,0,,,,,,0,0.0,0.0,0.0,0.0,
F02412,C_detection_pattern,42,-1.7208842165071019,0.12465306161454315,0.9227686390608225,1.3574600354545774,P1,1,0.0,0.0,1.0,1.0,1.0
F02413,not_tiered,42,-0.4150744498580184,0.11246107455508257,0.36970923218398527,0.6512829799296442,P42,8,0.0,0.0,0.0,0.0,
F02414,not_tiered,0,,,,,,0,0.0,0.0,0.023809523809523808,0.0,
F02415,C_detection_pattern,41,0.760291250887791,0.760291250887791,0.0,,P1,0,0.0,0.0,1.0,1.0,1.0
F02416,not_tiered,0,,,,,,0,0.0,0.0,0.0,0.0,
F02417,C_detection_pattern,42,0.1573354861825054,0.45416948856197886,0.17766795134934926,0.6842416696824614,P21,0,0.0,0.0,0.9761904761904762,0.9761904761904762,0.9761904761904762
F02418,B_abundance,42,-1.1502773099512231,-1.0347336520675858,0.06975469957973068,0.43782224735698877,P16,0,1.0,1.0,0.0,0.0,1.0
F02419,not_tiered,42,-0.56980303697562,-0.41138976332037414,0.09288040886588106,0.5919116807166296,P19,0,1.0,0.0,0.8333333333333334,0.7619047619047619,
F02420,C_detection_pattern,42,-3.0472044690731233,-0.38147575922374966,1.382200148396471,1.3961991037999477,P34,0,0.0,0.0,1.0,1.0,1.0
F02421,C_detection_pattern,42,-0.4756674490212881,0.12889503467816132,0.3095778993722854,0.5325059409692788,P21,2,0.0,0.0,1.0,1.0,1.0
F02422,B_abundance,42,-1.199677904821742,-1.0421261447730534,0.08334944359605667,0.3602388861736319,P31,0,1.0,1.0,0.0,0.0,1.0
F02423,not_tiered,0,,,,,,0,0.0,0.0,0.0,0.0,
F02424,not_tiered,42,-0.7633455655535363,-0.24858175547771794,0.3126810415461769,0.8924931174582768,P12,0,0.0,0.0,1.0,1.0,
F02425,not_tiered,42,-0.05495638298753235,0.03966298866643504,0.05320443612429315,0.3798779099269606,P31,20,0.0,0.0,0.0,0.0,
F02426,not_tiered,42,-0.3792662974182634,-0.1383621921598548,0.1383818179552072,0.5679427409847206,P19,0,0.0,0.0,0.0,0.0,
F02427,not_tiered,42,-0.5766719146041263,-0.5120356161229482,0.037616714788972216,0.38291758557844285,P27,0,1.0,0.0,0.0,0.0,
F02428,not_tiered,42,-1.0740626476015733,-0.8927391108710719,0.10126666689615127,0.4102843964079925,P28,0,0.0,0.0,0.0,0.0,
F02429,C_detection_pattern,42,-0.8638861859006921,-0.1154553591888563,0.45871684128056156,0.9544477991428979,P1,0,0.0,0.0,1.0,1.0,1.0
F02430,not_tiered,42,0.8667578507598794,0.9895815966397516,0.0742740484379506,0.45626515639520965,P37,0,1.0,0.0,0.0,0.0,
F02431,not_tiered,42,0.9003672952549449,1.051421772752018,0.07906709415991997,0.36773048337179176,P22,0,0.0,0.0,1.0,1.0,
F02432,B_abundance,42,-1.2715620708915174,-1.1133024960749611,0.07975701244350963,0.3967851073846102,P19,0,1.0,1.0,0.0,0.0,1.0
F02433,not_tiered,42,0.5336032173848242,0.6843147073425538,0.09341086291822387,0.4068620987128226,P31,0,1.0,0.0,0.0,0.0,
F02434,not_tiered,0,,,,,,0,0.0,0.0,0.09523809523809523,0.09523809523809523,
F02435,B_abundance,42,-1.4662975494749042,-1.319313863280134,0.07409837188579771,0.347232236898665,P25,0,1.0,1.0,0.0,0.0,1.0
F02436,not_tiered,0,,,,,,0,0.0,0.0,0.8333333333333334,0.0,
F02437,not_tiered,42,-0.3942886995386475,-0.15184551092521753,0.12291980217186549,0.3427751165982215,P22,0,0.0,0.0,0.0,0.0,
F02438,not_tiered,42,0.010826464903561888,0.2439298832789428,0.11690091051244769,0.3165861102588795,P20,0,0.0,0.0,0.0,0.0,
F02439,C_detection_pattern,42,-0.6812808120358138,-0.19016752062973052,0.4169485724931713,0.9677230256796909,P42,0,0.0,0.0,1.0,1.0,1.0
F02440,not_tiered,42,-0.622387439782488,-0.28627986627497193,0.16909303343681176,0.6110488480582902,P27,0,0.0,0.0,0.0,0.0,
F02441,C_detection_pattern,42,-3.481092469395289,-0.5189630138922645,1.4810647277515123,1.7180909318324842,P1,0,0.0,0.0,1.0,1.0,1.0
F02442,B_abundance,42,-1.2881339845893194,-1.1235916087959184,0.09811829181759846,0.4761817588069601,P1,0,0.2857142857142857,0.2857142857142857,0.0,0.0,0.2857142857142857
F02443,not_tiered,0,,,,,,0,0.0,0.0,0.0,0.0,
F02444,not_tiered,42,0.046978025935205496,0.2760991194512206,0.1146585547285649,0.31847391685648285,P22,0,0.0,0.0,0.0,0.0,
F02445,not_tiered,42,-2.2964118309246153,-0.008435705889887402,1.25683980059552,1.4246252439856215,P22,0,0.0,0.0,0.0,0.0,
F02446,not_tiered,42,-1.1266101170201326,-0.7599833969400315,0.27179488646893957,0.649674536524997,P33,0,0.9761904761904762,0.0,0.0,0.0,
F02447,C_detection_pattern,42,0.6305658907532194,1.0163684278921854,0.19554052512377684,0.613350688865572,P3,0,0.0,0.0,1.0,1.0,1.0
F02448,not_tiered,42,-1.1050383387570655,-0.9754894865770635,0.08450985407940526,0.46364716769259945,P19,0,1.0,0.9285714285714286,0.0,0.0,
F02449,not_tiered,42,-2.44138962735069,-1.552714457572025,0.5618883485129151,0.8744735018513788,P22,0,0.0,0.0,0.0,0.0,
F02450,C_detection_pattern,42,-0.26005302612825587,0.15852128116357025,0.31878098049965925,0.9291183272104184,P27,2,0.0,0.0,1.0,1.0,1.0
F02451,not_tiered,42,-1.7919382136711413,-0.8889439158802261,0.45149714889545756,0.7901814097324601,P17,0,0.0,0.0,0.0,0.0,
F02452,B_abundance,42,-3.1384042507836476,-2.8529370470196525,0.16508230311502592,0.36838733604917945,P17,0,1.0,1.0,0.0,0.0,1.0
F02453,not_tiered,42,0.6987395692861116,0.8014728886841229,0.05509920288466319,0.37475056737210294,P18,0,1.0,0.0,0.0,0.0,
F02454,not_tiered,42,-1.4047178465976204,-1.2285299893422563,0.09890024999059288,0.32819022338170817,P42,0,1.0,0.0,0.0,0.0,
F02455,not_tiered,0,,,,,,0,0.0,0.0,0.0,0.0,
F02456,not_tiered,42,-1.124674735771635,-0.9676127042667475,0.09043647135688393,0.4239707257226962,P28,0,1.0,0.9285714285714286,0.0,0.0,
F02457,not_tiered,42,-0.20794003440187048,-0.0017890086504751916,0.11341037423470098,0.4860440319956013,P15,0,0.0,0.0,0.0,0.0,
F02458,not_tiered,42,-3.1116677366270675,-3.0489190141245484,0.031374361251259586,0.05887285704757812,P18,0,0.0,0.0,0.0,0.0,
F02459,C_detection_pattern,42,-0.23841542770722546,1.5649063917224373,1.066243469925169,1.413112685750875,P33,1,0.0,0.0,1.0,1.0,1.0
F02460,not_tiered,42,-1.0509447636234461,-0.8243872577731889,0.16452923813150033,0.47521254487374115,P31,0,1.0,0.0,0.0,0.0,
F02461,not_tiered,42,-1.017876385818205,-0.9230130517513275,0.06202405305485925,0.4671973391012172,P19,0,1.0,0.23809523809523808,0.0,0.0,
F02462,not_tiered,0,,,,,,0,0.0,0.0,0.8333333333333334,0.8333333333333334,
F02463,B_abundance,42,1.844277459990246,2.0415500317729602,0.11433333469261897,0.421222646473888,P42,0,1.0,1.0,1.0,0.7619047619047619,1.0
F02464,not_tiered,42,0.8812278745507849,1.0466365133634095,0.0907076445427567,0.3487591666480156,P39,0,1.0,0.14285714285714285,1.0,0.0,
F02465,C_detection_pattern,41,-0.3584853973085309,-0.3584853973085309,0.0,,P2,0,0.0,0.0,1.0,1.0,1.0
F02466,not_tiered,42,0.05982893372720705,0.24101753856315536,0.14582036550231825,0.8278204165271823,P2,0,0.0,0.0,0.0,0.0,
F02467,not_tiered,42,-0.5184136452064603,-0.4215774513730344,0.059013678243050816,0.445931452000014,P21,0,1.0,0.0,0.0,0.0,
F02468,not_tiered,42,-0.2743451126760838,-0.13627766609678885,0.07695788164579495,0.48425797796038417,P39,0,0.0,0.0,0.0,0.0,
F02469,not_tiered,42,-0.6357980919750698,-0.5696173513738249,0.0439715252756675,0.3788076244755477,P25,0,1.0,0.0,0.0,0.0,
F02470,not_tiered,42,0.025434489780170995,0.08113562885676173,0.02973418965725213,0.345766615845554,P16,0,0.0,0.0,0.0,0.0,
F02471,not_tiered,42,0.23335391302985872,0.35691180230986636,0.07274713869933336,0.5050904659227614,P2,0,0.047619047619047616,0.0,0.0,0.0,
F02472,not_tiered,42,0.5840913292283815,0.8159176663042894,0.12354616322274281,0.42018562770686463,P24,0,0.0,0.0,0.6904761904761905,0.0,
F02473,not_tiered,42,-0.3345288819418031,-0.2869013568569357,0.025731538309542,0.3175574165274925,P21,0,1.0,0.0,0.0,0.0,
F02474,B_abundance,42,1.587612268536052,1.7056350218600143,0.060734176016514985,0.45674154634005265,P1,0,1.0,1.0,0.0,0.0,1.0
F02475,not_tiered,42,0.44186933828657926,0.5469034908055419,0.05922722740774988,0.4039652959898685,P4,0,1.0,0.0,1.0,0.0,
F02476,not_tiered,42,-0.3958110843846033,0.03611890137447092,0.2604638706867911,0.5818655599480895,P36,1,0.0,0.0,0.8333333333333334,0.0,
F02477,not_tiered,42,-0.9239799388939399,-0.48700221517196524,0.2741954830785559,0.6608468320235099,P18,0,0.023809523809523808,0.0,0.0,0.0,
F02478,not_tiered,42,0.009965333264739714,0.07091654325017559,0.03213016322983599,0.3721202980789575,P23,0,0.0,0.0,0.0,0.0,
F02479,not_tiered,42,0.4956599820902723,0.599309699832835,0.05558702831195583,0.42390937738725737,P12,0,1.0,0.0,0.0,0.0,
F02480,not_tiered,42,0.9019538637328303,1.0059217215178993,0.05406770959989604,0.42645474578637593,P23,0,1.0,0.023809523809523808,0.0,0.0,
F02481,B_abundance,42,-2.3306623573237064,-2.018354963219404,0.1636557237312144,0.32516158010576773,P3,0,1.0,1.0,0.0,0.0,1.0
F02482,not_tiered,42,-0.4503560526150611,-0.3262080800882723,0.07335795620784141,0.4271955430759268,P21,0,0.7142857142857143,0.0,0.0,0.0,
F02483,not_tiered,42,-0.33097650197633854,-0.23386078223849074,0.05010053849442733,0.3379297081101292,P21,0,0.023809523809523808,0.0,0.0,0.0,
F02484,not_tiered,42,0.2923209631329069,1.9009887429457617,0.8043338899064274,1.2422034940866484,P36,0,0.0,0.0,0.0,0.0,
F02485,C_detection_pattern,0,,,,,,0,0.0,0.0,1.0,1.0,1.0
F02486,not_tiered,41,-0.7261944310948056,-0.7261944310948056,0.0,,P2,0,0.0,0.0,0.0,0.0,
F02487,C_detection_pattern,42,-2.644824108408219,-0.9847333395456319,1.0670727238629478,1.3079643417698052,P32,0,0.0,0.0,1.0,1.0,1.0
F02488,not_tiered,0,,,,,,0,0.0,0.0,0.0,0.0,
F02489,not_tiered,42,-0.4152723451365864,-0.22770253858356604,0.14375101362343756,0.6590819949333407,P40,0,0.0,0.0,0.8809523809523809,0.7619047619047619,
F02490,not_tiered,42,-0.6989503943277975,0.4890232984838847,0.767968577271434,1.1934631281080297,P32,1,0.0,0.0,0.0,0.0,
F02491,not_tiered,42,0.5003383703711817,0.6817779934026066,0.09370998935922481,0.40776446420243956,P25,0,1.0,0.0,0.8333333333333334,0.7619047619047619,
F02492,C_detection_pattern,42,-1.083821433804093,-0.059886205612032395,0.6921719059505507,1.1725142533331399,P16,0,0.0,0.0,1.0,1.0,1.0
F02493,not_tiered,42,-1.4662163273562578,-0.9530548770540483,0.3270575764506658,0.8505199890553095,P7,0,0.0,0.0,0.11904761904761904,0.11904761904761904,
F02494,C_detection_pattern,42,-1.2779205239201452,0.2171052240839586,0.939784985650759,1.3011214694203386,P16,1,0.0,0.0,1.0,1.0,1.0
F02495,not_tiered,42,-2.654262359410108,0.738418473472926,2.213919255197605,1.625031092186476,P18,1,0.0,0.0,0.0,0.0,
F02496,not_tiered,0,,,,,,0,0.0,0.0,0.0,0.0,
F02497,not_tiered,42,-0.9612939150000775,-0.7095362812809546,0.16839889582582668,0.6641281637131251,P31,0,1.0,0.0,0.0,0.0,
F02498,not_tiered,42,0.7085189503489479,0.7848032597129392,0.03966934324148674,0.3406238951261191,P36,0,1.0,0.0,1.0,1.0,
F02499,not_tiered,42,-0.08806308566413283,0.1030748044564875,0.10366453208996901,0.32983402349497826,P42,20,0.0,0.0,0.0,0.0,
F02500,not_tiered,42,-1.9410445210976837,-1.5701271814494242,0.22814417374864693,0.6202202275240539,P1,0,0.0,0.0,0.11904761904761904,0.11904761904761904,
F02501,not_tiered,42,-0.6859075902567277,-0.5185756263445627,0.09392055090118312,0.5098205321477504,P27,0,1.0,0.0,0.0,0.0,
F02502,not_tiered,42,0.01648302736873509,0.17520412041783104,0.0911571304832704,0.531797879213728,P34,0,0.0,0.0,1.0,1.0,
F02503,not_tiered,42,-2.4742893553684526,-1.4341527832257515,0.6893919774335993,1.1549290885046113,P22,0,0.0,0.0,0.0,0.0,
F02504,C_detection_pattern,42,-0.07076870628233412,0.1845615988159055,0.1354306192346706,0.5012119331684843,P38,4,0.0,0.0,1.0,1.0,1.0
F02505,not_tiered,0,,,,,,0,0.0,0.0,0.0,0.0,
F02506,not_tiered,0,,,,,,0,0.0,0.0,0.0,0.0,
F02507,not_tiered,42,-0.12482172085742414,0.13409967933251637,0.15181937117664998,0.5614763763379639,P2,8,0.0,0.0,1.0,1.0,
F02508,C_detection_pattern,42,0.8885752298450496,1.411774719948847,0.38364494623445755,0.895393208944932,P33,0,0.0,0.0,1.0,1.0,1.0
F02509,not_tiered,42,-0.20249643691389524,-0.1343361483615796,0.03572948117969693,0.36597517085627507,P31,0,0.0,0.0,0.0,0.0,
F02510,not_tiered,42,-0.22329574096861965,-0.1346157024201337,0.0448041032139114,0.33681096026413787,P24,0,0.0,0.0,0.023809523809523808,0.0,
F02511,C_detection_pattern,0,,,,,,0,0.0,0.0,1.0,1.0,1.0
F02512,not_tiered,42,-0.8730353089733837,-0.6110656536292696,0.16916459702276554,0.5894890335008275,P20,0,0.0,0.0,0.0,0.0,
F02513,not_tiered,41,-0.1340789105471547,-0.1340789105471547,0.0,,P1,0,0.0,0.0,0.0,0.0,
F02514,C_detection_pattern,42,-1.120737930151797,-0.4641187798633495,0.3703385729097557,0.8841470051265664,P17,0,0.0,0.0,1.0,1.0,1.0
F02515,not_tiered,41,0.7982044750767301,0.7982044750767301,0.0,,P1,0,0.0,0.0,0.047619047619047616,0.047619047619047616,
F02516,C_detection_pattern,41,0.9084332911525514,0.9084332911525514,0.0,,P1,0,0.0,0.0,1.0,1.0,1.0
F02517,C_detection_pattern,42,-0.3114745815458346,-0.10924097511860718,0.12690483713604309,0.5974310545881756,P4,0,0.0,0.0,1.0,1.0,1.0
F02518,not_tiered,42,-0.6314025099679194,-0.4487837078433081,0.10633063154832945,0.5279055935491997,P42,0,1.0,0.0,0.0,0.0,
F02519,C_detection_pattern,42,0.03914873194988111,1.2212965843493389,0.7505727399280037,1.0632488435188412,P42,0,0.0,0.0,1.0,1.0,1.0
F02520,C_detection_pattern,42,-1.1824401973544154,-0.428066050091664,0.513571401372456,0.9482706715052196,P23,0,0.0,0.0,1.0,1.0,1.0
F02521,B_abundance,42,0.9883338448788402,1.1647064643947194,0.12087410656190212,0.6017236522813968,P18,0,1.0,0.9761904761904762,0.0,0.0,0.9761904761904762
F02522,C_detection_pattern,42,-0.31555941149521527,0.3764893012357873,0.4865318699394191,0.9457696717688181,P28,2,0.0,0.0,1.0,1.0,1.0
F02523,C_detection_pattern,42,-0.26352120993635963,0.16681707836989876,0.25876237045188544,0.7626574083356361,P40,2,0.0,0.0,1.0,1.0,1.0
F02524,not_tiered,0,,,,,,0,0.0,0.0,0.0,0.0,
F02525,not_tiered,42,-2.2382923513601,-1.6404170559439013,0.3734888927529485,0.6025579758354802,P42,0,0.0,0.0,0.09523809523809523,0.09523809523809523,
F02526,not_tiered,42,-0.3151860921952703,-0.17345001550861178,0.09190065815010035,0.56597234855028,P26,0,0.0,0.0,0.023809523809523808,0.0,
F02527,not_tiered,41,-1.8794616858780602,-1.8794616858780602,2.220446049250313e-16,,P1,0,0.0,0.0,0.0,0.0,
F02528,not_tiered,42,0.6018860664221127,0.7537010968920399,0.07854725296564569,0.38883028185359814,P15,0,0.0,0.0,1.0,1.0,
F02529,not_tiered,41,-0.8892449947833931,-0.8892449947833931,0.0,,P2,0,0.0,0.0,0.0,0.0,
F02530,not_tiered,0,,,,,,0,0.0,0.0,0.0,0.0,
F02531,B_abundance,42,-3.4741932328187466,-3.259538183711222,0.10807803020131068,0.3484666401347875,P31,0,1.0,1.0,0.0,0.0,1.0
F02532,C_detection_pattern,42,0.2613808946046965,0.6585633170679746,0.24050700463371777,0.6421511231041935,P7,0,0.0,0.0,1.0,1.0,1.0
F02533,B_abundance,42,1.779215279518702,1.885733060870171,0.06701855114146626,0.43511270876407615,P1,0,1.0,1.0,0.0,0.0,1.0
F02534,C_detection_pattern,42,-3.415357797940281,-0.6770063290786688,1.3691757344308062,1.6648606298036595,P22,0,0.0,0.0,1.0,1.0,1.0
F02535,C_detection_pattern,41,1.3041657356511482,1.3041657356511482,0.0,,P1,0,0.0,0.0,1.0,1.0,1.0
F02536,C_detection_pattern,42,2.3291517278781857,2.5192068488064816,0.09502756046414795,0.1777892212413518,P16,0,0.0,0.0,1.0,1.0,1.0
F02537,C_detection_pattern,42,0.4739043756716165,0.904292104333721,0.2316543206664703,0.655479338021176,P20,0,0.0,0.0,1.0,1.0,1.0
F02538,not_tiered,42,-0.2602314625217585,-0.11382203316217507,0.08370484452635074,0.37129384770594603,P19,0,0.0,0.0,0.0,0.0,
F02539,not_tiered,42,-0.23803354784935568,-0.05056563226716167,0.10864650968900842,0.48790246376225377,P21,0,0.0,0.0,0.0,0.0,
F02540,not_tiered,42,-0.13273131362120744,0.01562454814524723,0.10654201591586733,0.5473380068954902,P21,2,0.0,0.0,0.0,0.0,
F02541,not_tiered,42,0.28366365972132035,0.42106491126270257,0.09045653023841999,0.6501552588538057,P19,0,0.7619047619047619,0.0,1.0,0.0,
F02542,not_tiered,42,0.5276646868456667,0.6130900152062582,0.06001592422976165,0.6138420833274625,P31,0,1.0,0.0,0.0,0.0,
F02543,not_tiered,42,0.2588010548965981,0.30339481438796123,0.022816908916012846,0.2881135622236837,P23,0,1.0,0.0,0.0,0.0,
F02544,not_tiered,42,-1.0511666961596198,-0.9052136249298013,0.0738944593410007,0.366357140467722,P39,0,1.0,0.23809523809523808,0.0,0.0,
F02545,not_tiered,42,-1.452262499370942,-0.6614318283678395,0.5027000469966113,1.0164972579525478,P32,0,0.0,0.0,0.0,0.0,
F02546,B_abundance,42,-1.367434675014485,-1.1955835205094334,0.09767304157655365,0.41393121172051456,P42,0,1.0,1.0,0.0,0.0,1.0
F02547,not_tiered,42,-0.8576945195835233,2.1115833810069855,1.4846389502952544,1.719670836866604,P17,1,0.0,0.0,0.0,0.0,
F02548,not_tiered,0,,,,,,0,0.0,0.0,0.0,0.0,
F02549,not_tiered,42,-0.049807809384481753,0.1170335696879426,0.1082237089894926,0.6523273635731477,P25,14,0.0,0.0,0.0,0.0,
F02550,not_tiered,0,,,,,,0,0.0,0.0,0.0,0.0,
F02551,not_tiered,41,0.29531049220357186,0.29531049220357186,5.551115123125783e-17,,P1,0,0.0,0.0,0.0,0.0,
F02552,not_tiered,42,-0.6968733482349793,0.8606025012113143,0.7900802828242425,1.095098776579614,P30,2,0.0,0.0,0.0,0.0,
F02553,not_tiered,0,,,,,,0,0.0,0.0,0.0,0.0,
F02554,not_tiered,42,-0.7943659358497226,-0.3641706190199354,0.24565664666874487,0.7231558101061536,P22,0,0.0,0.0,0.0,0.0,
F02555,not_tiered,42,0.33074267345514474,0.45149318026366353,0.07020607966745712,0.43118965613271826,P19,0,0.6428571428571429,0.0,0.0,0.0,
F02556,C_detection_pattern,42,-0.8021597205171423,-0.5356445552303242,0.15899001160921522,0.5201328253965862,P20,0,0.0,0.0,1.0,1.0,1.0
F02557,C_detection_pattern,42,-3.463650517145775,-2.224309337227568,0.6967088081099022,0.8641313353752963,P1,0,0.0,0.0,1.0,1.0,1.0
F02558,C_detection_pattern,42,-0.21495924004464184,0.09044546344692561,0.15730128466844095,0.4811282489730764,P13,5,0.0,0.0,1.0,1.0,1.0
F02559,C_detection_pattern,42,-1.6256087637366994,-1.1373803185654991,0.25916150305094665,0.6134118127331074,P1,0,0.0,0.0,1.0,1.0,1.0
F02560,B_abundance,42,-1.4591388773044247,-1.3497378016455535,0.05625569591192958,0.34336476134751814,P2,0,1.0,1.0,0.0,0.0,1.0
F02561,not_tiered,42,0.3760744438720154,0.5760367877133459,0.12828631725367567,0.6193976766732963,P38,0,0.0,0.0,0.7142857142857143,0.7142857142857143,
F02562,not_tiered,41,-0.7543981755285856,-0.7543981755285856,0.0,,P2,0,0.0,0.0,0.0,0.0,
F02563,not_tiered,41,-0.3183178191850544,-0.3183178191850544,0.0,,P1,0,0.0,0.0,0.07142857142857142,0.07142857142857142,
F02564,not_tiered,42,0.49188826864803703,0.5490054618110116,0.02857305603718374,0.3344176221100861,P23,0,1.0,0.0,0.0,0.0,
F02565,not_tiered,42,0.43097422310928374,0.537134835819226,0.05658795911803416,0.4344740888149504,P19,0,1.0,0.0,0.0,0.0,
F02566,not_tiered,42,0.28056013828097465,0.3870858776609556,0.06301021611683844,0.4374841166702024,P25,0,0.8571428571428571,0.0,0.0,0.0,
F02567,not_tiered,42,-0.25575184828233655,-0.14234915263039574,0.06283405608585796,0.4371937287830966,P35,0,0.0,0.0,0.0,0.0,
F02568,not_tiered,41,-0.0912353655338709,-0.0912353655338709,0.0,,P2,0,0.0,0.0,0.0,0.0,
F02569,not_tiered,42,-0.2555179939248322,-0.03938050904233514,0.12179361369227865,0.5836605914666649,P5,0,0.0,0.0,0.0,0.0,
F02570,not_tiered,42,-0.058486147558181045,0.4593537169361097,0.28255156447904956,0.7223944226896488,P4,1,0.0,0.0,0.0,0.0,
F02571,not_tiered,42,-0.2764821080230353,-0.1311788214666832,0.0814067695961945,0.46082394987548175,P40,0,0.0,0.0,0.0,0.0,
F02572,C_detection_pattern,42,-0.6615818161538624,0.13706861029538228,0.4580697886524502,0.8180787911794819,P8,1,0.0,0.0,1.0,1.0,1.0
F02573,not_tiered,0,,,,,,0,0.0,0.0,0.0,0.0,
F02574,not_tiered,41,-2.7014290235032643,-2.7014290235032643,0.0,,P1,0,0.0,0.0,0.0,0.0,
F02575,C_detection_pattern,42,-0.28553017959787114,-0.06687907845424199,0.11485809336173541,0.5142462673442048,P7,0,0.0,0.0,1.0,1.0,1.0
F02576,not_tiered,0,,,,,,0,0.0,0.0,0.0,0.0,
F02577,not_tiered,42,0.06817415223060368,0.1986581348171544,0.08955715819076972,0.6190215086486208,P14,0,0.0,0.0,0.0,0.0,
F02578,not_tiered,41,2.2109630111772702,2.2109630111772702,0.0,,P1,0,0.0,0.0,0.0,0.0,
F02579,not_tiered,42,-1.1958772092840841,-1.0000679464708542,0.11292873176906393,0.49212442024616504,P28,0,0.0,0.0,1.0,1.0,
F02580,not_tiered,42,-0.28515225869483773,-0.19998921827498323,0.05710472180663284,0.5724962915783433,P42,0,0.5714285714285714,0.0,0.0,0.0,
F02581,C_detection_pattern,42,-0.11208858425404787,0.11764784634089281,0.13306006114739616,0.5208877483152179,P29,5,0.0,0.0,1.0,1.0,1.0
F02582,not_tiered,42,-0.8054551915116441,-0.6815345251901126,0.06370442786742492,0.39564685660174626,P39,0,1.0,0.0,0.0,0.0,
F02583,C_detection_pattern,42,0.6594101395162301,0.8499310112146818,0.11754303350054185,0.4514091264167722,P25,0,0.0,0.0,1.0,1.0,1.0
F02584,C_detection_pattern,42,-0.3878668677352138,-0.13854381407514516,0.14252338816661914,0.5636460773284161,P39,0,0.0,0.0,1.0,1.0,1.0
F02585,not_tiered,42,0.3233172940703527,2.980922319068317,1.7610409795313942,1.1459170933645657,P30,0,0.0,0.0,0.0,0.0,
F02586,B_abundance,42,1.5350940555086723,1.748877322844642,0.10769225434641783,0.410722467568831,P42,0,1.0,1.0,1.0,1.0,1.0
F02587,not_tiered,42,-0.8780413004357348,-0.6580670482858734,0.11549535488093532,0.3845195020610929,P42,0,0.0,0.0,1.0,1.0,
F02588,not_tiered,42,-0.9659396793042987,-0.6476478701647898,0.23468218098284477,0.8184073500402599,P16,0,0.0,0.0,0.09523809523809523,0.09523809523809523,
F02589,not_tiered,42,-2.6334456147776613,-2.058625102892705,0.3181285213368752,0.6792252779992636,P3,0,0.0,0.0,0.0,0.0,
F02590,C_detection_pattern,42,0.6348334834029622,1.7127049997794963,0.7065497877009382,0.8032297889863446,P28,0,0.0,0.0,1.0,1.0,1.0
F02591,C_detection_pattern,42,-0.9292821979671109,-0.6325714730086955,0.1524994022404027,0.45746935917927106,P9,0,0.0,0.0,1.0,1.0,1.0
F02592,not_tiered,42,-0.023094341671781926,0.16417721523523354,0.09365320691895444,0.498049528162571,P35,1,0.0,0.0,0.11904761904761904,0.11904761904761904,
F02593,not_tiered,42,-3.055734755226288,-1.46882893296441,0.8748611698167328,1.2951387031921948,P1,0,0.0,0.0,0.09523809523809523,0.09523809523809523,
F02594,not_tiered,42,-0.6446507612074167,-0.31583626546673976,0.24583426227671962,0.8115157497708283,P11,0,0.023809523809523808,0.0,1.0,1.0,
F02595,not_tiered,42,0.42403793677758034,0.48047940955315155,0.03341026882686615,0.3506555478735017,P39,0,1.0,0.0,0.0,0.0,
F02596,not_tiered,42,-0.2799165746969009,0.17298457608623904,0.2750469169759558,0.8073716641504374,P27,6,0.0,0.0,0.0,0.0,
F02597,not_tiered,42,-1.5870457090283279,-0.6113810117621117,0.5296642360612904,0.9816811528279401,P5,0,0.0,0.0,0.0,0.0,
F02598,not_tiered,42,-1.0075919158462479,-0.8737305047378678,0.09665875722178574,0.5644853457221412,P2,0,1.0,0.047619047619047616,0.0,0.0,
F02599,not_tiered,0,,,,,,0,0.0,0.0,0.8333333333333334,0.0,
F02600,not_tiered,42,0.07910110473247706,0.2096605222292167,0.0739949890636655,0.5038874541578062,P18,0,0.0,0.0,0.0,0.0,
F02601,not_tiered,42,0.28099339430626374,0.40593898264648404,0.06722088928535491,0.523893763840113,P21,0,1.0,0.0,0.0,0.0,
F02602,C_detection_pattern,0,,,,,,0,0.0,0.0,1.0,0.7619047619047619,0.7619047619047619
F02603,not_tiered,42,0.6804807752507575,0.7640393809766028,0.05047348596407719,0.44781937363131025,P23,0,1.0,0.0,0.0,0.0,
F02604,not_tiered,42,0.7981763340266189,0.9004061770488713,0.06489161124058951,0.5485033592949515,P23,0,1.0,0.0,0.0,0.0,
F02605,not_tiered,42,-1.598721668303695,-0.9678096568317851,0.3556006106065428,0.871563899073408,P28,0,0.0,0.0,1.0,1.0,
F02606,not_tiered,0,,,,,,0,0.0,0.0,0.0,0.0,
F02607,C_detection_pattern,42,0.6350834954348805,0.8690348284660425,0.1492011779524255,0.6227739065953042,P27,0,0.0,0.0,1.0,1.0,1.0
F02608,C_detection_pattern,42,-0.5063743079744228,-0.09067431854854228,0.2323705554936264,0.5378507357458238,P29,0,0.0,0.0,1.0,1.0,1.0
F02609,not_tiered,41,0.5340340681360587,0.5340340681360587,0.0,,P2,0,0.0,0.0,0.0,0.0,
F02610,not_tiered,41,-0.11010790903939949,-0.11010790903939949,8.326672684688674e-17,,P2,0,0.0,0.0,0.0,0.0,
F02611,not_tiered,42,-0.17915356247363462,-0.12287374438569672,0.028989589490712384,0.30603212857738366,P38,0,0.0,0.0,0.0,0.0,
F02612,not_tiered,0,,,,,,0,0.0,0.0,0.0,0.0,
F02613,not_tiered,42,-1.2260142374944578,-0.6052896346470462,0.35888024543776254,0.7493646101213653,P39,0,0.0,0.0,0.0,0.0,
F02614,not_tiered,42,0.3845166745778398,0.5180456496696221,0.0917603895401754,0.6381964005909317,P25,0,1.0,0.0,0.8333333333333334,0.0,
F02615,B_abundance,42,-1.1343901558133929,-1.032550012571506,0.05635848629485207,0.36079519518322983,P19,0,1.0,1.0,0.0,0.0,1.0
F02616,not_tiered,42,0.5120739558852855,0.6379763559785407,0.07139835030821629,0.4815268905886362,P6,0,1.0,0.0,0.0,0.0,
F02617,B_abundance,42,1.4294592925813474,1.612286459332763,0.09171638143485183,0.43723476932119126,P42,0,1.0,1.0,0.0,0.0,1.0
F02618,not_tiered,42,0.14347358473655097,0.25188980337885447,0.05893254955351038,0.35687280617862643,P2,0,0.0,0.0,0.0,0.0,
F02619,not_tiered,42,0.2801569496350431,0.4912512963806841,0.10556941313941492,0.4003153318570305,P5,0,0.0,0.0,1.0,1.0,
F02620,C_detection_pattern,42,-0.2316007055238419,0.436953070369273,0.3526974856335364,0.5857629002056722,P37,5,0.0,0.0,1.0,1.0,1.0
F02621,B_abundance,42,-2.4356322566490283,-2.1576448573164813,0.15983862161252027,0.40104166702405897,P31,0,1.0,1.0,0.0,0.0,1.0
F02622,C_detection_pattern,42,-4.955879688972885,-1.8625296913033313,1.7417567121539452,1.5196628908487042,P33,0,0.0,0.0,0.47619047619047616,0.47619047619047616,0.47619047619047616
F02623,B_abundance,42,-1.4659807757823877,-1.3356203364287147,0.06971856377281815,0.37638568615956114,P31,0,1.0,1.0,0.0,0.0,1.0
F02624,B_abundance,42,1.1368429909487412,1.3324148911195062,0.12491637513274823,0.45681374084262705,P21,0,1.0,1.0,0.0,0.0,1.0
F02625,not_tiered,41,-2.2793665308460778,-2.2793665308460778,0.0,,P1,0,0.0,0.0,0.0,0.0,
F02626,not_tiered,42,-1.8879867399642247,-0.8577189135504222,0.6739268290215039,1.2028937119635643,P39,0,0.0,0.0,0.0,0.0,
F02627,not_tiered,42,-0.32059735249621807,-0.05922381057075818,0.14789222414396477,0.4811691005997714,P8,0,0.0,0.0,1.0,1.0,
F02628,not_tiered,42,-1.0380074993669586,-0.9164409253392624,0.06701635988813481,0.432288580297652,P42,0,1.0,0.21428571428571427,0.0,0.0,
F02629,not_tiered,41,0.07305418710848599,0.07305418710848599,9.71445146547012e-17,,P2,0,0.0,0.0,0.0,0.0,
F02630,not_tiered,42,-2.092770571622623,-1.5690662242401974,0.3161477026555055,0.8067230204500985,P6,0,0.0,0.0,0.0,0.0,
F02631,not_tiered,42,-0.6081851128069419,-0.41049315631841377,0.12037428794277194,0.5304666642772553,P5,0,0.7380952380952381,0.0,0.0,0.0,
F02632,not_tiered,42,-0.2703773553198163,-0.11336085871029558,0.08097210158650281,0.33411661100757084,P23,0,0.0,0.0,0.0,0.0,
F02633,not_tiered,42,0.3899617752113668,0.5358438974207159,0.10641395399269765,0.751905075213629,P23,0,1.0,0.0,0.0,0.0,
F02634,C_detection_pattern,0,,,,,,0,0.0,0.0,1.0,1.0,1.0
F02635,not_tiered,42,-0.6595950142627907,-0.4580349650348375,0.14056509610147266,0.5656329382851821,P42,0,0.0,0.0,0.0,0.0,
F02636,not_tiered,0,,,,,,0,0.0,0.0,0.023809523809523808,0.0,
F02637,C_detection_pattern,42,-0.8076412438899504,-0.210758325665893,0.3547182450129752,0.6942827982618076,P32,0,0.0,0.0,1.0,1.0,1.0
F02638,not_tiered,42,0.4539012510916012,0.5736439314023503,0.08451012645624356,0.6385569947464889,P1,0,0.0,0.0,1.0,1.0,
F02639,not_tiered,42,-0.08086418972861775,0.7171092435882551,0.45711485158801884,0.943722161661978,P37,1,0.0,0.0,0.09523809523809523,0.09523809523809523,
F02640,not_tiered,42,-0.3066597097618386,-0.22799881606791386,0.03990089550793455,0.37174460532171744,P19,0,1.0,0.0,0.0,0.0,
F02641,not_tiered,42,-0.21713527082076234,-0.1796196122076032,0.02092822543561551,0.29293122295973395,P10,0,1.0,0.0,0.0,0.0,
F02642,not_tiered,0,,,,,,0,0.0,0.0,1.0,0.0,
F02643,not_tiered,42,-1.5339453500795655,-1.151178549252048,0.22908654446234022,0.5655302628680607,P16,0,0.0,0.0,0.0,0.0,
F02644,C_detection_pattern,42,0.0615964991384379,1.383529045871275,0.6731262012260469,1.1244519643000501,P34,0,0.0,0.0,1.0,1.0,1.0
F02645,C_detection_pattern,42,0.3321320710395654,0.49993102171553966,0.09016865946903435,0.5242748505538365,P22,0,0.0,0.0,1.0,1.0,1.0
F02646,C_detection_pattern,42,-1.2689386162216172,0.16097540381736408,0.8671570635712407,1.1624309660345151,P32,1,0.0,0.0,1.0,1.0,1.0
F02647,C_detection_pattern,42,-1.1023345561245483,0.07523510464912819,0.7219820830993932,1.0020489148397043,P34,1,0.0,0.0,0.5476190476190477,0.5476190476190477,0.5476190476190477
F02648,not_tiered,42,-0.17194547546001504,-0.12269131989669646,0.03343425394476593,0.4295940301520325,P2,0,0.0,0.0,0.0,0.0,
F02649,not_tiered,42,0.18967058027899814,0.3861925823372709,0.11572562470757874,0.5299687965622151,P32,0,0.0,0.0,0.0,0.0,
F02650,not_tiered,42,-1.1928804019622687,-0.8397800031936774,0.2271592139372468,0.5730579525890637,P5,0,0.0,0.0,0.0,0.0,
F02651,not_tiered,42,-0.01767147094427903,0.10643532432304917,0.07766103084914076,0.46588237539570687,P23,4,0.0,0.0,0.0,0.0,
F02652,not_tiered,42,-0.34695587497736907,0.015765530877995815,0.18174419766483438,0.5903870034557978,P10,1,0.0,0.0,0.14285714285714285,0.14285714285714285,
F02653,not_tiered,42,0.19806675087712064,0.36553146537566444,0.09808243900015212,0.39014207623393143,P36,0,0.0,0.0,0.0,0.0,
F02654,not_tiered,0,,,,,,0,0.0,0.0,0.0,0.0,
F02655,not_tiered,41,-0.808503585703928,-0.808503585703928,0.0,,P2,0,0.0,0.0,0.0,0.0,
F02656,not_tiered,42,-0.13870744658835338,-0.029888185815789028,0.06114076574606998,0.4033461119890593,P19,0,0.0,0.0,0.0,0.0,
F02657,not_tiered,42,-0.4740331376284847,-0.3173986831044498,0.09678086654814128,0.512045007297715,P24,0,0.0,0.0,1.0,1.0,
F02658,C_detection_pattern,42,-3.2570661006300803,-1.372872297654986,0.9420969014875471,1.3747119488935882,P12,0,0.0,0.0,1.0,1.0,1.0
F02659,not_tiered,0,,,,,,0,0.0,0.0,0.0,0.0,
F02660,not_tiered,42,-0.5022750043471226,-0.26736001794318653,0.133082318541494,0.5624554571406362,P27,0,0.0,0.0,0.0,0.0,
F02661,not_tiered,42,-0.4843100334529525,-0.42297273460925155,0.03630773009476462,0.3897691317718826,P36,0,1.0,0.0,0.0,0.0,
F02662,C_detection_pattern,42,0.35537746182718,0.7143539202853112,0.19655270912555967,0.6531365291566753,P35,0,0.0,0.0,1.0,1.0,1.0
F02663,not_tiered,42,0.6761654681705543,0.7923757920638231,0.06808376131852001,0.43705139387729525,P25,0,1.0,0.0,0.0,0.0,
F02664,not_tiered,42,-0.7240609419412752,-0.5254102471694087,0.10950195825177922,0.41499987362481505,P15,0,0.2857142857142857,0.0,1.0,1.0,
F02665,not_tiered,0,,,,,,0,0.0,0.0,0.0,0.0,
F02666,B_abundance,42,-1.1999695264212886,-1.0904031719521627,0.06647913114392612,0.36003863177588,P32,0,1.0,1.0,0.0,0.0,1.0
F02667,not_tiered,0,,,,,,0,0.0,0.0,0.0,0.0,
F02668,not_tiered,41,0.8312798862551354,0.8312798862551354,0.0,,P1,0,0.0,0.0,0.0,0.0,
F02669,not_tiered,42,-0.5102759672630864,-0.4137952036683436,0.0544738374368432,0.39298389624663305,P21,0,1.0,0.0,0.0,0.0,
F02670,not_tiered,42,-0.6346012824127811,-0.5369033875629098,0.06297684055985919,0.39002501693381386,P42,0,1.0,0.0,0.0,0.0,
F02671,not_tiered,42,-0.3364008987429619,-0.21410377890451962,0.06576350678890752,0.40745465670103165,P13,0,0.0,0.0,0.7142857142857143,0.7142857142857143,
F02672,C_detection_pattern,42,-0.6611755829338608,0.11043493642869384,0.40753610692097153,0.8982017478163753,P32,1,0.0,0.0,1.0,1.0,1.0
F02673,not_tiered,42,-0.0800465410572058,0.04057387902209955,0.0837751060861513,0.6388429703825712,P25,15,0.0,0.0,0.0,0.0,
F02674,not_tiered,42,-0.48182089050183335,-0.3592076229233318,0.06484597102829731,0.3515666911726071,P19,0,0.6190476190476191,0.0,0.0,0.0,
F02675,not_tiered,42,-0.5544720212719558,-0.4221413390890665,0.0761164776222516,0.4304568499003095,P19,0,1.0,0.0,0.0,0.0,
F02676,not_tiered,42,-1.0270224923667604,-0.4367976102871236,0.34265889532958815,0.7825412112701577,P35,0,0.0,0.0,0.11904761904761904,0.11904761904761904,
F02677,not_tiered,42,-1.2907428057428447,-0.023143038065470023,0.9791078117923495,1.089014011270175,P38,0,0.0,0.0,0.0,0.0,
F02678,not_tiered,42,-1.2119500091563025,-0.4243126345708821,0.4434834744147881,0.8704045494059921,P27,0,0.0,0.0,0.0,0.0,
F02679,C_detection_pattern,42,-0.7715621586205875,-0.4105978836030051,0.18180672364609773,0.5559332916338336,P38,0,0.0,0.0,1.0,1.0,1.0
F02680,C_detection_pattern,42,-0.8029326721266931,0.07227698306670549,0.5006771270153425,0.6681481733373933,P9,2,0.0,0.0,1.0,1.0,1.0
F02681,not_tiered,41,-0.3274441184032586,-0.3274441184032586,0.0,,P2,0,0.0,0.0,0.0,0.0,
F02682,not_tiered,42,-0.08070615322471056,0.08403325537626923,0.09584815990676816,0.4883097305401278,P21,12,0.0,0.0,0.0,0.0,
F02683,C_detection_pattern,42,-3.005160116129863,0.38092343604156653,1.6930417760857148,1.8006969359341696,P1,1,0.0,0.0,1.0,1.0,1.0
F02684,not_tiered,42,-0.5248564841169183,-0.4307829200720712,0.05167715810930168,0.4478259043612411,P31,0,1.0,0.0,0.0,0.0,
F02685,not_tiered,42,-0.41584612921214653,-0.022993717994167308,0.27205103691244803,0.7977450739523266,P34,0,0.0,0.0,0.0,0.0,
F02686,not_tiered,42,1.5392256675479994,1.7454727653342106,0.12258295027041655,0.46687061888553105,P16,0,0.0,0.0,1.0,1.0,
F02687,not_tiered,42,0.3702719530817168,0.7028460446608961,0.21075972440191204,0.621861605546636,P36,0,0.0,0.0,1.0,1.0,
F02688,not_tiered,42,-2.2253304433700647,-1.3564344133169972,0.4455160445063886,0.7418226041941183,P22,0,0.0,0.0,0.07142857142857142,0.07142857142857142,
F02689,C_detection_pattern,0,,,,,,0,0.0,0.0,1.0,1.0,1.0
F02690,not_tiered,42,-1.559460285757727,0.39968042571909673,1.1311669902943906,1.284627109508436,P33,1,0.0,0.0,0.0,0.0,
F02691,not_tiered,0,,,,,,0,0.0,0.0,0.0,0.0,
F02692,C_detection_pattern,42,-0.19280259266502675,0.03167721580534918,0.1539047490981215,0.5862847434363081,P36,1,0.0,0.0,1.0,1.0,1.0
F02693,not_tiered,42,0.6999143739292287,0.8091820418531718,0.05496151390931725,0.3861246656368974,P15,0,1.0,0.0,1.0,0.7619047619047619,
F02694,not_tiered,0,,,,,,0,0.0,0.0,0.0,0.0,
F02695,not_tiered,42,0.7126293448117231,1.2507055162224856,0.2985619220438004,0.7671670878738214,P37,0,0.0,0.0,0.11904761904761904,0.11904761904761904,
F02696,C_detection_pattern,42,0.028348427480890948,10.881113525882977,5.426382549201043,2.136706536087507,P1,0,0.0,0.0,1.0,1.0,1.0
F02697,C_detection_pattern,42,-2.074653768915601,-0.2770930006026262,0.8987803841564874,1.3354590122615906,P1,0,0.0,0.0,1.0,1.0,1.0
F02698,not_tiered,42,0.11658268476987281,0.17311582477782414,0.028740405080676545,0.30907097740711736,P35,0,0.0,0.0,0.0,0.0,
F02699,C_detection_pattern,0,,,,,,0,0.0,0.0,1.0,1.0,1.0
F02700,not_tiered,42,-0.41114444860733446,-0.2927122404916499,0.06723268373660884,0.4149504449451135,P25,0,0.19047619047619047,0.0,0.0,0.0,
F02701,C_detection_pattern,42,0.555593410344136,0.9780904270288917,0.3371857948076604,0.7820496428411705,P6,0,0.0,0.0,1.0,1.0,1.0
F02702,not_tiered,42,-0.4136434768094194,-0.3254169258712711,0.04841025462433041,0.4046287979834318,P23,0,1.0,0.0,0.0,0.0,
F02703,not_tiered,42,-0.8796520651428449,-0.813663417548178,0.036211687985420404,0.3558113464407036,P23,0,1.0,0.0,0.0,0.0,
F02704,not_tiered,42,-0.0789930954747983,0.04695604908773589,0.06370829105290989,0.3276977360378962,P21,14,0.0,0.0,0.0,0.0,
F02705,not_tiered,42,0.7064199430861539,0.7516800916613314,0.022701230928370397,0.2738231158098684,P32,0,1.0,0.0,0.0,0.0,
F02706,not_tiered,42,-0.8485486604398961,-0.7212116686705385,0.08996998858211813,0.4759609764478997,P42,0,1.0,0.0,0.0,0.0,
F02707,B_abundance,42,1.1395010290455934,1.3533739422405822,0.13599499567446616,0.510795876581773,P14,0,1.0,1.0,1.0,0.0,1.0
F02708,not_tiered,0,,,,,,0,0.0,0.0,0.0,0.0,
F02709,C_detection_pattern,42,-1.9439798444814809,-0.8058212394961975,0.7280075326895116,0.9231371177214991,P33,0,0.0,0.0,1.0,1.0,1.0
F02710,not_tiered,42,-0.31384353894127476,-0.17513276576358497,0.06998559286379336,0.32787531838483075,P2,0,0.0,0.0,0.0,0.0,
F02711,not_tiered,42,-0.7253070633288206,-0.6718454313474186,0.030402615677055045,0.37717568105057936,P26,0,1.0,0.0,0.0,0.0,
F02712,not_tiered,42,-0.35600296826402544,-0.20022362826937914,0.09111732158361666,0.39034346111069335,P34,0,0.0,0.0,0.0,0.0,
F02713,not_tiered,0,,,,,,0,0.0,0.0,0.0,0.0,
F02714,not_tiered,42,-0.32872785546121325,-0.24359209531530018,0.049986121515708026,0.4486973304496442,P21,0,1.0,0.0,0.8333333333333334,0.0,
F02715,not_tiered,42,0.7024749357778701,0.8234142664805552,0.06292486536291297,0.3191071456575696,P33,0,1.0,0.0,0.8333333333333334,0.0,
F02716,not_tiered,42,-1.137866313783485,-0.9740982822840981,0.08301584578951149,0.3207867698475087,P35,0,1.0,0.8809523809523809,0.0,0.0,
F02717,not_tiered,42,0.3160943925913697,0.5363082536171417,0.16934383871350084,0.9196287694028414,P14,0,1.0,0.0,0.0,0.0,
F02718,not_tiered,42,0.4653131528820463,0.6365904744209846,0.09229191967049033,0.4421565380233319,P21,0,1.0,0.0,0.0,0.0,
F02719,C_detection_pattern,42,-0.2013708686673637,-0.011003612932826727,0.0991120852676116,0.5297564998321316,P40,0,0.0,0.0,1.0,1.0,1.0
F02720,not_tiered,41,0.46486559737499533,0.46486559737499533,5.551115123125783e-17,,P2,0,0.0,0.0,0.0,0.0,
F02721,not_tiered,42,-0.5531749342637677,-0.4597398783609455,0.05193001047005591,0.3889978163637604,P39,0,1.0,0.0,0.0,0.0,
F02722,not_tiered,42,-0.19467212904735476,-0.07120299375998984,0.06750098234298726,0.40638819392822834,P35,0,0.0,0.0,0.0,0.0,
F02723,not_tiered,42,-1.8841591080373128,-1.2536079395955328,0.3555653760821058,0.6872038297411874,P4,0,0.0,0.0,0.0,0.0,
F02724,not_tiered,42,-0.6303902664889285,-0.43845794688605705,0.12715416656766199,0.6415481895527366,P40,0,0.0,0.0,0.07142857142857142,0.07142857142857142,
F02725,not_tiered,42,0.43695091540569353,0.5409247183373191,0.06427718666309234,0.5291648713935919,P19,0,1.0,0.0,0.0,0.0,
F02726,B_abundance,42,-1.3845835092603813,-1.2916892910996094,0.04933072148873485,0.4323202287270456,P18,0,1.0,1.0,0.0,0.0,1.0
F02727,not_tiered,42,-0.11181667416705533,-0.05254822494195994,0.033040483225036735,0.38155299969167733,P25,0,0.0,0.0,0.0,0.0,
F02728,not_tiered,42,-0.32195071612931503,-0.12387540879136351,0.11944002511866368,0.5661911076661357,P16,0,0.0,0.0,1.0,1.0,
F02729,not_tiered,42,-0.15959982754071053,0.05233404885594131,0.1582689448658371,0.6794195441194176,P42,2,0.0,0.0,0.0,0.0,
F02730,not_tiered,42,0.3691817920592018,0.45167227303803326,0.044368460869548654,0.3542568253584786,P40,0,1.0,0.0,0.0,0.0,
F02731,not_tiered,42,0.35263502603247976,0.44844032611561435,0.053257228559112246,0.4373573300901106,P25,0,1.0,0.0,0.0,0.0,
F02732,not_tiered,42,-0.28335849257528245,-0.14844675457142306,0.06853051117408576,0.5232809060464658,P25,0,0.023809523809523808,0.0,0.023809523809523808,0.0,
F02733,not_tiered,42,-0.5850386731401911,-0.4895256535064289,0.05180044475204321,0.4335096956084435,P19,0,1.0,0.0,0.0,0.0,
F02734,not_tiered,0,,,,,,0,0.0,0.0,0.0,0.0,
F02735,not_tiered,42,-0.41651985159565214,-0.33457604399820917,0.05367517401783983,0.4565162252242341,P23,0,1.0,0.0,0.0,0.0,
F02736,C_detection_pattern,42,-0.21922450359270051,0.15855552747859925,0.2156771557120092,0.6534265770780051,P13,2,0.0,0.0,1.0,1.0,1.0
F02737,not_tiered,42,-0.24207915927909726,-0.1691982000060053,0.0424959948880734,0.41688103897186324,P23,0,0.11904761904761904,0.0,0.0,0.0,
F02738,not_tiered,42,0.2645529498267199,0.47158718291919804,0.1284091245182239,0.5696101534967113,P7,0,0.0,0.0,1.0,1.0,
F02739,not_tiered,42,-1.0245632047164737,0.836479195577887,0.93446566251439,1.132677439525052,P32,2,0.0,0.0,0.0,0.0,
F02740,not_tiered,42,0.05531370643092983,0.24463401780466043,0.10595313270130394,0.537026482095847,P21,0,0.0,0.0,0.09523809523809523,0.09523809523809523,
F02741,not_tiered,42,-0.5443157958840483,-0.47831967435220224,0.03576882032304585,0.38028821366009447,P23,0,1.0,0.0,0.0,0.0,
F02742,not_tiered,42,-0.5263059271176743,-0.36176165947588385,0.08512017924004933,0.42119327746424307,P16,0,0.19047619047619047,0.0,0.0,0.0,
F02743,not_tiered,42,-1.8873998808429384,0.15721212870970724,1.0223060047763228,1.4419632238854914,P1,1,0.0,0.0,0.0,0.0,
F02744,not_tiered,42,-0.07538761807035542,0.11627231135746303,0.10575582167741414,0.4791022393662949,P2,11,0.0,0.0,1.0,1.0,
F02745,not_tiered,41,-0.5614228607839706,-0.5614228607839706,0.0,,P2,0,0.0,0.0,0.0,0.0,
F02746,not_tiered,42,-0.04388716411395476,0.03368468789721281,0.04579350267920841,0.45591066555888515,P31,8,0.0,0.0,0.0,0.0,
F02747,C_detection_pattern,42,-0.394656891352449,-0.21454438686351365,0.10297859682635493,0.5991205009976681,P23,0,0.0,0.0,1.0,1.0,1.0
F02748,not_tiered,42,0.029509284674415128,0.11626225975762902,0.044568325198518624,0.4197665833071808,P19,0,0.0,0.0,1.0,1.0,
F02749,not_tiered,41,-0.3110904821623235,-0.3110904821623235,0.0,,P2,0,0.0,0.0,0.8333333333333334,0.0,
F02750,not_tiered,0,,,,,,0,0.0,0.0,0.0,0.0,
F02751,C_detection_pattern,42,0.01657019256253056,0.36951133469544006,0.18040819157616186,0.580945919207988,P32,0,0.0,0.0,1.0,1.0,1.0
F02752,not_tiered,42,0.06838965275340089,0.1785799876926823,0.0592342222275843,0.4058849202610949,P28,0,0.0,0.0,0.0,0.0,
F02753,not_tiered,42,-1.2264953122503293,-0.5548247371973734,0.3514305617358022,0.8394997509931903,P39,0,0.0,0.0,0.0,0.0,
F02754,not_tiered,42,0.7507325505307892,0.9791385844930881,0.1240064875315734,0.402788177008332,P24,0,0.0,0.0,1.0,1.0,
F02755,not_tiered,42,0.4910487702847976,0.5994492277127385,0.05703530289016806,0.45775589841662195,P25,0,1.0,0.0,0.0,0.0,
F02756,C_detection_pattern,42,-0.8332795597707481,-0.37462743447854685,0.2649404120599438,0.7720137854314201,P37,0,0.0,0.0,1.0,1.0,1.0
F02757,not_tiered,42,-0.16422837099887969,0.04420094177164442,0.16268714990697883,0.8389673297408912,P31,1,0.0,0.0,0.0,0.0,
F02758,not_tiered,42,0.06209596453322533,0.17614510672947375,0.08051140719985025,0.581594245501004,P31,0,0.0,0.0,0.0,0.0,
F02759,not_tiered,42,-0.572157651765393,-0.48085014778090424,0.04586566586742813,0.37853632113295005,P37,0,1.0,0.0,1.0,0.7619047619047619,
F02760,C_detection_pattern,42,-0.48699239346144907,-0.35147972531658483,0.08144052355021447,0.5444991324248104,P39,0,0.0,0.0,1.0,1.0,1.0
F02761,not_tiered,42,-0.29942312644989677,-0.17949812444436322,0.07031490243055558,0.44832914831116627,P12,0,0.0,0.0,1.0,1.0,
F02762,C_detection_pattern,41,-2.0588154736683784,-2.0588154736683784,0.0,,P1,0,0.0,0.0,1.0,1.0,1.0
F02763,not_tiered,42,-0.4348400350337458,-0.3287992245022496,0.05678432227792013,0.42310079536314243,P31,0,1.0,0.0,0.0,0.0,
F02764,not_tiered,42,0.4335349921823818,0.7945719736739254,0.2232333727504877,0.7084487108788937,P27,0,0.0,0.0,1.0,1.0,
F02765,C_detection_pattern,42,-2.3888582862136643,-2.085119898343218,0.15984523799845762,0.43689976463677216,P39,0,0.0,0.0,1.0,1.0,1.0
F02766,C_detection_pattern,42,-1.4621828961926775,-0.6760655767980014,0.42403252208588715,0.824183658899991,P24,0,0.0,0.0,1.0,1.0,1.0
F02767,not_tiered,42,0.1337019959270733,0.27198345857624656,0.08134498768101486,0.43617981869874833,P42,0,0.0,0.0,1.0,0.7619047619047619,
F02768,not_tiered,42,-1.3244023547787998,-0.910158135974579,0.21223151190014167,0.5847208713208086,P6,0,0.0,0.0,0.0,0.0,
F02769,not_tiered,42,0.7707154792657388,0.8824516514814251,0.06388992907460245,0.42063229014562964,P39,0,1.0,0.0,0.0,0.0,
F02770,not_tiered,42,-0.711207120940696,-0.4436238223693931,0.14026920469649157,0.5453580756129277,P26,0,0.0,0.0,0.0,0.0,
F02771,not_tiered,42,0.4198530423455548,0.5989000412448733,0.09462537615248884,0.4151448391879052,P21,0,0.5714285714285714,0.0,0.0,0.0,
F02772,not_tiered,42,-0.9364772051005215,-0.2616245422427639,0.3374263314288788,0.6083599176693713,P8,0,0.0,0.0,0.0,0.0,
F02773,not_tiered,42,-0.14034790884203127,0.0049178373456349985,0.1077294504130657,0.6607146143299829,P19,1,0.0,0.0,0.0,0.0,
F02774,not_tiered,42,0.34018741776595546,0.5030506719527024,0.08507528504296552,0.441791037622736,P25,0,0.19047619047619047,0.0,1.0,0.0,
F02775,C_detection_pattern,42,-0.2470023811381209,0.004748591204476682,0.1572480331301919,0.581970206270259,P29,1,0.0,0.0,1.0,1.0,1.0
F02776,B_abundance,42,-2.112658250025375,-1.966036681710244,0.08672618590876646,0.3488628986663747,P2,0,1.0,1.0,0.0,0.0,1.0
F02777,not_tiered,42,-1.3460844767316176,-1.1479727458294917,0.10896538744928819,0.4309212937359364,P18,0,1.0,1.0,0.0,0.0,
F02778,not_tiered,42,-1.067501395333077,-0.6306096183552596,0.2352096631320899,0.5072372486658631,P12,0,0.0,0.0,0.0,0.0,
F02779,not_tiered,42,-0.12302776873277727,0.21194226956139958,0.17380869234564988,0.4778546160254176,P20,8,0.0,0.0,0.0,0.0,
F02780,not_tiered,0,,,,,,0,0.0,0.0,0.0,0.0,
F02781,C_detection_pattern,41,-3.3913980107904056,-3.3913980107904056,0.0,,P1,0,0.0,0.0,1.0,1.0,1.0
F02782,not_tiered,0,,,,,,0,0.0,0.0,0.0,0.0,
F02783,C_detection_pattern,42,-0.26762634259919094,0.30931672782585046,0.30526571137149083,0.5741938280175138,P32,4,0.0,0.0,0.5952380952380952,0.5952380952380952,0.5952380952380952
F02784,not_tiered,42,0.5661986810615254,0.6365836293375001,0.04034419067640471,0.38405350753004297,P14,0,1.0,0.0,1.0,1.0,
F02785,C_detection_pattern,42,-1.2052385905852594,-0.5466284550262905,0.3721181143582679,0.8138786307794375,P29,0,0.0,0.0,1.0,1.0,1.0
F02786,C_detection_pattern,42,0.005430389455196287,0.23000612801657086,0.1248360796839834,0.5068423137951676,P17,0,0.0,0.0,1.0,1.0,1.0
F02787,not_tiered,42,-0.34015687680090534,-0.22090675994533904,0.06076593064739583,0.38366643582539406,P37,0,0.023809523809523808,0.0,0.0,0.0,
F02788,not_tiered,42,-0.7872884946901273,0.13619020300607954,0.4617393488481034,0.8056935415182268,P1,1,0.0,0.0,0.0,0.0,
F02789,not_tiered,42,-0.0425352623885793,0.18666768067234507,0.11460147153046227,0.21408880000397176,P34,1,0.0,0.0,0.0,0.0,
F02790,not_tiered,42,-2.1841612994819983,-1.7828094933477932,0.2067354146100957,0.47109861042972645,P25,0,0.0,0.0,1.0,1.0,
F02791,B_abundance,42,-2.6933447750189035,-2.5009524290983505,0.10841103366530991,0.40680365649261774,P42,0,1.0,1.0,0.0,0.0,1.0
F02792,not_tiered,42,-0.5329087664726444,-0.4472477246038667,0.04573634195020698,0.4470401781772828,P19,0,1.0,0.0,0.0,0.0,
F02793,not_tiered,42,-0.7739941459885876,-0.5579085319027257,0.14345299317465587,0.6233283541420159,P2,0,1.0,0.0,0.0,0.0,
F02794,not_tiered,42,-0.7899472333468484,-0.6693051859575847,0.07813375751434137,0.4999683269578817,P19,0,1.0,0.0,0.0,0.0,
F02795,not_tiered,42,-0.16072545604291977,-0.007183279032574385,0.07763833172577357,0.5178015412145301,P10,0,0.0,0.0,1.0,1.0,
F02796,B_abundance,42,-1.2201880482365453,-1.0465395780574718,0.08953132537982844,0.37806503373134875,P35,0,1.0,1.0,0.0,0.0,1.0
F02797,not_tiered,41,-2.4676240402294454,-2.4676240402294454,0.0,,P2,0,0.0,0.0,0.0,0.0,
F02798,C_detection_pattern,42,-0.22574853696699887,0.09046094477483037,0.26315618169692556,0.9656162237917677,P25,1,0.0,0.0,1.0,1.0,1.0
F02799,not_tiered,42,0.28666000449728896,0.4088138935455651,0.06553512434683872,0.3392094619719335,P3,0,0.0,0.0,0.0,0.0,
F02800,not_tiered,41,0.923408205137763,0.923408205137763,0.0,,P1,0,0.0,0.0,0.0,0.0,
F02801,not_tiered,42,-1.1597244208820485,-0.1196750920378566,0.5761482128944876,1.008985453886993,P4,0,0.0,0.0,0.0,0.0,
F02802,not_tiered,42,-0.5003198888488009,-0.12124590425434424,0.23116713412776335,0.6331525621220203,P33,0,0.0,0.0,0.0,0.0,
F02803,C_detection_pattern,41,-0.4758714514335125,-0.4758714514335125,0.0,,P2,0,0.0,0.0,1.0,1.0,1.0
F02804,not_tiered,0,,,,,,0,0.0,0.0,0.0,0.0,
F02805,not_tiered,42,-0.23887322069063366,1.6874501264591846,0.9631616735749091,1.3930414008866798,P26,1,0.0,0.0,0.9523809523809523,0.7619047619047619,
F02806,not_tiered,41,-2.4131124936235455,-2.4131124936235455,4.440892098500626e-16,,P2,0,0.0,0.0,0.0,0.0,
F02807,not_tiered,42,-0.572666811644676,-0.3073158226771013,0.1343239673050745,0.43774504913817985,P16,0,0.0,0.0,0.023809523809523808,0.0,
F02808,not_tiered,42,-0.2805633364166849,-0.16759825558000346,0.07137962356519584,0.6497394341681844,P19,0,0.21428571428571427,0.0,0.0,0.0,
F02809,not_tiered,42,0.9571474113386632,2.4871707390280156,1.0239654513876864,0.928936551453304,P28,0,0.0,0.0,0.0,0.0,
F02810,not_tiered,42,0.3229193218038139,0.6056786877418722,0.14922407762547446,0.4683012447095957,P9,0,0.0,0.0,0.6428571428571429,0.0,
F02811,C_detection_pattern,42,-1.1204773588435515,0.06207793921701388,0.6339321173304793,1.119985684962824,P38,1,0.0,0.0,1.0,1.0,1.0
F02812,not_tiered,42,-1.0807861432860295,-0.565822682537706,0.3127804885686539,0.7107583079790715,P2,0,0.0,0.0,0.0,0.0,
F02813,not_tiered,42,-0.449131089096224,-0.3668293311735521,0.05356253001392258,0.4339556436309448,P26,0,1.0,0.0,0.0,0.0,
F02814,not_tiered,42,-0.378028924149215,0.07222647893510561,0.24781276899938132,0.629889288780598,P30,1,0.0,0.0,0.0,0.0,
F02815,B_abundance,42,-2.6074685503712245,-2.4571100518075366,0.08150220280248588,0.39817688707914156,P1,0,1.0,1.0,0.0,0.0,1.0
F02816,not_tiered,42,-0.6910718109440389,-0.5987187191777588,0.05925069058723953,0.4418908209415024,P19,0,1.0,0.0,0.0,0.0,
F02817,not_tiered,42,-0.6134097144841575,-0.3758562405908855,0.15368407654040483,0.6453016790666661,P42,0,0.40476190476190477,0.0,0.0,0.0,
F02818,C_detection_pattern,42,0.5087687769280462,1.3599364976787165,0.46181857589457975,0.8526607876016437,P9,0,0.0,0.0,1.0,1.0,1.0
F02819,C_detection_pattern,42,-1.1611637314392969,1.0624059946684952,1.111784863053896,1.5092889568813068,P1,1,0.0,0.0,1.0,1.0,1.0
F02820,not_tiered,0,,,,,,0,0.0,0.0,0.0,0.0,
F02821,not_tiered,42,-0.10799574799927059,0.17061057104286803,0.14902466862753108,0.5241446648845121,P35,3,0.0,0.0,0.0,0.0,
F02822,not_tiered,0,,,,,,0,0.0,0.0,0.0,0.0,
F02823,not_tiered,41,-2.2665588957458507,-2.2665588957458507,0.0,,P1,0,0.0,0.0,0.8571428571428571,0.7619047619047619,
F02824,not_tiered,42,-0.11216653456981111,-0.03886889522194056,0.049708274701991344,0.5386408685930375,P21,0,0.0,0.0,0.0,0.0,
F02825,C_detection_pattern,42,-1.0261300003759792,-0.4379580163634299,0.3874853826532081,0.6656423565398131,P39,0,0.0,0.0,1.0,1.0,1.0
F02826,C_detection_pattern,42,1.099418563669809,1.8665970323635235,0.4036557509408494,0.851108375595365,P4,0,0.0,0.0,1.0,1.0,1.0
F02827,not_tiered,42,-0.7591438277063746,-0.5038707278607761,0.12821229186681915,0.44892981192676173,P14,0,0.0,0.0,0.0,0.0,
F02828,B_abundance,42,-1.0453980575287416,-0.9524603280432262,0.05888908740791576,0.45359425328232233,P2,0,1.0,0.8333333333333334,0.0,0.0,0.8333333333333334
F02829,not_tiered,42,0.3086069632809533,3.578855616250756,2.0077416054296506,1.0094515779119388,P25,0,0.0,0.0,0.0,0.0,
F02830,not_tiered,42,-0.3016866462058244,-0.2191887659171609,0.044377958349054114,0.37643598238266157,P40,0,0.5238095238095238,0.0,1.0,0.0,
F02831,not_tiered,42,0.47207413619379246,0.585345072434916,0.06503336559029793,0.45188325910671767,P40,0,1.0,0.0,1.0,0.0,
F02832,not_tiered,42,-1.0870205553267365,-0.7475889831214442,0.16971578610264626,0.31524889709221876,P27,0,0.0,0.0,0.0,0.0,
F02833,C_detection_pattern,42,0.13618198809348078,0.5130780754174253,0.2218642001306312,0.7018042705238143,P16,0,0.0,0.0,1.0,1.0,1.0
F02834,not_tiered,41,0.23286635519875531,0.23286635519875531,2.7755575615628914e-17,,P2,0,0.0,0.0,0.0,0.0,
F02835,not_tiered,42,0.12513107409766466,0.2800441801371928,0.08371187992623388,0.46763245041001533,P21,0,0.0,0.0,0.8333333333333334,0.0,
F02836,not_tiered,42,0.5632691298602877,0.6668964295241394,0.054724336358895176,0.4124147817094478,P21,0,1.0,0.0,0.0,0.0,
F02837,not_tiered,42,-1.6373708345721596,0.4266639339447522,1.032017384258456,1.449649436061211,P1,1,0.0,0.0,0.0,0.0,
F02838,not_tiered,42,0.5197408007766103,0.6490662927201205,0.08968677375093059,0.48302669353698235,P19,0,1.0,0.0,0.0,0.0,
F02839,not_tiered,42,0.6457624600567503,0.7642104341156255,0.07062529851004651,0.5374239252375821,P18,0,1.0,0.0,0.023809523809523808,0.0,
F02840,C_detection_pattern,42,0.8546154128244111,1.380825355440971,0.336824644208657,0.7347801078937507,P24,0,0.0,0.0,1.0,1.0,1.0
F02841,not_tiered,0,,,,,,0,0.0,0.0,0.023809523809523808,0.0,
F02842,C_detection_pattern,42,0.3050750538617847,0.6861437853035763,0.25206092514431266,0.6691299947268236,P11,0,0.0,0.0,1.0,1.0,1.0
F02843,not_tiered,42,0.4376527079633404,0.5680047906079762,0.07950539155635455,0.44265960868457577,P2,0,1.0,0.0,0.0,0.0,
F02844,C_detection_pattern,42,1.7280313509183585,2.1052336727206202,0.22986090503581336,0.5840939918053094,P14,0,0.0,0.0,1.0,1.0,1.0
F02845,not_tiered,41,-0.2500806130249753,-0.2500806130249753,0.0,,P2,0,0.0,0.0,0.0,0.0,
F02846,not_tiered,42,-0.17902284732960178,-0.04356875314768404,0.07759235505826527,0.585661971427595,P41,0,0.0,0.0,0.0,0.0,
F02847,not_tiered,42,0.34118396413205815,0.6687694797361019,0.25529519461405087,0.9635522492790898,P29,0,0.5,0.0,1.0,1.0,
F02848,not_tiered,42,-0.1316022961709001,0.11081171044299375,0.12292282544258691,0.43244267637062717,P4,11,0.0,0.0,1.0,1.0,
F02849,B_abundance,42,-1.0959419882550634,-0.9877447799271443,0.05813864701490867,0.4030108014284414,P21,0,1.0,0.9285714285714286,0.0,0.0,0.9285714285714286
F02850,not_tiered,41,-0.6758550404696226,-0.6758550404696226,0.0,,P1,0,0.0,0.0,0.0,0.0,
F02851,not_tiered,42,0.43714197023488954,0.7377167797630226,0.2364521564302855,0.9361470200604576,P21,0,1.0,0.0,0.0,0.0,
F02852,not_tiered,42,0.35533274157729344,0.47610958742575304,0.06436193954270025,0.5375432315115247,P14,0,1.0,0.0,0.0,0.0,
F02853,B_abundance,42,-1.1707823357705187,-1.0719670693247172,0.06192324112113856,0.4816280442287919,P37,0,1.0,1.0,0.0,0.0,1.0
F02854,not_tiered,42,-0.19175691774455225,-0.08505905411271078,0.07360368290433066,0.6774797390881959,P12,0,0.023809523809523808,0.0,0.0,0.0,
F02855,not_tiered,0,,,,,,0,0.0,0.0,0.0,0.0,
F02856,not_tiered,0,,,,,,0,0.0,0.0,0.0,0.0,
F02857,not_tiered,42,-0.09553497255324003,0.40868406174612615,0.30762133219417614,0.8850290641807809,P33,1,0.0,0.0,0.0,0.0,
F02858,not_tiered,41,-0.11592302060047999,-0.11592302060047999,8.326672684688674e-17,,P2,0,0.0,0.0,0.0,0.0,
F02859,not_tiered,42,-0.468908574694792,-0.37775229450716946,0.04999889585066414,0.44376295617788175,P2,0,1.0,0.0,0.0,0.0,
F02860,not_tiered,42,-0.6725004088926363,-0.32617542171955777,0.19299482287128467,0.5816921917993391,P37,0,0.0,0.0,0.0,0.0,
F02861,B_abundance,42,-2.716538106247073,-2.539358724935133,0.08876209510704225,0.3468149068008838,P16,0,1.0,1.0,0.0,0.0,1.0
F02862,B_abundance,42,-1.2300495604320594,-1.0581431660574003,0.0948729746870034,0.4207426071829071,P37,0,1.0,1.0,0.0,0.0,1.0
F02863,not_tiered,42,-0.17359172339917212,0.1438132067428391,0.1660180397011165,0.4926017011556479,P6,5,0.0,0.0,0.0,0.0,
F02864,not_tiered,42,0.08268947377674017,0.1447474563351995,0.03519789899749841,0.36224480255870695,P2,0,0.0,0.0,0.0,0.0,
F02865,not_tiered,42,-0.17128231436893962,-0.09468374722719479,0.04353630864059371,0.4283510258959468,P14,0,0.0,0.0,0.0,0.0,
F02866,not_tiered,42,-1.7032453595691057,-1.4952810734310473,0.10818883285878944,0.46291921560200466,P42,0,0.0,0.0,1.0,0.0,
F02867,not_tiered,42,-1.651365076340008,-1.10773650437929,0.4130900532162727,0.9496421401949302,P40,0,0.0,0.0,0.0,0.0,
F02868,not_tiered,42,0.013164278622479257,0.059824540716671856,0.024432576670543854,0.28314179786867594,P26,0,0.0,0.0,1.0,0.7619047619047619,
F02869,not_tiered,42,-0.07080909060751518,0.19908654968425013,0.14170506263333638,0.5459232005939902,P34,3,0.0,0.0,1.0,1.0,
F02870,C_detection_pattern,42,-0.18055133865752773,0.12882585124381635,0.19309705360426765,0.6275205109464548,P38,3,0.0,0.0,1.0,1.0,1.0
F02871,C_detection_pattern,42,0.13440797145891467,0.262626864857708,0.08265929411863487,0.5012491049604019,P41,0,0.0,0.0,1.0,1.0,1.0
F02872,C_detection_pattern,42,0.5737164937802561,0.859263891674998,0.1939809576648559,0.776490606222108,P39,0,0.0,0.0,1.0,1.0,1.0
F02873,not_tiered,42,0.7711574551821009,0.8713459355361275,0.06342003858869527,0.49371824388999513,P4,0,1.0,0.0,1.0,0.7619047619047619,
F02874,not_tiered,42,0.7085124949014368,0.854083631151022,0.08171178464126161,0.565428797873712,P40,0,1.0,0.0,1.0,1.0,
F02875,not_tiered,0,,,,,,0,0.0,0.0,0.0,0.0,
F02876,C_detection_pattern,0,,,,,,0,0.0,0.0,1.0,1.0,1.0
F02877,not_tiered,42,0.026687850410619652,0.10353414839220694,0.049034269874019445,0.47039132010767887,P2,0,0.0,0.0,0.0,0.0,
F02878,not_tiered,0,,,,,,0,0.0,0.0,0.0,0.0,
F02879,not_tiered,42,-0.49226911972992343,-0.25919686866957425,0.15807692910682564,0.6589534670032899,P23,0,0.0,0.0,0.023809523809523808,0.0,
F02880,C_detection_pattern,42,-0.14930112862456363,1.6203882730912427,1.2066099336726501,1.2275186176509836,P2,1,0.0,0.0,1.0,1.0,1.0
F02881,not_tiered,42,-0.6938967423662116,-0.5379753781477319,0.10594584571087473,0.574484580772656,P31,0,1.0,0.0,0.023809523809523808,0.0,
F02882,not_tiered,42,0.15793929093306402,0.25927857494766504,0.06561918487277757,0.49036933246289205,P37,0,0.0,0.0,1.0,1.0,
F02883,not_tiered,42,-0.07124974278145392,-0.004590938517376279,0.036920319358674424,0.3388113911040263,P26,0,0.0,0.0,0.0,0.0,
F02884,not_tiered,42,-0.1073997164004215,-0.03523230352561808,0.040968541837011,0.4607895198659296,P27,0,0.0,0.0,0.0,0.0,
F02885,C_detection_pattern,42,-1.093097934317242,-0.18455834180815195,0.5777347375604913,0.899480314754884,P29,0,0.0,0.0,1.0,1.0,1.0
F02886,not_tiered,41,0.23647523466683396,0.23647523466683396,5.551115123125783e-17,,P2,0,0.0,0.0,1.0,0.0,
F02887,not_tiered,42,0.5157126102087372,0.655382583232218,0.0941828354015819,0.5923948307934532,P18,0,1.0,0.0,1.0,0.7619047619047619,
F02888,not_tiered,42,-1.3505263974509454,0.9134230273215564,1.131974712386251,1.523439079064154,P1,1,0.0,0.0,0.047619047619047616,0.047619047619047616,
F02889,not_tiered,41,-2.372483287571608,-2.372483287571608,0.0,,P2,0,0.0,0.0,0.0,0.0,
F02890,not_tiered,0,,,,,,0,0.0,0.0,1.0,1.0,
F02891,C_detection_pattern,41,2.192304776611989,2.192304776611989,0.0,,P1,0,0.0,0.0,1.0,1.0,1.0
F02892,C_detection_pattern,42,0.1017632269398274,0.4477884172777647,0.2199176224247014,0.6293655542521365,P34,0,0.0,0.0,1.0,1.0,1.0
F02893,not_tiered,42,-0.9174682110022989,-0.32355480434147915,0.4062332602437669,1.0243899065437898,P18,0,0.0,0.0,0.14285714285714285,0.14285714285714285,
F02894,not_tiered,42,-0.18169265884773048,-0.06742989957245973,0.06800009596326656,0.5352727503139271,P23,0,0.0,0.0,0.0,0.0,
F02895,not_tiered,42,0.1272579877240874,0.25547950962771265,0.06762882423236766,0.4070245967560848,P35,0,0.0,0.0,0.0,0.0,
F02896,not_tiered,42,-1.1718761122896535,-0.9730270399895689,0.10804524008773897,0.4543662524711631,P19,0,1.0,0.9523809523809523,0.0,0.0,
F02897,not_tiered,42,-1.668241215300455,-0.7200288374860682,0.5024299150726121,0.7999626346569222,P23,0,0.0,0.0,0.0,0.0,
F02898,not_tiered,42,-0.8716488905034377,-0.6840971305851421,0.12105094371093206,0.48593499889388847,P19,0,1.0,0.0,0.0,0.0,
F02899,C_detection_pattern,42,0.7780454145202319,1.2163429889802477,0.2863855723573031,0.7351565765763014,P16,0,0.0,0.0,1.0,1.0,1.0
F02900,not_tiered,42,-0.9969624094638331,-0.24096818730289976,0.4561198310278563,0.9546476062640784,P35,0,0.0,0.0,0.0,0.0,
F02901,C_detection_pattern,42,-0.9802245877970055,-0.23260209834500928,0.3980254440777033,0.8378533839826097,P6,0,0.0,0.0,1.0,1.0,1.0
F02902,B_abundance,42,-1.5639859966068006,-1.4434673684578643,0.06534760561726283,0.3979323697549535,P21,0,1.0,1.0,0.0,0.0,1.0
F02903,not_tiered,42,-0.5662453092180103,-0.06661912599472591,0.3113463022800878,0.6004460482974061,P42,0,0.0,0.0,1.0,0.0,
F02904,not_tiered,42,-0.6179512656143356,-0.5204061863114123,0.05083109970488853,0.39518105295367234,P21,0,1.0,0.0,0.0,0.0,
F02905,not_tiered,42,-0.39735471669665645,-0.28490741038320583,0.062427933877501285,0.4858709591027193,P21,0,1.0,0.0,0.0,0.0,
F02906,not_tiered,42,-0.08946436832165802,0.06548443800427622,0.08207689061241683,0.4620077260295319,P21,12,0.0,0.0,0.0,0.0,
F02907,not_tiered,42,-0.3891897422370732,-0.2892886858924928,0.0541721598575467,0.4736857859722711,P21,0,1.0,0.0,0.0,0.0,
F02908,not_tiered,42,0.5716235498737489,0.7521995197446059,0.09599203279491575,0.5298362822906242,P21,0,1.0,0.0,0.0,0.0,
F02909,not_tiered,0,,,,,,0,0.0,0.0,0.0,0.0,
F02910,not_tiered,0,,,,,,0,0.0,0.0,0.0,0.0,
F02911,not_tiered,42,-0.13760122524758261,0.3050687374122856,0.3457836804574848,0.8641463532389684,P19,1,0.0,0.0,0.0,0.0,
F02912,not_tiered,0,,,,,,0,0.0,0.0,0.0,0.0,
F02913,not_tiered,0,,,,,,0,0.0,0.0,0.0,0.0,
F02914,not_tiered,0,,,,,,0,0.0,0.0,0.0,0.0,
F02915,not_tiered,0,,,,,,0,0.0,0.0,0.0,0.0,
F02916,not_tiered,42,-0.624520677638793,-0.5245533097657565,0.05448056386819755,0.4693116623362616,P25,0,1.0,0.0,0.0,0.0,
F02917,not_tiered,0,,,,,,0,0.0,0.0,0.0,0.0,
F02918,not_tiered,41,-2.676293590636968,-2.676293590636968,0.0,,P1,0,0.0,0.0,0.0,0.0,
F02919,not_tiered,42,-0.5558285224691699,-0.43628762141850447,0.06933010011082669,0.5085694589365147,P21,0,1.0,0.0,0.0,0.0,
F02920,not_tiered,42,-0.6880226080743229,-0.5883840809970212,0.059452570467571686,0.4686118436975248,P19,0,1.0,0.0,0.0,0.0,
F02921,C_detection_pattern,41,0.15097756785506888,0.15097756785506888,8.326672684688674e-17,,P1,0,0.0,0.0,0.9523809523809523,0.7619047619047619,0.7619047619047619
F02922,not_tiered,42,-1.0131713950009336,-0.8440827080861822,0.09056989553829531,0.42278227848463046,P31,0,1.0,0.023809523809523808,0.0,0.0,
F02923,not_tiered,42,-0.014584739047073568,0.059458086719837766,0.04133887678319477,0.39527616768656654,P2,3,0.0,0.0,0.0,0.0,
F02924,not_tiered,42,0.3083308911058459,0.3517941091715406,0.024405508583662805,0.32206756989851554,P10,0,1.0,0.0,0.0,0.0,
F02925,C_detection_pattern,42,0.4525424650513181,1.0970687311834064,0.3711113484015891,0.9010777060894647,P40,0,0.0,0.0,1.0,1.0,1.0
F02926,not_tiered,41,1.0567957966189496,1.0567957966189496,0.0,,P1,0,0.0,0.0,0.0,0.0,
F02927,B_abundance,42,-2.0335845752466017,-1.8728001838514554,0.10150427883659496,0.45274130070515706,P19,0,1.0,1.0,0.0,0.0,1.0
F02928,B_abundance,42,-1.2421069410507084,-1.0910703329937474,0.10079484346454892,0.5222247962554412,P19,0,1.0,1.0,0.0,0.0,1.0
F02929,B_abundance,42,-1.3294978350745648,-1.1794851240515776,0.09946458062620267,0.4978261296343929,P19,0,1.0,1.0,0.0,0.0,1.0
F02930,B_abundance,42,-1.5241555654653667,-1.3745880259030636,0.08896837320631579,0.39595133125709225,P19,0,1.0,1.0,0.0,0.0,1.0
F02931,not_tiered,42,-0.2612028927370236,0.2882528263046109,0.3042244100353897,0.8182071010657161,P31,3,0.0,0.0,0.0,0.0,
F02932,not_tiered,0,,,,,,0,0.0,0.0,0.0,0.0,
F02933,C_detection_pattern,0,,,,,,0,0.0,0.0,1.0,1.0,1.0
F02934,not_tiered,41,1.6752942341200718,1.6752942341200718,0.0,,P1,0,0.0,0.0,0.0,0.0,
F02935,not_tiered,42,0.18195247335928125,0.25148658394816686,0.045921524506706946,0.45713647642650107,P19,0,0.5952380952380952,0.0,0.0,0.0,
F02936,not_tiered,41,0.7652435282862005,0.7652435282862005,0.0,,P2,0,0.0,0.0,0.023809523809523808,0.023809523809523808,
F02937,C_detection_pattern,0,,,,,,0,0.0,0.0,1.0,1.0,1.0
F02938,C_detection_pattern,42,0.9226100406529575,1.1837843769688827,0.13883833424871317,0.48480218060276503,P29,0,0.0,0.0,1.0,1.0,1.0
F02939,not_tiered,42,-0.3373150078319436,-0.14700670868401328,0.09535699969561262,0.4070850777763034,P39,0,0.0,0.0,0.11904761904761904,0.11904761904761904,
F02940,not_tiered,42,-1.1006957283551684,-0.8454019406709031,0.13836102712794351,0.45001899894896774,P31,0,1.0,0.0,0.0,0.0,
F02941,not_tiered,42,-0.9885059950379161,-0.741613823029778,0.13355886417857143,0.46239009950188614,P31,0,1.0,0.0,0.0,0.0,
F02942,not_tiered,42,-0.7430327258850884,-0.49998311188628536,0.13423691871015025,0.4797855988422372,P31,0,0.5476190476190477,0.0,0.0,0.0,
F02943,not_tiered,42,0.108419316172744,0.3346461649111603,0.13220762215934218,0.5132252062502077,P31,0,0.0,0.0,0.0,0.0,
F02944,not_tiered,42,-0.7121772295067236,-0.36698925212194466,0.19542056284017406,0.48331738256689494,P22,0,0.0,0.0,0.0,0.0,
F02945,not_tiered,42,-1.0036805269170563,-0.3726927289799097,0.37733570004180195,0.6708419409610852,P2,0,0.0,0.0,0.0,0.0,
F02946,not_tiered,42,-1.7236690565471917,-0.9475193440237041,0.4543054947920153,0.7978493347776455,P24,0,0.0,0.0,0.0,0.0,
F02947,not_tiered,42,-1.017325297756397,-0.23950730516808388,0.48702509271320255,0.8464461723559936,P23,0,0.0,0.0,0.0,0.0,
F02948,not_tiered,42,-0.13513833556826427,0.09689416553745415,0.12361195391440996,0.4843091469849612,P19,7,0.0,0.0,0.6428571428571429,0.0,
F02949,not_tiered,42,-0.8294158258855096,-0.29501056970860756,0.29546595701393236,0.6354595641843105,P11,0,0.0,0.0,0.0,0.0,
F02950,not_tiered,42,-0.27231215955963506,-0.09523775589929738,0.10494896331327523,0.5385972762733205,P3,0,0.0,0.0,0.0,0.0,
F02951,not_tiered,42,0.038339070164725327,0.10345758285462636,0.038657320986122956,0.38608261705909985,P21,0,0.0,0.0,0.0,0.0,
F02952,C_detection_pattern,42,0.03631482510221605,0.2568705649566406,0.14814614387842695,0.7139176882875782,P13,0,0.0,0.0,1.0,1.0,1.0
F02953,C_detection_pattern,42,-0.5299790543727261,-0.21195422850412243,0.22015495045702654,0.666180711998522,P21,0,0.0,0.0,1.0,1.0,1.0
F02954,not_tiered,42,0.06724525084834004,0.22546419722065375,0.08183744766999695,0.39864139975430546,P25,0,0.0,0.0,0.0,0.0,
F02955,not_tiered,42,0.25183582818425,0.47672190659710234,0.14591178473890293,0.7420337800315336,P5,0,0.047619047619047616,0.0,1.0,1.0,
F02956,not_tiered,42,0.6331602174583174,1.1114232281364231,0.3522571736593778,0.706345043618785,P13,0,0.0,0.0,1.0,1.0,
F02957,not_tiered,42,-0.4885062501437389,-0.3096880827645414,0.10491246763660461,0.4198048534733383,P34,0,0.0,0.0,0.0,0.0,
F02958,not_tiered,42,-1.3347913847089705,-0.3788338832833693,0.5168657534849924,1.0059161942583223,P1,0,0.0,0.0,0.09523809523809523,0.09523809523809523,
F02959,not_tiered,42,1.5875163390143188,4.885978055787045,1.7102503315649171,1.4365131561483078,P1,0,0.0,0.0,0.0,0.0,
F02960,not_tiered,42,-0.596298538584599,-0.49632994456119545,0.055262487631351664,0.4985957858749407,P14,0,1.0,0.0,0.0,0.0,
F02961,B_abundance,42,-1.2182793715333124,-1.086670065812579,0.07187917476116734,0.3501786254242733,P23,0,1.0,1.0,0.0,0.0,1.0
F02962,not_tiered,42,0.25728653496442666,0.33193129684551687,0.04735751466770638,0.514107244670623,P21,0,1.0,0.0,0.0,0.0,
F02963,not_tiered,42,0.29679653591821575,0.42270876503553334,0.07183288470474403,0.5033940524088442,P21,0,0.9761904761904762,0.0,0.0,0.0,
F02964,not_tiered,42,-1.3004212197515939,-1.1308391544889163,0.09654979354762783,0.4720878253344467,P23,0,0.0,0.0,0.0,0.0,
F02965,B_abundance,42,-1.347249056662265,-1.2072381947513606,0.09606038425245034,0.5806883435791382,P2,0,1.0,1.0,0.0,0.0,1.0
F02966,not_tiered,42,-0.6544653927859195,-0.5148251540510025,0.09839217282437551,0.6053539330359515,P39,0,0.0,0.0,1.0,1.0,
F02967,not_tiered,42,-0.7166129706871919,-0.5786044388543844,0.08737774653786767,0.44110589662036737,P42,0,1.0,0.0,0.0,0.0,
F02968,not_tiered,42,0.4410536095456817,0.5407622386808837,0.0579059848462713,0.5057401583517459,P39,0,1.0,0.0,0.0,0.0,
F02969,not_tiered,42,-0.39910646360977475,-0.26971860985665613,0.09406717001253556,0.530291696645278,P21,0,0.023809523809523808,0.0,0.0,0.0,
F02970,not_tiered,42,0.8302789605903986,0.9333209029653773,0.05818178113768391,0.39242716808105127,P33,0,1.0,0.0,1.0,0.0,
F02971,C_detection_pattern,42,-0.6592107057026748,-0.15161413945646363,0.2545789027911738,0.5900052989910438,P9,0,0.0,0.0,1.0,1.0,1.0
F02972,C_detection_pattern,42,-0.33612644052929797,-0.19777501502986652,0.07180084264795139,0.40879670625917924,P41,0,0.0,0.0,1.0,1.0,1.0
F02973,C_detection_pattern,42,-0.7981468597440984,0.15970781630490802,0.48743953133156737,0.6732153376064144,P30,1,0.0,0.0,1.0,1.0,1.0
F02974,not_tiered,42,-2.7163686592022582,-1.3134818851139993,0.7014433870441295,1.1278128461947028,P8,0,0.0,0.0,0.0,0.0,
F02975,not_tiered,42,-0.6478725589836108,-0.5672164765141543,0.055894008331744516,0.45861362957623697,P23,0,1.0,0.0,0.0,0.0,
F02976,B_abundance,42,-1.273814026533952,-1.1623970867347662,0.06702802653520723,0.5399173826718601,P23,0,1.0,1.0,0.0,0.0,1.0
F02977,C_detection_pattern,42,-0.2042254812647132,0.502363749829824,0.5257598711550389,1.1147988669899391,P9,1,0.0,0.0,1.0,1.0,1.0
F02978,not_tiered,42,0.04729949122099786,0.3352158133821048,0.20365261199337314,0.8596124814211915,P31,0,0.0,0.0,0.0,0.0,
F02979,not_tiered,42,-0.2531136442440629,-0.10730244230818693,0.10369666441849106,0.7569470195813947,P18,0,0.0,0.0,0.8333333333333334,0.0,
F02980,not_tiered,41,1.4777307066165069,1.4777307066165069,0.0,,P1,0,0.0,0.0,0.5714285714285714,0.0,
F02981,not_tiered,41,-0.07572784522822928,-0.07572784522822928,8.326672684688674e-17,,P2,0,0.0,0.0,0.0,0.0,
F02982,not_tiered,42,-1.807375670747328,-1.2218821325681324,0.332501190262551,0.6744035535003665,P29,0,0.0,0.0,0.0,0.0,
F02983,C_detection_pattern,42,0.0588273858994707,0.8467550525139834,0.5529890745848866,0.9592018962376094,P34,0,0.0,0.0,1.0,1.0,1.0
F02984,not_tiered,0,,,,,,0,0.0,0.0,0.0,0.0,
F02985,C_detection_pattern,42,-0.25049787689959885,0.14560262239669505,0.22379697076128147,0.5735668428111315,P12,4,0.0,0.0,1.0,1.0,1.0
F02986,not_tiered,0,,,,,,0,0.0,0.0,0.0,0.0,
F02987,C_detection_pattern,42,-0.7898876666981449,0.1181299920811334,0.5514327985489194,1.0716936168278064,P1,1,0.0,0.0,1.0,1.0,1.0
F02988,not_tiered,42,-0.18274991250851264,-0.05582829048181208,0.08299489316471052,0.5454973948245122,P39,0,0.0,0.0,0.047619047619047616,0.047619047619047616,
F02989,C_detection_pattern,42,-0.5342659197172765,0.07002906572583756,0.32947790703611957,0.8156531889935393,P1,1,0.0,0.0,1.0,1.0,1.0
F02990,C_detection_pattern,42,-1.4496968140747843,-0.6577935184900496,0.4920231687973522,0.9491521586316878,P39,0,0.0,0.0,1.0,1.0,1.0
F02991,not_tiered,42,0.8084453831346975,0.9307578849310572,0.06654651348971174,0.4392632911810858,P18,0,1.0,0.0,0.0,0.0,
F02992,not_tiered,42,0.3478422647632264,0.46418000222140554,0.06095582613163325,0.39364332468297236,P42,0,1.0,0.0,0.0,0.0,
F02993,not_tiered,42,-3.4824292394908927,-0.13566464258730804,1.6733822984517923,1.7939041430273521,P1,0,0.0,0.0,0.0,0.0,
F02994,C_detection_pattern,42,0.14281003532655312,0.3228175376747194,0.11268813801156519,0.5510532035264559,P13,0,0.0,0.0,1.0,1.0,1.0
F02995,not_tiered,0,,,,,,0,0.0,0.0,0.0,0.0,
F02996,not_tiered,42,-0.010064499415963058,0.0807344910607946,0.04653657238404576,0.3477602457308088,P35,3,0.0,0.0,1.0,0.7619047619047619,
F02997,not_tiered,42,-0.24068324396376775,-0.16471809977429158,0.04689845805241652,0.4929016708774299,P19,0,0.40476190476190477,0.0,0.0,0.0,
F02998,not_tiered,42,-1.9027849123956648,1.2255809285869805,2.4501658466373417,1.2995789862929041,P30,1,0.0,0.0,0.0,0.0,
F02999,B_abundance,42,-1.7062390261374394,-1.517231554152228,0.11065403811812646,0.4422936592233004,P19,0,1.0,1.0,0.0,0.0,1.0
F03000,B_abundance,42,-1.739683235613325,-1.58925370181914,0.08916392430108844,0.5533229379082942,P19,0,1.0,1.0,0.0,0.0,1.0
F03001,not_tiered,42,1.013565597448065,1.7264554300726516,0.40883909322809275,0.526626434129368,P33,0,0.0,0.0,0.0,0.0,
F03002,not_tiered,42,-1.686299718099269,-0.906000615785775,0.390149551156747,0.6944096151877979,P37,0,0.0,0.0,0.0,0.0,
F03003,C_detection_pattern,42,-0.6528694476671328,-0.4608665546532886,0.11550323381812239,0.5541458952037074,P32,0,0.0,0.0,1.0,1.0,1.0
F03004,not_tiered,42,-0.15170210508759396,-0.046501749450684,0.05437943663697746,0.3619264775158547,P21,0,0.0,0.0,0.0,0.0,
F03005,not_tiered,42,-1.5565624048701707,-1.1797421993524977,0.19725458773370552,0.5363018809266699,P3,0,0.0,0.0,0.0,0.0,
F03006,C_detection_pattern,42,0.39765518367849934,0.6969817923218448,0.19147094719392782,0.7816904277120249,P38,0,0.0,0.0,1.0,1.0,1.0
F03007,not_tiered,42,-0.7658219381715835,-0.6484968035381092,0.0735384210708161,0.4605223844874691,P2,0,1.0,0.0,0.0,0.0,
F03008,not_tiered,42,-1.18893699106261,-1.0105090188314663,0.10430607679758053,0.5020373936969961,P16,0,1.0,1.0,0.0,0.0,
F03009,B_abundance,42,-1.124266660200989,-1.0140092027459522,0.0641538229815235,0.46764439006496683,P42,0,1.0,1.0,0.0,0.0,1.0
F03010,not_tiered,42,-0.5740589273447865,-0.2946047752117544,0.1990022318322922,0.6550105837676217,P34,0,0.0,0.0,1.0,1.0,
F03011,not_tiered,42,-0.02031541189159752,0.15699545757238467,0.10142336647026612,0.49816204612903364,P40,1,0.0,0.0,1.0,1.0,
F03012,not_tiered,42,-1.7331682065476048,-0.21633758601694986,0.7584153102653276,1.1928579341655223,P1,0,0.0,0.0,1.0,0.0,
F03013,not_tiered,42,-0.6557924368328619,-0.5770381486438725,0.04006833367128537,0.3747510907395185,P18,0,1.0,0.0,0.0,0.0,
F03014,not_tiered,42,0.2389719739022619,0.42426384541858775,0.12287591403641207,0.5592376496963611,P31,0,0.023809523809523808,0.0,0.0,0.0,
F03015,C_detection_pattern,42,0.5705618780178832,0.8808025505472209,0.1641803254690022,0.5069475646124916,P21,0,0.0,0.0,1.0,1.0,1.0
F03016,not_tiered,42,0.8609152522404052,0.9700941806430249,0.05585720108880443,0.3361094894516632,P24,0,1.0,0.0,0.0,0.0,
F03017,B_abundance,42,1.1936498883471118,1.3107606454583327,0.07101047726457033,0.38631352857366147,P1,0,1.0,1.0,0.0,0.0,1.0
F03018,B_abundance,42,1.300808369636222,1.4665150699179212,0.10014709374097763,0.44611984930368986,P1,0,1.0,1.0,0.0,0.0,1.0
F03019,not_tiered,41,-0.5593708972777076,-0.5593708972777076,0.0,,P1,0,0.0,0.0,0.0,0.0,
F03020,C_detection_pattern,42,-2.826092124022578,-1.0167423873404076,0.9556121526045556,0.902090743259443,P9,0,0.0,0.0,1.0,1.0,1.0
F03021,not_tiered,0,,,,,,0,0.0,0.0,0.0,0.0,
F03022,not_tiered,42,0.5704101589495294,0.726456060908295,0.09155710047661136,0.4126936652592582,P23,0,1.0,0.0,1.0,0.0,
F03023,C_detection_pattern,42,-0.8843804125815724,-0.3525308588271463,0.3202551818663799,0.740760997427241,P4,0,0.0,0.0,1.0,1.0,1.0
F03024,not_tiered,42,-0.05630467840530642,0.5237329416220085,0.3468617330550759,0.9273173031147226,P10,1,0.0,0.0,0.047619047619047616,0.047619047619047616,
F03025,C_detection_pattern,42,0.08789279346849002,0.440480274709712,0.18177215943267172,0.5365491684922665,P22,0,0.0,0.0,1.0,1.0,1.0
F03026,not_tiered,42,0.8692252147377593,1.027992123348104,0.07941844174332102,0.3330084637067523,P22,0,1.0,0.11904761904761904,0.0,0.0,
F03027,not_tiered,42,0.6160444024270286,0.8536045583112647,0.13097651116680975,0.42073335986187343,P37,0,0.0,0.0,0.023809523809523808,0.0,
F03028,not_tiered,42,0.21402112876723525,0.7294313234681482,0.3118337269673956,0.7952756747029107,P40,0,0.0,0.0,1.0,1.0,
F03029,C_detection_pattern,42,0.7768509890180219,1.1366609106629866,0.20595364492809654,0.46276044923248444,P7,0,0.0,0.0,1.0,1.0,1.0
F03030,not_tiered,42,-0.20219342268632925,0.06057963961607125,0.13225951454813945,0.4375906316840106,P39,4,0.0,0.0,0.0,0.0,
F03031,not_tiered,42,0.6430415611249203,1.0545991941716815,0.3018655309533905,0.8405393756894818,P24,0,0.0,0.0,1.0,1.0,
F03032,C_detection_pattern,42,0.16143183687082918,0.7189821514305913,0.35182863382713525,0.7796638436648755,P36,0,0.0,0.0,1.0,1.0,1.0
F03033,C_detection_pattern,42,1.2572919037232428,1.7224233678003473,0.23449789673925037,0.5264733242169708,P39,0,0.0,0.0,1.0,1.0,1.0
F03034,not_tiered,41,-0.7516508189351505,-0.7516508189351505,0.0,,P2,0,0.0,0.0,0.0,0.0,
F03035,not_tiered,42,0.5908937323548287,0.694156043009679,0.06888942051663949,0.5000172728250337,P23,0,1.0,0.0,0.0,0.0,
F03036,not_tiered,41,1.0990554817500708,1.0990554817500708,0.0,,P2,0,0.0,0.0,0.0,0.0,
F03037,not_tiered,42,-0.22406932255646847,-0.11227486927951077,0.06731271337838374,0.43850998451792983,P23,0,0.0,0.0,0.0,0.0,
F03038,C_detection_pattern,42,0.1006874345395623,0.4173334193063206,0.1952650254080725,0.7767991488758457,P14,0,0.0,0.0,1.0,1.0,1.0
F03039,not_tiered,42,0.02647155392741845,0.24487120595024672,0.1301720045080869,0.6598906008196547,P13,0,0.0,0.0,1.0,1.0,
F03040,C_detection_pattern,42,-2.241043236115935,1.5220045846384682,1.8815239103772017,1.8583623607125743,P8,1,0.0,0.0,1.0,1.0,1.0
F03041,C_detection_pattern,42,-0.13202770790877563,0.1335554273706651,0.1715707359843127,0.6804281746993128,P32,4,0.0,0.0,1.0,1.0,1.0
F03042,B_abundance,42,0.9950696913700829,1.144927744289552,0.08567316215221754,0.4878842754051399,P22,0,1.0,0.9761904761904762,0.0,0.0,0.9761904761904762
F03043,C_detection_pattern,42,-0.6683144828207706,1.3363046409230588,1.0023095618719147,1.4258333284247422,P1,1,0.0,0.0,1.0,1.0,1.0
F03044,not_tiered,42,-0.16219787222016313,-0.07516736796047302,0.05072106446500277,0.4791143523289955,P22,0,0.0,0.0,0.0,0.0,
F03045,not_tiered,42,-0.005168212424488061,0.14282941706828467,0.08066935482041568,0.5397431502373162,P21,1,0.0,0.0,0.0,0.0,
F03046,B_abundance,42,1.3146813338321408,1.479691999680407,0.10001159114078328,0.5106170219303084,P27,0,1.0,1.0,1.0,0.7619047619047619,1.0
F03047,not_tiered,42,-0.6574156330995928,-0.5248568090982402,0.08607919143003118,0.6505763176346095,P23,0,1.0,0.0,0.0,0.0,
F03048,not_tiered,42,-0.30825819902089147,-0.12820682902679886,0.09898009238843863,0.4361118607997433,P15,0,0.0,0.0,0.023809523809523808,0.0,
F03049,not_tiered,42,-2.823852401130524,-1.7742903491076791,0.5278255968808059,0.7540295553247248,P39,0,0.0,0.0,0.0,0.0,
F03050,not_tiered,42,-0.06391851649597872,0.0997565513509741,0.0974454182201623,0.6049806503963586,P35,18,0.0,0.0,0.0,0.0,
F03051,not_tiered,42,-0.8246206052578273,-0.021838603226115083,0.4736615691466353,0.6848041828206582,P2,0,0.0,0.0,0.0,0.0,
F03052,not_tiered,42,-2.0556893668931164,-1.744145920417788,0.16649369535215208,0.45896143895872393,P8,0,0.0,0.0,0.0,0.0,
F03053,not_tiered,42,-0.2651192644025644,0.44062561206794915,0.3968662005313725,0.6389957652655456,P20,4,0.0,0.0,0.0,0.0,
F03054,not_tiered,42,-0.4972379264986226,0.382421594086279,0.4547912651196092,0.658265923987761,P24,6,0.0,0.0,0.8809523809523809,0.8809523809523809,
F03055,not_tiered,0,,,,,,0,0.0,0.0,0.0,0.0,
F03056,C_detection_pattern,42,-0.08692688814976675,0.22447905066698862,0.204141419215842,0.6548752759180905,P31,10,0.0,0.0,1.0,1.0,1.0
F03057,not_tiered,42,0.6320403600898291,0.7274958217585664,0.049476624505280786,0.3875352811873294,P11,0,1.0,0.0,0.0,0.0,
F03058,not_tiered,42,-1.8303735020747132,-1.4424225341219228,0.22937132528648885,0.5835740389093681,P39,0,0.0,0.0,0.0,0.0,
F03059,not_tiered,42,0.04966080455856505,0.10647923989274202,0.035341143598806024,0.4209955768037494,P23,0,0.0,0.0,0.0,0.0,
F03060,not_tiered,42,0.3336559399931398,0.42664678038592113,0.054070613101428355,0.43122291083777387,P23,0,1.0,0.0,0.0,0.0,
F03061,not_tiered,42,0.19564737682752958,0.2470509378195046,0.02899239108483259,0.3735457522539781,P23,0,1.0,0.0,0.0,0.0,
F03062,not_tiered,42,-0.08746723730064315,-0.03535438246364672,0.03362983885949328,0.4437708454385651,P22,0,0.0,0.0,0.0,0.0,
F03063,not_tiered,42,0.09707911384778407,0.1650332566974755,0.035255141318127334,0.39409114184979555,P42,0,0.0,0.0,0.0,0.0,
F03064,not_tiered,42,0.1725058993906571,0.22538614212345637,0.03080976063758928,0.33419546029309705,P22,0,0.16666666666666666,0.0,0.0,0.0,
F03065,not_tiered,0,,,,,,0,0.0,0.0,0.0,0.0,
F03066,not_tiered,42,0.2502792355342472,0.30534245604572763,0.030366460373027537,0.34667211228493694,P22,0,1.0,0.0,0.0,0.0,
F03067,not_tiered,42,0.37486116798004415,0.4282805195215209,0.03292391908327802,0.41884973886365817,P23,0,1.0,0.0,0.0,0.0,
F03068,not_tiered,42,0.47555407636998076,0.5470769698474898,0.042465877119945705,0.46694052816540293,P42,0,1.0,0.0,0.0,0.0,
F03069,not_tiered,42,0.4343384129664461,0.5458744520998845,0.0612626071940639,0.46530001929577847,P31,0,1.0,0.0,0.0,0.0,
F03070,not_tiered,42,-0.050202194787375226,0.07041364615207095,0.06642603038356923,0.39823746426755635,P18,9,0.0,0.0,0.0,0.0,
F03071,not_tiered,42,-0.02025266783832453,0.03982697104779159,0.03361680688043969,0.3634667037681899,P23,16,0.0,0.0,0.0,0.0,
F03072,not_tiered,42,0.23633983599733308,0.2829636674672341,0.024011987106290517,0.3668256276494802,P42,0,1.0,0.0,0.0,0.0,
F03073,not_tiered,42,0.3515916080527409,0.41575333565326045,0.03555579009544735,0.43099744742376717,P22,0,1.0,0.0,0.0,0.0,
F03074,not_tiered,42,0.0839893882056644,0.26234021410001224,0.10132406469616304,0.5846384187863277,P40,0,0.0,0.0,1.0,1.0,
F03075,not_tiered,42,0.26373988655538194,0.31244420929893824,0.02518217539445594,0.3382646997293727,P22,0,1.0,0.0,0.0,0.0,
F03076,not_tiered,42,0.09421282012372544,0.15720037379257543,0.037152718017698025,0.5126427227152628,P22,0,0.023809523809523808,0.0,0.0,0.0,
F03077,not_tiered,42,0.2991594265873392,0.3486528043875242,0.030313569217180814,0.44916780833231307,P22,0,1.0,0.0,0.0,0.0,
F03078,not_tiered,42,0.22473159544210194,0.2848098826211487,0.03533102054480461,0.41895333525179707,P22,0,1.0,0.0,0.0,0.0,
F03079,not_tiered,42,0.32730069324605227,0.39737963672525695,0.035308177193125456,0.40294135932966807,P22,0,1.0,0.0,0.0,0.0,
F03080,C_detection_pattern,42,-1.631391064274022,-0.6853014956620458,0.6711486734899326,0.816438253046835,P31,0,0.0,0.0,1.0,1.0,1.0
F03081,not_tiered,0,,,,,,0,0.0,0.0,0.0,0.0,
F03082,C_detection_pattern,42,0.4819121494628261,0.9746899500098476,0.3255271309756812,0.7973863381016454,P16,0,0.0,0.0,1.0,1.0,1.0
F03083,not_tiered,42,-0.5033627792830403,-0.3157066818369243,0.09673837222061432,0.40850951256751844,P2,0,0.0,0.0,0.0,0.0,
F03084,not_tiered,41,-4.297438862618067,-4.297438862618067,0.0,,P1,0,0.0,0.0,0.0,0.0,
F03085,not_tiered,42,-0.7152868197914203,-0.6348341435566391,0.04710014516718297,0.44087580727759096,P23,0,1.0,0.0,0.0,0.0,
F03086,not_tiered,42,-2.0677704590441555,-1.7419169530088785,0.20551585138691153,0.5381415888446225,P1,0,0.0,0.0,0.0,0.0,
F03087,B_abundance,42,-1.5735256618033466,-1.4499835061750588,0.0677652233064805,0.33060791573520804,P23,0,1.0,1.0,0.0,0.0,1.0
F03088,not_tiered,42,-0.5555490335957507,-0.49465250185207793,0.03156960612512255,0.3424424541411456,P22,0,1.0,0.0,0.0,0.0,
F03089,not_tiered,42,2.9776572247631194,7.677977402288141,2.720640656765471,1.5985287328571853,P1,0,0.0,0.0,0.0,0.0,
F03090,C_detection_pattern,42,-0.8774291738698589,-0.298383562788682,0.32553326339425054,0.7353582206530439,P39,0,0.0,0.0,1.0,1.0,1.0
F03091,not_tiered,41,-0.7230478240046327,-0.7230478240046327,0.0,,P2,0,0.0,0.0,0.0,0.0,
F03092,C_detection_pattern,42,-0.3236722471294161,0.1731945099053224,0.2967336892608554,0.7705414430121443,P35,2,0.0,0.0,1.0,1.0,1.0
F03093,not_tiered,42,-3.1156447542842542,-1.1655729953692837,1.148918372005708,1.2125741039554399,P17,0,0.0,0.0,0.0,0.0,
F03094,not_tiered,41,-2.3370153351057503,-2.3370153351057503,0.0,,P1,0,0.0,0.0,0.0,0.0,
F03095,B_abundance,42,-1.4146027044713547,-1.2408125581935587,0.10235832961256497,0.42923667472278965,P23,0,1.0,1.0,0.0,0.0,1.0
F03096,not_tiered,42,0.408194141552758,0.5080029740757875,0.059615468986023934,0.4489735329733344,P2,0,1.0,0.0,0.0,0.0,
F03097,not_tiered,42,-0.49427686878486554,0.05756050295099454,0.2979152141943222,0.7386478255672048,P29,1,0.0,0.0,0.0,0.0,
F03098,C_detection_pattern,42,-1.4572613655086168,-0.599162490947465,0.49745825118679365,1.0334980743701552,P17,0,0.0,0.0,1.0,1.0,1.0
F03099,B_abundance,42,-1.4227341266719418,-1.305393680838405,0.06501353922271491,0.35630059853824364,P31,0,1.0,1.0,0.0,0.0,1.0
F03100,not_tiered,0,,,,,,0,0.0,0.0,0.0,0.0,
F03101,not_tiered,42,-0.7128313403349043,-0.5326808163477487,0.10753974216798046,0.5667167004545103,P12,0,0.0,0.0,0.11904761904761904,0.11904761904761904,
F03102,not_tiered,42,-4.715063007270357,-2.188329252835804,1.2716602164030073,0.851935461646091,P40,0,0.0,0.0,0.14285714285714285,0.14285714285714285,
F03103,not_tiered,42,-1.093112331532317,-0.9452305292985912,0.08399106174660864,0.391094453114381,P25,0,1.0,0.5714285714285714,0.0,0.0,
F03104,not_tiered,42,-0.9620117380880324,-0.7188605048822089,0.13495139444478033,0.5766962862587969,P19,0,1.0,0.0,0.0,0.0,
F03105,not_tiered,0,,,,,,0,0.0,0.0,0.0,0.0,
F03106,not_tiered,42,-0.017873127696345435,0.12532535950034762,0.08074112751918892,0.6157375192739795,P23,1,0.0,0.0,0.8333333333333334,0.0,
F03107,C_detection_pattern,42,-0.6206696539708763,-0.32838995517163905,0.15902374485448495,0.5915193257111525,P4,0,0.0,0.0,1.0,1.0,1.0
F03108,C_detection_pattern,0,,,,,,0,0.0,0.0,1.0,1.0,1.0
F03109,not_tiered,0,,,,,,0,0.0,0.0,0.0,0.0,
F03110,not_tiered,42,-0.32991140133924757,-0.03457391137692785,0.18994958697562667,0.5215820840535591,P14,0,0.0,0.0,0.0,0.0,
F03111,not_tiered,0,,,,,,0,0.0,0.0,0.0,0.0,
F03112,not_tiered,42,-0.5033773496815342,-0.45376017738611146,0.03248470546105192,0.4476160646549973,P18,0,1.0,0.0,0.0,0.0,
F03113,not_tiered,42,0.20983477694381228,0.360085897128172,0.0767630799114398,0.43504827551176667,P25,0,0.0,0.0,0.0,0.0,
F03114,not_tiered,42,-0.23392049476755986,-0.14749118155889743,0.05444786805384716,0.5623805629692893,P19,0,0.047619047619047616,0.0,0.0,0.0,
F03115,not_tiered,42,-0.771248916934967,1.079835612957453,1.1462578939012438,1.4564207769951256,P4,1,0.0,0.0,0.023809523809523808,0.023809523809523808,
F03116,not_tiered,42,-0.05699112133120886,0.005399404386509181,0.032918907203824684,0.3693806029332977,P34,1,0.0,0.0,0.0,0.0,
F03117,not_tiered,41,-0.023842413224363312,-0.023842413224363312,1.3877787807814457e-17,,P2,0,0.0,0.0,0.0,0.0,
F03118,B_abundance,42,-1.9298589374373776,-1.7669861837652665,0.10250376745120549,0.5195487668120794,P2,0,1.0,1.0,0.0,0.0,1.0
F03119,not_tiered,42,-0.6550167658065874,-0.4468077318812705,0.11066233856496532,0.5074772465864431,P9,0,0.2857142857142857,0.0,0.0,0.0,
F03120,B_abundance,42,-1.4660468879898967,-1.3167545018196531,0.08949813774492732,0.3949300649920626,P19,0,1.0,1.0,0.0,0.0,1.0
F03121,not_tiered,41,-0.8267941417575368,-0.8267941417575368,0.0,,P2,0,0.0,0.0,0.0,0.0,
F03122,not_tiered,42,0.25692267900750687,0.3221936160915803,0.03993995609671863,0.4998299359182654,P2,0,1.0,0.0,0.0,0.0,
F03123,not_tiered,42,0.42290633050134,0.5405320377273355,0.05913393241094078,0.386255603913693,P32,0,0.0,0.0,1.0,1.0,
F03124,not_tiered,42,9.366496657211403,11.123955992597425,0.9946324217651767,0.8985010362982976,P42,0,0.0,0.0,0.0,0.0,
F03125,not_tiered,42,0.581650396471162,0.6295371010913088,0.02416753739326405,0.30754020258009523,P25,0,1.0,0.0,0.0,0.0,
F03126,not_tiered,42,-0.9373833432433325,-0.6881973081907756,0.1754039471524973,0.5514523413842845,P41,0,1.0,0.0,0.0,0.0,
F03127,C_detection_pattern,42,0.5803306974806121,0.7726674994924517,0.11246529292159246,0.5657905775118525,P26,0,0.0,0.0,1.0,1.0,1.0
F03128,B_abundance,42,1.1064479840979111,1.2835340314947994,0.09276247882694943,0.3867570447201559,P21,0,1.0,1.0,0.0,0.0,1.0
F03129,not_tiered,42,0.6857000752672138,0.7816834351171642,0.0650517664895418,0.43121828159200587,P39,0,1.0,0.0,0.0,0.0,
F03130,B_abundance,42,-1.6735272949454403,-1.49152860999535,0.09198531906389218,0.3722996540103551,P16,0,1.0,1.0,0.0,0.0,1.0
F03131,C_detection_pattern,42,-2.1510448554147583,-1.8060748743110246,0.17667093248367993,0.573723886176098,P16,0,0.0,0.0,1.0,1.0,1.0
F03132,C_detection_pattern,42,1.0430607861399235,1.3040339775127532,0.14603874093217373,0.42240892669865315,P20,0,0.0,0.0,1.0,1.0,1.0
F03133,C_detection_pattern,42,0.4481071399167893,0.6502072942535477,0.13922393448665915,0.648647753300323,P22,0,0.0,0.0,1.0,1.0,1.0
F03134,not_tiered,0,,,,,,0,0.0,0.0,0.0,0.0,
F03135,B_abundance,42,-1.1893125571585466,-1.052414687078127,0.09880957557947267,0.6207514937930786,P18,0,1.0,1.0,0.0,0.0,1.0
F03136,not_tiered,42,-0.7298519804779404,-0.6072589566579527,0.06683049863404167,0.35563411419189866,P30,0,1.0,0.0,0.0,0.0,
F03137,not_tiered,42,-0.061299745720295264,0.0050620584440337025,0.0354730318937153,0.4217258341575786,P2,1,0.0,0.0,0.0,0.0,
F03138,not_tiered,42,-0.6704417157648674,-0.4939737296106186,0.10789827389955953,0.4522865119876679,P2,0,1.0,0.0,0.0,0.0,
F03139,not_tiered,42,0.437176902228503,0.5162870706248253,0.05658067533884925,0.5336492365106386,P39,0,1.0,0.0,0.0,0.0,
F03140,not_tiered,41,-0.5297392274519233,-0.5297392274519233,0.0,,P1,0,0.0,0.0,0.0,0.0,
F03141,not_tiered,42,-0.04755677907209172,0.016737786339429322,0.04340648367538812,0.4425995711442246,P2,3,0.0,0.0,0.0,0.0,
F03142,not_tiered,42,-0.38780522009009233,-0.30395557525428213,0.05877140755375615,0.4914355892406972,P19,0,1.0,0.0,0.0,0.0,
F03143,not_tiered,42,-0.8286850989380993,-0.6937597807143002,0.07468151694590985,0.39881454540851174,P8,0,1.0,0.0,0.0,0.0,
F03144,not_tiered,42,-3.824025969802956,-3.075165707717338,0.4153525362383621,0.6551011085531462,P32,0,0.0,0.0,0.0,0.0,
F03145,not_tiered,42,-2.3140138822789824,-1.840607129822881,0.24352517095601356,0.7262066170509106,P2,0,0.0,0.0,0.11904761904761904,0.11904761904761904,
F03146,B_abundance,42,-5.054279762512801,-4.756006693154958,0.1760720453961655,0.3713724014783466,P17,0,1.0,1.0,0.0,0.0,1.0
F03147,not_tiered,42,-2.646576792882808,-2.1805599919037726,0.2464478005573163,0.45685820210858785,P37,0,0.0,0.0,0.0,0.0,
F03148,B_abundance,42,-1.2317155421561008,-1.1190449980258736,0.06238390148750117,0.35437453343108866,P42,0,1.0,1.0,0.0,0.0,1.0
F03149,not_tiered,42,0.19089806584067784,0.33495628457569565,0.07334715421610608,0.40494594130888356,P4,0,0.0,0.0,0.0,0.0,
F03150,not_tiered,42,0.07321268398188963,0.14507965272195986,0.04133171813873035,0.43446531715039033,P19,0,0.0,0.0,0.0,0.0,
F03151,not_tiered,42,-0.012799882286803736,0.034871322324192294,0.028675268409319894,0.3781780083022437,P18,14,0.0,0.0,0.0,0.0,
F03152,B_abundance,42,-1.443096917431258,-1.2656002131675776,0.09551824146596433,0.43071892548367957,P19,0,1.0,1.0,0.0,0.0,1.0
F03153,B_abundance,42,1.4690218790727327,1.5418811284954226,0.04264139096129238,0.3974858697742008,P1,0,1.0,1.0,0.0,0.0,1.0
F03154,not_tiered,42,0.3668915253957791,0.5311929746603656,0.09374202100679763,0.5526038827732757,P30,0,1.0,0.0,1.0,0.0,
F03155,C_detection_pattern,42,-0.09282821740473783,0.038264319174324234,0.06864762778813023,0.43167133876868996,P18,5,0.0,0.0,1.0,1.0,1.0
F03156,not_tiered,42,-2.288599373011454,-0.6373838941900445,0.8256077394107049,1.2641591920969728,P3,0,0.0,0.0,0.0,0.0,
F03157,not_tiered,42,0.7622129955550374,0.9424812944818338,0.10671406815138484,0.41642167556407983,P31,0,1.0,0.0,0.0,0.0,
F03158,not_tiered,42,-0.7007711214391376,-0.5306685907653929,0.1331489007089356,0.73709670300414,P31,0,1.0,0.0,0.0,0.0,
F03159,C_detection_pattern,42,-1.5522459007416263,-0.6659915542980333,0.5851379803586136,1.1157441991761168,P35,0,0.0,0.0,1.0,1.0,1.0
F03160,not_tiered,42,0.08196840762702118,0.19406438283971986,0.06408277344091606,0.5368924573387538,P21,0,0.0,0.0,0.0,0.0,
F03161,not_tiered,41,-0.2935615314752784,-0.2935615314752784,0.0,,P2,0,0.0,0.0,0.0,0.0,
F03162,not_tiered,42,-0.3311797141187537,-0.26667808057116377,0.04043859803868205,0.4231630733927089,P31,0,1.0,0.0,0.0,0.0,
F03163,C_detection_pattern,42,1.0217426893606547,1.3513803512641298,0.21423028190077464,0.5687328951614217,P1,0,0.0,0.0,1.0,1.0,1.0
F03164,not_tiered,41,-1.2926084907554198,-1.2926084907554198,0.0,,P2,0,0.0,0.0,0.0,0.0,
F03165,not_tiered,42,-0.9271621172092973,-0.6572213864825482,0.16759396169818774,0.5980031527268653,P2,0,0.0,0.0,0.0,0.0,
F03166,not_tiered,42,-1.4181117780112857,-0.8417768471959981,0.30691397702364265,0.7648372264876121,P23,0,0.0,0.0,0.6428571428571429,0.6428571428571429,
F03167,not_tiered,42,0.5268387351612671,0.6346125939033658,0.06523197022543403,0.45864131066825964,P39,0,1.0,0.0,0.0,0.0,
F03168,C_detection_pattern,42,-0.42434255165077167,-0.15467587017143333,0.15703416196141295,0.5845228913217617,P34,0,0.0,0.0,1.0,1.0,1.0
F03169,not_tiered,42,-0.561494188238392,-0.392881408398431,0.10695000347329559,0.5569247506903471,P19,0,1.0,0.0,0.0,0.0,
F03170,not_tiered,42,0.3038615299817214,0.3645867505605605,0.03505856491762349,0.374215595951952,P23,0,1.0,0.0,0.0,0.0,
F03171,not_tiered,42,-0.374274262045716,-0.2909771597154545,0.05156262790992239,0.4822473980686231,P19,0,1.0,0.0,0.0,0.0,
F03172,not_tiered,42,-0.8367675190626973,-0.7239026830147846,0.06691446720801175,0.40272884439295353,P18,0,1.0,0.0,0.0,0.0,
F03173,not_tiered,0,,,,,,0,0.0,0.0,0.0,0.0,
F03174,B_abundance,42,1.2428148914410548,1.389329053913831,0.08988163882590117,0.459692156092299,P1,0,1.0,1.0,0.0,0.0,1.0
F03175,C_detection_pattern,41,4.12220984035511,4.12220984035511,0.0,,P1,0,0.0,0.0,0.7142857142857143,0.7142857142857143,0.7142857142857143
F03176,C_detection_pattern,42,0.7758024247314845,1.0838707490214672,0.17840828032231515,0.6298516745044485,P21,0,0.0,0.0,1.0,1.0,1.0
F03177,not_tiered,42,-0.1231682447191351,0.05637870211089123,0.10687674007846612,0.4185981339935553,P19,5,0.0,0.0,0.0,0.0,
F03178,C_detection_pattern,41,-2.948943807931647,-2.948943807931647,0.0,,P1,0,0.0,0.0,1.0,1.0,1.0
F03179,not_tiered,42,-2.9879429062357357,-0.9810810801646532,1.0034309130355412,1.4267487819837785,P10,0,0.0,0.0,0.047619047619047616,0.047619047619047616,
F03180,not_tiered,42,-0.11455401903605936,-0.02258362375980454,0.04924602090209507,0.41312171308344076,P2,0,0.0,0.0,0.0,0.0,
F03181,not_tiered,42,-0.8337913890600754,-0.7507101857108058,0.051030845651986456,0.44652672200979804,P39,0,1.0,0.0,0.0,0.0,
F03182,B_abundance,42,-1.5950180581700921,-1.3875057373165025,0.1368891495475626,0.5028220024082101,P19,0,1.0,1.0,0.0,0.0,1.0
F03183,not_tiered,42,-0.7319424331008302,-0.5818287453935956,0.0977022786710624,0.4660727978507718,P18,0,1.0,0.0,0.0,0.0,
F03184,not_tiered,42,-0.7232263194788198,-0.5666131818698283,0.07841472006441652,0.38844448021667344,P3,0,1.0,0.0,0.0,0.0,
F03185,not_tiered,42,-0.6667199847379577,-0.5345840999816832,0.08517106978331612,0.4578666329741293,P19,0,1.0,0.0,0.0,0.0,
F03186,not_tiered,42,-0.31437224389062735,-0.13755006633630273,0.10389519474776776,0.5309105224293217,P18,0,0.0,0.0,1.0,1.0,
F03187,C_detection_pattern,42,-2.163111337402079,-0.07368902582585572,1.1097068390694282,1.131206438015707,P22,0,0.0,0.0,1.0,1.0,1.0
F03188,C_detection_pattern,41,2.0328875726059197,2.0328875726059197,4.440892098500626e-16,,P1,0,0.0,0.0,0.5238095238095238,0.5238095238095238,0.5238095238095238
F03189,not_tiered,42,-1.0063114944523586,-0.6276018162312572,0.2146662636420138,0.5743063092782583,P33,0,0.0,0.0,1.0,1.0,
F03190,not_tiered,42,0.2026677186132074,0.38318580955430226,0.09846562808742548,0.5509534896311797,P36,0,0.0,0.0,0.0,0.0,
F03191,C_detection_pattern,42,-0.20544132480165622,1.0526289504123945,0.7664376001200275,1.1800503006400374,P9,1,0.0,0.0,1.0,1.0,1.0
F03192,B_abundance,42,1.2343511383316275,1.3284118186457512,0.05314940868098095,0.4379681931259549,P1,0,1.0,1.0,0.0,0.0,1.0
F03193,C_detection_pattern,41,-0.7134727831023095,-0.7134727831023095,0.0,,P1,0,0.0,0.0,1.0,1.0,1.0
F03194,C_detection_pattern,42,0.23094500898516335,0.8912823865037157,0.44675530301048716,0.9108747132140886,P6,0,0.0,0.0,1.0,1.0,1.0
F03195,B_abundance,42,1.0691539987796745,1.2349696231850045,0.10679239960552578,0.4545611914954134,P21,0,1.0,1.0,1.0,0.0,1.0
F03196,C_detection_pattern,42,0.26186276888198556,1.390805313285021,0.6824775414790238,0.800600983915298,P6,0,0.0,0.0,1.0,1.0,1.0
F03197,C_detection_pattern,42,-0.379785993068636,0.8587445236837947,0.7608033448765812,1.151480517377709,P11,2,0.0,0.0,1.0,1.0,1.0
F03198,C_detection_pattern,42,-0.11756171340475544,0.8476648055573163,0.7055725786234768,0.9063364420659247,P11,1,0.0,0.0,1.0,1.0,1.0
F03199,B_abundance,42,1.2411430773959509,1.4434745684154902,0.10643085910819972,0.37443608381547544,P24,0,1.0,1.0,0.023809523809523808,0.0,1.0
F03200,C_detection_pattern,0,,,,,,0,0.0,0.0,1.0,1.0,1.0
F03201,C_detection_pattern,42,-1.346828343379151,-1.0558214625703015,0.16651194736983377,0.4585112554988862,P35,0,0.0,0.0,1.0,1.0,1.0
F03202,B_abundance,42,1.3311760111502706,1.5426040279622228,0.11127398833130586,0.37905598708853866,P13,0,1.0,1.0,0.9285714285714286,0.7619047619047619,1.0
F03203,C_detection_pattern,42,0.3341121211674885,0.5846723318750983,0.1468636759605395,0.5345444070951793,P3,0,0.0,0.0,1.0,1.0,1.0
F03204,C_detection_pattern,42,-1.2203352846744764,0.3417703965816372,0.8284639660526759,1.2472362985954506,P34,1,0.0,0.0,1.0,1.0,1.0
F03205,C_detection_pattern,42,-0.5392350669806021,0.45532568808177665,0.49728037753118937,0.8584324557354267,P13,1,0.0,0.0,1.0,1.0,1.0
F03206,not_tiered,41,1.4589264953200782,1.4589264953200782,0.0,,P1,0,0.0,0.0,0.047619047619047616,0.047619047619047616,
F03207,C_detection_pattern,42,-0.13304534268267698,0.18653743886860424,0.201808116738813,0.783880585848184,P15,1,0.0,0.0,1.0,1.0,1.0
F03208,not_tiered,0,,,,,,0,0.0,0.0,0.0,0.0,
F03209,C_detection_pattern,42,0.4964164564336676,0.7241771166461475,0.13863218606934957,0.5755286838826728,P6,0,0.0,0.0,1.0,1.0,1.0
F03210,not_tiered,42,-0.404653972032653,-0.1424609694484394,0.14619339533670783,0.654637435216916,P36,0,0.0,0.0,1.0,1.0,
F03211,not_tiered,42,-0.1433199455479052,0.13987432195004001,0.2292720235558069,0.9204941662159587,P11,1,0.0,0.0,0.8333333333333334,0.0,
F03212,C_detection_pattern,42,-0.6358558809246411,0.8543110740240832,0.8061730979563344,1.1591746246973695,P32,1,0.0,0.0,1.0,1.0,1.0
F03213,C_detection_pattern,42,-1.3725818703175507,-0.028940327806130206,0.8034870411050573,1.2885262665712054,P23,0,0.0,0.0,1.0,1.0,1.0
F03214,C_detection_pattern,42,0.3715742867423547,0.5812608391672596,0.11007778661368817,0.47476752514258497,P39,0,0.0,0.0,1.0,1.0,1.0
F03215,C_detection_pattern,42,0.3347644131314217,0.7018038080993888,0.27909593245461306,0.7702206335965804,P36,0,0.0,0.0,1.0,1.0,1.0
F03216,not_tiered,42,0.37309786687429786,0.4958021940917877,0.08392862070104634,0.5357209207233029,P31,0,1.0,0.0,0.0,0.0,
F03217,B_abundance,42,-1.2675526914204993,-1.125570555507698,0.07792507870933196,0.3923188796655889,P31,0,1.0,1.0,0.0,0.0,1.0
F03218,not_tiered,42,-1.242725873905863,-0.7981991129858182,0.22240935770019665,0.5005240670792639,P9,0,0.0,0.0,0.0,0.0,
F03219,not_tiered,42,-0.8647156540211427,-0.4978171706487106,0.18904452559145524,0.447633868807364,P9,0,0.0,0.0,0.0,0.0,
F03220,not_tiered,42,-2.3154241182519733,-1.1768071770953519,0.5875216337022948,0.7442831465354626,P37,0,0.0,0.0,0.0,0.0,
F03221,not_tiered,0,,,,,,0,0.0,0.0,0.0,0.0,
F03222,not_tiered,42,-3.924336216519377,-2.4773016059391146,0.7235173052901311,1.1535252144507917,P23,0,0.0,0.0,1.0,1.0,
F03223,not_tiered,42,0.2626832226333192,0.5027816525721298,0.1343287715369006,0.4961085840335105,P41,0,0.0,0.0,1.0,1.0,
F03224,not_tiered,42,-2.2406029725872934,1.223294933760533,1.7319489531739132,1.8136763677476342,P15,1,0.0,0.0,0.0,0.0,
F03225,B_abundance,42,-1.5123443891387502,-1.3942998302348406,0.062039763078814536,0.32512387137986176,P31,0,1.0,1.0,0.0,0.0,1.0
F03226,not_tiered,0,,,,,,0,0.0,0.0,0.0,0.0,
F03227,B_abundance,42,-1.4407214455743957,-1.328763514592035,0.06309754395061051,0.33903230228711234,P31,0,1.0,1.0,0.0,0.0,1.0
F03228,not_tiered,42,-0.8030894165611923,-0.6917363609177887,0.05852256312777104,0.32017443611929913,P31,0,1.0,0.0,0.0,0.0,
F03229,B_abundance,42,-1.3426687000889976,-1.219971095319683,0.06957969160318167,0.3313798611045849,P31,0,1.0,1.0,0.0,0.0,1.0
F03230,B_abundance,42,-1.2945671523533064,-1.160209306421565,0.07559876343537941,0.36654743951402624,P31,0,1.0,1.0,0.0,0.0,1.0
F03231,not_tiered,0,,,,,,0,0.0,0.0,0.0,0.0,
F03232,not_tiered,42,-1.2243338825639252,-0.8203358836909228,0.24987396676619966,0.6887578569929672,P37,0,0.0,0.0,0.0,0.0,
F03233,not_tiered,42,-2.522373974120784,-1.0739850946542102,0.998839952974476,1.224900021650197,P20,0,0.0,0.0,0.0,0.0,
F03234,not_tiered,42,-1.3262629983470735,-0.4988500035961465,0.45554771245638026,0.9608949996819448,P23,0,0.0,0.0,0.8333333333333334,0.0,
F03235,not_tiered,42,-1.6694218505926433,-0.9510330789596968,0.47294539936085256,1.0629593385886684,P28,0,0.0,0.0,0.0,0.0,
F03236,not_tiered,42,-1.3553942496895028,-0.8397357839766371,0.2758205348031868,0.6130588433311448,P38,0,0.0,0.0,0.0,0.0,
F03237,not_tiered,42,-1.5419598798042982,-0.3620294283721446,0.6540439724651075,0.8931427019991398,P20,0,0.0,0.0,0.0,0.0,
F03238,not_tiered,42,-2.3957405857486025,-1.9417050548523886,0.24360366350114848,0.48036186611591053,P20,0,0.0,0.0,0.0,0.0,
F03239,not_tiered,42,-1.6675913840913452,-1.2756186676586427,0.24485117392882505,0.6839800551080006,P28,0,0.0,0.0,0.0,0.0,
F03240,C_detection_pattern,42,-1.3406860731477255,-1.1648887109010218,0.09918248545008534,0.41796359458483484,P31,0,0.0,0.0,1.0,1.0,1.0
F03241,B_abundance,42,-1.2979588517288079,-1.1407316153821718,0.07898241865716793,0.3641801345677691,P31,0,1.0,1.0,0.0,0.0,1.0
F03242,not_tiered,42,-3.3796432905984215,0.7977682515127,2.0887057710555608,1.90884961672442,P6,1,0.0,0.0,0.0,0.0,
F03243,not_tiered,0,,,,,,0,0.0,0.0,0.0,0.0,
F03244,not_tiered,42,-1.1530082545556026,-0.8266762745171763,0.1839506568807947,0.5910639731236959,P28,0,0.0,0.0,0.0,0.0,
F03245,B_abundance,42,-1.477691973312571,-1.2674211493286758,0.11835884170941191,0.44694835642700875,P25,0,0.2857142857142857,0.2857142857142857,0.0,0.0,0.2857142857142857
F03246,not_tiered,42,-0.82947310867456,-0.7015897090540694,0.06890546039307976,0.3946486352944286,P31,0,1.0,0.0,0.0,0.0,
F03247,B_abundance,42,-1.1798216018346015,-1.0635820003232628,0.06841961932398344,0.37704869415802217,P31,0,1.0,1.0,0.0,0.0,1.0
F03248,not_tiered,42,-1.1938890857658737,-0.952627226442138,0.12734182324407084,0.49336401366185945,P28,0,0.0,0.0,0.0,0.0,
F03249,B_abundance,42,-1.184128650554021,-1.0696926619273304,0.06652267086221908,0.38745297515561755,P31,0,1.0,1.0,0.0,0.0,1.0
F03250,not_tiered,42,-1.0726948787557915,-0.9183689558002511,0.08755844036521976,0.4351857016587482,P31,0,1.0,0.6428571428571429,0.0,0.0,
F03251,not_tiered,0,,,,,,0,0.0,0.0,0.0,0.0,
F03252,B_abundance,42,-1.3830030787841616,-1.2633349340000106,0.06332657567993416,0.339123330417239,P31,0,1.0,1.0,0.0,0.0,1.0
F03253,not_tiered,0,,,,,,0,0.0,0.0,0.0,0.0,
F03254,not_tiered,42,-1.8412384708319662,-1.582308298382365,0.14654400780042054,0.48019103708098915,P38,0,0.0,0.0,0.0,0.0,
F03255,not_tiered,0,,,,,,0,0.0,0.0,0.0,0.0,
F03256,C_detection_pattern,0,,,,,,0,0.0,0.0,0.9523809523809523,0.7619047619047619,0.7619047619047619
F03257,not_tiered,42,-1.2917293578642999,-0.9828093532094114,0.1727519771707834,0.4979767992194835,P6,0,0.0,0.0,0.0,0.0,
F03258,not_tiered,42,-0.9058877338612806,-0.6022499834989944,0.17167976868860457,0.5065893044590469,P31,0,0.0,0.0,0.0,0.0,
F03259,B_abundance,42,-1.3904917369531102,-1.2321588233954508,0.07961603057878874,0.3802537675721544,P1,0,1.0,1.0,0.0,0.0,1.0
F03260,B_abundance,42,-1.5328227750990024,-1.3957373829888045,0.07534468506912995,0.38405195212898746,P31,0,1.0,1.0,0.0,0.0,1.0
F03261,not_tiered,0,,,,,,0,0.0,0.0,0.0,0.0,
F03262,not_tiered,42,-1.0321553692081922,-0.688393788487217,0.18131889915377175,0.5552660815391053,P38,0,0.0,0.0,0.0,0.0,
F03263,C_detection_pattern,41,-1.9144732843789374,-1.9144732843789374,2.220446049250313e-16,,P1,0,0.0,0.0,1.0,1.0,1.0
F03264,not_tiered,42,-2.0602006485209534,-1.567682335917949,0.2756213289666998,0.6626701329252859,P31,0,0.0,0.0,0.0,0.0,
F03265,not_tiered,0,,,,,,0,0.0,0.0,0.0,0.0,
F03266,B_abundance,42,-1.1194244987990636,-0.9896356185266492,0.07051784436709452,0.37925394278156355,P31,0,1.0,0.9523809523809523,0.0,0.0,0.9523809523809523
F03267,not_tiered,0,,,,,,0,0.0,0.0,0.0,0.0,
F03268,not_tiered,0,,,,,,0,0.0,0.0,0.0,0.0,
F03269,not_tiered,42,-1.6292449731025258,-1.4415303802283574,0.105618459041531,0.459764144844231,P35,0,0.0,0.0,0.0,0.0,
F03270,not_tiered,0,,,,,,0,0.0,0.0,0.0,0.0,
F03271,not_tiered,42,-0.858913548288851,0.41512190070943067,0.7994609254226217,1.2963058951815234,P14,1,0.0,0.0,0.6428571428571429,0.6428571428571429,
F03272,not_tiered,0,,,,,,0,0.0,0.0,0.0,0.0,
F03273,not_tiered,42,-4.113565982455382,-0.060612929238910596,2.026476526608236,1.894897077171192,P33,0,0.0,0.0,0.023809523809523808,0.0,
F03274,not_tiered,0,,,,,,0,0.0,0.0,0.0,0.0,
F03275,not_tiered,0,,,,,,0,0.0,0.0,0.0,0.0,
F03276,not_tiered,0,,,,,,0,0.0,0.0,0.0,0.0,
F03277,B_abundance,42,-1.3692136617964334,-1.2515257259501213,0.06712267332414834,0.3752781362509116,P31,0,1.0,1.0,0.0,0.0,1.0
F03278,not_tiered,0,,,,,,0,0.0,0.0,0.0,0.0,
F03279,B_abundance,42,-1.3679300465825148,-1.2358394556702779,0.07236413847572454,0.37546015937787147,P31,0,1.0,1.0,0.0,0.0,1.0
F03280,B_abundance,42,-1.4539591481951126,-1.3289379374477241,0.06415145098134278,0.340114669408344,P31,0,1.0,1.0,0.0,0.0,1.0
F03281,not_tiered,0,,,,,,0,0.0,0.0,0.0,0.0,
F03282,B_abundance,42,-1.2449525731277977,-1.1378340666797742,0.05794732448107909,0.3436539680218223,P31,0,1.0,1.0,0.0,0.0,1.0
F03283,C_detection_pattern,42,-3.5163544770795365,-2.2075587902062996,0.8155843501986664,1.0049082939187721,P25,0,0.0,0.0,1.0,1.0,1.0
F03284,not_tiered,0,,,,,,0,0.0,0.0,0.0,0.0,
F03285,not_tiered,0,,,,,,0,0.0,0.0,0.0,0.0,
F03286,B_abundance,42,-1.4071440875804337,-1.2952774271036271,0.06326246650919654,0.35459044793716515,P31,0,1.0,1.0,0.0,0.0,1.0
F03287,not_tiered,0,,,,,,0,0.0,0.0,0.0,0.0,
F03288,not_tiered,42,-1.6761008361050986,-0.7025277058606617,0.5507389350134814,1.0333510616518649,P20,0,0.0,0.0,0.07142857142857142,0.07142857142857142,
F03289,B_abundance,42,-1.3755587932661544,-1.233818775738208,0.08281463541280498,0.42057323141714853,P23,0,0.2857142857142857,0.2857142857142857,0.0,0.0,0.2857142857142857
F03290,B_abundance,42,-1.5202468015393755,-1.3880859725615475,0.07411390436746323,0.3630119872629364,P31,0,1.0,1.0,0.0,0.0,1.0
F03291,B_abundance,42,-1.401568325381666,-1.215144786863178,0.10422337040738294,0.3804297232019791,P23,0,1.0,1.0,0.0,0.0,1.0
F03292,not_tiered,42,-0.9163536496667319,0.07819631922243442,0.4974543644414797,0.9562695665219195,P24,1,0.0,0.0,0.0,0.0,
F03293,not_tiered,42,-2.9178004487903904,-1.974212808397769,0.5123339271717593,0.881089151029662,P35,0,0.0,0.0,0.0,0.0,
F03294,not_tiered,42,-1.783440449272703,-0.8594899395210307,0.5518092762460498,0.9876516152261945,P39,0,0.0,0.0,0.0,0.0,
F03295,not_tiered,42,-1.707986974187362,-0.8477012109286921,0.6047181231992211,1.1715802600440266,P20,0,0.0,0.0,0.0,0.0,
F03296,not_tiered,42,-1.2074682957281515,-0.34996116247389103,0.4865708319114752,0.8084784700663548,P35,0,0.0,0.0,0.047619047619047616,0.0,
F03297,not_tiered,0,,,,,,0,0.0,0.0,0.0,0.0,
F03298,not_tiered,42,-2.050621343552667,-1.776080589107494,0.14341655235065875,0.5027532755331023,P21,0,0.0,0.0,0.0,0.0,
F03299,not_tiered,42,-1.034289645904715,-0.9138107846139684,0.07124322412320361,0.44105121887516296,P31,0,1.0,0.3333333333333333,0.0,0.0,
F03300,not_tiered,42,-1.547648865788134,-1.396209448724635,0.08149381166903957,0.44750302565691163,P32,0,0.0,0.0,0.0,0.0,
F03301,not_tiered,42,-0.4800932969501101,1.1948846301619263,0.9047039079108286,0.8473525467015464,P20,2,0.0,0.0,0.0,0.0,
F03302,not_tiered,0,,,,,,0,0.0,0.0,0.0,0.0,
F03303,not_tiered,42,-2.6712352828765438,-1.434364196896444,0.8564551343845919,1.101073389112119,P17,0,0.0,0.0,0.0,0.0,
F03304,not_tiered,0,,,,,,0,0.0,0.0,0.0,0.0,
F03305,not_tiered,42,-1.3365340558049987,-1.1534645089576423,0.1008863627077552,0.39133445159211167,P31,0,0.0,0.0,0.0,0.0,
F03306,not_tiered,42,-3.446608636474137,-0.05805390565512347,1.6942773654095067,1.8011185106156002,P17,0,0.0,0.0,0.0,0.0,
F03307,not_tiered,42,-2.7529395036268545,-1.9361619692842864,0.4276105940421684,0.8793857955119015,P7,0,0.0,0.0,0.0,0.0,
F03308,B_abundance,42,-1.4567813936188339,-1.3208938890391302,0.07987169560673424,0.39566333117649904,P31,0,1.0,1.0,0.0,0.0,1.0
F03309,not_tiered,42,-1.7301486024200317,-1.0616007436994885,0.4575052376945139,0.8891902800346424,P42,0,0.0,0.0,0.023809523809523808,0.0,
F03310,not_tiered,42,-0.1968271604449201,-0.03445183046802325,0.09171034213550755,0.48294648932661954,P27,0,0.0,0.0,1.0,1.0,
F03311,not_tiered,42,-1.4059359475850477,-0.7778479440223065,0.3271416297679346,0.8235925502489008,P5,0,0.0,0.0,1.0,1.0,
F03312,not_tiered,0,,,,,,0,0.0,0.0,0.0,0.0,
F03313,not_tiered,42,0.20994961347020494,0.31808615969186477,0.07167618039452398,0.632706264556455,P6,0,1.0,0.0,0.0,0.0,
F03314,not_tiered,42,0.9228039529528659,1.1802559227733682,0.18129527164984738,0.6130239818662678,P40,0,1.0,0.30952380952380953,1.0,0.0,
F03315,not_tiered,42,-0.20575302518173952,0.0030472288968993334,0.11104467129390123,0.5746676246095935,P19,1,0.0,0.0,0.7142857142857143,0.7142857142857143,
F03316,not_tiered,42,-0.3505129133945218,-0.21328469554200305,0.09483140711095953,0.6051747570684324,P42,0,0.023809523809523808,0.0,1.0,0.0,
F03317,not_tiered,0,,,,,,0,0.0,0.0,0.0,0.0,
F03318,not_tiered,0,,,,,,0,0.0,0.0,0.0,0.0,
F03319,not_tiered,0,,,,,,0,0.0,0.0,0.0,0.0,
F03320,not_tiered,42,-0.6528761317944645,-0.39888868614926787,0.14666340879023299,0.45047340739583275,P38,0,0.0,0.0,0.8809523809523809,0.7619047619047619,
F03321,not_tiered,42,-1.2269147917373173,-0.04907495363499711,0.7794973741919592,0.8952544530502361,P31,0,0.0,0.0,0.0,0.0,
F03322,not_tiered,42,0.2517832014676206,0.36768588114317485,0.06424469929056498,0.36277202332216574,P35,0,0.0,0.0,0.0,0.0,
F03323,not_tiered,42,-2.0923718905351603,-1.644093145702799,0.2241393724161811,0.4131544246128765,P34,0,0.0,0.0,0.0,0.0,
F03324,C_detection_pattern,0,,,,,,0,0.0,0.0,1.0,1.0,1.0
F03325,C_detection_pattern,42,-1.238846273027289,-0.2339607521236684,0.5247836858105729,1.0031192358747691,P18,0,0.0,0.0,1.0,1.0,1.0
F03326,not_tiered,0,,,,,,0,0.0,0.0,0.023809523809523808,0.0,
F03327,C_detection_pattern,42,-0.10894961470898124,0.2536398878436521,0.1920447637155595,0.5926978683407027,P28,2,0.0,0.0,1.0,1.0,1.0
F03328,B_abundance,42,-2.1087389430477987,-1.8218033166020102,0.1561316035550404,0.4295831782581941,P31,0,1.0,1.0,0.0,0.0,1.0
F03329,not_tiered,42,-2.8949424464452065,-2.2898018344533955,0.40082124520813167,0.7412750029193539,P30,0,0.0,0.0,0.0,0.0,
F03330,C_detection_pattern,42,0.49473157713515825,0.7772735933652237,0.15551654470345977,0.5191283379597509,P16,0,0.0,0.0,1.0,1.0,1.0
F03331,C_detection_pattern,42,0.7593610556465871,1.3423704228598787,0.3702100596596911,0.70383812662065,P16,0,0.0,0.0,1.0,1.0,1.0
F03332,C_detection_pattern,42,0.18537396889893465,0.9547954895885966,0.4829402329412624,0.7739148385267747,P6,0,0.0,0.0,1.0,1.0,1.0
F03333,not_tiered,42,0.5766408792473724,0.6831168700942839,0.07051366600121556,0.6087198585125717,P21,0,1.0,0.0,0.0,0.0,
F03334,not_tiered,42,0.44673198471579045,0.5029675391119385,0.02900118152352582,0.3957012581990948,P42,0,1.0,0.0,0.0,0.0,
F03335,not_tiered,42,-0.5201150743530102,-0.3966535786964768,0.06305312884633668,0.34490461016968366,P21,0,1.0,0.0,0.0,0.0,
F03336,not_tiered,42,0.1983656047670806,0.3398434407616827,0.09608629841222291,0.6398687430392059,P18,0,0.023809523809523808,0.0,0.8333333333333334,0.0,
F03337,not_tiered,42,-0.7584345605899129,-0.6696453812330585,0.051168859232694985,0.4169625348852714,P18,0,1.0,0.0,0.0,0.0,
F03338,not_tiered,42,-0.9853970347278487,-0.8378553071708623,0.09551310572059368,0.48834831157833325,P19,0,1.0,0.0,0.0,0.0,
F03339,not_tiered,42,0.7155380013718394,0.8477989124699218,0.06718405879258216,0.3941746188592259,P38,0,0.0,0.0,0.8095238095238095,0.7619047619047619,
F03340,C_detection_pattern,42,-0.12937854251231506,0.1956879228566558,0.22131663612616048,0.7734927905761555,P33,4,0.0,0.0,1.0,1.0,1.0
F03341,not_tiered,42,-0.20187796062370372,-0.08478978238125703,0.06998606474095243,0.5791084005504429,P23,0,0.0,0.0,0.0,0.0,
F03342,not_tiered,42,0.06873861172830485,0.22170817404200546,0.09533822030475934,0.45799190664965983,P35,0,0.0,0.0,0.0,0.0,
F03343,not_tiered,42,-0.2956615054612407,-0.08468427780025814,0.10891623588717417,0.4898252557733721,P36,0,0.0,0.0,0.0,0.0,
F03344,not_tiered,42,0.6752375563918184,0.9233676757094577,0.1615763994833913,0.6072126041714392,P40,0,0.0,0.0,1.0,1.0,
F03345,not_tiered,42,-0.1553222291445834,-0.0771843209207603,0.0407709622296971,0.3280330944604755,P6,0,0.0,0.0,0.0,0.0,
F03346,not_tiered,42,0.9292382360001952,2.407933608286781,0.7393476861432928,1.1715658657029797,P1,0,0.0,0.0,0.0,0.0,
F03347,not_tiered,42,-1.090652724385819,-0.6675145546804901,0.2566327391683815,0.5980683820249295,P26,0,0.0,0.0,0.0,0.0,
F03348,not_tiered,42,-0.8500689028989339,0.09268425391030852,0.587511086098613,0.7533451026598362,P24,2,0.0,0.0,0.0,0.0,
F03349,not_tiered,41,-0.4057898015046302,-0.4057898015046302,0.0,,P2,0,0.0,0.0,0.0,0.0,
F03350,not_tiered,42,0.29416285536641207,0.37729328263647405,0.04578302191899164,0.38972930410477946,P23,0,1.0,0.0,0.0,0.0,
F03351,not_tiered,0,,,,,,0,0.0,0.0,1.0,0.0,
F03352,not_tiered,42,-0.7903943229567356,-0.4052572650532871,0.19502593880631514,0.5911483953460669,P28,0,0.0,0.0,0.0,0.0,
F03353,not_tiered,42,-0.8030412815476307,-0.6691687219146462,0.07559979057168842,0.4428086560464461,P39,0,1.0,0.0,0.0,0.0,
F03354,C_detection_pattern,42,-2.389989479625308,-0.6977003045785001,1.1027606467623323,1.346298227110661,P36,0,0.0,0.0,1.0,1.0,1.0
F03355,not_tiered,0,,,,,,0,0.0,0.0,0.0,0.0,
F03356,not_tiered,42,-0.8453193400836955,-0.6223756584224508,0.11504842034414942,0.4518889199046714,P11,0,0.0,0.0,0.047619047619047616,0.047619047619047616,
F03357,C_detection_pattern,42,-0.29780497502013714,0.501357965072422,0.5237166202441201,0.9985961008358474,P36,3,0.0,0.0,1.0,1.0,1.0
F03358,C_detection_pattern,42,-0.1917996169741348,0.29181705976802697,0.2861935542351902,0.7728488046309097,P14,2,0.0,0.0,1.0,1.0,1.0
F03359,not_tiered,0,,,,,,0,0.0,0.0,0.0,0.0,
F03360,not_tiered,0,,,,,,0,0.0,0.0,0.0,0.0,
F03361,not_tiered,42,-0.7418326305538574,-0.6671175748022073,0.04117462900190971,0.3914462084210713,P4,0,1.0,0.0,0.0,0.0,
F03362,not_tiered,42,-0.16318240396627193,0.9490197525681348,0.585888420511443,1.0688789394922156,P35,1,0.0,0.0,0.7142857142857143,0.7142857142857143,
F03363,C_detection_pattern,42,0.02685814552761423,0.15020564032292105,0.07144176664720606,0.5101768699500485,P4,0,0.0,0.0,1.0,1.0,1.0
F03364,B_abundance,42,-1.4383191422725632,-1.1831055192954039,0.13563270623819568,0.4867263869851067,P42,0,0.2857142857142857,0.2857142857142857,0.0,0.0,0.2857142857142857
F03365,C_detection_pattern,42,-0.6160049446872933,-0.04663192442633379,0.343507068501119,0.9293300648582644,P23,0,0.0,0.0,1.0,1.0,1.0
F03366,C_detection_pattern,42,0.18857545617754515,0.7238244154606341,0.3698112156902762,0.8801622311326658,P32,0,0.0,0.0,1.0,1.0,1.0
F03367,C_detection_pattern,42,-0.25621414225696965,-0.0186016363045463,0.1317519452672857,0.6485078543660608,P40,0,0.0,0.0,1.0,1.0,1.0
F03368,not_tiered,42,0.19438975098008415,0.2972902535772376,0.061259023710791005,0.4431829314642307,P40,0,0.0,0.0,1.0,1.0,
F03369,C_detection_pattern,42,0.40502018449972244,0.6886945114329001,0.15197727203055433,0.5339455128435584,P36,0,0.0,0.0,1.0,1.0,1.0
F03370,C_detection_pattern,42,0.531935556250434,0.7340654280882137,0.1258325614058473,0.5603428011992232,P4,0,0.0,0.0,1.0,1.0,1.0
F03371,C_detection_pattern,42,0.9481509605596032,1.5855363997245022,0.37847727192799696,0.7998442032666798,P12,0,0.0,0.0,1.0,1.0,1.0
F03372,C_detection_pattern,42,-0.052287159524358647,0.23295054770025803,0.14397246653550433,0.6103064021230175,P38,1,0.0,0.0,1.0,1.0,1.0
F03373,not_tiered,42,-0.5947034278209653,2.0024857796059443,1.2985946037134548,1.6271783778179032,P1,1,0.0,0.0,0.023809523809523808,0.023809523809523808,
F03374,not_tiered,41,-0.7558601384861525,-0.7558601384861525,0.0,,P2,0,0.0,0.0,0.0,0.0,
F03375,C_detection_pattern,42,-0.22567742803554297,-0.08005073347905846,0.07701360555877027,0.4696556698844743,P33,0,0.0,0.0,1.0,1.0,1.0
F03376,not_tiered,42,-1.4590713667222701,0.927658695746354,1.193365031234312,1.5642718151782558,P7,1,0.0,0.0,0.0,0.0,
F03377,not_tiered,42,0.40331081693696846,0.6684686708491063,0.1533987416413375,0.707397957471856,P31,0,0.8809523809523809,0.0,0.0,0.0,
F03378,not_tiered,42,0.5894639476290894,0.6591636058313856,0.04394888213574588,0.49411092701995973,P19,0,1.0,0.0,0.0,0.0,
F03379,not_tiered,42,0.7272705194744236,0.7892991385916016,0.03211536254458358,0.34739123535227695,P23,0,1.0,0.0,0.0,0.0,
F03380,C_detection_pattern,42,-0.3587706019578991,-0.2057518290292367,0.09904334717448529,0.6456070808273264,P38,0,0.0,0.0,1.0,1.0,1.0
F03381,not_tiered,42,0.5218873945601382,0.6108630318615926,0.05015218275882394,0.5273926957307514,P37,0,1.0,0.0,0.0,0.0,
F03382,not_tiered,41,-0.5527874990573043,-0.5527874990573043,0.0,,P1,0,0.0,0.0,0.07142857142857142,0.07142857142857142,
F03383,not_tiered,42,-0.0642018141235281,-0.0022941279194019404,0.038217152272647,0.3739121429542562,P18,0,0.0,0.0,0.0,0.0,
F03384,not_tiered,42,-0.9086259718777346,-0.7467233692353868,0.10014501448531155,0.4453411757423218,P21,0,1.0,0.0,0.0,0.0,
F03385,not_tiered,0,,,,,,0,0.0,0.0,0.0,0.0,
F03386,not_tiered,42,-0.0382601438845703,0.230473761643674,0.2081227592338415,0.84667465549789,P42,7,0.0,0.0,0.6428571428571429,0.0,
F03387,not_tiered,42,-0.4844270369368584,-0.3409561758525893,0.0942314496083298,0.6696110414689874,P23,0,0.2857142857142857,0.0,0.8095238095238095,0.7619047619047619,
F03388,not_tiered,42,-0.11808567090554815,0.028272642541440567,0.09496070623987796,0.5779055005811958,P23,2,0.0,0.0,0.0,0.0,
F03389,not_tiered,42,-0.25205813117176395,-0.14087840813003263,0.06438049936657478,0.4617403458286053,P15,0,0.0,0.0,1.0,1.0,
F03390,C_detection_pattern,42,-0.1077650310228675,0.042677134791608694,0.0936761248578457,0.5184320469735041,P31,3,0.0,0.0,1.0,1.0,1.0
F03391,not_tiered,0,,,,,,0,0.0,0.0,0.0,0.0,
F03392,B_abundance,42,1.1591792032162038,1.39732317173995,0.16639607065055362,0.6369909429800006,P14,0,1.0,1.0,0.0,0.0,1.0
F03393,not_tiered,0,,,,,,0,0.0,0.0,0.0,0.0,
F03394,C_detection_pattern,42,1.293816063610331,3.606644764441061,1.513208118440082,1.0552280153883251,P30,0,0.0,0.0,1.0,1.0,1.0
F03395,not_tiered,42,-0.26129125073864273,-0.17169131006491248,0.05220210870521161,0.44556575633136825,P19,0,0.023809523809523808,0.0,0.0,0.0,
F03396,not_tiered,0,,,,,,0,0.0,0.0,0.0,0.0,
F03397,not_tiered,0,,,,,,0,0.0,0.0,0.0,0.0,
F03398,not_tiered,41,-0.7218096682998958,-0.7218096682998958,0.0,,P2,0,0.0,0.0,0.0,0.0,
F03399,B_abundance,42,3.2124763524463837,3.4650571777433483,0.12860037717119255,0.41993403745041574,P26,0,1.0,1.0,0.0,0.0,1.0
F03400,C_detection_pattern,42,0.666793742885239,0.9583258213611703,0.15737225802536492,0.5031580089986276,P37,0,0.0,0.0,1.0,1.0,1.0
F03401,not_tiered,42,-0.5636073428104896,-0.07638632828515302,0.3029835743799895,0.6993852879144997,P33,0,0.0,0.0,0.0,0.0,
F03402,B_abundance,42,-1.6008020062311452,-1.4756236472852715,0.06827476216591677,0.4458531412306444,P23,0,1.0,1.0,0.0,0.0,1.0
F03403,B_abundance,42,-1.2854475612417593,-1.1540390027914424,0.08508617910256433,0.45208728699330136,P19,0,1.0,1.0,0.0,0.0,1.0
F03404,not_tiered,42,-0.09309973215863857,-0.007895876597332752,0.05206162491313217,0.5130800836255098,P31,0,0.0,0.0,0.0,0.0,
F03405,C_detection_pattern,42,-0.22167225157566328,0.29126907373438615,0.25701753095859337,0.702967258431166,P38,3,0.0,0.0,1.0,1.0,1.0
F03406,not_tiered,42,-1.4676919104791069,-1.1822350803895727,0.17278743151634401,0.6526886323877669,P42,0,0.0,0.0,0.0,0.0,
F03407,not_tiered,42,0.3750565755770865,0.5619897352967572,0.11984287149770251,0.6453659371629389,P12,0,1.0,0.0,1.0,1.0,
F03408,not_tiered,42,-0.41526247756920176,-0.13822756986543516,0.14327519210687673,0.6158284660127872,P39,0,0.0,0.0,0.5476190476190477,0.5476190476190477,
F03409,not_tiered,42,-0.4894510772975928,-0.35351826199190256,0.07614127115548652,0.39866685550126696,P28,0,0.5238095238095238,0.0,0.0,0.0,
F03410,C_detection_pattern,42,-0.09003100245062388,0.15117727549722398,0.14456226606850098,0.7662263893626651,P38,1,0.0,0.0,1.0,1.0,1.0
F03411,not_tiered,42,0.7193810397796219,0.8387319587192189,0.06173159813965412,0.33218117459314395,P6,0,1.0,0.0,0.0,0.0,
F03412,not_tiered,42,0.030932027021268738,0.4640590247637994,0.24047224855505944,0.488785098158762,P22,0,0.0,0.0,0.0,0.0,
F03413,B_abundance,42,1.6501582356843654,1.827271464187219,0.10035289766768707,0.4133515929104822,P1,0,1.0,1.0,0.0,0.0,1.0
F03414,C_detection_pattern,42,-1.45400819089852,-0.3095629688472261,0.572222611025647,0.9639897652703359,P1,0,0.0,0.0,0.7142857142857143,0.7142857142857143,0.7142857142857143
F03415,not_tiered,42,0.27996310122799456,0.43634155081113907,0.10287383450327958,0.49366443849490754,P21,0,0.023809523809523808,0.0,0.0,0.0,
F03416,B_abundance,42,1.1558094274490522,1.2738329779329098,0.0658879454024539,0.41474991943369044,P39,0,1.0,1.0,0.0,0.0,1.0
F03417,C_detection_pattern,42,-3.765943470365935,-2.8547801413495306,0.5073407287901581,0.7161294583711313,P21,0,0.0,0.0,1.0,1.0,1.0
F03418,not_tiered,42,-0.5069537833359491,0.2311822700550137,0.4047795203924366,0.7873622344666613,P17,3,0.0,0.0,0.09523809523809523,0.09523809523809523,
F03419,not_tiered,42,-1.0760508434334066,-0.3423515812056973,0.5308659429983896,0.8898739216916537,P31,0,0.0,0.0,0.0,0.0,
F03420,not_tiered,42,0.9101149677929368,1.0998119863551135,0.1172155584808291,0.40428837191122824,P21,0,1.0,0.38095238095238093,0.0,0.0,
F03421,not_tiered,42,0.8664471085189339,0.9750278219673535,0.0709633477314131,0.4441848453014369,P33,0,1.0,0.0,0.0,0.0,
F03422,C_detection_pattern,42,-0.48430118252304155,0.22853160783418403,0.3961096448660182,0.652274165537439,P16,5,0.0,0.0,1.0,1.0,1.0
F03423,not_tiered,42,0.5225541423203521,0.6193938519214284,0.05898634265992153,0.42520457672802914,P23,0,1.0,0.0,0.0,0.0,
F03424,not_tiered,0,,,,,,0,0.0,0.0,0.023809523809523808,0.0,
F03425,not_tiered,42,0.6173775575098267,0.8003932765391293,0.1152795729984426,0.4574096892553403,P1,0,1.0,0.0,0.0,0.0,
F03426,not_tiered,42,0.136196875324901,0.4724081916689753,0.1763802863583383,0.44544741411432554,P31,0,0.0,0.0,0.0,0.0,
F03427,B_abundance,42,1.1607542901282548,1.3150653820983855,0.08841824580685209,0.5340291598112998,P25,0,1.0,1.0,0.0,0.0,1.0
F03428,not_tiered,42,-0.1541167934180066,0.13402554824098384,0.2268940693421319,0.9041920528412385,P23,1,0.0,0.0,0.8333333333333334,0.0,
F03429,C_detection_pattern,42,3.106962943459419,4.19271428717351,0.6822751635919282,0.9155052812526936,P14,0,0.0,0.0,1.0,1.0,1.0
F03430,not_tiered,41,-0.20021130186306202,-0.20021130186306202,2.7755575615628914e-17,,P1,0,0.0,0.0,0.9285714285714286,0.7619047619047619,
F03431,not_tiered,42,-0.7952093627787824,-0.6072885180525928,0.11409472729675263,0.47775895570243154,P25,0,1.0,0.0,0.0,0.0,
F03432,not_tiered,42,-0.9444589758056576,-0.7540046767297677,0.11084654579648123,0.4708188687135824,P25,0,1.0,0.0,0.0,0.0,
F03433,not_tiered,42,-0.949184792258071,-0.7251298268347848,0.13349118923383996,0.45945485630468275,P25,0,1.0,0.0,0.0,0.0,
F03434,B_abundance,42,-1.2477595338545573,-1.099990336244751,0.07549189759139074,0.3451770836491221,P31,0,1.0,1.0,0.0,0.0,1.0
F03435,C_detection_pattern,42,-1.3322307720609783,1.5996289990641421,2.110080705603104,1.2720680991555269,P7,1,0.0,0.0,1.0,1.0,1.0
F03436,not_tiered,0,,,,,,0,0.0,0.0,0.047619047619047616,0.047619047619047616,
F03437,not_tiered,42,0.6629206852423005,0.8482955287617412,0.09775505990100342,0.441014982696707,P19,0,1.0,0.0,1.0,0.0,
F03438,not_tiered,42,-0.0208757645205231,0.21304660081499877,0.1809302726564771,0.9037240481779264,P11,1,0.0,0.0,0.0,0.0,
F03439,not_tiered,0,,,,,,0,0.0,0.0,0.0,0.0,
F03440,C_detection_pattern,42,-0.1670980825367238,0.04361804669702776,0.11018021030363186,0.4657361763763283,P10,3,0.0,0.0,1.0,1.0,1.0
F03441,not_tiered,42,-0.9176048932690304,-0.33454374087630223,0.30030601000499213,0.6938725197738869,P5,0,0.0,0.0,0.0,0.0,
F03442,not_tiered,42,-0.2957233757547602,-0.17413491775749976,0.06114622693593963,0.36123289151130883,P13,0,0.0,0.0,1.0,0.7619047619047619,
F03443,not_tiered,42,0.28128190462992814,0.5218411464377706,0.1585327897429577,0.5053062623320624,P31,0,0.0,0.0,1.0,0.0,
F03444,not_tiered,42,-0.36448606588346033,-0.06090536161171327,0.18209169553895171,0.5846401661260656,P23,0,0.0,0.0,0.09523809523809523,0.09523809523809523,
F03445,C_detection_pattern,42,-0.009479131016099885,0.20253948206887745,0.13998747481589677,0.6245608228311111,P30,1,0.0,0.0,1.0,1.0,1.0
F03446,not_tiered,42,-0.684480492476055,-0.40057084370738805,0.18376713111140852,0.7709079938236245,P41,0,0.0,0.0,0.09523809523809523,0.09523809523809523,
F03447,B_abundance,42,-1.442473367083379,-1.2849359904854607,0.09129532638495874,0.40522937438740975,P19,0,1.0,1.0,0.0,0.0,1.0
F03448,not_tiered,42,-0.20784007232878468,0.09601849784085363,0.18587660024804914,0.44101729494847736,P16,3,0.0,0.0,0.0,0.0,
F03449,C_detection_pattern,42,-0.26850321995186277,0.10777956798045728,0.19833456230241236,0.5250449965119957,P6,4,0.0,0.0,1.0,1.0,1.0
F03450,C_detection_pattern,42,0.0698413387986606,0.6039115570206252,0.331843918240331,0.7502964656455509,P36,0,0.0,0.0,1.0,1.0,1.0
F03451,not_tiered,41,0.9439624269953519,0.9439624269953519,1.1102230246251565e-16,,P1,0,0.0,0.0,0.07142857142857142,0.07142857142857142,
F03452,not_tiered,42,0.6104713669326026,0.8980583449533096,0.15394184523444332,0.4850081651250157,P20,0,0.0,0.0,1.0,1.0,
F03453,not_tiered,42,-0.3016113720175419,-0.14314661627536962,0.0860138686425348,0.4663192108177393,P40,0,0.0,0.0,1.0,0.0,
F03454,C_detection_pattern,42,-0.3812856751122692,-0.04588804500989918,0.16894888480963258,0.673437483093383,P32,0,0.0,0.0,0.5952380952380952,0.5952380952380952,0.5952380952380952
F03455,not_tiered,42,-0.613264891113158,-0.2326361962618321,0.23577828966685568,0.7509369147034153,P21,0,0.0,0.0,0.0,0.0,
F03456,B_abundance,42,-1.3771705476378826,-1.2324047333702726,0.08166681733432335,0.39428838098946767,P13,0,1.0,1.0,0.0,0.0,1.0
F03457,not_tiered,42,2.410162105833929,2.7708610576795296,0.20381536687121482,0.5513231435541572,P9,0,0.0,0.0,1.0,1.0,
F03458,C_detection_pattern,41,-0.2899517996155918,-0.2899517996155918,0.0,,P2,0,0.0,0.0,1.0,1.0,1.0
F03459,C_detection_pattern,42,-0.6489629785242285,0.3238903762979722,0.5656672209702525,1.093814581700023,P1,1,0.0,0.0,1.0,1.0,1.0
F03460,B_abundance,42,-1.499207095529308,-1.310062639515911,0.09888516652205426,0.437223975628398,P18,0,1.0,1.0,0.0,0.0,1.0
F03461,not_tiered,41,0.2766375284257965,0.2766375284257965,0.0,,P2,0,0.0,0.0,0.0,0.0,
F03462,not_tiered,42,-2.332224971029171,-1.2235279298306216,0.6537269668974073,0.9286264003660131,P37,0,0.0,0.0,1.0,1.0,
F03463,C_detection_pattern,42,-2.8166706024834434,-2.661551006228681,0.09179048697211156,0.2830366211287295,P14,0,0.0,0.0,1.0,1.0,1.0
F03464,not_tiered,42,0.48016181874805836,0.7154645795671405,0.14666322478764465,0.600364127268869,P4,0,1.0,0.0,0.0,0.0,
F03465,not_tiered,42,0.3781065470724738,0.4625931608465483,0.047367814979561496,0.37575989839138113,P25,0,1.0,0.0,0.0,0.0,
F03466,not_tiered,42,-3.8455967675281086,-2.7582705059728423,0.567114602831063,0.8220840727640734,P1,0,0.0,0.0,0.0,0.0,
F03467,C_detection_pattern,42,-1.0107468296501962,-0.46247705861721844,0.3630773142780177,0.949395415766746,P35,0,0.0,0.0,1.0,1.0,1.0
F03468,C_detection_pattern,42,-0.018695953438947477,0.5662875204698583,0.3124539034481469,0.8316337770332727,P1,1,0.0,0.0,1.0,1.0,1.0
F03469,not_tiered,42,0.6401364695652596,0.8013165254904244,0.09116345418840133,0.4982823468151192,P17,0,0.0,0.0,1.0,1.0,
F03470,not_tiered,42,0.0673856568656447,0.3191543549013104,0.1277847089160733,0.3827138193570791,P25,0,0.0,0.0,0.0,0.0,
F03471,not_tiered,42,-0.8486280980970893,0.7716184270663131,0.8101232625817013,1.248234495914793,P1,1,0.0,0.0,0.0,0.0,
F03472,not_tiered,42,0.8994865728298922,1.8432438940239493,0.6596824540749504,0.8029001332303944,P8,0,0.0,0.0,0.0,0.0,
F03473,B_abundance,42,-1.9959778305519114,-1.8366806696095046,0.08292816200704412,0.43995862396508256,P32,0,1.0,1.0,0.0,0.0,1.0
F03474,not_tiered,41,1.2313249456056035,1.2313249456056035,2.220446049250313e-16,,P1,0,0.0,0.0,1.0,1.0,
F03475,not_tiered,42,2.498147872706096,7.719570452260049,2.610711289776977,1.995880327001832,P23,0,0.0,0.0,0.0,0.0,
F03476,not_tiered,42,0.30872711896922783,0.35858580431882364,0.028036293206474217,0.3751802411870979,P19,0,1.0,0.0,0.0,0.0,
F03477,C_detection_pattern,42,-0.9151693521378752,-0.4993407624869674,0.28138936138513065,0.8504257568622512,P42,0,0.0,0.0,0.5476190476190477,0.5476190476190477,0.5476190476190477
F03478,not_tiered,0,,,,,,0,0.0,0.0,0.0,0.0,
F03479,C_detection_pattern,42,-0.3443010222491803,-0.12041654761637766,0.1246147413875113,0.4918447441164419,P12,0,0.0,0.0,1.0,1.0,1.0
F03480,not_tiered,42,-0.3454918798036746,1.299753680105686,0.9849721678701534,1.3855147449678322,P9,1,0.0,0.0,0.0,0.0,
F03481,C_detection_pattern,41,-0.18042972155800996,-0.18042972155800996,5.551115123125783e-17,,P2,0,0.0,0.0,1.0,1.0,1.0
F03482,not_tiered,42,0.14132831999324308,0.422705380792582,0.18768619166940861,0.7917141202149388,P35,0,0.0,0.0,0.0,0.0,
F03483,not_tiered,42,-1.1159638078034348,-0.8630005423911445,0.13631897894696365,0.5755326667389543,P1,0,0.0,0.0,0.0,0.0,
F03484,not_tiered,0,,,,,,0,0.0,0.0,0.0,0.0,
F03485,not_tiered,42,-0.024278020674662015,0.24278570901446184,0.2077903411188613,0.7189504093195396,P19,1,0.0,0.0,0.0,0.0,
F03486,C_detection_pattern,42,0.12501951604253955,0.49213220887678233,0.23895772725732953,0.8295866714809442,P24,0,0.0,0.0,1.0,1.0,1.0
F03487,C_detection_pattern,42,0.1461225562765014,0.6606775555943019,0.29236539103816006,0.6730289644290185,P1,0,0.0,0.0,1.0,1.0,1.0
F03488,not_tiered,41,-3.331458028523409,-3.331458028523409,0.0,,P1,0,0.0,0.0,0.0,0.0,
F03489,C_detection_pattern,42,0.5336880503537902,1.1001882443360174,0.36055501870147866,0.802702216769167,P9,0,0.0,0.0,1.0,1.0,1.0
F03490,C_detection_pattern,42,-0.8090218622928607,-0.35628338567859386,0.2759499040654355,0.7494387879626508,P36,0,0.0,0.0,1.0,1.0,1.0
F03491,not_tiered,0,,,,,,0,0.0,0.0,0.0,0.0,
F03492,not_tiered,0,,,,,,0,0.0,0.0,0.0,0.0,
F03493,not_tiered,42,-0.9899922217733954,-0.9049288361301989,0.04779698615206818,0.33712911951399294,P16,0,1.0,0.0,0.0,0.0,
F03494,not_tiered,42,-3.255685616506904,-2.12820641874538,0.5637395988807619,0.9524299364483283,P35,0,0.0,0.0,0.0,0.0,
F03495,not_tiered,41,-0.2812474313952258,-0.2812474313952258,0.0,,P2,0,0.0,0.0,0.0,0.0,
F03496,B_abundance,42,-1.4343637777439155,-1.2864169330143138,0.07820994610584409,0.46173805417973335,P31,0,1.0,1.0,0.0,0.0,1.0
F03497,not_tiered,0,,,,,,0,0.0,0.0,0.0,0.0,
F03498,not_tiered,0,,,,,,0,0.0,0.0,1.0,0.0,
F03499,not_tiered,0,,,,,,0,0.0,0.0,0.0,0.0,
F03500,not_tiered,42,-1.4526105571765253,-0.8826708839714819,0.28496983660252173,0.5195897055581269,P32,0,0.0,0.0,0.0,0.0,
F03501,C_detection_pattern,42,-0.8082858403990798,-0.4493774548740683,0.20456149934737178,0.49298256449385464,P36,0,0.0,0.0,1.0,1.0,1.0
F03502,not_tiered,42,-0.9785117199372321,0.14543735032174077,0.6918453332674988,1.1599048071502094,P24,1,0.0,0.0,0.11904761904761904,0.11904761904761904,
F03503,not_tiered,42,0.1589544373224776,0.24577548056691598,0.049466174381880085,0.3762939668329794,P24,0,0.0,0.0,0.0,0.0,
F03504,not_tiered,41,-0.25305143041107847,-0.25305143041107847,5.551115123125783e-17,,P2,0,0.0,0.0,0.0,0.0,
F03505,C_detection_pattern,42,0.44506204198079724,0.6380781585537855,0.1108776508544953,0.527240872850426,P3,0,0.0,0.0,1.0,1.0,1.0
F03506,not_tiered,42,-1.1939884179202034,-0.6566429571219347,0.37122511525881385,0.9062327668886344,P23,0,0.0,0.0,1.0,1.0,
F03507,not_tiered,42,-1.6562695081313892,-0.5464086771756853,0.7154913181979108,0.8118082530293628,P20,0,0.0,0.0,0.0,0.0,
F03508,not_tiered,0,,,,,,0,0.0,0.0,0.0,0.0,
F03509,not_tiered,42,0.35679317172325786,0.7327422394941759,0.19988214047796227,0.6772506600844624,P1,0,0.0,0.0,0.047619047619047616,0.047619047619047616,
F03510,not_tiered,42,0.044650370975776905,0.13640177785763133,0.05156097243482073,0.4419550655841457,P11,0,0.0,0.0,0.8333333333333334,0.0,
F03511,not_tiered,42,0.0841570222787667,0.2036519091037493,0.06818045025427072,0.4583315178066718,P17,0,0.0,0.0,1.0,1.0,
F03512,not_tiered,0,,,,,,0,0.0,0.0,0.0,0.0,
F03513,not_tiered,42,0.2934422490317235,0.41973329221676425,0.07401143501148849,0.5441942915113681,P42,0,1.0,0.0,0.0,0.0,
F03514,not_tiered,0,,,,,,0,0.0,0.0,0.0,0.0,
F03515,not_tiered,0,,,,,,0,0.0,0.0,0.0,0.0,
F03516,not_tiered,42,0.24251757589651998,0.28997264883696555,0.02538222521440961,0.3240543393655605,P19,0,1.0,0.0,0.0,0.0,
F03517,not_tiered,42,-0.3767266883601506,0.0451709529352188,0.2239092567518744,0.6098166873984016,P35,1,0.0,0.0,0.0,0.0,
F03518,not_tiered,42,-0.42740543655106755,0.002189469099764807,0.21479745282541626,0.39651334792130416,P39,1,0.0,0.0,0.023809523809523808,0.0,
F03519,not_tiered,0,,,,,,0,0.0,0.0,0.07142857142857142,0.07142857142857142,
F03520,not_tiered,0,,,,,,0,0.0,0.0,0.0,0.0,
F03521,not_tiered,42,-0.8559154940560546,-0.7512217129920286,0.06398596395972878,0.5158996402365357,P18,0,1.0,0.0,0.0,0.0,
F03522,not_tiered,42,-0.9131618174782022,-0.7601683671110057,0.10089145439410918,0.5153195093219932,P2,0,1.0,0.0,0.0,0.0,
F03523,not_tiered,42,-0.5582984263006069,0.2966296161718412,0.479095164028359,0.7356142367298296,P31,2,0.0,0.0,0.0,0.0,
F03524,C_detection_pattern,41,0.8209837901345978,0.8209837901345978,0.0,,P1,0,0.0,0.0,1.0,1.0,1.0
F03525,C_detection_pattern,42,0.3334636882203367,0.4676446415980417,0.07333250450458151,0.43859672051116144,P35,0,0.0,0.0,1.0,1.0,1.0
F03526,C_detection_pattern,42,-0.5482381659823558,0.6163909868045158,0.7171986891040442,1.2110643928732832,P10,1,0.0,0.0,1.0,1.0,1.0
F03527,C_detection_pattern,42,-0.37570232824811534,0.0011357133494094285,0.18841902079876244,0.3491465432558458,P2,1,0.0,0.0,1.0,1.0,1.0
F03528,not_tiered,0,,,,,,0,0.0,0.0,0.0,0.0,
F03529,not_tiered,42,0.06714305012461942,0.27709424745445943,0.11441608059471692,0.5353809166279909,P39,0,0.0,0.0,1.0,1.0,
F03530,not_tiered,42,-0.9025010764900797,-0.6987836614133015,0.15004138154130586,0.7206373625760779,P18,0,1.0,0.0,0.0,0.0,
F03531,not_tiered,0,,,,,,0,0.0,0.0,0.0,0.0,
F03532,not_tiered,42,-0.6467487978650341,6.346353169047959,3.4965509834564967,2.073421585663324,P8,1,0.0,0.0,0.0,0.0,
F03533,not_tiered,42,0.3213769566716227,0.9279907714941,0.30330690741123867,0.5509591547658542,P16,0,0.0,0.0,1.0,1.0,
F03534,not_tiered,42,-0.22372925905795116,0.07761014272649946,0.20065865242857228,0.7208021002134417,P3,2,0.0,0.0,0.0,0.0,
F03535,not_tiered,41,0.20516613089048263,0.20516613089048263,2.7755575615628914e-17,,P2,0,0.0,0.0,0.0,0.0,
F03536,not_tiered,42,-0.7479910107658976,-0.4311878272000756,0.1787587300563846,0.6103814647482423,P38,0,0.0,0.0,0.6428571428571429,0.6428571428571429,
F03537,not_tiered,42,-1.8708679140845985,-1.2295352401093913,0.4597884373691834,1.067276560173406,P9,0,0.0,0.0,0.0,0.0,
F03538,C_detection_pattern,41,-0.07615125520362476,-0.07615125520362476,5.551115123125783e-17,,P2,0,0.0,0.0,1.0,1.0,1.0
F03539,not_tiered,42,-0.9408053657020784,-0.4708887678336083,0.28646593735565334,0.7039186743242076,P16,0,0.0,0.0,1.0,1.0,
F03540,C_detection_pattern,0,,,,,,0,0.0,0.0,1.0,1.0,1.0
F03541,not_tiered,42,0.4095383954570683,0.4980264549784952,0.05625448693272078,0.5022265964959357,P31,0,1.0,0.0,0.0,0.0,
F03542,C_detection_pattern,41,0.48033725360737556,0.48033725360737556,5.551115123125783e-17,,P2,0,0.0,0.0,1.0,1.0,1.0
F03543,C_detection_pattern,42,-1.2931401526510697,-0.3487765772186098,0.47218178771623,0.8213651379549584,P1,0,0.0,0.0,1.0,1.0,1.0
F03544,C_detection_pattern,41,-0.38216212359347956,-0.38216212359347956,5.551115123125783e-17,,P1,0,0.0,0.0,1.0,1.0,1.0
F03545,not_tiered,42,0.2363126364389314,0.2899566515858132,0.029059207352664207,0.366610043296419,P23,0,1.0,0.0,0.0,0.0,
F03546,not_tiered,0,,,,,,0,0.0,0.0,0.0,0.0,
F03547,not_tiered,0,,,,,,0,0.0,0.0,0.0,0.0,
F03548,C_detection_pattern,42,-0.062008042636600536,0.243017484196718,0.19638317339819014,0.6198110836409991,P10,2,0.0,0.0,1.0,1.0,1.0
F03549,C_detection_pattern,42,-0.20545470802411928,-0.016310384009278867,0.10725406342082817,0.5981601616054699,P38,0,0.0,0.0,1.0,1.0,1.0
F03550,C_detection_pattern,42,-3.443433745342414,0.3495950447686109,2.3563823231310397,1.6221928918720772,P22,1,0.0,0.0,1.0,1.0,1.0
F03551,C_detection_pattern,42,0.45256436938304595,0.9125679411501527,0.24374081715896018,0.6386816204454292,P10,0,0.0,0.0,1.0,1.0,1.0
F03552,C_detection_pattern,41,-1.029809460170494,-1.029809460170494,0.0,,P2,0,0.0,0.0,1.0,1.0,1.0
F03553,not_tiered,0,,,,,,0,0.0,0.0,0.0,0.0,
F03554,C_detection_pattern,42,0.05690965004698967,0.49486366564414563,0.28311067423379155,0.6595117855356265,P1,0,0.0,0.0,1.0,1.0,1.0
F03555,C_detection_pattern,0,,,,,,0,0.0,0.0,1.0,1.0,1.0
F03556,not_tiered,42,1.0792163356315942,3.6491748151950496,1.2849792397817277,1.6195098516424882,P4,0,0.0,0.0,0.0,0.0,
F03557,not_tiered,42,0.2363174208370589,0.372479519641644,0.08299053363881151,0.6855068602320716,P42,0,1.0,0.0,0.0,0.0,
F03558,C_detection_pattern,42,-0.3166595255580053,-0.04130598674865698,0.15830139865086462,0.6231483084037223,P34,0,0.0,0.0,1.0,1.0,1.0
F03559,not_tiered,42,0.08176784948540848,0.2338401043196931,0.08089100535160802,0.40662832589363607,P9,0,0.0,0.0,0.7142857142857143,0.7142857142857143,
F03560,not_tiered,42,-0.6628954043408001,-0.40129384557816694,0.1448155256331447,0.4692295421329246,P31,0,0.023809523809523808,0.0,0.0,0.0,
F03561,not_tiered,42,-0.6945787751406858,-0.48130878002992716,0.1078243794706597,0.4015843192040411,P34,0,0.0,0.0,0.0,0.0,
F03562,not_tiered,41,-0.04997257571762148,-0.04997257571762148,8.326672684688674e-17,,P1,0,0.0,0.0,0.0,0.0,
F03563,C_detection_pattern,42,-0.025824740713735396,0.23711860368863533,0.16119182671816729,0.5718672713117913,P34,1,0.0,0.0,1.0,1.0,1.0
F03564,C_detection_pattern,41,-1.2146204962706193,-1.2146204962706193,0.0,,P1,0,0.0,0.0,1.0,1.0,1.0
F03565,C_detection_pattern,42,0.3428817288436825,1.5214260244378295,0.5892721477970735,0.9869219305265832,P4,0,0.0,0.0,1.0,1.0,1.0
F03566,not_tiered,42,-1.9969204915470435,-1.1827119962115493,0.5099570711016244,0.8783462065125026,P23,0,0.0,0.0,0.0,0.0,
F03567,not_tiered,0,,,,,,0,0.0,0.0,0.0,0.0,
F03568,not_tiered,42,-3.265653964726846,-2.5307087359286604,0.3829204398141526,0.6797815803112678,P32,0,0.0,0.0,0.11904761904761904,0.11904761904761904,
F03569,not_tiered,42,-3.1108151852974566,-2.6213015940810185,0.30365662514674785,0.5358716841460388,P16,0,0.0,0.0,0.0,0.0,
F03570,C_detection_pattern,41,-5.318009021545542,-5.318009021545542,0.0,,P1,0,0.0,0.0,1.0,1.0,1.0
F03571,not_tiered,42,-0.001319677403331158,0.3823151591116977,0.19517373873896696,0.4326441329987802,P36,1,0.0,0.0,0.0,0.0,
F03572,not_tiered,42,-1.0868090350876332,-0.4040117131015479,0.3826726857403383,0.7592705649370174,P41,0,0.0,0.0,0.0,0.0,
F03573,not_tiered,42,-1.398055654555193,-0.834078175946513,0.302703002851314,0.6630127439452878,P35,0,0.0,0.0,0.0,0.0,
F03574,not_tiered,42,-1.4237125528179493,-1.0121220803533528,0.21446609704171293,0.5418208839376898,P38,0,0.0,0.0,0.0,0.0,
F03575,C_detection_pattern,42,-1.0461334204874946,-0.038862604654613525,0.5417690873220935,0.762012313600558,P17,0,0.0,0.0,1.0,1.0,1.0
F03576,C_detection_pattern,41,0.808886005094033,0.808886005094033,0.0,,P1,0,0.0,0.0,1.0,1.0,1.0
F03577,not_tiered,42,0.015597791855464803,0.4640422222793814,0.33024838595143563,0.8878169581500215,P35,0,0.0,0.0,1.0,1.0,
F03578,C_detection_pattern,42,0.5620866703545604,1.0407442835038077,0.24145410944743473,0.5363569550291266,P34,0,0.0,0.0,1.0,1.0,1.0
F03579,not_tiered,42,-0.296021041584137,0.05548394594330439,0.1893568549056309,0.5585552725464538,P26,1,0.0,0.0,0.07142857142857142,0.07142857142857142,
F03580,not_tiered,42,-0.5365728042419181,0.6975785983021251,0.8971932973816402,1.0326997125175408,P38,1,0.0,0.0,1.0,1.0,
F03581,B_abundance,42,-1.131286490008088,-0.9749139145131432,0.07859691143278347,0.38065781416283356,P19,0,1.0,0.9523809523809523,0.0,0.0,0.9523809523809523
F03582,not_tiered,41,-1.5500588873958705,-1.5500588873958705,0.0,,P2,0,0.0,0.0,0.8333333333333334,0.0,
F03583,C_detection_pattern,42,0.11130329184511183,0.3288227085216332,0.11828497520183179,0.43210945398160994,P1,0,0.0,0.0,1.0,1.0,1.0
F03584,not_tiered,0,,,,,,0,0.0,0.0,0.0,0.0,
F03585,not_tiered,41,-2.02725343096202,-2.02725343096202,0.0,,P2,0,0.0,0.0,0.07142857142857142,0.07142857142857142,
F03586,B_abundance,42,-1.2486958200496407,-1.118771472478831,0.06766582385332742,0.3515592472688122,P31,0,1.0,1.0,0.0,0.0,1.0
F03587,C_detection_pattern,42,-1.2767615532714132,1.4135938288063734,1.3451776910388933,1.6524273383147337,P1,1,0.0,0.0,1.0,1.0,1.0
F03588,C_detection_pattern,42,0.4218378047858904,0.9952690156828148,0.29793120361836534,0.6906594502670605,P22,0,0.0,0.0,1.0,1.0,1.0
F03589,not_tiered,42,-0.0990549692919233,0.0650395875063285,0.10853536567005431,0.5531401479157072,P25,5,0.0,0.0,0.0,0.0,
F03590,not_tiered,42,0.3162522026819503,0.522332269796304,0.10679308032526308,0.43283903465684714,P13,0,0.0,0.0,1.0,0.0,
F03591,not_tiered,42,0.07045346411953521,0.21767178614747498,0.08958097695988038,0.59394123699194,P19,0,0.0,0.0,0.0,0.0,
F03592,not_tiered,42,0.10901325316700862,0.19028706906328663,0.04813069191250832,0.4109601836649729,P25,0,0.0,0.0,0.0,0.0,
F03593,not_tiered,42,0.2815870621472729,0.3838549386572975,0.05329558090711278,0.46392813858178533,P2,0,1.0,0.0,0.8333333333333334,0.0,
F03594,C_detection_pattern,42,-0.04237005403668359,0.686280982310747,0.44366964479806387,0.9992463086709985,P9,1,0.0,0.0,1.0,1.0,1.0
F03595,not_tiered,42,0.21105598574666148,0.25341440517154634,0.02506101786179965,0.37343820821758683,P19,0,1.0,0.0,0.0,0.0,
F03596,C_detection_pattern,42,-0.9296956316900133,-0.4404440177144977,0.24719045304352472,0.6204487070018744,P26,0,0.0,0.0,1.0,1.0,1.0
F03597,not_tiered,42,-0.09360488993160647,-0.0029877684776274775,0.04933488613900662,0.4673569273845341,P19,0,0.0,0.0,0.0,0.0,
F03598,not_tiered,0,,,,,,0,0.0,0.0,0.0,0.0,
F03599,C_detection_pattern,41,-2.402429212415104,-2.402429212415104,0.0,,P1,0,0.0,0.0,1.0,1.0,1.0
F03600,C_detection_pattern,42,-0.7164854231914853,-0.16327097358337017,0.28305321859784033,0.6789109847541202,P40,0,0.0,0.0,1.0,1.0,1.0
F03601,not_tiered,42,0.6875420554858297,0.7897504406063647,0.05685525404773084,0.3830264137756231,P24,0,1.0,0.0,1.0,1.0,
F03602,not_tiered,42,-0.10294340468687177,0.14518966866983563,0.12854334771713646,0.41106109455948087,P38,14,0.0,0.0,0.0,0.0,
F03603,not_tiered,42,0.2515220037864023,0.495489267703191,0.12675467566697401,0.39395573845847953,P17,0,0.0,0.0,0.0,0.0,
F03604,not_tiered,0,,,,,,0,0.0,0.0,0.0,0.0,
F03605,B_abundance,42,-5.0587762496580195,-4.695535770762763,0.22648468304050606,0.4609126258688351,P1,0,1.0,1.0,0.0,0.0,1.0
F03606,B_abundance,42,1.4153172164893109,1.6961766509684142,0.1655249622585777,0.5629576059946828,P25,0,1.0,1.0,0.0,0.0,1.0
F03607,B_abundance,42,-1.985493841383873,-1.7195695765125303,0.1336714055831385,0.37726601133583226,P18,0,1.0,1.0,0.0,0.0,1.0
F03608,B_abundance,42,1.694683064831018,1.9928634847817557,0.16809468596949717,0.43642087186766726,P25,0,1.0,1.0,0.0,0.0,1.0
F03609,B_abundance,42,2.9208795624222077,3.154707800577596,0.1585324924313447,0.5210685283198739,P25,0,1.0,1.0,0.0,0.0,1.0
F03610,not_tiered,42,-0.019458485155476702,0.1528011967240705,0.0866898746307079,0.3002901236409401,P17,4,0.0,0.0,0.0,0.0,
F03611,not_tiered,42,-1.2333316854923242,-1.011662735353383,0.12651246436257035,0.41649734003792327,P25,0,1.0,0.0,0.0,0.0,
F03612,not_tiered,42,-0.704205198039975,-0.5714939599102861,0.08314724339579771,0.42436522931978654,P38,0,1.0,0.0,0.0,0.0,
F03613,not_tiered,42,-0.6414682202820671,-0.4387883367244906,0.10401025316403323,0.3768029122043792,P34,0,0.0,0.0,1.0,1.0,
F03614,not_tiered,42,0.4177239401825395,0.6091309452325007,0.11316673186446874,0.4342439564658469,P8,0,0.047619047619047616,0.0,0.0,0.0,
F03615,not_tiered,42,-0.8532190592990976,-0.6302504648294378,0.11366949807712057,0.43674420167239236,P5,0,1.0,0.0,0.0,0.0,
F03616,not_tiered,42,0.18626222617802332,1.665313614429533,0.8632629967267463,0.9103792990034505,P26,0,0.0,0.0,0.11904761904761904,0.11904761904761904,
F03617,not_tiered,42,-2.7905059953810194,-1.0451474124508708,1.1317798235538614,1.2249184296858635,P33,0,0.0,0.0,0.0,0.0,
F03618,not_tiered,42,0.9911130512639004,2.309913186422338,0.9136436573774904,0.8994638044003354,P27,0,0.0,0.0,0.0,0.0,
F03619,not_tiered,42,-0.6042536737585911,-0.08411343732473082,0.2690425916360993,0.5891675722438393,P8,0,0.0,0.0,0.5238095238095238,0.5238095238095238,
F03620,not_tiered,42,0.01508000415321592,0.4069176121813654,0.22646155858786807,0.5715195294989965,P14,0,0.0,0.0,1.0,0.0,
F03621,not_tiered,0,,,,,,0,0.0,0.0,0.0,0.0,
F03622,B_abundance,42,-5.661221684453789,-5.319388246867199,0.21987784290995016,0.4621956919070633,P1,0,1.0,1.0,0.0,0.0,1.0
F03623,not_tiered,42,0.5809260561848795,0.8474690950616787,0.15602045441268853,0.5187574505858917,P25,0,0.6904761904761905,0.0,0.0,0.0,
F03624,not_tiered,42,0.2301918330780838,0.5162046156022128,0.16750784967228805,0.44501647647382087,P25,0,0.0,0.0,0.0,0.0,
F03625,B_abundance,42,1.2727310812653896,1.5620159357408245,0.17606183094941175,0.46551345652661863,P25,0,1.0,1.0,0.0,0.0,1.0
F03626,B_abundance,42,1.485822762528457,1.823739313937348,0.193206214250647,0.4001472242665805,P25,0,1.0,1.0,0.0,0.0,1.0
F03627,not_tiered,42,-1.643972245515132,-1.3142008852912783,0.19635481546508293,0.4715957445838817,P6,0,1.0,1.0,0.0,0.0,
F03628,not_tiered,42,-0.721215303781924,-0.49666350583581786,0.12042871106102337,0.43751050328501584,P36,0,0.21428571428571427,0.0,0.0,0.0,
F03629,not_tiered,42,0.6982360487888957,0.957105221063481,0.13733643979017252,0.4432323146456747,P36,0,1.0,0.0,0.0,0.0,
F03630,not_tiered,42,-0.1850051451814762,-0.024699099126220325,0.08033415914643267,0.35225937141360864,P6,0,0.0,0.0,0.0,0.0,
F03631,not_tiered,42,1.0088054837667257,1.2417604260397226,0.12588989850110255,0.3865514152536988,P20,0,1.0,0.2857142857142857,0.0,0.0,
F03632,B_abundance,42,-1.695941105289708,-1.485733574791147,0.10767609401340539,0.37372141320621755,P6,0,1.0,1.0,0.0,0.0,1.0
F03633,not_tiered,42,-0.45519222517129504,0.5066550479503557,0.6328936762234634,0.8324589628591688,P36,2,0.0,0.0,0.0,0.0,
F03634,B_abundance,42,-2.6187179578859014,-2.359054769384999,0.1655548983927635,0.4670666867310874,P1,0,1.0,1.0,0.0,0.0,1.0
F03635,not_tiered,42,-0.8596509475584321,-0.5941641837536685,0.16420541426775248,0.5532439597110794,P36,0,0.0,0.0,1.0,1.0,
F03636,not_tiered,42,-0.9933329330685772,-0.7644236891846304,0.11886674105410144,0.30982653972309354,P14,0,0.5238095238095238,0.0,0.0,0.0,
F03637,not_tiered,42,0.2177689890296909,0.4545576596771391,0.12064334290632397,0.3962653548015585,P36,0,0.0,0.0,0.0,0.0,
F03638,not_tiered,0,,,,,,0,0.0,0.0,0.0,0.0,
F03639,not_tiered,0,,,,,,0,0.0,0.0,0.0,0.0,
F03640,B_abundance,42,-2.6181096369572647,-2.277987637830582,0.20843836788121228,0.580207359400076,P1,0,1.0,1.0,0.5714285714285714,0.0,1.0
F03641,C_detection_pattern,42,-2.3197905053182035,-0.7769483886563479,1.021045561063332,1.0734985550307798,P20,0,0.0,0.0,1.0,1.0,1.0
F03642,not_tiered,0,,,,,,0,0.0,0.0,0.0,0.0,
F03643,not_tiered,42,-0.7623653814464458,-0.6012001851887279,0.10312662314817977,0.48255055956292336,P29,0,1.0,0.0,0.0,0.0,
F03644,not_tiered,0,,,,,,0,0.0,0.0,0.0,0.0,
F03645,not_tiered,0,,,,,,0,0.0,0.0,0.0,0.0,
F03646,not_tiered,42,-3.2199597779632967,-1.765716836771107,0.7271214705960949,1.1576617707024408,P3,0,0.0,0.0,0.0,0.0,
F03647,not_tiered,0,,,,,,0,0.0,0.0,0.0,0.0,
F03648,not_tiered,0,,,,,,0,0.0,0.0,0.0,0.0,
F03649,not_tiered,0,,,,,,0,0.0,0.0,0.0,0.0,
F03650,not_tiered,0,,,,,,0,0.0,0.0,0.0,0.0,
F03651,not_tiered,0,,,,,,0,0.0,0.0,0.0,0.0,
F03652,not_tiered,0,,,,,,0,0.0,0.0,0.0,0.0,
F03653,not_tiered,0,,,,,,0,0.0,0.0,0.0,0.0,
F03654,not_tiered,0,,,,,,0,0.0,0.0,0.0,0.0,
F03655,not_tiered,0,,,,,,0,0.0,0.0,0.0,0.0,
F03656,not_tiered,0,,,,,,0,0.0,0.0,0.0,0.0,
F03657,not_tiered,0,,,,,,0,0.0,0.0,0.0,0.0,
F03658,not_tiered,0,,,,,,0,0.0,0.0,0.0,0.0,
F03659,not_tiered,0,,,,,,0,0.0,0.0,0.0,0.0,
F03660,not_tiered,0,,,,,,0,0.0,0.0,0.0,0.0,
F03661,not_tiered,0,,,,,,0,0.0,0.0,0.0,0.0,
F03662,not_tiered,0,,,,,,0,0.0,0.0,0.0,0.0,
F03663,not_tiered,0,,,,,,0,0.0,0.0,0.0,0.0,
F03664,not_tiered,0,,,,,,0,0.0,0.0,0.0,0.0,
F03665,not_tiered,0,,,,,,0,0.0,0.0,0.0,0.0,
F03666,not_tiered,0,,,,,,0,0.0,0.0,0.0,0.0,
F03667,not_tiered,0,,,,,,0,0.0,0.0,0.0,0.0,
F03668,not_tiered,0,,,,,,0,0.0,0.0,0.0,0.0,
F03669,not_tiered,0,,,,,,0,0.0,0.0,0.0,0.0,
F03670,C_detection_pattern,42,-0.37305518706206975,-0.005249498149185428,0.18802036216330248,0.5292698720094919,P36,0,0.0,0.0,1.0,1.0,1.0
F03671,not_tiered,42,1.3893206550668187,1.8435482194177537,0.24707913168843842,0.43446003677813144,P16,0,0.0,0.0,0.0,0.0,
F03672,not_tiered,42,-2.0403457309564312,-1.482711975941046,0.3129904331462283,0.6142497819747499,P28,0,0.0,0.0,0.0,0.0,
F03673,C_detection_pattern,41,-0.5211073426664488,-0.5211073426664488,0.0,,P2,0,0.0,0.0,1.0,1.0,1.0
F03674,not_tiered,42,0.42055170867234953,0.5007627883358362,0.058821608297497996,0.5993265921059009,P31,0,1.0,0.0,0.0,0.0,
F03675,not_tiered,42,-0.9556049688486776,-0.8179923081310861,0.07053472438290564,0.3747491264645564,P6,0,0.0,0.0,0.0,0.0,
F03676,C_detection_pattern,42,1.2009714454549956,1.9722828354039341,0.5061546704593896,0.6650472285599327,P14,0,0.0,0.0,1.0,1.0,1.0
F03677,not_tiered,42,-2.2222271762916277,-0.5523208647189604,0.9876067225301695,1.3821200564429736,P27,0,0.0,0.0,0.5,0.5,
F03678,C_detection_pattern,42,0.6203794681410914,1.094546268691212,0.3035099584382832,0.7050287738560552,P32,0,0.0,0.0,1.0,1.0,1.0
F03679,not_tiered,0,,,,,,0,0.0,0.0,0.0,0.0,
F03680,not_tiered,42,-1.5520243835157999,-1.1996495306497235,0.22040146717401998,0.578143721078586,P42,0,0.0,0.0,0.0,0.0,
F03681,C_detection_pattern,42,0.21252095078519279,0.7205847391086699,0.31114016339819434,0.9153802119570179,P30,0,0.0,0.0,1.0,1.0,1.0
F03682,not_tiered,41,-0.4244540551095959,-0.4244540551095959,0.0,,P2,0,0.0,0.0,0.0,0.0,
F03683,not_tiered,42,0.33892758953201785,1.283830967526078,0.5439171928255139,1.0534794894906176,P1,0,0.0,0.0,0.7142857142857143,0.7142857142857143,
F03684,not_tiered,42,-0.2642992970309431,-0.12495626059515819,0.0821950431950994,0.4475880034548562,P31,0,0.0,0.0,0.0,0.0,
F03685,not_tiered,42,0.2914472391682608,0.4433326032862254,0.09064457525183128,0.5665799207281952,P6,0,0.8095238095238095,0.0,0.0,0.0,
F03686,B_abundance,42,1.0824968175774223,1.275900988527548,0.10388720116077566,0.38941855799467195,P19,0,1.0,1.0,0.0,0.0,1.0
F03687,not_tiered,0,,,,,,0,0.0,0.0,0.0,0.0,
F03688,not_tiered,42,-0.45416855611893026,0.5054166698082156,0.5663797989382946,0.7992685680604044,P9,3,0.0,0.0,0.0,0.0,
F03689,B_abundance,42,-2.0392700050490706,-1.8084612612156004,0.1369137137555907,0.398392971521041,P16,0,1.0,1.0,0.0,0.0,1.0
F03690,B_abundance,42,1.3093882225931168,1.5155667615654198,0.11185832931752393,0.44265432523530485,P3,0,1.0,1.0,0.0,0.0,1.0
F03691,not_tiered,42,-0.616259367725146,-0.45802530536644054,0.09735734812238056,0.45232552402100945,P23,0,1.0,0.0,0.0,0.0,
F03692,B_abundance,42,-1.6479294526158998,-1.5212642025747933,0.0636694719981643,0.3691808333647116,P19,0,1.0,1.0,0.0,0.0,1.0
F03693,not_tiered,42,0.4135977301628154,0.5485766740205148,0.08242969530823507,0.44767629979993756,P23,0,1.0,0.0,0.0,0.0,
F03694,B_abundance,42,-3.1216488873355948,-2.8991698634982517,0.13527808925377371,0.4567661802636585,P3,0,1.0,1.0,0.0,0.0,1.0
F03695,B_abundance,42,2.0816175530066685,2.2477346095507196,0.09585166318744598,0.4828202738250324,P1,0,1.0,1.0,0.0,0.0,1.0
F03696,not_tiered,42,-1.2943372701548677,-1.0432205766037508,0.1568824379553071,0.5975539008045503,P3,0,1.0,1.0,0.0,0.0,
F03697,B_abundance,42,2.016829858095974,2.2143599828295755,0.11351995885439825,0.44419645198150287,P1,0,1.0,1.0,0.0,0.0,1.0
F03698,not_tiered,0,,,,,,0,0.0,0.0,1.0,0.0,
F03699,not_tiered,42,0.5466184951970816,0.6233441312430116,0.04092499651645165,0.37952452524033653,P32,0,1.0,0.0,0.0,0.0,
F03700,not_tiered,42,0.3759058644244374,0.4382298604376668,0.03189881578244752,0.32113808667362426,P40,0,1.0,0.0,0.0,0.0,
F03701,not_tiered,42,0.11368858712413125,0.1740101153489946,0.038488219390496056,0.44586982695605926,P23,0,0.0,0.0,0.0,0.0,
F03702,not_tiered,42,-0.6197335358389402,-0.5237074514840305,0.06025589083417082,0.5204871907682074,P25,0,1.0,0.0,0.0,0.0,
F03703,not_tiered,42,-0.17402436115427222,-0.07363881455678233,0.06510302985748133,0.6081017969709998,P25,0,0.0,0.0,0.0,0.0,
F03704,not_tiered,42,-0.4204850724715987,-0.33388350539911943,0.058929970173216106,0.5409218590525033,P25,0,1.0,0.0,0.0,0.0,
F03705,not_tiered,42,-0.31336812477825904,-0.2077232206971579,0.07498929985959438,0.5235707714821581,P18,0,0.0,0.0,0.0,0.0,
F03706,B_abundance,42,-1.2389128638361433,-1.161697564494634,0.040874681538190405,0.3603368408388396,P19,0,1.0,1.0,0.0,0.0,1.0
F03707,not_tiered,42,0.1408706893126729,0.36153036802208444,0.11621536283121645,0.4965564675899986,P2,0,0.0,0.0,1.0,1.0,
F03708,not_tiered,42,0.5232971315125896,0.6108740788954284,0.05007917942804041,0.36398041060904374,P20,0,1.0,0.0,0.0,0.0,
F03709,not_tiered,42,-0.6581822317002555,0.13648750490360287,0.4420855733218599,0.9560976027768014,P14,1,0.0,0.0,0.0,0.0,
F03710,not_tiered,42,-3.3538206649243105,-2.5502882440829278,0.5441130094378859,1.1244287602028524,P8,0,0.0,0.0,0.14285714285714285,0.14285714285714285,
F03711,not_tiered,42,-0.11773416242567629,-0.040644443322754374,0.03894356098806649,0.40669472862583417,P18,0,0.0,0.0,0.0,0.0,
F03712,C_detection_pattern,42,1.2093518626109319,1.4163587921907241,0.12976123762255964,0.589528422966737,P36,0,0.0,0.0,1.0,1.0,1.0
F03713,C_detection_pattern,42,0.4740757454500963,1.0948775763547445,0.4948526993432277,0.9658864554997293,P18,0,0.0,0.0,1.0,1.0,1.0
F03714,C_detection_pattern,42,0.09049453013532216,0.449569221705433,0.21093206330395153,0.7808743021972684,P26,0,0.0,0.0,1.0,1.0,1.0
F03715,not_tiered,42,-0.11964027425962262,-0.05828265078401822,0.030790329484018025,0.3787647273692777,P23,0,0.0,0.0,0.0,0.0,
F03716,C_detection_pattern,42,-0.4044597496389155,0.38182898528712456,0.4916661695827106,1.0428532396619963,P34,1,0.0,0.0,1.0,1.0,1.0
F03717,C_detection_pattern,42,0.056729784314076236,0.22523931592182098,0.09704723945689236,0.5277089948849892,P10,0,0.0,0.0,1.0,1.0,1.0
F03718,not_tiered,42,0.27718713698554,0.34053610559008685,0.038730450572208364,0.3577994575133134,P23,0,1.0,0.0,0.0,0.0,
F03719,not_tiered,41,-1.5293797469598207,-1.5293797469598207,0.0,,P1,0,0.0,0.0,0.0,0.0,
F03720,C_detection_pattern,42,0.15124331180621536,1.0423988744671264,0.5686355436072115,0.8882354404196462,P39,0,0.0,0.0,1.0,1.0,1.0
F03721,not_tiered,42,-1.3946853152723389,0.1154138749752267,0.7550495951237828,1.1891341230701304,P1,1,0.0,0.0,1.0,1.0,
F03722,B_abundance,42,-1.425012900364992,-1.256543808895844,0.10019202415891337,0.4797602954886693,P42,0,1.0,1.0,0.0,0.0,1.0
F03723,not_tiered,42,0.25742886527102904,0.377350201531189,0.07531805115771817,0.5141601228350746,P21,0,0.11904761904761904,0.0,0.0,0.0,
F03724,not_tiered,41,-3.8774745790291405,-3.8774745790291405,4.440892098500626e-16,,P1,0,0.0,0.0,0.0,0.0,
F03725,not_tiered,0,,,,,,0,0.0,0.0,0.0,0.0,
F03726,not_tiered,0,,,,,,0,0.0,0.0,0.0,0.0,
F03727,not_tiered,0,,,,,,0,0.0,0.0,0.0,0.0,
F03728,not_tiered,42,-3.1713040543471767,1.1585215124104948,2.1649127833788357,1.9246908033280017,P17,1,0.0,0.0,0.6190476190476191,0.0,
F03729,C_detection_pattern,42,0.37690026207288735,0.46641545612432056,0.05468989655114537,0.40215167387762546,P40,0,0.0,0.0,1.0,1.0,1.0
F03730,C_detection_pattern,42,-0.9340212200720618,-0.48830755570988577,0.2770454376162081,0.6835435910753367,P2,0,0.0,0.0,1.0,1.0,1.0
F03731,not_tiered,42,-2.204295170006859,-0.2551627573992435,1.0871157011683852,1.1468703149559585,P20,0,0.0,0.0,0.0,0.0,
F03732,not_tiered,42,0.2529267858542471,0.4405620474460964,0.09529163313040828,0.353388472102087,P18,0,0.0,0.0,0.0,0.0,
F03733,not_tiered,42,0.7231248048150225,0.8679826916343075,0.07756761321684202,0.3999169488760144,P18,0,1.0,0.0,0.0,0.0,
F03734,C_detection_pattern,42,0.8725909003795316,1.1293279151016875,0.14368129318760992,0.5009662553899121,P12,0,0.0,0.0,1.0,1.0,1.0
F03735,not_tiered,42,-0.4252989354767851,-0.15054022958244193,0.19073138729957426,0.7723690406029937,P19,0,0.0,0.0,0.0,0.0,
F03736,not_tiered,42,0.12186989998842947,0.26642038012651165,0.07847163544103823,0.6074187355487315,P23,0,0.023809523809523808,0.0,1.0,0.7619047619047619,
F03737,B_abundance,42,-2.745625047101171,-2.2805385403323744,0.23314657716443543,0.3724919321729171,P41,0,1.0,1.0,0.0,0.0,1.0
F03738,not_tiered,42,0.04536544784960068,0.15455416289673474,0.06914794529002313,0.49686263255274843,P2,0,0.0,0.0,0.0,0.0,
F03739,not_tiered,42,0.45554969678173174,0.5612297670871103,0.05910912595310436,0.39535143266099376,P2,0,1.0,0.0,0.0,0.0,
F03740,not_tiered,42,-0.3343696469088095,-0.21848023047626494,0.06952151802097664,0.4255770271571472,P2,0,0.0,0.0,0.0,0.0,
F03741,not_tiered,42,-3.527758300614697,-0.4433521720647038,1.92247207051993,1.5938592308810509,P33,0,0.0,0.0,0.047619047619047616,0.047619047619047616,
F03742,not_tiered,42,0.6426313899905336,0.9034491903045329,0.16136417185597318,0.5716900769897955,P23,0,0.0,0.0,1.0,1.0,
F03743,C_detection_pattern,42,-0.07441508789735846,0.3214508425066198,0.22354660563656106,0.7391028659602931,P33,1,0.0,0.0,1.0,1.0,1.0
F03744,not_tiered,42,-1.781677759944623,4.056722416363375,2.919200088153999,2.0298642223650285,P16,1,0.0,0.0,0.0,0.0,
F03745,not_tiered,42,-1.3333615564549102,1.0819519595059806,1.4028490631942887,1.0275811274358224,P19,2,0.0,0.0,0.0,0.0,
F03746,not_tiered,42,-0.17944041736835128,-0.11544643708929384,0.035460028853325665,0.3922742028696637,P31,0,0.0,0.0,0.0,0.0,
F03747,C_detection_pattern,42,0.35082276215126074,0.4609447287742252,0.0727164186716715,0.49518881791864955,P40,0,0.0,0.0,1.0,1.0,1.0
F03748,C_detection_pattern,42,-1.1100089638357729,-0.6940420823449283,0.22589881449254356,0.5467803100955088,P32,0,0.0,0.0,1.0,1.0,1.0
F03749,C_detection_pattern,42,0.8616434574380938,1.133400459528775,0.1640322863012854,0.6299161904436059,P1,0,0.0,0.0,1.0,1.0,1.0
F03750,not_tiered,42,0.10796442556855884,0.18458090029316626,0.03902202508945987,0.37631390172561735,P39,0,0.0,0.0,0.0,0.0,
F03751,not_tiered,42,-0.897424488425342,-0.5456226639813169,0.22396859609854314,0.666484018761548,P11,0,0.0,0.0,0.0,0.0,
F03752,not_tiered,0,,,,,,0,0.0,0.0,0.0,0.0,
F03753,not_tiered,42,-0.22401828559881048,-0.06998777026811509,0.09978455123850638,0.5198613096682724,P3,0,0.0,0.0,0.0,0.0,
F03754,not_tiered,42,0.2932456449012359,0.43151704133791025,0.09110294900319293,0.5765186685310874,P4,0,0.19047619047619047,0.0,0.0,0.0,
F03755,not_tiered,42,-0.8107282970709544,-0.737420615914006,0.04403398385716084,0.428645431119328,P19,0,1.0,0.0,0.0,0.0,
F03756,not_tiered,42,0.683678560072523,0.761603111634924,0.04107695004417333,0.3291827506568379,P1,0,1.0,0.0,0.0,0.0,
F03757,not_tiered,42,0.6947630925946923,0.9118046808059923,0.12654315996395216,0.3756357106131673,P16,0,0.6190476190476191,0.0,0.0,0.0,
F03758,C_detection_pattern,42,0.7976380907342875,0.9570046227906309,0.08447121549134862,0.4408513999530357,P20,0,0.0,0.0,1.0,1.0,1.0
F03759,C_detection_pattern,42,0.2862078368735197,0.5757257854903772,0.1847248906979419,0.6588105948979043,P22,0,0.0,0.0,1.0,1.0,1.0
F03760,not_tiered,42,-0.11429018936897477,0.05466615602113693,0.08600314156177423,0.37303343517452775,P25,9,0.0,0.0,0.023809523809523808,0.0,
F03761,not_tiered,42,-0.04623261890205507,0.059506410889482296,0.0624843123993772,0.4261668812923846,P4,18,0.0,0.0,0.0,0.0,
F03762,not_tiered,42,-1.0933170432897463,-0.9296223835533113,0.08983904665186038,0.48063603684286627,P21,0,1.0,0.8095238095238095,0.0,0.0,
F03763,not_tiered,42,-1.9133294735929387,-1.6232582920287717,0.1588828068327861,0.406642722417403,P11,0,0.0,0.0,0.0,0.0,
F03764,not_tiered,42,0.08443576595668306,0.19869641885007183,0.060544103439181735,0.41207794182144125,P41,0,0.0,0.0,1.0,0.0,
F03765,C_detection_pattern,42,-0.48914716433628946,1.415950233331973,0.9525486988341312,1.3838675029080931,P17,1,0.0,0.0,1.0,1.0,1.0
F03766,not_tiered,0,,,,,,0,0.0,0.0,0.0,0.0,
F03767,not_tiered,0,,,,,,0,0.0,0.0,0.0,0.0,
F03768,not_tiered,0,,,,,,0,0.0,0.0,0.0,0.0,
F03769,B_abundance,42,1.6560851065275963,1.7658594246000798,0.06297616576318532,0.422977791814619,P1,0,1.0,1.0,0.0,0.0,1.0
F03770,C_detection_pattern,42,-1.636527291069147,-1.2297739338358047,0.22692623136246248,0.542747154088172,P4,0,0.0,0.0,1.0,1.0,1.0
F03771,not_tiered,42,-0.6219069529356737,-0.2861384942673612,0.1739446453684651,0.6151642392999181,P28,0,0.0,0.0,1.0,1.0,
F03772,C_detection_pattern,41,-1.5159924795191468,-1.5159924795191468,0.0,,P1,0,0.0,0.0,1.0,1.0,1.0
F03773,not_tiered,0,,,,,,0,0.0,0.0,0.0,0.0,
F03774,not_tiered,42,-0.14374468904964538,0.018630033375053055,0.09956680902460535,0.48458458201616356,P23,1,0.0,0.0,0.0,0.0,
F03775,not_tiered,42,-0.48206658856140966,-0.3596859695556652,0.07870488806871057,0.5935218868614074,P37,0,1.0,0.0,0.0,0.0,
F03776,not_tiered,42,-1.7025508936698959,0.21398025906753126,0.9582655763687136,1.3888244877397184,P4,1,0.0,0.0,0.0,0.0,
F03777,not_tiered,0,,,,,,0,0.0,0.0,0.0,0.0,
F03778,C_detection_pattern,42,0.5010875756179272,1.131244785037904,0.3203019407199279,0.6480378902666568,P36,0,0.0,0.0,1.0,1.0,1.0
F03779,not_tiered,42,-1.4809156019603527,-0.4844866916242764,0.6144098161616458,0.7509727658430646,P30,0,0.0,0.0,1.0,1.0,
F03780,not_tiered,0,,,,,,0,0.0,0.0,0.0,0.0,
F03781,not_tiered,42,-0.1974142616632727,-0.08629321990094371,0.056395078233494794,0.4453399829214711,P41,0,0.0,0.0,1.0,1.0,
F03782,not_tiered,42,-1.5417065682833353,-1.3087326253961407,0.13341911582813415,0.5871227222246117,P1,0,0.0,0.0,0.0,0.0,
F03783,not_tiered,41,-0.39721030946468794,-0.39721030946468794,5.551115123125783e-17,,P2,0,0.0,0.0,0.0,0.0,
F03784,not_tiered,42,0.2679671784172537,0.3764389421026315,0.06685659126217741,0.43229762008789374,P39,0,0.11904761904761904,0.0,0.0,0.0,
F03785,not_tiered,42,-0.15063482814610854,-0.05666098620108844,0.05520029578956006,0.39214856632477446,P39,0,0.0,0.0,0.0,0.0,
F03786,C_detection_pattern,42,-0.6339124422748107,-0.21544911317587553,0.24523469013095936,0.7453715333856035,P38,0,0.0,0.0,1.0,1.0,1.0
F03787,B_abundance,42,-1.9292423549434545,-1.693350232861004,0.14282953901641715,0.42168356350710695,P42,0,1.0,1.0,0.0,0.0,1.0
F03788,not_tiered,41,-2.124009408682527,-2.124009408682527,0.0,,P1,0,0.0,0.0,0.0,0.0,
F03789,not_tiered,42,0.5294106666074359,0.6273841616182333,0.04980343664561793,0.4656079529761974,P5,0,1.0,0.0,0.0,0.0,
F03790,not_tiered,42,-0.8177796804774642,-0.7376799561124212,0.05043158567165995,0.515974286810195,P23,0,1.0,0.0,0.0,0.0,
F03791,not_tiered,42,0.21903738774653153,0.32855255521252025,0.05666619775291726,0.42369796915404256,P18,0,0.07142857142857142,0.0,0.0,0.0,
F03792,not_tiered,42,-0.764197146940114,-0.6820971112318343,0.04742437902518459,0.4439698399036879,P23,0,1.0,0.0,0.0,0.0,
F03793,B_abundance,42,-1.1303308925427993,-1.0226633371770892,0.055986036440540454,0.3609959898917781,P39,0,1.0,1.0,0.0,0.0,1.0
F03794,B_abundance,42,-2.6679837720379047,-2.4751024281370184,0.10627929858551699,0.44972294947669406,P1,0,1.0,1.0,0.8333333333333334,0.0,1.0
F03795,not_tiered,42,-0.5450924443785975,-0.1828204712187088,0.2040405058734192,0.6025084679239003,P41,0,0.0,0.0,0.0,0.0,
F03796,not_tiered,42,-4.877450182500677,-1.6564176856976847,1.6105162484014963,1.7710638918281012,P5,0,0.0,0.0,1.0,1.0,
F03797,not_tiered,42,-0.03008378682741873,0.04273389055309241,0.03989273465549423,0.39522996626814716,P20,8,0.0,0.0,0.0,0.0,
F03798,not_tiered,42,-0.8533036963006773,-0.7765025282440965,0.04553902460927817,0.3785955477795345,P23,0,1.0,0.0,0.0,0.0,
F03799,not_tiered,42,-0.2560130016378471,-0.16694533112125615,0.058255944596670356,0.5155656352536498,P19,0,0.023809523809523808,0.0,0.0,0.0,
F03800,not_tiered,42,-0.16123881988437994,0.0018040356768338484,0.08152142778060693,0.15265374818547697,P3,1,0.0,0.0,0.0,0.0,
F03801,C_detection_pattern,41,-0.0748173523189859,-0.0748173523189859,0.0,,P1,0,0.0,0.0,1.0,1.0,1.0
F03802,not_tiered,42,-0.129184224329304,0.6734382748496444,0.4013112495894742,0.7121921518624174,P26,1,0.0,0.0,0.0,0.0,
F03803,not_tiered,42,-2.593739007071317,0.6880791410939882,1.6931989962726628,1.2050534605942511,P17,1,0.0,0.0,0.0,0.0,
F03804,not_tiered,42,-2.291918758177434,-1.6062922678941578,0.45030755434640524,1.0227379952509135,P1,0,0.0,0.0,0.0,0.0,
F03805,C_detection_pattern,41,1.190599438477335,1.190599438477335,0.0,,P1,0,0.0,0.0,1.0,1.0,1.0
F03806,not_tiered,42,-1.017234345335511,-0.8000747301447101,0.11988010809174765,0.43350121918427215,P35,0,1.0,0.023809523809523808,0.0,0.0,
F03807,not_tiered,42,-1.6787341937872686,-1.2307920049081136,0.2276313659092275,0.5880303741967303,P32,0,0.0,0.0,0.0,0.0,
F03808,C_detection_pattern,42,1.0226204253439848,1.3256835042690613,0.15999889058812755,0.5347460855014625,P1,0,0.0,0.0,1.0,1.0,1.0
F03809,not_tiered,42,0.8376381992828432,0.9735486606752802,0.07188453026648,0.41781545194084363,P25,0,1.0,0.0,0.0,0.0,
F03810,not_tiered,42,0.10798390883802833,0.17709613474874564,0.04136643300394238,0.41079068853793077,P20,0,0.0,0.0,0.0,0.0,
F03811,C_detection_pattern,42,-0.6047019169731053,-0.31017861803472435,0.17987995960037367,0.6890150335062563,P30,0,0.0,0.0,1.0,1.0,1.0
F03812,not_tiered,42,0.23843517814107842,0.3573155714971173,0.06254302530738345,0.4565572651880607,P15,0,0.23809523809523808,0.0,0.0,0.0,
F03813,not_tiered,42,-0.05394232331418003,0.4856479249304311,0.26979512412230555,0.49336919889471875,P1,1,0.0,0.0,0.0,0.0,
F03814,not_tiered,0,,,,,,0,0.0,0.0,0.0,0.0,
F03815,not_tiered,42,-3.404068290836584,-1.9679994254852122,0.9310200476873374,1.3767356266150375,P29,0,0.0,0.0,0.0,0.0,
F03816,not_tiered,42,-0.6626652477940085,-0.5370906751462629,0.085082877336639,0.6118054430562001,P23,0,1.0,0.0,0.0,0.0,
F03817,C_detection_pattern,42,0.08072727050215489,0.613752170680086,0.3784772763998393,0.8548514464022163,P16,0,0.0,0.0,1.0,1.0,1.0
F03818,not_tiered,42,-0.8485284179213324,-0.2265736374713921,0.46130999925956856,1.0563583028861532,P35,0,0.0,0.0,0.0,0.0,
F03819,not_tiered,42,-0.7111930504792674,-0.5011715141689694,0.1346102225060355,0.6968138877676127,P19,0,1.0,0.0,0.0,0.0,
F03820,C_detection_pattern,42,-0.057831046151668695,0.4052959329844727,0.2515931981164051,0.7624462349608181,P18,1,0.0,0.0,1.0,1.0,1.0
F03821,C_detection_pattern,41,0.2581974582373441,0.2581974582373441,0.0,,P2,0,0.0,0.0,1.0,1.0,1.0
F03822,C_detection_pattern,42,-0.39945613880978476,-0.23247766618801038,0.09802594446113894,0.5190326730022518,P4,0,0.0,0.0,1.0,1.0,1.0
F03823,B_abundance,42,-1.7842357082213514,-1.6363943513276482,0.08792485857278898,0.4216881825264148,P23,0,1.0,1.0,0.0,0.0,1.0
F03824,C_detection_pattern,42,-0.20619660672216464,0.03724000533967242,0.14230960884057825,0.6084914516507771,P28,2,0.0,0.0,1.0,1.0,1.0
F03825,not_tiered,42,-0.824402905576208,-0.699506267290219,0.06432302175552018,0.3668199102195975,P23,0,1.0,0.0,0.0,0.0,
F03826,C_detection_pattern,42,0.8528706415923561,1.0380685337646376,0.10018984491101723,0.39774444024314876,P15,0,0.0,0.0,1.0,1.0,1.0
F03827,not_tiered,42,0.33260168408970364,0.4727822758218462,0.07721657040377256,0.4297523137426457,P39,0,0.2857142857142857,0.0,0.0,0.0,
F03828,not_tiered,42,-0.015633089796044716,0.0951056306156375,0.06533538939464059,0.5161287732017947,P19,3,0.0,0.0,0.0,0.0,
F03829,not_tiered,42,-0.2667503300139327,-0.13553476723206045,0.09515996398395815,0.6483122786124433,P16,0,0.0,0.0,1.0,1.0,
F03830,not_tiered,42,-0.24194091030281334,0.8155455950655429,0.6880056474272771,0.835205217876224,P29,1,0.0,0.0,0.0,0.0,
F03831,not_tiered,0,,,,,,0,0.0,0.0,0.023809523809523808,0.0,
F03832,not_tiered,0,,,,,,0,0.0,0.0,0.0,0.0,
F03833,not_tiered,42,-2.745008748449648,-1.7912447542012089,0.6248525906234352,1.1539450975247674,P42,0,0.0,0.0,0.0,0.0,
F03834,C_detection_pattern,42,-0.06133815626425333,0.33404008877316343,0.2618167329062405,0.8820143550732544,P40,2,0.0,0.0,1.0,1.0,1.0
F03835,not_tiered,0,,,,,,0,0.0,0.0,0.0,0.0,
F03836,not_tiered,0,,,,,,0,0.0,0.0,0.6190476190476191,0.0,
F03837,not_tiered,42,0.07901133043487062,0.1649178758976386,0.06193473170378329,0.5807786618219553,P6,0,0.0,0.0,0.0,0.0,
F03838,C_detection_pattern,42,0.4510676370201307,0.6859343272055803,0.15106132200303163,0.5273989688549473,P36,0,0.0,0.0,1.0,1.0,1.0
F03839,not_tiered,42,-0.6297509443510051,-0.5853790112086589,0.03034628617114077,0.3889763984463457,P2,0,1.0,0.0,0.0,0.0,
F03840,not_tiered,42,-0.13401077586123913,-0.061959233786031374,0.03988144465387302,0.3412925357938365,P18,0,0.0,0.0,0.0,0.0,
F03841,B_abundance,42,1.042755127149246,1.140128717975948,0.05094565828184616,0.3944371771548133,P39,0,1.0,1.0,0.0,0.0,1.0
F03842,C_detection_pattern,42,0.9926756821540729,1.2427967885175064,0.1647166147418967,0.7140891193791685,P27,0,0.0,0.0,1.0,1.0,1.0
F03843,C_detection_pattern,42,0.310811791957922,1.104894234968026,0.48435371345247824,0.9335814703756052,P28,0,0.0,0.0,1.0,1.0,1.0
F03844,C_detection_pattern,0,,,,,,0,0.0,0.0,1.0,1.0,1.0
F03845,C_detection_pattern,42,0.13884775262071175,0.5000173292777558,0.22897468753537314,0.8441911424129169,P4,0,0.0,0.0,1.0,1.0,1.0
F03846,not_tiered,0,,,,,,0,0.0,0.0,0.0,0.0,
F03847,not_tiered,42,-0.15461230604582196,-0.002582344440236399,0.1038585413749587,0.6685863001659152,P2,0,0.0,0.0,0.0,0.0,
F03848,not_tiered,42,-0.6346247510053445,-0.5200336390989468,0.057783975200112137,0.37241386530389886,P13,0,1.0,0.0,0.8333333333333334,0.0,
F03849,not_tiered,41,-1.5251328487025395,-1.5251328487025395,0.0,,P1,0,0.0,0.0,0.0,0.0,
F03850,not_tiered,42,-0.1975217142781423,0.058001909829298356,0.14744570159436116,0.5813378642256856,P35,2,0.0,0.0,1.0,1.0,
F03851,C_detection_pattern,42,0.6872001315880496,1.0411578324923214,0.23027224787037515,0.8027148640907937,P10,0,0.0,0.0,1.0,1.0,1.0
F03852,not_tiered,0,,,,,,0,0.0,0.0,0.0,0.0,
F03853,C_detection_pattern,42,0.2645443851981441,0.628726451532835,0.2469944091006746,0.8003147181081229,P40,0,0.0,0.0,1.0,1.0,1.0
F03854,not_tiered,42,0.09835101465201335,0.19010396290804987,0.04782768590465494,0.43573120525581105,P40,0,0.0,0.0,0.023809523809523808,0.0,
F03855,C_detection_pattern,42,0.6496655356697959,0.8303497597835917,0.10621090194160343,0.4728327414723899,P34,0,0.0,0.0,1.0,1.0,1.0
F03856,not_tiered,42,-0.0634941747142066,0.056074571276869295,0.0723120017443605,0.5094812559649959,P21,12,0.0,0.0,0.0,0.0,
F03857,not_tiered,42,-0.5176660120929727,-0.2292270867971622,0.1590548681814158,0.5987190708960188,P3,0,0.0,0.0,1.0,1.0,
F03858,C_detection_pattern,42,-0.07006634537022531,0.04859884699023827,0.06205841981953801,0.45041576820263374,P38,10,0.0,0.0,1.0,1.0,1.0
F03859,not_tiered,42,-0.07758243837273437,0.10640923930482807,0.11358021703759447,0.6117315837366523,P42,3,0.0,0.0,0.0,0.0,
F03860,not_tiered,42,-0.02956183790176957,0.20624903779618353,0.18000929467305055,0.8579399951503128,P39,1,0.0,0.0,1.0,1.0,
F03861,C_detection_pattern,42,0.06160177242463358,0.28530142368662287,0.11877496902777643,0.526699714127164,P30,0,0.0,0.0,1.0,1.0,1.0
F03862,not_tiered,42,0.27891262468395794,0.34379888085165794,0.03747350110976244,0.3965874782935207,P22,0,1.0,0.0,1.0,1.0,
F03863,not_tiered,42,-0.29304927996036395,-0.050403236786765566,0.15331467283449085,0.5992932365893495,P41,0,0.0,0.0,0.0,0.0,
F03864,not_tiered,42,0.003088618583802979,0.10555070604254482,0.05816735599013672,0.44430789950685284,P5,0,0.0,0.0,0.0,0.0,
F03865,not_tiered,42,-2.7886342693117445,-2.0223222313504365,0.383156018980654,0.683188691036608,P18,0,0.0,0.0,0.0,0.0,
F03866,not_tiered,42,0.5089116308720242,0.6427565523081699,0.07143252882283468,0.34443692539845405,P21,0,1.0,0.0,0.0,0.0,
F03867,C_detection_pattern,42,0.20457821043211943,0.5363632886036759,0.1817699548241194,0.5829203393306779,P12,0,0.0,0.0,1.0,1.0,1.0
F03868,not_tiered,42,-0.738050960597658,-0.676339524647827,0.03221800369731942,0.3364484145732455,P9,0,1.0,0.0,0.0,0.0,
F03869,not_tiered,0,,,,,,0,0.0,0.0,0.047619047619047616,0.047619047619047616,
F03870,not_tiered,42,-0.5463135102547618,-0.45918020000378174,0.05502921635521962,0.4968776575692139,P25,0,1.0,0.0,0.0,0.0,
F03871,not_tiered,42,-0.7164885029930534,-0.5774841816836057,0.0714712782242577,0.3442070481543637,P18,0,1.0,0.0,0.0,0.0,
F03872,not_tiered,42,0.2902584256117328,0.5370194968127944,0.13734258328278487,0.4684383532918214,P8,0,0.0,0.0,1.0,0.0,
F03873,not_tiered,42,-0.7678579970161049,-0.6065254943491645,0.0816072321749236,0.3642997372181941,P20,0,1.0,0.0,0.0,0.0,
F03874,not_tiered,0,,,,,,0,0.0,0.0,1.0,0.0,
F03875,not_tiered,42,-2.2237680427623885,-1.9808882899392224,0.12206668222445649,0.4388348411132457,P27,0,0.0,0.0,0.0,0.0,
F03876,C_detection_pattern,41,0.11823667780237024,0.11823667780237024,4.163336342344337e-17,,P1,0,0.0,0.0,1.0,1.0,1.0
F03877,not_tiered,42,-1.6195111838429572,-1.1751680284289834,0.2804964086037527,0.7949858633106547,P28,0,0.0,0.0,0.0,0.0,
F03878,not_tiered,42,0.6944760033521479,0.9011812260398211,0.12276381260439828,0.35492277819336426,P21,0,0.5,0.0,0.0,0.0,
F03879,not_tiered,42,-0.5179965273298661,-0.3577122131175672,0.08371109014174183,0.3975809176496536,P29,0,0.09523809523809523,0.0,1.0,0.7619047619047619,
F03880,C_detection_pattern,41,-0.2705423331555519,-0.2705423331555519,0.0,,P2,0,0.0,0.0,1.0,1.0,1.0
F03881,C_detection_pattern,42,-0.0578689845679773,0.16486834354216778,0.1132084429906986,0.5049635808172123,P32,3,0.0,0.0,1.0,1.0,1.0
F03882,not_tiered,42,0.12249709609914387,0.17830583316770415,0.029552450378318537,0.3486457055808878,P5,0,0.0,0.0,0.0,0.0,
F03883,not_tiered,42,0.4235354298668804,0.49273018195066187,0.03996640074195629,0.44351852348832216,P22,0,1.0,0.0,0.0,0.0,
F03884,B_abundance,42,-3.3894055983210665,-3.2086901583802203,0.11520060166888246,0.42588316774651397,P1,0,1.0,1.0,0.0,0.0,1.0
F03885,B_abundance,42,1.0491888494727213,1.1695256680600539,0.06948963585384083,0.42413361761090984,P1,0,1.0,1.0,1.0,0.7619047619047619,1.0
F03886,not_tiered,42,-0.7716676509216188,-0.6563060903728093,0.06433901297485112,0.32256367010289316,P31,0,1.0,0.0,0.0,0.0,
F03887,not_tiered,42,-0.8073480382159495,-0.43938129409123733,0.21820402536567318,0.4391828115706234,P41,0,0.0,0.0,0.0,0.0,
F03888,not_tiered,42,-0.7693718216164859,-0.14336874105916925,0.37449858612671966,0.7660282098299057,P9,0,0.0,0.0,0.0,0.0,
F03889,not_tiered,0,,,,,,0,0.0,0.0,0.0,0.0,
F03890,not_tiered,0,,,,,,0,0.0,0.0,0.0,0.0,
F03891,not_tiered,42,0.805530347714564,1.0737353691506288,0.18042036577788523,0.6288360616863559,P25,0,1.0,0.4523809523809524,1.0,0.0,
F03892,C_detection_pattern,42,0.11784689575176417,0.2725548417716797,0.08397435265436572,0.3895044103731281,P10,0,0.0,0.0,1.0,1.0,1.0
F03893,not_tiered,42,-1.3870882676979706,-1.0479117811754162,0.21407239094833264,0.6547783060664281,P9,0,0.0,0.0,0.0,0.0,
F03894,not_tiered,42,-0.3452320822107868,-0.006762052532373164,0.21693923109749202,0.5556287033232578,P16,0,0.0,0.0,0.0,0.0,
F03895,C_detection_pattern,42,-1.1940670373287432,-0.8225243406912099,0.18577134831876663,0.3443629948556233,P10,0,0.0,0.0,1.0,1.0,1.0
F03896,not_tiered,42,0.1854998056487215,0.2700895656240815,0.04753521332906219,0.3849303147153537,P2,0,0.023809523809523808,0.0,0.0,0.0,
F03897,not_tiered,42,0.06470325979102091,0.1701063493721767,0.06169577811691428,0.4647169380714811,P18,0,0.0,0.0,0.0,0.0,
F03898,not_tiered,42,-0.45596020307704677,-0.33728479509220655,0.06304951409751908,0.4907388792604666,P11,0,1.0,0.0,0.0,0.0,
F03899,not_tiered,0,,,,,,0,0.0,0.0,0.0,0.0,
F03900,not_tiered,41,-0.6050081125320403,-0.6050081125320403,0.0,,P2,0,0.0,0.0,0.0,0.0,
F03901,not_tiered,42,-1.1428115235617986,-0.31418844407548097,0.6223122717685362,1.0989350881438218,P2,0,0.0,0.0,0.0,0.0,
F03902,not_tiered,41,-0.2731316447559564,-0.2731316447559564,0.0,,P2,0,0.0,0.0,0.0,0.0,
F03903,not_tiered,42,-0.22702404850713545,-0.025818027882213837,0.11186403371208416,0.3752676444662878,P39,0,0.0,0.0,0.0,0.0,
F03904,not_tiered,42,-0.34735383980177365,-0.28743356831824907,0.03672535838369945,0.3826697977179529,P40,0,1.0,0.0,0.0,0.0,
F03905,not_tiered,42,-0.8151607395085992,-0.6684136411728488,0.0921408649424802,0.5396002419758927,P13,0,0.0,0.0,0.0,0.0,
F03906,not_tiered,42,-1.0756716303511826,-0.7894868573301217,0.14309238651053047,0.2665989032686177,P1,0,0.0,0.0,0.0,0.0,
F03907,not_tiered,42,0.7379596217088567,0.8405864322067763,0.06544503627268805,0.4925998949675829,P18,0,1.0,0.0,0.0,0.0,
F03908,not_tiered,0,,,,,,0,0.0,0.0,0.0,0.0,
F03909,not_tiered,42,-2.472204906660492,-2.0519423956624543,0.21200353301959574,0.531329409846131,P1,0,0.0,0.0,0.0,0.0,
F03910,not_tiered,42,0.46655989757067756,0.6055125139536203,0.09196484319713694,0.4074535676146379,P11,0,0.38095238095238093,0.0,0.0,0.0,
F03911,B_abundance,42,-2.4134053754281,-2.1283845593320483,0.15775041063474182,0.4996386805712749,P2,0,1.0,1.0,0.0,0.0,1.0
F03912,not_tiered,42,-0.3174348105412733,-0.2697476118637485,0.029739272375209125,0.3931659848433984,P25,0,1.0,0.0,0.0,0.0,
F03913,not_tiered,42,-1.029476982972219,-0.8852574156427769,0.1038974641001511,0.6186214511032312,P19,0,1.0,0.3333333333333333,0.0,0.0,
F03914,C_detection_pattern,42,-0.5910216143234998,-0.2529707179566691,0.2548932971514058,0.8558753391511698,P42,0,0.0,0.0,1.0,1.0,1.0
F03915,C_detection_pattern,42,-0.09002097715589485,2.230329420675833,1.160175198915864,1.542597574228008,P1,1,0.0,0.0,1.0,1.0,1.0
F03916,not_tiered,42,-1.1162199913809836,-0.2643617340593849,0.42592912866079935,0.7508553481517275,P1,0,0.0,0.0,0.5952380952380952,0.5952380952380952,
F03917,not_tiered,0,,,,,,0,0.0,0.0,0.0,0.0,
F03918,not_tiered,42,0.19984811443888617,0.6330367415932265,0.21659431357717024,0.3997198008082992,P3,0,0.0,0.0,0.0,0.0,
F03919,not_tiered,41,-0.8898114145536269,-0.8898114145536269,0.0,,P2,0,0.0,0.0,0.0,0.0,
F03920,not_tiered,0,,,,,,0,0.0,0.0,0.0,0.0,
F03921,not_tiered,0,,,,,,0,0.0,0.0,0.0,0.0,
F03922,not_tiered,0,,,,,,0,0.0,0.0,0.0,0.0,
F03923,not_tiered,42,2.7638272995634754,9.930058210794519,3.5831154556155216,2.0783777218612878,P4,0,0.0,0.0,1.0,1.0,
F03924,not_tiered,0,,,,,,0,0.0,0.0,0.0,0.0,
F03925,not_tiered,0,,,,,,0,0.0,0.0,0.047619047619047616,0.0,
F03926,not_tiered,0,,,,,,0,0.0,0.0,0.0,0.0,
F03927,not_tiered,0,,,,,,0,0.0,0.0,0.0,0.0,
F03928,C_detection_pattern,42,-1.4206687499210071,4.176540787431684,3.6229817019177704,1.6686819787645346,P36,1,0.0,0.0,0.7142857142857143,0.7142857142857143,0.7142857142857143
F03929,C_detection_pattern,42,0.4497515170154424,0.6683857520028764,0.11667874334167472,0.4825750839914511,P19,0,0.0,0.0,1.0,1.0,1.0
F03930,not_tiered,41,-1.2146413321444332,-1.2146413321444332,0.0,,P2,0,0.0,0.0,0.5,0.5,
F03931,not_tiered,42,-0.6605143578168344,-0.4283017369531239,0.12169572770683179,0.4538638082521707,P33,0,0.0,0.0,0.0,0.0,
F03932,not_tiered,42,0.51424489201829,1.7494124226992,0.6635386642694237,0.99886920963936,P26,0,0.0,0.0,0.14285714285714285,0.14285714285714285,
F03933,not_tiered,42,0.35721449077511397,0.43199628732916445,0.038013653553211235,0.37846983827069985,P26,0,1.0,0.0,1.0,0.0,
F03934,not_tiered,42,-0.17688105880462957,-0.08791595569869731,0.046478706204273496,0.4109262746677977,P19,0,0.0,0.0,0.0,0.0,
F03935,C_detection_pattern,42,0.19657259124969198,0.3888372087334923,0.09858412062429872,0.42389781478736377,P19,0,0.0,0.0,1.0,1.0,1.0
F03936,C_detection_pattern,42,0.19437795987495388,0.42864618666989557,0.16840186382004202,0.7796116642928463,P28,0,0.0,0.0,1.0,1.0,1.0
F03937,not_tiered,42,-0.9762772578942536,-0.7685881012478616,0.11013913758425953,0.4765830876871414,P27,0,1.0,0.0,0.0,0.0,
F03938,not_tiered,42,-1.4645951744380779,-0.6859861636005192,0.4303000956955818,0.753407798856783,P32,0,0.0,0.0,0.0,0.0,
F03939,C_detection_pattern,42,-0.49708094049263707,-0.27439100990524024,0.13690711128083227,0.5799195770241212,P40,0,0.0,0.0,0.8809523809523809,0.8809523809523809,0.8809523809523809
F03940,C_detection_pattern,42,-0.5072047855707247,0.38181531668195035,0.4812691272633643,0.8496284318942459,P32,5,0.0,0.0,1.0,1.0,1.0
F03941,C_detection_pattern,42,-0.1323924377241201,0.11233961785197989,0.1310069584708029,0.5187591586818976,P32,8,0.0,0.0,1.0,1.0,1.0
F03942,C_detection_pattern,42,-0.34433564626969104,-0.07923332298835961,0.13289116775295529,0.5357545196060041,P36,0,0.0,0.0,1.0,1.0,1.0
F03943,C_detection_pattern,42,0.0390425107234055,0.20879707875967757,0.09657258182124497,0.467891451462167,P39,0,0.0,0.0,1.0,1.0,1.0
F03944,not_tiered,42,0.36628514688626457,0.454781746383346,0.047061865908156086,0.33164053199080923,P1,0,1.0,0.0,1.0,0.0,
F03945,not_tiered,42,0.6007411732773034,0.7212901758568845,0.06724023483929853,0.3923264800112197,P29,0,1.0,0.0,1.0,0.7619047619047619,
F03946,not_tiered,42,-2.4519602736110535,3.23586614862473,2.8439132111178917,2.0224340039306954,P4,1,0.0,0.0,0.09523809523809523,0.09523809523809523,
F03947,not_tiered,42,0.6624732028800306,0.8809463415440366,0.11075090524591202,0.40581540371758495,P28,0,1.0,0.0,0.0,0.0,
F03948,C_detection_pattern,42,-1.0396085505085306,-0.2353364441996091,0.4868616302286548,0.9613427968840569,P35,0,0.0,0.0,1.0,1.0,1.0
F03949,C_detection_pattern,42,0.7072859897482483,0.9068261632714228,0.11288107878361098,0.5214552744303361,P37,0,0.0,0.0,1.0,1.0,1.0
F03950,not_tiered,42,0.37478031939755835,0.6522832392214263,0.19781249961056419,0.7712774186421201,P19,0,0.47619047619047616,0.0,0.0,0.0,
F03951,not_tiered,42,-2.398319913775391,-2.015023060628737,0.22337450760914246,0.5342860468601963,P9,0,0.0,0.0,0.0,0.0,
F03952,B_abundance,42,-2.024741504297079,-1.8504184242625483,0.09332912438881014,0.39940309630282284,P19,0,1.0,1.0,0.0,0.0,1.0
F03953,B_abundance,42,-3.4316332831485807,-3.233338645290288,0.11149911103373933,0.4408537906825089,P1,0,1.0,1.0,0.0,0.0,1.0
F03954,not_tiered,42,-1.1718233807957317,-0.8757260987020956,0.15796026923247442,0.6277547643705617,P32,0,0.0,0.0,0.0,0.0,
F03955,not_tiered,42,-1.428609015742159,-1.1978966641488378,0.14609361387952724,0.5271723690006974,P3,0,1.0,1.0,0.0,0.0,
F03956,not_tiered,0,,,,,,0,0.0,0.0,0.0,0.0,
F03957,not_tiered,42,-0.24988971881402522,-0.11527290367889331,0.07134215842219041,0.3934014125061639,P3,0,0.0,0.0,0.0,0.0,
F03958,not_tiered,42,-0.9581973403767201,-0.6861904933448774,0.16236414942929311,0.5158037017728481,P38,0,0.0,0.0,0.0,0.0,
F03959,not_tiered,42,0.03947069840318011,0.1625840513992612,0.08254137579591489,0.5960178340047299,P19,0,0.0,0.0,0.0,0.0,
F03960,not_tiered,42,-0.33499728907948223,-0.24514540273675686,0.06288718519992412,0.5569182479666579,P21,0,1.0,0.0,0.0,0.0,
F03961,not_tiered,42,0.15169654841938526,0.26844300223729445,0.06998539048932215,0.4897201102011469,P23,0,0.0,0.0,0.0,0.0,
F03962,not_tiered,42,0.07516660865310583,0.15137382619559517,0.04695134394386677,0.4421783036412293,P20,0,0.0,0.0,0.0,0.0,
F03963,not_tiered,42,-1.7544410316186827,-1.158248676316077,0.3076031138738846,0.632176363923127,P9,0,0.0,0.0,0.5,0.5,
F03964,not_tiered,42,-0.8499517789616906,-0.6668974821403406,0.091527148410675,0.17128121630680934,P1,0,0.0,0.0,0.0,0.0,
F03965,not_tiered,42,-0.5816142852779868,-0.3542337393042993,0.12932226412665615,0.47321933743072897,P39,0,0.023809523809523808,0.0,1.0,0.0,
F03966,not_tiered,0,,,,,,0,0.0,0.0,0.0,0.0,
F03967,not_tiered,42,0.6031665890500291,1.6139260056929159,0.7565536664729924,0.9343668502499639,P27,0,0.0,0.0,0.09523809523809523,0.09523809523809523,
F03968,not_tiered,42,0.06450409218895399,0.8260799717334567,0.39773422427594424,0.8883079553774208,P17,0,0.0,0.0,1.0,1.0,
F03969,not_tiered,42,-0.3352318540686259,0.976755173311334,0.6559935136899799,1.0728028114994772,P1,1,0.0,0.0,1.0,1.0,
F03970,not_tiered,42,0.1765104878721973,0.2669899320268688,0.05155974948776654,0.45516737978377714,P25,0,0.09523809523809523,0.0,0.0,0.0,
F03971,not_tiered,42,0.37122080580963224,0.5018573583067307,0.08570707342704065,0.5158417311088352,P35,0,1.0,0.0,0.0,0.0,
F03972,C_detection_pattern,41,1.617552945810246,1.617552945810246,0.0,,P1,0,0.0,0.0,1.0,1.0,1.0
F03973,not_tiered,42,-0.09316257353433632,0.049729463022110065,0.08132520431772167,0.42823547357028724,P16,6,0.0,0.0,0.023809523809523808,0.0,
F03974,not_tiered,42,0.7443900706700537,0.8037228014682247,0.0317835504988655,0.29184164553083886,P1,0,1.0,0.0,0.0,0.0,
F03975,not_tiered,42,-0.10144440183023752,-0.03686997800746292,0.037676110452436615,0.5083866792835697,P25,0,0.0,0.0,0.0,0.0,
F03976,not_tiered,42,-1.226234924844923,-0.9838061197560762,0.15816395170337783,0.4383606195251365,P23,0,1.0,0.2619047619047619,0.0,0.0,
F03977,not_tiered,42,0.2434991870189016,0.39597454757546624,0.1108297335980935,0.7584051800760602,P14,0,1.0,0.0,0.0,0.0,
F03978,not_tiered,42,0.2034378401649016,0.27669404764525085,0.0380546069253985,0.3793505157534974,P42,0,0.8809523809523809,0.0,0.0,0.0,
F03979,not_tiered,42,-0.6872393758577507,-0.6285192745857081,0.03367477775259786,0.37053946146340894,P34,0,1.0,0.0,0.0,0.0,
F03980,not_tiered,42,-2.1397334057113895,0.20265744804640562,1.1711954268788975,1.549897229848938,P8,1,0.0,0.0,0.0,0.0,
F03981,not_tiered,42,-0.9760808256993031,-0.6251329628739205,0.19580337416852978,0.6016619968524887,P10,0,0.0,0.0,0.0,0.0,
F03982,not_tiered,42,0.18107748448150912,0.597669102985442,0.22168587316304195,0.6841039233898343,P17,0,0.0,0.0,0.0,0.0,
F03983,C_detection_pattern,42,-0.1803290134993336,0.1619658495080197,0.1723739597018313,0.6500504630231829,P34,6,0.0,0.0,1.0,1.0,1.0
F03984,not_tiered,42,-1.763214381938494,-1.420578809704277,0.1960033463694859,0.5988047076883699,P1,0,0.0,0.0,0.0,0.0,
F03985,not_tiered,0,,,,,,0,0.0,0.0,0.0,0.0,
F03986,not_tiered,42,0.5476901621442626,0.6107652468228317,0.03573612027442774,0.4062874222832367,P15,0,1.0,0.0,0.0,0.0,
F03987,not_tiered,42,-0.5761584855261054,-0.4585124960283002,0.07205696913760545,0.47041558770028036,P42,0,1.0,0.0,0.0,0.0,
F03988,not_tiered,42,-0.5736752045820547,-0.3549080240223372,0.14764246882172555,0.6268916755484624,P42,0,0.11904761904761904,0.0,0.0,0.0,
F03989,C_detection_pattern,42,-2.655921308339961,-2.1607399788167085,0.2546095510749078,0.6374683550448327,P37,0,0.0,0.0,1.0,1.0,1.0
F03990,C_detection_pattern,42,-0.30405731595292995,-0.13085973071456874,0.10718798293347415,0.6887855480365324,P22,0,0.0,0.0,1.0,1.0,1.0
F03991,not_tiered,42,0.5132072921409685,0.5916713457160374,0.04107318652007541,0.37408281916723546,P18,0,1.0,0.0,0.0,0.0,
F03992,B_abundance,42,1.144693120857111,1.260592553995315,0.07306310830120455,0.3868625643385337,P22,0,1.0,1.0,0.0,0.0,1.0
F03993,not_tiered,0,,,,,,0,0.0,0.0,0.0,0.0,
F03994,not_tiered,42,-0.20686193909101572,-0.038799031382240175,0.10447490585014463,0.5930075976068336,P21,0,0.0,0.0,1.0,0.7619047619047619,
F03995,C_detection_pattern,42,-0.04830291741898549,0.21440315251548903,0.1517022235026907,0.6414333957605384,P36,1,0.0,0.0,1.0,1.0,1.0
F03996,not_tiered,42,0.3237487996641691,0.38984766343526295,0.04008258413121979,0.44597330268363106,P23,0,1.0,0.0,0.0,0.0,
F03997,not_tiered,42,-0.1893282052923091,3.5999423721781607,1.894635288735235,1.8619206341779522,P1,1,0.0,0.0,0.0,0.0,
F03998,not_tiered,0,,,,,,0,0.0,0.0,0.0,0.0,
F03999,C_detection_pattern,42,-2.8579731794296013,-1.8788060903872048,0.49317903457659273,0.7883215889767478,P9,0,0.0,0.0,1.0,1.0,1.0
F04000,not_tiered,0,,,,,,0,0.0,0.0,0.0,0.0,
F04001,not_tiered,42,-1.0673826597120104,-0.7764730092346991,0.18943419246704662,0.6400595978024646,P4,0,0.0,0.0,0.0,0.0,
F04002,not_tiered,41,0.06531323776454556,0.06531323776454556,5.551115123125783e-17,,P2,0,0.0,0.0,0.0,0.0,
F04003,not_tiered,42,0.07612476295914251,0.2409913107079788,0.128725994819458,0.8267383256667973,P19,0,0.023809523809523808,0.0,0.0,0.0,
F04004,not_tiered,42,0.060289194512959034,0.11415772906650637,0.02818698749228856,0.3471951503974356,P19,0,0.0,0.0,0.0,0.0,
F04005,not_tiered,0,,,,,,0,0.0,0.0,0.0,0.0,
F04006,not_tiered,42,-1.3631353135217725,-1.1823300451356429,0.10750933425353937,0.48424847797751774,P4,0,0.0,0.0,0.07142857142857142,0.07142857142857142,
F04007,not_tiered,42,0.08591216217431309,0.13652128564021082,0.030093371931648225,0.4622573329964843,P22,0,0.023809523809523808,0.0,0.0,0.0,
F04008,C_detection_pattern,42,-0.14276890860523098,0.6796894305836781,0.5160201005245338,1.0556058266632464,P30,1,0.0,0.0,1.0,1.0,1.0
F04009,not_tiered,42,-0.32335370367769156,-0.2411132334039235,0.051458376791470806,0.4419972044483713,P19,0,1.0,0.0,0.0,0.0,
F04010,not_tiered,42,0.17040277343639595,0.6848850072065302,0.3431547209129673,0.8113617574904041,P14,0,0.0,0.0,1.0,1.0,
F04011,C_detection_pattern,42,-3.347560070520038,-1.0545905084368847,1.4714868428866006,1.2171365877560383,P38,0,0.0,0.0,1.0,1.0,1.0
F04012,B_abundance,42,-3.7517758344510894,-3.442870468809429,0.15968319124172803,0.3305097443467262,P17,0,1.0,1.0,0.0,0.0,1.0
F04013,not_tiered,0,,,,,,0,0.0,0.0,0.0,0.0,
F04014,not_tiered,42,0.03794886033487773,0.13741096760073646,0.05139506614818626,0.42048244562165193,P23,0,0.0,0.0,0.8333333333333334,0.0,
F04015,C_detection_pattern,42,1.5486194335658807,2.1145155512057086,0.32472748276825847,0.6516119803769462,P30,0,0.0,0.0,1.0,1.0,1.0
F04016,not_tiered,42,-1.5797192607695905,-0.343793208305617,0.7066536379786794,0.9599525529456098,P21,0,0.0,0.0,0.0,0.0,
F04017,not_tiered,42,-0.3469465005143215,0.21779295962423895,0.31834780098130366,0.7208325824203184,P32,1,0.0,0.0,0.0,0.0,
F04018,not_tiered,42,-0.008919929361769281,0.19649004120792868,0.10563214434067558,0.5453675755630109,P18,1,0.0,0.0,0.0,0.0,
F04019,C_detection_pattern,42,-0.2984896938516134,-0.18127934458659617,0.06361630892739853,0.33051023914588423,P36,0,0.0,0.0,1.0,1.0,1.0
F04020,not_tiered,42,0.622422191070238,0.8178628224132496,0.09799330905335302,0.42205733309428306,P28,0,0.0,0.0,1.0,1.0,
F04021,not_tiered,42,0.3936269361717827,0.48409518882229646,0.0544737835805692,0.4950690255685429,P25,0,1.0,0.0,0.0,0.0,
F04022,C_detection_pattern,42,-2.6609319154459152,-2.1087067596134297,0.29520086260496425,0.4410058117330863,P10,0,0.0,0.0,1.0,1.0,1.0
F04023,not_tiered,41,-1.5999602342439943,-1.5999602342439943,2.220446049250313e-16,,P1,0,0.0,0.0,0.0,0.0,
F04024,not_tiered,42,-0.613504831428593,-0.45803764938737623,0.0983874223936324,0.46152408153926766,P23,0,1.0,0.0,0.0,0.0,
F04025,not_tiered,42,-0.7423983917565788,0.15595116611648052,0.44917477893652974,0.7866447876041832,P1,1,0.0,0.0,0.0,0.0,
F04026,C_detection_pattern,42,-0.6240854239905751,2.3381797266465743,1.4811325753185747,1.718120988193796,P1,1,0.0,0.0,1.0,1.0,1.0
F04027,B_abundance,42,-1.4174769380609673,-1.302021469414792,0.07093435475811316,0.46882980665849205,P22,0,1.0,1.0,0.0,0.0,1.0
F04028,not_tiered,42,-0.8034080713777737,-0.7101475602267504,0.06284972700183222,0.5515447674248664,P19,0,1.0,0.0,0.0,0.0,
F04029,not_tiered,42,-1.2033895974326918,-0.9564804854066614,0.16157160940020188,0.5665567036005006,P39,0,0.0,0.0,0.0,0.0,
F04030,C_detection_pattern,42,-0.7298134951380065,0.1548349364507706,0.44378177404479474,0.5785014175583584,P25,3,0.0,0.0,1.0,1.0,1.0
F04031,not_tiered,42,-0.31370353239386856,-0.1578942066160959,0.11064031051462,0.6149947791415199,P23,0,0.0,0.0,0.8333333333333334,0.0,
F04032,C_detection_pattern,42,-1.8757926579639133,-1.7906105489424728,0.042591054510720205,0.07989614465135153,P3,0,0.0,0.0,1.0,1.0,1.0
F04033,not_tiered,42,0.8563828796718017,1.0874845862790148,0.13936742399020186,0.6017758030172375,P40,0,1.0,0.38095238095238093,1.0,0.7619047619047619,
F04034,not_tiered,42,0.8001691590105459,0.9135718392252616,0.05911722864288549,0.3611843530676873,P35,0,1.0,0.0,0.0,0.0,
F04035,C_detection_pattern,42,-0.055955412213690714,0.8961173611342659,0.5185187660152311,1.0099950209315642,P15,1,0.0,0.0,1.0,1.0,1.0
F04036,not_tiered,42,1.0889796240650267,1.3730854070518976,0.16953156847731354,0.5923313598103831,P24,0,0.0,0.0,1.0,1.0,
F04037,not_tiered,42,0.556498330653954,0.9398895844631334,0.23248641380321988,0.7041799901481121,P21,0,0.9047619047619048,0.0,0.0,0.0,
F04038,B_abundance,42,0.903652259883733,1.108317898383022,0.11407145835637056,0.5235022799121046,P5,0,1.0,0.7142857142857143,1.0,0.7619047619047619,0.7142857142857143
F04039,B_abundance,42,1.0346431172822639,1.1907347815520657,0.08173538438248729,0.4658115195557327,P26,0,1.0,1.0,0.8333333333333334,0.0,1.0
F04040,C_detection_pattern,42,-0.720899598048083,-0.12583220020546623,0.3690213994934609,0.9010328110153085,P36,0,0.0,0.0,1.0,1.0,1.0
F04041,C_detection_pattern,42,0.1592808043165371,0.5971170770424467,0.30831313274356076,0.8146415545801206,P35,0,0.0,0.0,1.0,1.0,1.0
F04042,C_detection_pattern,42,-0.8966072918051804,0.10631885599826774,0.6568373483102663,1.2009960282730372,P31,1,0.0,0.0,1.0,1.0,1.0
F04043,C_detection_pattern,42,0.7296087598158107,1.1467734157896134,0.24567120055811742,0.6537444710630567,P34,0,0.0,0.0,1.0,1.0,1.0
F04044,not_tiered,42,-0.22648656388624028,-0.11027926679122274,0.07904774178616705,0.5399309393884516,P2,0,0.0,0.0,1.0,0.0,
F04045,not_tiered,42,-0.3082206497414855,-0.16176369339779134,0.07368578773929246,0.31840084583013345,P18,0,0.0,0.0,0.0,0.0,
F04046,C_detection_pattern,42,-0.21300190878338993,1.0721803739659115,0.7177107962350335,0.7470078077568859,P6,1,0.0,0.0,1.0,1.0,1.0
F04047,B_abundance,42,-1.6525613642847854,-1.5174075286813675,0.08767578883004212,0.44017563592809567,P19,0,1.0,1.0,0.0,0.0,1.0
F04048,not_tiered,42,-1.1296862072188112,-0.9971137097785251,0.0897631759594465,0.45670134112748356,P18,0,1.0,0.9761904761904762,0.0,0.0,
F04049,not_tiered,42,-1.5055138086922686,-1.1599522085731824,0.211667040058096,0.6938891653130382,P17,0,0.0,0.0,0.09523809523809523,0.09523809523809523,
F04050,not_tiered,42,-0.46301144115073084,0.13381069166885853,0.43265260571298286,0.8193317839945089,P8,8,0.0,0.0,0.0,0.0,
F04051,not_tiered,42,-0.9643656131968681,-0.8164061945547305,0.07659443593390769,0.43962620616366627,P29,0,1.0,0.0,0.0,0.0,
F04052,B_abundance,42,-1.1001363520683276,-0.968436074829989,0.07680151121159295,0.402651634503368,P25,0,1.0,0.9285714285714286,0.0,0.0,0.9285714285714286
F04053,not_tiered,42,0.11154542089299113,0.2072506300127953,0.05240140913939828,0.36026797149610074,P13,0,0.0,0.0,0.0,0.0,
F04054,not_tiered,42,-1.7238230141384812,-1.0160268195738735,0.36889191903284413,0.6002809419843129,P39,0,0.0,0.0,0.0,0.0,
F04055,not_tiered,42,-2.124798820748331,0.6812306726311972,1.7478011496439914,1.575971921741294,P5,1,0.0,0.0,0.0,0.0,
F04056,not_tiered,42,0.8973148504653473,1.039300604443809,0.08135562507419647,0.42427681384734234,P23,0,1.0,0.07142857142857142,0.8333333333333334,0.0,
F04057,B_abundance,42,-1.6498346623483355,-1.5441856797813371,0.054386650367381995,0.3291150382827519,P32,0,1.0,1.0,0.0,0.0,1.0
F04058,B_abundance,42,-1.151216348255432,-1.0062406366346983,0.09787529288184671,0.49234706228018926,P21,0,1.0,1.0,0.0,0.0,1.0
F04059,C_detection_pattern,42,0.5770426197244737,0.7062630657883405,0.0719681513650845,0.41893713960463885,P16,0,0.0,0.0,1.0,1.0,1.0
F04060,C_detection_pattern,42,-1.1167323766876964,-0.3963907465566141,0.4004475749043389,0.741961130335106,P8,0,0.0,0.0,1.0,1.0,1.0
F04061,not_tiered,0,,,,,,0,0.0,0.0,0.0,0.0,
F04062,C_detection_pattern,42,0.47133926425443634,1.282339114401519,0.5131219507711327,1.0442238999305884,P8,0,0.0,0.0,1.0,1.0,1.0
F04063,C_detection_pattern,42,-0.5641016864811584,0.5905834374538639,0.6824578867927545,1.13930930606918,P33,1,0.0,0.0,1.0,1.0,1.0
F04064,C_detection_pattern,42,0.9846914682581822,3.4227158851508896,1.6715746658386061,1.319386245401099,P7,0,0.0,0.0,1.0,1.0,1.0
F04065,not_tiered,42,-0.5892704606676578,0.16611205900667336,0.39567309052074684,0.8383549124385147,P35,1,0.0,0.0,1.0,1.0,
F04066,B_abundance,42,-1.7390156433312631,-1.5721817086912708,0.0956761704851008,0.40414303950093367,P31,0,1.0,1.0,0.0,0.0,1.0
F04067,C_detection_pattern,42,-0.3341658254031009,0.010342438720305713,0.1947987047128219,0.6533268439099434,P35,1,0.0,0.0,1.0,1.0,1.0
F04068,not_tiered,41,-2.0920805989454827,-2.0920805989454827,0.0,,P2,0,0.0,0.0,0.0,0.0,
F04069,C_detection_pattern,41,-1.1775897126403692,-1.1775897126403692,0.0,,P2,0,0.0,0.0,1.0,1.0,1.0
F04070,C_detection_pattern,42,0.32259381979523394,0.47159465911240683,0.08326956002816738,0.45805453960088194,P4,0,0.0,0.0,1.0,1.0,1.0
F04071,not_tiered,0,,,,,,0,0.0,0.0,0.0,0.0,
F04072,not_tiered,41,-0.17999813556944666,-0.17999813556944666,5.551115123125783e-17,,P2,0,0.0,0.0,0.9047619047619048,0.7619047619047619,
F04073,not_tiered,42,0.04795338476978728,0.16296193745992985,0.06650200032193765,0.4378629463343419,P12,0,0.0,0.0,1.0,0.7619047619047619,
F04074,C_detection_pattern,42,-1.1721622789629846,-0.42614391620842823,0.5316440475368394,1.1166433382425995,P1,0,0.0,0.0,1.0,1.0,1.0
F04075,not_tiered,42,0.42112953300720657,0.5009850965072558,0.050324075653582545,0.4249099397075746,P39,0,1.0,0.0,0.0,0.0,
F04076,not_tiered,42,1.2535819495866325,2.1573314671065704,0.46586197194898293,0.6642592843695794,P36,0,0.0,0.0,0.14285714285714285,0.14285714285714285,
F04077,C_detection_pattern,42,-0.7267164569148132,1.4031090589152684,1.0655941274485012,1.292189701531956,P20,1,0.0,0.0,1.0,1.0,1.0
F04078,not_tiered,42,0.22863567495546727,0.527507812279405,0.2350355167643483,0.8661169413444744,P14,0,0.0,0.0,1.0,0.0,
F04079,not_tiered,42,0.13668812074619135,0.19047528620062915,0.027909578378671446,0.3234791143948273,P31,0,0.023809523809523808,0.0,0.0,0.0,
F04080,C_detection_pattern,42,-1.0306976879743257,0.3168005093316191,1.0827405205331297,1.135041630029459,P38,1,0.0,0.0,1.0,1.0,1.0
F04081,not_tiered,42,-0.011266380496836762,0.17502269878328575,0.10406063702635225,0.4841907024300425,P11,3,0.0,0.0,0.8095238095238095,0.7619047619047619,
F04082,C_detection_pattern,42,-1.5305928238668662,-1.2737633272398985,0.1539853027592868,0.5231047593123275,P21,0,0.0,0.0,1.0,1.0,1.0
F04083,not_tiered,42,-0.6761081322155558,-0.4674255462042793,0.13260793295062562,0.6191354368864124,P42,0,0.0,0.0,0.0,0.0,
F04084,C_detection_pattern,42,0.05658561648875171,0.8486209451396274,0.4205520816990731,0.8775179339241755,P3,0,0.0,0.0,1.0,1.0,1.0
F04085,C_detection_pattern,42,0.14372260373706158,0.4341664459959583,0.1677502522024521,0.6037240618125224,P39,0,0.0,0.0,1.0,1.0,1.0
F04086,not_tiered,42,-0.7360495401490592,0.2095299822273251,0.4727897611881922,0.8222730660538901,P22,1,0.0,0.0,0.0,0.0,
F04087,not_tiered,41,-0.17654434258268203,-0.17654434258268203,2.7755575615628914e-17,,P2,0,0.0,0.0,0.0,0.0,
F04088,C_detection_pattern,42,0.07591939897625906,0.2723771204887642,0.10993954563386464,0.5867363490497669,P34,0,0.0,0.0,1.0,1.0,1.0
F04089,not_tiered,42,-0.7477254803560212,-0.5594273374424357,0.09835310468903602,0.34709775307029966,P18,0,0.6190476190476191,0.0,0.0,0.0,
F04090,C_detection_pattern,42,-2.676141190694323,-2.4061552494927625,0.15386846219162953,0.4996492920399649,P31,0,0.0,0.0,1.0,1.0,1.0
F04091,B_abundance,42,-3.1790110354539047,-2.91706760015059,0.13721910354046551,0.3790892536834365,P32,0,1.0,1.0,0.0,0.0,1.0
F04092,not_tiered,42,-0.4117820212194905,-0.34563297408233995,0.03370549291932484,0.30321570336324594,P25,0,1.0,0.0,0.0,0.0,
F04093,not_tiered,42,-0.3098980601914104,-0.1755097822356854,0.07738089655113192,0.4377422412050478,P31,0,0.0,0.0,0.0,0.0,
F04094,not_tiered,42,-0.0883891149251783,0.0056958697445088444,0.06179085997165304,0.43778916500063936,P18,1,0.0,0.0,0.0,0.0,
F04095,not_tiered,42,-0.6194491411010079,-0.3840479821748731,0.1921923553130095,0.9110013456978475,P29,0,1.0,0.0,0.0,0.0,
F04096,not_tiered,42,0.4679935019894029,0.5613135520846081,0.056344833198820554,0.38853694194320937,P2,0,1.0,0.0,0.0,0.0,
F04097,not_tiered,0,,,,,,0,0.0,0.0,0.0,0.0,
F04098,not_tiered,42,-1.6611450206233975,-0.5305363866312653,0.6701262153785497,1.1860999051269363,P3,0,0.0,0.0,0.0,0.0,
F04099,C_detection_pattern,42,-1.6116396746893085,-1.1790255665340281,0.25787091756900127,0.7610992104610851,P35,0,0.0,0.0,1.0,1.0,1.0
F04100,C_detection_pattern,42,-1.6472681218184486,0.15134034771089055,1.0841505046863085,0.9865983552187211,P21,1,0.0,0.0,1.0,1.0,1.0
F04101,not_tiered,42,0.14492955976989683,0.2513989070719811,0.055458222820034375,0.3975347944826165,P20,0,0.0,0.0,0.8333333333333334,0.0,
F04102,C_detection_pattern,42,-0.5158845149527986,-0.024969895365172096,0.29024173361478584,0.8621588918933027,P32,0,0.0,0.0,1.0,1.0,1.0
F04103,not_tiered,42,-0.42784633626013197,-0.2918883549882816,0.09370109848617869,0.5975021608509559,P35,0,0.9285714285714286,0.0,0.0,0.0,
F04104,not_tiered,0,,,,,,0,0.0,0.0,0.0,0.0,
F04105,B_abundance,42,-2.1587244867753097,-1.998108298330894,0.10014376617088194,0.5789120344681568,P1,0,1.0,1.0,0.0,0.0,1.0
F04106,not_tiered,41,0.19956057352632683,0.19956057352632683,2.7755575615628914e-17,,P2,0,0.0,0.0,0.0,0.0,
F04107,not_tiered,42,-0.49374389452004036,-0.2498260369517081,0.14726241671783,0.5755893259581939,P22,0,0.0,0.0,0.0,0.0,
F04108,C_detection_pattern,42,-1.5298720975714986,-1.138192595437743,0.1974716756111834,0.575119523980743,P20,0,0.0,0.0,1.0,1.0,1.0
F04109,not_tiered,42,-1.4166317857040347,-0.9020160192762372,0.25798648410441705,0.7222900245929252,P38,0,0.0,0.0,0.0,0.0,
F04110,B_abundance,42,-1.2141595320176413,-1.1223927346636375,0.06084245204502481,0.5132685583514057,P23,0,1.0,1.0,0.0,0.0,1.0
F04111,B_abundance,42,-1.276612696937338,-1.1049237015451923,0.11438723974307075,0.5549005827699257,P19,0,1.0,1.0,0.0,0.0,1.0
F04112,C_detection_pattern,42,-0.3117984764463834,-0.12578904581311612,0.10824256631678372,0.5147650430107109,P9,0,0.0,0.0,1.0,1.0,1.0
F04113,not_tiered,42,-0.3964117369581852,-0.23301701677280023,0.08271572374626329,0.41320837874419514,P37,0,0.0,0.0,0.0,0.0,
F04114,not_tiered,42,0.41699722658710636,0.5250746174823805,0.06791349790054951,0.413481024633582,P39,0,0.2857142857142857,0.0,1.0,1.0,
F04115,C_detection_pattern,41,-1.0339308546043782,-1.0339308546043782,0.0,,P1,0,0.0,0.0,1.0,1.0,1.0
F04116,not_tiered,0,,,,,,0,0.0,0.0,1.0,0.0,
F04117,not_tiered,42,-0.07847110541938207,0.08077480023025552,0.08864826634029402,0.5210829130148901,P18,10,0.0,0.0,0.8333333333333334,0.0,
F04118,C_detection_pattern,0,,,,,,0,0.0,0.0,1.0,1.0,1.0
F04119,not_tiered,42,-0.7549906410868266,-0.3179814743216313,0.2872412006885562,0.7922482029763458,P40,0,0.023809523809523808,0.0,1.0,0.0,
F04120,not_tiered,42,-0.9173552453366882,-0.727367546466354,0.10409120261047278,0.43273314032335786,P2,0,1.0,0.0,0.0,0.0,
F04121,not_tiered,42,-1.3021978334383277,-0.2611831361586656,0.5205073486398311,0.8919733742688433,P1,0,0.0,0.0,0.0,0.0,
F04122,C_detection_pattern,42,-0.4976183437668304,-0.2710647434825306,0.1299693786662119,0.4237840202271271,P9,0,0.0,0.0,1.0,1.0,1.0
F04123,not_tiered,42,-0.42430852198015134,-0.1598785148708741,0.16532515429424105,0.6477461027171166,P22,0,0.0,0.0,1.0,1.0,
F04124,not_tiered,42,-2.1855833714630633,0.04511979716911929,1.2017126738243338,1.1243803913574468,P32,1,0.0,0.0,1.0,1.0,
F04125,C_detection_pattern,41,0.400754876650371,0.400754876650371,0.0,,P2,0,0.0,0.0,1.0,1.0,1.0
F04126,C_detection_pattern,42,-0.13461675733141393,0.10130451333749932,0.12336039732766453,0.4703064429917019,P13,8,0.0,0.0,1.0,1.0,1.0
F04127,C_detection_pattern,41,-0.25234568159099524,-0.25234568159099524,5.551115123125783e-17,,P2,0,0.0,0.0,1.0,1.0,1.0
F04128,not_tiered,42,0.026789370563768695,0.1467929765051294,0.0646572958282945,0.40616902270050637,P37,0,0.0,0.0,0.0,0.0,
F04129,not_tiered,42,0.24645320968524853,2.7725253243414008,1.456970859833499,1.4987071963485876,P9,0,0.0,0.0,0.0,0.0,
F04130,not_tiered,41,0.8928920638251334,0.8928920638251334,0.0,,P1,0,0.0,0.0,0.0,0.0,
F04131,C_detection_pattern,41,-3.766088289875391,-3.766088289875391,0.0,,P1,0,0.0,0.0,1.0,1.0,1.0
F04132,not_tiered,42,-0.2418809554586304,0.010514295294932627,0.1284204000338882,0.4936780100200612,P41,2,0.0,0.0,0.023809523809523808,0.0,
F04133,not_tiered,42,0.4392312194614412,0.655874432044072,0.1095113884052189,0.3903806165265663,P33,0,0.0,0.0,0.0,0.0,
F04134,not_tiered,42,-0.8011663881278849,-0.5115743746478649,0.15066678688140855,0.578711498655484,P41,0,0.0,0.0,0.0,0.0,
F04135,not_tiered,42,-0.6756531378320795,-0.3042934471876376,0.2657824399685145,0.7889301822909045,P33,0,0.0,0.0,0.09523809523809523,0.09523809523809523,
F04136,C_detection_pattern,42,2.03453753745634,2.9028930268145317,0.43894757668374496,0.8895222232694447,P1,0,0.0,0.0,1.0,1.0,1.0
F04137,not_tiered,42,-0.21467991490770136,-0.03645111094500392,0.10072670914047296,0.5851273416150743,P5,0,0.0,0.0,0.8333333333333334,0.0,
F04138,not_tiered,42,-0.5523058455755228,-0.20362809387352393,0.253830759954449,0.7800459211321275,P6,0,0.0,0.0,1.0,1.0,
F04139,not_tiered,0,,,,,,0,0.0,0.0,0.0,0.0,
F04140,not_tiered,42,-0.36257657708680413,-0.026762043181970396,0.20599531853831762,0.7420372887344108,P34,0,0.0,0.0,0.0,0.0,
F04141,C_detection_pattern,42,-1.7601225812026486,0.7095544943009244,1.246002622121726,1.3431024067569772,P30,1,0.0,0.0,1.0,1.0,1.0
F04142,not_tiered,42,-5.112629816043417,-3.752851218940037,0.7954094214292811,1.0737565029186458,P12,0,0.0,0.0,0.0,0.0,
F04143,not_tiered,42,0.18080310957607026,0.26711072512706036,0.04967326118192705,0.354889135641312,P39,0,0.0,0.0,0.0,0.0,
F04144,not_tiered,42,-0.6546648429564333,-0.140211219332855,0.40097798605180474,0.8679516327165357,P42,0,0.0,0.0,0.0,0.0,
F04145,C_detection_pattern,0,,,,,,0,0.0,0.0,1.0,1.0,1.0
F04146,not_tiered,0,,,,,,0,0.0,0.0,0.0,0.0,
F04147,not_tiered,42,-2.248850272387623,-1.15780629261872,0.5728097358168582,0.9177721246258499,P16,0,0.0,0.0,1.0,1.0,
F04148,C_detection_pattern,42,0.12018463235799856,0.5022293170287853,0.25180182492977565,0.7660475044370545,P10,0,0.0,0.0,1.0,1.0,1.0
F04149,not_tiered,42,-0.8695186451353294,-0.27910084247750966,0.29520890132890987,0.5371492383039101,P9,0,0.0,0.0,0.0,0.0,
F04150,not_tiered,42,-1.607808058271555,3.4372633869000424,2.5225357225857987,1.9842094502159449,P1,1,0.0,0.0,0.047619047619047616,0.047619047619047616,
F04151,not_tiered,0,,,,,,0,0.0,0.0,0.0,0.0,
F04152,not_tiered,42,-2.4318832873533993,-0.988933371552805,1.0839308219380996,1.2644588982733629,P42,0,0.0,0.0,0.0,0.0,
F04153,not_tiered,42,-0.3555583323086638,-0.2039978332535826,0.09078807931446989,0.4731779948310746,P30,0,0.0,0.0,0.0,0.0,
F04154,B_abundance,42,-1.400468893499111,-1.1621479250951994,0.19423766263896902,0.7667489201462474,P38,0,1.0,1.0,0.0,0.0,1.0
F04155,not_tiered,42,-0.7097223910677485,-0.26198098364776207,0.2682803554788819,0.6778870009301143,P19,0,0.0,0.0,0.0,0.0,
F04156,not_tiered,42,0.2222503427026597,0.4386314348607955,0.11507217550332671,0.5074008715359691,P8,0,0.0,0.0,1.0,0.7619047619047619,
F04157,C_detection_pattern,42,0.47764772486441953,1.5880211277992737,0.6893578781342053,0.8773212977294725,P38,0,0.0,0.0,1.0,1.0,1.0
F04158,C_detection_pattern,42,-0.35755260265367383,0.4023642724459737,0.47747571997090765,0.8043258518738543,P39,3,0.0,0.0,1.0,1.0,1.0
F04159,C_detection_pattern,42,-0.8473327932942354,-0.38462539946303487,0.24039581268968657,0.6505382185278785,P1,0,0.0,0.0,1.0,1.0,1.0
F04160,not_tiered,42,-1.822558906719705,-1.4383680106876242,0.21008925553218605,0.5796078487851033,P29,0,0.0,0.0,0.0,0.0,
F04161,not_tiered,42,1.5504739528482223,1.7820961932790693,0.13672405252272668,0.501691474575595,P18,0,0.0,0.0,1.0,1.0,
F04162,not_tiered,42,-0.12232658453647798,0.15721453053761994,0.19338202270090815,0.6270142305210156,P21,5,0.0,0.0,0.0,0.0,
F04163,not_tiered,0,,,,,,0,0.0,0.0,0.0,0.0,
F04164,not_tiered,42,-0.6333052316428442,-0.36743021530253334,0.14359829233080884,0.5699574319877084,P9,0,0.0,0.0,0.11904761904761904,0.11904761904761904,
F04165,not_tiered,42,-0.6861038541442692,-0.12456625189084924,0.28076880112671004,0.512353911846947,P22,0,0.0,0.0,0.0,0.0,
F04166,C_detection_pattern,42,-1.2967146531327796,2.872726867145225,2.0847207601390023,1.907984517231891,P7,1,0.0,0.0,1.0,1.0,1.0
F04167,not_tiered,42,-0.7478062392440012,0.365050123198702,0.6633410746823278,1.1814863158807807,P28,1,0.0,0.0,0.07142857142857142,0.07142857142857142,
F04168,not_tiered,42,0.04865540707203829,0.3617693780956249,0.16821494546782023,0.48960113360598034,P42,0,0.0,0.0,1.0,1.0,
F04169,not_tiered,42,0.4206696379287066,0.7074916908790204,0.17910117425526306,0.5206438901478619,P1,0,0.023809523809523808,0.0,0.0,0.0,
F04170,not_tiered,42,-0.22169236490137054,0.06570642298465779,0.16212138486455593,0.47411849947175505,P26,7,0.0,0.0,0.0,0.0,
F04171,not_tiered,42,0.5346578729559275,0.7584397471144413,0.12086302717408026,0.3739130028517488,P16,0,0.047619047619047616,0.0,0.0,0.0,
F04172,not_tiered,42,0.42809543363805086,0.5289888194561956,0.06688115726602056,0.6005768842722341,P23,0,1.0,0.0,0.0,0.0,
F04173,not_tiered,0,,,,,,0,0.0,0.0,0.0,0.0,
F04174,C_detection_pattern,42,0.056078416806783236,0.18592475424590268,0.07982583304936139,0.49952947598776143,P16,0,0.0,0.0,1.0,1.0,1.0
F04175,not_tiered,42,-0.6503568190274771,-0.5773513599209141,0.045563828084653535,0.4277606328332367,P18,0,1.0,0.0,0.0,0.0,
F04176,C_detection_pattern,42,0.39347468269431,1.2705138768684179,0.6088668875256718,1.179811384038532,P35,0,0.0,0.0,1.0,1.0,1.0
F04177,not_tiered,42,0.7648858251779675,0.9898757944647022,0.1222816697496627,0.4667887731028346,P21,0,1.0,0.0,0.0,0.0,
F04178,not_tiered,42,-3.1823265072235554,-2.1978741027305064,0.49243132398069767,0.9506738881379291,P8,0,0.0,0.0,0.0,0.0,
F04179,not_tiered,0,,,,,,0,0.0,0.0,0.0,0.0,
F04180,not_tiered,42,-0.20067143699268647,-0.10328696288764362,0.052591488860762176,0.4197376734004531,P7,0,0.0,0.0,1.0,1.0,
F04181,C_detection_pattern,42,-0.21664418641654726,0.123494912693521,0.21512233138133902,0.7774447073500736,P42,2,0.0,0.0,1.0,1.0,1.0
F04182,not_tiered,42,-0.028092583031907203,0.5593464633308806,0.3885611689429822,0.7761157886041953,P36,1,0.0,0.0,0.0,0.0,
F04183,not_tiered,41,-2.697999195873564,-2.697999195873564,0.0,,P1,0,0.0,0.0,0.0,0.0,
F04184,C_detection_pattern,42,-1.4067528359767014,-0.9599007233118765,0.266637462953244,0.8126504350539062,P10,0,0.0,0.0,1.0,1.0,1.0
F04185,not_tiered,0,,,,,,0,0.0,0.0,0.0,0.0,
F04186,not_tiered,42,0.706903712661172,0.7873254005791706,0.04426346674303172,0.35638033146237114,P36,0,1.0,0.0,0.0,0.0,
F04187,not_tiered,42,0.3450262969924012,0.4515357433689395,0.05451650992507506,0.3817290121798667,P18,0,1.0,0.0,0.0,0.0,
F04188,C_detection_pattern,42,-0.32225852466368243,0.5892519746317002,0.4697683352334934,0.9224355308673918,P3,2,0.0,0.0,1.0,1.0,1.0
F04189,C_detection_pattern,42,0.22875227184459668,1.958824959036713,1.0400123879660708,1.4096277534598374,P7,0,0.0,0.0,1.0,1.0,1.0
F04190,C_detection_pattern,0,,,,,,0,0.0,0.0,1.0,1.0,1.0
F04191,C_detection_pattern,42,-0.9565207649026505,0.21928173507995297,0.72432364456647,1.092122084838459,P32,1,0.0,0.0,1.0,1.0,1.0
F04192,C_detection_pattern,42,-0.21557234762650757,0.12371415434099244,0.20991156544893486,0.8177596148183296,P4,6,0.0,0.0,1.0,1.0,1.0
F04193,not_tiered,41,-1.0143800824252232,-1.0143800824252232,0.0,,P1,0,0.0,0.0,0.023809523809523808,0.0,
F04194,not_tiered,42,0.1576878136360662,0.27961907507309497,0.06262143454497077,0.4203227746937184,P5,0,0.0,0.0,1.0,0.7619047619047619,
F04195,not_tiered,0,,,,,,0,0.0,0.0,0.0,0.0,
F04196,not_tiered,42,-0.888457033638204,-0.4450723627625991,0.2218823998221794,0.5577665333583404,P28,0,0.0,0.0,0.0,0.0,
F04197,not_tiered,0,,,,,,0,0.0,0.0,0.023809523809523808,0.0,
F04198,not_tiered,42,-2.1869083489886614,-1.7439196677327524,0.25914621956093775,0.6163688738847125,P16,0,0.0,0.0,0.0,0.0,
F04199,not_tiered,42,0.6078359132496035,0.6847962375784118,0.04162582158496719,0.3776799113304261,P4,0,1.0,0.0,0.0,0.0,
F04200,not_tiered,42,-0.0811057053755313,-0.03281518036782849,0.024145262503851503,0.0453144193192558,P17,0,0.0,0.0,0.0,0.0,
F04201,not_tiered,42,0.07919532423861829,0.22257232718563189,0.07940472271958479,0.5232165105255941,P40,0,0.0,0.0,1.0,0.0,
F04202,C_detection_pattern,42,0.21154004084458078,0.6011479206606508,0.2380500869911516,0.7853552741067769,P15,0,0.0,0.0,1.0,1.0,1.0
F04203,not_tiered,42,-1.6748274913204622,-0.3866458939142472,0.7101016387749509,1.1934641913155697,P1,0,0.0,0.0,0.0,0.0,
F04204,B_abundance,42,-1.5211511903421646,-1.3692880202813684,0.09892305640329835,0.48660732156151565,P21,0,1.0,1.0,0.0,0.0,1.0
F04205,not_tiered,41,-0.08465956534397989,-0.08465956534397989,9.71445146547012e-17,,P1,0,0.0,0.0,0.0,0.0,
F04206,C_detection_pattern,41,1.7382774509238175,1.7382774509238175,2.220446049250313e-16,,P1,0,0.0,0.0,1.0,1.0,1.0
F04207,B_abundance,42,1.0993377351092863,1.3344080911959242,0.1523298563770228,0.4192821286115101,P1,0,1.0,1.0,0.0,0.0,1.0
F04208,not_tiered,42,-1.0204411889631995,-0.8235687808602676,0.09941165636169036,0.3905738746797043,P31,0,1.0,0.0,0.0,0.0,
F04209,not_tiered,42,-1.466508266572674,-1.2092483832252423,0.16848265491064573,0.7273522898376814,P10,0,0.0,0.0,0.0,0.0,
F04210,not_tiered,42,-0.24196793281518947,-0.055468258946746916,0.10532958799560246,0.5155479218821415,P28,0,0.0,0.0,0.8333333333333334,0.7619047619047619,
F04211,not_tiered,42,-0.8342145338725384,-0.7676404986946405,0.035257528971657126,0.36854209743248834,P2,0,1.0,0.0,0.0,0.0,
F04212,not_tiered,42,-0.5697988106024071,-0.4045672392410157,0.09381310916737073,0.5137606332073001,P18,0,0.0,0.0,0.0,0.0,
F04213,C_detection_pattern,42,-4.292271532413614,-3.645176463030552,0.4470722674891836,0.7188908954874653,P10,0,0.0,0.0,1.0,1.0,1.0
F04214,C_detection_pattern,42,0.4647356545708745,0.6097240105986345,0.07766265664521932,0.4581384493362999,P33,0,0.0,0.0,1.0,1.0,1.0
F04215,not_tiered,42,0.04082762184179716,0.2527845813841252,0.114628142861261,0.5492602188167378,P27,0,0.0,0.0,0.0,0.0,
F04216,not_tiered,42,-0.8847116366307364,-0.7637578651343373,0.06123361240667924,0.38916035970502966,P3,0,1.0,0.0,0.0,0.0,
F04217,not_tiered,42,-0.9465084829574468,-0.7604409334587566,0.11480189494403803,0.5170977746081027,P19,0,1.0,0.0,0.0,0.0,
F04218,not_tiered,42,0.24842256005444008,0.31704883972939096,0.03816813433867183,0.3797225437754242,P2,0,1.0,0.0,0.0,0.0,
F04219,not_tiered,0,,,,,,0,0.0,0.0,0.0,0.0,
F04220,C_detection_pattern,42,0.059324454491927844,0.19231371743859496,0.06894325883354425,0.4549800829714633,P5,0,0.0,0.0,1.0,1.0,1.0
F04221,C_detection_pattern,42,-2.760445710820726,-2.4755791923944477,0.18364289503962938,0.6890841195982944,P1,0,0.0,0.0,1.0,1.0,1.0
F04222,not_tiered,42,-0.4282186134798949,-0.31153646258163165,0.07053329774844913,0.5135314556171173,P3,0,1.0,0.0,0.023809523809523808,0.0,
F04223,not_tiered,41,0.5161887680465949,0.5161887680465949,0.0,,P2,0,0.0,0.0,0.023809523809523808,0.0,
F04224,not_tiered,41,-0.5725543673263385,-0.5725543673263385,0.0,,P2,0,0.0,0.0,0.0,0.0,
F04225,not_tiered,41,0.2245862764630271,0.2245862764630271,0.0,,P2,0,0.0,0.0,0.8333333333333334,0.0,
F04226,C_detection_pattern,42,-0.4620529146281533,-0.20244005534680123,0.16038849124603874,0.6757073237466659,P19,0,0.0,0.0,1.0,1.0,1.0
F04227,not_tiered,42,-0.15761927683571247,-0.014510177125684809,0.07569954320029207,0.4296276263414049,P41,0,0.0,0.0,0.0,0.0,
F04228,C_detection_pattern,42,-0.4356751386949315,1.0366779322708364,1.0591019564964732,1.1635582647308562,P34,1,0.0,0.0,1.0,1.0,1.0
F04229,not_tiered,42,-0.39746212771865125,-0.22193690325468154,0.11245309423854846,0.6570485102518435,P18,0,0.023809523809523808,0.0,0.0,0.0,
F04230,not_tiered,42,-0.21130455383447852,-0.08350633316265785,0.06948556907081246,0.4135005934927017,P25,0,0.0,0.0,0.0,0.0,
F04231,not_tiered,42,-0.19145642761261258,-0.1073762747448269,0.0555006188080424,0.48460994512335037,P21,0,0.0,0.0,0.0,0.0,
F04232,not_tiered,42,-0.50248103318969,-0.30520271687249806,0.10830575302120354,0.5547097783826592,P18,0,0.0,0.0,0.0,0.0,
F04233,not_tiered,42,-0.42358429064883146,-0.33202019583558634,0.06387291428921738,0.4995428323761417,P19,0,1.0,0.0,0.0,0.0,
F04234,not_tiered,42,-0.4291387130206509,-0.27326029925179113,0.10486006063153797,0.7085222140755112,P42,0,1.0,0.0,0.0,0.0,
F04235,not_tiered,42,-0.4404390085703701,-0.34080991051288767,0.06615063360077023,0.44762848926696364,P21,0,1.0,0.0,0.0,0.0,
F04236,not_tiered,42,-0.6896987060627359,-0.604408992366143,0.043208060183589025,0.36120034400707635,P18,0,1.0,0.0,0.0,0.0,
F04237,not_tiered,42,-0.026428560886518335,0.08384746744597156,0.05786415907351586,0.4732331441590161,P25,3,0.0,0.0,0.0,0.0,
F04238,not_tiered,42,-0.30795327475011397,-0.19935932076709312,0.05645634262338767,0.3969455692949762,P42,0,0.023809523809523808,0.0,0.0,0.0,
F04239,not_tiered,42,-0.5747923727055255,0.7655762731232345,0.8003863039494832,1.2861115026024326,P32,1,0.0,0.0,0.0,0.0,
F04240,not_tiered,42,-0.297352843456533,-0.10085458673410225,0.1117696309084602,0.6040180006519095,P15,0,0.0,0.0,0.0,0.0,
F04241,not_tiered,41,-0.34272414514516925,-0.34272414514516925,5.551115123125783e-17,,P2,0,0.0,0.0,0.023809523809523808,0.023809523809523808,
F04242,not_tiered,42,-0.46238337788155404,-0.38451014373721,0.04829208551435893,0.4069466818358659,P42,0,1.0,0.0,0.0,0.0,
F04243,not_tiered,42,-0.41276241985905254,-0.27542208297388554,0.07315463717113857,0.44106603631388314,P19,0,0.0,0.0,0.0,0.0,
F04244,C_detection_pattern,42,-0.18126308933734858,1.1951160125048657,0.8243173025925723,1.1543145161533437,P15,1,0.0,0.0,1.0,1.0,1.0
F04245,not_tiered,42,-0.2307606030966582,-0.056916542935036306,0.10139604103857178,0.5132760399181874,P42,0,0.0,0.0,0.047619047619047616,0.047619047619047616,
F04246,not_tiered,42,-0.4999583015911193,-0.3707314509301568,0.07149567058568951,0.48561226738770596,P19,0,0.2857142857142857,0.0,0.047619047619047616,0.0,
F04247,not_tiered,42,-0.38481670841180793,0.11605987815211488,0.35580207242994394,0.7969517224531268,P20,9,0.0,0.0,0.07142857142857142,0.07142857142857142,
F04248,not_tiered,41,-0.4288418881031024,-0.4288418881031024,0.0,,P2,0,0.0,0.0,0.0,0.0,
F04249,not_tiered,42,-0.04837381774142221,0.1670411550496175,0.1313347653623372,0.6605846709895109,P19,3,0.0,0.0,0.0,0.0,
F04250,not_tiered,42,-0.8548433004648253,-0.002921823922036104,0.4339083720121758,0.8522506523414994,P8,0,0.0,0.0,0.0,0.0,
F04251,not_tiered,0,,,,,,0,0.0,0.0,0.0,0.0,
F04252,not_tiered,42,-0.5144913363559153,-0.3996861708064788,0.05867028270158303,0.4169134985207753,P19,0,1.0,0.0,0.0,0.0,
F04253,not_tiered,42,-0.12787343703379564,-0.018291969157926215,0.05654190804517849,0.4365405035419616,P18,0,0.0,0.0,0.0,0.0,
F04254,not_tiered,42,-0.2578861175286441,-0.11876291953455191,0.08711775277781948,0.5453308084511868,P25,0,0.0,0.0,0.0,0.0,
F04255,not_tiered,42,-0.45772994066376926,-0.367783502270821,0.06051471644155787,0.5044440096805415,P19,0,1.0,0.0,0.0,0.0,
F04256,not_tiered,42,-0.41553713764687167,-0.3282827356094171,0.056846150657882955,0.4377172569836627,P42,0,1.0,0.0,0.0,0.0,
F04257,not_tiered,42,-0.1825828152373193,-0.11745223452876906,0.03268343959145263,0.34144120801324446,P19,0,0.0,0.0,0.0,0.0,
F04258,not_tiered,42,-0.1534215291874877,-0.06209835321926656,0.04869120023562934,0.48400947408081524,P42,0,0.0,0.0,0.0,0.0,
F04259,not_tiered,42,-0.2956549636747748,-0.20773120181632598,0.05124556121907159,0.4079249729753593,P18,0,0.07142857142857142,0.0,1.0,0.0,
F04260,not_tiered,42,-0.11722387675042643,0.026991654978599122,0.09180161280465504,0.6238833360976748,P15,4,0.0,0.0,1.0,1.0,
F04261,not_tiered,42,-0.5251541678743606,-0.4204392988400037,0.0588804245037538,0.42453513266812476,P19,0,1.0,0.0,0.0,0.0,
F04262,not_tiered,42,0.15278812493873165,0.2725594309822735,0.061160993744130365,0.40997718583257237,P19,0,0.0,0.0,0.0,0.0,
F04263,not_tiered,42,0.08405388057999233,0.23841942333410165,0.10151901269669336,0.6027870906885396,P18,0,0.0,0.0,0.047619047619047616,0.0,
F04264,not_tiered,42,-0.23612399009111087,-0.14910587423631133,0.053490778882042955,0.4557133354576065,P18,0,0.0,0.0,0.0,0.0,
F04265,not_tiered,42,-0.53597585911545,-0.3928837670889387,0.10418126072301709,0.6549776158236862,P42,0,1.0,0.0,0.0,0.0,
F04266,C_detection_pattern,42,-0.0778105385329504,0.1883604433171481,0.14235109868661588,0.544426999798301,P19,5,0.0,0.0,1.0,1.0,1.0
F04267,not_tiered,41,-0.69548512445804,-0.69548512445804,0.0,,P2,0,0.0,0.0,0.0,0.0,
F04268,not_tiered,42,0.1852591404758952,2.668125636260027,1.2460277615977082,0.982807417992673,P39,0,0.0,0.0,0.0,0.0,
F04269,not_tiered,42,-0.4144240501181424,-0.3352837580141621,0.053497408269647606,0.47133987926585125,P25,0,1.0,0.0,0.0,0.0,
F04270,not_tiered,42,0.0682454541424298,0.17920231052648627,0.0614308006862459,0.4078120666150542,P40,0,0.0,0.0,0.0,0.0,
F04271,C_detection_pattern,42,-0.4321552890337356,-0.03486998028395889,0.20254426789739563,0.6161687355348514,P8,0,0.0,0.0,1.0,1.0,1.0
F04272,not_tiered,42,-0.1792394948900045,0.2891938525603157,0.2452699004264057,0.6721178063888356,P40,4,0.0,0.0,0.0,0.0,
F04273,C_detection_pattern,42,-0.2133687530095991,0.15044218437180873,0.2153388604563617,0.7220013689900318,P30,7,0.0,0.0,1.0,1.0,1.0
F04274,not_tiered,42,-1.7595355260651158,-0.37986375540760936,0.9182840218910979,1.2789318619228305,P12,0,0.0,0.0,0.0,0.0,
F04275,C_detection_pattern,42,0.09424375259048585,0.3627105944619136,0.17940330935662896,0.6848614411606236,P36,0,0.0,0.0,1.0,1.0,1.0
F04276,not_tiered,42,-0.1892060187498614,-0.10947112817419935,0.04667990315564835,0.41968040187338806,P19,0,0.0,0.0,0.0,0.0,
F04277,not_tiered,42,-0.21387649612822743,-0.08059728152361724,0.07224548317328715,0.4892030754216508,P25,0,0.0,0.0,0.0,0.0,
F04278,not_tiered,42,-0.3583188951004118,0.68973298439501,0.5731619073813499,0.8836012899137411,P36,1,0.0,0.0,0.0,0.0,
F04279,not_tiered,42,-0.4017992329049708,-0.29537360741880453,0.06491295622181376,0.4565937897442321,P18,0,0.2857142857142857,0.0,1.0,1.0,
F04280,not_tiered,42,-0.3080854764145297,-0.17200448525031822,0.09703417603562028,0.5395775965302898,P18,0,0.0,0.0,0.023809523809523808,0.0,
F04281,not_tiered,42,-0.35874526901319936,-0.1999208345436741,0.10027228009942235,0.6756226372766398,P6,0,0.023809523809523808,0.0,0.0,0.0,
F04282,not_tiered,42,-0.23236061373051933,-0.1291908802247979,0.0734562932771968,0.5314051295815045,P25,0,0.0,0.0,0.0,0.0,
F04283,C_detection_pattern,42,-0.1249944024661529,0.23969944450095934,0.2825598586726171,0.9229668933512987,P37,2,0.0,0.0,1.0,1.0,1.0
F04284,not_tiered,42,-0.34123804308368605,-0.06457841821845672,0.16256207258654426,0.7078461954478973,P37,0,0.0,0.0,0.11904761904761904,0.11904761904761904,
F04285,not_tiered,42,-0.6442456368907821,0.3072139099105389,0.6640684517116913,1.1704617848487648,P2,1,0.0,0.0,0.0,0.0,
F04286,not_tiered,42,-0.11150374029714387,0.017234217445688878,0.07852289067030957,0.4696200676033537,P25,2,0.0,0.0,0.0,0.0,
F04287,not_tiered,42,-0.35580195150702326,-0.16909069688935632,0.11455997817558175,0.5972749269930717,P41,0,0.0,0.0,0.6428571428571429,0.0,
F04288,C_detection_pattern,42,-0.5755870887298401,0.15711549718882595,0.4954197761031341,0.8538088164031136,P33,4,0.0,0.0,1.0,1.0,1.0
F04289,not_tiered,42,-0.34599230549783233,-0.21925830189280404,0.07056425151586404,0.4283480952750233,P42,0,0.0,0.0,0.0,0.0,
F04290,not_tiered,42,-1.0294834529938175,-0.5657098859831107,0.2981468165537893,0.8083562106309021,P18,0,0.0,0.0,0.0,0.0,
F04291,not_tiered,42,-0.31348901295079196,-0.23154355602772184,0.04990979057650466,0.36716236693819754,P19,0,0.09523809523809523,0.0,0.0,0.0,
F04292,not_tiered,42,-0.42602347950945985,-0.24253410141024906,0.10402885189767241,0.505435861117402,P19,0,0.0,0.0,0.6190476190476191,0.0,
F04293,not_tiered,42,-0.8441362491171294,-0.7237293059792698,0.07202252952530452,0.44311580952306695,P25,0,1.0,0.0,0.0,0.0,
F04294,not_tiered,42,-0.6972475503853393,-0.4519567940804134,0.1637563949382988,0.598977006577093,P40,0,0.0,0.0,0.0,0.0,
F04295,C_detection_pattern,42,-1.342898246227048,-0.462339502617642,0.6577004576680237,0.88687224654384,P40,0,0.0,0.0,1.0,1.0,1.0
F04296,not_tiered,42,-0.010900367702273584,0.11172562988026774,0.07317737309176064,0.5071113555941711,P19,3,0.0,0.0,0.0,0.0,
F04297,not_tiered,42,-0.42497939483406927,-0.310087727437454,0.07811178093959881,0.5776615536043527,P42,0,1.0,0.0,0.0,0.0,
F04298,C_detection_pattern,42,0.13886632451060194,0.4032692022428133,0.15011445786173389,0.57832606652249,P1,0,0.0,0.0,1.0,1.0,1.0
F04299,C_detection_pattern,42,-0.39821794618871476,-0.32957967649137565,0.03911748316425118,0.09871904332249418,P1,0,0.0,0.0,1.0,1.0,1.0
F04300,not_tiered,42,-0.08698881015463232,0.04668842966391637,0.09482449199615117,0.5798232075249886,P18,2,0.0,0.0,0.0,0.0,
F04301,not_tiered,42,-1.0015971020737024,-0.44221782644507324,0.28338390205934005,0.6153584239459968,P1,0,0.0,0.0,0.0,0.0,
F04302,C_detection_pattern,42,0.38500901019547773,0.5536910644320926,0.09672449305212039,0.5374647654138407,P25,0,0.0,0.0,1.0,1.0,1.0
F04303,C_detection_pattern,42,-0.6698370869889576,-0.07146828013170037,0.2991844034286286,0.5439375344524408,P1,0,0.0,0.0,1.0,1.0,1.0
F04304,not_tiered,0,,,,,,0,0.0,0.0,0.0,0.0,
F04305,not_tiered,42,0.6979494765897513,1.04257859259573,0.2629797793538695,0.7980479350513066,P28,0,0.2857142857142857,0.0,0.047619047619047616,0.047619047619047616,
F04306,not_tiered,41,1.2809647022718789,1.2809647022718789,0.0,,P2,0,0.0,0.0,0.0,0.0,
F04307,not_tiered,42,-0.7623761327417367,-0.5558494802146778,0.11268711782529794,0.4780579982947048,P4,0,1.0,0.0,0.0,0.0,
F04308,not_tiered,42,-0.2841849447296436,0.9743360264028436,0.6489477495931617,1.113267362834905,P27,1,0.0,0.0,0.0,0.0,
F04309,not_tiered,42,-0.199063543433878,-0.06951999566142536,0.07236911781897201,0.34058440306825777,P4,0,0.0,0.0,0.0,0.0,
F04310,not_tiered,42,0.6536279325820786,0.7332954667909845,0.05117611273142042,0.4371102732272958,P1,0,1.0,0.0,0.0,0.0,
F04311,not_tiered,42,-1.9335725498010272,-1.1059002220651553,0.4472652288024943,0.8074067361598926,P9,0,0.0,0.0,0.09523809523809523,0.09523809523809523,
F04312,not_tiered,42,-0.8660355277144856,-0.2824785306717845,0.34639354144198764,0.8847500093296141,P35,0,0.0,0.0,0.0,0.0,
F04313,not_tiered,42,-2.5544314876649805,0.18536171902430443,1.4010510468562705,1.3843778999666416,P30,1,0.0,0.0,0.0,0.0,
F04314,not_tiered,42,0.4607257047509589,0.580489253220163,0.06474280519452397,0.49073543005989184,P23,0,1.0,0.0,0.0,0.0,
F04315,C_detection_pattern,42,-0.4755288321531476,-0.12718276376778745,0.18689988300458324,0.5383734749216624,P12,0,0.0,0.0,1.0,1.0,1.0
F04316,C_detection_pattern,42,-0.18391642365194802,0.3923374831580621,0.3970241746516223,1.026937539322409,P15,1,0.0,0.0,1.0,1.0,1.0
F04317,C_detection_pattern,0,,,,,,0,0.0,0.0,1.0,1.0,1.0
F04318,not_tiered,0,,,,,,0,0.0,0.0,0.0,0.0,
F04319,not_tiered,0,,,,,,0,0.0,0.0,0.0,0.0,
F04320,not_tiered,42,-0.3087980575845174,0.041176764780123776,0.20792643366557048,0.5966123234934639,P29,2,0.0,0.0,0.0,0.0,
F04321,not_tiered,42,0.3304836679629237,0.5531945648807207,0.1609658043270622,0.8501832452578777,P31,0,0.047619047619047616,0.0,0.0,0.0,
F04322,not_tiered,41,2.263596097819206,2.263596097819206,0.0,,P1,0,0.0,0.0,0.023809523809523808,0.0,
F04323,not_tiered,42,0.2410228102299935,0.3357381031969248,0.05944796568831501,0.5079290698803044,P9,0,0.7857142857142857,0.0,0.0,0.0,
F04324,C_detection_pattern,42,-1.7350946263565268,-1.4159885407829877,0.17965731318023703,0.46889901436442594,P11,0,0.0,0.0,1.0,1.0,1.0
F04325,not_tiered,42,-0.8865606441017417,-0.7193443090027999,0.09613995989655377,0.47295938128059833,P19,0,1.0,0.0,0.0,0.0,
F04326,not_tiered,42,-0.7387860403562504,-0.5925956611839125,0.08707493050882331,0.47217917007016796,P19,0,1.0,0.0,0.0,0.0,
F04327,not_tiered,0,,,,,,0,0.0,0.0,0.0,0.0,
F04328,C_detection_pattern,42,-0.12441235413296041,0.6664252995347381,0.4744394686081369,0.8874370450254634,P34,1,0.0,0.0,1.0,1.0,1.0
F04329,not_tiered,42,-0.3209658717142618,-0.20556704264601539,0.07616383751215422,0.508875264905373,P19,0,0.0,0.0,0.0,0.0,
F04330,not_tiered,42,-1.216753644111928,-0.8965305143500436,0.22471565848686714,0.6874032388500059,P42,0,0.0,0.0,0.047619047619047616,0.047619047619047616,
F04331,B_abundance,42,-1.5750194300417115,-1.3771478786360574,0.11279138642466946,0.4581925405989201,P19,0,1.0,1.0,0.0,0.0,1.0
F04332,B_abundance,42,-1.6144326572603565,-1.422357420260979,0.10170466307635406,0.4438566452390687,P20,0,1.0,1.0,0.0,0.0,1.0
F04333,not_tiered,42,-1.6148781392295544,-1.0846508850505772,0.32075260702520625,0.7727215303542989,P18,0,0.0,0.0,0.0,0.0,
F04334,not_tiered,42,0.47819049816881776,0.5286368005801202,0.025865116960380075,0.33317117020552794,P5,0,1.0,0.0,0.0,0.0,
F04335,C_detection_pattern,42,-0.44762113227303146,-0.2584682478953635,0.09457644218883399,0.17695076065907636,P1,0,0.0,0.0,1.0,1.0,1.0
F04336,not_tiered,42,-1.0422062548986593,-0.8440457599467669,0.1242893822859451,0.4839000571121317,P2,0,0.0,0.0,0.0,0.0,
F04337,C_detection_pattern,42,-0.7308233069185821,-0.17546880440879184,0.3610558496076433,0.9013268571813664,P1,0,0.0,0.0,1.0,1.0,1.0
F04338,not_tiered,42,-0.11082282918243809,-0.046320709466404625,0.034300402903984284,0.3811016162148046,P6,0,0.0,0.0,0.0,0.0,
F04339,C_detection_pattern,42,-0.028168931670196695,0.39002624658946256,0.24643476542976886,0.5709689932308397,P19,1,0.0,0.0,1.0,1.0,1.0
F04340,C_detection_pattern,42,0.14472904571404113,0.4757319365765947,0.1790434438131091,0.5251994221800704,P39,0,0.0,0.0,1.0,1.0,1.0
F04341,C_detection_pattern,41,0.8469262971450444,0.8469262971450444,0.0,,P2,0,0.0,0.0,1.0,1.0,1.0
F04342,not_tiered,42,-0.5664831569013095,-0.40202782390784575,0.08467975224710067,0.4958522674193295,P4,0,0.0,0.0,0.047619047619047616,0.047619047619047616,
F04343,not_tiered,42,-0.8558540295456448,-0.6470189460672681,0.10935287905608115,0.4666943989146297,P5,0,0.0,0.0,0.0,0.0,
F04344,C_detection_pattern,42,-0.8828472714099402,-0.5384351531123457,0.17873243804188166,0.593473465463641,P34,0,0.0,0.0,1.0,1.0,1.0
F04345,not_tiered,41,-1.5607029042110527,-1.5607029042110527,0.0,,P2,0,0.0,0.0,0.0,0.0,
F04346,C_detection_pattern,42,0.3956139210507718,1.0269287047979372,0.40628477326327206,0.8742297930674511,P1,0,0.0,0.0,1.0,1.0,1.0
F04347,not_tiered,41,-3.0882595054991704,-3.0882595054991704,0.0,,P1,0,0.0,0.0,0.5952380952380952,0.5952380952380952,
F04348,C_detection_pattern,42,-0.26341301277358187,0.0064509645662640495,0.18121377531250657,0.7218855512510669,P34,1,0.0,0.0,1.0,1.0,1.0
F04349,not_tiered,42,-1.8404752627993288,-1.468546615376014,0.23160045469145385,0.5889116754686093,P18,0,0.0,0.0,0.0,0.0,
F04350,B_abundance,42,-1.707047026581872,-1.4554260083664394,0.18861086391297466,0.6142854274604604,P42,0,1.0,1.0,0.0,0.0,1.0
F04351,not_tiered,42,-2.837601056503246,-1.7889691242178578,0.6759052648566182,1.188208048183674,P35,0,0.0,0.0,0.0,0.0,
F04352,not_tiered,42,-0.70709639024705,-0.5201201226015366,0.10644811697438594,0.5522653900191405,P15,0,1.0,0.0,0.0,0.0,
F04353,B_abundance,42,-2.2851015428378383,-2.004214092219887,0.15977499711098453,0.4575774648189784,P34,0,1.0,1.0,0.0,0.0,1.0
F04354,not_tiered,42,-1.0205470208303087,0.14124762542157931,0.580897323125944,0.9757078169927694,P1,1,0.0,0.0,0.0,0.0,
F04355,not_tiered,42,0.0030779371221171126,0.06501359482727015,0.03444787264799615,0.3518474322408803,P40,0,0.0,0.0,0.0,0.0,
F04356,not_tiered,42,-0.9640536948115902,-0.5736262411393163,0.20452837226541887,0.6127385338129953,P36,0,0.0,0.0,0.6428571428571429,0.6428571428571429,
F04357,not_tiered,42,-0.2997510473006253,-0.18847104741868162,0.07898270437923596,0.6061823282466743,P23,0,0.09523809523809523,0.0,0.0,0.0,
F04358,not_tiered,41,0.70781448842353,0.70781448842353,0.0,,P2,0,0.0,0.0,0.0,0.0,
F04359,not_tiered,42,0.24389288315113694,0.36944700546658854,0.08294792940148493,0.6314553084177146,P19,0,0.14285714285714285,0.0,0.0,0.0,
F04360,not_tiered,41,-1.7470959587888455,-1.7470959587888455,0.0,,P2,0,0.0,0.0,0.0,0.0,
F04361,C_detection_pattern,42,0.09445687069285036,0.6192036061059133,0.2778541592835199,0.6235411123656739,P9,0,0.0,0.0,1.0,1.0,1.0
F04362,not_tiered,0,,,,,,0,0.0,0.0,0.0,0.0,
F04363,not_tiered,42,0.05747580333473028,0.17353421943217637,0.05967693946573273,0.4390772565968921,P23,0,0.0,0.0,0.0,0.0,
F04364,B_abundance,42,-1.0721735944744435,-0.8979091826490914,0.11464367441043921,0.5592259243592923,P25,0,1.0,0.7857142857142857,0.0,0.0,0.7857142857142857
F04365,not_tiered,42,-0.6554044244702526,-0.2138197956052819,0.2938962710473315,0.8986990053263123,P30,0,0.0,0.0,1.0,1.0,
F04366,not_tiered,42,0.5629470865443347,1.087744890263961,0.3364548041719173,0.760312745024366,P39,0,0.0,0.0,0.0,0.0,
F04367,not_tiered,0,,,,,,0,0.0,0.0,0.0,0.0,
F04368,C_detection_pattern,42,-7.974400797144429,-4.791476225998464,1.8053167246842277,1.2595632242599544,P41,0,0.0,0.0,1.0,1.0,1.0
F04369,not_tiered,0,,,,,,0,0.0,0.0,0.0,0.0,
F04370,not_tiered,0,,,,,,0,0.0,0.0,0.0,0.0,
F04371,B_abundance,42,-1.8480564276921816,-1.610612902870606,0.13766791685241286,0.3560567277465316,P36,0,1.0,1.0,0.0,0.0,1.0
F04372,not_tiered,0,,,,,,0,0.0,0.0,0.0,0.0,
F04373,not_tiered,42,-1.0047218750943352,-0.2027546456124769,0.5017226091469852,0.8804100244552798,P39,0,0.0,0.0,0.8333333333333334,0.8333333333333334,
F04374,C_detection_pattern,42,-2.0662871372082128,-1.3514232066136405,0.37555316077047496,0.5257104101116403,P3,0,0.0,0.0,1.0,1.0,1.0
F04375,not_tiered,42,-0.5837527274572005,-0.3075619358165029,0.14307137808380405,0.6144814673033415,P36,0,0.0,0.0,1.0,1.0,
F04376,not_tiered,42,-0.3049798217008055,-0.18797341459809208,0.0637715508217574,0.39320535882154195,P17,0,0.0,0.0,0.023809523809523808,0.0,
F04377,not_tiered,42,-0.3442645445700629,-0.20698427636114022,0.06998635120465957,0.3775871454253826,P25,0,0.0,0.0,0.7857142857142857,0.7619047619047619,
F04378,not_tiered,42,0.6566311926615745,0.7686768108403607,0.06771472061726524,0.5655190666822982,P34,0,1.0,0.0,0.0,0.0,
F04379,B_abundance,42,1.9763561006434505,2.1838990036750516,0.10531830558021227,0.357417569132704,P39,0,1.0,1.0,0.0,0.0,1.0
F04380,C_detection_pattern,42,0.4217200221725986,0.704276355731195,0.17411023562684746,0.5051757148317905,P7,0,0.0,0.0,1.0,1.0,1.0
F04381,C_detection_pattern,42,0.5875833193984754,0.83764777745626,0.14420263517155363,0.49998167489056583,P28,0,0.0,0.0,1.0,1.0,1.0
F04382,not_tiered,42,-0.5153395374316876,-0.40324653170757485,0.06146143644039065,0.4377427796349666,P35,0,1.0,0.0,0.0,0.0,
F04383,not_tiered,42,-0.10513075508210297,-0.0024101506945540586,0.05539742226332384,0.2934260073398893,P39,0,0.0,0.0,0.0,0.0,
F04384,B_abundance,42,1.308843206486016,1.472301052038472,0.11393006777071557,0.6139344953248647,P2,0,1.0,1.0,0.0,0.0,1.0
F04385,B_abundance,42,-3.4569702157059514,-2.980924006593665,0.2806488452103104,0.468897066598709,P38,0,1.0,1.0,0.0,0.0,1.0
F04386,not_tiered,42,-2.040017525670559,-1.5304892822377778,0.35296888825000905,0.6553422482260215,P23,0,1.0,1.0,0.0,0.0,
F04387,not_tiered,42,-1.4556825483873248,-0.8757965399360534,0.29419010473619855,0.5502719950776271,P42,0,0.0,0.0,0.0,0.0,
F04388,not_tiered,42,-0.16362576317208563,0.09947283161032848,0.22823631031627412,0.9756654485138889,P14,1,0.0,0.0,0.0,0.0,
F04389,not_tiered,42,0.13691551847489253,0.32501230749341187,0.11657410783606947,0.5765365214283518,P39,0,0.0,0.0,1.0,1.0,
F04390,C_detection_pattern,42,0.17099201376856185,0.4042264306151468,0.14024245412798833,0.6174435030823521,P39,0,0.0,0.0,1.0,1.0,1.0
F04391,not_tiered,42,0.16922715249592302,0.29563066627632223,0.08260298301617433,0.452608833388984,P39,0,0.0,0.0,0.0,0.0,
F04392,not_tiered,42,-2.2724632983837347,-0.4705686273941989,0.9009473354947679,1.3374736539337246,P1,0,0.0,0.0,0.0,0.0,
F04393,not_tiered,42,0.0737611554297838,0.14013308530438331,0.038011218149875806,0.4342460579168843,P2,0,0.0,0.0,0.0,0.0,
F04394,B_abundance,42,-2.9903152114647984,-2.504780786262059,0.26739562039633835,0.4531524985447244,P17,0,1.0,1.0,0.0,0.0,1.0
F04395,not_tiered,42,-0.025069980941378783,0.08864796645933737,0.06233547124012577,0.4178914863872677,P23,3,0.0,0.0,0.0,0.0,
F04396,B_abundance,42,-2.9108276127783532,-2.7608773585115696,0.07745618457188153,0.359732823656022,P1,0,1.0,1.0,0.0,0.0,1.0
F04397,not_tiered,42,-2.6390768783714433,-2.240274912011886,0.23309402459952233,0.42608981140930635,P16,0,0.0,0.0,0.0,0.0,
F04398,B_abundance,42,-1.9449542258606092,-1.832297053910705,0.07140357555430521,0.41313759050042076,P25,0,1.0,1.0,0.0,0.0,1.0
F04399,not_tiered,42,-0.8302843535249651,-0.1815167328302921,0.33970683725371,0.617060031450804,P36,0,0.0,0.0,0.0,0.0,
F04400,not_tiered,0,,,,,,0,0.0,0.0,0.0,0.0,
F04401,B_abundance,42,-3.920130151356077,-3.5268785339720994,0.1974216878518078,0.29941686130117445,P18,0,1.0,1.0,0.0,0.0,1.0
F04402,not_tiered,42,-1.1093954673158302,-0.8064016855592371,0.1633167279205705,0.4054524968063498,P19,0,0.8095238095238095,0.0,0.047619047619047616,0.0,
F04403,B_abundance,42,-3.083475532459921,-2.6223167461979418,0.2691823225650296,0.4826614033513437,P32,0,0.2857142857142857,0.2857142857142857,0.0,0.0,0.2857142857142857
F04404,not_tiered,42,-2.6871288346832234,-1.7116680564171185,0.6408980358279464,0.767629765082457,P36,0,0.0,0.0,1.0,1.0,
F04405,B_abundance,42,-4.245795965642025,-3.799359586531113,0.2336065848674469,0.3569498442983457,P17,0,1.0,1.0,0.0,0.0,1.0
F04406,not_tiered,41,-1.1772227318428943,-1.1772227318428943,2.220446049250313e-16,,P1,0,0.0,0.0,0.0,0.0,
F04407,not_tiered,42,-1.8441743214252284,-0.7321444058990868,0.8223013419531582,0.9505052742949746,P33,0,0.0,0.0,0.0,0.0,
F04408,not_tiered,42,0.696270568849565,0.7625381392297675,0.04246560390159437,0.40490248321641137,P23,0,1.0,0.0,0.0,0.0,
F04409,B_abundance,42,-3.9958748498409626,-3.591404952877505,0.2221298843127495,0.36372289460737456,P17,0,1.0,1.0,0.0,0.0,1.0
F04410,B_abundance,42,-3.330235194868367,-2.902955489322708,0.2524023267627129,0.39336734843485427,P31,0,1.0,1.0,0.0,0.0,1.0
F04411,not_tiered,0,,,,,,0,0.0,0.0,0.0,0.0,
F04412,B_abundance,42,-3.6740986441990593,-3.269087753293072,0.20954021476551254,0.35438360415279313,P24,0,1.0,1.0,0.0,0.0,1.0
F04413,B_abundance,42,-4.33522493561135,-3.951994156613244,0.21343642671411978,0.35464947835918104,P17,0,1.0,1.0,0.0,0.0,1.0
F04414,B_abundance,42,-2.5708153854297873,-2.2345279329631262,0.20140092569933055,0.393811017301532,P19,0,1.0,1.0,0.0,0.0,1.0
F04415,C_detection_pattern,42,-5.857392387589346,-5.7749232555181464,0.04123456603559994,0.07735476183939648,P11,0,0.0,0.0,1.0,1.0,1.0
F04416,not_tiered,42,-0.1169972773487147,-0.023146989810923686,0.06767996470629822,0.6585438613929558,P23,0,0.0,0.0,0.0,0.0,
F04417,B_abundance,42,-3.316502586157011,-2.968546391517934,0.18044358207784406,0.3655506216162416,P37,0,1.0,1.0,0.0,0.0,1.0
F04418,B_abundance,42,-1.5881467647325822,-1.3775446133073326,0.12164924983438219,0.4459510460675959,P23,0,1.0,1.0,0.0,0.0,1.0
F04419,B_abundance,42,-1.245590733785764,-1.110232661972415,0.07473575935783439,0.38060133676111585,P32,0,1.0,1.0,0.0,0.0,1.0
F04420,not_tiered,42,-1.1930321384940428,0.37384922918876384,0.8300481299648903,0.7014297850238511,P6,2,0.0,0.0,0.0,0.0,
F04421,not_tiered,0,,,,,,0,0.0,0.0,1.0,1.0,
F04422,not_tiered,42,-0.41409028264490644,0.2812059619073981,0.3476481222761523,0.6253007466825766,P29,1,0.0,0.0,0.0,0.0,
F04423,not_tiered,42,-0.2730350069363,-0.20174278058949893,0.04373238335082677,0.44020353518488375,P19,0,0.9523809523809523,0.0,0.0,0.0,
F04424,C_detection_pattern,42,-0.40791488427111355,0.4546560275207865,0.4862915278181061,0.9824759046188445,P39,2,0.0,0.0,1.0,1.0,1.0
F04425,not_tiered,41,0.7426143084649333,0.7426143084649333,0.0,,P1,0,0.0,0.0,0.0,0.0,
F04426,B_abundance,42,2.1695467919870848,2.346355466399286,0.13038091042159605,0.6166846561327322,P42,0,1.0,1.0,0.0,0.0,1.0
F04427,not_tiered,42,-0.803689688818522,-0.714611698157349,0.05974085842121324,0.5742867324656072,P23,0,1.0,0.0,0.0,0.0,
F04428,not_tiered,42,0.0661471826382289,0.1690628486897022,0.0749840986271559,0.5235516412191502,P25,0,0.0,0.0,0.0,0.0,
F04429,B_abundance,42,0.9620292341487117,1.091187900662474,0.08590466017519238,0.5491860564347483,P11,0,1.0,0.9523809523809523,1.0,0.7619047619047619,0.9523809523809523
F04430,not_tiered,42,0.40042401206719475,0.5973569003551049,0.10355165905602642,0.43601368376622107,P25,0,0.11904761904761904,0.0,0.0,0.0,
F04431,not_tiered,42,0.0007752109764388375,0.23616453123856715,0.13348753594399576,0.4299708663080849,P29,0,0.0,0.0,1.0,1.0,
F04432,C_detection_pattern,42,0.5786941636779528,0.7353382023949945,0.09026559810542312,0.498911222438441,P10,0,0.0,0.0,1.0,1.0,1.0
F04433,not_tiered,42,-0.7789270647488197,-0.6011827271662911,0.09359684624545639,0.4272820163361326,P27,0,0.0,0.0,0.0,0.0,
F04434,C_detection_pattern,42,-2.5575800664620276,-1.5640656296066808,0.5756785165541873,0.827970006607541,P18,0,0.0,0.0,1.0,1.0,1.0
F04435,not_tiered,42,-0.21509688833626267,-0.11414032556095607,0.05367044917600963,0.3847498050854724,P7,0,0.0,0.0,0.023809523809523808,0.0,
F04436,C_detection_pattern,42,0.7785017959853228,1.202206527283333,0.2279262507936295,0.6747860017295936,P1,0,0.0,0.0,1.0,1.0,1.0
F04437,C_detection_pattern,42,-2.1998471001984923,-1.4789423759393832,0.4428134814750204,0.9605252766653792,P30,0,0.0,0.0,1.0,1.0,1.0
F04438,not_tiered,42,0.3650355594269738,0.4177181939674356,0.02888830414971688,0.3381008267361519,P1,0,1.0,0.0,0.0,0.0,
F04439,B_abundance,42,-2.6622340373213533,-2.3193090063107715,0.17510417367626951,0.363421738223954,P36,0,1.0,1.0,0.0,0.0,1.0
F04440,B_abundance,42,-2.300512025538537,-1.9703688649680977,0.1849901920254342,0.35341214282917344,P35,0,1.0,1.0,0.0,0.0,1.0
F04441,B_abundance,42,-2.3641106503460034,-2.014940454725339,0.2058414065605616,0.4741143165318238,P40,0,1.0,1.0,0.0,0.0,1.0
F04442,not_tiered,42,-3.519447185543858,-2.99907781964866,0.30595371296298657,0.563907557522475,P16,0,0.0,0.0,0.0,0.0,
F04443,not_tiered,42,-3.5199239308816597,-2.887470369765994,0.3636205570194466,0.5543350010329154,P22,0,0.0,0.0,0.0,0.0,
F04444,not_tiered,42,-3.643696094841438,-2.3409650513959,0.8494889947841657,1.1774052549708063,P1,0,0.0,0.0,0.14285714285714285,0.14285714285714285,
F04445,not_tiered,42,-3.2609239184488987,-2.2549258332828193,0.5125597010548923,0.6493010442173549,P16,0,0.0,0.0,1.0,1.0,
F04446,B_abundance,42,-1.3522169149204857,-1.172737309130189,0.10423770279886901,0.506838439689381,P2,0,1.0,1.0,0.0,0.0,1.0
F04447,not_tiered,0,,,,,,0,0.0,0.0,0.023809523809523808,0.0,
F04448,B_abundance,42,1.4691054614286616,1.800532751863182,0.17945372503917079,0.37431563838792964,P1,0,0.2857142857142857,0.2857142857142857,0.047619047619047616,0.047619047619047616,0.2857142857142857
F04449,not_tiered,41,-0.4420283676079855,-0.4420283676079855,0.0,,P2,0,0.0,0.0,1.0,1.0,
F04450,C_detection_pattern,42,0.14162371725639364,0.35669853099768656,0.12308998650137845,0.5145963409984741,P36,0,0.0,0.0,1.0,1.0,1.0
F04451,not_tiered,42,0.26388036710086976,0.45335816635817777,0.11313577660546104,0.5282856176219867,P5,0,0.0,0.0,0.0,0.0,
F04452,not_tiered,42,0.07133763475539343,0.23397886504268967,0.11006411806240549,0.6304262959265567,P4,0,0.0,0.0,1.0,1.0,
F04453,not_tiered,42,0.39873617071355155,0.4972366263688289,0.05988209207695172,0.4783348153757863,P25,0,1.0,0.0,0.0,0.0,
F04454,not_tiered,42,0.5774086389288002,0.7663433071191786,0.10181818259313558,0.4977392731806029,P36,0,0.0,0.0,0.7142857142857143,0.7142857142857143,
F04455,not_tiered,42,0.02058910986865287,0.16359597862855074,0.08616915699278364,0.5748440524855271,P20,0,0.0,0.0,1.0,1.0,
F04456,C_detection_pattern,42,-0.8435723761522416,-0.21480117745109936,0.3639291962550767,0.6456020574544035,P35,0,0.0,0.0,1.0,1.0,1.0
F04457,not_tiered,42,-2.1538080497887706,-1.2168700514564408,0.4921561995491668,0.8007701340187862,P21,0,0.0,0.0,0.0,0.0,
F04458,not_tiered,41,0.1244045713300892,0.1244045713300892,0.0,,P2,0,0.0,0.0,0.0,0.0,
F04459,not_tiered,42,-1.0236596262177224,0.6991570214900129,1.013840839099575,1.3910149627728527,P16,1,0.0,0.0,0.7142857142857143,0.7142857142857143,
F04460,not_tiered,42,0.5881843321075887,0.6945904279778053,0.05454216474523499,0.42028819515665977,P19,0,1.0,0.0,0.0,0.0,
F04461,not_tiered,42,-1.0833889795913576,-0.688767951670934,0.2463427130076491,0.7778360573813253,P41,0,0.0,0.0,0.14285714285714285,0.14285714285714285,
F04462,not_tiered,41,-1.7128195103080674,-1.7128195103080674,0.0,,P1,0,0.0,0.0,1.0,0.0,
F04463,not_tiered,42,-3.4274258391610783,-2.9177099558704565,0.27296873469352256,0.5753673302809008,P33,0,0.0,0.0,0.0,0.0,
F04464,C_detection_pattern,42,0.129921252374674,0.395380090399484,0.1682412360298989,0.7150606743079265,P31,0,0.0,0.0,1.0,1.0,1.0
F04465,not_tiered,42,-0.4198405655019574,-0.3149665569296718,0.05266671038667059,0.37323255102008995,P25,0,1.0,0.0,0.0,0.0,
F04466,not_tiered,42,-0.34126651004862574,-0.18472145098614962,0.08272636743841666,0.4196354872790637,P20,0,0.0,0.0,1.0,1.0,
F04467,not_tiered,42,-0.32740218452671327,-0.26845197856661845,0.03396297505188023,0.3667994118208425,P2,0,1.0,0.0,0.0,0.0,
F04468,not_tiered,41,-0.07796338034178518,-0.07796338034178518,8.326672684688674e-17,,P2,0,0.0,0.0,0.0,0.0,
F04469,not_tiered,42,-0.2782230441105276,-0.1082642778831175,0.1108623298906568,0.6412259693936773,P31,0,0.0,0.0,0.0,0.0,
F04470,not_tiered,42,-0.5107137807557316,-0.3917938813065581,0.06211318283822376,0.3768012119044959,P10,0,1.0,0.0,0.0,0.0,
F04471,C_detection_pattern,42,0.11131733697146336,0.2950596074702936,0.10455741984896369,0.5511882718804273,P39,0,0.0,0.0,1.0,1.0,1.0
F04472,C_detection_pattern,42,-1.1058420324273939,-0.5813139219735297,0.29305865832465516,0.7982913565172738,P37,0,0.0,0.0,1.0,1.0,1.0
F04473,not_tiered,42,-0.6260455520831142,-0.2281749710780931,0.23094167525996617,0.6133633752863565,P25,0,0.0,0.0,0.0,0.0,
F04474,not_tiered,42,0.6468427620627712,0.7764537436988067,0.07989284860510171,0.5043314332230086,P37,0,1.0,0.0,0.0,0.0,
F04475,not_tiered,42,-1.1205310315474997,0.047621476358469174,0.6639457580916542,0.7710702975239923,P16,1,0.0,0.0,0.0,0.0,
F04476,not_tiered,42,-0.35301546009590967,-0.21240253026884204,0.08585225517205475,0.40871929393629747,P39,0,0.0,0.0,0.0,0.0,
F04477,not_tiered,42,-0.017793951534414466,0.05173471641310132,0.04302187955982362,0.38848806998606217,P15,11,0.0,0.0,0.0,0.0,
F04478,not_tiered,42,-0.43813405998776517,-0.34942260923071505,0.05213648329276527,0.4683754149443695,P23,0,1.0,0.0,0.0,0.0,
F04479,not_tiered,42,-0.13075981948455107,-0.07406117302563141,0.031975330559128365,0.40532368493779997,P26,0,0.0,0.0,0.0,0.0,
F04480,not_tiered,42,-0.17243083663418393,-0.10495079433057748,0.034103010205756915,0.3413909393846936,P17,0,0.0,0.0,0.0,0.0,
F04481,not_tiered,42,-0.1171735531825866,-0.023837005594034545,0.06030534105770776,0.47766982660108354,P23,0,0.0,0.0,0.0,0.0,
F04482,not_tiered,42,0.12942735901953895,0.1793923384172584,0.02507340567979141,0.27561522416946616,P3,0,0.0,0.0,0.0,0.0,
F04483,C_detection_pattern,42,0.025375897701548064,0.22681082556465204,0.10083173702883955,0.50805086798499,P42,0,0.0,0.0,1.0,1.0,1.0
F04484,not_tiered,42,0.7038674105277584,0.7882282915171425,0.042561927398820476,0.36481627933397026,P37,0,1.0,0.0,0.0,0.0,
F04485,not_tiered,42,0.8523494812191079,0.9337649706612671,0.044310708579167524,0.4095524512801754,P22,0,1.0,0.0,0.8333333333333334,0.0,
F04486,not_tiered,42,-2.006003045568561,-1.1515263978471442,0.5411820673896157,1.064010803927453,P17,0,0.0,0.0,0.0,0.0,
F04487,not_tiered,42,-2.7820190640477787,0.11007993129034332,1.446049497669061,1.7022328910606386,P1,1,0.0,0.0,0.0,0.0,
F04488,C_detection_pattern,42,-0.12514022419727264,0.7043715266228953,0.4434448550350943,0.8207739663899037,P38,2,0.0,0.0,1.0,1.0,1.0
F04489,not_tiered,42,-1.0694850584699722,-0.8986821447247068,0.10290166170985238,0.5273469229007496,P3,0,0.0,0.0,0.0,0.0,
F04490,not_tiered,42,-0.7214620191694823,-0.636517652628849,0.05731683226176987,0.4521868925456414,P25,0,1.0,0.0,0.0,0.0,
F04491,not_tiered,42,-0.3027646976780328,-0.23061768825728063,0.03773486865904485,0.42559435577353305,P19,0,1.0,0.0,0.0,0.0,
F04492,not_tiered,0,,,,,,0,0.0,0.0,0.0,0.0,
F04493,C_detection_pattern,42,-0.5593323896534846,-0.1932374783563023,0.20471682161041965,0.6257796719266959,P1,0,0.0,0.0,1.0,1.0,1.0
F04494,not_tiered,42,-0.5583280975922061,-0.3733199468758312,0.11530586942443027,0.5246662718933548,P19,0,0.38095238095238093,0.0,0.0,0.0,
F04495,C_detection_pattern,42,-0.7044954689325289,-0.3555055679737628,0.24995711818510297,0.687621360887111,P38,0,0.0,0.0,1.0,1.0,1.0
F04496,not_tiered,42,-1.573031956435334,-0.028809560948301893,0.919711090969708,1.3532997129118318,P10,0,0.0,0.0,0.0,0.0,
F04497,not_tiered,42,-1.4868372092624442,-0.7844907964551181,0.408986431370146,0.7304284019200872,P37,0,0.0,0.0,0.0,0.0,
F04498,not_tiered,0,,,,,,0,0.0,0.0,0.0,0.0,
F04499,not_tiered,42,-1.682021346524555,-1.3663855116289259,0.19760959357190933,0.48486562495735425,P23,0,1.0,1.0,0.8333333333333334,0.0,
F04500,not_tiered,0,,,,,,0,0.0,0.0,0.0,0.0,
F04501,C_detection_pattern,42,0.6514749929270179,1.1161538498304238,0.2349932389096152,0.6022403800151551,P3,0,0.0,0.0,1.0,1.0,1.0
F04502,not_tiered,42,-2.5180887181887814,-1.7219014325948443,0.530037404796246,1.1079185703802457,P1,0,0.0,0.0,0.0,0.0,
F04503,C_detection_pattern,42,0.08074709073168798,2.09341261755167,1.4474770591426809,1.219823725401428,P29,0,0.0,0.0,1.0,1.0,1.0
F04504,C_detection_pattern,42,0.6940877279370697,0.8529664503326148,0.0927101080880256,0.5936823408870918,P11,0,0.0,0.0,1.0,1.0,1.0
F04505,C_detection_pattern,42,0.23716467118848988,0.43175332993819576,0.10489478575665634,0.4882078788659047,P35,0,0.0,0.0,1.0,1.0,1.0
F04506,not_tiered,42,0.4422659508590464,0.5831761886967141,0.07187574523046614,0.4074906043203093,P38,0,0.0,0.0,1.0,1.0,
F04507,not_tiered,42,-1.224018266048987,-0.888602882815002,0.18109358771270434,0.4446980070341002,P16,0,1.0,0.0,0.0,0.0,
F04508,C_detection_pattern,42,0.4339671474127623,0.8636841056287691,0.3141680724921807,0.8816665563786785,P42,0,0.0,0.0,1.0,1.0,1.0
F04509,not_tiered,42,0.049039940864509135,0.1723566957501181,0.06438471697538517,0.34876741216611423,P10,0,0.0,0.0,0.0,0.0,
F04510,not_tiered,0,,,,,,0,0.0,0.0,0.0,0.0,
F04511,B_abundance,42,0.8991434836530674,1.1191172514382925,0.11673979606583873,0.45603682149690156,P21,0,0.2857142857142857,0.2857142857142857,1.0,1.0,0.2857142857142857
F04512,B_abundance,42,0.9684643383171435,1.1977244467673431,0.14136593296797706,0.48249556513956243,P1,0,1.0,0.8809523809523809,0.0,0.0,0.8809523809523809
F04513,not_tiered,42,-0.04268483370636963,0.04554724171352166,0.04555081161570575,0.3926808838635653,P23,20,0.0,0.0,0.0,0.0,
F04514,not_tiered,42,-0.4698260609957129,-0.3567739186447095,0.06918414538969903,0.5501039404523571,P23,0,1.0,0.0,0.0,0.0,
F04515,not_tiered,42,-0.10953528378649131,0.002246350625954285,0.07374106078496521,0.5211499576080899,P2,1,0.0,0.0,0.0,0.0,
F04516,C_detection_pattern,42,0.00561682905266867,0.24089156302273143,0.12929848190819174,0.5943074225472078,P40,0,0.0,0.0,1.0,1.0,1.0
F04517,not_tiered,0,,,,,,0,0.0,0.0,0.0,0.0,
F04518,not_tiered,42,0.37474075557907477,0.4437912028513855,0.03794710940305973,0.4330870175490072,P22,0,1.0,0.0,0.0,0.0,
F04519,not_tiered,42,0.8693815859885219,0.9386924833990976,0.04500672647895387,0.4333843543944769,P19,0,1.0,0.0,0.0,0.0,
F04520,C_detection_pattern,42,-0.02877037903233076,0.19636420384736095,0.14677380512985597,0.6308347117151749,P5,1,0.0,0.0,1.0,1.0,1.0
F04521,not_tiered,41,0.053698996512812514,0.053698996512812514,1.3877787807814457e-17,,P2,0,0.0,0.0,0.0,0.0,
F04522,C_detection_pattern,42,-0.22798945320287856,1.280902124324546,0.8230614312392692,1.0541343815628026,P27,1,0.0,0.0,1.0,1.0,1.0
F04523,C_detection_pattern,41,-0.25438303694182274,-0.25438303694182274,5.551115123125783e-17,,P2,0,0.0,0.0,1.0,1.0,1.0
F04524,not_tiered,42,0.45106078417234524,0.518197292154082,0.03882831534553466,0.41271675499556976,P25,0,1.0,0.0,0.0,0.0,
F04525,not_tiered,41,-0.814889150842987,-0.814889150842987,0.0,,P2,0,0.0,0.0,0.0,0.0,
F04526,C_detection_pattern,42,-0.12148775028298964,0.2503105619256379,0.22186770000669348,0.7561506236754831,P6,4,0.0,0.0,1.0,1.0,1.0
F04527,C_detection_pattern,42,0.21175289306904288,0.52105186450183,0.1582974223598147,0.5490784788524852,P9,0,0.0,0.0,1.0,1.0,1.0
F04528,C_detection_pattern,42,-0.0992087263492495,0.4137882197628538,0.3008075808926201,0.616054626163922,P17,2,0.0,0.0,1.0,1.0,1.0
F04529,C_detection_pattern,0,,,,,,0,0.0,0.0,1.0,1.0,1.0
F04530,not_tiered,42,0.6402047859311283,0.7639019141736154,0.06304808151473906,0.3607516450428697,P21,0,1.0,0.0,0.0,0.0,
F04531,B_abundance,42,-2.9955017044391115,-2.76183389914799,0.1303208674668097,0.4969495662725782,P18,0,1.0,1.0,0.0,0.0,1.0
F04532,not_tiered,42,1.435766909780133,1.8519061819653795,0.24125862655592045,0.3388646611397083,P15,0,0.7380952380952381,0.0,1.0,0.0,
F04533,not_tiered,0,,,,,,0,0.0,0.0,0.0,0.0,
F04534,not_tiered,42,-0.7616954302261717,0.0036948291307905214,0.4111914054630097,0.6872689327180487,P15,1,0.0,0.0,0.0,0.0,
F04535,not_tiered,0,,,,,,0,0.0,0.0,0.0,0.0,
F04536,not_tiered,0,,,,,,0,0.0,0.0,0.0,0.0,
F04537,B_abundance,42,-1.4003758660058767,-1.2578135555842223,0.09913618245756517,0.45459282753839353,P19,0,1.0,1.0,0.0,0.0,1.0
F04538,B_abundance,42,-1.4387467870491053,-1.277267879658561,0.08737569444001347,0.33230154885898866,P2,0,1.0,1.0,0.0,0.0,1.0
F04539,B_abundance,42,-1.7644396019344901,-1.6143555688081384,0.09894440587327447,0.43438898882254207,P19,0,1.0,1.0,0.0,0.0,1.0
F04540,B_abundance,42,-1.680613463167107,-1.5292698905647648,0.1077581157167864,0.4917329158580064,P19,0,1.0,1.0,0.0,0.0,1.0
F04541,B_abundance,42,-1.8337310632311903,-1.6892724322000499,0.09638527356485738,0.43269043167657734,P19,0,1.0,1.0,0.0,0.0,1.0
F04542,not_tiered,42,-1.0791593360802123,-0.9160940611220867,0.0913819595494838,0.45242243183520797,P42,0,1.0,0.7142857142857143,0.0,0.0,
F04543,B_abundance,42,-1.5828867502700272,-1.40454763672127,0.10160337333587321,0.40127043826916853,P19,0,1.0,1.0,0.0,0.0,1.0
F04544,not_tiered,42,-0.8454081858142211,-0.5938572627176638,0.13604182190804182,0.5111748262740888,P16,0,0.0,0.0,0.7380952380952381,0.7380952380952381,
F04545,B_abundance,42,-1.4367007409527908,-1.3038832267053406,0.09435872407334034,0.48229338759203777,P19,0,1.0,1.0,0.0,0.0,1.0
F04546,B_abundance,42,-1.826241751085005,-1.6368302831219752,0.12548213980411527,0.5095529848082597,P19,0,1.0,1.0,0.0,0.0,1.0
F04547,B_abundance,42,-1.762511299660747,-1.5717835308811998,0.12398746818130357,0.4717851848786327,P18,0,1.0,1.0,0.0,0.0,1.0
F04548,B_abundance,42,-1.4451571103990781,-1.3043180664718983,0.09916969559170496,0.49062312515988127,P19,0,1.0,1.0,0.0,0.0,1.0
F04549,B_abundance,42,-1.5706783020899073,-1.4102323968157207,0.09638655056198475,0.42838477900143457,P19,0,1.0,1.0,0.0,0.0,1.0
F04550,not_tiered,42,-1.171192818206851,-1.0120298625723676,0.10698317545919278,0.4579458819143736,P18,0,1.0,1.0,0.0,0.0,
F04551,not_tiered,42,-0.4587868291949907,-0.24329442162066087,0.15313769792217533,0.6224522115210893,P37,0,0.0,0.0,1.0,1.0,
F04552,not_tiered,42,-0.8100314871735771,-0.5574809069549232,0.13636583148358972,0.491217409363312,P8,0,0.0,0.0,0.11904761904761904,0.11904761904761904,
F04553,not_tiered,42,-0.819133994091652,-0.6628233591042605,0.08857989741553718,0.3869109902358884,P42,0,1.0,0.0,0.0,0.0,
F04554,not_tiered,0,,,,,,0,0.0,0.0,0.0,0.0,
F04555,not_tiered,41,-0.1366171361739923,-0.1366171361739923,0.0,,P2,0,0.0,0.0,0.0,0.0,
F04556,not_tiered,42,-1.0394567552219973,-0.8556750545301723,0.09710769145146891,0.47947018597626667,P19,0,1.0,0.023809523809523808,0.0,0.0,
F04557,B_abundance,42,-1.452486078355506,-1.3186339882815936,0.09223648262818207,0.4502760852273945,P19,0,1.0,1.0,0.0,0.0,1.0
F04558,not_tiered,42,-1.2064486496371747,-1.0558179109916614,0.09810736161334699,0.4595882443164861,P18,0,1.0,1.0,0.0,0.0,
F04559,not_tiered,42,-1.1136621652186118,-0.9086915339203322,0.11115906388975105,0.4958957500218319,P41,0,1.0,0.6904761904761905,0.0,0.0,
F04560,B_abundance,42,-1.195433070055003,-1.0096471480973752,0.09543070848450319,0.43225128315305184,P16,0,0.2857142857142857,0.2857142857142857,0.0,0.0,0.2857142857142857
F04561,B_abundance,42,-1.4888141114034732,-1.3416431562779971,0.09922806915978488,0.45176123362552584,P19,0,1.0,1.0,0.0,0.0,1.0
F04562,B_abundance,42,-1.4418255214162212,-1.2686961877125351,0.11203071121019526,0.4395988209107776,P19,0,1.0,1.0,0.0,0.0,1.0
F04563,B_abundance,42,-1.2940319604893984,-1.1484033444692239,0.09989120719444022,0.48283481052515004,P19,0,1.0,1.0,0.0,0.0,1.0
F04564,B_abundance,42,-1.7430013447573052,-1.4926895384340015,0.14279009501996343,0.44531759675940236,P19,0,1.0,1.0,0.0,0.0,1.0
F04565,B_abundance,42,-1.0708137542292497,-0.930897003795528,0.09889951051738066,0.5444819868374701,P2,0,1.0,0.8809523809523809,0.0,0.0,0.8809523809523809
F04566,B_abundance,42,-1.5609410789978455,-1.4155829577014283,0.0991618479889742,0.4555929534611197,P19,0,1.0,1.0,0.0,0.0,1.0
F04567,not_tiered,42,-1.346596507864568,-1.056294854927338,0.17910445052723678,0.5639751468638328,P19,0,0.2857142857142857,0.2857142857142857,0.0,0.0,
F04568,B_abundance,42,-1.7055411980856907,-1.558834783266685,0.0991956974281476,0.44128591703998,P19,0,1.0,1.0,0.0,0.0,1.0
F04569,B_abundance,42,-1.4276159834256,-1.2669713974989583,0.11245380503839408,0.4841261097077493,P19,0,1.0,1.0,0.0,0.0,1.0
F04570,B_abundance,42,-1.515284221302841,-1.3792843743643424,0.09361114606082666,0.4447065315683349,P19,0,1.0,1.0,0.0,0.0,1.0
F04571,B_abundance,42,-1.6655591027014505,-1.526639526484869,0.09475966532045121,0.44121071405406564,P19,0,1.0,1.0,0.0,0.0,1.0
F04572,B_abundance,42,-1.4462354252251397,-1.30229157261451,0.09414144749949549,0.42847748686515513,P19,0,1.0,1.0,0.0,0.0,1.0
F04573,B_abundance,42,-1.44665574097814,-1.2785364932879046,0.10641455592296856,0.4503209344681111,P18,0,1.0,1.0,0.0,0.0,1.0
F04574,B_abundance,42,-1.4933982358696238,-1.305498741132708,0.11430665388073513,0.46284204684976177,P19,0,1.0,1.0,0.0,0.0,1.0
F04575,B_abundance,42,-1.9792396322638262,-1.8169794762613811,0.1072726721628452,0.4365805467984042,P19,0,1.0,1.0,0.0,0.0,1.0
F04576,B_abundance,42,-1.5507730437499452,-1.4030577258177699,0.09927810559898353,0.43670000679772947,P19,0,1.0,1.0,0.0,0.0,1.0
F04577,B_abundance,42,-1.715336294058196,-1.5653872843697245,0.10354767478439131,0.4655582920746118,P18,0,1.0,1.0,0.0,0.0,1.0
F04578,not_tiered,42,-1.7737807989082248,-0.5512365907922749,0.6424749148448627,0.9513977292818355,P41,0,0.0,0.0,0.14285714285714285,0.14285714285714285,
F04579,not_tiered,42,-2.1460079286382414,-1.6978603770956688,0.2840420841722471,0.5121441422095396,P40,0,1.0,1.0,0.0,0.0,
F04580,not_tiered,42,-0.5831153934538451,0.4434798737349264,0.5653042331713809,0.7669741668687408,P30,10,0.0,0.0,0.0,0.0,
F04581,C_detection_pattern,42,-0.3836540335917286,-0.11876163847656614,0.13679472454147193,0.6305781819146749,P10,0,0.0,0.0,1.0,1.0,1.0
F04582,not_tiered,42,0.05327451924037319,0.12866010538200637,0.044596339438417565,0.44115071285347135,P37,0,0.0,0.0,1.0,0.0,
F04583,not_tiered,42,-0.2679402735444941,-0.0944773259775627,0.0945750455319384,0.502258630546574,P16,0,0.0,0.0,1.0,0.0,
F04584,not_tiered,42,-0.2227800338802444,-0.1393624272686962,0.047185125172960585,0.39035232387354823,P4,0,0.0,0.0,0.0,0.0,
F04585,not_tiered,42,-1.0453042186126462,-0.8858308990770993,0.08094956012165844,0.348752038969307,P11,0,0.0,0.0,0.0,0.0,
F04586,C_detection_pattern,42,-0.43713958219973126,0.6594152402657869,0.6261109683018781,1.1362758550574568,P22,1,0.0,0.0,1.0,1.0,1.0
F04587,C_detection_pattern,42,-2.5962337380618896,-0.646248137257003,1.0706951164180045,0.8121825421998581,P36,0,0.0,0.0,1.0,1.0,1.0
F04588,C_detection_pattern,42,0.5536323451316043,0.782136349628586,0.13347611455887232,0.5210611370818246,P34,0,0.0,0.0,1.0,1.0,1.0
F04589,not_tiered,42,-0.5544574199337157,-0.4363465912040586,0.06723437079174743,0.4427324686016483,P23,0,1.0,0.0,0.0,0.0,
F04590,C_detection_pattern,42,-5.2797807901832225,-1.2496037620952127,2.2232081452149566,1.1381388398335077,P26,0,0.0,0.0,1.0,1.0,1.0
F04591,not_tiered,42,-1.132259749966052,-0.8326706535188421,0.17870382263295814,0.46732692650832885,P42,0,1.0,0.0,0.023809523809523808,0.0,
F04592,C_detection_pattern,42,-1.2582171170629892,-0.8601427057438106,0.20509162368388367,0.4741209824450849,P31,0,0.0,0.0,1.0,1.0,1.0
F04593,C_detection_pattern,0,,,,,,0,0.0,0.0,1.0,1.0,1.0
F04594,C_detection_pattern,42,0.24952347893820068,0.5541824711137143,0.16789611244189565,0.5244884407867245,P36,0,0.0,0.0,1.0,1.0,1.0
F04595,not_tiered,42,-0.24125770615823158,-0.17488357877141136,0.04547216798303805,0.46740168897338547,P18,0,0.5952380952380952,0.0,0.0,0.0,
F04596,not_tiered,42,-0.1562931540036517,0.15754278950176479,0.1985127666061412,0.6389852506375278,P37,3,0.0,0.0,1.0,1.0,
F04597,not_tiered,42,0.4660426050561127,0.5639985656339843,0.06393439789718869,0.471053416229041,P18,0,1.0,0.0,0.0,0.0,
F04598,not_tiered,42,-0.3748081950715009,-0.16517250066215075,0.14896286693014135,0.6940004411006806,P12,0,0.0,0.0,1.0,1.0,
F04599,C_detection_pattern,42,0.02371445310431793,0.13348835071310008,0.05660413485522697,0.36154531012453467,P38,0,0.0,0.0,1.0,1.0,1.0
F04600,not_tiered,42,0.1868429529168508,0.2993866241008211,0.056781644240820106,0.42192912271788185,P3,0,0.023809523809523808,0.0,1.0,0.7619047619047619,
F04601,not_tiered,42,-0.11871804400409515,-0.028586466073729472,0.06061212330221623,0.5127922302997736,P39,0,0.0,0.0,0.0,0.0,
F04602,not_tiered,0,,,,,,0,0.0,0.0,0.047619047619047616,0.047619047619047616,
F04603,not_tiered,42,-0.7466738460830803,-0.588911282923179,0.08236657453990015,0.3367621587211565,P37,0,1.0,0.0,0.0,0.0,
F04604,C_detection_pattern,41,-1.3772178229502359,-1.3772178229502359,2.220446049250313e-16,,P2,0,0.0,0.0,1.0,1.0,1.0
F04605,not_tiered,41,-1.1135818096090482,-1.1135818096090482,0.0,,P1,0,0.0,0.0,0.0,0.0,
F04606,not_tiered,41,-0.06889275136155604,-0.06889275136155604,4.163336342344337e-17,,P1,0,0.0,0.0,0.0,0.0,
F04607,not_tiered,41,0.13537818112294175,0.13537818112294175,5.551115123125783e-17,,P2,0,0.0,0.0,0.0,0.0,
F04608,not_tiered,42,-1.6986028621624676,-1.3731623896498277,0.20197728981617602,0.564826645666695,P16,0,0.0,0.0,0.0,0.0,
F04609,C_detection_pattern,42,0.008850647496281283,0.27550696975244043,0.14978930264023074,0.5750216290334587,P32,0,0.0,0.0,1.0,1.0,1.0
F04610,not_tiered,41,-0.7333325388079803,-0.7333325388079803,0.0,,P2,0,0.0,0.0,0.0,0.0,
F04611,not_tiered,0,,,,,,0,0.0,0.0,0.0,0.0,
F04612,not_tiered,0,,,,,,0,0.0,0.0,0.0,0.0,
F04613,C_detection_pattern,42,-0.17609471736208526,0.4360347654016401,0.3060647413818627,0.5556462764964566,P1,1,0.0,0.0,1.0,1.0,1.0
F04614,not_tiered,41,0.4396472267641167,0.4396472267641167,0.0,,P2,0,0.0,0.0,0.0,0.0,
F04615,C_detection_pattern,42,-2.095164333343926,-1.299587323102262,0.4183637459771421,0.7174331444819376,P29,0,0.0,0.0,1.0,1.0,1.0
F04616,not_tiered,42,-0.9908661857328197,-0.8536981992027654,0.07281523745585383,0.4283910688476421,P18,0,0.0,0.0,0.0,0.0,
F04617,C_detection_pattern,42,-2.595738097446975,2.173593326510593,2.384665711978784,1.9638028534360354,P1,1,0.0,0.0,1.0,1.0,1.0
F04618,not_tiered,42,0.14289526301830857,0.23043607564910953,0.05492606101961042,0.5432266449360181,P14,0,0.023809523809523808,0.0,0.0,0.0,
F04619,B_abundance,42,1.162684149378242,1.2925669554926027,0.08204851133731572,0.497625120290087,P1,0,0.2857142857142857,0.2857142857142857,1.0,1.0,0.2857142857142857
F04620,not_tiered,42,-0.4916120536791624,-0.2861067143780449,0.10275266965055879,0.19213475091256474,P6,0,0.0,0.0,1.0,1.0,
F04621,C_detection_pattern,41,0.07895883731306341,0.07895883731306341,1.3877787807814457e-17,,P2,0,0.0,0.0,1.0,1.0,1.0
F04622,not_tiered,0,,,,,,0,0.0,0.0,0.07142857142857142,0.07142857142857142,
F04623,not_tiered,0,,,,,,0,0.0,0.0,0.0,0.0,
F04624,not_tiered,42,-0.3988698433089434,-0.3099076612535065,0.05494867084078048,0.4433788401845083,P10,0,1.0,0.0,0.0,0.0,
F04625,not_tiered,42,-0.4843641354427986,-0.3216631470865457,0.10314058662658171,0.4689330251398922,P42,0,0.0,0.0,0.07142857142857142,0.07142857142857142,
F04626,C_detection_pattern,42,-1.4426173280368317,-0.3635702216784473,0.5395235531791923,0.9188832992890589,P5,0,0.0,0.0,1.0,1.0,1.0
F04627,not_tiered,41,-0.03266723121289239,-0.03266723121289239,9.020562075079397e-17,,P2,0,0.0,0.0,0.0,0.0,
F04628,C_detection_pattern,42,-0.8983893819708832,0.6606876635897888,1.0016029634268373,1.1026581042308168,P30,1,0.0,0.0,1.0,1.0,1.0
F04629,not_tiered,42,-0.22885546581761926,-0.0762147008950136,0.08023975642590321,0.4440469008479189,P15,0,0.0,0.0,0.0,0.0,
F04630,not_tiered,42,-1.9878073496432997,-0.900578520876578,0.6354080149187356,0.8930390986418947,P16,0,0.0,0.0,0.0,0.0,
F04631,not_tiered,42,-0.45866902922610026,-0.11619269915005645,0.20463983847874848,0.6837295235785894,P17,0,0.0,0.0,0.0,0.0,
F04632,not_tiered,41,-0.7271032011061269,-0.7271032011061269,0.0,,P2,0,0.0,0.0,0.0,0.0,
F04633,not_tiered,42,-0.9957966332548821,-0.8941637977637832,0.06184790992706812,0.4165508571947934,P37,0,1.0,0.0,0.0,0.0,
F04634,B_abundance,42,-1.3787551803291629,-1.2549755687448303,0.07066379104223852,0.4354122293851505,P23,0,1.0,1.0,0.0,0.0,1.0
F04635,not_tiered,42,-0.8732385965142664,-0.7455430872320452,0.07713070004019518,0.4370105773325817,P19,0,1.0,0.0,0.0,0.0,
F04636,C_detection_pattern,42,-1.1708042602221553,-0.5684998397673974,0.39020025570880756,0.9370621207826896,P17,0,0.0,0.0,1.0,1.0,1.0
F04637,not_tiered,42,0.26552243320028446,0.35908044640208775,0.054999084784937924,0.4492037700534365,P25,0,1.0,0.0,0.0,0.0,
F04638,not_tiered,0,,,,,,0,0.0,0.0,0.0,0.0,
F04639,not_tiered,42,-0.949271210136645,-0.8306888187428161,0.07198310384006434,0.38437994820633486,P39,0,1.0,0.0,0.0,0.0,
F04640,not_tiered,42,-0.6326059305940755,-0.5221740129607269,0.0634165786461871,0.3998763833491716,P42,0,1.0,0.0,0.0,0.0,
F04641,B_abundance,42,-1.55388869263872,-1.3919266108497252,0.08734477839092625,0.39750119168785514,P19,0,1.0,1.0,0.0,0.0,1.0
F04642,not_tiered,42,-0.7621953134581332,-0.6134586988789593,0.08281148094524027,0.41020347037095073,P19,0,1.0,0.0,0.0,0.0,
F04643,not_tiered,42,-0.5256419133144343,-0.42955299584456685,0.06370387639987773,0.44051500881335914,P18,0,1.0,0.0,0.0,0.0,
F04644,C_detection_pattern,42,0.3349808733589424,0.4631050688379155,0.06863316243248874,0.41292311344138277,P22,0,0.0,0.0,1.0,1.0,1.0
F04645,not_tiered,42,-1.8376919897599961,-1.723888667962262,0.05690166089886706,0.10668532291895202,P14,0,0.0,0.0,0.0,0.0,
F04646,C_detection_pattern,42,-0.4746307814288775,0.1592657613889985,0.4179883853927117,0.8973733529796434,P10,1,0.0,0.0,1.0,1.0,1.0
F04647,C_detection_pattern,42,0.5444290223674333,0.8741968492612593,0.21045896493957017,0.7489746498572586,P15,0,0.0,0.0,1.0,1.0,1.0
F04648,not_tiered,42,-3.437157863633824,-1.3829061990899079,1.444322056122688,1.1073235954215788,P18,0,0.0,0.0,0.16666666666666666,0.16666666666666666,
F04649,not_tiered,42,-0.8453756579064694,-0.7150847574098792,0.08151302967939167,0.39550013022281916,P19,0,1.0,0.0,0.0,0.0,
F04650,C_detection_pattern,42,-0.7209729848707294,-0.29930960269747003,0.24911925450884315,0.6404521266225306,P38,0,0.0,0.0,1.0,1.0,1.0
F04651,not_tiered,42,-0.10659606323633386,-0.015134778432828932,0.05255143032811796,0.4296776684997612,P2,0,0.0,0.0,0.0,0.0,
F04652,B_abundance,42,-1.7852492804890872,-1.5853753119413219,0.12975999928656035,0.4773014754345806,P19,0,1.0,1.0,0.0,0.0,1.0
F04653,not_tiered,42,-0.5998178798387164,-0.5222211402619722,0.04649797628499319,0.4230344762226181,P37,0,1.0,0.0,0.0,0.0,
F04654,not_tiered,41,-0.18912406357120481,-0.18912406357120481,2.7755575615628914e-17,,P1,0,0.0,0.0,0.0,0.0,
F04655,not_tiered,42,-0.8448660566936017,-0.3374784722842946,0.27369503705072573,0.7372200451719598,P16,0,0.0,0.0,0.0,0.0,
F04656,not_tiered,42,-0.07287090044463267,0.0013656247042657815,0.03916569085227368,0.39969101533529605,P18,1,0.0,0.0,0.0,0.0,
F04657,not_tiered,42,-0.24354275116790014,-0.17389122773944135,0.04090765786376055,0.3996228929211204,P35,0,0.11904761904761904,0.0,0.0,0.0,
F04658,not_tiered,41,-0.28173474328414905,-0.28173474328414905,5.551115123125783e-17,,P2,0,0.0,0.0,0.8333333333333334,0.0,
F04659,not_tiered,42,-0.261834007656262,-0.14709441546296922,0.060258143434879924,0.42245602624484185,P9,0,0.0,0.0,1.0,1.0,
F04660,C_detection_pattern,42,-3.0559489585169928,-1.9347451253915455,0.6888504731768506,1.209582104845156,P1,0,0.0,0.0,1.0,1.0,1.0
F04661,not_tiered,41,-5.285691693984562,-5.285691693984562,0.0,,P1,0,0.0,0.0,0.0,0.0,
F04662,C_detection_pattern,42,0.3333802311468643,0.4466829740164072,0.06511963244557256,0.43580647727798744,P8,0,0.0,0.0,1.0,1.0,1.0
F04663,not_tiered,42,-0.17694959406975214,-0.03753111261781796,0.07299845713855543,0.396595807551511,P11,0,0.0,0.0,0.0,0.0,
F04664,not_tiered,0,,,,,,0,0.0,0.0,0.0,0.0,
F04665,C_detection_pattern,41,2.1781731091439855,2.1781731091439855,4.440892098500626e-16,,P1,0,0.0,0.0,1.0,1.0,1.0
F04666,not_tiered,41,2.3563807187686017,2.3563807187686017,0.0,,P1,0,0.0,0.0,0.0,0.0,
F04667,not_tiered,42,-0.06719999096396911,1.4268229875387712,0.8622729819023153,1.311169529206898,P23,1,0.0,0.0,0.0,0.0,
F04668,not_tiered,41,1.1897152010689158,1.1897152010689158,0.0,,P1,0,0.0,0.0,0.0,0.0,
F04669,not_tiered,42,-0.6887892487485772,-0.5745424930230179,0.06292890660653949,0.38028438116058016,P23,0,1.0,0.0,0.0,0.0,
F04670,C_detection_pattern,42,0.6884586129419148,0.831156868025828,0.07269125347192584,0.42472295549667777,P5,0,0.0,0.0,1.0,1.0,1.0
F04671,not_tiered,42,0.4587867090610819,0.5198484552745044,0.0328483155920532,0.3339724045688686,P15,0,1.0,0.0,0.0,0.0,
F04672,not_tiered,42,0.0933085086434118,0.14501253666327632,0.027546175813487117,0.3008907190325696,P25,0,0.0,0.0,0.0,0.0,
F04673,not_tiered,42,-0.49452010989612294,-0.4118175389021444,0.046020749664813176,0.3869671991875566,P35,0,1.0,0.0,0.0,0.0,
F04674,not_tiered,42,-0.20381363590377788,3.696050705389899,1.9499321706468384,1.8763531657768437,P1,1,0.0,0.0,0.0,0.0,
F04675,C_detection_pattern,42,-0.7395096766007558,-0.25406105203817564,0.28806456830841104,0.6670593986283871,P1,0,0.0,0.0,1.0,1.0,1.0
F04676,not_tiered,42,-0.5181416301978106,-0.2677408595787763,0.1530356610217919,0.5347669512595075,P35,0,0.0,0.0,1.0,1.0,
F04677,C_detection_pattern,42,1.025946259153549,1.2547136750179628,0.11750871837468435,0.47774951020781636,P36,0,0.0,0.0,1.0,1.0,1.0
F04678,not_tiered,42,-0.3197393986848441,-0.1716976719197734,0.08183756375067447,0.4601160915021873,P35,0,0.0,0.0,1.0,1.0,
F04679,not_tiered,42,-1.1929967208593097,-0.6109392230468438,0.31042663775577817,0.7027070651521151,P32,0,0.0,0.0,0.11904761904761904,0.11904761904761904,
F04680,not_tiered,42,0.5326480416049522,0.5774820721865364,0.025827225790793773,0.35805895415845335,P14,0,1.0,0.0,0.0,0.0,
F04681,B_abundance,42,1.266764138770287,1.4163209289893814,0.08754149984470994,0.39104226615414095,P37,0,1.0,1.0,0.0,0.0,1.0
F04682,B_abundance,42,-1.6866703498644162,-1.47795657044725,0.13596434425593706,0.4845288139746306,P19,0,1.0,1.0,0.0,0.0,1.0
F04683,C_detection_pattern,42,0.4291186563892042,1.9790290994894826,0.8200646773374205,1.2411853785068134,P1,0,0.0,0.0,1.0,1.0,1.0
F04684,C_detection_pattern,42,0.012564403105265121,0.1788558563425886,0.10508828663828508,0.60810923623614,P35,0,0.0,0.0,1.0,1.0,1.0
F04685,C_detection_pattern,42,0.5300212646530279,0.6825907243704902,0.07807152308853105,0.4279618217334939,P30,0,0.0,0.0,1.0,1.0,1.0
F04686,C_detection_pattern,42,-0.7142412869728954,-0.1311127482323729,0.39521686527995137,0.8012275965924934,P36,0,0.0,0.0,1.0,1.0,1.0
F04687,C_detection_pattern,42,0.4697980201980669,0.6785343488378043,0.1262539781042783,0.5962929487313915,P38,0,0.0,0.0,1.0,1.0,1.0
F04688,not_tiered,42,-0.9660060203583334,-0.4712942266802469,0.3107892166564741,0.8613385451157501,P3,0,0.0,0.0,0.0,0.0,
F04689,B_abundance,42,-1.4521043652130585,-1.2590602913056923,0.10869606268589083,0.43769577943578575,P41,0,1.0,1.0,0.0,0.0,1.0
F04690,C_detection_pattern,42,-0.601089390591579,0.572466288988242,0.6787425125790172,1.0822458229019347,P39,1,0.0,0.0,1.0,1.0,1.0
F04691,C_detection_pattern,42,-0.6579347764290426,-0.10441945812151943,0.28914411290303066,0.6272285796349873,P34,0,0.0,0.0,1.0,1.0,1.0
F04692,B_abundance,42,-1.4316428994862511,-1.2500657935322732,0.11357276315727449,0.5747846105397232,P18,0,1.0,1.0,0.0,0.0,1.0
F04693,C_detection_pattern,42,0.1135449449695912,0.39509825313821906,0.16904737167249795,0.6251407291344951,P21,0,0.0,0.0,1.0,1.0,1.0
F04694,C_detection_pattern,42,-0.41175940933971145,0.4290103459975807,0.4339916411386853,0.8890546775795876,P22,1,0.0,0.0,1.0,1.0,1.0
F04695,C_detection_pattern,42,-0.2288724355209255,1.2075372448032453,0.7219403520568638,0.914557662510454,P27,1,0.0,0.0,1.0,1.0,1.0
F04696,not_tiered,42,0.6359960910459589,0.7045374514359163,0.03613999993811945,0.32635063320143304,P23,0,1.0,0.0,0.0,0.0,
F04697,B_abundance,42,-1.246825209986738,-1.03060310944961,0.144047274877791,0.5972751338750183,P31,0,1.0,1.0,0.0,0.0,1.0
F04698,C_detection_pattern,42,0.45590691753897206,1.273079110317041,0.5050515678029616,0.9738527827940715,P10,0,0.0,0.0,1.0,1.0,1.0
F04699,C_detection_pattern,41,-0.0774407706491953,-0.0774407706491953,0.0,,P2,0,0.0,0.0,1.0,1.0,1.0
F04700,not_tiered,42,0.4069359981285003,0.47161322480457285,0.03257714299735093,0.3479044767528308,P22,0,1.0,0.0,0.0,0.0,
F04701,C_detection_pattern,42,-0.46032033248597237,-0.12382462287208673,0.22750301518682198,0.8283960841090545,P30,0,0.0,0.0,1.0,1.0,1.0
F04702,C_detection_pattern,42,-0.03482655939478829,0.4110861604466667,0.30251391169529707,0.9002576733050923,P16,1,0.0,0.0,1.0,1.0,1.0
F04703,C_detection_pattern,42,0.059346675106480784,0.27974580012157757,0.11454165547741726,0.5013844360545364,P31,0,0.0,0.0,1.0,1.0,1.0
F04704,not_tiered,42,0.5851496957044464,0.7524846348163077,0.12494837521721325,0.5766729206504885,P18,0,1.0,0.0,0.0,0.0,
F04705,C_detection_pattern,42,0.27583860174382124,0.6927718966117477,0.25407392573787524,0.679713609492825,P9,0,0.0,0.0,1.0,1.0,1.0
F04706,not_tiered,42,0.6589936648150225,0.7424816479372854,0.05096569643293025,0.5015128421220565,P22,0,1.0,0.0,0.0,0.0,
F04707,not_tiered,42,0.47609379893914916,0.5485276848563891,0.04979468777479712,0.507841732584063,P19,0,1.0,0.0,0.0,0.0,
F04708,not_tiered,42,0.6484727507733787,0.9597333773170494,0.23351904427487058,0.8602155882109468,P33,0,1.0,0.0,0.8333333333333334,0.0,
F04709,not_tiered,41,-0.8986001977529305,-0.8986001977529305,0.0,,P2,0,0.0,0.0,0.0,0.0,
F04710,not_tiered,42,0.8571502507737616,2.4217553252974984,0.7823025372618684,1.2188649584720967,P7,0,0.0,0.0,0.0,0.0,
F04711,not_tiered,42,-0.1123606656421026,0.13722588769344207,0.16486137084600042,0.6545571787309447,P33,3,0.0,0.0,0.0,0.0,
F04712,not_tiered,42,0.5794012575661864,0.9783075830187898,0.2723450138200155,0.8361890092383615,P40,0,0.0,0.0,1.0,1.0,
F04713,not_tiered,0,,,,,,0,0.0,0.0,0.0,0.0,
F04714,not_tiered,42,-0.8689735998268026,0.1451212285797364,0.5336822313908982,0.8672137989777761,P24,1,0.0,0.0,0.0,0.0,
F04715,C_detection_pattern,42,0.8335280890924344,1.3114448824894391,0.26077703227581694,0.5264296672198613,P38,0,0.0,0.0,1.0,1.0,1.0
F04716,not_tiered,42,-1.2794450313567112,-0.9439981010313891,0.17003492280928056,0.5390556385579707,P20,0,0.0,0.0,0.0,0.0,
F04717,C_detection_pattern,42,0.4396063199247832,0.7082380692933191,0.15863537419130663,0.5665679152276397,P10,0,0.0,0.0,1.0,1.0,1.0
F04718,not_tiered,42,0.42337302362313795,0.5831513646987125,0.10893058013507012,0.633487609328143,P2,0,1.0,0.0,0.0,0.0,
F04719,not_tiered,0,,,,,,0,0.0,0.0,0.0,0.0,
F04720,B_abundance,42,-1.1107838800474954,-1.0026226631651447,0.06969438616156287,0.4704571258734714,P2,0,1.0,1.0,0.0,0.0,1.0
F04721,not_tiered,42,-0.5780208150037567,-0.4877611179314928,0.06020472137230504,0.5027142291629222,P19,0,1.0,0.0,0.0,0.0,
F04722,not_tiered,42,-0.7260553380101468,-0.2297387997242545,0.301324957436253,0.6796740224796807,P33,0,0.0,0.0,0.16666666666666666,0.16666666666666666,
F04723,not_tiered,42,0.18665798883690546,0.23804698541075486,0.03274809914965596,0.4154963697424665,P19,0,1.0,0.0,0.0,0.0,
F04724,not_tiered,42,0.2859968214265705,0.35419118153849727,0.037754089012744185,0.3887030971935803,P42,0,1.0,0.0,0.0,0.0,
F04725,not_tiered,42,0.6583074406062912,0.7991392446215085,0.08293212592201948,0.4594406639436243,P25,0,1.0,0.0,1.0,0.7619047619047619,
F04726,not_tiered,41,1.3174373002018314,1.3174373002018314,0.0,,P1,0,0.0,0.0,0.0,0.0,
F04727,not_tiered,42,-1.970467386560884,-1.371166839938038,0.3369962110372504,0.6405071005161193,P34,0,0.0,0.0,0.0,0.0,
F04728,not_tiered,42,0.11677316618069519,0.18337712189213395,0.03770938436422355,0.4222025369717635,P14,0,0.0,0.0,0.0,0.0,
F04729,not_tiered,42,-0.5828355983774993,-0.325866469224427,0.13261629652304785,0.46418524230546276,P16,0,0.0,0.0,0.0,0.0,
F04730,B_abundance,42,-1.455987991787556,-1.3515827732979357,0.06252815847348003,0.41917944671763574,P19,0,1.0,1.0,0.0,0.0,1.0
F04731,not_tiered,42,-0.2647952197395966,-0.16849376191845772,0.04828500381530218,0.38042313197387234,P19,0,0.0,0.0,1.0,1.0,
F04732,not_tiered,42,-1.6125233292381465,-0.881453916187454,0.41041409928845196,0.9514088062193401,P33,0,0.0,0.0,0.0,0.0,
F04733,not_tiered,42,-0.29263127534846856,0.5191457727571261,0.41738002247525846,0.7648405900578576,P30,2,0.0,0.0,0.0,0.0,
F04734,C_detection_pattern,42,-2.908010845293878,-1.7837402190215592,0.5882452093191419,0.9656640138126907,P17,0,0.0,0.0,1.0,1.0,1.0
F04735,not_tiered,42,-0.9672392730068816,-0.7721096080364563,0.12589602226584629,0.5426419636794358,P31,0,1.0,0.0,0.0,0.0,
F04736,not_tiered,42,0.1743131501139139,0.32760320136203724,0.09089312426934534,0.6040409468738608,P38,0,0.0,0.0,1.0,1.0,
F04737,C_detection_pattern,42,0.8497561928294912,1.1001291172414371,0.13099921780941137,0.4585945515359685,P21,0,0.0,0.0,1.0,1.0,1.0
F04738,not_tiered,42,0.06279258187752475,0.1263918044250046,0.03399892834040971,0.3557422268480596,P39,0,0.0,0.0,0.0,0.0,
F04739,not_tiered,41,-0.800643159048894,-0.800643159048894,0.0,,P2,0,0.0,0.0,0.0,0.0,
F04740,not_tiered,42,0.13083751920495942,0.26658033522167346,0.09879879413255127,0.5769616787343775,P23,0,0.0,0.0,0.0,0.0,
F04741,not_tiered,42,-0.5487571136010296,0.17599032910778986,0.5024915007756899,0.9658141266074646,P2,1,0.0,0.0,0.11904761904761904,0.11904761904761904,
F04742,not_tiered,42,-0.4570442499904374,-0.16023909409222092,0.15037587379650763,0.5221915851599502,P37,0,0.0,0.0,0.6428571428571429,0.6428571428571429,
F04743,not_tiered,0,,,,,,0,0.0,0.0,0.0,0.0,
F04744,not_tiered,0,,,,,,0,0.0,0.0,0.0,0.0,
F04745,not_tiered,42,-0.3286631120443906,-0.20477189789202407,0.08027514755397444,0.5734645028218345,P26,0,0.07142857142857142,0.0,1.0,0.0,
F04746,not_tiered,42,-1.0263204956556278,-0.8699181879182019,0.09988373968218134,0.49228547139682616,P26,0,1.0,0.11904761904761904,0.0,0.0,
F04747,not_tiered,42,0.05099794405017555,0.2935128842238903,0.12125747008685742,0.22639315270358557,P1,0,0.0,0.0,1.0,0.7619047619047619,
F04748,not_tiered,41,-1.0189774135668639,-1.0189774135668639,2.220446049250313e-16,,P1,0,0.0,0.0,0.0,0.0,
F04749,C_detection_pattern,42,0.09964776025864731,0.44162127093031295,0.20457199144431804,0.6295202756952388,P38,0,0.0,0.0,1.0,1.0,1.0
F04750,not_tiered,41,-0.3101222517405944,-0.3101222517405944,0.0,,P2,0,0.0,0.0,0.0,0.0,
F04751,C_detection_pattern,42,-0.6297874951193122,-0.37219595786154624,0.15117382806931712,0.5673380349558591,P33,0,0.0,0.0,1.0,1.0,1.0
F04752,not_tiered,42,0.4781026650930752,0.5628150602700677,0.04442991003911001,0.38098548816871314,P23,0,1.0,0.0,0.0,0.0,
F04753,not_tiered,42,-0.24143437564194584,-0.17397478315192919,0.037649745427431325,0.3877786579094422,P19,0,0.2857142857142857,0.0,0.0,0.0,
F04754,not_tiered,42,-0.2533054505366018,-0.15633756871570031,0.0670265025921992,0.5625064543710602,P23,0,0.0,0.0,0.0,0.0,
F04755,not_tiered,0,,,,,,0,0.0,0.0,0.0,0.0,
F04756,C_detection_pattern,42,-0.5956614109207768,-0.20132862800338966,0.23218379196028185,0.6531590059813798,P39,0,0.0,0.0,1.0,1.0,1.0
F04757,not_tiered,41,-0.30147991922108375,-0.30147991922108375,5.551115123125783e-17,,P2,0,0.0,0.0,0.0,0.0,
F04758,B_abundance,42,1.2154813298952674,1.2963830006138133,0.046344045041716964,0.3785551157229038,P1,0,1.0,1.0,0.0,0.0,1.0
F04759,C_detection_pattern,42,-1.3330970812663951,-0.8934434162748005,0.2227350104910163,0.5979064204739638,P15,0,0.0,0.0,1.0,1.0,1.0
F04760,C_detection_pattern,42,-1.6620684559025163,-0.6623488281853884,0.5136227888484153,0.9847116656415609,P7,0,0.0,0.0,1.0,1.0,1.0
F04761,C_detection_pattern,42,1.2534599076072979,2.029458550391135,0.4640837238095288,1.002479230910988,P6,0,0.0,0.0,1.0,1.0,1.0
F04762,B_abundance,42,-1.280696284783805,-1.1970556335573026,0.04511266100757205,0.38310104846857423,P1,0,1.0,1.0,0.0,0.0,1.0
F04763,not_tiered,41,-0.20975364957857678,-0.20975364957857678,8.326672684688674e-17,,P1,0,0.0,0.0,0.5238095238095238,0.5238095238095238,
F04764,not_tiered,42,-0.08111067339910749,0.030361287253101388,0.05901819545795389,0.4149251117549524,P19,6,0.0,0.0,0.0,0.0,
F04765,not_tiered,42,-0.1293561587995878,0.09517904680133857,0.14059718274025526,0.4672748314226606,P25,8,0.0,0.0,0.0,0.0,
F04766,not_tiered,42,-0.09415224546913302,0.020878804986316904,0.05767645217801532,0.36540836922314307,P23,2,0.0,0.0,1.0,0.0,
F04767,not_tiered,42,-0.6689189001675768,-0.16570926621444806,0.2667224510915047,0.7630666078580461,P40,0,0.0,0.0,0.0,0.0,
F04768,not_tiered,42,-1.1463601927811276,0.0780956287542427,0.6122279107676851,1.0171626457753828,P1,1,0.0,0.0,1.0,0.7619047619047619,
F04769,not_tiered,42,-0.38330115477735066,-0.2695191507306814,0.06220466778852746,0.388302954265881,P25,0,0.09523809523809523,0.0,0.0,0.0,
F04770,not_tiered,42,0.244473622008424,0.3474803325638169,0.06090876205831919,0.41678652569533803,P2,0,0.09523809523809523,0.0,0.8333333333333334,0.0,
F04771,not_tiered,41,-3.400945811551848,-3.400945811551848,0.0,,P2,0,0.0,0.0,0.0,0.0,
F04772,not_tiered,42,-0.3291052282567197,-0.2283180555846283,0.054112816187616486,0.4346306333663048,P18,0,0.5952380952380952,0.0,0.0,0.0,
F04773,C_detection_pattern,42,-0.6446643372344911,-0.4914479036213744,0.0876940487686047,0.4491852066578591,P19,0,0.0,0.0,1.0,1.0,1.0
F04774,not_tiered,42,-0.7136935093995567,-0.6007953973532434,0.06161229985438643,0.3729637728274558,P31,0,1.0,0.0,0.0,0.0,
F04775,not_tiered,42,-0.07617316549501794,-0.0036766511400741124,0.045803155306572446,0.43624922967859225,P27,0,0.0,0.0,0.0,0.0,
F04776,not_tiered,42,-1.1659463315551986,-0.8363531098898527,0.23451309593662084,0.7401717588576422,P34,0,0.0,0.0,0.0,0.0,
F04777,not_tiered,42,0.298213612852435,0.3595790362399899,0.0313115879783018,0.3605712550832719,P35,0,1.0,0.0,0.0,0.0,
F04778,B_abundance,42,-1.5496501842879888,-1.3674518627142709,0.11657670773824136,0.47207832381758813,P39,0,1.0,1.0,0.0,0.0,1.0
F04779,not_tiered,42,0.07500176305346004,0.22776464211699024,0.10212713676896976,0.5990528723100832,P40,0,0.0,0.0,1.0,0.7619047619047619,
F04780,not_tiered,42,0.4190125232116165,0.4889346347234896,0.03695868273234798,0.408575086695767,P19,0,1.0,0.0,0.0,0.0,
F04781,C_detection_pattern,42,1.2172684338912458,1.4132130847907622,0.12003973618156905,0.5067257312520335,P27,0,0.0,0.0,1.0,1.0,1.0
F04782,not_tiered,42,-0.7141285708558279,-0.6123971833646721,0.06400355226430521,0.425563281899107,P42,0,1.0,0.0,0.0,0.0,
F04783,not_tiered,42,0.11322968930390538,0.22551456133490638,0.06338840622465139,0.4488627365864641,P23,0,0.0,0.0,1.0,0.0,
F04784,C_detection_pattern,42,-0.4375864612390538,-0.21251619959957946,0.15810336016582566,0.6551610669354362,P38,0,0.0,0.0,1.0,1.0,1.0
F04785,not_tiered,41,-0.5118708514883394,-0.5118708514883394,0.0,,P1,0,0.0,0.0,0.0,0.0,
F04786,not_tiered,42,0.05560264428097028,0.82204267649464,0.40527274666821383,0.793204155191166,P38,0,0.0,0.0,0.0,0.0,
F04787,not_tiered,42,-0.3401889965787732,-0.24489327513918602,0.06453378338457899,0.4910718954636186,P19,0,0.7857142857142857,0.0,0.0,0.0,
F04788,not_tiered,42,-0.25388661706995846,0.26256110359408175,0.2661153940438096,0.7281453425947088,P28,2,0.0,0.0,0.023809523809523808,0.023809523809523808,
F04789,not_tiered,42,-0.633295907851954,-0.5711193727730899,0.03265917439902366,0.3410186162856555,P2,0,1.0,0.0,0.0,0.0,
F04790,not_tiered,42,-0.33415369709347,-0.14332813295833194,0.11164697166440637,0.6316585432603317,P6,0,0.0,0.0,0.0,0.0,
F04791,not_tiered,42,0.43416746651869886,0.5334486743652127,0.06470394780122796,0.5912851206871905,P2,0,1.0,0.0,0.0,0.0,
F04792,not_tiered,41,-0.7838129455846996,-0.7838129455846996,0.0,,P1,0,0.0,0.0,0.0,0.0,
F04793,not_tiered,42,-0.6208619921901674,0.2924000055668217,0.5440037661857627,1.0803493289127024,P30,2,0.0,0.0,0.0,0.0,
F04794,not_tiered,42,-0.458929268454503,0.9305536036057918,0.9277795809490429,1.2355544558087326,P30,1,0.0,0.0,0.0,0.0,
F04795,not_tiered,42,-0.018728156105750147,0.14135244792481294,0.11700387414060004,0.7383189866356891,P11,4,0.0,0.0,0.0,0.0,
F04796,not_tiered,42,-1.3869755570037225,-1.1947822238042485,0.10216572053870787,0.4805739085725067,P11,0,0.0,0.0,0.0,0.0,
F04797,not_tiered,42,-0.5737555974168742,-0.37546044509246584,0.11419291913538904,0.5036269662841103,P2,0,0.0,0.0,0.11904761904761904,0.11904761904761904,
F04798,not_tiered,0,,,,,,0,0.0,0.0,0.8571428571428571,0.7619047619047619,
F04799,not_tiered,42,-0.2482753379406884,-0.06948385206085017,0.11406428817591982,0.48439773143513504,P21,0,0.0,0.0,1.0,0.0,
F04800,not_tiered,42,-0.4985994818556263,-0.43322731028686795,0.03791362711568791,0.3366365742176495,P37,0,1.0,0.0,0.0,0.0,
F04801,not_tiered,42,-0.16781361833869823,-0.012280236717143376,0.09860619674920473,0.57504664634084,P41,0,0.0,0.0,1.0,0.7619047619047619,
F04802,not_tiered,0,,,,,,0,0.0,0.0,0.0,0.0,
F04803,not_tiered,42,0.1516475021303269,0.3119179026084443,0.12288426556234402,0.7262409600459112,P31,0,0.023809523809523808,0.0,0.0,0.0,
F04804,not_tiered,42,0.3922068120100389,0.5130104670829486,0.06483809446454175,0.4473009455713125,P25,0,1.0,0.0,0.0,0.0,
F04805,not_tiered,42,0.26901638986211246,0.34297957702662285,0.03762868554136084,0.39150600269062474,P2,0,1.0,0.0,0.0,0.0,
F04806,not_tiered,42,0.7668131946732428,0.856931668216162,0.05260877554354193,0.45734618647941094,P20,0,1.0,0.0,0.0,0.0,
F04807,not_tiered,42,0.4180932056414822,0.5341069862778985,0.07263165157584867,0.5437604111108597,P21,0,1.0,0.0,0.0,0.0,
F04808,not_tiered,42,0.5549834370809675,0.6832430179192416,0.08464868905855627,0.5952764761494016,P39,0,1.0,0.0,0.0,0.0,
F04809,not_tiered,42,-0.015432386621482443,0.04167340110759082,0.03911548157977222,0.4602731902962501,P31,21,0.0,0.0,0.0,0.0,
F04810,not_tiered,42,-0.4283386243237678,-0.1536547867277743,0.19577745135613708,0.7645172288138357,P13,0,0.023809523809523808,0.0,0.8095238095238095,0.7619047619047619,
F04811,not_tiered,42,0.2662160393760975,0.38435322908915026,0.07649083665556977,0.6365016753736029,P21,0,1.0,0.0,0.0,0.0,
F04812,not_tiered,42,0.4733786636038299,0.64228478356233,0.11442568970392852,0.7162373105489452,P18,0,1.0,0.0,1.0,0.0,
F04813,not_tiered,42,0.32989385253230913,0.4122063609802785,0.04769990503142424,0.38506300326918824,P26,0,0.0,0.0,1.0,1.0,
F04814,not_tiered,41,0.02350571612765151,0.02350571612765151,1.0408340855860843e-17,,P2,0,0.0,0.0,0.0,0.0,
F04815,not_tiered,42,0.09370158403436862,0.1697845183846566,0.0476023109125175,0.4400808740244115,P23,0,0.0,0.0,0.0,0.0,
F04816,B_abundance,42,0.7288176163991698,1.089921696781597,0.27226411549445095,0.6657606166460242,P23,0,0.9523809523809523,0.8571428571428571,0.8333333333333334,0.0,0.8571428571428571
F04817,not_tiered,42,0.20456906560658097,0.28883190989832086,0.0470209469166927,0.47411798696997004,P25,0,1.0,0.0,0.0,0.0,
F04818,C_detection_pattern,42,0.03246752420518957,0.23803139207424637,0.10895414816097268,0.44203812094139944,P26,0,0.0,0.0,1.0,1.0,1.0
F04819,not_tiered,42,0.27174216043720445,0.3793519433076721,0.07900893399953424,0.6625381972388187,P18,0,1.0,0.0,0.0,0.0,
F04820,not_tiered,42,0.12686676242224593,0.3369605418505382,0.1437552173580999,0.6643463073347041,P19,0,0.0,0.0,1.0,0.0,
F04821,not_tiered,42,0.403288385856577,0.5391166781650846,0.10131807783765517,0.702760048791347,P2,0,1.0,0.0,1.0,0.0,
F04822,not_tiered,42,0.25493581162791046,0.29971705869975235,0.024632653040577157,0.3717645516263769,P19,0,1.0,0.0,0.0,0.0,
F04823,not_tiered,42,0.03514447036688285,0.14441622979029786,0.07813751993041426,0.6450818853470992,P18,0,0.0,0.0,0.0,0.0,
F04824,not_tiered,42,-0.33496685493887135,1.6182089353039295,0.9765878951214004,1.404471885774175,P1,1,0.0,0.0,0.9285714285714286,0.7619047619047619,
F04825,not_tiered,42,-0.06149664834173793,0.018750293928836453,0.04306547389976245,0.34081426702075324,P19,7,0.0,0.0,0.0,0.0,
F04826,not_tiered,41,-0.24830212583963096,-0.24830212583963096,5.551115123125783e-17,,P2,0,0.0,0.0,0.0,0.0,
F04827,C_detection_pattern,42,0.5804307772504839,0.8396435373743932,0.21021114481846448,0.8833130147726552,P34,0,0.0,0.0,1.0,1.0,1.0
F04828,not_tiered,42,0.5803646773615692,0.6558562903356805,0.04846976280483495,0.4893418375748195,P25,0,1.0,0.0,0.0,0.0,
F04829,not_tiered,0,,,,,,0,0.0,0.0,0.0,0.0,
F04830,not_tiered,0,,,,,,0,0.0,0.0,0.0,0.0,
F04831,not_tiered,42,-1.5776057191137767,-0.6415041326695281,0.4680507932221243,0.8151829294814359,P1,0,0.0,0.0,0.0,0.0,
F04832,not_tiered,42,0.4591601250937587,0.6186601042923248,0.08992521041611534,0.4376718663448793,P8,0,0.0,0.0,1.0,1.0,
F04833,B_abundance,42,1.5193420154344732,1.696451205138328,0.09574483043358195,0.41433677807037217,P1,0,1.0,1.0,0.8333333333333334,0.0,1.0
F04834,B_abundance,42,1.8523148423812903,1.9935206153374665,0.08477949879216151,0.41906240088126845,P1,0,1.0,1.0,0.0,0.0,1.0
F04835,C_detection_pattern,42,0.06892407620230064,0.36963237288455975,0.1594980957311103,0.48910259957809743,P38,0,0.0,0.0,1.0,1.0,1.0
F04836,not_tiered,42,-0.06478739364664311,0.042596703383804266,0.05594673680188526,0.3962007835986699,P26,11,0.0,0.0,0.0,0.0,
F04837,B_abundance,42,-1.9721919140532909,-1.6407826310227591,0.17697660321110886,0.4094356635720121,P42,0,1.0,1.0,0.0,0.0,1.0
F04838,not_tiered,42,-0.14257195344085005,1.147771826379401,0.6451718899101255,1.059290093086901,P5,1,0.0,0.0,0.0,0.0,
F04839,C_detection_pattern,41,-1.0176850509594804,-1.0176850509594804,0.0,,P1,0,0.0,0.0,1.0,1.0,1.0
F04840,not_tiered,42,-0.06871814546626301,0.03440918489945801,0.052274382365626704,0.4362751603285455,P20,5,0.0,0.0,0.0,0.0,
F04841,not_tiered,42,2.0543517644705718,2.3071078671591296,0.1331349216297455,0.4634469111842216,P20,0,0.0,0.0,1.0,1.0,
F04842,not_tiered,42,-0.4620430119642937,-0.1811808089258616,0.14154077909698679,0.527816154571977,P26,0,0.0,0.0,0.0,0.0,
F04843,not_tiered,42,-0.8618267527690118,-0.16301886563371654,0.43669680907517644,0.8066214898750452,P33,0,0.0,0.0,1.0,1.0,
F04844,not_tiered,0,,,,,,0,0.0,0.0,0.0,0.0,
F04845,not_tiered,0,,,,,,0,0.0,0.0,0.0,0.0,
F04846,not_tiered,0,,,,,,0,0.0,0.0,0.0,0.0,
F04847,C_detection_pattern,42,0.02454600373696203,0.28075254747076117,0.13214552770081447,0.47542115650281475,P22,0,0.0,0.0,1.0,1.0,1.0
F04848,not_tiered,0,,,,,,0,0.0,0.0,0.0,0.0,
F04849,not_tiered,42,0.09388372518470638,0.21991724664401402,0.07698219110907613,0.4686514856673207,P27,0,0.0,0.0,1.0,0.7619047619047619,
F04850,not_tiered,42,-0.9358324901555066,-0.7891358626361834,0.09757083641393816,0.4711292212615825,P19,0,1.0,0.0,0.0,0.0,
F04851,C_detection_pattern,41,-0.2418688648091578,-0.2418688648091578,0.0,,P2,0,0.0,0.0,1.0,1.0,1.0
F04852,not_tiered,42,1.015054893670611,1.1855803826693692,0.08576467037026636,0.49031054677928637,P40,0,0.0,0.0,1.0,1.0,
F04853,B_abundance,42,-5.265070071868632,-5.002484248927975,0.17800373312526574,0.502601477284868,P1,0,1.0,1.0,0.0,0.0,1.0
F04854,not_tiered,42,0.013282622159951006,0.07915560936643,0.0341442582775967,0.357080115661912,P20,0,0.0,0.0,0.0,0.0,
F04855,not_tiered,42,-0.5072613550722178,-0.043184633329460806,0.2482316754148421,0.5922985499376405,P9,0,0.0,0.0,0.0,0.0,
F04856,not_tiered,42,-0.3559708428062923,-0.26980533589362077,0.05656806623677291,0.5053205636369482,P19,0,1.0,0.0,0.0,0.0,
F04857,not_tiered,0,,,,,,0,0.0,0.0,0.0,0.0,
F04858,not_tiered,0,,,,,,0,0.0,0.0,0.0,0.0,
F04859,C_detection_pattern,42,0.3501621017271092,0.846526675590987,0.27494627825247575,0.5589928106918273,P21,0,0.0,0.0,1.0,1.0,1.0
F04860,B_abundance,42,-3.8622875273053836,-3.6009748045909165,0.14458599985887455,0.46770079808862525,P1,0,1.0,1.0,0.5714285714285714,0.0,1.0
F04861,not_tiered,0,,,,,,0,0.0,0.0,0.0,0.0,
F04862,C_detection_pattern,42,-2.6043380210174645,-2.228870054272298,0.18862056364664737,0.48678197864716527,P31,0,0.0,0.0,1.0,1.0,1.0
F04863,not_tiered,0,,,,,,0,0.0,0.0,1.0,0.0,
F04864,not_tiered,42,-1.1407845778006909,-0.3470449377179321,0.3968698200413794,0.7051348563198044,P9,0,0.0,0.0,0.0,0.0,
F04865,not_tiered,42,-4.86385934383117,-2.369679490350359,1.6614248950034924,1.5753291402371659,P24,0,0.0,0.0,0.11904761904761904,0.11904761904761904,
F04866,not_tiered,42,-0.4878684305140585,-0.3892145845272995,0.0724963672565418,0.5524301777636894,P19,0,1.0,0.0,0.0,0.0,
F04867,not_tiered,42,-0.7113500002951179,-0.562044735873983,0.09857821807163092,0.5435026945391102,P19,0,1.0,0.0,0.0,0.0,
F04868,B_abundance,42,-1.4647688323669277,-1.2505943069452896,0.14893132039420043,0.6119640942764595,P22,0,1.0,1.0,0.0,0.0,1.0
F04869,not_tiered,42,-0.2502780164929819,-0.16449628119981458,0.051150107086777724,0.41837782946272667,P19,0,0.0,0.0,0.0,0.0,
F04870,not_tiered,0,,,,,,0,0.0,0.0,0.0,0.0,
F04871,not_tiered,42,-0.7661014571875278,0.2786216066500537,0.554046987159861,0.9038937319419158,P20,2,0.0,0.0,1.0,1.0,
F04872,not_tiered,42,4.476633866761023,8.05794012523141,2.196768091381724,1.3624870495022983,P16,0,0.0,0.0,0.0,0.0,
F04873,C_detection_pattern,41,2.3180245576665026,2.3180245576665026,0.0,,P1,0,0.0,0.0,1.0,1.0,1.0
F04874,C_detection_pattern,42,-1.5829361987946584,0.46290724600737326,1.1716464240293916,1.0678650833064223,P11,1,0.0,0.0,1.0,1.0,1.0
F04875,C_detection_pattern,41,-0.9585138873528933,-0.9585138873528933,1.1102230246251565e-16,,P1,0,0.0,0.0,1.0,1.0,1.0
F04876,C_detection_pattern,42,-1.1569270863193413,0.005981745612835709,0.6721380786355651,1.1527010512293132,P8,1,0.0,0.0,1.0,1.0,1.0
F04877,C_detection_pattern,42,-0.7066817186340181,-0.39239951335600265,0.16910297554450082,0.5432882703265907,P8,0,0.0,0.0,1.0,1.0,1.0
F04878,not_tiered,41,-1.0131214760349803,-1.0131214760349803,2.220446049250313e-16,,P2,0,0.0,0.0,0.9047619047619048,0.7619047619047619,
F04879,B_abundance,42,-1.2445443935130305,-1.1306333448986656,0.061196871613818926,0.34646018261544226,P31,0,1.0,1.0,0.0,0.0,1.0
F04880,B_abundance,42,-1.470775079478498,-1.3436224532614836,0.06535279808510208,0.32062801359906323,P31,0,1.0,1.0,0.0,0.0,1.0
F04881,not_tiered,0,,,,,,0,0.0,0.0,0.0,0.0,
F04882,C_detection_pattern,42,-2.3723289425661145,-1.8318781201243794,0.37752474511236334,0.9857743168511945,P35,0,0.0,0.0,1.0,1.0,1.0
F04883,C_detection_pattern,42,0.44318559155360376,0.6566122479001696,0.1193498323879385,0.5687708783302435,P35,0,0.0,0.0,1.0,1.0,1.0
F04884,not_tiered,42,0.003019429284352926,0.11146472805920368,0.05583356748417658,0.4900702950187734,P31,0,0.0,0.0,0.0,0.0,
F04885,not_tiered,0,,,,,,0,0.0,0.0,0.0,0.0,
F04886,C_detection_pattern,42,-0.6914721319497439,-0.19396878231232906,0.2935179782915545,0.7322600234629673,P39,0,0.0,0.0,1.0,1.0,1.0
F04887,C_detection_pattern,42,-0.07851634854274835,0.34001905842751745,0.23138033206614533,0.6147662402626006,P20,1,0.0,0.0,1.0,1.0,1.0
F04888,not_tiered,42,-1.0901376985170272,-0.9056691846781145,0.09275144611689023,0.37199024814646137,P10,0,0.0,0.0,0.0,0.0,
F04889,C_detection_pattern,42,0.02558087917424694,0.19342053744595794,0.09159266622784946,0.4214183637645517,P38,0,0.0,0.0,1.0,1.0,1.0
F04890,C_detection_pattern,42,-0.1623416495042318,0.4280851293537123,0.3664132151725213,0.9118194993291099,P22,1,0.0,0.0,1.0,1.0,1.0
F04891,C_detection_pattern,42,-0.6455547262156554,1.3019495724942693,0.9737521493549623,1.4020738365334693,P1,1,0.0,0.0,1.0,1.0,1.0
F04892,not_tiered,42,0.2648511231350965,0.371102151677559,0.05977411263253557,0.4693240150070059,P18,0,1.0,0.0,0.0,0.0,
F04893,not_tiered,42,0.3677719749659144,0.5291983877101148,0.08531741865115455,0.5140294414550135,P40,0,1.0,0.0,1.0,0.7619047619047619,
F04894,not_tiered,42,-2.8787300721431555,-0.04330913120658675,1.4829394137749852,1.4201892233369835,P37,0,0.0,0.0,0.0,0.0,
F04895,not_tiered,42,-0.5338764421149733,-0.42889884965186625,0.06600503237805894,0.47359307258017164,P20,0,1.0,0.0,1.0,0.7619047619047619,
F04896,not_tiered,42,0.6536119335481333,0.7738206143047862,0.07463155306275793,0.5087038504173944,P23,0,1.0,0.0,0.0,0.0,
F04897,not_tiered,42,0.1482488448473382,0.2598288975388337,0.0750393300858489,0.5733454477235892,P25,0,0.0,0.0,0.0,0.0,
F04898,not_tiered,0,,,,,,0,0.0,0.0,0.023809523809523808,0.023809523809523808,
F04899,not_tiered,42,0.24126054302766256,0.3313767492290562,0.06207157361013224,0.5436819865522177,P28,0,1.0,0.0,0.0,0.0,
F04900,C_detection_pattern,41,0.7082479504000396,0.7082479504000396,0.0,,P1,0,0.0,0.0,1.0,1.0,1.0
F04901,C_detection_pattern,42,-1.7379318316361139,-1.4596488760290744,0.14496953356089803,0.5047579153696102,P35,0,0.0,0.0,1.0,1.0,1.0
F04902,C_detection_pattern,42,0.14213160338554273,0.4090099500592728,0.1646673763600756,0.6066701985162571,P34,0,0.0,0.0,1.0,1.0,1.0
F04903,C_detection_pattern,42,-0.06479417126677489,0.3011590071908904,0.24270717038019798,0.7922883493992035,P34,5,0.0,0.0,1.0,1.0,1.0
F04904,not_tiered,41,1.1236869330407746,1.1236869330407746,0.0,,P2,0,0.0,0.0,0.0,0.0,
F04905,C_detection_pattern,42,0.09653452867829398,0.23801862018305792,0.07677731445532932,0.4874003920950294,P26,0,0.0,0.0,1.0,1.0,1.0
F04906,not_tiered,42,0.15445102947332115,0.26184069457023784,0.06385247217756984,0.4484199721334826,P19,0,0.0,0.0,0.0,0.0,
F04907,not_tiered,42,-1.0048748072435636,-0.9258330305027817,0.04031840227168715,0.33886531725270197,P36,0,1.0,0.047619047619047616,0.0,0.0,
F04908,not_tiered,42,-1.2373362290164895,-1.0802037880930315,0.10061706048229335,0.5238220588249884,P39,0,0.0,0.0,0.07142857142857142,0.07142857142857142,
F04909,not_tiered,42,-0.5855590342797962,-0.2353669855725998,0.24127066318495502,0.8499852147576656,P30,0,0.0,0.0,0.0,0.0,
F04910,not_tiered,42,-0.2630392192915996,-0.1999353208374255,0.03762305422323192,0.358985853932436,P2,0,0.6190476190476191,0.0,0.0,0.0,
F04911,C_detection_pattern,42,-4.160670822293117,-3.3734289161887627,0.3936209530521775,0.6999568490919515,P36,0,0.0,0.0,1.0,1.0,1.0
F04912,B_abundance,42,1.5154971714537342,1.7005956434260543,0.1385306844575196,0.658081292145127,P21,0,1.0,1.0,0.0,0.0,1.0
F04913,C_detection_pattern,42,-3.6225660144132754,-0.9403088095592148,1.625669616010259,1.3729099492253924,P22,0,0.0,0.0,1.0,1.0,1.0
F04914,C_detection_pattern,42,0.5642420426733605,1.160564833988799,0.30790134477384845,0.7026238397432619,P35,0,0.0,0.0,1.0,1.0,1.0
F04915,C_detection_pattern,41,-0.9874109042318029,-0.9874109042318029,1.1102230246251565e-16,,P2,0,0.0,0.0,1.0,1.0,1.0
F04916,B_abundance,42,1.5409979164635674,1.6756172719560727,0.06996863630002048,0.4240232733924215,P29,0,1.0,1.0,0.0,0.0,1.0
F04917,C_detection_pattern,42,1.6872125374399678,1.959527014098841,0.15559222864576427,0.5414300200439023,P36,0,0.0,0.0,1.0,1.0,1.0
F04918,not_tiered,42,0.057154408168878366,0.1513906513806748,0.0662502929853687,0.5433721963067853,P39,0,0.0,0.0,0.0,0.0,
F04919,not_tiered,42,0.3744815009399498,0.42450808568851006,0.02878767769306001,0.3887115414894214,P19,0,1.0,0.0,0.0,0.0,
F04920,not_tiered,42,0.07272354157660375,0.23786026433344856,0.08775923279100194,0.4734906947529129,P14,0,0.0,0.0,1.0,1.0,
F04921,not_tiered,42,0.5894502856289406,0.6964494091541521,0.07608169732071612,0.5768415506612086,P21,0,1.0,0.0,0.0,0.0,
F04922,C_detection_pattern,0,,,,,,0,0.0,0.0,1.0,1.0,1.0
F04923,not_tiered,42,0.046739949400891656,0.12423928334030425,0.04303270100924725,0.37801113951192833,P19,0,0.0,0.0,0.0,0.0,
F04924,not_tiered,42,0.012407849671960073,0.08078737154923352,0.04371364049641761,0.4785607513158507,P18,0,0.0,0.0,0.0,0.0,
F04925,C_detection_pattern,42,0.223902217013186,0.406437122006479,0.10954122200307115,0.5854923907432653,P36,0,0.0,0.0,1.0,1.0,1.0
F04926,not_tiered,41,-0.5130722528016332,-0.5130722528016332,0.0,,P2,0,0.0,0.0,0.0,0.0,
F04927,not_tiered,42,-0.5356625525392853,-0.45987194652606755,0.04287615254225052,0.3679497595138931,P31,0,1.0,0.0,0.0,0.0,
F04928,B_abundance,42,-1.4197120656713635,-1.2539015349348694,0.08903178788321564,0.3699373736983313,P18,0,1.0,1.0,0.0,0.0,1.0
F04929,C_detection_pattern,42,-1.866309237515624,-1.339443313164929,0.29648030507304357,0.617176911712479,P42,0,0.0,0.0,1.0,1.0,1.0
F04930,B_abundance,42,-2.198878342353415,-1.8841378155051252,0.16778943694153492,0.4298655902505663,P16,0,1.0,1.0,0.0,0.0,1.0
F04931,not_tiered,0,,,,,,0,0.0,0.0,0.0,0.0,
F04932,not_tiered,42,0.7352765595334733,1.0546148506218425,0.17624640326660668,0.4509455802986116,P21,0,0.2857142857142857,0.0,0.9523809523809523,0.7619047619047619,
F04933,C_detection_pattern,42,-1.5805555964075029,-0.815024136007784,0.649713265399228,1.0169977599594855,P38,0,0.0,0.0,1.0,1.0,1.0
F04934,not_tiered,42,0.16912303514557944,0.22021359475763422,0.02793298701604266,0.34836167560096415,P15,0,0.9523809523809523,0.0,0.0,0.0,
F04935,not_tiered,42,-0.12142685494500556,-0.06250167347571642,0.033905169187150086,0.4038146794789735,P23,0,0.0,0.0,0.0,0.0,
F04936,not_tiered,42,-0.5778359438983528,-0.49096852739787555,0.04576502024043416,0.41331030933196644,P31,0,1.0,0.0,0.0,0.0,
F04937,not_tiered,0,,,,,,0,0.0,0.0,0.8809523809523809,0.8809523809523809,
F04938,not_tiered,0,,,,,,0,0.0,0.0,0.0,0.0,
F04939,not_tiered,42,0.535824170156207,0.5966981371543376,0.0311107079803139,0.3321552145992982,P37,0,1.0,0.0,0.0,0.0,
F04940,not_tiered,42,0.47462561063512526,0.6914406865733682,0.1390056174400316,0.7268335001001099,P19,0,1.0,0.0,0.0,0.0,
F04941,not_tiered,42,0.19000885749832286,0.32165327601033217,0.08732951057411004,0.5142699171195861,P6,0,0.0,0.0,1.0,1.0,
F04942,not_tiered,42,0.32887693255638756,0.5219115106015042,0.09981660163232614,0.510692884336126,P37,0,0.19047619047619047,0.0,0.0,0.0,
F04943,C_detection_pattern,42,-0.3916428101467513,0.14556962538088092,0.2742935483258478,0.6932742224682303,P34,2,0.0,0.0,1.0,1.0,1.0
F04944,not_tiered,42,0.761573814885714,0.8249451431175583,0.03633150933515206,0.36510906477211036,P21,0,1.0,0.0,0.0,0.0,
F04945,not_tiered,42,-0.7101281023363644,0.3348101833633006,0.5958698637936587,1.1066250595144524,P3,2,0.0,0.0,0.0,0.0,
F04946,C_detection_pattern,42,-1.3995813540057287,-0.9993334074683715,0.2865158424271328,0.8429383451356526,P5,0,0.0,0.0,1.0,1.0,1.0
F04947,not_tiered,41,0.20766795387625336,0.20766795387625336,5.551115123125783e-17,,P2,0,0.0,0.0,0.0,0.0,
F04948,not_tiered,42,0.3919960316165882,0.4894120671373891,0.05274249037153711,0.45167142799794957,P23,0,1.0,0.0,0.0,0.0,
F04949,C_detection_pattern,42,-2.923747326235017,-2.579853519345988,0.21022415708890163,0.6952082062562105,P16,0,0.0,0.0,1.0,1.0,1.0
F04950,not_tiered,0,,,,,,0,0.0,0.0,0.0,0.0,
F04951,not_tiered,42,-1.0889158433683854,-0.925158611848421,0.1053412655291861,0.5916075829621539,P23,0,1.0,0.9285714285714286,0.0,0.0,
F04952,not_tiered,42,-0.641888725971627,-0.2305313883014333,0.238344975174722,0.73494213807557,P42,0,0.0,0.0,0.0,0.0,
F04953,not_tiered,42,-1.8422572053302784,-1.3337975580957528,0.3112050175630803,0.7713076697771166,P27,0,0.0,0.0,0.0,0.0,
F04954,not_tiered,41,-2.333852494534675,-2.333852494534675,0.0,,P1,0,0.0,0.0,0.0,0.0,
F04955,C_detection_pattern,42,0.5788506338581678,1.15543328951274,0.4299579850654034,0.8469121281706046,P32,0,0.0,0.0,1.0,1.0,1.0
F04956,not_tiered,41,0.013485556924312192,0.013485556924312192,9.194034422677078e-17,,P2,0,0.0,0.0,0.0,0.0,
F04957,not_tiered,0,,,,,,0,0.0,0.0,0.0,0.0,
F04958,not_tiered,42,-0.3460466645018073,-0.025350605843745457,0.17113933834998304,0.60130341638305,P10,0,0.0,0.0,0.11904761904761904,0.11904761904761904,
F04959,not_tiered,42,-1.0390056654053799,-0.924440533026865,0.07014918975510454,0.4499183526500883,P19,0,1.0,0.5,0.0,0.0,
F04960,C_detection_pattern,42,3.149988830804166,4.5333520106933065,0.823711929377446,0.7609994614952337,P34,0,0.0,0.0,1.0,1.0,1.0
F04961,not_tiered,42,-1.5678875011640288,-1.0807515706184077,0.26276412273329064,0.7222673402005401,P13,0,0.0,0.0,0.0,0.0,
F04962,C_detection_pattern,42,-1.8034820974721404,0.5113356866120977,1.1591349311788433,1.3167353821887697,P32,1,0.0,0.0,1.0,1.0,1.0
F04963,not_tiered,41,1.0110125483872974,1.0110125483872974,0.0,,P2,0,0.0,0.0,0.0,0.0,
F04964,not_tiered,0,,,,,,0,0.0,0.0,0.0,0.0,
F04965,not_tiered,0,,,,,,0,0.0,0.0,0.0,0.0,
F04966,not_tiered,42,0.48451281696774046,0.8180915668348208,0.25816557974459925,0.8635748685679513,P42,0,0.9761904761904762,0.0,0.0,0.0,
F04967,C_detection_pattern,42,-1.1176867441709095,-0.7721522144299803,0.17916696297777956,0.4248543230018801,P3,0,0.0,0.0,1.0,1.0,1.0
F04968,not_tiered,0,,,,,,0,0.0,0.0,0.0,0.0,
F04969,not_tiered,42,-0.9034904102201774,-0.3458131088724404,0.4265665078101051,0.8759926147017328,P27,0,0.0,0.0,0.0,0.0,
F04970,not_tiered,42,-1.7263992732424072,0.3431904843344835,1.0347948787884453,1.4518302270489867,P1,1,0.0,0.0,1.0,1.0,
F04971,not_tiered,41,-0.3131192646486163,-0.3131192646486163,0.0,,P2,0,0.0,0.0,0.0,0.0,
F04972,not_tiered,42,-1.0076969857746287,-0.8973724228542154,0.07553235813916126,0.4562859809159059,P2,0,1.0,0.09523809523809523,0.0,0.0,
F04973,not_tiered,41,1.6797826776828941,1.6797826776828941,2.220446049250313e-16,,P1,0,0.0,0.0,0.023809523809523808,0.023809523809523808,
F04974,not_tiered,42,0.40505050123594577,0.7107954273049828,0.16839884616463296,0.5597175782049338,P34,0,0.0,0.0,1.0,1.0,
F04975,not_tiered,42,0.17939425511857257,0.2535157931480925,0.045888579471750235,0.38714054933964626,P22,0,0.023809523809523808,0.0,0.0,0.0,
F04976,C_detection_pattern,42,0.6663317992085556,0.9921947026144033,0.18386478301300557,0.5964785226294729,P10,0,0.0,0.0,1.0,1.0,1.0
F04977,C_detection_pattern,42,1.2523996995509639,1.5448391959451522,0.15612462825763873,0.5224493684004361,P1,0,0.0,0.0,1.0,1.0,1.0
F04978,not_tiered,42,0.27987678950798495,0.7464931060370316,0.33391913524803335,0.8267705126323751,P18,0,0.0,0.0,1.0,1.0,
F04979,not_tiered,0,,,,,,0,0.0,0.0,0.0,0.0,
F04980,not_tiered,42,0.26373291333938786,0.35718201629290486,0.06350791317112936,0.508038268974099,P18,0,0.6666666666666666,0.0,0.0,0.0,
F04981,B_abundance,42,1.4192365055866842,1.627589520750075,0.11637409493957573,0.52763883063827,P28,0,1.0,1.0,1.0,0.7619047619047619,1.0
F04982,not_tiered,42,-0.5953536847438026,-0.4986025695248778,0.05460940129203862,0.443794977971483,P23,0,1.0,0.0,0.0,0.0,
F04983,not_tiered,42,-0.07155279820167448,0.19149894052775998,0.1342695651173797,0.4258122356063598,P31,4,0.0,0.0,0.0,0.0,
F04984,not_tiered,42,-4.356110510113288,-3.4296325193518595,0.606472628412158,1.1624820450198206,P18,0,0.0,0.0,0.0,0.0,
F04985,not_tiered,41,0.03435483270635764,0.03435483270635764,4.163336342344337e-17,,P1,0,0.0,0.0,0.0,0.0,
F04986,C_detection_pattern,42,0.4322200820205465,0.7451852671897682,0.16904972626268255,0.7297550566257502,P38,0,0.0,0.0,1.0,1.0,1.0
F04987,not_tiered,42,0.6328309113523488,0.7224431300310391,0.04499452761938705,0.3512310907690107,P18,0,1.0,0.0,0.0,0.0,
F04988,C_detection_pattern,42,-0.5327485123011031,1.1352213390868378,0.9150812155182579,1.121858170879089,P27,1,0.0,0.0,1.0,1.0,1.0
F04989,not_tiered,42,-0.6140942871859506,-0.5252134073803002,0.04851305660515015,0.36754536631325363,P16,0,0.0,0.0,1.0,1.0,
F04990,not_tiered,42,-0.06593638172013287,0.04017896781052284,0.06750608337548714,0.5783692242362866,P19,2,0.0,0.0,0.0,0.0,
F04991,not_tiered,41,-0.08658911155379023,-0.08658911155379023,2.7755575615628914e-17,,P2,0,0.0,0.0,0.0,0.0,
F04992,not_tiered,42,-0.6916670412484298,-0.503280572527999,0.11480095171407878,0.46932409660693153,P29,0,0.9523809523809523,0.0,0.023809523809523808,0.0,
F04993,not_tiered,0,,,,,,0,0.0,0.0,0.0,0.0,
F04994,not_tiered,42,-1.2465827120975674,-1.0774994247174774,0.09491433323529552,0.37067026690696775,P21,0,1.0,1.0,0.0,0.0,
F04995,not_tiered,42,0.5568596357763775,0.7254980944730542,0.09925475160991437,0.48566373754089204,P39,0,1.0,0.0,0.0,0.0,
F04996,B_abundance,42,-1.5489955224360108,-1.4755992127310018,0.04043890427052288,0.3507487721952143,P32,0,1.0,1.0,0.0,0.0,1.0
F04997,C_detection_pattern,42,-1.935989629385058,-1.5930914400391858,0.19700642993549722,0.5748324834781493,P2,0,0.0,0.0,1.0,1.0,1.0
F04998,not_tiered,42,0.15218196441964815,0.1869871156192534,0.019181216642397747,0.30420267253147454,P37,0,1.0,0.0,0.0,0.0,
F04999,not_tiered,42,0.22738805649590033,0.26644709879554107,0.020915480395414465,0.34881407993039204,P27,0,1.0,0.0,0.0,0.0,
F05000,not_tiered,42,-0.280606877296867,-0.07942749658144731,0.1155618578497684,0.5811087926709146,P36,0,0.0,0.0,1.0,1.0,
F05001,not_tiered,41,0.15666993587626088,0.15666993587626088,8.326672684688674e-17,,P2,0,0.0,0.0,0.0,0.0,
F05002,B_abundance,42,-1.4569662435749358,-1.2373268710393306,0.13578470606446258,0.5731185616433576,P31,0,1.0,1.0,0.0,0.0,1.0
F05003,B_abundance,42,-1.9321926160585827,-1.794896913320291,0.0736453176974119,0.36888580558005785,P25,0,1.0,1.0,0.0,0.0,1.0
F05004,not_tiered,42,-1.677226846503242,-1.3937421979658389,0.20048857564492173,0.7452280684711505,P39,0,0.0,0.0,0.0,0.0,
F05005,not_tiered,0,,,,,,0,0.0,0.0,0.0,0.0,
F05006,C_detection_pattern,0,,,,,,0,0.0,0.0,1.0,1.0,1.0
F05007,not_tiered,42,-1.711906065740262,0.7689555176156571,1.2404307916779596,1.5934618119915884,P36,1,0.0,0.0,0.047619047619047616,0.047619047619047616,
F05008,not_tiered,0,,,,,,0,0.0,0.0,0.0,0.0,
F05009,not_tiered,0,,,,,,0,0.0,0.0,0.0,0.0,
F05010,not_tiered,42,0.1605685088716953,0.33934960534564484,0.09253449546676171,0.4388229673020187,P35,0,0.0,0.0,1.0,1.0,
F05011,C_detection_pattern,42,-1.4625866645405257,-0.1590848293074245,0.862630746044563,1.3404201070694333,P30,0,0.0,0.0,1.0,1.0,1.0
F05012,not_tiered,0,,,,,,0,0.0,0.0,0.0,0.0,
F05013,not_tiered,42,0.0057783372654961595,0.1441017628323363,0.0840836739481014,0.5286112186848917,P36,0,0.0,0.0,0.0,0.0,
F05014,C_detection_pattern,42,-0.41417450145971263,0.48036802259866285,0.5306551558286048,1.0777646444820552,P9,1,0.0,0.0,1.0,1.0,1.0
F05015,not_tiered,42,-0.5251559048977043,-0.1658739068533382,0.2766830621125431,0.8881161877994023,P22,0,0.0,0.0,0.0,0.0,
F05016,not_tiered,42,-0.8946270857334799,-0.7867994676989047,0.07430781324789204,0.4726934420547621,P19,0,1.0,0.0,0.0,0.0,
F05017,not_tiered,0,,,,,,0,0.0,0.0,0.0,0.0,
F05018,B_abundance,42,1.2848654816951888,1.390472808362422,0.06241025462897132,0.4271109972008303,P42,0,1.0,1.0,0.0,0.0,1.0
F05019,not_tiered,42,0.22082139485498448,0.3108053715690076,0.04733001936845571,0.4407133276518962,P22,0,0.9523809523809523,0.0,0.0,0.0,
F05020,not_tiered,42,-1.0937064466589146,-0.9062654871904327,0.09792002593285698,0.3360309677614804,P17,0,1.0,0.30952380952380953,0.0,0.0,
F05021,not_tiered,42,-0.8471493128516787,1.7621690354427049,1.3046591741471918,1.63055127948264,P25,1,0.0,0.0,0.8333333333333334,0.0,
F05022,not_tiered,0,,,,,,0,0.0,0.0,0.0,0.0,
F05023,not_tiered,41,-3.609472096427803,-3.609472096427803,0.0,,P1,0,0.0,0.0,0.0,0.0,
F05024,B_abundance,42,-1.0479332231743637,-0.9672911937454547,0.04592541458659327,0.398538835907283,P19,0,1.0,0.8095238095238095,0.0,0.0,0.8095238095238095
F05025,C_detection_pattern,42,0.3752774195874931,0.5135249044203687,0.077572952863109,0.4486548400248868,P15,0,0.0,0.0,1.0,1.0,1.0
F05026,not_tiered,42,0.4730985805473232,0.5398169073862721,0.03521192257290123,0.31590285478146707,P14,0,1.0,0.0,0.0,0.0,
F05027,not_tiered,42,-0.9060685376227834,-0.5397081907607233,0.21751932172453659,0.6363261267071667,P37,0,0.0,0.0,0.0,0.0,
F05028,not_tiered,42,0.09297406175392466,0.18287072014005204,0.06303834548979824,0.5734882492686816,P19,0,0.0,0.0,0.0,0.0,
F05029,not_tiered,42,0.11907305457080443,0.1713622359245666,0.035690571269603275,0.4470363278864229,P19,0,0.0,0.0,0.0,0.0,
F05030,not_tiered,42,0.36988370493043743,0.5874670112913244,0.1569981906876728,0.7099606482364319,P23,0,0.0,0.0,1.0,1.0,
F05031,not_tiered,41,-0.039536081005742574,-0.039536081005742574,7.632783294297951e-17,,P2,0,0.0,0.0,0.0,0.0,
F05032,C_detection_pattern,42,0.4943886247400829,0.6416618491962509,0.07910456074499578,0.5021029252587653,P29,0,0.0,0.0,1.0,1.0,1.0
F05033,B_abundance,42,-1.2217815161989567,-1.1352007196949334,0.047861172140585495,0.35200195154175185,P3,0,1.0,1.0,0.0,0.0,1.0
F05034,not_tiered,42,0.2220575299924295,0.27324126367578006,0.03054282064188918,0.3417091355741347,P37,0,1.0,0.0,0.0,0.0,
F05035,not_tiered,42,0.03001407339556,0.09857605561971682,0.04542358137032759,0.48298029543586807,P2,0,0.0,0.0,0.0,0.0,
F05036,not_tiered,42,-0.28559907372507604,-0.21363101331199674,0.04217745330645206,0.40632634117372923,P10,0,0.9523809523809523,0.0,0.0,0.0,
F05037,not_tiered,0,,,,,,0,0.0,0.0,0.0,0.0,
F05038,not_tiered,42,0.12197336599062915,0.22749133109373507,0.059598036771109364,0.3847370509198466,P15,0,0.0,0.0,0.7142857142857143,0.0,
F05039,not_tiered,42,-0.02762833320871762,0.1930109953735253,0.13739632882933042,0.7343508053768726,P5,1,0.0,0.0,1.0,1.0,
F05040,not_tiered,42,-0.47952430418381115,-0.414943047730298,0.033863735431727215,0.39394767644213097,P19,0,1.0,0.0,0.0,0.0,
F05041,not_tiered,41,0.6504471987329623,0.6504471987329623,0.0,,P2,0,0.0,0.0,0.0,0.0,
F05042,not_tiered,41,-2.617884952639864,-2.617884952639864,0.0,,P1,0,0.0,0.0,0.0,0.0,
F05043,not_tiered,41,-1.3145965118544272,-1.3145965118544272,0.0,,P2,0,0.0,0.0,0.0,0.0,
F05044,C_detection_pattern,42,-0.16060959706629582,0.2575654146066771,0.21690188331689012,0.5567722158682263,P36,4,0.0,0.0,1.0,1.0,1.0
F05045,not_tiered,42,-0.2470842399719079,0.013949737163239698,0.1451058725199353,0.5910592600804745,P20,1,0.0,0.0,0.5476190476190477,0.5476190476190477,
F05046,not_tiered,42,-3.368555464162136,-2.47517185343891,0.4535789441599736,0.8010317100872825,P42,0,0.0,0.0,0.0,0.0,
F05047,not_tiered,42,0.23620117592036896,0.3696236043348228,0.07263885269898768,0.39896810109809255,P28,0,0.0,0.0,0.0,0.0,
F05048,B_abundance,42,-1.706692733668101,-1.5224545205415383,0.1133938675770414,0.4639546597573866,P19,0,1.0,1.0,0.0,0.0,1.0
F05049,B_abundance,42,-1.811999261928484,-1.6266698270986226,0.1109774439077309,0.45855177454412366,P19,0,1.0,1.0,0.0,0.0,1.0
F05050,B_abundance,42,-1.8528376470967667,-1.6432024095948572,0.13765143624877063,0.5230089830631754,P19,0,1.0,1.0,0.0,0.0,1.0
F05051,not_tiered,42,0.2768878415593657,0.35951106710562947,0.050225890072838675,0.3862939734345035,P36,0,0.8095238095238095,0.0,0.0,0.0,
F05052,not_tiered,42,0.7480126861629577,0.8684662180322417,0.07867375096773366,0.4470332489188605,P39,0,1.0,0.0,0.0,0.0,
F05053,not_tiered,42,-0.24005942640062894,0.15713706366069566,0.27728320259137307,0.6562072622723728,P42,5,0.0,0.0,0.8333333333333334,0.0,
F05054,not_tiered,42,0.5393254872025762,0.6390132106726812,0.06528890900799633,0.48711236533364644,P39,0,1.0,0.0,0.0,0.0,
F05055,not_tiered,42,0.4309400202780682,0.7888323840754536,0.20952020174705321,0.7055731779070258,P4,0,0.0,0.0,0.09523809523809523,0.09523809523809523,
F05056,not_tiered,42,-0.31366246430838746,-0.15115171540091385,0.08131059939376886,0.43505327358996226,P41,0,0.0,0.0,0.0,0.0,
F05057,not_tiered,42,-2.6272442577499104,-1.8980651306783547,0.39061190178298233,0.7696810435005621,P2,0,0.0,0.0,0.0,0.0,
F05058,C_detection_pattern,42,-0.20637059341455366,0.4858345656744063,0.5268860224946472,0.8899010379969342,P27,1,0.0,0.0,1.0,1.0,1.0
F05059,not_tiered,0,,,,,,0,0.0,0.0,0.0,0.0,
F05060,not_tiered,42,0.24283655484675795,0.31796455418613767,0.04565057204609818,0.41407136703360176,P25,0,1.0,0.0,0.0,0.0,
F05061,B_abundance,42,-1.2544915587703165,-1.0789720514936005,0.10770818124864112,0.5005998868091623,P39,0,1.0,1.0,0.8333333333333334,0.0,1.0
F05062,B_abundance,42,-2.509318231488925,-2.1914772502897595,0.17398716397450764,0.37915377409497264,P16,0,1.0,1.0,0.0,0.0,1.0
F05063,not_tiered,42,-0.07921536029585824,0.011915227905687798,0.0478483614843509,0.38279017892481104,P20,2,0.0,0.0,0.0,0.0,
F05064,B_abundance,42,-1.7699741461033924,-1.5866460160253244,0.1191098592085158,0.39111697323085387,P18,0,1.0,1.0,0.0,0.0,1.0
F05065,not_tiered,42,-0.10201244673458372,0.05718029812916617,0.08719575646347037,0.40140893724872456,P23,11,0.0,0.0,0.0,0.0,
F05066,not_tiered,42,-0.008814729546008274,0.07054524402115,0.03992619353674891,0.29428285917907965,P19,4,0.0,0.0,0.0,0.0,
F05067,C_detection_pattern,42,-0.565125902853789,-0.09574120921007541,0.26797189418945444,0.7561199793033168,P10,0,0.0,0.0,1.0,1.0,1.0
F05068,not_tiered,0,,,,,,0,0.0,0.0,0.0,0.0,
F05069,not_tiered,42,-0.6088733309929476,-0.47642804718401277,0.08826165509079187,0.5136591362874033,P21,0,1.0,0.0,0.0,0.0,
F05070,not_tiered,42,0.0653406177948991,0.14664838158647817,0.05566495764099437,0.5531973423040075,P2,0,0.0,0.0,0.0,0.0,
F05071,not_tiered,42,0.24412927423355923,0.3308260053851453,0.04927605489398684,0.42036809458498914,P5,0,0.9761904761904762,0.0,0.0,0.0,
F05072,not_tiered,42,-1.028831591701549,-0.8213659098040187,0.11383153752159847,0.4220350482545483,P36,0,1.0,0.023809523809523808,0.6904761904761905,0.0,
F05073,not_tiered,42,-0.04224324377810755,0.06231444340044447,0.06821695666080985,0.5265058754595581,P25,2,0.0,0.0,0.0,0.0,
F05074,not_tiered,42,-1.0310447537458345,-0.5893920819923105,0.2843137911122652,0.7914168668480509,P23,0,0.0,0.0,0.0,0.0,
F05075,not_tiered,42,-2.0688754675682883,-1.7756666843125548,0.1612326133398443,0.5778875074302731,P1,0,0.0,0.0,0.0,0.0,
F05076,C_detection_pattern,42,-1.1833684818027905,-0.3912987320242852,0.6232513216486455,1.0204217557513013,P42,0,0.0,0.0,1.0,1.0,1.0
F05077,C_detection_pattern,42,0.1670252547139386,0.6507003878533465,0.2512764170666627,0.5226142127473736,P35,0,0.0,0.0,1.0,1.0,1.0
F05078,not_tiered,42,-0.42652079887153516,-0.35835650277909803,0.04474885419507185,0.5164293503983927,P23,0,1.0,0.0,0.0,0.0,
F05079,not_tiered,0,,,,,,0,0.0,0.0,0.023809523809523808,0.0,
F05080,B_abundance,42,-1.9493017009433113,-1.8467557725981287,0.054002621157326125,0.38292650618095836,P1,0,1.0,1.0,0.0,0.0,1.0
F05081,not_tiered,42,-0.7135801407040608,-0.6020770432357898,0.06621324446621002,0.44374413589435524,P19,0,1.0,0.0,0.0,0.0,
F05082,C_detection_pattern,42,0.40697082151371416,0.7377375043781575,0.18410431862822874,0.5950768302618011,P17,0,0.0,0.0,1.0,1.0,1.0
F05083,not_tiered,42,0.3476843597620129,0.49255040539148626,0.09858002851939718,0.5312466801952107,P28,0,0.8333333333333334,0.0,1.0,1.0,
F05084,not_tiered,41,-0.09523426153152137,-0.09523426153152137,6.938893903907228e-17,,P2,0,0.0,0.0,0.0,0.0,
F05085,not_tiered,42,0.02353082088335877,0.17131935447753602,0.07413636705093511,0.3968417740219816,P42,0,0.0,0.0,0.0,0.0,
F05086,not_tiered,42,0.485065470037792,0.5755491577384763,0.045945824158888926,0.3467929181156306,P25,0,1.0,0.0,1.0,0.0,
F05087,not_tiered,42,-0.5252918613346274,-0.4597205752155853,0.043448149273212444,0.5212892322850677,P6,0,1.0,0.0,0.0,0.0,
F05088,not_tiered,41,-2.597346688721281,-2.597346688721281,0.0,,P1,0,0.0,0.0,1.0,1.0,
F05089,C_detection_pattern,42,0.20595320103446987,0.7613199721900422,0.30850313983671973,0.6077743635299546,P13,0,0.0,0.0,1.0,1.0,1.0
F05090,B_abundance,42,1.0474129175839657,1.1401655407805942,0.051133267643466596,0.38998644769179536,P40,0,1.0,1.0,0.0,0.0,1.0
F05091,not_tiered,42,-2.1503362067667435,2.068907101683994,2.1096216542253687,1.9133288614737978,P2,1,0.0,0.0,0.0,0.0,
F05092,C_detection_pattern,42,-0.23254947515337754,-0.006971826821130733,0.14362712873447142,0.5762329179174176,P36,0,0.0,0.0,1.0,1.0,1.0
F05093,not_tiered,42,-0.5153217605867605,0.12274891190880173,0.36642577525662534,0.8867081955892488,P16,1,0.0,0.0,0.0,0.0,
F05094,C_detection_pattern,42,-0.714506358360938,0.24344913413849886,0.546252781290882,1.0658624200124271,P30,1,0.0,0.0,1.0,1.0,1.0
F05095,not_tiered,42,-0.054731262967706515,0.09453295547584073,0.08483147951696512,0.5642029620566192,P20,7,0.0,0.0,1.0,1.0,
F05096,not_tiered,0,,,,,,0,0.0,0.0,0.0,0.0,
F05097,not_tiered,42,-0.3584567377967187,-0.1785883594577315,0.09731081105151629,0.5287340646474739,P23,0,0.0,0.0,0.8333333333333334,0.0,
F05098,C_detection_pattern,42,-0.40693992676448865,0.34220694186486433,0.37457343431467655,0.6693359498809103,P8,1,0.0,0.0,1.0,1.0,1.0
F05099,not_tiered,42,-0.25912645708046733,0.001222452604849399,0.13068144453817604,0.36605986663307694,P13,1,0.0,0.0,0.0,0.0,
F05100,not_tiered,42,0.005676724652937589,0.08769939808064611,0.04303293700826461,0.41323836405357134,P23,0,0.0,0.0,0.0,0.0,
F05101,not_tiered,42,-0.30080087399926686,-0.1639358461894671,0.09787929871654377,0.5824735761625459,P31,0,0.0,0.0,0.0,0.0,
F05102,not_tiered,42,0.23546873218516928,0.3245025583293305,0.055526835571852506,0.5500121079663657,P23,0,1.0,0.0,0.0,0.0,
F05103,not_tiered,42,0.45364078129244223,0.5606809178348796,0.06042057568246162,0.5073487208563761,P18,0,1.0,0.0,0.0,0.0,
F05104,not_tiered,42,-0.04523814890029251,0.0016745273210356467,0.024834889843315947,0.323161331366773,P2,1,0.0,0.0,0.0,0.0,
F05105,not_tiered,42,0.028284105425438095,0.09908959116107435,0.04315878664257995,0.48304595527913996,P21,0,0.0,0.0,0.0,0.0,
F05106,not_tiered,0,,,,,,0,0.0,0.0,0.0,0.0,
F05107,C_detection_pattern,42,0.23912018023903558,0.4450878234524074,0.1267563874098266,0.5884320329323401,P42,0,0.0,0.0,1.0,1.0,1.0
F05108,C_detection_pattern,42,-0.46586744393579416,0.956957833032158,0.7114126384839761,1.139505982260556,P1,1,0.0,0.0,1.0,1.0,1.0
F05109,not_tiered,42,-0.32410407172316474,-0.25080249722247977,0.03671890780520942,0.38874671518154863,P25,0,1.0,0.0,0.0,0.0,
F05110,not_tiered,42,-1.8866162887448517,-1.7015985560350781,0.11112321629599875,0.3437458279773918,P18,0,1.0,0.0,0.0,0.0,
F05111,not_tiered,42,-0.009806959074636004,0.06964075544014155,0.0441952930671956,0.35414577278791526,P39,2,0.0,0.0,0.0,0.0,
F05112,not_tiered,42,0.1723581337890525,0.2766333274249244,0.05685933223258452,0.5165749894257848,P21,0,0.09523809523809523,0.0,0.0,0.0,
F05113,not_tiered,42,-0.31468047103147523,-0.10592328382057507,0.11448906054133214,0.474840965840655,P18,0,0.0,0.0,0.0,0.0,
F05114,C_detection_pattern,0,,,,,,0,0.0,0.0,1.0,1.0,1.0
F05115,not_tiered,42,0.08137519126537691,0.14910574573207772,0.03997554341485908,0.4303733033529438,P42,0,0.0,0.0,0.0,0.0,
F05116,C_detection_pattern,42,-2.8792683693038557,-2.224041145827047,0.3547141013915507,0.6184405998000055,P16,0,0.0,0.0,1.0,1.0,1.0
F05117,not_tiered,42,0.6535527186307934,0.811109927876416,0.10596081635035293,0.6647975925003191,P25,0,1.0,0.0,0.0,0.0,
F05118,not_tiered,42,-1.0898244955992793,-0.9606494889960329,0.0717835810306513,0.38775672663509975,P25,0,1.0,0.6904761904761905,0.0,0.0,
F05119,C_detection_pattern,42,-1.5613965179183074,-1.0826699638005917,0.3095848541266204,0.8411152275418041,P1,0,0.0,0.0,1.0,1.0,1.0
F05120,not_tiered,42,-0.49361896924368087,-0.39652980695566686,0.06291206876013905,0.48930445951732154,P2,0,1.0,0.0,0.0,0.0,
F05121,not_tiered,42,-0.2751011694917404,-0.21869932278412113,0.03362307357797059,0.4004661843605528,P25,0,1.0,0.0,0.0,0.0,
F05122,C_detection_pattern,42,0.26144823077219737,0.6034801035819318,0.21773932832475812,0.5272183787142976,P21,0,0.0,0.0,1.0,1.0,1.0
F05123,B_abundance,42,-1.1728056680659786,-1.03661690203253,0.07659799711925563,0.38887105255167914,P31,0,1.0,1.0,0.0,0.0,1.0
F05124,B_abundance,42,-1.6918775809707534,-1.5175003345146363,0.11219658465031634,0.48924831261159524,P19,0,1.0,1.0,0.0,0.0,1.0
F05125,not_tiered,42,-0.03779803755991824,0.050558804534579345,0.051264857876402545,0.43446495839545707,P19,7,0.0,0.0,0.0,0.0,
F05126,not_tiered,42,0.14220419540542223,0.3319501048684817,0.1295534826731205,0.4861610320095946,P38,0,0.0,0.0,0.09523809523809523,0.09523809523809523,
F05127,not_tiered,42,0.008348549366077254,0.13256350710384243,0.06615453654242573,0.4105309791285906,P39,0,0.0,0.0,0.0,0.0,
F05128,B_abundance,42,-1.3638171385241853,-1.128289507872416,0.1335860152074564,0.485798726559023,P36,0,0.2857142857142857,0.2857142857142857,1.0,1.0,0.2857142857142857
F05129,not_tiered,42,-0.428330433868737,-0.29543250777428287,0.07813789028248685,0.3990550100500833,P19,0,0.0,0.0,0.0,0.0,
F05130,not_tiered,42,-0.10522498373456583,-0.0278473066107935,0.03958924320444003,0.3968019991907168,P25,0,0.0,0.0,0.0,0.0,
F05131,not_tiered,42,-0.3740315323135958,-0.32974175651854065,0.02607704842772912,0.3598336074324614,P38,0,1.0,0.0,0.0,0.0,
F05132,C_detection_pattern,42,0.24454865131406578,0.650740286874904,0.21863097648263813,0.6508987607401986,P32,0,0.0,0.0,1.0,1.0,1.0
F05133,not_tiered,42,-0.18122376571649879,-0.11054119599451613,0.04769501327837396,0.4962408828949381,P19,0,0.0,0.0,0.0,0.0,
F05134,not_tiered,42,-0.09413071901032856,-0.006538894765286988,0.057877704780398914,0.5549879839746135,P19,0,0.0,0.0,0.0,0.0,
F05135,not_tiered,0,,,,,,0,0.0,0.0,0.0,0.0,
F05136,not_tiered,41,-0.8835696722814994,-0.8835696722814994,0.0,,P2,0,0.0,0.0,0.0,0.0,
F05137,not_tiered,42,-0.8158527417075547,0.0009359597848705386,0.4224967520386069,0.7816195361783274,P30,1,0.0,0.0,1.0,1.0,
F05138,C_detection_pattern,42,-0.005731440465386095,0.06787945197756591,0.03778518668643451,0.33638534576665385,P33,2,0.0,0.0,1.0,1.0,1.0
F05139,not_tiered,42,-0.5063205392261116,-0.1754348552644548,0.18572597510249145,0.5531747143038931,P19,0,0.0,0.0,0.7142857142857143,0.7142857142857143,
F05140,not_tiered,42,-0.8269655653085536,-0.7325369720189866,0.056188196491810616,0.4496234995130214,P4,0,1.0,0.0,0.0,0.0,
F05141,C_detection_pattern,42,0.393060200277416,0.6022149948062984,0.12443484362627039,0.628297400361942,P30,0,0.0,0.0,1.0,1.0,1.0
F05142,not_tiered,42,-1.6807775895024162,-0.5344668396500434,0.574298978866914,0.8654685013609064,P35,0,0.0,0.0,1.0,1.0,
F05143,B_abundance,42,-1.652579900110356,-1.493284460074418,0.0841762231334624,0.3427053835398118,P37,0,1.0,1.0,0.0,0.0,1.0
F05144,C_detection_pattern,42,-0.8927507152256804,-0.3541850768745241,0.3678318788446778,0.860858311538728,P23,0,0.0,0.0,1.0,1.0,1.0
F05145,not_tiered,42,-1.1896260681475783,-0.8746264273422267,0.16564286016281538,0.4865014465731209,P2,0,0.0,0.0,0.0,0.0,
F05146,not_tiered,42,-0.9371135307137387,-0.6917656596667049,0.1511696645604319,0.5429055231239676,P35,0,0.0,0.0,0.0,0.0,
F05147,C_detection_pattern,0,,,,,,0,0.0,0.0,1.0,1.0,1.0
F05148,C_detection_pattern,42,0.7528666551736344,1.07505714538776,0.1841700251561964,0.5872910599248713,P39,0,0.0,0.0,1.0,1.0,1.0
F05149,C_detection_pattern,42,0.9679917807487927,1.562616172325873,0.3019821828506435,0.7974545183866845,P32,0,0.0,0.0,1.0,1.0,1.0
F05150,C_detection_pattern,42,-0.004970381960341225,0.21347019157659414,0.10989063327547702,0.4794258851727505,P26,1,0.0,0.0,1.0,1.0,1.0
F05151,not_tiered,42,-1.7178621026281975,-1.2554367763033965,0.26872300798902904,0.6579441136991631,P20,0,0.0,0.0,0.5714285714285714,0.5714285714285714,
F05152,C_detection_pattern,42,-1.635653613946049,0.46075197660758427,1.502025968396379,1.1419263554747225,P36,4,0.0,0.0,1.0,1.0,1.0
F05153,not_tiered,42,-1.3672212207842218,-0.9627845589756875,0.2069820045588907,0.5578668703559868,P32,0,0.0,0.0,1.0,1.0,
F05154,B_abundance,42,-1.3292620124462329,-1.155931389635695,0.0992164682180754,0.42499161897860144,P2,0,1.0,1.0,0.0,0.0,1.0
F05155,not_tiered,42,-2.8291528180454186,-1.2450531510319474,0.7920498335067356,1.2292666625356206,P1,0,0.0,0.0,0.0,0.0,
F05156,C_detection_pattern,42,-1.9092210360324462,-1.3733161617427025,0.2759286189542842,0.6392689078906415,P5,0,0.0,0.0,1.0,1.0,1.0
F05157,C_detection_pattern,42,-2.7614761861783648,-1.5765334142603005,0.6078958614922079,1.0201832063887843,P16,0,0.0,0.0,1.0,1.0,1.0
F05158,not_tiered,42,1.437829657923552,1.8109942263078211,0.21225131878740866,0.5266186943562984,P16,0,0.0,0.0,0.7142857142857143,0.7142857142857143,
F05159,not_tiered,42,0.5027935306309459,0.5988861615830647,0.05687689323707279,0.4945123722377807,P2,0,1.0,0.0,0.0,0.0,
F05160,C_detection_pattern,42,-0.8344664582110943,-0.3067637591902425,0.2693610852616935,0.7058651791384144,P39,0,0.0,0.0,1.0,1.0,1.0
F05161,not_tiered,42,-0.5307105476105354,-0.4030576789940275,0.09810463667435448,0.7215661594754177,P31,0,1.0,0.0,0.0,0.0,
F05162,not_tiered,41,-0.4609387408739707,-0.4609387408739707,0.0,,P2,0,0.0,0.0,0.0,0.0,
F05163,not_tiered,42,0.34775099848916374,0.39530116925516406,0.024644208161468284,0.3123865153199845,P19,0,1.0,0.0,0.0,0.0,
F05164,not_tiered,0,,,,,,0,0.0,0.0,0.023809523809523808,0.0,
F05165,C_detection_pattern,42,0.9133823016081026,1.159243043141506,0.14989601619949777,0.5950522695242139,P2,0,0.0,0.0,1.0,1.0,1.0
F05166,not_tiered,0,,,,,,0,0.0,0.0,0.0,0.0,
F05167,not_tiered,42,0.3327357178381245,0.4673803827944516,0.0756418458679387,0.18992104860650014,P30,0,0.0,0.0,0.0,0.0,
F05168,not_tiered,42,-0.5437999785122509,-0.3080951450271915,0.12719763023705072,0.457741909452988,P16,0,0.0,0.0,1.0,0.7619047619047619,
F05169,C_detection_pattern,42,0.21511205427736182,0.7271607952937901,0.26264445754295757,0.6453130840173988,P35,0,0.0,0.0,1.0,1.0,1.0
F05170,not_tiered,42,0.34431518602510996,0.4296278156968104,0.05107020280598201,0.4566829441134994,P19,0,1.0,0.0,0.0,0.0,
F05171,not_tiered,42,-1.1150328995571075,-0.7790416813195084,0.18701878186703846,0.5537081980553735,P42,0,0.0,0.0,0.0,0.0,
F05172,not_tiered,42,-0.09244550446929445,0.06213645705569462,0.10372329128977803,0.602642557541045,P39,3,0.0,0.0,1.0,1.0,
F05173,not_tiered,42,-1.597645249641268,-0.8235604962286635,0.4320693879944333,0.6855681375689666,P41,0,0.0,0.0,0.0,0.0,
F05174,not_tiered,42,0.34981166862275964,0.5309559245021154,0.0941344471444997,0.4896515631079571,P26,0,0.5714285714285714,0.0,1.0,0.0,
F05175,not_tiered,42,0.4323238125424541,0.6172187422017179,0.10951788168831733,0.5903344584066411,P23,0,1.0,0.0,1.0,0.0,
F05176,not_tiered,42,0.2910700256624931,0.4057561847031215,0.061847503775928514,0.357280169654814,P3,0,0.07142857142857142,0.0,1.0,1.0,
F05177,C_detection_pattern,42,-0.11028631092376576,0.14840946275023698,0.13142900469310795,0.5123821381981349,P38,5,0.0,0.0,1.0,1.0,1.0
F05178,C_detection_pattern,42,-1.0293276961683304,-0.11908521268838834,0.5829477089712344,1.1067460375683327,P40,0,0.0,0.0,1.0,1.0,1.0
F05179,C_detection_pattern,42,0.31008283633574457,0.7384616807272537,0.2746029709069701,0.7655302830181492,P39,0,0.0,0.0,1.0,1.0,1.0
F05180,not_tiered,42,-0.6586272790764813,-0.4253448431541681,0.15768950056713382,0.7189280007409776,P42,0,1.0,0.0,0.0,0.0,
F05181,not_tiered,0,,,,,,0,0.0,0.0,0.0,0.0,
F05182,C_detection_pattern,42,-1.2167130328109845,0.7914441758344992,1.0040786043227419,1.4272769513160797,P22,1,0.0,0.0,1.0,1.0,1.0
F05183,C_detection_pattern,42,-1.157998181422449,-0.0436233692998659,0.5887766704428128,0.818155546801863,P17,0,0.0,0.0,1.0,1.0,1.0
F05184,not_tiered,42,-1.3853742547358001,-0.8693749931224213,0.267839779865354,0.6188696434938136,P3,0,0.0,0.0,0.0,0.0,
F05185,not_tiered,42,0.5653779265412666,0.6224351682792215,0.0318714931862516,0.34148456948574735,P15,0,1.0,0.0,1.0,0.0,
F05186,not_tiered,0,,,,,,0,0.0,0.0,0.0,0.0,
F05187,not_tiered,42,-1.0330495124191268,-0.909549848726767,0.07332491289107734,0.3904176333046469,P23,0,1.0,0.2619047619047619,0.0,0.0,
F05188,not_tiered,42,-0.8234989774347856,-0.7203977084579085,0.062190663546028424,0.4352946076849337,P34,0,0.0,0.0,0.8095238095238095,0.8095238095238095,
F05189,not_tiered,41,-0.5771411724988678,-0.5771411724988678,0.0,,P2,0,0.0,0.0,0.0,0.0,
F05190,not_tiered,42,-1.0821037390565627,-0.7505172362456362,0.2061709330954422,0.5324410465192913,P39,0,0.9523809523809523,0.16666666666666666,0.0,0.0,
F05191,not_tiered,42,-0.3533154697349791,-0.1645670682289647,0.09918441346835905,0.4424518859172301,P18,0,0.0,0.0,0.0,0.0,
F05192,not_tiered,42,-0.9725634281807637,-0.8087265618510082,0.09113624648785112,0.46962471925875926,P24,0,0.0,0.0,0.0,0.0,
F05193,not_tiered,42,0.25166936632351,0.38804113881041646,0.09598551105873154,0.7017800191965454,P31,0,0.11904761904761904,0.0,0.0,0.0,
F05194,C_detection_pattern,42,0.15553860051178348,0.2980035767748781,0.08113762895216961,0.4560053474940692,P24,0,0.0,0.0,1.0,1.0,1.0
F05195,C_detection_pattern,0,,,,,,0,0.0,0.0,1.0,1.0,1.0
F05196,not_tiered,42,0.2744823353622213,0.840339005631016,0.35599102511582026,0.8038434806216526,P14,0,0.0,0.0,0.0,0.0,
F05197,not_tiered,41,-0.22451893531857792,-0.22451893531857792,2.7755575615628914e-17,,P1,0,0.0,0.0,0.0,0.0,
F05198,not_tiered,42,-1.5925295118737344,-1.2073606305420084,0.27936171792366316,0.5971172595851272,P18,0,1.0,0.2619047619047619,0.0,0.0,
F05199,not_tiered,42,0.001925976166296195,0.20364068163848126,0.10532429580649061,0.37616726643585113,P27,0,0.0,0.0,0.0,0.0,
F05200,not_tiered,42,-0.6252221850739824,-0.5371492317791693,0.047600972850314616,0.3945397581197676,P3,0,1.0,0.0,0.0,0.0,
F05201,not_tiered,42,-0.7890440664707192,-0.713270422076666,0.04106223883213267,0.364649436637053,P14,0,1.0,0.0,0.0,0.0,
F05202,not_tiered,42,0.3278133990716391,0.3933958696704322,0.04088442393095504,0.4209806985077936,P37,0,1.0,0.0,0.0,0.0,
F05203,not_tiered,41,1.4459686836587817,1.4459686836587817,2.220446049250313e-16,,P1,0,0.0,0.0,0.023809523809523808,0.0,
F05204,not_tiered,42,-0.29817571373900903,-0.22609604934638322,0.04727338649872026,0.4757606777046715,P19,0,1.0,0.0,0.0,0.0,
F05205,not_tiered,42,-3.260569068335296,-1.4874729421418458,1.0608782234248921,1.4158618657436703,P1,0,0.0,0.0,0.0,0.0,
F05206,not_tiered,41,-0.28217849136510864,-0.28217849136510864,5.551115123125783e-17,,P1,0,0.0,0.0,0.0,0.0,
F05207,not_tiered,42,-0.36040233169259456,-0.21806170424418422,0.07268506702876526,0.4007702128620123,P13,0,0.0,0.0,0.0,0.0,
F05208,not_tiered,42,-0.7420180775699563,-0.23624549815311688,0.2946227756576052,0.7680248155108667,P20,0,0.0,0.0,0.0,0.0,
F05209,not_tiered,41,0.05965460111389298,0.05965460111389298,8.326672684688674e-17,,P2,0,0.0,0.0,0.0,0.0,
F05210,not_tiered,41,-4.295608661596305,-4.295608661596305,0.0,,P1,0,0.0,0.0,0.0,0.0,
F05211,C_detection_pattern,42,-0.27417558181996754,0.04340631287775496,0.18743417775593046,0.48639202048470487,P2,3,0.0,0.0,1.0,1.0,1.0
F05212,not_tiered,42,0.0054730340978994645,0.09498006623215534,0.05769868884501834,0.45470457685124094,P18,0,0.0,0.0,0.0,0.0,
F05213,not_tiered,0,,,,,,0,0.0,0.0,0.0,0.0,
F05214,not_tiered,42,-0.01509477683593515,0.40161558765625793,0.269358040697162,0.696734236682987,P27,1,0.0,0.0,0.0,0.0,
F05215,not_tiered,42,-0.7559330288907388,-0.45887010028296027,0.16817005282316455,0.5319096464377774,P23,0,0.047619047619047616,0.0,0.0,0.0,
F05216,not_tiered,42,0.026825846837701426,0.2640586892611158,0.13581246412300557,0.4178743069174449,P25,0,0.0,0.0,0.0,0.0,
F05217,not_tiered,42,-0.4842734803545409,-0.20102759743989612,0.16691776518781237,0.5653138330107189,P7,0,0.0,0.0,1.0,1.0,
F05218,not_tiered,42,0.15093997924657707,0.3412272834314274,0.11360082327256091,0.5260020103760245,P42,0,0.0,0.0,0.0,0.0,
F05219,not_tiered,42,-1.606982785179657,-0.547176297493407,0.5942488645151265,0.9292199415389116,P41,0,0.0,0.0,0.0,0.0,
F05220,not_tiered,42,-4.199159593068157,-3.6163685762665985,0.2913955084007793,0.5306221583005684,P23,0,0.0,0.0,0.5238095238095238,0.5238095238095238,
F05221,not_tiered,42,-0.07127421119761494,0.16902719041793954,0.12802541688839963,0.4600140525338603,P16,5,0.0,0.0,1.0,1.0,
F05222,not_tiered,42,-0.23096838497255048,0.3226449011731505,0.3289514298879846,0.5731939059934098,P24,3,0.0,0.0,0.0,0.0,
F05223,not_tiered,42,-0.08429070563134129,0.3608989579049037,0.2758259226278002,0.7348238773573984,P9,1,0.0,0.0,0.0,0.0,
F05224,not_tiered,42,0.4540844257296163,0.626458392776165,0.10883951090716826,0.4605868890966148,P18,0,0.0,0.0,1.0,1.0,
F05225,not_tiered,0,,,,,,0,0.0,0.0,0.0,0.0,
F05226,not_tiered,42,-0.031459662047561385,0.16378104020202158,0.13851491158639248,0.7364415999551163,P20,1,0.0,0.0,0.0,0.0,
F05227,not_tiered,0,,,,,,0,0.0,0.0,0.0,0.0,
F05228,C_detection_pattern,41,0.5154396735687676,0.5154396735687676,0.0,,P1,0,0.0,0.0,1.0,1.0,1.0
F05229,C_detection_pattern,41,1.0562815600265338,1.0562815600265338,0.0,,P1,0,0.0,0.0,1.0,1.0,1.0
F05230,not_tiered,41,-0.3714813182840384,-0.3714813182840384,0.0,,P1,0,0.0,0.0,0.0,0.0,
F05231,not_tiered,42,0.3304650581879104,0.5418092189631181,0.12780963050299732,0.5612197677484261,P18,0,0.07142857142857142,0.0,0.0,0.0,
F05232,not_tiered,42,0.430970735137305,0.5448436716680493,0.07504649367634375,0.55310206702963,P40,0,0.2857142857142857,0.0,1.0,1.0,
F05233,not_tiered,42,-0.5594035471824998,7.541750353271131,4.050576950226816,2.1003008426154954,P8,1,0.0,0.0,0.0,0.0,
F05234,not_tiered,42,4.2274777179925245,9.1050789295854,2.4388006057964375,1.9721523392722158,P17,0,0.0,0.0,0.5714285714285714,0.5714285714285714,
F05235,not_tiered,42,0.2990588631845262,0.4111455272818488,0.05881843864259251,0.41083081395289583,P28,0,0.9761904761904762,0.0,0.0,0.0,
F05236,not_tiered,42,0.7188863460791266,0.8630315093725602,0.07233237468952447,0.4266036964850265,P23,0,0.0,0.0,0.047619047619047616,0.047619047619047616,
F05237,not_tiered,42,-1.1664635367831533,-1.0578879635452458,0.06524396030662638,0.3674864635037421,P9,0,1.0,1.0,0.0,0.0,
F05238,not_tiered,42,-4.309270067523386,-3.5255889849785076,0.4943110085087681,0.9424088743331365,P41,0,0.0,0.0,0.0,0.0,
F05239,C_detection_pattern,42,0.3982556069648944,0.8675860066976225,0.2654557565276555,0.7011699026947336,P33,0,0.0,0.0,1.0,1.0,1.0
F05240,not_tiered,42,0.4672473643347745,0.6180155553045259,0.09087417270296516,0.38274241073632004,P2,0,0.38095238095238093,0.0,0.0,0.0,
F05241,C_detection_pattern,42,0.297305416130006,0.5379474798099174,0.1352621914006104,0.4461311742149973,P39,0,0.0,0.0,1.0,1.0,1.0
F05242,not_tiered,42,-0.6006737442746465,-0.3442291979618748,0.16363916095432096,0.4835903624392869,P32,0,0.0,0.0,0.0,0.0,
F05243,not_tiered,42,-0.8901691021450664,-0.7757779657288443,0.05961290961069077,0.35054263310981626,P4,0,1.0,0.0,0.8333333333333334,0.0,
F05244,C_detection_pattern,42,-0.21649936594857813,-0.02525228969255008,0.10041623684818474,0.40941099340710024,P4,0,0.0,0.0,1.0,1.0,1.0
F05245,not_tiered,42,0.2885618952403605,0.40261801436698996,0.06545546086762549,0.4322721985384124,P20,0,0.6666666666666666,0.0,0.0,0.0,
F05246,not_tiered,42,0.3729764389854851,0.44489163967675643,0.03655726342982313,0.3410557737219887,P25,0,1.0,0.0,0.0,0.0,
F05247,not_tiered,42,0.2951095085195933,0.5288416757416207,0.12150586282370185,0.41004391967945597,P13,0,0.0,0.0,0.0,0.0,
F05248,C_detection_pattern,42,-0.34404160530160355,1.3346409438808877,1.049535353419051,0.9456448397198609,P41,1,0.0,0.0,1.0,1.0,1.0
F05249,C_detection_pattern,42,-0.5608513550011807,-0.2589045656342592,0.17056298799458525,0.5924100769632329,P34,0,0.0,0.0,1.0,1.0,1.0
F05250,C_detection_pattern,42,-0.6163629073672251,0.29865051579917506,0.5080421147159964,0.9742772963372467,P10,2,0.0,0.0,1.0,1.0,1.0
F05251,C_detection_pattern,42,-0.8343376049712287,0.3113206611158332,0.6395342548691042,0.8786764155719626,P38,1,0.0,0.0,1.0,1.0,1.0
F05252,C_detection_pattern,42,-1.4429649657819805,0.6611110782496894,1.052038022015835,1.4651968003875662,P24,1,0.0,0.0,0.6428571428571429,0.6428571428571429,0.6428571428571429
F05253,not_tiered,42,-0.3108982142355746,-0.21372377533987283,0.05419042824064116,0.4034994033417514,P18,0,0.047619047619047616,0.0,0.0,0.0,
F05254,C_detection_pattern,42,0.3717592939422629,0.5858552723528327,0.11499231769289919,0.47228173027873754,P35,0,0.0,0.0,1.0,1.0,1.0
F05255,not_tiered,0,,,,,,0,0.0,0.0,0.0,0.0,
F05256,not_tiered,42,-0.016286224117637714,0.36833931459866676,0.2234177413200872,0.6053911988970071,P34,1,0.0,0.0,0.0,0.0,
F05257,not_tiered,42,-2.1704642985695486,0.06809972318900037,1.1192820108792745,1.5145863393934431,P3,1,0.0,0.0,0.0,0.0,
F05258,not_tiered,42,-0.5899319143015638,-0.24536350957001152,0.2370491504241391,0.5914899668883383,P14,0,0.0,0.0,0.0,0.0,
F05259,not_tiered,42,-0.29057931516403024,-0.10236291417963052,0.12591408296817008,0.49527100482215064,P42,0,0.0,0.0,0.0,0.0,
F05260,not_tiered,41,-0.017130802735005446,-0.017130802735005446,4.5102810375396984e-17,,P1,0,0.0,0.0,0.047619047619047616,0.0,
F05261,C_detection_pattern,42,-3.657843962146502,-2.3375038403989863,0.7332562351005993,1.1515779932679977,P22,0,0.0,0.0,1.0,1.0,1.0
F05262,C_detection_pattern,42,-1.5775501316844192,-1.1832292608143866,0.2559165944516606,0.5735904075968187,P2,0,0.0,0.0,1.0,1.0,1.0
F05263,not_tiered,42,-1.4852737388966006,-0.7795395548887554,0.36054271919092074,0.6751905316642905,P38,0,0.0,0.0,0.0,0.0,
F05264,not_tiered,42,-0.06743647184136618,-0.004355453564042157,0.035567877017805685,0.35164682155860577,P42,0,0.0,0.0,0.0,0.0,
F05265,C_detection_pattern,42,-3.361812844735898,-2.858583363168816,0.3293758373659039,0.6180676911142725,P38,0,0.0,0.0,1.0,1.0,1.0
F05266,not_tiered,42,-3.8988631262732554,-1.5324656911369736,1.2286990837741736,1.3688771560924085,P35,0,0.0,0.0,0.0,0.0,
F05267,not_tiered,41,-0.8375412275678897,-0.8375412275678897,0.0,,P2,0,0.0,0.0,0.0,0.0,
F05268,C_detection_pattern,42,-0.4463001154278796,1.751943166537325,1.0991216409826023,1.5002243957972772,P10,1,0.0,0.0,1.0,1.0,1.0
F05269,not_tiered,0,,,,,,0,0.0,0.0,1.0,1.0,
F05270,not_tiered,42,0.7764584837101578,1.1153781860655925,0.19896713805992527,0.48841266651821513,P31,0,0.5,0.09523809523809523,1.0,0.7619047619047619,
F05271,C_detection_pattern,42,1.3091256947772674,1.917825856077163,0.3142977494792982,0.6684027999653135,P3,0,0.0,0.0,1.0,1.0,1.0
F05272,C_detection_pattern,42,1.3403035014071871,1.617527816134353,0.20358526597625382,0.694411984799546,P3,0,0.0,0.0,1.0,1.0,1.0
F05273,not_tiered,42,-0.9727740782529652,-0.07923920049408073,0.4658518261986955,0.6941454962971964,P41,0,0.0,0.0,0.0,0.0,
F05274,not_tiered,42,0.52865135652029,0.6123370674084356,0.041924885374508336,0.36169136943896846,P13,0,1.0,0.0,0.0,0.0,
F05275,not_tiered,42,-0.7802911345548533,-0.6861267837914826,0.054226167685477944,0.4584233546123883,P2,0,1.0,0.0,0.0,0.0,
F05276,not_tiered,0,,,,,,0,0.0,0.0,0.0,0.0,
F05277,B_abundance,42,-1.6850087014465331,-1.5564237858852106,0.07247920787267104,0.4453623094723253,P31,0,1.0,1.0,0.0,0.0,1.0
F05278,not_tiered,0,,,,,,0,0.0,0.0,0.0,0.0,
F05279,not_tiered,42,0.3139722942807911,0.3905174606592418,0.04522454391830388,0.4464063220892561,P13,0,1.0,0.0,1.0,0.0,
F05280,not_tiered,42,0.8748098957258759,0.9680272613946951,0.04838327106388185,0.33744595139496875,P22,0,1.0,0.0,0.0,0.0,
F05281,not_tiered,42,0.6172219640369107,0.7138965766858433,0.058369195125248186,0.4033065018537022,P25,0,1.0,0.0,0.0,0.0,
F05282,C_detection_pattern,42,0.655195116650354,1.0322327642858873,0.21100508884698554,0.6600771022406754,P41,0,0.0,0.0,1.0,1.0,1.0
F05283,C_detection_pattern,0,,,,,,0,0.0,0.0,1.0,1.0,1.0
F05284,not_tiered,0,,,,,,0,0.0,0.0,0.0,0.0,
F05285,not_tiered,42,-0.6506832902797522,-0.25748245515288126,0.24824529274278273,0.7005846164105406,P35,0,0.0,0.0,1.0,1.0,
F05286,not_tiered,42,-0.9296629553692366,-0.6621718620113047,0.1418444082430429,0.5814684092748149,P40,0,0.0,0.0,0.0,0.0,
F05287,not_tiered,42,-0.9144714475725071,-0.7363450065228972,0.10142041960039705,0.47484448042123595,P23,0,1.0,0.0,0.0,0.0,
F05288,C_detection_pattern,42,-1.46018433679663,-1.1667397142280833,0.15776371473559836,0.5585360340960897,P20,0,0.0,0.0,1.0,1.0,1.0
F05289,not_tiered,42,-1.8443464627499395,0.02377047855644232,1.168293910994529,1.4658057512086398,P24,1,0.0,0.0,0.0,0.0,
F05290,not_tiered,42,-0.3531523965276412,-0.28357182802880926,0.04993217765353125,0.5683882121794916,P42,0,1.0,0.0,0.0,0.0,
F05291,not_tiered,0,,,,,,0,0.0,0.0,0.0,0.0,
F05292,not_tiered,42,-1.4585829039898097,-0.5493210810625994,0.5319319788256563,0.74319709080084,P30,0,0.0,0.0,0.0,0.0,
F05293,B_abundance,42,1.1482289965749097,1.271643778974247,0.07804297268711435,0.5566709152205398,P1,0,1.0,1.0,0.0,0.0,1.0
F05294,not_tiered,42,0.2172888662168162,0.31853190922100383,0.058975972313295044,0.45125564711977323,P35,0,0.07142857142857142,0.0,0.0,0.0,
F05295,C_detection_pattern,42,1.2281917426886553,3.0207174879046477,1.016459736627238,1.3739274346817352,P37,0,0.0,0.0,1.0,1.0,1.0
F05296,C_detection_pattern,42,-1.2469221826389918,-0.6919526475446741,0.3233183576083034,0.8166239041843398,P17,0,0.0,0.0,1.0,1.0,1.0
F05297,not_tiered,42,-0.04097595967238746,0.03678943165240343,0.040177581647034326,0.35143671728347153,P7,17,0.0,0.0,0.0,0.0,
F05298,not_tiered,42,-0.03582531493129922,0.03602264526803602,0.04702015271735692,0.5023808223683377,P18,7,0.0,0.0,0.0,0.0,
F05299,not_tiered,41,-0.3128364615901704,-0.3128364615901704,0.0,,P2,0,0.0,0.0,0.0,0.0,
F05300,not_tiered,42,-0.42048996514707604,-0.3139007733121719,0.06041853505636863,0.4326556352019099,P14,0,1.0,0.0,0.0,0.0,
F05301,not_tiered,41,-0.35498285387934736,-0.35498285387934736,5.551115123125783e-17,,P2,0,0.0,0.0,0.0,0.0,
F05302,C_detection_pattern,42,-1.134463429914015,-0.5823114984146855,0.2843195554088147,0.724120904930517,P10,0,0.0,0.0,1.0,1.0,1.0
F05303,not_tiered,42,-0.3022216807126854,-0.20259905069625392,0.05995711918880567,0.4391693677922629,P38,0,0.0,0.0,1.0,1.0,
F05304,not_tiered,0,,,,,,0,0.0,0.0,0.0,0.0,
F05305,not_tiered,42,0.2207582181751977,0.2985116739880617,0.0496652243754695,0.47612086390208264,P21,0,1.0,0.0,0.0,0.0,
F05306,C_detection_pattern,42,-0.7732998626027425,-0.32007433704310906,0.2513104337452833,0.5526198380242601,P38,0,0.0,0.0,1.0,1.0,1.0
F05307,not_tiered,42,0.5554223215369436,0.6439761197398566,0.04570101340752297,0.38497345770333036,P31,0,1.0,0.0,0.0,0.0,
F05308,not_tiered,41,-3.4759602381248005,-3.4759602381248005,0.0,,P1,0,0.0,0.0,0.0,0.0,
F05309,not_tiered,42,0.18445772037770256,0.35417316321204056,0.08671374605542873,0.4608223398615855,P39,0,0.0,0.0,1.0,1.0,
F05310,not_tiered,42,-1.31782179316598,-1.1238476078479775,0.10442452582523809,0.45666640208130493,P31,0,0.0,0.0,0.07142857142857142,0.07142857142857142,
F05311,not_tiered,42,-0.8383670371976043,-0.7399837555729588,0.05884433412808365,0.4119112799197797,P2,0,1.0,0.0,0.0,0.0,
F05312,not_tiered,42,0.12777808437230034,0.24237454548074544,0.07240792880102714,0.4349910779145569,P21,0,0.0,0.0,0.0,0.0,
F05313,C_detection_pattern,42,-2.2918416926836374,-1.626177788870047,0.45445942397256633,0.8489497367366394,P32,0,0.0,0.0,1.0,1.0,1.0
F05314,not_tiered,42,-0.2577544853266622,-0.030247935362065173,0.12355245628439587,0.48786418883157034,P16,0,0.0,0.0,0.0,0.0,
F05315,not_tiered,41,-2.5033714681666854,-2.5033714681666854,4.440892098500626e-16,,P2,0,0.0,0.0,0.0,0.0,
F05316,not_tiered,42,-1.1301672079462386,-0.6522730622642838,0.37052420586990475,0.8133748785717512,P19,0,0.023809523809523808,0.023809523809523808,0.0,0.0,
F05317,B_abundance,42,1.3619185482846727,1.7653254686875095,0.30325859812520894,0.66650698524098,P18,0,1.0,1.0,1.0,0.0,1.0
F05318,not_tiered,42,-0.13583351751691697,0.17363777776859604,0.17398663390221533,0.5431019842932823,P39,7,0.0,0.0,0.0,0.0,
F05319,not_tiered,42,0.5064430101434718,0.6453090287899474,0.08301240948775779,0.5984942014565584,P20,0,1.0,0.0,1.0,0.0,
F05320,not_tiered,0,,,,,,0,0.0,0.0,0.5952380952380952,0.0,
F05321,not_tiered,42,-0.5780131025831459,-0.3861823892196207,0.10485383030285966,0.4778046105147738,P22,0,0.0,0.0,0.0,0.0,
F05322,C_detection_pattern,42,-0.5094790342913841,0.2652286437525875,0.5726506785838172,0.9548036055714674,P36,2,0.0,0.0,1.0,1.0,1.0
F05323,C_detection_pattern,42,-0.5037696330119694,-0.25389508965173396,0.1427735636009152,0.5181114346567113,P8,0,0.0,0.0,1.0,1.0,1.0
F05324,not_tiered,0,,,,,,0,0.0,0.0,0.0,0.0,
F05325,not_tiered,42,0.1257956677898857,0.689024083802801,0.2816142080064577,0.5138114695003562,P9,0,0.0,0.0,0.5238095238095238,0.5238095238095238,
F05326,C_detection_pattern,42,-0.35672386272412915,0.20525621052573687,0.42198095240634315,0.9699484970615889,P40,1,0.0,0.0,1.0,1.0,1.0
F05327,C_detection_pattern,42,-0.7509392766779486,-0.3111142040228838,0.2445452085800751,0.7633642758296078,P24,0,0.0,0.0,1.0,1.0,1.0
F05328,C_detection_pattern,42,-0.5814000793047397,0.29592756472065557,0.6212694050114217,1.1908253710834025,P9,1,0.0,0.0,1.0,1.0,1.0
F05329,not_tiered,42,0.09384350627483462,0.17666209304330596,0.04279112143487729,0.36815284710320856,P40,0,0.0,0.0,0.0,0.0,
F05330,not_tiered,42,-0.06461392142253682,0.06668325617290068,0.06611118790241427,0.4256033147699761,P22,16,0.0,0.0,0.0,0.0,
F05331,not_tiered,42,-0.572741426760922,0.9117953387714012,0.7866747308661607,0.8735774390166269,P27,2,0.0,0.0,0.0,0.0,
F05332,C_detection_pattern,42,0.7849020444973798,1.0706025451786947,0.1431984470702643,0.521397384292388,P38,0,0.0,0.0,1.0,1.0,1.0
F05333,not_tiered,42,-1.4409034485117704,-1.006280355030943,0.24770869090912995,0.6766171017796099,P39,0,0.0,0.0,0.0,0.0,
F05334,C_detection_pattern,42,-1.2395240448583273,-0.8594012090269315,0.24454107034456107,0.6150812881300389,P19,0,0.0,0.0,1.0,1.0,1.0
F05335,C_detection_pattern,42,-0.2049621340649915,0.18849750616483796,0.21715456512281367,0.5827969992778474,P6,2,0.0,0.0,1.0,1.0,1.0
F05336,C_detection_pattern,42,0.10694288389063127,0.6565946936374358,0.3646670295169471,0.8820698742014624,P6,0,0.0,0.0,1.0,1.0,1.0
F05337,C_detection_pattern,42,-0.6148443042811559,-0.27260385561056627,0.20114575774499133,0.6804903825253855,P39,0,0.0,0.0,1.0,1.0,1.0
F05338,C_detection_pattern,42,-0.04067753550930919,0.48353801966746035,0.28301461789305715,0.8366967825510703,P5,1,0.0,0.0,1.0,1.0,1.0
F05339,not_tiered,42,0.6094323256583735,0.8071201569928802,0.10300695984368935,0.49581950544405445,P33,0,0.0,0.0,1.0,1.0,
F05340,C_detection_pattern,42,0.29546357824289127,0.6673087492175226,0.2577435864604594,0.8566028719633263,P32,0,0.0,0.0,1.0,1.0,1.0
F05341,not_tiered,42,0.4032230795760958,0.4940665130173176,0.058636891752336384,0.4905930851204479,P23,0,1.0,0.0,0.0,0.0,
F05342,not_tiered,42,0.4734428510683699,0.5351884652195549,0.03490571189464786,0.40664837813210675,P22,0,1.0,0.0,0.0,0.0,
F05343,not_tiered,42,-0.23079529635161622,-0.09521757579823723,0.10238681478374617,0.6792281429391976,P42,0,0.0,0.0,0.0,0.0,
F05344,C_detection_pattern,42,0.0246936510948429,0.5264188066763237,0.263578490305247,0.6970361131515198,P35,0,0.0,0.0,1.0,1.0,1.0
F05345,not_tiered,42,0.3097091177374926,0.38508986385084953,0.04816307340520842,0.5046390586095021,P2,0,1.0,0.0,1.0,0.0,
F05346,C_detection_pattern,42,0.08445582738526036,0.34251789398189436,0.18296628782564184,0.6925827594427728,P13,0,0.0,0.0,1.0,1.0,1.0
F05347,not_tiered,42,0.6082289663407928,0.6991694769646454,0.054735631411856334,0.43283130143131143,P33,0,1.0,0.0,1.0,0.0,
F05348,not_tiered,42,-0.10161939854901061,-0.023840507485307385,0.040320388230005715,0.35333298678184294,P18,0,0.0,0.0,0.8333333333333334,0.7619047619047619,
F05349,not_tiered,0,,,,,,0,0.0,0.0,0.0,0.0,
F05350,C_detection_pattern,42,0.1088824114719098,0.3189584784827213,0.11275644161863,0.39432903973874106,P3,0,0.0,0.0,1.0,1.0,1.0
F05351,C_detection_pattern,42,-0.19523812926979295,0.46639946642484853,0.543913840529134,1.057501670460536,P32,1,0.0,0.0,1.0,1.0,1.0
F05352,not_tiered,42,-0.9462393233278554,-0.34010367073651615,0.30306782629566964,0.5505524366991554,P6,0,0.0,0.0,0.5714285714285714,0.0,
F05353,C_detection_pattern,42,0.22893120042660908,0.7878800311007792,0.3151530642797864,0.8396003303492604,P41,0,0.0,0.0,1.0,1.0,1.0
F05354,not_tiered,0,,,,,,0,0.0,0.0,0.023809523809523808,0.0,
F05355,not_tiered,42,-0.3955704776029876,0.5403366769954516,0.5632579399752384,1.083739640364883,P8,1,0.0,0.0,0.07142857142857142,0.07142857142857142,
F05356,not_tiered,42,-0.17196542942802379,0.21002294334670263,0.22997080734344283,0.7721915406467307,P23,5,0.0,0.0,1.0,1.0,
F05357,C_detection_pattern,42,-2.5364341251816356,-1.3566529837056227,0.6242435583813333,0.9483981875208392,P30,0,0.0,0.0,1.0,1.0,1.0
F05358,not_tiered,41,1.1344585783077008,1.1344585783077008,0.0,,P2,0,0.0,0.0,1.0,0.0,
F05359,C_detection_pattern,42,-0.16554365924313372,0.3407734835844091,0.34068901224407816,0.8682766441021208,P13,3,0.0,0.0,1.0,1.0,1.0
F05360,not_tiered,41,0.14185321503042836,0.14185321503042836,5.551115123125783e-17,,P2,0,0.0,0.0,0.0,0.0,
F05361,not_tiered,42,-1.0643747757336819,-0.4376234130645834,0.3493258957948643,0.8045101256025917,P10,0,0.0,0.0,0.0,0.0,
F05362,B_abundance,42,-1.5566161874773492,-1.451472770157935,0.0550559529593313,0.287701939509594,P25,0,1.0,1.0,0.0,0.0,1.0
F05363,not_tiered,42,0.5839001505254486,0.7095484071627572,0.06588613341340022,0.4614907361225917,P36,0,0.0,0.0,1.0,1.0,
F05364,C_detection_pattern,42,0.26609994325677927,0.924200073700877,0.427369586810243,0.893933751741891,P27,0,0.0,0.0,1.0,1.0,1.0
F05365,C_detection_pattern,42,-0.6320842646999756,-0.06993097291853267,0.2889285734948115,0.7210455001367375,P35,0,0.0,0.0,1.0,1.0,1.0
F05366,not_tiered,42,0.09873838361394015,0.1550673880133067,0.032040757093938846,0.3506850275206793,P36,0,0.0,0.0,0.0,0.0,
F05367,B_abundance,42,1.2805934601753555,1.4481410040272773,0.09793315560139249,0.42279919560071455,P3,0,1.0,1.0,0.0,0.0,1.0
F05368,not_tiered,42,-1.6721940034448097,-1.1870013529015675,0.2776783115039405,0.5905229025070735,P2,0,0.0,0.0,0.0,0.0,
F05369,not_tiered,41,-0.16287917992736745,-0.16287917992736745,5.551115123125783e-17,,P2,0,0.0,0.0,0.7142857142857143,0.7142857142857143,
F05370,not_tiered,42,0.07331977982094784,0.1343058669829142,0.036774984958126256,0.4479831546634512,P19,0,0.0,0.0,0.0,0.0,
F05371,not_tiered,42,-0.6083017329273227,-0.5348764704178888,0.04070788851877061,0.4249500475831614,P35,0,1.0,0.0,0.0,0.0,
F05372,C_detection_pattern,42,-0.6779509074887228,0.020743463855373772,0.3964186391585242,0.9162313498132312,P15,1,0.0,0.0,1.0,1.0,1.0
F05373,not_tiered,42,0.3234551855909448,0.4444458256762343,0.07917024189932381,0.56387801119747,P41,0,1.0,0.0,1.0,1.0,
F05374,not_tiered,42,-0.4846120293904482,-0.23028263314500555,0.13807765461644975,0.4507693897637953,P31,0,0.0,0.0,0.0,0.0,
F05375,not_tiered,42,-1.2080541477831463,1.3909345060071256,1.299494326895136,1.627680428622999,P5,1,0.0,0.0,0.0,0.0,
F05376,not_tiered,42,-0.07451322638408721,0.06939747733363635,0.09684130094464571,0.6264502724356125,P14,6,0.0,0.0,0.0,0.0,
F05377,not_tiered,41,-1.1369512137630107,-1.1369512137630107,2.220446049250313e-16,,P1,0,0.0,0.0,0.0,0.0,
F05378,not_tiered,42,0.40933388680199534,0.5991301303368312,0.10235943667391256,0.5322259660710487,P6,0,0.0,0.0,1.0,1.0,
F05379,not_tiered,41,-0.7258201906547068,-0.7258201906547068,0.0,,P1,0,0.0,0.0,0.0,0.0,
F05380,not_tiered,42,0.6725785174711674,0.7725748475340288,0.05300078474293024,0.4596949818706962,P13,0,1.0,0.0,0.7142857142857143,0.0,
F05381,not_tiered,42,-0.9557418234327809,0.21962348577695034,0.6279416592898099,0.7859886546575103,P7,1,0.0,0.0,0.0,0.0,
F05382,not_tiered,42,-0.5891337329090606,-0.48445601189767695,0.052525635724131825,0.34552786322709844,P9,0,0.0,0.0,1.0,1.0,
F05383,not_tiered,42,-0.26991574776187527,-0.1917837664234307,0.056192984443679705,0.5798049986981534,P23,0,1.0,0.0,0.0,0.0,
F05384,not_tiered,42,0.6311641651321095,0.7046075115058766,0.04465188672796727,0.37611990905796916,P35,0,1.0,0.0,0.0,0.0,
F05385,not_tiered,42,0.48415488141791047,0.6991969233177369,0.12059390404616205,0.511914827761957,P40,0,1.0,0.0,1.0,0.7619047619047619,
F05386,not_tiered,42,0.1013928792221366,0.2163617274426014,0.0657492686344208,0.45447776657653155,P2,0,0.0,0.0,0.023809523809523808,0.0,
F05387,C_detection_pattern,42,-0.06834209674214303,0.12780625589701275,0.12419584001250444,0.6798020116284662,P18,10,0.0,0.0,1.0,1.0,1.0
F05388,not_tiered,42,0.5408173978248079,0.6426843812931189,0.05439374469390157,0.35309060701672096,P18,0,1.0,0.0,0.0,0.0,
F05389,C_detection_pattern,42,0.3247281476154253,0.561094821763091,0.13459300208504682,0.5721086226528722,P28,0,0.0,0.0,1.0,1.0,1.0
F05390,not_tiered,42,-0.05888222889001887,0.09135236852683215,0.08911246011287245,0.6908830612265288,P2,18,0.0,0.0,0.0,0.0,
F05391,C_detection_pattern,42,-0.1713582685181897,0.8770797006229454,0.7174024188946155,1.058233938760285,P39,1,0.0,0.0,1.0,1.0,1.0
F05392,not_tiered,42,-0.21043573596093879,0.24690467970721724,0.2506931728818801,0.7332732371317444,P4,2,0.0,0.0,1.0,1.0,
F05393,not_tiered,42,-0.8170056677763112,-0.7008189495863524,0.0846982092975318,0.5710866861468264,P21,0,1.0,0.0,0.0,0.0,
F05394,C_detection_pattern,42,0.17903581402755187,0.6623298945228082,0.2533347688665156,0.6936170131953898,P32,0,0.0,0.0,1.0,1.0,1.0
F05395,not_tiered,42,-0.2876212705906947,0.13909265523362072,0.2495245896040734,0.7792990317161498,P41,3,0.0,0.0,1.0,1.0,
F05396,B_abundance,42,-1.71754709536918,-1.4957520711011412,0.1223843014421444,0.39008066428325494,P19,0,1.0,1.0,0.0,0.0,1.0
F05397,not_tiered,42,-0.41953603642784426,-0.2355441403598207,0.0956411478785531,0.5224409894044578,P42,0,0.047619047619047616,0.0,0.0,0.0,
F05398,C_detection_pattern,42,-0.6043056331058684,-0.3631174838772622,0.14278660492487577,0.5798751996862738,P39,0,0.0,0.0,1.0,1.0,1.0
F05399,not_tiered,42,-0.5082660271755667,-0.442221598959694,0.05058495068830543,0.5413350061204827,P23,0,1.0,0.0,0.0,0.0,
F05400,not_tiered,42,0.7294554122094593,0.841621499969108,0.07202143075491485,0.50622696634145,P6,0,1.0,0.0,0.8333333333333334,0.0,
F05401,not_tiered,0,,,,,,0,0.0,0.0,0.0,0.0,
F05402,C_detection_pattern,42,-1.2480494763588947,-0.731764548251958,0.30502979556152987,0.8101383819052871,P33,0,0.0,0.0,1.0,1.0,1.0
F05403,not_tiered,42,0.4289290987070965,0.5290744650916179,0.05279313720340634,0.3615633242810132,P19,0,1.0,0.0,0.0,0.0,
F05404,not_tiered,42,-0.6118667443733774,-0.520499304749495,0.046654162377163355,0.3469359026466138,P25,0,0.2857142857142857,0.0,0.0,0.0,
F05405,not_tiered,42,0.7657503707990605,0.8199393183281436,0.028819991613959872,0.3088460314554179,P1,0,1.0,0.0,0.0,0.0,
F05406,not_tiered,42,-0.34869998064297614,-0.29556935512175725,0.03166416560302604,0.3841930327078152,P2,0,1.0,0.0,0.0,0.0,
F05407,not_tiered,42,0.14758667050605476,0.20938060846311718,0.03916253736983294,0.46226544023656185,P23,0,0.30952380952380953,0.0,0.0,0.0,
F05408,C_detection_pattern,42,0.3607816805040943,0.6232756706189304,0.15695249052971494,0.593802570146485,P16,0,0.0,0.0,1.0,1.0,1.0
F05409,C_detection_pattern,42,-0.9952853265140273,0.5757294353187064,0.7855073809163668,1.2222983496536959,P10,1,0.0,0.0,1.0,1.0,1.0
F05410,not_tiered,42,0.0031057028414892417,0.05734722243315304,0.03959105166608064,0.48427265707545747,P23,0,0.0,0.0,0.0,0.0,
F05411,C_detection_pattern,42,-1.9967481532857967,-1.4138463250383944,0.3570588927377787,0.7434045358651973,P4,0,0.0,0.0,1.0,1.0,1.0
F05412,B_abundance,42,-1.4024723488060145,-1.1114389874519615,0.19755910261261644,0.7125471305407501,P19,0,1.0,1.0,0.023809523809523808,0.0,1.0
F05413,not_tiered,42,0.13151343280149866,0.254255480660486,0.07278260871264794,0.40381997952026616,P39,0,0.0,0.0,0.0,0.0,
F05414,not_tiered,42,-2.0628674309441797,2.166627448377056,2.6097887367118444,1.4148584836157496,P6,1,0.0,0.0,0.0,0.0,
F05415,not_tiered,42,0.3424112545312766,0.5049400716011948,0.09044916080046583,0.5073588771147413,P14,0,0.8571428571428571,0.0,0.0,0.0,
F05416,C_detection_pattern,42,0.4862794113673796,0.8334765938545398,0.18104827547456215,0.5920564145132488,P1,0,0.0,0.0,1.0,1.0,1.0
F05417,C_detection_pattern,42,1.3192516245013854,1.673385712371318,0.17990891189735359,0.535635382220369,P34,0,0.0,0.0,1.0,1.0,1.0
F05418,not_tiered,0,,,,,,0,0.0,0.0,0.0,0.0,
F05419,not_tiered,42,0.15900262205152874,2.489239102214247,1.5884253615093862,1.106038652175714,P26,0,0.0,0.0,0.0,0.0,
F05420,not_tiered,42,-0.2664357534779473,0.046422580864390835,0.15750927400620124,0.5273247536596813,P28,1,0.0,0.0,0.0,0.0,
F05421,C_detection_pattern,42,-0.22180353556443763,0.21783917007588566,0.25673159340946394,0.7042543788775921,P16,6,0.0,0.0,1.0,1.0,1.0
F05422,not_tiered,42,-5.843763389422763,0.7963002652581537,3.3200318273404585,2.062219452362413,P4,1,0.0,0.0,1.0,1.0,
F05423,not_tiered,42,-1.5214390354691227,0.6286138136480643,1.1189321561014745,0.8816614176221642,P38,1,0.0,0.0,1.0,1.0,
F05424,not_tiered,42,-0.7734132673196683,-0.6997632863796657,0.043981753915534716,0.4775327469617667,P23,0,1.0,0.0,0.0,0.0,
F05425,C_detection_pattern,42,0.19855212212956877,0.42319962331115313,0.12123498194761742,0.610161170016062,P25,0,0.0,0.0,1.0,1.0,1.0
F05426,not_tiered,42,-0.09196501092129304,0.025637244619862047,0.06024936590515545,0.4362888140512968,P26,4,0.0,0.0,1.0,0.0,
F05427,not_tiered,42,-0.4099733825967044,-0.2814341125799482,0.07942992270580057,0.43602737494513877,P35,0,0.023809523809523808,0.0,0.0,0.0,
F05428,not_tiered,42,-0.09680364410030892,-0.030833716721495083,0.04056215122624102,0.45686039858284283,P19,0,0.0,0.0,0.0,0.0,
F05429,C_detection_pattern,42,0.0068092095618839535,0.3540133982355236,0.22519856272789043,0.6927695690768666,P36,0,0.0,0.0,1.0,1.0,1.0
F05430,not_tiered,42,-0.8648326130613737,-0.7875156805835231,0.04183592571772565,0.31472610353664227,P2,0,1.0,0.0,0.0,0.0,
F05431,B_abundance,42,-1.147498048522133,-1.038214108251751,0.06132749000190407,0.49231742459031597,P21,0,1.0,1.0,0.0,0.0,1.0
F05432,C_detection_pattern,42,0.5093277161033584,0.8174710390094116,0.17755569305621755,0.5768789608521553,P10,0,0.0,0.0,1.0,1.0,1.0
F05433,not_tiered,42,0.5006447055643068,2.622630352936894,1.0609928236862936,1.472022746396626,P26,0,0.0,0.0,1.0,1.0,
F05434,not_tiered,42,-0.09095415428508839,0.04575225263098713,0.09514408455834322,0.6388057669295371,P2,1,0.0,0.0,0.0,0.0,
F05435,not_tiered,42,0.4431142391561889,0.541292648135758,0.06736896825740196,0.50916136727982,P21,0,1.0,0.0,0.0,0.0,
F05436,not_tiered,42,0.018765872018238445,0.07301956363121506,0.02770816397148646,0.36525028940545085,P9,0,0.0,0.0,0.0,0.0,
F05437,not_tiered,42,0.4626000991754753,0.7015155093107823,0.12268474512206351,0.5201679370861263,P32,0,0.0,0.0,0.0,0.0,
F05438,not_tiered,0,,,,,,0,0.0,0.0,0.047619047619047616,0.047619047619047616,
F05439,not_tiered,0,,,,,,0,0.0,0.0,0.0,0.0,
F05440,not_tiered,42,0.5267133286332433,0.6107541708419197,0.06103933372672965,0.5736019129605205,P11,0,1.0,0.0,0.8333333333333334,0.0,
F05441,not_tiered,42,0.750484834394914,0.9004548458612712,0.10352472257672296,0.6000411661799298,P23,0,1.0,0.0,0.0,0.0,
F05442,C_detection_pattern,42,-0.024899626840716275,0.7547474693281102,0.6265957036661775,1.047047569413475,P38,1,0.0,0.0,1.0,1.0,1.0
F05443,C_detection_pattern,42,-0.05401400412965287,0.08429376744332485,0.08997639722446675,0.6340905303818951,P11,8,0.0,0.0,1.0,1.0,1.0
F05444,not_tiered,42,-0.4315125721769507,-0.3428236650087107,0.05850028516218819,0.4473010862189357,P19,0,1.0,0.0,0.0,0.0,
F05445,not_tiered,42,-0.15697567188810455,-0.031191765381945923,0.08450799247143448,0.5383528540563262,P2,0,0.0,0.0,0.0,0.0,
F05446,not_tiered,42,0.2920395973190121,0.5195268581730267,0.177321194609869,0.8177965994909814,P23,0,0.11904761904761904,0.0,0.0,0.0,
F05447,not_tiered,42,-0.47636151360642126,-0.2362579245820431,0.14292224244719232,0.5636439812092022,P40,0,0.0,0.0,0.14285714285714285,0.14285714285714285,
F05448,not_tiered,42,1.023386059622582,1.418008451751767,0.2109266293759473,0.4904222493453446,P6,0,1.0,0.0,0.0,0.0,
F05449,not_tiered,42,-0.3385887881451671,-0.2625765230004274,0.0420670859301191,0.39281940998440196,P25,0,1.0,0.0,0.0,0.0,
F05450,not_tiered,42,-5.219407161004838,-3.742010616603366,0.738698272200736,1.1708322911136966,P19,0,0.0,0.0,0.0,0.0,
F05451,not_tiered,42,0.13652533428091762,0.3725826897090474,0.1589815129202332,0.6080928313068051,P38,0,0.0,0.0,1.0,1.0,
F05452,C_detection_pattern,42,0.5553397361092365,0.7390325538096155,0.1001453686776671,0.5278223393194006,P22,0,0.0,0.0,1.0,1.0,1.0
F05453,not_tiered,42,-0.18089021284655382,-0.04304027328136352,0.09480512428518507,0.535877464102872,P19,0,0.0,0.0,0.0,0.0,
F05454,C_detection_pattern,42,-2.5608872775722187,-1.5640628283464757,0.4984122246128715,0.8600839517618906,P6,0,0.0,0.0,1.0,1.0,1.0
F05455,not_tiered,0,,,,,,0,0.0,0.0,0.0,0.0,
F05456,not_tiered,0,,,,,,0,0.0,0.0,0.0,0.0,
F05457,not_tiered,41,0.3343704778632972,0.3343704778632972,0.0,,P1,0,0.0,0.0,0.0,0.0,
F05458,not_tiered,41,-0.2668427359609815,-0.2668427359609815,0.0,,P2,0,0.0,0.0,0.023809523809523808,0.0,
F05459,C_detection_pattern,41,0.006061395698559124,0.006061395698559124,2.42861286636753e-17,,P2,0,0.0,0.0,1.0,1.0,1.0
F05460,not_tiered,42,-0.07770035996626828,0.06372656574060777,0.07137029139924699,0.4914481097536702,P24,13,0.0,0.0,0.7142857142857143,0.0,
F05461,C_detection_pattern,0,,,,,,0,0.0,0.0,0.9523809523809523,0.7619047619047619,0.7619047619047619
F05462,not_tiered,42,-0.5159499382914534,-0.44587286197057485,0.038857529994240636,0.42161236188329165,P25,0,1.0,0.0,0.0,0.0,
F05463,B_abundance,42,-1.2157305837096481,-1.026907456615263,0.10474612720578724,0.4785411013372689,P31,0,1.0,1.0,0.0,0.0,1.0
F05464,not_tiered,42,-0.8005650287223537,-0.6789581260913058,0.07753178029708663,0.4652992407689442,P19,0,1.0,0.0,0.0,0.0,
F05465,not_tiered,42,0.44435336973047956,0.5683801654503271,0.07536987187762423,0.437633590855993,P39,0,1.0,0.0,0.0,0.0,
F05466,not_tiered,42,-0.5279717475278698,-0.44708862914922076,0.04107915355668845,0.38152957965448026,P35,0,1.0,0.0,0.0,0.0,
F05467,B_abundance,42,-1.3793999138736257,-1.2617269958287398,0.06309866739671932,0.40040227470698797,P2,0,1.0,1.0,0.0,0.0,1.0
F05468,not_tiered,42,-0.31848703582032417,-0.2208497727250109,0.052893404703469565,0.35623526211397855,P19,0,0.0,0.0,0.0,0.0,
F05469,B_abundance,42,-5.518934988769756,-5.2111803376282415,0.17290305231650738,0.4934804121889406,P1,0,1.0,1.0,0.0,0.0,1.0
F05470,not_tiered,42,-0.5042529529870986,-0.38393114128766265,0.06646663926143426,0.5003498629675704,P19,0,1.0,0.0,0.0,0.0,
F05471,C_detection_pattern,42,-0.5395288570919243,-0.10897483921643314,0.26552144073710043,0.6235352865942054,P26,0,0.0,0.0,1.0,1.0,1.0
F05472,C_detection_pattern,42,-0.556236118166465,0.07230867133825569,0.3567404107701202,0.8277534757651063,P16,1,0.0,0.0,1.0,1.0,1.0
F05473,C_detection_pattern,42,-0.41428103135313776,0.6661281859439772,0.5402046086485575,0.9198378327601069,P22,1,0.0,0.0,1.0,1.0,1.0
F05474,B_abundance,42,0.9249604940138458,1.257333053010077,0.19453892968250242,0.503090481910295,P1,0,1.0,0.8571428571428571,0.0,0.0,0.8571428571428571
F05475,C_detection_pattern,42,0.9182223740759315,1.3068444811092674,0.2205410929468109,0.5562522553269573,P16,0,0.0,0.0,1.0,1.0,1.0
F05476,not_tiered,42,-1.4723281779091648,-1.1383630594355485,0.21672357884710758,0.6755257038118263,P31,0,0.0,0.0,0.0,0.0,
F05477,not_tiered,42,-1.7042595772052038,-1.2575920294003788,0.23201256472966558,0.4127792557034221,P33,0,0.0,0.0,0.0,0.0,
F05478,C_detection_pattern,41,0.28479222927140135,0.28479222927140135,5.551115123125783e-17,,P2,0,0.0,0.0,1.0,1.0,1.0
F05479,C_detection_pattern,42,0.4669718196681484,0.8085934695938298,0.2229892572023765,0.7753694651301053,P40,0,0.0,0.0,1.0,1.0,1.0
F05480,not_tiered,42,0.19055725119322994,0.2839764775690793,0.06612528814271665,0.5688412461197568,P19,0,0.30952380952380953,0.0,0.0,0.0,
F05481,not_tiered,42,-3.2889213423114843,-0.08651495503059259,1.6012031936404458,1.7675289536223522,P1,0,0.0,0.0,1.0,1.0,
F05482,not_tiered,42,-0.9916707731744114,-0.41201402042040625,0.3803576650861231,0.9549232807029887,P39,0,0.0,0.0,0.0,0.0,
F05483,B_abundance,42,-1.1389033917827522,-1.0100082513495887,0.06655018450364492,0.37999425837908113,P19,0,1.0,1.0,0.0,0.0,1.0
F05484,not_tiered,42,-0.37504783933048214,0.014278127605904797,0.2746557562366289,0.7675843895362157,P19,1,0.0,0.0,0.07142857142857142,0.07142857142857142,
F05485,not_tiered,42,-0.28731386836272366,-0.1344517579353778,0.08620174152340185,0.49540337581289,P13,0,0.0,0.0,0.0,0.0,
F05486,not_tiered,42,-0.9421266427019714,-0.8198567337286615,0.07542423790442487,0.4120428627504183,P19,0,1.0,0.0,0.0,0.0,
F05487,not_tiered,41,-0.012099118125565411,-0.012099118125565411,1.0408340855860843e-17,,P2,0,0.0,0.0,0.8809523809523809,0.7619047619047619,
F05488,B_abundance,42,-1.2942833137415788,-1.213536755923632,0.043992414743685204,0.3559565821412314,P19,0,1.0,1.0,0.0,0.0,1.0
F05489,C_detection_pattern,42,-0.6796958959135445,-0.030025497902317986,0.4149889659490117,0.7521420462036483,P31,0,0.0,0.0,1.0,1.0,1.0
F05490,C_detection_pattern,42,-0.5376907899652257,-0.33258383715140116,0.12568016420162353,0.5777735743203208,P5,0,0.0,0.0,1.0,1.0,1.0
F05491,not_tiered,42,-0.0907657715755889,0.31468239121501695,0.23236973618013967,0.7354982414144323,P22,2,0.0,0.0,0.0,0.0,
F05492,not_tiered,42,0.4054919575022666,0.5114425951757382,0.0658116981957994,0.55920758825179,P25,0,1.0,0.0,0.0,0.0,
F05493,not_tiered,41,-0.31517855803090633,-0.31517855803090633,5.551115123125783e-17,,P2,0,0.0,0.0,0.0,0.0,
F05494,C_detection_pattern,42,-0.683257767226459,-0.07294132975462435,0.41334981614972033,0.8572109728571807,P36,0,0.0,0.0,1.0,1.0,1.0
F05495,not_tiered,42,0.39852226639709687,0.46220824076893224,0.03622815461781714,0.3455469611218833,P21,0,1.0,0.0,0.0,0.0,
F05496,not_tiered,42,-0.5600872300165484,-0.06483679923964994,0.26444722583488717,0.6505288247867832,P30,0,0.0,0.0,0.0,0.0,
F05497,C_detection_pattern,42,0.15789309395131998,0.37478800249977245,0.14640305549717267,0.7188621883714477,P36,0,0.0,0.0,1.0,1.0,1.0
F05498,not_tiered,42,0.8615521225584164,0.9322062456384129,0.035988291998861444,0.35754154070202776,P22,0,1.0,0.0,0.0,0.0,
F05499,not_tiered,42,-0.11478975028705918,0.42246109752574457,0.28640353343154296,0.6366097188391832,P2,3,0.0,0.0,0.0,0.0,
F05500,not_tiered,42,-0.33317043350225833,-0.10066578886468792,0.17283575337495774,0.9063239864742354,P31,0,0.023809523809523808,0.0,0.0,0.0,
F05501,not_tiered,0,,,,,,0,0.0,0.0,0.0,0.0,
F05502,not_tiered,42,0.5278418324762482,0.615483336295897,0.05429323056228519,0.5153371016875559,P23,0,1.0,0.0,0.0,0.0,
F05503,C_detection_pattern,42,0.7383703714653008,1.240170590839362,0.2616174087727169,0.5795085959768622,P32,0,0.0,0.0,1.0,1.0,1.0
F05504,not_tiered,42,0.3039057076159302,0.36108637262676524,0.03315048591272063,0.3989238732273821,P25,0,1.0,0.0,0.0,0.0,
F05505,not_tiered,42,-0.30417665877821126,0.3123650572725249,0.3294200335941896,0.8125946195603028,P16,1,0.0,0.0,0.0,0.0,
F05506,B_abundance,42,1.0382616288584885,1.220303703839256,0.09922811842343515,0.47717565486898594,P1,0,0.2857142857142857,0.2857142857142857,1.0,1.0,0.2857142857142857
F05507,not_tiered,42,-0.30159831441759494,0.2577925601230548,0.32701838881252465,0.546679095830944,P33,7,0.0,0.0,0.0,0.0,
F05508,not_tiered,42,-1.86007530775297,-0.7876180231572454,0.646273047219023,0.9856090338075664,P22,0,0.0,0.0,0.0,0.0,
F05509,not_tiered,42,0.4363016010004795,0.6205746549265286,0.12095225816762595,0.5727848360301423,P18,0,0.2857142857142857,0.0,1.0,1.0,
F05510,not_tiered,0,,,,,,0,0.0,0.0,0.0,0.0,
F05511,not_tiered,41,-0.3197385957501506,-0.3197385957501506,0.0,,P2,0,0.0,0.0,0.0,0.0,
F05512,not_tiered,42,-1.00790348975743,-0.7595000309222717,0.15054402265187272,0.6035974469672658,P24,0,0.0,0.0,0.0,0.0,
F05513,not_tiered,42,0.4583775146190519,0.5697240735226049,0.05633257541310088,0.37415998659661626,P19,0,0.0,0.0,1.0,1.0,
F05514,not_tiered,42,-0.42260361737924307,-0.2582991173985643,0.09212623921875601,0.4137549661404219,P31,0,0.0,0.0,0.0,0.0,
F05515,not_tiered,42,0.047056259276137435,0.7497825859241862,0.3703848261032672,0.5313037831263728,P15,0,0.0,0.0,0.0,0.0,
F05516,not_tiered,42,0.4976923898017344,0.5739664472328232,0.04271200422795929,0.4715439885302284,P21,0,1.0,0.0,0.0,0.0,
F05517,C_detection_pattern,42,-0.2036882959624882,-0.03690872737648408,0.09190412189247772,0.4512773517082709,P3,0,0.0,0.0,1.0,1.0,1.0
F05518,not_tiered,42,-0.033088211242914584,0.07242382376874067,0.05422970228180998,0.3753415019753749,P15,7,0.0,0.0,0.0,0.0,
F05519,C_detection_pattern,42,0.3466266352077143,0.7379783885157318,0.2306623116190294,0.733050668836845,P38,0,0.0,0.0,1.0,1.0,1.0
F05520,C_detection_pattern,42,-0.28869644837085406,0.07205383240721241,0.21986508716454273,0.7645378639681709,P16,1,0.0,0.0,1.0,1.0,1.0
F05521,not_tiered,42,-0.08503541850870346,0.05015334508643049,0.1086467920745792,0.799384646758375,P21,1,0.0,0.0,0.8333333333333334,0.0,
F05522,not_tiered,42,0.04288393819770948,0.1201432982287874,0.0523352294958012,0.5130846592497441,P19,0,0.0,0.0,0.0,0.0,
F05523,not_tiered,42,0.17486631838003153,0.263278809068748,0.05010416120950961,0.44761062618093794,P22,0,0.047619047619047616,0.0,1.0,1.0,
F05524,not_tiered,42,0.49955906815885315,0.6088901767426347,0.07315119723434987,0.6572296859489268,P42,0,1.0,0.0,0.0,0.0,
F05525,not_tiered,42,0.4722413663510293,0.6145200028600131,0.10446661909101485,0.8079841132113891,P31,0,1.0,0.0,0.0,0.0,
F05526,C_detection_pattern,42,-1.1731595360785685,-0.8830045198989115,0.16572280103570058,0.46120197322890655,P13,0,0.0,0.0,1.0,1.0,1.0
F05527,not_tiered,42,0.14987425547629776,0.5356315016288284,0.24667134525611464,0.7554708945998548,P26,0,0.0,0.0,1.0,0.0,
F05528,not_tiered,42,0.15116717910108712,0.3892083443692472,0.19048488057083268,0.7319793734730405,P18,0,0.0,0.0,1.0,1.0,
F05529,not_tiered,42,-0.06327452823398386,0.044359799767576334,0.06044961797791866,0.44506554183111935,P25,15,0.0,0.0,0.0,0.0,
F05530,not_tiered,42,-0.035622739257967016,0.040237288391715295,0.0550793325009325,0.5759717269005852,P19,5,0.0,0.0,0.0,0.0,
F05531,not_tiered,41,1.469359054445242,1.469359054445242,0.0,,P1,0,0.0,0.0,0.0,0.0,
F05532,not_tiered,0,,,,,,0,0.0,0.0,0.0,0.0,
F05533,not_tiered,42,-1.5345009840870254,-0.5783383453018984,0.5037920714324671,0.7751726162611321,P29,0,0.0,0.0,0.5714285714285714,0.5714285714285714,
F05534,not_tiered,0,,,,,,0,0.0,0.0,0.0,0.0,
F05535,C_detection_pattern,42,-3.4677412018681224,-1.743478275141758,0.8621314633631822,1.3005515700510115,P32,0,0.0,0.0,1.0,1.0,1.0
F05536,not_tiered,42,-0.052810710659402814,0.06933617633268467,0.07691676833820217,0.4541924407906937,P39,12,0.0,0.0,0.0,0.0,
F05537,C_detection_pattern,42,0.6063761227769574,0.8077277197443081,0.13474145286063588,0.5817270625195071,P23,0,0.0,0.0,1.0,1.0,1.0
F05538,C_detection_pattern,42,0.5993183157283568,1.000745446555116,0.20556333367981205,0.5019435794975708,P13,0,0.0,0.0,1.0,1.0,1.0
F05539,not_tiered,42,0.5075114440411124,0.5963190096589859,0.05659293942089161,0.5137042897385856,P37,0,1.0,0.0,0.8333333333333334,0.0,
F05540,C_detection_pattern,42,0.5465921384310239,0.9470563731205619,0.21291770793146514,0.6431245758711972,P1,0,0.0,0.0,1.0,1.0,1.0
F05541,not_tiered,42,-2.4334122930039297,-1.1004045283493478,0.9595039633706788,1.0963505129259605,P7,0,0.0,0.0,0.8571428571428571,0.8571428571428571,
F05542,C_detection_pattern,42,0.31267323850908824,0.3546652382265574,0.02099599985873457,0.03940613288251756,P9,0,0.0,0.0,1.0,1.0,1.0
F05543,not_tiered,42,-1.6048027051877327,-0.919246170266555,0.42045242151109186,0.7463557900717431,P41,0,0.0,0.0,0.0,0.0,
F05544,not_tiered,42,-1.2994484020836379,-0.1381762627584262,0.6340307022707462,0.7521825821892675,P28,0,0.0,0.0,0.09523809523809523,0.09523809523809523,
F05545,C_detection_pattern,42,0.018674491002746763,0.7274010645145594,0.35436328675590634,0.6363637419223632,P1,0,0.0,0.0,1.0,1.0,1.0
F05546,B_abundance,42,1.4500779798924386,1.710332548198356,0.1662863573430422,0.45398694668343215,P1,0,1.0,1.0,0.0,0.0,1.0
F05547,not_tiered,42,1.3737504408005863,3.9652964002368796,1.6182013770341326,1.2798034464907535,P37,0,0.0,0.0,0.0,0.0,
F05548,not_tiered,42,-0.8185112181421867,-0.6115340672013674,0.1116367908455872,0.4163272406329715,P15,0,1.0,0.0,0.0,0.0,
F05549,not_tiered,42,0.16667945100860695,0.2720164500434297,0.05547485674008554,0.3493247459922327,P25,0,0.0,0.0,0.0,0.0,
F05550,not_tiered,42,-0.26525115362058327,0.13681106562106618,0.22793121072616926,0.7305805409475815,P26,4,0.0,0.0,0.0,0.0,
F05551,not_tiered,42,0.39901993316872036,0.46254402119928617,0.035822558293001516,0.36414430663657216,P20,0,1.0,0.0,0.0,0.0,
F05552,not_tiered,42,0.15933690231123865,0.36463761397404293,0.10975339692940728,0.46234751378304084,P37,0,0.0,0.0,0.0,0.0,
F05553,C_detection_pattern,42,-3.007627721480215,-2.0448065072882606,0.506995303853242,0.8546881374032897,P38,0,0.0,0.0,0.47619047619047616,0.47619047619047616,0.47619047619047616
F05554,C_detection_pattern,42,0.5020220410282723,0.7417776661511684,0.15292452372317034,0.6247558514490936,P1,0,0.0,0.0,1.0,1.0,1.0
F05555,not_tiered,42,-0.9382316237196996,-0.8191564897241586,0.07561818907436546,0.5007585530495646,P21,0,1.0,0.0,0.0,0.0,
F05556,not_tiered,42,0.04492472159611711,0.08721826174983288,0.02763113749183558,0.41194577784548264,P2,0,0.0,0.0,0.0,0.0,
F05557,not_tiered,42,0.062102884310002264,0.10184921793783695,0.024689157930618447,0.38565895786649596,P2,0,0.0,0.0,0.0,0.0,
F05558,not_tiered,42,0.21095738612907247,0.27417664829849736,0.03552353152986337,0.4097611499425639,P21,0,1.0,0.0,0.0,0.0,
F05559,not_tiered,42,0.28909313534466197,0.33162344899429474,0.02432277113682746,0.3294397606233708,P19,0,1.0,0.0,0.0,0.0,
F05560,not_tiered,42,-0.010635161492637506,0.03353422194525583,0.02944265781590743,0.39780567263804495,P21,13,0.0,0.0,0.0,0.0,
F05561,not_tiered,42,0.18947924290116686,0.22904393811362783,0.023630937007223324,0.36339842110620746,P25,0,1.0,0.0,0.0,0.0,
F05562,not_tiered,42,0.08857374889548855,0.12668411055828113,0.022270907381600827,0.3594147528159998,P2,0,0.0,0.0,0.0,0.0,
F05563,not_tiered,42,0.07976883681186772,0.11886346193632444,0.019795743116239176,0.31912154343700533,P20,0,0.0,0.0,0.0,0.0,
F05564,not_tiered,42,0.5230278201331158,0.6964155598924174,0.09935174435944061,0.5024069639953392,P9,0,1.0,0.0,0.0,0.0,
F05565,not_tiered,42,0.2701197497384746,0.3173615241243241,0.025764725841685432,0.3663474192553053,P25,0,1.0,0.0,0.0,0.0,
F05566,not_tiered,42,0.31691511714917664,0.36026134747749927,0.022715722958356055,0.2924193741577552,P15,0,1.0,0.0,0.0,0.0,
F05567,not_tiered,42,-0.10153913467541655,-0.03136368652274487,0.04744777088861333,0.5449419030073751,P2,0,0.0,0.0,0.0,0.0,
F05568,not_tiered,42,-0.5154349042888362,-0.4118132083785401,0.053082885533633384,0.3330690455714289,P6,0,1.0,0.0,0.0,0.0,
F05569,not_tiered,42,-0.7453236273609662,-0.639062815771972,0.07319816336982798,0.5093641601151092,P23,0,1.0,0.0,0.0,0.0,
F05570,not_tiered,42,-0.24808876389130502,-0.15830139900008802,0.04801176511870908,0.4094377586479316,P19,0,0.0,0.0,0.0,0.0,
F05571,not_tiered,42,0.607196501891078,0.687793319469353,0.0413072688892655,0.35302254687490353,P1,0,1.0,0.0,0.0,0.0,
F05572,not_tiered,42,0.8980661296558997,1.0260566600458594,0.07132703383643546,0.42704740593207496,P3,0,1.0,0.11904761904761904,0.0,0.0,
F05573,not_tiered,42,0.1034130115844894,0.15666267130233968,0.03746270029454679,0.48436891005376376,P21,0,0.023809523809523808,0.0,0.0,0.0,
F05574,not_tiered,42,0.20554550411572284,0.24366983051134838,0.022449046362776087,0.3382577531291843,P21,0,1.0,0.0,0.0,0.0,
F05575,not_tiered,42,-0.02418258665719104,0.03397096457515893,0.03954797078701992,0.4776270686897359,P23,9,0.0,0.0,0.0,0.0,
F05576,not_tiered,42,-0.0728775854849656,-0.027369869645160028,0.029629210196175572,0.4405960914358084,P23,0,0.0,0.0,0.0,0.0,
F05577,not_tiered,42,0.03694837604362238,0.0809276291928494,0.0240394406701152,0.3570054279300112,P2,0,0.0,0.0,0.0,0.0,
F05578,not_tiered,42,0.15373119134713784,0.1957421182464342,0.0222238034993473,0.3327581289141152,P18,0,1.0,0.0,0.0,0.0,
F05579,not_tiered,42,0.17292915987779314,0.22469862123083612,0.026984054861117324,0.3220119955211964,P19,0,0.7619047619047619,0.0,0.0,0.0,
F05580,not_tiered,42,-0.06722906876104773,0.03739839864474224,0.06952350047577255,0.500319015460913,P19,4,0.0,0.0,0.0,0.0,
F05581,not_tiered,42,0.308248041170596,0.3425291976762199,0.017943227941321527,0.28421196356439243,P18,0,1.0,0.0,0.0,0.0,
F05582,not_tiered,42,0.29045100694018205,0.37763054895253617,0.06096721006659306,0.6697443226444217,P21,0,1.0,0.0,0.0,0.0,
F05583,not_tiered,42,0.40283239793994136,0.47427975175740844,0.04764662392918956,0.5695279557840612,P23,0,1.0,0.0,0.0,0.0,
F05584,not_tiered,42,0.18625039840424853,0.29704505307222095,0.08053892407801036,0.7325542064909373,P4,0,0.047619047619047616,0.0,0.0,0.0,
F05585,not_tiered,42,0.424296504145056,0.4673093408551551,0.022155017402828603,0.30942725883319694,P19,0,1.0,0.0,0.0,0.0,
F05586,not_tiered,42,0.05597808758214419,0.09192922168488736,0.020418750920622217,0.3392461302544592,P4,0,0.0,0.0,0.0,0.0,
F05587,not_tiered,42,-0.22828314286424772,-0.11290464435026158,0.0741779004712567,0.51136250858033,P2,0,0.0,0.0,0.0,0.0,
F05588,not_tiered,42,-0.019049670747527267,0.019378833060301432,0.019402405671424268,0.27381093181267385,P14,18,0.0,0.0,0.0,0.0,
F05589,not_tiered,42,0.17178629005054594,0.20644636432608302,0.020407051610215055,0.3049950075095422,P15,0,1.0,0.0,0.0,0.0,
F05590,not_tiered,42,0.21722308337810142,0.2564341518673459,0.019776105369704228,0.30960375609111795,P18,0,1.0,0.0,0.0,0.0,
F05591,not_tiered,42,0.05559717882786408,0.09374382157972946,0.01911502492142672,0.2916301493669205,P4,0,0.0,0.0,0.0,0.0,
F05592,not_tiered,42,0.013777496034321822,0.09362520588383093,0.05338032969400803,0.5158284460462245,P23,0,0.0,0.0,0.0,0.0,
F05593,not_tiered,42,0.27507678472833597,0.3387181411077177,0.03663847549174243,0.4125231232190415,P42,0,1.0,0.0,0.0,0.0,
F05594,not_tiered,42,0.5631687450086845,0.6403315709514,0.04046551351465577,0.35553024313524334,P42,0,1.0,0.0,0.0,0.0,
F05595,not_tiered,42,0.6721392141884073,0.8053088253792846,0.08034635374212784,0.5604777917586247,P42,0,1.0,0.0,0.0,0.0,
F05596,C_detection_pattern,42,0.09263979270627247,0.2802762347923992,0.10788007832007762,0.5451583023611295,P32,0,0.0,0.0,1.0,1.0,1.0
F05597,C_detection_pattern,42,0.5653616427500948,0.7679421930862028,0.10920468058321986,0.5074005517490181,P11,0,0.0,0.0,1.0,1.0,1.0
F05598,not_tiered,42,-0.3894743241821209,-0.2766720378390931,0.07237420040764386,0.4977176648150954,P23,0,0.8571428571428571,0.0,0.0,0.0,
F05599,not_tiered,42,0.5897726234224366,0.7186527259018222,0.07867661491413735,0.4699072168458097,P36,0,1.0,0.0,0.0,0.0,
F05600,C_detection_pattern,42,0.8270503096924153,0.9965271533931173,0.09734160225633726,0.45563920619498954,P3,0,0.0,0.0,1.0,1.0,1.0
F05601,not_tiered,42,-0.048374733822668325,0.31742724326392224,0.19148281086079133,0.6433158538229008,P37,1,0.0,0.0,1.0,1.0,
F05602,not_tiered,42,0.28050182376210486,1.3024530662618172,0.5109756212498562,0.8782982358440211,P1,0,0.0,0.0,0.0,0.0,
F05603,not_tiered,42,-0.02037741476171311,0.04730301818962919,0.03873929865898171,0.3923914442252338,P19,4,0.0,0.0,0.0,0.0,
F05604,not_tiered,42,-0.15942390168357612,0.016154230949331057,0.09539310441907142,0.4734497246828192,P13,1,0.0,0.0,1.0,1.0,
F05605,C_detection_pattern,42,-0.07680896453165816,0.2868137942934295,0.2466471851394042,0.7005932175635955,P42,6,0.0,0.0,1.0,1.0,1.0
F05606,not_tiered,42,-0.9233378744046049,-0.347607819731267,0.3156985242988033,0.638474454956301,P20,0,0.0,0.0,0.0,0.0,
F05607,not_tiered,42,0.5233545899984026,0.5824253044952862,0.03237177344304443,0.35770046741008843,P2,0,1.0,0.0,0.0,0.0,
F05608,not_tiered,42,0.2312649168954602,0.29636166080437965,0.0330708988179359,0.358812868102315,P42,0,1.0,0.0,0.0,0.0,
F05609,not_tiered,42,0.2936452012083924,0.4184062071640189,0.08326270530715973,0.5927782597644988,P18,0,1.0,0.0,0.8333333333333334,0.0,
F05610,C_detection_pattern,42,-0.1289141044225044,0.2650303737453923,0.2105460027517496,0.5038666387160895,P16,1,0.0,0.0,1.0,1.0,1.0
F05611,not_tiered,41,6.321541281234456,6.321541281234456,0.0,,P1,0,0.0,0.0,0.023809523809523808,0.0,
F05612,not_tiered,42,-0.1154992433559921,0.025108671929360997,0.09678360422761079,0.679594464658614,P19,1,0.0,0.0,0.0,0.0,
F05613,not_tiered,42,0.8047297501228798,0.9559961587778817,0.10108327574078413,0.5816654730391517,P41,0,1.0,0.0,1.0,0.0,
F05614,not_tiered,41,-0.3544494874181243,-0.3544494874181243,0.0,,P2,0,0.0,0.0,0.07142857142857142,0.07142857142857142,
F05615,not_tiered,42,-0.9985351518572498,-0.769575634234403,0.1606668571599188,0.678613493501751,P6,0,0.0,0.0,0.0,0.0,
F05616,C_detection_pattern,42,-1.4678143649089732,-1.1509309792230933,0.20616301600522502,0.7258013732789814,P31,0,0.0,0.0,1.0,1.0,1.0
F05617,C_detection_pattern,42,0.11970978564639283,0.5803968418988733,0.2634762000689931,0.5913806460765456,P22,0,0.0,0.0,1.0,1.0,1.0
F05618,not_tiered,42,-0.7658443265218262,-0.6191667847421815,0.09648729405471523,0.501748961411076,P18,0,1.0,0.0,0.0,0.0,
F05619,not_tiered,42,0.6007073788657904,0.6677464590003592,0.03628865189719788,0.3673714579687804,P25,0,1.0,0.0,0.0,0.0,
F05620,not_tiered,42,-0.0004020630806109764,0.2159921067143873,0.15786632583915777,0.7729462855265337,P2,1,0.0,0.0,0.0,0.0,
F05621,C_detection_pattern,42,-2.3265066715976763,-1.8851489245319233,0.30797382179237864,0.7926469106135475,P16,0,0.0,0.0,1.0,1.0,1.0
F05622,B_abundance,42,-1.7366124773689207,-1.5764049241528317,0.09110366997446828,0.4569703694623832,P37,0,1.0,1.0,0.0,0.0,1.0
F05623,not_tiered,42,-2.0183957159573316,-1.716352003416456,0.21668680300913423,0.7445266128465782,P42,0,0.0,0.0,0.0,0.0,
F05624,B_abundance,42,-1.2731502103336017,-1.1213957450461574,0.08492654735147065,0.44001234172763576,P3,0,1.0,1.0,0.0,0.0,1.0
F05625,not_tiered,42,-0.12420079391566015,0.08670285645572029,0.1363341851115697,0.648857385751613,P31,3,0.0,0.0,0.8333333333333334,0.0,
F05626,C_detection_pattern,42,-0.5012774771340437,1.1092576921834283,0.8949503926492447,1.1441679848009432,P38,1,0.0,0.0,1.0,1.0,1.0
F05627,not_tiered,41,-1.2249052714590487,-1.2249052714590487,0.0,,P1,0,0.0,0.0,0.0,0.0,
F05628,not_tiered,42,0.39956255730379975,0.7710896198619619,0.30120977802806537,0.946350883696031,P18,0,0.2619047619047619,0.0,0.0,0.0,
F05629,C_detection_pattern,42,-0.4507482674916321,-0.2276579255890385,0.12327575750429962,0.4774369186886519,P14,0,0.0,0.0,1.0,1.0,1.0
F05630,not_tiered,42,-0.9460737252788061,-0.7124468585019561,0.12477565701286952,0.48280034646508274,P2,0,1.0,0.0,0.0,0.0,
F05631,B_abundance,42,1.5947414104211173,1.7202230158792553,0.07360023053276699,0.4993054777640151,P1,0,1.0,1.0,1.0,0.0,1.0
F05632,not_tiered,42,0.12075220302071478,0.21045226316653975,0.04571595949226752,0.39540528607726777,P2,0,0.0,0.0,0.0,0.0,
F05633,not_tiered,42,-0.2740086148612583,-0.16603126435961654,0.05952374120297896,0.3987098905944744,P35,0,0.0,0.0,0.0,0.0,
F05634,not_tiered,42,-0.05134229512931591,0.21778609464650422,0.15164372499433704,0.5122688131186924,P39,4,0.0,0.0,1.0,1.0,
F05635,not_tiered,42,-0.4721899568631527,-0.42064529893317265,0.03047515605111728,0.36304261564986995,P14,0,1.0,0.0,0.0,0.0,
F05636,not_tiered,42,-0.6753332687845317,-0.5658603163197093,0.05795438091764826,0.3499231178399635,P42,0,1.0,0.0,0.0,0.0,
F05637,not_tiered,42,0.9099492888762604,0.9924691726000167,0.041421715491198,0.3870677923508242,P35,0,1.0,0.0,0.0,0.0,
F05638,not_tiered,42,-0.0964796900720199,-0.010074666743680877,0.049500256723667625,0.4983504380412243,P23,0,0.0,0.0,0.0,0.0,
F05639,C_detection_pattern,42,0.5405798141880935,0.6591473670927374,0.06925550928952351,0.43528485288722424,P36,0,0.0,0.0,1.0,1.0,1.0
F05640,not_tiered,0,,,,,,0,0.0,0.0,0.0,0.0,
F05641,C_detection_pattern,42,-0.644212758476738,-0.11053634456282227,0.30801532699069806,0.6693091464242886,P16,0,0.0,0.0,1.0,1.0,1.0
F05642,not_tiered,41,0.7173832005467027,0.7173832005467027,0.0,,P1,0,0.0,0.0,0.9285714285714286,0.7619047619047619,
F05643,not_tiered,42,-0.5582489318684793,-0.4237349708404377,0.08175509593290314,0.6097945896545581,P25,0,1.0,0.0,0.0,0.0,
F05644,C_detection_pattern,42,-1.1477392606023162,-0.7280664603328291,0.21826596612262572,0.6589798200666332,P7,0,0.0,0.0,1.0,1.0,1.0
F05645,not_tiered,42,0.418123523016413,0.5666070071819471,0.08214112508752763,0.4726364383400819,P21,0,1.0,0.0,0.0,0.0,
F05646,C_detection_pattern,42,0.08037822246023946,0.48920099805851164,0.22732558480280596,0.5206879682165149,P26,0,0.0,0.0,1.0,1.0,1.0
F05647,C_detection_pattern,42,-0.9712257385762167,-0.323430093099385,0.3465332328345099,0.867357278397281,P30,0,0.0,0.0,1.0,1.0,1.0
F05648,not_tiered,42,0.5890391564606908,0.7352674692229935,0.07493686404889432,0.36207887967178387,P21,0,1.0,0.0,0.0,0.0,
F05649,C_detection_pattern,42,-0.23127411254408567,1.1716542680773132,1.013544185180573,1.0157250945643752,P36,1,0.0,0.0,1.0,1.0,1.0
F05650,not_tiered,42,0.4168394580548526,0.701979949114082,0.1860034707262388,0.5837981492532828,P19,0,0.0,0.0,1.0,1.0,
F05651,not_tiered,42,-0.1917489477182917,-0.016889816149910666,0.09076670580719833,0.46381547836434905,P23,0,0.0,0.0,0.8333333333333334,0.7619047619047619,
F05652,C_detection_pattern,42,-0.7543145069753847,-0.2132654331760517,0.27740724356846935,0.6655542254854063,P21,0,0.0,0.0,1.0,1.0,1.0
F05653,not_tiered,41,-0.16894204964672177,-0.16894204964672177,8.326672684688674e-17,,P1,0,0.0,0.0,0.0,0.0,
F05654,not_tiered,0,,,,,,0,0.0,0.0,0.0,0.0,
F05655,not_tiered,0,,,,,,0,0.0,0.0,0.0,0.0,
F05656,not_tiered,42,0.6057228541241236,0.7025659298069719,0.05663725421826504,0.4359196534260545,P29,0,1.0,0.0,1.0,0.0,
F05657,not_tiered,42,-0.3950414912021408,-0.31196701533010274,0.04804498597908846,0.4269850346773566,P2,0,1.0,0.0,0.0,0.0,
F05658,not_tiered,0,,,,,,0,0.0,0.0,0.0,0.0,
F05659,C_detection_pattern,42,0.5418819044541342,0.9101065915214631,0.19088504978047438,0.5982314013911657,P1,0,0.0,0.0,1.0,1.0,1.0
F05660,not_tiered,42,-0.5259708043787952,-0.23695269234658417,0.16390662997092748,0.5308761551213199,P25,0,0.0,0.0,0.0,0.0,
F05661,not_tiered,42,-0.4832469090102869,-0.1845814833928043,0.1752532632694005,0.5951523206902021,P38,0,0.0,0.0,0.6428571428571429,0.6428571428571429,
F05662,not_tiered,42,0.4101362979866723,0.478221218819516,0.04153604851520443,0.46794118598246925,P31,0,1.0,0.0,0.0,0.0,
F05663,not_tiered,42,-0.18329466707317585,0.23376091055248707,0.26937255956595635,0.752125640265746,P11,5,0.0,0.0,1.0,1.0,
F05664,C_detection_pattern,42,-0.5640531989010409,1.6148634525529992,1.08945832572702,1.493207204489713,P1,1,0.0,0.0,1.0,1.0,1.0
F05665,C_detection_pattern,42,0.9115341624888654,1.029945424030226,0.05949588138588091,0.37930437786517757,P39,0,0.0,0.0,1.0,1.0,1.0
F05666,B_abundance,42,-1.6523680967870098,-1.5549667213628835,0.050959096611701504,0.3461334482288778,P32,0,1.0,1.0,0.0,0.0,1.0
F05667,not_tiered,42,0.0443315745079315,0.10997704280322236,0.03818784592280966,0.42071471613029754,P18,0,0.0,0.0,0.0,0.0,
F05668,not_tiered,42,0.6084597744112632,0.6916392812684397,0.04543173029093539,0.38224731120891414,P42,0,1.0,0.0,0.0,0.0,
F05669,C_detection_pattern,42,0.19803498534221275,0.5330650413045227,0.22993103412715993,0.776387305632941,P38,0,0.0,0.0,1.0,1.0,1.0
F05670,C_detection_pattern,42,-0.2832789502919624,0.06764725451844936,0.20921910058858748,0.6466224572973852,P27,4,0.0,0.0,1.0,1.0,1.0
F05671,not_tiered,42,0.4527517474049644,0.5656955206310718,0.058400811067810365,0.4463419935160659,P5,0,0.0,0.0,1.0,1.0,
F05672,not_tiered,42,0.32789569261622625,0.4612352360222538,0.08062481470382793,0.5833152730166652,P40,0,0.2857142857142857,0.0,1.0,1.0,
F05673,C_detection_pattern,42,1.2010430816627247,1.6330180980754208,0.2656319337403479,0.5861274966955057,P26,0,0.0,0.0,1.0,1.0,1.0
F05674,C_detection_pattern,41,1.2195450083775938,1.2195450083775938,0.0,,P1,0,0.0,0.0,1.0,1.0,1.0
F05675,not_tiered,42,0.10957243611341143,0.2834131429990438,0.08772912550771227,0.4259255400504204,P32,0,0.0,0.0,0.09523809523809523,0.09523809523809523,
F05676,not_tiered,41,-1.1853512610463763,-1.1853512610463763,0.0,,P2,0,0.0,0.0,0.0,0.0,
F05677,not_tiered,0,,,,,,0,0.0,0.0,0.0,0.0,
F05678,not_tiered,42,0.5809607064400701,0.764387156434986,0.10391979393790662,0.48692472041376134,P27,0,1.0,0.0,0.0,0.0,
F05679,not_tiered,42,0.7635499064850509,0.8639767040820701,0.051135739051779816,0.36943203948059894,P18,0,1.0,0.0,0.0,0.0,
F05680,C_detection_pattern,42,-0.45575145141035894,0.015683411945287936,0.23713160113865164,0.534749496305558,P5,1,0.0,0.0,1.0,1.0,1.0
F05681,C_detection_pattern,42,-0.2172725494885232,0.10638486957864715,0.1819553273395643,0.5894911774566506,P30,4,0.0,0.0,1.0,1.0,1.0
F05682,C_detection_pattern,42,-0.3239786256616899,0.3042024591774733,0.437416876106613,0.8152032384992322,P31,2,0.0,0.0,1.0,1.0,1.0
F05683,not_tiered,42,-0.3416693153766475,-0.24749945559203948,0.05168878193147472,0.40893987365022305,P39,0,0.8333333333333334,0.0,0.0,0.0,
F05684,not_tiered,42,0.9085533619912923,1.021277303261174,0.05737666711619771,0.35195828254634914,P34,0,1.0,0.11904761904761904,0.0,0.0,
F05685,B_abundance,42,-3.4212953228017056,-3.1061222609302073,0.1620714171461981,0.32553605010421627,P2,0,1.0,1.0,0.0,0.0,1.0
F05686,not_tiered,42,-0.8845501887633394,-0.6016975045951792,0.14465344284959247,0.5017504455859156,P8,0,0.0,0.0,0.0,0.0,
F05687,not_tiered,42,-0.08188494153171047,0.06122305075161094,0.08804361231891257,0.6061494258699761,P42,12,0.0,0.0,0.0,0.0,
F05688,not_tiered,42,-1.442563048093688,-0.21617785475409335,0.7596634335933227,1.0277129198361814,P2,0,0.0,0.0,0.0,0.0,
F05689,not_tiered,42,-1.6847191680780746,-0.9234476560484672,0.46279719351887794,0.8329393895480472,P28,0,0.0,0.0,0.0,0.0,
F05690,not_tiered,42,-0.16873506264944138,-0.11475228932764887,0.027042591270004274,0.31241560069331736,P21,0,0.0,0.0,0.0,0.0,
F05691,B_abundance,42,-1.8980500790395216,-1.7462139818676146,0.08939924291555834,0.43700254502740277,P42,0,1.0,1.0,0.0,0.0,1.0
F05692,not_tiered,42,0.23657965340100026,0.3303115581112017,0.05695220724143013,0.46018658523585443,P23,0,0.23809523809523808,0.0,0.0,0.0,
F05693,C_detection_pattern,42,-0.1632394659133112,-0.013656681900056738,0.0820677992900355,0.42779697691769447,P24,0,0.0,0.0,1.0,1.0,1.0
F05694,not_tiered,42,0.5008950250322741,0.8404561873258316,0.19247054263228625,0.6243758431497416,P6,0,0.0,0.0,0.0,0.0,
F05695,C_detection_pattern,42,-1.9398913417761598,-0.9408201046763355,0.724305746960069,0.9699820828888717,P38,0,0.0,0.0,1.0,1.0,1.0
F05696,not_tiered,42,-0.6094465890747683,0.3009150563529115,0.5058030249946632,0.8275616075419772,P6,2,0.0,0.0,1.0,1.0,
F05697,C_detection_pattern,42,0.30183895825934925,0.6011299894656387,0.16002798372712546,0.6520987309089159,P10,0,0.0,0.0,1.0,1.0,1.0
F05698,C_detection_pattern,42,-1.2890600755352892,-0.32027249802779423,0.4843937887537475,0.8395069089232903,P1,0,0.0,0.0,1.0,1.0,1.0
F05699,not_tiered,42,-0.7537222548039432,-0.6440726132204682,0.0672714182833144,0.4362891017098894,P22,0,1.0,0.0,0.0,0.0,
F05700,C_detection_pattern,42,-0.038677213505594006,0.7489903793468956,0.5351872193992159,1.0314902403390174,P35,1,0.0,0.0,1.0,1.0,1.0
F05701,not_tiered,42,-0.09871817429794777,-0.021287508045239434,0.03998367686786717,0.3986645466262553,P15,0,0.0,0.0,1.0,0.0,
F05702,C_detection_pattern,42,-0.3987608201700145,0.020925270705539845,0.24397507314622294,0.7252030383133623,P17,1,0.0,0.0,1.0,1.0,1.0
F05703,not_tiered,42,-0.6062590901557154,0.870235226782988,0.7382471584693517,1.1703223884121086,P1,1,0.0,0.0,0.0,0.0,
F05704,C_detection_pattern,0,,,,,,0,0.0,0.0,1.0,1.0,1.0
F05705,not_tiered,42,-0.11572945772650894,-0.024407296009892568,0.04718272863924805,0.3866324326240689,P39,0,0.0,0.0,0.0,0.0,
F05706,not_tiered,42,-0.19799698084264472,-0.062010071294249354,0.07018812566914223,0.43629934960571237,P18,0,0.0,0.0,0.0,0.0,
F05707,B_abundance,42,-1.9028392406141803,-1.7452801072217143,0.08724468899802029,0.38269573991543215,P25,0,1.0,1.0,0.0,0.0,1.0
F05708,not_tiered,42,-0.5260621077222131,-0.3265102860976513,0.11350363425180499,0.510709804457654,P23,0,0.0,0.0,1.0,1.0,
F05709,not_tiered,42,-0.24026607605283226,-0.13151216915666664,0.05773746365939855,0.4120899915359952,P18,0,0.0,0.0,0.0,0.0,
F05710,not_tiered,42,-0.18766006603011096,0.08113398595055096,0.17885392084656004,0.7445778957272176,P20,1,0.0,0.0,0.09523809523809523,0.09523809523809523,
F05711,not_tiered,42,-0.06911623802619944,-0.025595771510130157,0.023652276452944945,0.3243175062460942,P23,0,0.0,0.0,0.0,0.0,
F05712,not_tiered,42,0.14107733613508167,0.29585780323013106,0.08293665433116165,0.5702478202970839,P41,0,0.023809523809523808,0.0,0.0,0.0,
F05713,not_tiered,42,0.2540421779320209,0.32376985350742826,0.04019691015237131,0.4174491079726211,P28,0,1.0,0.0,0.0,0.0,
F05714,not_tiered,0,,,,,,0,0.0,0.0,0.0,0.0,
F05715,not_tiered,42,-0.3164747299474445,-0.1695388121901178,0.08936791655794352,0.6032377704846981,P19,0,0.023809523809523808,0.0,0.0,0.0,
F05716,not_tiered,42,-0.18414730298288723,-0.0806906119374314,0.054836484666198115,0.3604659438162815,P14,0,0.0,0.0,0.0,0.0,
F05717,not_tiered,42,0.1786604203876389,0.22144420645488472,0.021466039053162606,0.28121478108810116,P4,0,1.0,0.0,0.0,0.0,
F05718,C_detection_pattern,42,-1.2846470489687163,-0.4195727627308872,0.6491214335115885,1.1045542823908887,P20,0,0.0,0.0,1.0,1.0,1.0
F05719,C_detection_pattern,42,0.22666188625667386,0.379137216102181,0.08028457377602252,0.39449658424091244,P12,0,0.0,0.0,1.0,1.0,1.0
F05720,not_tiered,42,-0.7944857601776348,-0.36599990302078717,0.3256602311873878,0.8290732490141896,P36,0,0.0,0.0,0.5952380952380952,0.5952380952380952,
F05721,not_tiered,42,-0.693103204501838,-0.5738544439853377,0.06014956024886109,0.3333009552111434,P1,0,1.0,0.0,0.0,0.0,
F05722,not_tiered,42,-0.5364871027919004,-0.29072447853633726,0.14010244313955272,0.5391140139964545,P31,0,0.0,0.0,0.8333333333333334,0.0,
F05723,not_tiered,42,-0.9218314728008825,-0.7157401361077291,0.115865859916361,0.5478316136535604,P18,0,1.0,0.0,0.0,0.0,
F05724,C_detection_pattern,42,-1.1840327751006328,-0.17880396114440167,0.6270537844453509,1.1554300975818135,P32,0,0.0,0.0,1.0,1.0,1.0
F05725,not_tiered,42,0.05251606079544203,0.13858293547374137,0.04793106984545367,0.44285277989744554,P39,0,0.0,0.0,0.0,0.0,
F05726,not_tiered,42,0.17050584570253988,0.361667564092294,0.1452650541776487,0.7967679936339993,P15,0,0.0,0.0,1.0,1.0,
F05727,C_detection_pattern,42,-1.4595418990159092,-0.6939105682556376,0.4653373983983544,1.0071787734827424,P32,0,0.0,0.0,1.0,1.0,1.0
F05728,B_abundance,42,1.4820390552867053,1.7144206279251606,0.12951852309228862,0.5427928151006217,P15,0,1.0,1.0,1.0,1.0,1.0
F05729,C_detection_pattern,42,0.5200952836193721,0.6839739794970685,0.0836886503353309,0.3291457753065947,P18,0,0.0,0.0,1.0,1.0,1.0
F05730,not_tiered,0,,,,,,0,0.0,0.0,0.0,0.0,
F05731,C_detection_pattern,42,-0.1981075258922803,-0.011258092896349492,0.09993713762093422,0.5797192381780816,P35,0,0.0,0.0,1.0,1.0,1.0
F05732,not_tiered,42,0.4445540828695612,0.5483430379592306,0.07909696989128712,0.6031026623552008,P23,0,1.0,0.0,0.0,0.0,
F05733,not_tiered,42,0.9419628914358654,1.1146669111431273,0.09986432899286768,0.41701904739243384,P14,0,0.0,0.0,1.0,1.0,
F05734,not_tiered,0,,,,,,0,0.0,0.0,0.0,0.0,
F05735,not_tiered,42,-0.4437320207407287,-0.23524013158372917,0.10788394651976344,0.4970375930571632,P36,0,0.0,0.0,0.0,0.0,
F05736,not_tiered,42,0.048984641100781726,0.45873664031389355,0.3052454942421481,0.9234011686683091,P25,0,0.0,0.0,1.0,1.0,
F05737,not_tiered,42,-0.09819248395322586,0.04140074771844411,0.09780642387562621,0.657107478050171,P21,2,0.0,0.0,0.0,0.0,
F05738,not_tiered,0,,,,,,0,0.0,0.0,0.0,0.0,
F05739,not_tiered,42,-2.0732220286739635,-0.4046335722173895,0.876654224795508,1.0749252769959283,P17,0,0.0,0.0,0.11904761904761904,0.11904761904761904,
F05740,not_tiered,42,-0.5822832756960442,-0.45242701220370557,0.06779160830111519,0.43600342290736577,P38,0,0.0,0.0,1.0,1.0,
F05741,C_detection_pattern,42,-0.7130227886338134,-0.5475254461136503,0.10780659790122615,0.4953676654773083,P31,0,0.0,0.0,1.0,1.0,1.0
F05742,not_tiered,42,-0.2087528333110517,-0.05913012009137966,0.08223950469631242,0.49158890649638004,P37,0,0.0,0.0,0.8333333333333334,0.0,
F05743,not_tiered,42,-0.637354758844237,-0.5816779092039444,0.03167793108574246,0.37186464986321915,P21,0,1.0,0.0,0.0,0.0,
F05744,not_tiered,42,0.23660271169810923,0.305437213140771,0.044096684637562084,0.4979166824760727,P25,0,1.0,0.0,0.0,0.0,
F05745,not_tiered,42,0.1287598022140245,0.23710594385842312,0.0755337771132967,0.5850052548781509,P21,0,0.0,0.0,0.0,0.0,
F05746,not_tiered,0,,,,,,0,0.0,0.0,0.0,0.0,
F05747,not_tiered,0,,,,,,0,0.0,0.0,0.0,0.0,
F05748,not_tiered,42,0.43487420755968603,0.48084079120823703,0.023273052225621205,0.3490013002787055,P1,0,1.0,0.0,0.0,0.0,
F05749,not_tiered,42,0.0573710373429795,0.1510642997802287,0.054705613107482606,0.4965208342106902,P19,0,0.0,0.0,0.0,0.0,
F05750,not_tiered,42,-0.43589909110935404,-0.2761408911498799,0.09378967896161894,0.4805172829776133,P19,0,0.023809523809523808,0.0,0.0,0.0,
F05751,C_detection_pattern,42,0.0028373817810273456,0.3756990704888626,0.21629917880811547,0.6365906782010228,P39,0,0.0,0.0,1.0,1.0,1.0
F05752,C_detection_pattern,42,-0.8917794934281893,-0.4469618513951835,0.2436009289994302,0.5351089449153464,P39,0,0.0,0.0,1.0,1.0,1.0
F05753,B_abundance,42,-2.510314703421616,-2.154998912955474,0.19244646323986103,0.4732981177843555,P38,0,1.0,1.0,0.0,0.0,1.0
F05754,C_detection_pattern,42,-0.02662771402157323,0.2136585630275779,0.12837593589826155,0.5348346795794038,P34,1,0.0,0.0,1.0,1.0,1.0
F05755,not_tiered,42,-0.09240152097204972,0.017774887605760337,0.06676043242958092,0.4696538699829383,P6,4,0.0,0.0,1.0,0.7619047619047619,
F05756,C_detection_pattern,42,-1.2942159112535292,-0.5300430155268572,0.4465192227182312,0.7617934842808165,P35,0,0.0,0.0,1.0,1.0,1.0
F05757,not_tiered,42,0.07506946361641437,0.15378986407438605,0.04850438907647735,0.46657856602024883,P29,0,0.0,0.0,1.0,0.0,
F05758,not_tiered,42,0.25806790237813876,0.31799502393196044,0.03479627146387865,0.35481787503622747,P6,0,1.0,0.0,0.0,0.0,
F05759,C_detection_pattern,42,-0.018960510286307724,0.13133062186998656,0.07884154699047077,0.4434718697887083,P34,3,0.0,0.0,1.0,1.0,1.0
F05760,not_tiered,42,-0.27092927177762344,-0.11361765658042415,0.10963809591585515,0.5840790531737555,P40,0,0.0,0.0,1.0,1.0,
F05761,not_tiered,42,0.02919899848298535,0.1366772889642096,0.054974028653585555,0.3575971743125622,P27,0,0.0,0.0,1.0,0.0,
F05762,not_tiered,42,-0.40605007262277193,-0.3371220756485353,0.03471431436260203,0.3513384273247474,P25,0,1.0,0.0,0.0,0.0,
F05763,not_tiered,42,-0.3778062731664689,-0.266171739379929,0.0670366856886816,0.5148794034172022,P2,0,1.0,0.0,0.0,0.0,
F05764,B_abundance,42,0.9222937344479021,1.1039611638986127,0.10383661356065432,0.4173890907837772,P1,0,1.0,0.4523809523809524,0.0,0.0,0.4523809523809524
F05765,C_detection_pattern,42,0.8966829956880294,1.8409353883421826,0.5500555340381141,0.9759755910005788,P1,0,0.0,0.0,1.0,1.0,1.0
F05766,not_tiered,42,0.4966380690311951,0.5670462151440985,0.042188717522975705,0.42209046064802475,P21,0,1.0,0.0,0.0,0.0,
F05767,not_tiered,42,-0.3003933160586083,-0.1680256236889103,0.10828935322571678,0.7546066608240334,P21,0,0.0,0.0,0.0,0.0,
F05768,not_tiered,42,-1.032902357397014,-0.9116565627798611,0.07494991667611695,0.39671218901271293,P18,0,1.0,0.42857142857142855,0.0,0.0,
F05769,not_tiered,42,-0.04619757264808651,0.016861070562581973,0.03653681174179971,0.431792158459924,P12,8,0.0,0.0,0.0,0.0,
F05770,not_tiered,42,-0.394814540698682,-0.21726409269484384,0.15191139872863804,0.9462878543305115,P21,0,0.8095238095238095,0.0,0.0,0.0,
F05771,not_tiered,41,0.24860038082770508,0.24860038082770508,8.326672684688674e-17,,P2,0,0.0,0.0,0.0,0.0,
F05772,C_detection_pattern,42,-0.8434749253257796,0.6020449219858444,0.7802405067347118,1.0949937419818656,P8,1,0.0,0.0,1.0,1.0,1.0
F05773,not_tiered,42,-0.21698613529938865,-0.14232475666968056,0.04441055048316944,0.4850068896667779,P23,0,0.07142857142857142,0.0,0.0,0.0,
F05774,not_tiered,41,-1.5253358244721955,-1.5253358244721955,0.0,,P2,0,0.0,0.0,0.0,0.0,
F05775,not_tiered,42,-0.8166830019741995,-0.597940932735369,0.11355498739416803,0.48455797535542944,P40,0,1.0,0.0,0.0,0.0,
F05776,not_tiered,42,-0.6144602412582846,-0.5347692677570867,0.04530460125391211,0.5027892235636793,P17,0,1.0,0.0,0.0,0.0,
F05777,not_tiered,42,0.4533480668165821,0.5440440216078161,0.05559778930563192,0.42194621992481246,P19,0,1.0,0.0,0.0,0.0,
F05778,C_detection_pattern,42,-1.477496107744631,-1.1392044510075627,0.18323529094468882,0.690015536787606,P37,0,0.0,0.0,1.0,1.0,1.0
F05779,not_tiered,41,-0.8063568725048995,-0.8063568725048995,0.0,,P1,0,0.0,0.0,0.0,0.0,
F05780,not_tiered,42,-0.31143727348710937,0.08053540575792795,0.2567778749226364,0.6191488370110059,P20,2,0.0,0.0,0.0,0.0,
F05781,C_detection_pattern,42,-0.5032127800145065,-0.21891405380339535,0.14949755209931487,0.5030039987296757,P40,0,0.0,0.0,1.0,1.0,1.0
F05782,not_tiered,42,0.12028656093556833,0.8222454827367347,0.3509794609005832,0.6307956221329007,P1,0,0.0,0.0,0.0,0.0,
F05783,not_tiered,42,0.3025652542563114,0.3725499902405493,0.041227428398030674,0.42706029842332777,P42,0,1.0,0.0,0.0,0.0,
F05784,not_tiered,0,,,,,,0,0.0,0.0,0.0,0.0,
F05785,not_tiered,42,0.387368040276693,0.4419377091545716,0.030805365927930706,0.4277918052891555,P31,0,1.0,0.0,0.0,0.0,
F05786,not_tiered,42,0.3957167026603488,0.5022736444976417,0.06552646825611158,0.534094068522187,P23,0,1.0,0.0,0.0,0.0,
F05787,C_detection_pattern,42,-1.8792214786555763,-1.461232169851894,0.29386942232845925,0.8772613843940782,P30,0,0.0,0.0,1.0,1.0,1.0
F05788,not_tiered,42,0.1862459146962004,0.3259321707800104,0.10285638649519932,0.8280817887388726,P21,0,0.023809523809523808,0.0,0.0,0.0,
F05789,not_tiered,42,-0.3101194887592437,-0.19314140163762503,0.05876306030930811,0.4378025206205322,P18,0,0.023809523809523808,0.0,0.0,0.0,
F05790,C_detection_pattern,42,-0.0620924405403818,0.19413261796200001,0.1802691272173199,0.6512337967414896,P42,14,0.0,0.0,1.0,1.0,1.0
F05791,not_tiered,42,-0.7032602529859217,-0.5715143386044882,0.06687751438364709,0.42990801823764224,P3,0,0.0,0.0,1.0,1.0,
F05792,not_tiered,42,0.4866366911819425,0.5631904754502538,0.042684997928638446,0.46175558594929356,P18,0,1.0,0.0,0.0,0.0,
F05793,not_tiered,42,-0.9058865892863579,-0.7624393579392239,0.08174011080284171,0.3707667100154001,P38,0,0.2857142857142857,0.0,0.047619047619047616,0.0,
F05794,not_tiered,42,0.2416044928936453,0.8363120564305104,0.3669646658126312,0.8928234567744273,P29,0,0.0,0.0,0.7142857142857143,0.7142857142857143,
F05795,not_tiered,0,,,,,,0,0.0,0.0,0.0,0.0,
F05796,not_tiered,42,0.6006298378162023,0.7358622068282212,0.07464326492132944,0.432395247834015,P14,0,1.0,0.0,0.0,0.0,
F05797,not_tiered,0,,,,,,0,0.0,0.0,0.0,0.0,
F05798,not_tiered,42,0.9347654918648581,1.0069512814134682,0.03801001959411365,0.3587228379623245,P25,0,1.0,0.047619047619047616,0.0,0.0,
F05799,not_tiered,42,-0.4771910741129882,-0.25792009122257276,0.11750997268627772,0.5562364729708276,P35,0,0.0,0.0,0.0,0.0,
F05800,not_tiered,42,-0.18585976841561652,-0.00022920597280471356,0.10660278024752082,0.5313685127823119,P36,0,0.0,0.0,1.0,1.0,
F05801,not_tiered,42,-0.6993512139506093,-0.16213508391842435,0.3155723346098986,0.8241620455086534,P12,0,0.0,0.0,0.0,0.0,
F05802,not_tiered,42,0.27948161355761175,0.3389826895743014,0.03885235656105235,0.44164128974122435,P23,0,1.0,0.0,0.0,0.0,
F05803,not_tiered,42,0.49560742266662317,2.0523158301138054,0.7783542037235913,1.2146169713186237,P1,0,0.0,0.0,0.0,0.0,
F05804,C_detection_pattern,42,-0.15241748448055822,0.16329340661401304,0.16581249890892993,0.6186863508549664,P15,5,0.0,0.0,1.0,1.0,1.0
F05805,not_tiered,42,0.0023160159510062783,1.6129076515146137,0.927220754753883,1.3433071979110776,P17,0,0.0,0.0,0.0,0.0,
F05806,not_tiered,0,,,,,,0,0.0,0.0,0.047619047619047616,0.047619047619047616,
F05807,not_tiered,42,-1.6860352323736607,-1.0620574614401674,0.3673679652410178,0.8434414533584346,P35,0,0.0,0.0,0.0,0.0,
F05808,not_tiered,42,-0.5396531146766469,-0.2089841909876093,0.1658413636058207,0.5362308501288725,P14,0,0.0,0.0,1.0,1.0,
F05809,C_detection_pattern,42,-0.5966506173433062,-0.31103562757576797,0.16450615563016735,0.6047759690281149,P27,0,0.0,0.0,1.0,1.0,1.0
F05810,not_tiered,42,-0.4730003752127523,1.684320664778845,1.2583747038685373,1.4644387458139028,P40,1,0.0,0.0,0.047619047619047616,0.047619047619047616,
F05811,not_tiered,42,-1.4423520661396185,-1.2535002786326088,0.10953716154562687,0.4117161273197757,P28,0,0.0,0.0,0.0,0.0,
F05812,C_detection_pattern,42,0.6659363561053192,1.310807536599088,0.34264910253226966,0.7810689968944646,P30,0,0.0,0.0,1.0,1.0,1.0
F05813,C_detection_pattern,42,-0.7282888812241805,-0.17983077710387008,0.36615359258267655,0.916975952894796,P22,0,0.0,0.0,1.0,1.0,1.0
F05814,C_detection_pattern,42,-1.005795740034051,3.1394746885397122,2.0726352142868816,1.9053376248149974,P26,1,0.0,0.0,1.0,1.0,1.0
F05815,C_detection_pattern,42,1.617620750945217,1.9957745336709285,0.20671749399297012,0.4888037409809348,P22,0,0.0,0.0,1.0,1.0,1.0
F05816,not_tiered,42,0.57037439254008,0.6715065178989462,0.055794517249921016,0.3773359488096355,P5,0,1.0,0.0,1.0,1.0,
F05817,not_tiered,41,-0.050168765634312606,-0.050168765634312606,6.938893903907228e-18,,P1,0,0.0,0.0,0.0,0.0,
F05818,C_detection_pattern,42,0.19580682631074142,0.689928977548334,0.25817610972740296,0.6481073674568681,P30,0,0.0,0.0,1.0,1.0,1.0
F05819,C_detection_pattern,41,-1.7351478621177439,-1.7351478621177439,2.220446049250313e-16,,P2,0,0.0,0.0,1.0,1.0,1.0
F05820,not_tiered,42,0.10201984520190797,0.18199150519932103,0.05222582627559874,0.43367452516828736,P31,0,0.0,0.0,0.0,0.0,
F05821,not_tiered,42,0.348283024247128,0.5093424296370036,0.0900917966011131,0.45774611373991225,P39,0,0.0,0.0,1.0,1.0,
F05822,not_tiered,42,0.6517469662566551,1.1080195938840223,0.33060566903507216,0.8381711857866496,P41,0,0.9761904761904762,0.38095238095238093,1.0,0.7619047619047619,
F05823,not_tiered,0,,,,,,0,0.0,0.0,0.0,0.0,
F05824,C_detection_pattern,42,-0.07911572227300678,0.21901460606064482,0.15054675901192519,0.5326231537482069,P35,3,0.0,0.0,1.0,1.0,1.0
F05825,not_tiered,42,-0.40801903490729075,1.0429471724764712,0.8531670682062593,1.3132957981033495,P35,1,0.0,0.0,0.0,0.0,
F05826,not_tiered,0,,,,,,0,0.0,0.0,0.0,0.0,
F05827,not_tiered,42,-0.9202649806228906,-0.3648430120857333,0.32314034960890653,0.799414743637646,P5,0,0.0,0.0,1.0,1.0,
F05828,not_tiered,42,-0.4095365760428865,-0.21100089977680966,0.13038499079270835,0.6734076080313225,P31,0,0.0,0.0,0.0,0.0,
F05829,not_tiered,42,0.2946874483202754,0.38524899812129315,0.053373825890972226,0.4263712023603854,P23,0,1.0,0.0,1.0,0.0,
F05830,not_tiered,42,0.6153885992778885,0.7761403294463184,0.08191333070517048,0.49418219389902024,P20,0,0.0,0.0,1.0,1.0,
F05831,not_tiered,42,0.24496809954138338,0.31846020043530976,0.040004049184087676,0.43543479169020055,P31,0,1.0,0.0,0.0,0.0,
F05832,not_tiered,42,0.10953302365813779,0.17678393189558222,0.03705941617759323,0.34204071562829536,P15,0,0.0,0.0,0.0,0.0,
F05833,C_detection_pattern,42,-0.42883365389390615,0.364782556902123,0.5072192123475856,0.9924086083730599,P33,2,0.0,0.0,1.0,1.0,1.0
F05834,not_tiered,42,0.3768156645786147,0.4682827135067418,0.06236878864632789,0.5073014456128224,P22,0,1.0,0.0,0.8333333333333334,0.0,
F05835,C_detection_pattern,42,-0.396953312022194,0.1655668696179801,0.302735873840645,0.7721197645702649,P38,1,0.0,0.0,1.0,1.0,1.0
F05836,C_detection_pattern,42,-0.05061141082234627,0.11654074194676987,0.11003088786610787,0.6761499739838638,P13,1,0.0,0.0,1.0,1.0,1.0
F05837,not_tiered,0,,,,,,0,0.0,0.0,0.0,0.0,
F05838,not_tiered,42,0.46343077232755797,0.5385217291450763,0.04772893670405959,0.517843972093182,P31,0,1.0,0.0,0.0,0.0,
F05839,C_detection_pattern,42,0.2588153423751015,0.4236264271659455,0.09183585394075233,0.4451998423757759,P26,0,0.0,0.0,1.0,1.0,1.0
F05840,C_detection_pattern,42,0.10466132445753591,0.38677998818196063,0.14966245640500134,0.5748634186691417,P23,0,0.0,0.0,1.0,1.0,1.0
F05841,C_detection_pattern,42,0.18525454832732008,0.47283742929282135,0.19863148552708593,0.699946972099288,P19,0,0.0,0.0,1.0,1.0,1.0
F05842,not_tiered,42,-0.25561263380850735,-0.036561408725282185,0.155644318866128,0.7253357217277663,P19,0,0.0,0.0,0.0,0.0,
F05843,C_detection_pattern,42,-0.6012352549988027,1.6371284067337428,1.200414643339289,1.0684446372611174,P26,1,0.0,0.0,1.0,1.0,1.0
F05844,C_detection_pattern,42,-0.42784169540377337,-0.20856192496446646,0.14476574818272092,0.7000558332282608,P18,0,0.0,0.0,1.0,1.0,1.0
F05845,not_tiered,42,0.5648954424083914,0.6343256951590033,0.03513745847122951,0.428009095663625,P42,0,1.0,0.0,0.0,0.0,
F05846,not_tiered,42,0.2847239576509878,0.43147950903846466,0.07863664709620882,0.4966672749880234,P5,0,0.6190476190476191,0.0,0.0,0.0,
F05847,not_tiered,42,0.2978498004393906,0.4697166824932883,0.0901605576354178,0.46275605145502724,P41,0,0.0,0.0,1.0,1.0,
F05848,not_tiered,0,,,,,,0,0.0,0.0,0.0,0.0,
F05849,C_detection_pattern,42,-0.3662248499095378,-0.016816367445546883,0.2126848524150456,0.7408771564713282,P15,0,0.0,0.0,1.0,1.0,1.0
F05850,not_tiered,42,-0.8379517785300594,-0.6236955478312793,0.11666302938477002,0.4824557216728916,P28,0,0.0,0.0,0.09523809523809523,0.09523809523809523,
F05851,not_tiered,42,-1.1799799596792298,-0.1147608253359147,0.5495909054215659,1.0244358517028291,P16,0,0.0,0.0,0.0,0.0,
F05852,C_detection_pattern,42,-0.26944607640164864,0.10093953248354463,0.23348988499137485,0.7874415887599453,P12,1,0.0,0.0,1.0,1.0,1.0
F05853,C_detection_pattern,42,0.17154770405085173,0.6136488174718473,0.2994707339828517,0.8831094140246093,P9,0,0.0,0.0,0.5952380952380952,0.5952380952380952,0.5952380952380952
F05854,C_detection_pattern,42,1.3127225054553016,3.1173469410412107,1.1494810045478623,1.3350343910605558,P39,0,0.0,0.0,1.0,1.0,1.0
F05855,not_tiered,42,0.26829735693072054,0.30820491911169395,0.020562105815700837,0.2988347975035438,P8,0,1.0,0.0,0.0,0.0,
F05856,C_detection_pattern,42,-0.7602545911260009,-0.16552855253915374,0.3167425678384056,0.5986312526655138,P10,0,0.0,0.0,1.0,1.0,1.0
F05857,not_tiered,41,1.1456178841596802,1.1456178841596802,0.0,,P1,0,0.0,0.0,1.0,1.0,
F05858,not_tiered,42,0.11557546649816526,0.20462607493816362,0.052102269578708435,0.5023269596696641,P5,0,0.0,0.0,0.0,0.0,
F05859,not_tiered,41,-0.8612581592797142,-0.8612581592797142,0.0,,P2,0,0.0,0.0,0.0,0.0,
F05860,not_tiered,42,-0.5035522430042038,-0.3765095850207077,0.08650517073245578,0.6105322514545333,P41,0,1.0,0.0,0.8333333333333334,0.0,
F05861,C_detection_pattern,42,1.756268176179706,2.019137351266944,0.14550439580665664,0.47516384556916874,P1,0,0.0,0.0,1.0,1.0,1.0
F05862,B_abundance,42,-1.29961620099205,-1.1617864236224547,0.0753377596320084,0.35542913920430486,P23,0,1.0,1.0,0.0,0.0,1.0
F05863,not_tiered,0,,,,,,0,0.0,0.0,0.0,0.0,
F05864,not_tiered,41,-1.002249958287143,-1.002249958287143,0.0,,P2,0,0.0,0.0,0.6190476190476191,0.0,
F05865,not_tiered,42,-0.8956740118537833,-0.7161460541471353,0.10510405091483921,0.4197598646241578,P21,0,0.0,0.0,0.9047619047619048,0.7619047619047619,
F05866,not_tiered,42,-0.20659048600267532,-0.07947557018516668,0.08272530757995553,0.6043636787584803,P41,0,0.0,0.0,0.0,0.0,
F05867,not_tiered,0,,,,,,0,0.0,0.0,0.0,0.0,
F05868,not_tiered,42,0.4497828091410608,0.504350578664226,0.03364807502827177,0.4761696155653306,P22,0,1.0,0.0,0.0,0.0,
F05869,C_detection_pattern,42,-0.1587877674047955,0.17938502613641058,0.20705528908600987,0.6046384131689669,P33,5,0.0,0.0,1.0,1.0,1.0
F05870,not_tiered,42,0.9001246961550311,0.9885567699266901,0.04498962726905087,0.42034569425214574,P21,0,1.0,0.0,0.0,0.0,
F05871,C_detection_pattern,42,0.9026623227133259,1.1409608413849601,0.12240963794281923,0.4792888456615843,P4,0,0.0,0.0,1.0,1.0,1.0
F05872,C_detection_pattern,42,-0.9308957527018045,0.19171244725734837,0.6116235151614824,1.106726925478469,P32,1,0.0,0.0,1.0,1.0,1.0
F05873,C_detection_pattern,42,0.6616879062155598,0.9241281251649383,0.19890695561556748,0.7747988121473797,P13,0,0.0,0.0,1.0,1.0,1.0
F05874,not_tiered,42,0.052849861096246495,0.1483672590763308,0.05381815644454141,0.31936250552120704,P23,0,0.0,0.0,0.0,0.0,
F05875,not_tiered,42,-0.2403418975949856,-0.12458244750935325,0.06756816612910084,0.49646511575140007,P28,0,0.0,0.0,0.0,0.0,
F05876,B_abundance,42,0.9666327896105252,1.1332947492743972,0.09054538001919332,0.3888659452667214,P31,0,1.0,0.8571428571428571,0.0,0.0,0.8571428571428571
F05877,C_detection_pattern,42,-0.06404488433362149,0.12678821400765822,0.11569254557559272,0.6099061725378911,P26,7,0.0,0.0,1.0,1.0,1.0
F05878,not_tiered,41,-0.4888700389068532,-0.4888700389068532,0.0,,P2,0,0.0,0.0,0.0,0.0,
F05879,not_tiered,42,-1.0282091208636728,-0.8303207606450499,0.10532630950336053,0.39959702463689073,P28,0,1.0,0.09523809523809523,0.047619047619047616,0.0,
F05880,C_detection_pattern,42,0.3675200155486038,0.6806172129325534,0.17391105808102547,0.6085364168326192,P1,0,0.0,0.0,1.0,1.0,1.0
F05881,not_tiered,42,0.41876417129272486,0.49533443761542045,0.04560068024313935,0.39425906537924627,P39,0,1.0,0.0,0.0,0.0,
F05882,not_tiered,42,-1.0788251520222623,-0.5705984047999024,0.2569258453782918,0.6016915672092029,P17,0,0.0,0.0,0.09523809523809523,0.09523809523809523,
F05883,B_abundance,42,-1.3835933731590297,-1.2127879114631681,0.09194981848434636,0.4042606464846759,P41,0,1.0,1.0,0.0,0.0,1.0
F05884,not_tiered,42,-0.4843788383914614,-0.3899958357091921,0.05358225962851787,0.4057871780495673,P19,0,1.0,0.0,0.0,0.0,
F05885,C_detection_pattern,41,0.9594906574340758,0.9594906574340758,0.0,,P1,0,0.0,0.0,1.0,1.0,1.0
F05886,not_tiered,42,-0.21622478995761338,-0.14427187740582958,0.046834954239938914,0.48170119026453423,P23,0,0.023809523809523808,0.0,0.0,0.0,
F05887,not_tiered,42,-3.981603524680807,-0.6212615411789031,1.680170991750952,1.796268014224359,P9,0,0.0,0.0,0.09523809523809523,0.09523809523809523,
F05888,not_tiered,42,0.8340893546278799,0.9396425865744669,0.05572403623676858,0.4148414955355029,P23,0,1.0,0.0,0.0,0.0,
F05889,not_tiered,0,,,,,,0,0.0,0.0,0.8333333333333334,0.0,
F05890,C_detection_pattern,42,-0.5847474397282273,0.2993603167472223,0.4420538782377248,0.7757564214421906,P15,1,0.0,0.0,1.0,1.0,1.0
F05891,not_tiered,42,-0.23755089010190902,0.22826107268410467,0.29229976462017077,0.7127830447248511,P16,2,0.0,0.0,0.14285714285714285,0.14285714285714285,
F05892,not_tiered,42,-0.2837634808060462,-0.13639855104236262,0.0741833105179465,0.4341596868007245,P23,0,0.0,0.0,0.0,0.0,
F05893,not_tiered,42,-1.0333745264155958,-0.8817939313460641,0.10640837747057375,0.6050435744331587,P1,0,0.0,0.0,0.0,0.0,
F05894,C_detection_pattern,42,0.5428761802124199,0.8611445765954452,0.1860553656930063,0.7025886050836261,P29,0,0.0,0.0,1.0,1.0,1.0
F05895,not_tiered,42,0.22938873265539717,0.2967058495784124,0.0369107589943401,0.3846143726911961,P23,0,1.0,0.0,0.0,0.0,
F05896,not_tiered,0,,,,,,0,0.0,0.0,0.0,0.0,
F05897,not_tiered,42,-0.5164466337917799,-0.32880699658885526,0.1403312990938717,0.7448154089096991,P25,0,0.023809523809523808,0.0,0.0,0.0,
F05898,not_tiered,42,-0.6250516737884603,-0.2396058324096204,0.202849465884624,0.5907416772916254,P41,0,0.0,0.0,0.0,0.0,
F05899,not_tiered,42,-2.7102475847491636,-2.160334376604372,0.27590085279030063,0.4844065769996796,P26,0,0.0,0.0,0.0,0.0,
F05900,not_tiered,42,-0.3987924387166323,-0.13476059772417487,0.15622734612468409,0.6298909257134976,P36,0,0.0,0.0,1.0,1.0,
F05901,not_tiered,0,,,,,,0,0.0,0.0,0.0,0.0,
F05902,not_tiered,42,0.35872083207476735,0.4355613036457247,0.04105909853310247,0.4142017219676802,P5,0,1.0,0.0,0.0,0.0,
F05903,not_tiered,0,,,,,,0,0.0,0.0,0.0,0.0,
F05904,not_tiered,42,-0.01135612009959676,0.30279902340360954,0.20188721208262145,0.46956448194027556,P23,4,0.0,0.0,0.0,0.0,
F05905,C_detection_pattern,42,-0.1003846514678574,0.22637188336276784,0.19246986414628353,0.5466296541441185,P21,8,0.0,0.0,1.0,1.0,1.0
F05906,not_tiered,42,-0.17295580945810465,0.11753841058184955,0.18979850775741997,0.7210262086093651,P20,2,0.0,0.0,0.0,0.0,
F05907,not_tiered,42,0.04830794418229805,0.10240734712496646,0.032175348105361455,0.4020135545232577,P20,0,0.0,0.0,0.0,0.0,
F05908,not_tiered,42,-0.3168632009527318,-0.2292676178930927,0.054984806431759514,0.45985942184179474,P20,0,0.30952380952380953,0.0,0.0,0.0,
F05909,not_tiered,42,0.25895214852611653,0.43145133958058246,0.09935769138573225,0.5355432236475249,P11,0,0.023809523809523808,0.0,1.0,1.0,
F05910,not_tiered,41,-0.3137376771301952,-0.3137376771301952,0.0,,P2,0,0.0,0.0,0.0,0.0,
F05911,B_abundance,42,-4.0100295638872305,-3.6266539232729587,0.22338114030463707,0.477789255748115,P1,0,1.0,1.0,0.023809523809523808,0.0,1.0
F05912,C_detection_pattern,42,0.31374595630049373,0.6172721284501267,0.2319195959561946,0.8664397727306234,P2,0,0.0,0.0,1.0,1.0,1.0
F05913,C_detection_pattern,42,0.12188883388429161,0.3623558852727454,0.13990829353506662,0.4817569733229149,P28,0,0.0,0.0,1.0,1.0,1.0
F05914,not_tiered,42,0.8714016428510576,0.9772972753856164,0.06101742655656883,0.41529399506637343,P40,0,1.0,0.0,1.0,1.0,
F05915,C_detection_pattern,42,0.5832382320390697,1.2550726757539756,0.5378711689472306,1.047582980149967,P38,0,0.0,0.0,1.0,1.0,1.0
F05916,not_tiered,0,,,,,,0,0.0,0.0,0.8333333333333334,0.0,
F05917,not_tiered,42,-0.30323689430502376,-0.1178423158307212,0.09973325652544639,0.45228896064840424,P31,0,0.0,0.0,1.0,1.0,
F05918,not_tiered,42,0.20103868452417484,0.4519328845310925,0.1364607293013151,0.5611633648723721,P23,0,0.0,0.0,1.0,1.0,
F05919,not_tiered,41,-0.7483723564203739,-0.7483723564203739,0.0,,P2,0,0.0,0.0,0.0,0.0,
F05920,not_tiered,0,,,,,,0,0.0,0.0,0.0,0.0,
F05921,C_detection_pattern,42,-0.44430332784842363,0.7166866396166398,0.5804949837325317,0.9751666292276794,P1,1,0.0,0.0,1.0,1.0,1.0
F05922,not_tiered,0,,,,,,0,0.0,0.0,0.0,0.0,
F05923,not_tiered,42,0.12972193354433342,0.3874562996762955,0.20017229392798758,0.8529411509031514,P6,0,0.0,0.0,0.0,0.0,
F05924,not_tiered,42,-0.5360794689735694,-0.2616631246582253,0.15644105775820788,0.5510626438960292,P33,0,0.0,0.0,0.0,0.0,
F05925,not_tiered,42,1.304803867013724,1.8524575128248304,0.28536705925210426,0.7484534412488276,P22,0,0.0,0.0,0.7142857142857143,0.7142857142857143,
F05926,C_detection_pattern,42,0.11356114639382195,0.4125393542785556,0.18789200156039385,0.6712571242318616,P10,0,0.0,0.0,1.0,1.0,1.0
F05927,not_tiered,42,-1.1809338138809096,-0.7930822993793185,0.2041464607464536,0.5115058077653963,P32,0,0.0,0.0,0.0,0.0,
F05928,C_detection_pattern,42,-0.3136551757895341,0.15688359015059858,0.23984327149347648,0.642691066630151,P1,1,0.0,0.0,1.0,1.0,1.0
F05929,C_detection_pattern,42,0.05630677580360496,0.32833005216412636,0.15041986358124274,0.589144718190662,P39,0,0.0,0.0,1.0,1.0,1.0
F05930,C_detection_pattern,0,,,,,,0,0.0,0.0,1.0,1.0,1.0
F05931,not_tiered,0,,,,,,0,0.0,0.0,0.0,0.0,
F05932,B_abundance,42,-2.9291651193434944,-2.6465638747643254,0.15472387587538305,0.47475900333282844,P41,0,0.2857142857142857,0.2857142857142857,0.0,0.0,0.2857142857142857
F05933,not_tiered,42,0.40462278488932407,0.47530131090921757,0.03852536753643515,0.39788483012370224,P21,0,1.0,0.0,0.0,0.0,
F05934,not_tiered,42,-0.048884014703122015,0.20822963631128813,0.1596702985164941,0.6585728096997661,P42,1,0.0,0.0,0.0,0.0,
F05935,C_detection_pattern,42,0.30894075539726634,0.6170590057759463,0.2238718833720083,0.63105814097226,P2,0,0.0,0.0,1.0,1.0,1.0
F05936,not_tiered,42,0.6936814191839294,0.8289262297699969,0.07206486887102315,0.4253832889370378,P36,0,0.2857142857142857,0.0,1.0,1.0,
F05937,C_detection_pattern,42,-0.35588008906187824,-0.1031277764185683,0.15514453996331815,0.652354560678467,P9,0,0.0,0.0,1.0,1.0,1.0
F05938,C_detection_pattern,0,,,,,,0,0.0,0.0,1.0,1.0,1.0
F05939,not_tiered,42,0.5453429670918375,0.6515244776631581,0.05572385258611301,0.45330771864047875,P23,0,1.0,0.0,0.0,0.0,
F05940,not_tiered,42,-0.5333695872520741,-0.45853649066588775,0.045133066693400226,0.4628498286068649,P19,0,1.0,0.0,0.0,0.0,
F05941,not_tiered,42,0.33639410255994356,0.4053490122710339,0.04508071572570432,0.4480421237617453,P25,0,1.0,0.0,0.0,0.0,
F05942,C_detection_pattern,42,-0.8684750592866877,1.221809475536224,1.0451422674114559,1.4598867322573896,P9,1,0.0,0.0,1.0,1.0,1.0
F05943,not_tiered,42,0.7542880239084172,0.8430097220090963,0.056066555763389814,0.4876023352254116,P14,0,1.0,0.0,0.0,0.0,
F05944,C_detection_pattern,0,,,,,,0,0.0,0.0,1.0,1.0,1.0
F05945,C_detection_pattern,42,-1.1000667069875547,-0.8826799356898531,0.1086933856488509,0.20314975945836986,P1,0,0.0,0.0,1.0,1.0,1.0
F05946,not_tiered,42,-0.8049037007626432,-0.6631423524537445,0.08802280096024906,0.44338359558678386,P2,0,1.0,0.0,0.0,0.0,
F05947,C_detection_pattern,42,-0.5257731315734225,-0.013946647464670388,0.3110858489671243,0.7079596632075845,P34,0,0.0,0.0,1.0,1.0,1.0
F05948,B_abundance,42,1.1698864487798892,1.3710734861549083,0.11621823440912049,0.5006672299745997,P23,0,1.0,1.0,0.0,0.0,1.0
F05949,not_tiered,42,-2.8716440192764514,-1.9102031868919926,0.4921487083224405,0.6747184176570883,P2,0,0.0,0.0,0.0,0.0,
F05950,C_detection_pattern,42,0.05973084176096085,0.5130681427761047,0.23505143401013853,0.7229864770179526,P35,0,0.0,0.0,1.0,1.0,1.0
F05951,C_detection_pattern,42,0.39090208258158554,0.8537171480056562,0.3126739474478245,0.7019039968623045,P28,0,0.0,0.0,1.0,1.0,1.0
F05952,not_tiered,42,0.6802619950443493,0.836450234207225,0.09760612459158591,0.5541099523148377,P23,0,1.0,0.0,0.8333333333333334,0.0,
F05953,not_tiered,42,-6.484009889735923,-0.9645367009260095,2.7597365944049566,2.0135048918654963,P5,0,0.0,0.0,0.0,0.0,
F05954,not_tiered,42,-0.35685230663614814,-0.008776781692425099,0.2264874202187093,0.7799958708301632,P33,0,0.0,0.0,1.0,1.0,
F05955,C_detection_pattern,41,-1.2953571198785472,-1.2953571198785472,0.0,,P2,0,0.0,0.0,1.0,1.0,1.0
F05956,not_tiered,42,-2.997866696681621,0.40418409004333533,1.7010253933624782,1.803409874340329,P1,1,0.0,0.0,0.0,0.0,
F05957,not_tiered,42,0.5908734762680634,1.2791666185777728,0.403047896677013,0.9365452996680916,P15,0,0.0,0.0,0.0,0.0,
F05958,C_detection_pattern,42,-0.03611984387446218,0.26727995798066234,0.1584425975593028,0.6450959784929321,P3,1,0.0,0.0,1.0,1.0,1.0
F05959,not_tiered,42,-0.012784664427356419,0.16964715329714225,0.09332794931139991,0.42880620383218837,P10,2,0.0,0.0,1.0,1.0,
F05960,not_tiered,42,-0.01655402871012614,0.08223009939983715,0.05023842847837015,0.4026717172182705,P39,3,0.0,0.0,1.0,1.0,
F05961,not_tiered,42,-0.3921330452201837,0.8859841019296274,0.881289692740339,1.3149347670378324,P20,3,0.0,0.0,1.0,1.0,
F05962,not_tiered,42,-0.9306871932812172,-0.6954315853889487,0.12254260110794057,0.45506688335709,P17,0,0.0,0.0,0.6428571428571429,0.6428571428571429,
F05963,C_detection_pattern,42,-0.3221009277753442,-0.09819176066048615,0.12554337225547282,0.5315033992289553,P9,0,0.0,0.0,1.0,1.0,1.0
F05964,not_tiered,42,-0.012237082637486286,0.09425881388793492,0.058634715120557616,0.47543217158374024,P21,1,0.0,0.0,0.0,0.0,
F05965,not_tiered,42,-0.1663582622449548,0.054402695285637445,0.17140725006492452,0.8623124878909456,P26,12,0.0,0.0,1.0,1.0,
F05966,C_detection_pattern,42,0.02543265881386514,0.25111494902416176,0.12762231680661518,0.5907253564895522,P27,0,0.0,0.0,1.0,1.0,1.0
F05967,not_tiered,42,-1.3820506928042349,0.5869968415059716,0.9845237671551033,1.4111371650742475,P10,1,0.0,0.0,0.0,0.0,
F05968,C_detection_pattern,41,-4.076527057776673,-4.076527057776673,0.0,,P1,0,0.0,0.0,1.0,1.0,1.0
F05969,not_tiered,42,0.15046156165051539,3.392095316410326,1.9856292420815733,1.5929895720140552,P22,0,0.0,0.0,1.0,0.0,
F05970,not_tiered,42,0.8041704523701211,1.0244936411780508,0.1223079808199965,0.38695618217171235,P18,0,1.0,0.0,0.023809523809523808,0.0,
F05971,not_tiered,42,1.089619065963968,1.2931909223104374,0.11408615648187337,0.41002789182968213,P1,0,1.0,0.30952380952380953,0.0,0.0,
F05972,not_tiered,42,-1.38201396130753,-0.6414392256029645,0.4498706558649611,0.8867278902666754,P24,0,0.0,0.0,0.5714285714285714,0.5714285714285714,
F05973,not_tiered,42,-2.00195090006644,-0.8370591332628671,0.7315042690290415,1.1212671316253997,P8,0,0.0,0.0,0.0,0.0,
F05974,C_detection_pattern,42,0.1855279941942065,0.4776827318687902,0.15105686581726796,0.43146053006800844,P34,0,0.0,0.0,1.0,1.0,1.0
F05975,C_detection_pattern,42,-0.06565793976318209,0.3806438177854237,0.22631485473797658,0.6042492955113565,P9,1,0.0,0.0,1.0,1.0,1.0
F05976,C_detection_pattern,42,-1.4469876987832988,0.08097150771823762,0.9060432709704235,0.7316641694484982,P13,2,0.0,0.0,1.0,1.0,1.0
F05977,not_tiered,42,-0.618702577336192,0.01798553197491127,0.39880626205390673,0.7421445958371035,P26,1,0.0,0.0,1.0,1.0,
F05978,C_detection_pattern,42,0.039338332929043096,0.3040841818557262,0.1711782726908265,0.6417966954998485,P36,0,0.0,0.0,1.0,1.0,1.0
F05979,not_tiered,42,-0.09405417695723445,0.02458175435491536,0.06268936169021966,0.359224847513969,P35,4,0.0,0.0,0.0,0.0,
F05980,C_detection_pattern,42,-0.5780075841909331,-0.054371795409149604,0.28316587592876863,0.6680365928240372,P30,0,0.0,0.0,1.0,1.0,1.0
F05981,C_detection_pattern,42,-0.24173429346820435,0.1033141744828646,0.21745467550560554,0.6578904990559012,P12,8,0.0,0.0,1.0,1.0,1.0
F05982,not_tiered,0,,,,,,0,0.0,0.0,0.023809523809523808,0.0,
F05983,not_tiered,42,-1.0918616597703321,-0.7987154000249433,0.1538773890309435,0.47966439815904627,P2,0,0.0,0.0,0.0,0.0,
F05984,C_detection_pattern,42,-0.8066324409061819,-0.5429892491962749,0.14368317091645666,0.5797511511982474,P17,0,0.0,0.0,1.0,1.0,1.0
F05985,not_tiered,42,-0.6855766696253909,-0.6113105037078324,0.03713308295877926,0.06966875875180989,P1,0,0.0,0.0,0.0,0.0,
F05986,not_tiered,41,0.0426888002422281,0.0426888002422281,0.0,,P1,0,0.0,0.0,0.07142857142857142,0.07142857142857142,
F05987,C_detection_pattern,42,-1.4571606948130142,0.5579667847647904,1.1537902393512354,1.4258729283089728,P20,1,0.0,0.0,1.0,1.0,1.0
F05988,not_tiered,42,-1.7591263424023027,-0.8996802835397452,0.4797586931352391,0.9499933014612513,P39,0,0.0,0.0,0.0,0.0,
F05989,not_tiered,42,-1.5698506255279006,-1.3126533265683111,0.13312884771214106,0.4891670157312137,P38,0,0.0,0.0,0.07142857142857142,0.07142857142857142,
F05990,not_tiered,42,-1.211236124342106,-0.82143976348353,0.2473238491401184,0.7514619566206868,P30,0,0.0,0.0,0.09523809523809523,0.09523809523809523,
F05991,not_tiered,42,0.12407015263054691,0.2774264045682668,0.07722307776592549,0.4526296420334753,P14,0,0.0,0.0,1.0,0.7619047619047619,
F05992,not_tiered,0,,,,,,0,0.0,0.0,0.0,0.0,
F05993,not_tiered,41,-0.9578751048539313,-0.9578751048539313,1.1102230246251565e-16,,P2,0,0.0,0.0,0.0,0.0,
F05994,C_detection_pattern,42,-0.2690415728756238,-0.07104216735720457,0.11357094973557542,0.5488916693354108,P5,0,0.0,0.0,1.0,1.0,1.0
F05995,not_tiered,42,0.7461359853164787,0.9271264061386194,0.13060039164948734,0.5480602577591558,P42,0,1.0,0.0,0.0,0.0,
F05996,C_detection_pattern,42,-0.46697752149608895,0.0012750939163274448,0.2606523786178442,0.6639405691014012,P35,1,0.0,0.0,1.0,1.0,1.0
F05997,not_tiered,42,-5.627966463774145,3.00513918160326,4.316552822688703,2.1099371469466477,P1,1,0.0,0.0,0.0,0.0,
F05998,not_tiered,0,,,,,,0,0.0,0.0,0.0,0.0,
F05999,not_tiered,42,-0.5892267546152322,0.06379949532145972,0.4438867159882343,0.8445797290948953,P22,1,0.0,0.0,0.0,0.0,
F06000,not_tiered,42,-0.2803260023914944,0.039154573839737895,0.1736116830215735,0.62375010325701,P22,1,0.0,0.0,1.0,1.0,
F06001,not_tiered,42,-0.04597705592721415,0.18557760418063465,0.13863105714276464,0.5968317813017884,P16,2,0.0,0.0,1.0,1.0,
F06002,not_tiered,41,-0.395318789666117,-0.395318789666117,0.0,,P2,0,0.0,0.0,0.023809523809523808,0.023809523809523808,
F06003,not_tiered,42,-0.7190158280453277,-0.23776026822291593,0.2637941354084695,0.7289955381195833,P32,0,0.0,0.0,0.0,0.0,
F06004,not_tiered,41,0.11432971264273029,0.11432971264273029,8.326672684688674e-17,,P2,0,0.0,0.0,0.0,0.0,
F06005,not_tiered,42,-0.3013493384258921,-0.22233024236636878,0.041736145122695245,0.3470014644198615,P26,0,0.2857142857142857,0.0,0.0,0.0,
F06006,not_tiered,42,0.0996493704456373,0.27081209003253864,0.0880037865740836,0.5292698071142791,P19,0,0.0,0.0,0.8333333333333334,0.0,
F06007,not_tiered,42,-0.4919682216511346,-0.40455500615799134,0.05638281739023426,0.46793964011758843,P23,0,1.0,0.0,0.0,0.0,
F06008,not_tiered,42,0.14380314522335735,0.24555437172112368,0.054163367770892173,0.44254262034627034,P42,0,0.0,0.0,0.0,0.0,
F06009,not_tiered,42,-0.16736459577585328,-0.11717787394863573,0.03330382998103257,0.43405583236905204,P42,0,0.023809523809523808,0.0,0.0,0.0,
F06010,not_tiered,0,,,,,,0,0.0,0.0,0.0,0.0,
F06011,not_tiered,42,-0.4347743573469212,-0.26956232217851545,0.10510317517999557,0.5813341744317623,P19,0,0.047619047619047616,0.0,0.0,0.0,
F06012,not_tiered,42,-0.4396449685628042,-0.3494193282454564,0.06398990241933178,0.5249530203987164,P23,0,1.0,0.0,0.0,0.0,
F06013,C_detection_pattern,42,-0.060207081770416906,0.18841430506473705,0.1366391237462772,0.47681710283927514,P15,2,0.0,0.0,1.0,1.0,1.0
F06014,C_detection_pattern,0,,,,,,0,0.0,0.0,1.0,1.0,1.0
F06015,not_tiered,42,-0.11007482987826742,-0.0333636432951824,0.048604966651639096,0.4657280545910462,P40,0,0.0,0.0,0.0,0.0,
F06016,not_tiered,42,0.03027922824681726,0.08851211938887155,0.040120578601153145,0.49381436419136765,P22,0,0.0,0.0,0.0,0.0,
F06017,not_tiered,42,-0.07619744976718551,-0.006746378923788651,0.041123464477985344,0.41307939832525137,P42,0,0.0,0.0,0.0,0.0,
F06018,not_tiered,42,0.1330450371745832,0.2326247216587459,0.05643093071935221,0.40883684912861606,P2,0,0.0,0.0,0.0,0.0,
F06019,not_tiered,42,0.6350752143301337,1.238345242539274,0.3938818751604558,0.7273629057922586,P37,0,0.0,0.0,0.6428571428571429,0.6428571428571429,
F06020,not_tiered,42,0.07648219291648838,0.28025617535682706,0.10702174152197055,0.5273641863360986,P25,0,0.0,0.0,1.0,1.0,
F06021,not_tiered,42,-0.31621804133837045,-0.20945918873634425,0.06505803824962622,0.42159120694958757,P23,0,0.0,0.0,0.0,0.0,
F06022,C_detection_pattern,42,-0.8896686650084042,-0.8061048403187847,0.04178191234480977,0.07838025421690341,P1,0,0.0,0.0,1.0,1.0,1.0
F06023,not_tiered,42,0.5419150252301022,0.6460390510606726,0.056281663126442893,0.44555757323839507,P15,0,1.0,0.0,0.0,0.0,
F06024,not_tiered,42,-0.7556200087558708,-0.5844427818548572,0.10136886623862329,0.44636350823923276,P2,0,1.0,0.0,1.0,0.7619047619047619,
F06025,not_tiered,42,0.5465898190848101,0.6118824010616105,0.038455115577418875,0.3620099822499341,P23,0,1.0,0.0,0.0,0.0,
F06026,not_tiered,42,0.3802876933420281,0.4484095682828109,0.045593706672323764,0.4330368368491815,P23,0,1.0,0.0,0.0,0.0,
F06027,not_tiered,42,0.2607428966198896,0.32304672749038493,0.04096454261882371,0.4435869844252895,P19,0,1.0,0.0,0.0,0.0,
F06028,not_tiered,42,0.3179506657853442,0.3975568070487479,0.0490252548766153,0.4393513824836431,P21,0,1.0,0.0,0.0,0.0,
F06029,not_tiered,42,-0.2571557114846836,-0.17938511689539755,0.03933530101872709,0.34087040554435294,P21,0,0.023809523809523808,0.0,0.0,0.0,
F06030,not_tiered,42,0.34366929074944813,0.41066008492884176,0.03937388205445419,0.3825779824776561,P31,0,1.0,0.0,0.0,0.0,
F06031,not_tiered,42,0.0824939757762984,0.1411719004106286,0.0341823227657182,0.4155722368452251,P31,0,0.0,0.0,0.0,0.0,
F06032,not_tiered,42,0.18734858483786548,0.23770145293477596,0.025255540655628822,0.2817370051344338,P4,0,0.8095238095238095,0.0,0.0,0.0,
F06033,not_tiered,42,0.15488222882165636,0.21497797005744912,0.03736938361315853,0.42166910867892815,P31,0,0.30952380952380953,0.0,0.0,0.0,
F06034,not_tiered,42,0.28850590098077167,0.35504451457974073,0.04236425839128144,0.4192883589167101,P23,0,1.0,0.0,0.0,0.0,
F06035,not_tiered,42,0.5123053830213149,0.5875652244833743,0.04201768326093491,0.3802177796036584,P23,0,1.0,0.0,0.0,0.0,
F06036,not_tiered,42,0.21353636157071554,0.26773446932735223,0.03403160594681495,0.3671041940465607,P21,0,1.0,0.0,0.0,0.0,
F06037,not_tiered,42,0.19761809480391587,0.26917805595637473,0.045627506873228835,0.43418900104534947,P40,0,0.6904761904761905,0.0,0.0,0.0,
F06038,not_tiered,42,-0.02076239984423315,0.029641066429399024,0.03033181432598545,0.3829130051339845,P19,8,0.0,0.0,0.0,0.0,
F06039,not_tiered,42,-0.2815097182293151,0.10152740973082738,0.2186838966471523,0.5865579891108884,P38,4,0.0,0.0,0.0,0.0,
F06040,not_tiered,42,-0.109171895535491,-0.03130181531508287,0.04371792037683893,0.4308443231140454,P4,0,0.0,0.0,0.0,0.0,
F06041,not_tiered,42,0.21817813134868602,0.2781481623568278,0.034733536992962166,0.36816473962599955,P2,0,1.0,0.0,0.0,0.0,
F06042,not_tiered,42,0.08626929814785742,0.15273293350145561,0.049712105808570384,0.5844360068243122,P31,0,0.0,0.0,0.0,0.0,
F06043,not_tiered,42,-0.22213581621975625,-0.002380293008492037,0.11258611928373216,0.6426804870170391,P4,0,0.0,0.0,1.0,0.7619047619047619,
F06044,not_tiered,42,0.05673684858223447,0.10827013750276834,0.029511363186466334,0.3361807687816513,P31,0,0.0,0.0,0.0,0.0,
F06045,not_tiered,42,0.4028775804968521,0.45355236943853927,0.026219564461476996,0.29927550471553144,P25,0,1.0,0.0,0.0,0.0,
F06046,not_tiered,42,0.0871663659156498,0.145634563473265,0.0333254261612191,0.3453571664701219,P31,0,0.0,0.0,0.0,0.0,
F06047,not_tiered,42,0.09653429494577126,0.20655197316083665,0.05724074629841286,0.35067302538710127,P6,0,0.0,0.0,0.0,0.0,
F06048,not_tiered,42,0.3403517134674699,0.4354621014684286,0.06438035889791971,0.4394524264468163,P21,0,1.0,0.0,0.0,0.0,
F06049,not_tiered,42,0.29001639328550866,0.36607227004033277,0.04205668198767876,0.4026967206607625,P25,0,1.0,0.0,0.0,0.0,
F06050,not_tiered,42,-0.20314082121148308,-0.12559646648106082,0.05092309384803348,0.4942506369171842,P42,0,0.0,0.0,0.0,0.0,
F06051,not_tiered,42,0.45476576160120963,0.5801410228434025,0.07368370094677901,0.49330259313447716,P21,0,1.0,0.0,0.0,0.0,
F06052,not_tiered,42,0.17939771668533366,0.2331649098209413,0.029700382745268344,0.31914415979685884,P41,0,0.47619047619047616,0.0,0.0,0.0,
F06053,not_tiered,42,0.09906957790086879,0.15443188879414202,0.030765919468204006,0.3279778837340406,P41,0,0.0,0.0,0.0,0.0,
F06054,not_tiered,42,0.24637559402492376,0.2983211349451296,0.02796006841496229,0.3807241921586367,P16,0,1.0,0.0,0.0,0.0,
F06055,not_tiered,42,-0.5773754098663304,-0.494899294028352,0.04728112825956721,0.4114587028854053,P42,0,1.0,0.0,0.0,0.0,
F06056,not_tiered,42,-0.4162486435959447,-0.0754396430636729,0.1833280207743469,0.6077129152932356,P39,0,0.0,0.0,1.0,0.0,
F06057,not_tiered,42,-0.3423477005761912,-0.14700376418973435,0.13084984084099435,0.6291515511060692,P22,0,0.0,0.0,0.0,0.0,
F06058,not_tiered,42,0.18806247851838426,0.2528503001555087,0.04324423211890144,0.4159895114950309,P31,0,0.5238095238095238,0.0,0.0,0.0,
F06059,not_tiered,0,,,,,,0,0.0,0.0,0.0,0.0,
F06060,not_tiered,42,-2.9594514063895043,-2.0752276567205135,0.5274361041864992,1.0410707259222494,P1,0,0.0,0.0,1.0,1.0,
F06061,not_tiered,42,0.18055573236137706,0.25023916557417303,0.043129261127169444,0.4781726546848762,P21,0,0.9761904761904762,0.0,0.0,0.0,
F06062,not_tiered,42,0.308695586675016,0.36926407611847845,0.041071007425035666,0.43574701641307634,P31,0,1.0,0.0,0.0,0.0,
F06063,not_tiered,42,0.32303329941271647,0.3776971847602359,0.031018278955452228,0.33262950337869357,P21,0,1.0,0.0,0.0,0.0,
F06064,not_tiered,42,0.24122929199772614,0.29822481013592894,0.03294436390583955,0.3709878429413367,P31,0,1.0,0.0,0.0,0.0,
F06065,not_tiered,42,0.22862695216417828,0.29361911819581177,0.04188391141757414,0.4406655908373061,P31,0,1.0,0.0,0.0,0.0,
F06066,C_detection_pattern,42,0.7950614659094709,0.94969414249032,0.07743378318966798,0.44386888155580906,P22,0,0.0,0.0,1.0,1.0,1.0
F06067,not_tiered,42,-0.17806750766213483,-0.10101342344715647,0.04048406718120773,0.38573566164592543,P40,0,0.0,0.0,0.0,0.0,
F06068,not_tiered,42,0.1622984500164405,0.2278697985116458,0.03806651395239899,0.43041170032188136,P21,0,0.5714285714285714,0.0,0.0,0.0,
F06069,not_tiered,42,0.24363990755539316,0.35549935446461933,0.08170944565506594,0.562790762524084,P23,0,0.5238095238095238,0.0,0.0,0.0,
F06070,not_tiered,42,0.0970998628549116,0.17086352143510714,0.04486299826990692,0.49689459944634073,P19,0,0.0,0.0,0.0,0.0,
F06071,not_tiered,42,0.012412672650833708,0.06481351336908364,0.031993376791091196,0.38574816715981713,P42,0,0.0,0.0,0.0,0.0,
F06072,not_tiered,42,0.43555055144521787,0.49617651890959447,0.03834394003403535,0.37952718576915057,P39,0,1.0,0.0,0.0,0.0,
F06073,not_tiered,42,0.3943930477639508,0.47288500097802844,0.04390479760453325,0.3727046033934941,P39,0,1.0,0.0,0.0,0.0,
F06074,not_tiered,42,-0.35502898656170245,0.7278477525982421,0.5414383695799723,0.9215653823172442,P1,1,0.0,0.0,0.047619047619047616,0.047619047619047616,
F06075,not_tiered,42,0.389123139665609,0.5039717788315278,0.06032449836995579,0.4138101863765246,P12,0,1.0,0.0,1.0,1.0,
F06076,not_tiered,42,0.34809397385338875,0.4490678968834945,0.050492294793446524,0.4071757983095896,P5,0,0.0,0.0,1.0,1.0,
F06077,not_tiered,42,-0.5477281974081961,-0.36393427242198667,0.11563066625928164,0.4670240525692243,P42,0,0.0,0.0,0.0,0.0,
F06078,not_tiered,42,-1.5190430336523346,-1.0676381982005836,0.2285807745243038,0.5388142192556278,P1,0,0.0,0.0,0.14285714285714285,0.14285714285714285,
F06079,not_tiered,42,0.06423553666667803,0.37913162255916877,0.16381272100400346,0.4368801263881372,P8,0,0.0,0.0,0.0,0.0,
F06080,not_tiered,42,0.12278511980629206,0.2002767028932455,0.05033938998391824,0.548763925312471,P19,0,0.023809523809523808,0.0,0.0,0.0,
F06081,C_detection_pattern,42,-0.5682033384385081,-0.42326297790804696,0.07337465599915804,0.43947824869685936,P8,0,0.0,0.0,1.0,1.0,1.0
F06082,not_tiered,42,0.03353938267005908,0.12573769484051905,0.05183190771183643,0.43576840510516557,P40,0,0.0,0.0,0.0,0.0,
F06083,not_tiered,42,0.40461007004485755,0.463111013250626,0.032930783769936744,0.3713706951103591,P23,0,1.0,0.0,0.0,0.0,
F06084,not_tiered,42,0.2917238072565348,0.36708248770055135,0.04484645831609074,0.42255218632602903,P25,0,1.0,0.0,0.0,0.0,
F06085,not_tiered,42,0.17901128958142837,0.23516592205982512,0.03217741420847764,0.383029050398864,P21,0,1.0,0.0,0.0,0.0,
F06086,not_tiered,42,0.06087240290265926,0.1278313505924278,0.040416368128808736,0.4733650102314129,P31,0,0.0,0.0,0.0,0.0,
F06087,not_tiered,42,-0.7518658757780669,-0.6238640672336848,0.08817470608984401,0.5656195133041798,P4,0,1.0,0.0,0.0,0.0,
F06088,not_tiered,42,0.5126754575733381,0.5801809801482355,0.04392218820674487,0.43017756090953324,P23,0,1.0,0.0,0.0,0.0,
F06089,not_tiered,42,0.15026487492603427,0.20683001981140026,0.037377998650370725,0.4296105926552925,P23,0,0.2857142857142857,0.0,0.0,0.0,
F06090,not_tiered,42,0.3299449255076597,0.41062359518115915,0.04805569927854303,0.39577728383401667,P21,0,1.0,0.0,0.0,0.0,
F06091,not_tiered,42,0.08059174502449933,0.13248713777685872,0.02939344967769847,0.3848805297461863,P31,0,0.0,0.0,0.0,0.0,
F06092,not_tiered,42,0.05805626764325103,0.11348490380446724,0.034163972897748265,0.3719872943268353,P42,0,0.0,0.0,0.0,0.0,
F06093,C_detection_pattern,42,0.367644608024829,0.5554556344335063,0.10241890978540547,0.472830860396336,P32,0,0.0,0.0,1.0,1.0,1.0
F06094,not_tiered,42,0.4234373707665496,0.48549482077317463,0.039321571419943524,0.3970953320194165,P21,0,1.0,0.0,0.0,0.0,
F06095,not_tiered,42,0.0936012255463765,0.14888155533850939,0.0342369147876692,0.41339487186243384,P21,0,0.0,0.0,0.0,0.0,
F06096,not_tiered,42,-0.12497444589493063,-0.053214820229423185,0.04619624693121033,0.5011345676204252,P42,0,0.0,0.0,0.0,0.0,
F06097,not_tiered,42,0.21003407273903302,0.26044250989736295,0.02874540509953019,0.33615668263983817,P4,0,1.0,0.0,0.0,0.0,
F06098,not_tiered,42,-0.1550386664491947,-0.06646020839606688,0.0610844859794441,0.5654537273840813,P31,0,0.0,0.0,0.0,0.0,
F06099,not_tiered,42,0.1239113106158213,0.21037404908756555,0.0464777895840862,0.4260075545584908,P31,0,0.0,0.0,0.0,0.0,
F06100,not_tiered,42,0.4853654374614324,0.6079241856326083,0.06449845868322163,0.3728332288305249,P35,0,1.0,0.0,0.0,0.0,
F06101,not_tiered,42,-1.2750489376407201,-0.9470588179862581,0.20212156329461706,0.647265144331651,P31,0,0.0,0.0,0.0,0.0,
F06102,not_tiered,42,0.4629279850348914,0.5525980060622232,0.0564992027618898,0.46454608003120007,P31,0,1.0,0.0,0.0,0.0,
F06103,C_detection_pattern,42,0.8215922017177518,1.0942540375314926,0.1672342554271754,0.5075901648974949,P39,0,0.0,0.0,1.0,1.0,1.0
F06104,not_tiered,42,-0.43220481096068136,-0.31593675585522113,0.07085787699252805,0.5260412570674944,P35,0,1.0,0.0,0.0,0.0,
F06105,not_tiered,42,0.07341038072070491,0.18498835764367302,0.06209503335820599,0.5319237475959776,P42,0,0.0,0.0,0.0,0.0,
F06106,not_tiered,42,0.23549819606605277,0.2928283887577372,0.03186292565814963,0.30728495205260103,P42,0,1.0,0.0,0.0,0.0,
F06107,not_tiered,42,0.270111215818941,0.3168620832133019,0.02779401456857733,0.3333311425677111,P23,0,1.0,0.0,0.0,0.0,
F06108,not_tiered,42,0.37254499019502346,0.425051583815724,0.031103182461065748,0.3844079818853402,P31,0,1.0,0.0,0.0,0.0,
F06109,not_tiered,42,0.27786579833475966,0.33274148282049554,0.03744229428962936,0.43855926892079616,P23,0,1.0,0.0,0.0,0.0,
F06110,not_tiered,42,-0.4654062078576413,-0.27618468216137015,0.13867612518115835,0.7725997703745878,P37,0,0.0,0.0,0.0,0.0,
F06111,not_tiered,42,0.308397114837546,0.37213137784332295,0.0351102584808749,0.3790364565661863,P21,0,1.0,0.0,0.0,0.0,
F06112,not_tiered,42,0.30889011669895233,0.35194881867783256,0.02272972590861866,0.29889391870092985,P2,0,1.0,0.0,0.0,0.0,
F06113,not_tiered,42,0.1991268768228924,0.3682823687820113,0.10699775134145448,0.5093228818823632,P10,0,0.0,0.0,1.0,1.0,
F06114,not_tiered,42,-0.16905180211325088,-0.07032554180337182,0.059673912418692784,0.49130169812680347,P19,0,0.0,0.0,0.0,0.0,
F06115,C_detection_pattern,42,0.6646262845285492,1.0605727512766168,0.28283820443350394,0.8914169700651909,P16,0,0.0,0.0,1.0,1.0,1.0
F06116,not_tiered,42,-0.5410820805962059,0.25157105034273936,0.498640164187673,1.0418577856372184,P18,1,0.0,0.0,0.0,0.0,
F06117,C_detection_pattern,42,0.37759495929610676,0.9479285458555498,0.3875566189798856,0.9200104928290572,P41,0,0.0,0.0,1.0,1.0,1.0
F06118,not_tiered,41,0.012913168330911162,0.012913168330911162,6.245004513516506e-17,,P2,0,0.0,0.0,0.0,0.0,
F06119,not_tiered,42,-0.23394363803259743,0.3253978489090582,0.3113939617595471,0.6740472556042058,P3,4,0.0,0.0,1.0,1.0,
F06120,not_tiered,42,0.20662864408701634,0.26538479672116744,0.03452902937699326,0.366188867376056,P42,0,1.0,0.0,0.0,0.0,
F06121,not_tiered,42,0.26854419021080617,0.3107397713476248,0.02175372656773411,0.2857038811720893,P31,0,1.0,0.0,0.0,0.0,
F06122,not_tiered,42,0.29617427232264304,0.3627866675889863,0.043932324144347445,0.4546196842714066,P23,0,1.0,0.0,0.0,0.0,
F06123,not_tiered,42,-0.36235266176039793,-0.31191854157447396,0.02606000830942845,0.28880730909107794,P24,0,1.0,0.0,0.0,0.0,
F06124,not_tiered,42,-2.0376998484518416,-1.5800560721478858,0.24661879405267517,0.4210196530026171,P1,0,0.0,0.0,0.0,0.0,
F06125,C_detection_pattern,42,0.09385735783561042,0.5199791359929267,0.3014696162611198,0.9124815813352047,P9,0,0.0,0.0,1.0,1.0,1.0
F06126,not_tiered,42,0.6410823995985493,1.116449533157031,0.24605058063674212,0.6672564529549819,P22,0,0.0,0.0,0.11904761904761904,0.11904761904761904,
F06127,not_tiered,41,-0.3100446718512764,-0.3100446718512764,0.0,,P2,0,0.0,0.0,0.0,0.0,
F06128,not_tiered,42,-1.3969355473435952,-1.1014418687818617,0.2044584005469987,0.5804853477331893,P29,0,0.0,0.0,0.0,0.0,
F06129,not_tiered,42,0.32658712873444123,0.4586529377823112,0.07277032126609484,0.5194263680345066,P14,0,0.0,0.0,1.0,1.0,
F06130,C_detection_pattern,42,0.19454641784221818,0.6648361586664265,0.26926099130157977,0.6885496766607082,P9,0,0.0,0.0,1.0,1.0,1.0
F06131,not_tiered,42,-0.7865521344422562,-0.7011857838829594,0.05208683300454087,0.42001798557558284,P3,0,1.0,0.0,0.0,0.0,
F06132,C_detection_pattern,42,0.24520589865914702,0.46366694198369435,0.11013736011426345,0.4180094514095248,P42,0,0.0,0.0,1.0,1.0,1.0
F06133,not_tiered,42,0.6121131121006353,0.7468793482274757,0.08011292902410894,0.48264293172150036,P39,0,1.0,0.0,0.0,0.0,
F06134,not_tiered,42,0.013278180221101022,0.13143037389353593,0.06963424882635423,0.44583947863208134,P11,0,0.0,0.0,1.0,0.0,
F06135,C_detection_pattern,42,0.3849293342900759,0.8658854603646553,0.26730419087481594,0.7665643776711254,P32,0,0.0,0.0,1.0,1.0,1.0
F06136,not_tiered,42,-0.08929203802777344,0.016892539700106506,0.061191279090702044,0.4331007520370358,P33,4,0.0,0.0,0.0,0.0,
F06137,not_tiered,42,0.16315258179061337,0.3092825106654541,0.0871632579321035,0.5474290613926943,P38,0,0.0,0.0,1.0,1.0,
F06138,not_tiered,42,0.4369529816647101,0.5087402834182532,0.041832981571594596,0.4011907711523798,P11,0,1.0,0.0,0.8333333333333334,0.0,
F06139,C_detection_pattern,42,-0.018736879287216606,0.5369296877223206,0.3734233509836217,0.9191602931661612,P16,1,0.0,0.0,1.0,1.0,1.0
F06140,not_tiered,42,-0.020753894941392632,0.4708181188626112,0.338625740838469,0.8949181257519763,P23,1,0.0,0.0,1.0,1.0,
F06141,C_detection_pattern,41,-0.2714903915703779,-0.2714903915703779,0.0,,P2,0,0.0,0.0,1.0,1.0,1.0
F06142,C_detection_pattern,42,0.27392602520880793,0.5665759807021303,0.1492263535558208,0.5777689963948405,P1,0,0.0,0.0,1.0,1.0,1.0
F06143,C_detection_pattern,42,-0.23032390743174547,0.06417934769156129,0.1616519411513741,0.5205904409442652,P28,3,0.0,0.0,1.0,1.0,1.0
F06144,not_tiered,42,0.14213836606184085,0.40225726108913273,0.20038939676012785,0.7954081609089542,P28,0,0.023809523809523808,0.0,1.0,0.7619047619047619,
F06145,not_tiered,42,0.6664885835662647,0.7891414203815702,0.08351106717011936,0.5955111154997771,P39,0,1.0,0.0,0.6904761904761905,0.0,
F06146,C_detection_pattern,42,-0.793680390917201,0.8415376590198216,0.9500457005995452,1.1034627015869622,P23,2,0.0,0.0,1.0,1.0,1.0
F06147,not_tiered,41,-0.27493533166972384,-0.27493533166972384,5.551115123125783e-17,,P2,0,0.0,0.0,0.0,0.0,
F06148,not_tiered,42,0.4525552823837305,0.6234822007538685,0.11818068712680385,0.7566369306137687,P40,0,1.0,0.0,0.0,0.0,
F06149,not_tiered,42,0.631093262203137,0.6912613714103093,0.0309209431963009,0.37748537115134045,P19,0,1.0,0.0,0.0,0.0,
F06150,C_detection_pattern,41,-2.387895355495223,-2.387895355495223,0.0,,P1,0,0.0,0.0,1.0,1.0,1.0
F06151,not_tiered,0,,,,,,0,0.0,0.0,0.0,0.0,
F06152,C_detection_pattern,42,-0.47616713315622405,1.2853621785152454,1.0287599995707166,1.393598439200798,P1,2,0.0,0.0,1.0,1.0,1.0
F06153,not_tiered,42,-0.504135701151521,-0.3969758706293864,0.07323409405719511,0.507548126254156,P23,0,1.0,0.0,0.0,0.0,
F06154,not_tiered,42,0.16545606929326853,0.2403318139173425,0.038890685196651675,0.3697369536286551,P20,0,0.09523809523809523,0.0,0.0,0.0,
F06155,not_tiered,42,-0.002746859617195124,0.03045794224365178,0.019022493085018383,0.32031205800871504,P36,2,0.0,0.0,0.0,0.0,
F06156,not_tiered,42,-0.08211718305123736,0.051680864336049535,0.07562180362822103,0.42697592475002705,P15,6,0.0,0.0,0.7142857142857143,0.7142857142857143,
F06157,C_detection_pattern,42,0.2438112251070491,0.4170568125483121,0.108236801006659,0.581095154213073,P22,0,0.0,0.0,1.0,1.0,1.0
F06158,C_detection_pattern,42,0.467883064988696,0.7733898783787561,0.20131749526159792,0.7733864866293662,P38,0,0.0,0.0,1.0,1.0,1.0
F06159,not_tiered,42,-0.1227555468080943,-0.000604213644856141,0.06745129417055236,0.421577075716879,P19,0,0.0,0.0,0.0,0.0,
F06160,not_tiered,42,-1.069782493385798,-0.4937517953811632,0.3154150980963101,0.6606440646571903,P6,0,0.0,0.0,0.0,0.0,
F06161,not_tiered,42,-2.356881665572683,-1.860589004247466,0.26069849039485016,0.4063032457693087,P38,0,0.0,0.0,0.0,0.0,
F06162,not_tiered,42,0.4363192456610699,0.6097821536683093,0.1261741434274008,0.6249964118412051,P15,0,1.0,0.0,0.0,0.0,
F06163,not_tiered,42,0.14647959707354682,0.248911625450055,0.06465393631811489,0.5081092525408212,P19,0,0.0,0.0,0.0,0.0,
F06164,not_tiered,42,-0.46996663788112497,-0.02531950982431939,0.27270279695290917,0.6412153983801827,P39,0,0.0,0.0,0.0,0.0,
F06165,not_tiered,42,0.04373546894668076,0.08810340797630459,0.022771094567906686,0.34339338698084954,P36,0,0.0,0.0,0.0,0.0,
F06166,not_tiered,42,0.20728643010053807,0.5112085412703072,0.2513162504309051,0.7055041634033822,P19,0,0.0,0.0,0.0,0.0,
F06167,not_tiered,42,0.011638688104430805,0.4438682621550911,0.24775785492916721,0.7475500536074507,P3,0,0.0,0.0,0.0,0.0,
F06168,not_tiered,0,,,,,,0,0.0,0.0,0.0,0.0,
F06169,not_tiered,42,-1.7546320966421347,-1.3027904788825708,0.2797313565577646,0.7463665426331736,P24,0,0.0,0.0,0.0,0.0,
F06170,C_detection_pattern,0,,,,,,0,0.0,0.0,1.0,1.0,1.0
F06171,C_detection_pattern,0,,,,,,0,0.0,0.0,1.0,1.0,1.0
F06172,not_tiered,42,-1.6217067600608301,-1.0010331082799375,0.31674879387993093,0.8012913229528944,P24,0,0.0,0.0,0.0,0.0,
F06173,not_tiered,42,0.3779759551281103,0.42016850621933066,0.02370728317628762,0.3545039946055111,P37,0,1.0,0.0,0.0,0.0,
F06174,not_tiered,42,0.26439538122816597,0.31698614935715064,0.026858368954945533,0.3865902536933304,P23,0,1.0,0.0,0.0,0.0,
F06175,not_tiered,42,-0.7038760256373626,0.1339308441896486,0.45390936960312145,0.9649869496138135,P15,1,0.0,0.0,0.0,0.0,
F06176,C_detection_pattern,42,-0.4614427577092196,-0.1951480648794348,0.1340177485167332,0.4922520032684892,P38,0,0.0,0.0,1.0,1.0,1.0
F06177,not_tiered,42,0.5599777926847307,1.038681268636246,0.29938566557831114,0.8193418445432549,P14,0,0.0,0.0,0.0,0.0,
F06178,not_tiered,41,-1.280729825425611,-1.280729825425611,0.0,,P2,0,0.0,0.0,0.0,0.0,
F06179,not_tiered,42,-1.47634386931476,-1.1476797708980433,0.1809467882413469,0.46012215302103315,P42,0,1.0,0.0,0.0,0.0,
F06180,not_tiered,0,,,,,,0,0.0,0.0,0.0,0.0,
F06181,not_tiered,0,,,,,,0,0.0,0.0,0.023809523809523808,0.0,
F06182,B_abundance,42,-3.419182499029015,-3.093522989909879,0.2056431593064567,0.4720970246830006,P17,0,1.0,1.0,0.0,0.0,1.0
F06183,not_tiered,42,-0.7484943523889019,-0.6591007878069334,0.04789715044878362,0.36368154777409856,P23,0,1.0,0.0,0.0,0.0,
F06184,not_tiered,42,0.43949348241184133,0.5399043536536008,0.05568737087563819,0.3509886078027096,P19,0,1.0,0.0,0.0,0.0,
F06185,B_abundance,42,1.2980010311549035,1.5543123439679216,0.1310687620326092,0.3596794877624403,P14,0,1.0,0.3333333333333333,0.0,0.0,0.3333333333333333
F06186,not_tiered,42,-0.8961774680683892,-0.7647127538044917,0.07075698534872266,0.43141405779989944,P25,0,1.0,0.0,0.0,0.0,
F06187,not_tiered,42,-0.7218111557651543,-0.4746469343933161,0.12458866520069917,0.3622318047865915,P16,0,0.0,0.0,0.0,0.0,
F06188,not_tiered,42,-0.7119705026999952,-0.5391889667526717,0.09053602934274263,0.3552793825779926,P21,0,0.9285714285714286,0.0,0.0,0.0,
F06189,B_abundance,42,1.5822601245701375,1.9061907621374756,0.22184444917284707,0.6242116449461972,P25,0,1.0,1.0,0.0,0.0,1.0
F06190,not_tiered,41,-2.530177024748271,-2.530177024748271,0.0,,P1,0,0.0,0.0,0.0,0.0,
F06191,B_abundance,42,-1.3569233041903974,-1.206902052207099,0.0863178137542,0.44593124294744185,P21,0,1.0,1.0,0.0,0.0,1.0
F06192,B_abundance,42,-1.0944805391811205,-0.9902854064234687,0.05409816766260622,0.34926159899638887,P22,0,1.0,0.9523809523809523,0.0,0.0,0.9523809523809523
F06193,not_tiered,42,0.8640342326610287,1.0951684942556823,0.11824273423964271,0.3641317086181517,P1,0,1.0,0.21428571428571427,0.0,0.0,
F06194,C_detection_pattern,42,0.5853872172788641,3.481402558071332,1.5110474941747611,1.227910053663203,P17,0,0.0,0.0,1.0,1.0,1.0
F06195,not_tiered,42,-0.7058609492727812,-0.5195441040325744,0.09801269337529284,0.33180778705170966,P18,0,0.16666666666666666,0.0,0.0,0.0,
F06196,not_tiered,42,-0.7322849329655211,-0.5547697013351441,0.09257221275319061,0.3311020883726265,P18,0,0.47619047619047616,0.0,0.0,0.0,
F06197,C_detection_pattern,42,-2.628146097845713,-2.127272567337993,0.26001423604777996,0.5763346897280257,P16,0,0.0,0.0,1.0,1.0,1.0
F06198,B_abundance,42,1.6111207379119508,1.9722316771872856,0.18676373243342415,0.5192262458661737,P15,0,1.0,1.0,0.0,0.0,1.0
F06199,not_tiered,42,-2.2240390228388507,-1.817350748857912,0.25981946788094357,0.6382836154934002,P23,0,0.0,0.0,0.0,0.0,
F06200,not_tiered,42,-2.0228423621144778,-1.1848853829504344,0.5386828535603423,1.0618978959408565,P37,0,0.0,0.0,0.0,0.0,
F06201,B_abundance,42,-2.1608195961020167,-1.9822960932979665,0.10300224990644447,0.40866130541082074,P35,0,1.0,1.0,0.0,0.0,1.0
F06202,C_detection_pattern,42,-2.6490546080632082,-1.8172401102202516,0.5229575828370194,0.7112843070457867,P19,0,0.0,0.0,1.0,1.0,1.0
F06203,C_detection_pattern,42,1.4627745054890533,2.089954602197802,0.3325242895752418,0.7338230689443567,P29,0,0.0,0.0,1.0,1.0,1.0
F06204,not_tiered,42,-0.2010426429293666,-0.14575526603108846,0.03532666837950171,0.41663823398190614,P25,0,0.07142857142857142,0.0,0.0,0.0,
F06205,not_tiered,42,-2.024885620493543,-1.7790499331410417,0.14084094376388712,0.43676041242600155,P16,0,0.0,0.0,0.0,0.0,
F06206,not_tiered,42,0.1301016992919198,0.21511869805343728,0.048355052819038485,0.4867167275066985,P18,0,0.023809523809523808,0.0,0.0,0.0,
F06207,not_tiered,42,0.46725665122114685,0.5325104297508358,0.040574938436748365,0.44696661488577966,P22,0,1.0,0.0,0.0,0.0,
F06208,not_tiered,42,0.1334569935980855,0.2016237640549439,0.03483779278577509,0.3638440711804722,P28,0,0.0,0.0,0.8333333333333334,0.0,
F06209,not_tiered,41,-0.4704276714311373,-0.4704276714311373,0.0,,P2,0,0.0,0.0,0.0,0.0,
F06210,not_tiered,41,-1.3420308986498668,-1.3420308986498668,0.0,,P2,0,0.0,0.0,0.0,0.0,
F06211,not_tiered,0,,,,,,0,0.0,0.0,0.0,0.0,
F06212,C_detection_pattern,42,-0.5333263887982495,-0.2153865492963548,0.18122318184079317,0.5654708792743148,P33,0,0.0,0.0,1.0,1.0,1.0
F06213,B_abundance,42,0.9292903272899384,1.1144177129552353,0.10764216629771672,0.48358195044327207,P25,0,1.0,0.6904761904761905,0.0,0.0,0.6904761904761905
F06214,C_detection_pattern,42,2.014589120404807,6.08824087043791,2.1350457316636517,0.9569808203046284,P2,0,0.0,0.0,1.0,1.0,1.0
F06215,not_tiered,42,0.11983006968019581,0.2074875107813392,0.049268996620354305,0.36653924519238795,P37,0,0.0,0.0,0.0,0.0,
F06216,not_tiered,42,-0.6961551417982158,-0.5616776740952266,0.09065325385274225,0.49306296351378776,P19,0,1.0,0.0,0.0,0.0,
F06217,not_tiered,41,-0.7534997377976769,-0.7534997377976769,0.0,,P1,0,0.0,0.0,0.023809523809523808,0.0,
F06218,not_tiered,41,0.029914372962803526,0.029914372962803526,2.42861286636753e-17,,P1,0,0.0,0.0,0.0,0.0,
F06219,not_tiered,42,-0.0035057764847754025,0.07945184749921241,0.043766714235710415,0.3472784263421479,P6,2,0.0,0.0,1.0,0.0,
F06220,not_tiered,41,-0.062026624587991463,-0.062026624587991463,6.245004513516506e-17,,P2,0,0.0,0.0,0.023809523809523808,0.0,
F06221,C_detection_pattern,42,0.3344220783315925,0.7321261971015881,0.23802140529148802,0.7241097943881692,P6,0,0.0,0.0,1.0,1.0,1.0
F06222,not_tiered,42,0.15874031216655446,0.22540449553194325,0.03497233633282923,0.3898890999574082,P11,0,0.2619047619047619,0.0,0.0,0.0,
F06223,not_tiered,42,-0.5356182310543938,-0.41976642594780117,0.06073258658915215,0.435597297513657,P18,0,1.0,0.0,0.0,0.0,
F06224,not_tiered,0,,,,,,0,0.0,0.0,0.0,0.0,
F06225,not_tiered,42,-0.793783200839962,-0.5720092537175695,0.14894904964798816,0.5632958069976488,P23,0,1.0,0.0,0.0,0.0,
F06226,not_tiered,42,-0.32058696290462674,0.7930243239478929,0.8155812185755702,1.2506234381505321,P16,1,0.0,0.0,0.0,0.0,
F06227,not_tiered,42,0.10409387286035414,0.20535343956364827,0.05386439436867975,0.5352969942919079,P42,0,0.023809523809523808,0.0,0.0,0.0,
F06228,not_tiered,42,0.23523075664135176,0.31593616549030745,0.04316419391075502,0.40127295521556117,P21,0,1.0,0.0,0.0,0.0,
F06229,not_tiered,42,-0.35252380532675986,-0.27915328180605437,0.03797140668889143,0.4237379169029472,P19,0,1.0,0.0,0.0,0.0,
F06230,not_tiered,42,-0.046060949083531325,0.11160025325339294,0.11292902491970765,0.532396472116246,P31,13,0.0,0.0,0.0,0.0,
F06231,not_tiered,42,0.1363148341290634,0.1932489871644864,0.032174671561959606,0.3442191878978754,P40,0,0.0,0.0,0.0,0.0,
F06232,C_detection_pattern,42,-0.971880294057264,-0.0503838159744161,0.642471068607077,1.1289324190943237,P32,0,0.0,0.0,1.0,1.0,1.0
F06233,not_tiered,0,,,,,,0,0.0,0.0,0.0,0.0,
F06234,not_tiered,41,1.9414997022049718,1.9414997022049718,2.220446049250313e-16,,P1,0,0.0,0.0,0.0,0.0,
F06235,not_tiered,42,-0.30408209260107766,-0.2243409093321631,0.052591601964910084,0.505485724301038,P25,0,1.0,0.0,0.0,0.0,
F06236,not_tiered,42,-0.1180412835725501,0.0347528146239441,0.0941028006999503,0.5439282926564054,P30,8,0.0,0.0,1.0,1.0,
F06237,not_tiered,0,,,,,,0,0.0,0.0,0.0,0.0,
F06238,not_tiered,42,-1.2753121118338981,-0.9650629275559386,0.1553234634847256,0.3658344401968117,P42,0,1.0,0.0,0.0,0.0,
F06239,not_tiered,41,-6.835249322592127,-6.835249322592127,0.0,,P1,0,0.0,0.0,0.0,0.0,
F06240,C_detection_pattern,42,0.16194659197205277,0.5358481322180664,0.1911325239141555,0.6125491093553228,P9,0,0.0,0.0,1.0,1.0,1.0
F06241,C_detection_pattern,42,-1.0160868841501403,0.11044765363732514,0.6552025185071056,0.8074323137295952,P34,1,0.0,0.0,1.0,1.0,1.0
F06242,C_detection_pattern,42,0.02740158560681312,0.3068010889810879,0.1785265716744958,0.749322539137506,P31,0,0.0,0.0,1.0,1.0,1.0
F06243,not_tiered,42,-0.36706665629491053,-0.11699783525145702,0.13510520669693749,0.5651118872337834,P39,0,0.0,0.0,0.0,0.0,
F06244,C_detection_pattern,42,-0.09405425661883271,0.02017582497892981,0.06082537772036141,0.45880069259896306,P22,2,0.0,0.0,1.0,1.0,1.0
F06245,not_tiered,42,0.07199978380302637,0.19925157463954354,0.07672276329720694,0.4254213431830408,P25,0,0.0,0.0,0.0,0.0,
F06246,not_tiered,42,-0.01984354696463031,0.05214493895587844,0.03601251261248231,0.3507688336248939,P37,6,0.0,0.0,0.0,0.0,
F06247,not_tiered,42,0.0010630554794411194,0.0750861891009195,0.04184610117112181,0.3526387638663302,P39,0,0.0,0.0,0.0,0.0,
F06248,C_detection_pattern,41,1.3007134694714377,1.3007134694714377,2.220446049250313e-16,,P1,0,0.0,0.0,1.0,1.0,1.0
F06249,not_tiered,41,0.07927965680155502,0.07927965680155502,1.3877787807814457e-17,,P2,0,0.0,0.0,0.047619047619047616,0.047619047619047616,
F06250,not_tiered,42,0.24043851430546934,0.30283782225013656,0.03420082199200408,0.3328614517334164,P39,0,1.0,0.0,0.0,0.0,
F06251,not_tiered,42,-1.0168275059186467,-0.8120740869415929,0.13563338720806095,0.5591459206355596,P19,0,1.0,0.047619047619047616,0.0,0.0,
F06252,not_tiered,42,0.36792031062985975,0.6247590136497351,0.17529220269625778,0.6013720188638818,P41,0,0.0,0.0,0.7142857142857143,0.7142857142857143,
F06253,C_detection_pattern,42,-0.6170991076737907,-0.1040765099019012,0.31193519862504965,0.7849153970086924,P30,0,0.0,0.0,1.0,1.0,1.0
F06254,B_abundance,42,-2.1799631191126316,-1.9424431823489643,0.14187324982256255,0.44187343163975323,P1,0,1.0,1.0,0.0,0.0,1.0
F06255,not_tiered,42,0.05419329216883267,0.10350570233224665,0.02656647261664115,0.3416861242535249,P35,0,0.0,0.0,0.0,0.0,
F06256,not_tiered,42,-0.7739990692613669,-0.6878375718967501,0.04495649204089203,0.37849678064958914,P38,0,1.0,0.0,0.0,0.0,
F06257,not_tiered,41,-0.7445950983798646,-0.7445950983798646,0.0,,P1,0,0.0,0.0,0.0,0.0,
F06258,not_tiered,42,-0.3203661444956558,1.1270355756307548,0.9225637145776211,1.1343667990931825,P20,2,0.0,0.0,0.0,0.0,
F06259,C_detection_pattern,42,-1.483025969410168,-1.2283341288674827,0.13620184147150205,0.4308685183332482,P1,0,0.0,0.0,1.0,1.0,1.0
F06260,not_tiered,42,-0.17142662055498695,-0.028588241492581608,0.0944441146775957,0.5521518870882838,P39,0,0.0,0.0,0.047619047619047616,0.047619047619047616,
F06261,not_tiered,41,1.6200996251362518,1.6200996251362518,0.0,,P2,0,0.0,0.0,0.0,0.0,
F06262,not_tiered,0,,,,,,0,0.0,0.0,0.0,0.0,
F06263,not_tiered,0,,,,,,0,0.0,0.0,0.0,0.0,
F06264,not_tiered,42,-0.3895008810414811,-0.27136232123693205,0.06708209117500774,0.4160846522682561,P19,0,0.14285714285714285,0.0,0.0,0.0,
F06265,not_tiered,42,-0.6899612783379299,-0.4592818054643416,0.12065387538028238,0.4891491891408727,P10,0,0.0,0.0,0.11904761904761904,0.11904761904761904,
F06266,not_tiered,42,-0.5529499134355257,0.44577686599206484,0.6261806032826441,1.0784791876626918,P36,1,0.0,0.0,1.0,1.0,
F06267,not_tiered,42,0.14571117315214943,0.21524634343195936,0.036272745130712075,0.32613698814314385,P31,0,0.0,0.0,0.0,0.0,
F06268,C_detection_pattern,42,0.20667296090528484,0.38372912629697137,0.10293845319682118,0.5048192366063167,P38,0,0.0,0.0,1.0,1.0,1.0
F06269,not_tiered,42,-0.5744937311241028,-0.4810040404193634,0.05662077826390155,0.4091507434000753,P15,0,1.0,0.0,0.0,0.0,
F06270,not_tiered,42,-0.14930871016248506,-0.03475389350182403,0.06040713135722998,0.40575060758353315,P23,0,0.0,0.0,0.0,0.0,
F06271,B_abundance,42,-1.2559127846791336,-1.1369606701178787,0.06700984268156152,0.4130727062817083,P23,0,1.0,1.0,0.0,0.0,1.0
F06272,not_tiered,42,-1.4862047261589788,-1.180570204040901,0.19703299141153785,0.5936234456075354,P37,0,0.0,0.0,1.0,1.0,
F06273,not_tiered,42,0.4017044226080727,0.49922059191361107,0.05275668599012068,0.37437515377115327,P19,0,1.0,0.0,0.0,0.0,
F06274,not_tiered,42,0.2926472093952131,0.3967830187198003,0.0700214299209273,0.5883380156544401,P37,0,1.0,0.0,1.0,0.0,
F06275,C_detection_pattern,42,-0.9026794707611329,-0.4091315993485581,0.2649951303131183,0.7393139876343197,P22,0,0.0,0.0,1.0,1.0,1.0
F06276,not_tiered,42,-1.4378539176678546,-0.867041168500006,0.3643827454160523,0.7045581486272208,P30,0,0.0,0.0,0.0,0.0,
F06277,not_tiered,42,-0.45718899721782824,-0.3308273454490551,0.06326969765861679,0.3494228667428456,P25,0,0.2619047619047619,0.0,0.8333333333333334,0.0,
F06278,not_tiered,41,-0.017957783412237305,-0.017957783412237305,3.469446951953614e-18,,P1,0,0.0,0.0,0.0,0.0,
F06279,not_tiered,42,-0.5478565450355526,-0.2684878070749275,0.17333141093367294,0.6180194280667133,P39,0,0.0,0.0,1.0,1.0,
F06280,not_tiered,42,0.006343119055939105,0.11307553615897611,0.06622849220000529,0.4324497467009635,P25,0,0.0,0.0,0.0,0.0,
F06281,not_tiered,42,0.014963876761236158,0.23204479940857575,0.12135900566836966,0.4564217762588136,P12,0,0.0,0.0,0.7142857142857143,0.7142857142857143,
F06282,C_detection_pattern,42,0.07329690407122236,1.148308565444955,0.5375058306868663,0.9160516074018058,P1,0,0.0,0.0,1.0,1.0,1.0
F06283,C_detection_pattern,42,0.1741571311590099,0.7882321695873159,0.314097067535548,0.573014227031481,P17,0,0.0,0.0,1.0,1.0,1.0
F06284,C_detection_pattern,42,0.21250104358240599,0.4278017633735114,0.1301376185976605,0.5502232223327592,P39,0,0.0,0.0,1.0,1.0,1.0
F06285,C_detection_pattern,42,-0.02855732404041968,0.8382729377166381,0.5989475237785842,0.7114670393960064,P30,1,0.0,0.0,1.0,1.0,1.0
F06286,not_tiered,42,-1.0528129961469832,-0.8969256120603303,0.10214687806126055,0.46795372850570394,P19,0,1.0,0.6190476190476191,0.0,0.0,
F06287,not_tiered,41,7.818846261165837,7.818846261165837,0.0,,P1,0,0.0,0.0,0.0,0.0,
F06288,not_tiered,42,-4.1754140227584315,-1.4612654395945412,1.3570742915819451,1.6586384135630883,P1,0,0.0,0.0,0.0,0.0,
F06289,not_tiered,41,-0.08667335114941288,-0.08667335114941288,8.326672684688674e-17,,P2,0,0.0,0.0,0.0,0.0,
F06290,not_tiered,42,-1.150481450778701,-0.9948645314096216,0.10275280908866247,0.4789735473067553,P19,0,1.0,0.9761904761904762,0.0,0.0,
F06291,not_tiered,42,-0.6454221940346989,-0.34131548952062185,0.1943212298493422,0.6147588150233668,P19,0,0.0,0.0,1.0,1.0,
F06292,not_tiered,42,0.08825421706953528,0.2332142754541419,0.0844434982658977,0.44437774226898363,P18,0,0.0,0.0,0.09523809523809523,0.09523809523809523,
F06293,not_tiered,42,-0.412281649650452,-0.12774302135119148,0.15223531855664652,0.48545998604922425,P35,0,0.0,0.0,0.0,0.0,
F06294,B_abundance,42,-2.058413850974124,-1.8474482381458786,0.13159703289585623,0.4651267808745572,P42,0,1.0,1.0,0.0,0.0,1.0
F06295,not_tiered,42,0.44174407162103435,0.7125218392830427,0.1440752445135548,0.5014042192276001,P9,0,0.0,0.0,0.0,0.0,
F06296,not_tiered,42,-5.390814608477468,-1.2263146852767228,2.218951879053483,1.5014245678701355,P39,0,0.0,0.0,0.0,0.0,
F06297,not_tiered,42,0.43359731208222296,0.48923055690216316,0.03138631056353203,0.3853612789078701,P25,0,1.0,0.0,0.0,0.0,
F06298,C_detection_pattern,42,0.09901659434210847,0.5248944318928557,0.2176051028026718,0.4099428677235378,P11,0,0.0,0.0,1.0,1.0,1.0
F06299,not_tiered,42,0.2530038057934827,0.334956303750065,0.05154683577879671,0.45535348293741584,P36,0,1.0,0.0,0.0,0.0,
F06300,C_detection_pattern,42,-0.8808265216279805,-0.385797741975078,0.2630255082643964,0.5796375640749152,P4,0,0.0,0.0,1.0,1.0,1.0
F06301,not_tiered,42,-0.5754839020127278,2.428999198586782,1.5022415502997548,1.7273494876534774,P22,1,0.0,0.0,0.0,0.0,
F06302,not_tiered,42,-0.24791913508177382,-0.13957018608855354,0.06160058081277156,0.42503964369786945,P39,0,0.0,0.0,0.8333333333333334,0.0,
F06303,not_tiered,42,-0.3015600763327175,-0.21375291650043501,0.04810729747151907,0.3525614628587297,P39,0,0.023809523809523808,0.0,0.0,0.0,
F06304,not_tiered,42,0.4528027300342326,0.5387886610553492,0.05963459999866988,0.5741286254480356,P19,0,1.0,0.0,0.0,0.0,
F06305,not_tiered,42,-0.22258223507690722,-0.10304028899501888,0.08443457719376041,0.5391787865099997,P36,0,0.0,0.0,0.0,0.0,
F06306,not_tiered,42,0.07252154594275925,0.1482519104790354,0.053260123311477905,0.48215145950638566,P36,0,0.0,0.0,0.0,0.0,
F06307,not_tiered,42,0.2716548059217419,0.39027137672580287,0.06025382478142505,0.39898521691343475,P18,0,0.19047619047619047,0.0,0.0,0.0,
F06308,not_tiered,42,0.1395664498990421,0.2217950225494488,0.05607683817195519,0.5593060665597924,P21,0,0.047619047619047616,0.0,0.0,0.0,
F06309,not_tiered,42,0.18317335301336332,0.24638898295833964,0.03247937298290024,0.3168014979733188,P36,0,0.14285714285714285,0.0,0.0,0.0,
F06310,not_tiered,42,0.10377538117049444,0.33666644786290356,0.12406445136892026,0.46288353837115614,P40,0,0.0,0.0,1.0,0.0,
F06311,not_tiered,42,0.2841217678471802,0.3614753244113371,0.05197032467787954,0.4654988451946204,P39,0,1.0,0.0,0.0,0.0,
F06312,not_tiered,42,0.8919379360633304,0.9701152963358769,0.03914857798311866,0.32750590392119344,P35,0,1.0,0.0,0.0,0.0,
F06313,not_tiered,42,0.5374258472386071,0.6131085361254728,0.038045403089460805,0.35401307096606743,P39,0,1.0,0.0,0.0,0.0,
F06314,not_tiered,42,-0.14786175940190363,-0.010078742060008994,0.0768243485187416,0.37562071402035135,P26,0,0.0,0.0,1.0,1.0,
F06315,not_tiered,42,0.5963672601253278,0.7518899619599292,0.07871905823101544,0.38917288489595625,P20,0,1.0,0.0,0.0,0.0,
F06316,not_tiered,42,0.8357075508957114,0.9911845682930407,0.10261080623446328,0.5727637346208883,P23,0,1.0,0.0,0.0,0.0,
F06317,not_tiered,41,-2.4595236809204355,-2.4595236809204355,0.0,,P2,0,0.0,0.0,0.0,0.0,
F06318,not_tiered,42,0.35967432540472344,0.5316527846098977,0.10847971114608812,0.6800908466772863,P40,0,0.2857142857142857,0.0,1.0,1.0,
F06319,C_detection_pattern,42,0.060665818338959454,0.2631817623567457,0.12140103200634589,0.6103332897829107,P42,0,0.0,0.0,1.0,1.0,1.0
F06320,not_tiered,0,,,,,,0,0.0,0.0,0.0,0.0,
F06321,B_abundance,42,-2.6254208057102715,-2.427437474042662,0.10704086187651773,0.4177230116199597,P32,0,1.0,1.0,0.0,0.0,1.0
F06322,not_tiered,42,0.1955322089367173,0.5781693602556341,0.3256129560720592,0.9668198259272591,P23,0,0.0,0.0,1.0,0.0,
F06323,not_tiered,42,0.3131250680760704,0.4413242377233613,0.08297777070414053,0.5155672582929623,P22,0,0.35714285714285715,0.0,0.0,0.0,
F06324,not_tiered,42,0.08834410205621672,0.16118845309802626,0.040770981075763976,0.35365963809927026,P20,0,0.0,0.0,1.0,0.7619047619047619,
F06325,not_tiered,42,-0.21804396394714165,-0.029002875830688904,0.09662345753231424,0.37826452626320384,P16,0,0.0,0.0,0.047619047619047616,0.047619047619047616,
F06326,not_tiered,42,-1.1719112133152905,-0.6449816325027721,0.3039761157143299,0.739657889534868,P16,0,0.0,0.0,1.0,1.0,
F06327,not_tiered,42,-0.40338053957401093,-0.28584994422884474,0.07005374368430173,0.48835505567230814,P17,0,0.0,0.0,0.0,0.0,
F06328,B_abundance,42,-1.7777968778178213,-1.5483959018131108,0.13465201850774844,0.46259384613766513,P23,0,1.0,1.0,0.0,0.0,1.0
F06329,C_detection_pattern,42,0.6378901232557858,0.816501918804458,0.09667453713471974,0.5336120871925,P1,0,0.0,0.0,1.0,1.0,1.0
F06330,not_tiered,42,0.10375455356219494,0.2799026855591779,0.09013522494694985,0.4069491657969103,P30,0,0.0,0.0,0.0,0.0,
F06331,C_detection_pattern,42,0.3597311342062137,0.6583423397067172,0.1517301383985893,0.5007689086489894,P16,0,0.0,0.0,1.0,1.0,1.0
F06332,not_tiered,42,-0.5881490761103148,0.7748433750123584,0.7386739780259397,0.8913572773765371,P25,2,0.0,0.0,0.0,0.0,
F06333,not_tiered,0,,,,,,0,0.0,0.0,0.023809523809523808,0.0,
F06334,not_tiered,42,-0.10022207116345366,0.04719333576028968,0.07690232104362767,0.4344736121617201,P41,6,0.0,0.0,1.0,1.0,
F06335,not_tiered,41,-0.35646735156367626,-0.35646735156367626,5.551115123125783e-17,,P1,0,0.0,0.0,0.0,0.0,
F06336,not_tiered,42,-1.5942614485750255,-1.2640353379686928,0.16511305530316633,0.3068701640752739,P15,0,0.0,0.0,0.0,0.0,
F06337,not_tiered,41,1.0973258907657844,1.0973258907657844,0.0,,P1,0,0.0,0.0,0.0,0.0,
F06338,not_tiered,0,,,,,,0,0.0,0.0,0.0,0.0,
F06339,not_tiered,42,0.2724328029126278,0.44873116643107624,0.11124965612089083,0.5969695489584874,P28,0,0.0,0.0,1.0,1.0,
F06340,not_tiered,41,-11.995559500115531,-11.995559500115531,0.0,,P1,0,0.0,0.0,0.09523809523809523,0.09523809523809523,
F06341,not_tiered,42,-0.6483502520970156,-0.292857160121248,0.2313449373755771,0.769269085954463,P18,0,0.0,0.0,0.5238095238095238,0.5238095238095238,
F06342,not_tiered,42,-0.28677999659085524,-0.21910013927562866,0.04016463937749576,0.40905442833040434,P23,0,1.0,0.0,0.0,0.0,
F06343,not_tiered,42,-0.28021403944242856,-0.17982377870958796,0.054526010700412936,0.4142481688290125,P23,0,0.0,0.0,0.0,0.0,
F06344,not_tiered,42,-0.1566362373207018,-0.10082520745652689,0.03930381997704101,0.5101563168740144,P23,0,0.0,0.0,0.0,0.0,
F06345,not_tiered,0,,,,,,0,0.0,0.0,0.0,0.0,
F06346,not_tiered,42,-1.140486707516052,-0.9625896483625349,0.10161823264352421,0.449800532634611,P31,0,0.0,0.0,0.047619047619047616,0.047619047619047616,
F06347,not_tiered,42,-0.10385116596130306,0.03874046011776284,0.07808891508411545,0.41519783768446894,P22,3,0.0,0.0,1.0,1.0,
F06348,not_tiered,42,-0.011471213477991245,0.02481263851015916,0.02432017421543036,0.414389028786564,P23,21,0.0,0.0,0.0,0.0,
F06349,not_tiered,42,-0.3156592362184355,-0.20764615689383709,0.08338970045236349,0.6762467248437664,P42,0,0.023809523809523808,0.0,0.0,0.0,
F06350,not_tiered,42,0.6036538662260299,0.6643987864640581,0.03138947929232272,0.3713607675330783,P3,0,1.0,0.0,0.0,0.0,
F06351,not_tiered,42,0.29597621528557627,0.35884721947648196,0.03729857331104253,0.34888037894343976,P2,0,1.0,0.0,0.0,0.0,
F06352,not_tiered,41,0.39718246928116585,0.39718246928116585,5.551115123125783e-17,,P1,0,0.0,0.0,0.09523809523809523,0.09523809523809523,
F06353,C_detection_pattern,42,0.4942889752938374,0.6446418684688711,0.0773080241907469,0.3731208774938186,P40,0,0.0,0.0,1.0,1.0,1.0
F06354,B_abundance,42,-1.86753108585063,-1.73672385432468,0.07086184188967093,0.33983826799716826,P31,0,1.0,1.0,0.0,0.0,1.0
F06355,C_detection_pattern,42,-0.8434385310277986,-0.6103891594409891,0.12412736406220948,0.4271121261739802,P35,0,0.0,0.0,0.7142857142857143,0.7142857142857143,0.7142857142857143
F06356,not_tiered,0,,,,,,0,0.0,0.0,0.0,0.0,
F06357,not_tiered,0,,,,,,0,0.0,0.0,0.0,0.0,
F06358,B_abundance,42,-1.7814278764005953,-1.6373065868798524,0.07328913079638655,0.3458144242406061,P31,0,1.0,1.0,0.0,0.0,1.0
F06359,not_tiered,42,-0.7087973087389452,-0.5725789866464247,0.08579735985370518,0.46680658450387796,P42,0,1.0,0.0,0.0,0.0,
F06360,B_abundance,42,-1.4282352656426136,-1.2347716991019786,0.10175269276246213,0.40349053170241583,P42,0,1.0,1.0,0.0,0.0,1.0
F06361,B_abundance,42,-1.5363702556413106,-1.3935856320907045,0.07470932164924893,0.3525784373402835,P31,0,1.0,1.0,0.0,0.0,1.0
F06362,B_abundance,42,-1.62575681986553,-1.468156505332776,0.08798779629648035,0.40286242291381363,P31,0,1.0,1.0,0.0,0.0,1.0
F06363,not_tiered,42,-0.45094869272544047,-0.317940888458084,0.07338164121470842,0.4027144299700073,P29,0,0.30952380952380953,0.0,0.0,0.0,
F06364,C_detection_pattern,42,-0.448271202091746,0.11579088476305101,0.33354503423083787,0.6425272923843567,P25,5,0.0,0.0,1.0,1.0,1.0
F06365,not_tiered,42,-1.1851455794991492,-0.351887521394263,0.4550395435766019,0.8642046553230524,P9,0,0.0,0.0,0.0,0.0,
F06366,not_tiered,42,-0.9688738242061852,-0.7010591673926237,0.16369524458193474,0.5366245456964026,P8,0,1.0,0.0,0.0,0.0,
F06367,not_tiered,42,-0.648298175716365,-0.43639467830425954,0.12650258631926015,0.4430916122813535,P30,0,0.023809523809523808,0.0,0.0,0.0,
F06368,not_tiered,42,-0.03496969275662672,0.2896127827044975,0.16388326264165964,0.3718946538140973,P35,3,0.0,0.0,0.0,0.0,
F06369,not_tiered,42,0.4921205877029009,0.7689812812861924,0.16226091730843561,0.47081640073628805,P32,0,0.0,0.0,0.0,0.0,
F06370,not_tiered,42,0.8091535211079488,1.0184609656212056,0.11063770001827022,0.44345442087415143,P21,0,1.0,0.0,0.0,0.0,
F06371,B_abundance,42,-1.6218330729031956,-1.48773317859136,0.08949824484751145,0.6002367776395758,P1,0,1.0,1.0,0.0,0.0,1.0
F06372,C_detection_pattern,42,-0.20821190516339647,0.1426454821023199,0.20976452728442296,0.5925197638176489,P30,6,0.0,0.0,1.0,1.0,1.0
F06373,not_tiered,42,0.4067691997727239,0.5585666322349021,0.09404750382104937,0.4932430867815666,P39,0,1.0,0.0,1.0,0.0,
F06374,not_tiered,42,0.25711687674254297,0.3978175996607008,0.0869963584030588,0.4929159202322035,P22,0,0.023809523809523808,0.0,0.0,0.0,
F06375,B_abundance,42,-1.8591322954472804,-1.6886647043937826,0.09595914233465597,0.3989302370667862,P25,0,1.0,1.0,0.0,0.0,1.0
F06376,B_abundance,42,-1.4449069188054426,-1.2856960429595192,0.08293813599585453,0.36367705371147446,P31,0,1.0,1.0,0.0,0.0,1.0
F06377,C_detection_pattern,42,1.3897853671105993,3.7675255664387968,1.3400053126959988,0.9142771436714034,P30,0,0.0,0.0,1.0,1.0,1.0
F06378,C_detection_pattern,42,0.1444404446915627,0.6965006250628961,0.2937114610482937,0.5678346679948395,P23,0,0.0,0.0,0.5952380952380952,0.5952380952380952,0.5952380952380952
F06379,B_abundance,42,-1.339138139505666,-1.1890406558590567,0.08126582811951821,0.3961167696670776,P31,0,1.0,1.0,0.0,0.0,1.0
F06380,not_tiered,42,-0.8128599106088674,-0.6020549599663637,0.10625222303197557,0.40435982238817236,P25,0,1.0,0.0,0.0,0.0,
F06381,B_abundance,42,-1.0958525902660203,-0.983524361501831,0.06452600923770158,0.3710140253621434,P31,0,1.0,0.9761904761904762,0.0,0.0,0.9761904761904762
F06382,B_abundance,42,2.36543784478519,2.516503389359469,0.0911082733677171,0.5488210081433559,P1,0,1.0,1.0,0.0,0.0,1.0
F06383,not_tiered,0,,,,,,0,0.0,0.0,0.023809523809523808,0.0,
F06384,not_tiered,42,0.6886936254403161,0.7729670726975244,0.0457004547037676,0.31504100264473456,P2,0,1.0,0.0,0.0,0.0,
F06385,not_tiered,0,,,,,,0,0.0,0.0,0.0,0.0,
F06386,not_tiered,42,-0.36909755009536505,-0.22268771284880773,0.10904056690796055,0.680677073362057,P23,0,0.047619047619047616,0.0,1.0,0.0,
F06387,not_tiered,42,-0.6811623788828053,-0.534093128410256,0.09886346336345742,0.5625174412755394,P42,0,0.2857142857142857,0.0,0.0,0.0,
F06388,C_detection_pattern,42,-0.9661310145239348,-0.32587103504910875,0.36323725339416024,0.7996668457311292,P6,0,0.0,0.0,1.0,1.0,1.0
F06389,not_tiered,42,0.268600226592632,0.34201687949023296,0.04746942031835244,0.5039214061517017,P19,0,1.0,0.0,0.0,0.0,
F06390,not_tiered,42,0.3867218375468459,0.4718210239281363,0.043994697636617064,0.41177450020655915,P42,0,1.0,0.0,0.0,0.0,
F06391,C_detection_pattern,42,-0.9656693073074316,-0.18746982852856764,0.43142109849707444,0.8629123650780607,P9,0,0.0,0.0,1.0,1.0,1.0
F06392,not_tiered,42,0.3077529090244692,0.3738741089474411,0.0396224228512691,0.4268408652735739,P19,0,1.0,0.0,0.0,0.0,
F06393,not_tiered,42,0.5179819335355702,0.5821246349904967,0.035900019318853005,0.40041557481060497,P21,0,1.0,0.0,0.0,0.0,
F06394,not_tiered,42,0.3789009473038116,0.48009692097560736,0.06218865884895808,0.572689995062986,P42,0,1.0,0.0,0.0,0.0,
F06395,not_tiered,42,0.48532089670793777,0.5489492918267818,0.03240313842481257,0.4020111138154297,P2,0,1.0,0.0,0.0,0.0,
F06396,not_tiered,42,0.18895587986586415,0.3248349509094471,0.07047023725293866,0.4376763522341137,P22,0,0.0,0.0,0.0,0.0,
F06397,not_tiered,42,0.11809426782094444,0.23283957468120273,0.06483512609784914,0.4628700230232013,P22,0,0.0,0.0,1.0,1.0,
F06398,not_tiered,42,0.1713643521580312,0.2356902843440222,0.03291372224500441,0.3446176056352452,P42,0,0.16666666666666666,0.0,0.0,0.0,
F06399,not_tiered,41,-0.013395580260224804,-0.013395580260224804,3.469446951953614e-18,,P1,0,0.0,0.0,0.0,0.0,
F06400,B_abundance,42,0.9643552391608755,1.1783531897372173,0.1259283816036969,0.46024748949691524,P25,0,1.0,0.8095238095238095,0.0,0.0,0.8095238095238095
F06401,not_tiered,42,0.43074975204591626,0.4821258527059363,0.027009249178276795,0.344277088698239,P22,0,1.0,0.0,0.0,0.0,
F06402,C_detection_pattern,42,-2.7568507215598963,-1.039381684156739,0.974430819869085,1.2476955051589234,P24,0,0.0,0.0,1.0,1.0,1.0
F06403,not_tiered,42,-0.19830635282151565,0.21000762780157967,0.25951204157243135,0.611799519126268,P12,1,0.0,0.0,0.0,0.0,
F06404,not_tiered,42,-1.179128152851917,0.08170976227527796,0.7918848122331317,1.0669969125637802,P16,1,0.0,0.0,0.11904761904761904,0.11904761904761904,
F06405,C_detection_pattern,42,0.6466253007889332,1.1139660671032188,0.2400166859795687,0.5862690247946574,P34,0,0.0,0.0,1.0,1.0,1.0
F06406,not_tiered,42,0.26942831934320055,0.3382403325172768,0.04056253668491244,0.46261941450283844,P23,0,1.0,0.0,0.0,0.0,
F06407,not_tiered,42,-0.7259859951533418,-0.3918288943645045,0.17364837065416017,0.568674935199516,P13,0,0.0,0.0,0.0,0.0,
F06408,not_tiered,42,0.37423959662896755,0.46168096439527784,0.050308918721436446,0.4160078545604178,P37,0,1.0,0.0,0.0,0.0,
F06409,not_tiered,42,0.40555113461667847,0.783437196471739,0.20137385158769738,0.5463145669562853,P32,0,0.0,0.0,0.0,0.0,
F06410,not_tiered,42,-3.1443721253241774,-2.1371820079801287,0.6164677855727385,1.0399962425298008,P21,0,0.0,0.0,0.11904761904761904,0.11904761904761904,
F06411,not_tiered,42,-2.463348710398869,-1.7576016687959568,0.44602897819388776,0.7183906983749542,P39,0,0.0,0.0,0.5952380952380952,0.5952380952380952,
F06412,C_detection_pattern,42,-1.8305678730568717,-1.4631577748742381,0.1918796064808217,0.4715364962008846,P16,0,0.0,0.0,1.0,1.0,1.0
F06413,not_tiered,42,-3.9136248855464637,-2.818922513880407,0.6617853031804719,1.0340008482017937,P1,0,0.0,0.0,1.0,1.0,
F06414,not_tiered,0,,,,,,0,0.0,0.0,0.0,0.0,
F06415,not_tiered,0,,,,,,0,0.0,0.0,1.0,0.0,
F06416,not_tiered,42,0.7439793490019059,0.8619952685718744,0.06605776793642193,0.46984079750362906,P20,0,1.0,0.0,0.8333333333333334,0.0,
F06417,not_tiered,42,-0.7051740912071193,-0.5769519253551837,0.06989024430190183,0.4590990613892731,P25,0,0.0,0.0,0.0,0.0,
F06418,not_tiered,0,,,,,,0,0.0,0.0,1.0,0.0,
F06419,not_tiered,42,-2.415531426181728,-0.5211392962789976,1.234281052368236,1.4914943618437273,P3,0,0.0,0.0,0.0,0.0,
F06420,not_tiered,42,0.22811281172564482,0.31530168159065364,0.04527757659673054,0.36389688787374347,P19,0,0.21428571428571427,0.0,0.0,0.0,
F06421,not_tiered,0,,,,,,0,0.0,0.0,0.0,0.0,
F06422,not_tiered,41,2.7396000703924095,2.7396000703924095,4.440892098500626e-16,,P1,0,0.0,0.0,1.0,0.7619047619047619,
F06423,not_tiered,0,,,,,,0,0.0,0.0,0.0,0.0,
F06424,not_tiered,0,,,,,,0,0.0,0.0,0.0,0.0,
F06425,not_tiered,0,,,,,,0,0.0,0.0,0.8571428571428571,0.8571428571428571,
F06426,not_tiered,42,-2.5091310323784817,-1.9085175355959858,0.3283309189263899,0.5755645858662871,P23,0,0.0,0.0,0.0,0.0,
F06427,not_tiered,42,-0.46547795951490517,-0.3721857817851199,0.05882612397730508,0.4995959474609529,P23,0,1.0,0.0,0.0,0.0,
F06428,B_abundance,42,-3.5187519059066448,-3.2856862951083063,0.13977226566118217,0.49223632805321116,P1,0,1.0,1.0,0.0,0.0,1.0
F06429,not_tiered,42,-0.03652924192506659,0.057579591917746135,0.05386839777086844,0.4548603218134553,P21,18,0.0,0.0,0.0,0.0,
F06430,not_tiered,42,0.18797957235593232,0.32076669461155777,0.07710494431082077,0.5487046211257444,P16,0,0.0,0.0,1.0,1.0,
F06431,not_tiered,41,0.6110344968269654,0.6110344968269654,0.0,,P1,0,0.0,0.0,0.0,0.0,
F06432,not_tiered,42,0.16421920967609846,0.648576491794964,0.2589065798967084,0.6825439296350941,P33,0,0.0,0.0,0.0,0.0,
F06433,not_tiered,42,-0.27948566236460576,-0.18093949569593873,0.05553883444098395,0.45630505639363006,P18,0,0.047619047619047616,0.0,0.0,0.0,
F06434,not_tiered,42,-0.7136269178516867,-0.621248689964997,0.05192339641142052,0.414963028483211,P11,0,1.0,0.0,0.0,0.0,
F06435,not_tiered,42,-1.132829153397379,-1.0448973262234924,0.04936573332589833,0.32697415921952144,P1,0,1.0,1.0,0.0,0.0,
F06436,not_tiered,42,-0.21024383266059132,-0.0452860833624486,0.08457911540903279,0.45040428550626543,P21,0,0.0,0.0,1.0,0.0,
F06437,C_detection_pattern,42,-0.14129301530131125,0.18157015578268954,0.16862291339163116,0.5379464326185894,P32,4,0.0,0.0,1.0,1.0,1.0
F06438,not_tiered,42,-0.10473594075579484,-0.020136251650195953,0.048662009548243144,0.38308977824762996,P28,0,0.0,0.0,0.0,0.0,
F06439,not_tiered,42,-1.617467712805991,-1.0178626713736847,0.4023503254738219,1.003271817980603,P13,0,0.0,0.0,0.0,0.0,
F06440,not_tiered,42,-3.9298057146043788,-3.312358966512542,0.3755036453778988,0.8045091981991076,P31,0,0.0,0.0,0.0,0.0,
F06441,C_detection_pattern,41,1.2155163839548901,1.2155163839548901,2.220446049250313e-16,,P1,0,0.0,0.0,1.0,1.0,1.0
F06442,not_tiered,42,-1.9937622584820345,-1.6016456302074964,0.19645264954809605,0.5836640176341455,P28,0,0.0,0.0,0.0,0.0,
F06443,C_detection_pattern,42,0.24289606135369482,0.9766931045670036,0.4828521914748175,0.8560691439812679,P41,0,0.0,0.0,1.0,1.0,1.0
F06444,not_tiered,0,,,,,,0,0.0,0.0,0.0,0.0,
F06445,not_tiered,42,0.4704762366126268,0.5845173797267769,0.06284116814124424,0.4036072733846834,P17,0,0.0,0.0,0.07142857142857142,0.07142857142857142,
F06446,not_tiered,0,,,,,,0,0.0,0.0,0.023809523809523808,0.0,
F06447,B_abundance,42,-1.7429114572834516,-1.597434604851652,0.08555554598302773,0.46287045767858215,P1,0,1.0,1.0,0.0,0.0,1.0
F06448,not_tiered,42,0.6340782436525709,0.7350802940399804,0.056399447370979905,0.5052000387056848,P23,0,1.0,0.0,0.0,0.0,
F06449,C_detection_pattern,42,0.12351367676523047,0.2891454860957734,0.08730792836833955,0.5142928314720954,P41,0,0.0,0.0,1.0,1.0,1.0
F06450,not_tiered,42,0.12242143193036968,0.29497307999221717,0.09860812099788727,0.5469574128014933,P39,0,0.0,0.0,1.0,1.0,
F06451,not_tiered,41,-2.547876677574884,-2.547876677574884,0.0,,P1,0,0.0,0.0,0.0,0.0,
F06452,not_tiered,42,0.059006824688476955,0.1751778726310277,0.05826472597715414,0.36858757296623595,P20,0,0.0,0.0,0.023809523809523808,0.0,
F06453,not_tiered,42,-0.6243467799659624,-0.47733416390122485,0.07776056175564794,0.4088808344423196,P10,0,0.0,0.0,0.0,0.0,
F06454,C_detection_pattern,42,0.4873669115169548,0.7878027489046574,0.16826218023836942,0.6103147540518855,P15,0,0.0,0.0,1.0,1.0,1.0
F06455,not_tiered,0,,,,,,0,0.0,0.0,0.0,0.0,
F06456,not_tiered,42,-1.789937351584164,-1.1341868639190076,0.3298839745234976,0.7936698712244327,P38,0,0.0,0.0,0.0,0.0,
F06457,C_detection_pattern,0,,,,,,0,0.0,0.0,1.0,1.0,1.0
F06458,not_tiered,0,,,,,,0,0.0,0.0,0.0,0.0,
F06459,not_tiered,42,-1.8157764323540564,-1.035470625283604,0.46819800364565145,0.9623695026331793,P17,0,0.0,0.0,0.0,0.0,
F06460,C_detection_pattern,42,0.6045575479171776,0.7288724955817047,0.07280603658511786,0.4932719245344917,P36,0,0.0,0.0,1.0,1.0,1.0
F06461,C_detection_pattern,42,-1.7289519436367424,-1.1214828982704925,0.37510491394739764,0.78917989937035,P39,0,0.0,0.0,1.0,1.0,1.0
F06462,C_detection_pattern,42,-0.8178214248677049,-0.46330055660558894,0.1875270589057511,0.5009150741835889,P17,0,0.0,0.0,1.0,1.0,1.0
F06463,not_tiered,42,-0.11607366842146892,0.15523980545518976,0.19526850523797307,0.649519786116675,P40,6,0.0,0.0,1.0,1.0,
F06464,not_tiered,0,,,,,,0,0.0,0.0,0.0,0.0,
F06465,not_tiered,41,-0.26838856785914267,-0.26838856785914267,5.551115123125783e-17,,P2,0,0.0,0.0,0.0,0.0,
F06466,not_tiered,42,-0.8459121207964108,-0.5947237100006905,0.165685118093022,0.6419533150589177,P23,0,1.0,0.0,0.023809523809523808,0.0,
F06467,not_tiered,41,-1.2112236948381607,-1.2112236948381607,0.0,,P2,0,0.0,0.0,0.0,0.0,
F06468,C_detection_pattern,41,-1.3872209833360305,-1.3872209833360305,0.0,,P2,0,0.0,0.0,1.0,1.0,1.0
F06469,C_detection_pattern,42,-1.4323034494024791,1.4120806429485497,1.8634978760734977,1.1513302453148306,P37,1,0.0,0.0,1.0,1.0,1.0
F06470,not_tiered,42,-0.9431519781364739,-0.8410627082472125,0.06148829372605069,0.45247982687722693,P2,0,1.0,0.0,0.0,0.0,
F06471,B_abundance,42,-1.858935424247228,-1.5865414048925213,0.16596063498104963,0.5162955737501719,P21,0,1.0,1.0,0.0,0.0,1.0
F06472,not_tiered,42,-0.9103732003073014,-0.6658187434618209,0.13175207173831227,0.5313881681990856,P2,0,1.0,0.0,0.0,0.0,
F06473,not_tiered,41,-0.016472001323192487,-0.016472001323192487,8.673617379884035e-17,,P2,0,0.0,0.0,0.0,0.0,
F06474,not_tiered,0,,,,,,0,0.0,0.0,0.0,0.0,
F06475,not_tiered,41,-1.3618477996355978,-1.3618477996355978,0.0,,P2,0,0.0,0.0,0.0,0.0,
F06476,not_tiered,41,0.12858784535676726,0.12858784535676726,5.551115123125783e-17,,P2,0,0.0,0.0,0.0,0.0,
F06477,not_tiered,0,,,,,,0,0.0,0.0,0.0,0.0,
F06478,C_detection_pattern,42,-1.0517526357999651,-0.3517478533741884,0.35903137298070864,0.6816173955385767,P22,0,0.0,0.0,1.0,1.0,1.0
F06479,not_tiered,42,-0.6345495152548378,-0.5172290034495788,0.07720057060476015,0.5920750497063234,P41,0,1.0,0.0,0.0,0.0,
F06480,not_tiered,42,-0.8545383666428688,-0.6885802360441071,0.1303776428406852,0.6277099961256187,P31,0,1.0,0.0,0.0,0.0,
F06481,not_tiered,42,-0.3279756072796393,-0.27094443191470985,0.03324318817641991,0.3589457292576035,P6,0,1.0,0.0,0.8333333333333334,0.0,
F06482,not_tiered,42,0.09996705626785146,0.1612133632745802,0.036803204250085986,0.4989691384562711,P31,0,0.023809523809523808,0.0,0.0,0.0,
F06483,not_tiered,42,-0.6750624202036578,0.6112249743978845,0.6511025484635641,1.0633494296286803,P20,1,0.0,0.0,0.047619047619047616,0.047619047619047616,
F06484,not_tiered,42,-0.12850702403010278,-0.029845710821315256,0.05186741901985325,0.37997861999612104,P34,0,0.0,0.0,1.0,1.0,
F06485,not_tiered,0,,,,,,0,0.0,0.0,0.047619047619047616,0.0,
F06486,not_tiered,42,-1.071988448748229,0.6940943092140133,0.9188518415916033,1.2763829393980475,P2,1,0.0,0.0,0.0,0.0,
F06487,not_tiered,42,-1.15587577347038,-0.9156356749508289,0.12618051438147282,0.35832750933810015,P36,0,1.0,0.0,0.0,0.0,
F06488,C_detection_pattern,42,0.2375220938279261,1.0311740869838057,0.514847064398065,0.8497560307007137,P13,0,0.0,0.0,1.0,1.0,1.0
F06489,C_detection_pattern,42,-1.4017060970031825,-0.697678484398758,0.48974269537539294,0.8366520647734222,P16,0,0.0,0.0,1.0,1.0,1.0
F06490,C_detection_pattern,42,0.12258579064654947,0.6547320942767141,0.3237169392171744,0.707610757580049,P25,0,0.0,0.0,1.0,1.0,1.0
F06491,not_tiered,0,,,,,,0,0.0,0.0,0.0,0.0,
F06492,C_detection_pattern,42,-0.045566780968332665,0.7713076204117186,0.40843720069002565,0.7234631128810078,P17,1,0.0,0.0,1.0,1.0,1.0
F06493,C_detection_pattern,42,-0.9837345855324138,0.1829612854320284,0.6564273786236289,0.9804764499018379,P22,2,0.0,0.0,1.0,1.0,1.0
F06494,B_abundance,42,1.611682228306463,1.9646232918969664,0.22035261091334002,0.7320621928118763,P13,0,1.0,1.0,0.0,0.0,1.0
F06495,not_tiered,0,,,,,,0,0.0,0.0,0.0,0.0,
F06496,not_tiered,42,0.22196167933175043,0.46121938612874286,0.12778936450742578,0.3883122245178112,P23,0,0.0,0.0,1.0,1.0,
F06497,C_detection_pattern,42,-2.3745673722627383,-1.7312978908352576,0.3548633545455915,0.6663970240088006,P10,0,0.0,0.0,1.0,1.0,1.0
F06498,not_tiered,42,-4.622635065618035,1.727039062734658,3.174837064176347,2.05173726911186,P27,1,0.0,0.0,1.0,1.0,
F06499,C_detection_pattern,42,-1.0655910812161735,-0.5038349682259702,0.3065470110093841,0.7036790569507717,P39,0,0.0,0.0,1.0,1.0,1.0
F06500,not_tiered,0,,,,,,0,0.0,0.0,0.0,0.0,
F06501,not_tiered,0,,,,,,0,0.0,0.0,0.0,0.0,
F06502,not_tiered,0,,,,,,0,0.0,0.0,0.0,0.0,
F06503,not_tiered,42,-0.7012673351360142,-0.35851816375349516,0.21094517223893727,0.6072672628540177,P36,0,0.0,0.0,0.0,0.0,
F06504,not_tiered,42,0.00699770873506245,0.1481410141773189,0.1082462574456369,0.684322064682383,P42,0,0.0,0.0,0.0,0.0,
F06505,not_tiered,42,0.8166016148637253,0.9406549478158686,0.06290946451469204,0.3878317163586503,P37,0,1.0,0.0,0.0,0.0,
F06506,not_tiered,42,-0.07641826317195306,0.08229921991443348,0.08565960960545028,0.3978752208826834,P2,11,0.0,0.0,0.09523809523809523,0.09523809523809523,
F06507,not_tiered,42,-0.24649606512558941,0.02457201958873012,0.16738567443978822,0.6766935794874301,P39,1,0.0,0.0,0.0,0.0,
F06508,not_tiered,42,-1.545730876657403,-1.272062505200995,0.17481253165658295,0.6502631576953563,P15,0,0.0,0.0,0.0,0.0,
F06509,not_tiered,0,,,,,,0,0.0,0.0,0.0,0.0,
F06510,not_tiered,42,-0.16167835077724696,-0.08992987427410029,0.04270609043126876,0.4746121390910784,P37,0,0.0,0.0,0.0,0.0,
F06511,not_tiered,42,-0.44397969892155087,-0.3425609905851894,0.05528929542808775,0.36899271623417973,P14,0,1.0,0.0,1.0,0.0,
F06512,not_tiered,42,-1.3098754267394412,-1.1282927614961105,0.11403471693648304,0.46325748472057277,P19,0,1.0,1.0,0.0,0.0,
F06513,B_abundance,42,-1.4049834518201598,-1.2334102419639612,0.1047711818033803,0.4325451539492394,P19,0,1.0,1.0,0.0,0.0,1.0
F06514,not_tiered,42,0.05592979104974118,0.19343884499947772,0.10131022746269672,0.6988590982543991,P42,0,0.0,0.0,0.0,0.0,
F06515,C_detection_pattern,42,0.0009780663435066117,1.562709570071318,0.9867908169202866,1.4001576730179657,P9,0,0.0,0.0,1.0,1.0,1.0
F06516,C_detection_pattern,42,-0.08255287848574433,0.2651069551573535,0.173829916821549,0.3227262041302553,P1,1,0.0,0.0,0.5952380952380952,0.5952380952380952,0.5952380952380952
F06517,not_tiered,42,-0.16398941858772043,-0.01463847257454194,0.08131436452497676,0.40708382479984245,P2,0,0.0,0.0,0.0,0.0,
F06518,not_tiered,42,0.15906248030998332,0.4197999021373677,0.15323194755263347,0.5945113823693483,P39,0,0.0,0.0,1.0,1.0,
F06519,not_tiered,42,0.3429388383474813,0.3985083726801323,0.02819395942020081,0.29937991693971133,P25,0,1.0,0.0,0.0,0.0,
F06520,not_tiered,42,-3.644726229655167,-2.5767441188673255,0.6141845038805567,0.7501378563637957,P1,0,0.0,0.0,0.0,0.0,
F06521,not_tiered,42,-0.6897443200845496,-0.5668470674781924,0.07657353770140185,0.42746124387832174,P19,0,1.0,0.0,0.0,0.0,
F06522,C_detection_pattern,42,-2.3622931077516274,1.6840137099123265,2.023153408831977,1.8941245997622667,P5,1,0.0,0.0,1.0,1.0,1.0
F06523,C_detection_pattern,42,0.195150587108313,0.626335807228132,0.2607597317418809,0.7060852576411024,P32,0,0.0,0.0,1.0,1.0,1.0
F06524,not_tiered,0,,,,,,0,0.0,0.0,0.0,0.0,
F06525,B_abundance,42,-3.5547547058899687,-3.219154733610581,0.17393926741868881,0.36956238519530005,P19,0,1.0,1.0,0.0,0.0,1.0
F06526,C_detection_pattern,42,0.030047123517925378,0.3954601429213259,0.23465187873887422,0.7270129574302436,P4,0,0.0,0.0,1.0,1.0,1.0
F06527,not_tiered,0,,,,,,0,0.0,0.0,1.0,0.0,
F06528,not_tiered,42,-0.41861115340906985,-0.2304583363024094,0.15264399282443714,0.7026183819458459,P22,0,0.0,0.0,0.0,0.0,
F06529,not_tiered,42,0.43699147761751866,0.5094828142849864,0.046487442663175615,0.4188334898847637,P23,0,1.0,0.0,0.0,0.0,
F06530,not_tiered,42,-0.2029232552522377,-0.020749555069718754,0.14016948961990083,0.8373564052828876,P19,0,0.0,0.0,0.0,0.0,
F06531,not_tiered,42,-2.7150670393222716,-1.66568666454232,0.611995351721333,0.8561345129032026,P39,0,0.0,0.0,0.0,0.0,
F06532,not_tiered,42,-1.8871550182881698,-0.5383490486313885,0.7635084282909531,0.952075007347109,P38,0,0.0,0.0,0.0,0.0,
F06533,not_tiered,42,-1.9216317054134573,-1.724841552565223,0.10693610894932015,0.3795711685254916,P10,0,0.0,0.0,0.0,0.0,
F06534,not_tiered,42,-0.8998123254138246,0.6565758649682358,0.7781940951910303,1.2144442896121097,P17,1,0.0,0.0,0.0,0.0,
F06535,not_tiered,42,-0.012179405586440003,0.1354839548373809,0.0769572842275779,0.4808912040647446,P14,2,0.0,0.0,0.0,0.0,
F06536,not_tiered,42,0.14448211836658242,0.26769626380981454,0.06901213527906669,0.3845473650610307,P35,0,0.0,0.0,1.0,0.0,
F06537,C_detection_pattern,0,,,,,,0,0.0,0.0,1.0,1.0,1.0
F06538,C_detection_pattern,41,-1.8621829568824442,-1.8621829568824442,2.220446049250313e-16,,P1,0,0.0,0.0,1.0,1.0,1.0
F06539,not_tiered,42,-0.38067858334318033,-0.23067571823375188,0.07650259301411666,0.37706093083997777,P22,0,0.0,0.0,0.0,0.0,
F06540,not_tiered,42,0.7711453951646655,0.9215282280213347,0.07874117978597128,0.3705540958210002,P31,0,1.0,0.0,0.0,0.0,
F06541,not_tiered,42,-0.9781715684735254,-0.7504189673213991,0.13134216518173114,0.4364606782707621,P36,0,0.0,0.0,0.0,0.0,
F06542,not_tiered,0,,,,,,0,0.0,0.0,0.0,0.0,
F06543,C_detection_pattern,41,-0.050657566057537906,-0.050657566057537906,6.938893903907228e-18,,P2,0,0.0,0.0,1.0,1.0,1.0
F06544,C_detection_pattern,42,0.10080551021056636,0.38171945906540267,0.14539900196863217,0.5310976859094578,P35,0,0.0,0.0,1.0,1.0,1.0
F06545,C_detection_pattern,42,-1.2936203694871473,-0.24044992819878677,0.6112640756056569,0.9016461355948286,P17,0,0.0,0.0,1.0,1.0,1.0
F06546,not_tiered,42,0.5482753998074841,0.7550730588437939,0.11168115797768385,0.418095434218285,P40,0,0.0,0.0,1.0,1.0,
F06547,not_tiered,42,-0.571582084753107,0.7545278772136452,0.6630549809833761,1.081533897905583,P30,1,0.0,0.0,0.07142857142857142,0.07142857142857142,
F06548,C_detection_pattern,42,-0.31273837398582727,-0.03787544223311921,0.1416187619646828,0.6404390160570058,P42,0,0.0,0.0,1.0,1.0,1.0
F06549,not_tiered,42,0.135725507056461,0.2977983796155623,0.0835333188319202,0.2559345382141365,P17,0,0.0,0.0,1.0,1.0,
F06550,not_tiered,41,-1.4352727238302077,-1.4352727238302077,0.0,,P1,0,0.0,0.0,0.0,0.0,
F06551,not_tiered,41,-1.5855620737758613,-1.5855620737758613,2.220446049250313e-16,,P1,0,0.0,0.0,0.0,0.0,
F06552,not_tiered,42,0.047615496832011196,1.583569415173163,0.8131176223575916,1.1316133495304457,P39,0,0.0,0.0,1.0,1.0,
F06553,not_tiered,42,-3.912859307153032,1.2904108384176372,2.6016350727853346,1.9947244063580925,P5,1,0.0,0.0,0.0,0.0,
F06554,not_tiered,42,-0.545987557100379,-0.45309603109620294,0.062469063291399285,0.49108721626610147,P19,0,1.0,0.0,0.0,0.0,
F06555,C_detection_pattern,42,-1.2354188192513125,-0.416570633302062,0.5775076109856724,0.9054945238890251,P38,0,0.0,0.0,1.0,1.0,1.0
F06556,not_tiered,0,,,,,,0,0.0,0.0,0.0,0.0,
F06557,C_detection_pattern,42,-0.1148241259155404,0.9404667638475441,0.6613847329717457,1.1650425529379853,P1,1,0.0,0.0,1.0,1.0,1.0
F06558,not_tiered,42,-0.9467013874415078,-0.7939338796639087,0.10851146241061804,0.5700112039876223,P42,0,1.0,0.0,1.0,0.0,
F06559,not_tiered,42,-0.2686519080422719,-0.1134423581678558,0.08956851578691191,0.43613037699253854,P1,0,0.0,0.0,0.0,0.0,
F06560,C_detection_pattern,41,2.1420921312107346,2.1420921312107346,0.0,,P1,0,0.0,0.0,1.0,1.0,1.0
F06561,not_tiered,42,0.2729095893104905,0.4021736681577492,0.07476999827970382,0.4927817379449816,P17,0,0.0,0.0,0.07142857142857142,0.07142857142857142,
F06562,C_detection_pattern,42,-0.532978560760764,-0.4931932919788995,0.01989263439093225,0.037335913629343465,P1,0,0.0,0.0,1.0,1.0,1.0
F06563,C_detection_pattern,42,-0.45082721677261023,-0.12460872085133143,0.20655529291490485,0.6430765192048553,P14,0,0.0,0.0,1.0,1.0,1.0
F06564,C_detection_pattern,42,-0.8038811638293124,0.7771913631515144,0.9429533810205355,1.3650801780679669,P17,1,0.0,0.0,1.0,1.0,1.0
F06565,C_detection_pattern,42,0.03602380602311417,1.679041334513946,0.9796179591074667,1.3817170986430163,P26,0,0.0,0.0,1.0,1.0,1.0
F06566,C_detection_pattern,41,-0.5770807420572037,-0.5770807420572037,0.0,,P1,0,0.0,0.0,1.0,1.0,1.0
F06567,not_tiered,42,-0.12011483725643567,0.11680256246016306,0.14754306900342157,0.5368468681625838,P31,11,0.0,0.0,0.0,0.0,
F06568,C_detection_pattern,42,-0.9502143155328274,-0.7588421824461797,0.10157993207407223,0.5003749937859004,P36,0,0.0,0.0,1.0,1.0,1.0
F06569,not_tiered,42,-2.3893571641572606,-1.1136203439245103,0.7361832532029007,1.2309358254979565,P19,0,0.0,0.0,0.0,0.0,
F06570,C_detection_pattern,42,0.12370100686145287,0.7713214551062172,0.37434215356436534,0.8516444747850178,P17,0,0.0,0.0,1.0,1.0,1.0
F06571,not_tiered,41,-0.9202971680546312,-0.9202971680546312,0.0,,P2,0,0.0,0.0,0.023809523809523808,0.0,
F06572,not_tiered,42,0.042042990132892165,0.349331689064301,0.19870736060187472,0.60834844828515,P28,0,0.0,0.0,0.8333333333333334,0.0,
F06573,not_tiered,41,0.011226941366851761,0.011226941366851761,6.071532165918825e-17,,P2,0,0.0,0.0,0.0,0.0,
F06574,not_tiered,0,,,,,,0,0.0,0.0,0.0,0.0,
F06575,B_abundance,42,1.9024169334983818,2.0104119050914524,0.059034526461483106,0.4276613460294017,P1,0,1.0,1.0,0.0,0.0,1.0
F06576,not_tiered,41,0.1754206805053773,0.1754206805053773,0.0,,P1,0,0.0,0.0,0.0,0.0,
F06577,not_tiered,42,0.2527982725556822,0.35753020152251586,0.06106929177371373,0.37428206882414455,P16,0,0.047619047619047616,0.0,0.023809523809523808,0.0,
F06578,not_tiered,42,-0.7741974404419067,-0.6791310480168615,0.05180258343777677,0.3602944788477816,P21,0,1.0,0.0,0.0,0.0,
F06579,not_tiered,0,,,,,,0,0.0,0.0,0.0,0.0,
F06580,not_tiered,42,-1.2736080253068907,-0.9954912282690588,0.14017954801846222,0.43112023232706176,P22,0,1.0,0.0,0.0,0.0,
F06581,not_tiered,42,0.5802058080242145,0.6865332269959707,0.05708083088499394,0.4321888934838871,P41,0,1.0,0.0,1.0,0.0,
F06582,not_tiered,0,,,,,,0,0.0,0.0,0.0,0.0,
F06583,C_detection_pattern,42,-0.0881019301191205,0.2277481860100496,0.1765620033775559,0.6676203585437088,P39,3,0.0,0.0,1.0,1.0,1.0
F06584,not_tiered,42,-1.4269579219462691,-0.8227406576029697,0.3520433121836848,0.8747509146577774,P7,0,0.0,0.0,0.0,0.0,
F06585,not_tiered,42,-1.4677599221327116,-0.5055700697944114,0.5078073602738689,0.6552756366289603,P37,0,0.0,0.0,0.11904761904761904,0.11904761904761904,
F06586,C_detection_pattern,42,-0.45169540566687794,-0.08475801434993555,0.21837354133851486,0.6279012679260015,P42,0,0.0,0.0,1.0,1.0,1.0
F06587,C_detection_pattern,42,1.195425585159711,4.461564700837339,1.6330695578388146,1.7794595090692744,P33,0,0.0,0.0,1.0,1.0,1.0
F06588,not_tiered,41,0.6388570788730306,0.6388570788730306,0.0,,P2,0,0.0,0.0,0.0,0.0,
F06589,not_tiered,42,-2.5103750119167145,-1.7117001571548824,0.4700669579587262,0.8093565401446532,P36,0,0.0,0.0,0.0,0.0,
F06590,not_tiered,42,0.6347565209002919,0.7923161489957494,0.08031457813785547,0.45561818634353096,P39,0,1.0,0.0,1.0,1.0,
F06591,B_abundance,42,1.5115822432509436,1.6374535931198884,0.06512974745439348,0.36677696600813964,P42,0,1.0,1.0,0.0,0.0,1.0
F06592,C_detection_pattern,42,0.016763028928652446,1.8071213476587502,0.895179159365049,1.3320988502747364,P32,0,0.0,0.0,1.0,1.0,1.0
F06593,C_detection_pattern,42,0.5310692455311359,0.8587473737210668,0.18169142626697687,0.5184439107206306,P35,0,0.0,0.0,1.0,1.0,1.0
F06594,not_tiered,0,,,,,,0,0.0,0.0,0.0,0.0,
F06595,not_tiered,42,-0.7613895296176221,-0.5314687049442263,0.15735739174261432,0.4678450390285433,P19,0,0.023809523809523808,0.0,0.0,0.0,
F06596,not_tiered,42,-0.335884031084893,-0.22327040190461206,0.06789095483186885,0.510637034358892,P19,0,0.23809523809523808,0.0,0.0,0.0,
F06597,not_tiered,42,-6.612288119869979,-2.3501755403245568,2.6260926379151837,1.3146868097851945,P2,0,0.0,0.0,0.6428571428571429,0.6428571428571429,
F06598,not_tiered,42,-0.4079023006682864,-0.2117765793857443,0.11566858355377913,0.637568441500129,P19,0,0.023809523809523808,0.0,0.0,0.0,
F06599,not_tiered,42,-1.2659661487499982,-1.1265343209661287,0.07034753089228052,0.3000357724520865,P19,0,1.0,1.0,0.0,0.0,
F06600,not_tiered,42,-0.47403958023992965,-0.2798978834604366,0.11296036939291099,0.5082464873445238,P8,0,0.023809523809523808,0.0,0.0,0.0,
F06601,not_tiered,42,0.06604107035235984,0.12976480120708445,0.03273109721684114,0.32561370354038843,P41,0,0.0,0.0,1.0,0.0,
F06602,not_tiered,42,-0.04333940204573672,0.6496166463071678,0.34647802417645224,0.6233676522877536,P26,1,0.0,0.0,0.0,0.0,
F06603,not_tiered,42,-0.39046795667099576,-0.04474498746063602,0.19498499115069248,0.45899667514363085,P15,0,0.0,0.0,0.0,0.0,
F06604,C_detection_pattern,42,-0.5785876921123545,0.029244832172329892,0.3120193537145487,0.7707199773373149,P9,1,0.0,0.0,1.0,1.0,1.0
F06605,not_tiered,41,-0.3273385948752008,-0.3273385948752008,0.0,,P2,0,0.0,0.0,0.0,0.0,
F06606,not_tiered,42,-0.49394227316976835,-0.4206432650414864,0.03931165362760841,0.31890288025936886,P41,0,1.0,0.0,0.0,0.0,
F06607,C_detection_pattern,42,-1.059227934847685,-0.44692645296264777,0.4529718160879588,1.0042636686315562,P36,0,0.0,0.0,1.0,1.0,1.0
F06608,C_detection_pattern,42,-0.10778007229160226,0.13444610063453233,0.12528897511252296,0.4901652037947923,P41,6,0.0,0.0,1.0,1.0,1.0
F06609,not_tiered,42,-0.35201086738616155,-0.2460964110473333,0.06044336549169027,0.4031204393404987,P4,0,0.09523809523809523,0.0,1.0,0.0,
F06610,not_tiered,42,-0.19789887698587338,-0.0766574684511888,0.0642902886606951,0.47269547883578644,P12,0,0.0,0.0,0.0,0.0,
F06611,C_detection_pattern,41,-0.6230182396831712,-0.6230182396831712,0.0,,P2,0,0.0,0.0,1.0,1.0,1.0
F06612,not_tiered,42,-0.7645605148819596,-0.5475061333603471,0.1506899441959022,0.6666571108732057,P42,0,1.0,0.0,0.0,0.0,
F06613,C_detection_pattern,42,0.3035790348870501,0.585381916491511,0.19870964481289177,0.8144546037244479,P42,0,0.0,0.0,1.0,1.0,1.0
F06614,not_tiered,42,0.06502698808419857,0.22747254173089665,0.11679567663624155,0.6902367077097789,P2,0,0.0,0.0,0.0,0.0,
F06615,not_tiered,41,0.12177989891156393,0.12177989891156393,2.7755575615628914e-17,,P2,0,0.0,0.0,0.0,0.0,
F06616,not_tiered,0,,,,,,0,0.0,0.0,0.0,0.0,
F06617,not_tiered,42,-0.12619885771210107,0.049102358544842274,0.09078449819870188,0.5140520255025265,P39,3,0.0,0.0,1.0,1.0,
F06618,not_tiered,42,-0.45809945567019333,-0.14598569280148357,0.23000947471103653,0.8236477810153379,P31,0,0.0,0.0,1.0,1.0,
F06619,not_tiered,42,-0.22795668512424672,-0.1304283284482936,0.0519169088162868,0.46730872562659076,P22,0,0.0,0.0,0.8333333333333334,0.0,
F06620,not_tiered,42,0.9586926510350704,2.3786779233071966,0.7354049843610098,1.1774762317686422,P1,0,0.0,0.0,1.0,1.0,
F06621,not_tiered,42,0.028366439260935142,0.1437389225958115,0.08549826497926076,0.6468840416107857,P18,0,0.0,0.0,0.0,0.0,
F06622,not_tiered,42,-0.3992013021421153,-0.2975284756926,0.06020530306970023,0.4580086528714897,P21,0,1.0,0.0,0.8333333333333334,0.0,
F06623,not_tiered,42,-0.2212072978038503,-0.14634536967746486,0.04785540567923843,0.4787896924733409,P19,0,0.023809523809523808,0.0,0.0,0.0,
F06624,not_tiered,42,0.3901148538243712,0.5265659758730734,0.06880516174920759,0.3640951988619801,P30,0,0.7857142857142857,0.0,0.8333333333333334,0.0,
F06625,not_tiered,42,0.006627385249345643,0.11145376753833053,0.059640695636005964,0.5591588847221979,P25,0,0.0,0.0,0.0,0.0,
F06626,C_detection_pattern,42,0.27975561182464415,0.56921182257442,0.17399050845032266,0.6039482970045864,P26,0,0.0,0.0,1.0,1.0,1.0
F06627,not_tiered,42,-1.0848975906845393,4.800991885203838,2.942944737944189,2.0321061657066553,P1,1,0.0,0.0,0.023809523809523808,0.0,
F06628,C_detection_pattern,42,0.4838322194707452,1.3084191882908236,0.5482564109074909,1.0741290513432553,P1,0,0.0,0.0,1.0,1.0,1.0
F06629,not_tiered,42,0.37606652272089586,0.5216101068904502,0.0747984028450579,0.5084911479697697,P21,0,1.0,0.0,0.0,0.0,
F06630,C_detection_pattern,42,0.3432066845545784,0.8654815646140795,0.2685068063389368,0.6821846719551167,P10,0,0.0,0.0,1.0,1.0,1.0
F06631,C_detection_pattern,42,0.3763062521127261,1.228345433449887,0.55636200018168,0.89072485876155,P22,0,0.0,0.0,1.0,1.0,1.0
F06632,C_detection_pattern,42,0.822876735864484,1.429725869855225,0.40477051853511803,1.0053826865625581,P1,0,0.0,0.0,1.0,1.0,1.0
F06633,not_tiered,0,,,,,,0,0.0,0.0,0.0,0.0,
F06634,not_tiered,42,0.3481860861770742,0.9038406011597306,0.30808693522203184,0.8011038730579672,P34,0,0.0,0.0,0.11904761904761904,0.11904761904761904,
F06635,not_tiered,42,-1.1143058133744699,-0.8760027209165965,0.1251862382563953,0.5286638958543953,P16,0,0.0,0.0,0.0,0.0,
F06636,not_tiered,0,,,,,,0,0.0,0.0,0.0,0.0,
F06637,not_tiered,0,,,,,,0,0.0,0.0,0.0,0.0,
F06638,C_detection_pattern,42,-0.26594069602515624,0.07515571042263218,0.17173166980677337,0.651520139294613,P39,1,0.0,0.0,1.0,1.0,1.0
F06639,not_tiered,41,-0.9429776637727745,-0.9429776637727745,1.1102230246251565e-16,,P1,0,0.0,0.0,0.0,0.0,
F06640,C_detection_pattern,42,1.5532777476450468,1.9162443021846751,0.20209737161450092,0.5925478790305599,P41,0,0.0,0.0,1.0,1.0,1.0
F06641,C_detection_pattern,42,0.6722818402822907,0.9556696534906087,0.18249952162104477,0.7384235710614138,P35,0,0.0,0.0,1.0,1.0,1.0
F06642,not_tiered,0,,,,,,0,0.0,0.0,0.0,0.0,
F06643,not_tiered,42,-2.6006054673003085,-1.1111984996934854,1.0233823934979849,1.034777626910285,P38,0,0.0,0.0,0.0,0.0,
F06644,not_tiered,42,0.34936489409831356,0.411213559486808,0.03542041592489242,0.35891963178658326,P4,0,1.0,0.0,0.0,0.0,
F06645,not_tiered,0,,,,,,0,0.0,0.0,0.0,0.0,
F06646,C_detection_pattern,42,-4.137720090868293,-1.8714920367061267,1.174450047351232,1.1958151362173146,P1,0,0.0,0.0,1.0,1.0,1.0
F06647,not_tiered,41,-2.120029303100033,-2.120029303100033,0.0,,P1,0,0.0,0.0,0.8333333333333334,0.0,
F06648,B_abundance,42,0.8691272518514828,1.164036039043705,0.16426037611670163,0.5223255340604506,P40,0,1.0,0.8333333333333334,0.0,0.0,0.8333333333333334
F06649,not_tiered,42,-0.38843072784654514,-0.1575546177911828,0.1325836514583169,0.518481297225817,P23,0,0.0,0.0,0.047619047619047616,0.047619047619047616,
F06650,not_tiered,42,-2.704271087386351,0.28565680532626736,1.4949639463563091,1.7241952962794704,P1,1,0.0,0.0,1.0,1.0,
F06651,not_tiered,42,0.1805224226449919,0.25314036587168065,0.04273715097719144,0.516025461332022,P22,0,1.0,0.0,0.0,0.0,
F06652,not_tiered,42,-1.4810691569763097,-1.0621080350555487,0.22505656222141912,0.5931693607900193,P1,0,0.0,0.0,0.0,0.0,
F06653,not_tiered,42,-2.858779005500157,-2.2002176224247436,0.35657281221687187,0.5623376233107882,P42,0,0.0,0.0,0.07142857142857142,0.07142857142857142,
F06654,not_tiered,42,-0.0337305352341275,1.4180136677356607,0.7258721014848941,1.1562298028821614,P1,1,0.0,0.0,0.0,0.0,
F06655,C_detection_pattern,42,-0.35198539513183325,-0.19669991280718843,0.09391497391175976,0.5065787132725412,P28,0,0.0,0.0,1.0,1.0,1.0
F06656,not_tiered,42,0.22097247613467583,0.2938556628800241,0.03962531811940284,0.37192233801364827,P21,0,0.8333333333333334,0.0,0.0,0.0,
F06657,not_tiered,42,0.2818164366533391,0.36127599127181476,0.040995637163691534,0.3963854708162221,P21,0,1.0,0.0,0.0,0.0,
F06658,not_tiered,0,,,,,,0,0.0,0.0,0.0,0.0,
F06659,not_tiered,42,-0.5032424256996052,-0.38404193272054354,0.061744517505676,0.4706098046655595,P4,0,1.0,0.0,0.8333333333333334,0.0,
F06660,not_tiered,42,-0.993405481618306,-0.6669070750116708,0.19551970544449226,0.5049590407555306,P31,0,0.35714285714285715,0.0,0.0,0.0,
F06661,not_tiered,0,,,,,,0,0.0,0.0,0.0,0.0,
F06662,C_detection_pattern,42,-2.2081211531855742,-1.7152612507263048,0.33839073289664756,0.8074331192525112,P23,0,0.0,0.0,1.0,1.0,1.0
F06663,not_tiered,42,0.612802984809101,0.6778915574940125,0.03690385546622543,0.36732012364944905,P39,0,1.0,0.0,0.0,0.0,
F06664,not_tiered,42,-0.2407129488411396,-0.09083406769038233,0.08471859161628736,0.5139242357421879,P40,0,0.0,0.0,0.0,0.0,
F06665,C_detection_pattern,41,-0.6532447631124434,-0.6532447631124434,0.0,,P2,0,0.0,0.0,1.0,1.0,1.0
F06666,not_tiered,42,0.593801062746682,0.6669506649128414,0.04161638213575991,0.4742694276528487,P2,0,1.0,0.0,0.0,0.0,
F06667,C_detection_pattern,42,0.5059270963224919,0.773914888553989,0.1750352487654765,0.6782856025545273,P32,0,0.0,0.0,1.0,1.0,1.0
F06668,not_tiered,42,0.6450807218683893,0.7822785604759848,0.09233380767189647,0.653654754258566,P5,0,1.0,0.0,0.0,0.0,
F06669,not_tiered,42,0.39268875345569504,0.4712892479434341,0.045368077905253656,0.507767881768852,P42,0,1.0,0.0,0.0,0.0,
F06670,not_tiered,42,0.5757008170201567,0.7039329618762187,0.07156923582196373,0.5385641947149411,P15,0,1.0,0.0,0.0,0.0,
F06671,not_tiered,42,0.23246377924932504,0.368986825872596,0.08958618705760624,0.7120438385967987,P2,0,1.0,0.0,0.0,0.0,
F06672,not_tiered,0,,,,,,0,0.0,0.0,0.0,0.0,
F06673,not_tiered,42,0.03848310266455975,0.1975708522209447,0.08066961642822204,0.4308309405133773,P38,0,0.0,0.0,1.0,1.0,
F06674,not_tiered,42,0.4161266976051531,0.5418975825404044,0.07936766031189563,0.5097573762832466,P1,0,0.0,0.0,1.0,1.0,
F06675,not_tiered,42,0.6237311342370054,0.7070192779002175,0.047615366528840575,0.4256057606376167,P18,0,1.0,0.0,0.0,0.0,
F06676,not_tiered,42,0.3182737127804054,0.396465900518074,0.044906933066701016,0.5459284182734392,P42,0,1.0,0.0,0.0,0.0,
F06677,not_tiered,42,0.15610850149805036,0.20548046582376964,0.025766774471309928,0.3316494978135018,P4,0,0.6666666666666666,0.0,0.0,0.0,
F06678,not_tiered,42,-0.5695786479743598,-0.3739202284217071,0.10882660864813332,0.4026234573587967,P28,0,0.0,0.0,0.0,0.0,
F06679,B_abundance,42,0.8336247185929224,1.166465956939223,0.26338435926986437,0.852741351973158,P40,0,1.0,0.9761904761904762,0.0,0.0,0.9761904761904762
F06680,not_tiered,0,,,,,,0,0.0,0.0,0.0,0.0,
F06681,C_detection_pattern,42,-1.3189334903344836,-0.4953147729653023,0.43226758180175007,0.7046559349875531,P15,0,0.0,0.0,1.0,1.0,1.0
F06682,B_abundance,42,-2.1517845861097578,-1.9660326624193634,0.09432315445576123,0.36602952981029585,P16,0,1.0,1.0,0.0,0.0,1.0
F06683,B_abundance,42,-1.5502615281483492,-1.4329120637140358,0.0685476845173092,0.4965513837317985,P31,0,1.0,1.0,0.0,0.0,1.0
F06684,not_tiered,42,0.5128908417893466,0.5874291368242976,0.03865098789098098,0.4217780793237395,P22,0,1.0,0.0,0.0,0.0,
F06685,C_detection_pattern,42,-0.5399505409340932,0.4821287063497689,0.6996314103487649,1.1433608023112931,P30,1,0.0,0.0,1.0,1.0,1.0
F06686,not_tiered,42,-0.0024792661066274243,0.09341817439756768,0.05346756337902798,0.3965794874018502,P26,1,0.0,0.0,0.0,0.0,
F06687,not_tiered,42,-0.06421534673177358,0.019453520112422396,0.0484455751949108,0.5190087158646529,P23,1,0.0,0.0,0.0,0.0,
F06688,not_tiered,42,-0.2339247090793728,-0.15195170433754243,0.044892304518627774,0.43607720048394,P42,0,0.023809523809523808,0.0,0.0,0.0,
F06689,not_tiered,42,-0.9304496331478862,-0.6786626697085024,0.12949840429633885,0.443341926928894,P5,0,0.0,0.0,0.0,0.0,
F06690,not_tiered,42,-0.2996137889191405,-0.23154794962978306,0.04006707702244075,0.4220811575186652,P19,0,1.0,0.0,0.0,0.0,
F06691,not_tiered,42,-0.4895727992956151,-0.404145660106323,0.05016088605934116,0.3688142773272744,P39,0,1.0,0.0,0.0,0.0,
F06692,not_tiered,42,-0.3819394745675105,-0.3329186968425066,0.025499176558070102,0.3382838350417029,P31,0,1.0,0.0,0.0,0.0,
F06693,not_tiered,42,-0.25796043375394045,-0.11352117373844378,0.08221115791002201,0.4616757869827487,P34,0,0.0,0.0,0.0,0.0,
F06694,not_tiered,42,-0.005394611189333353,0.09031533673577052,0.04817223256712255,0.3637658913313157,P25,2,0.0,0.0,0.0,0.0,
F06695,not_tiered,0,,,,,,0,0.0,0.0,0.0,0.0,
F06696,not_tiered,42,-0.09850383651267787,-0.019314074656650724,0.047088807056831675,0.5215836665823239,P23,0,0.0,0.0,0.0,0.0,
F06697,not_tiered,42,-0.31766219650795874,-0.10615454773867727,0.13472688227264382,0.5609411941223148,P35,0,0.0,0.0,0.0,0.0,
F06698,not_tiered,42,-0.09146250693619627,0.0341564330553454,0.0642968589730077,0.4419738135408565,P15,3,0.0,0.0,0.0,0.0,
F06699,not_tiered,42,-0.5513976634799598,-0.478097687914568,0.04078928837482909,0.40916777794266124,P18,0,1.0,0.0,0.0,0.0,
F06700,not_tiered,42,-0.14419556419423907,-0.09147169093598242,0.028050180582705975,0.38039197959175,P23,0,0.0,0.0,0.0,0.0,
F06701,not_tiered,0,,,,,,0,0.0,0.0,0.0,0.0,
F06702,C_detection_pattern,42,0.20020916285677912,0.5255793646199228,0.18083871681650004,0.6552416829552002,P37,0,0.0,0.0,1.0,1.0,1.0
F06703,not_tiered,42,-0.2350413690813208,-0.1561199415256136,0.042221824681765,0.3820300880974133,P2,0,0.0,0.0,0.0,0.0,
F06704,C_detection_pattern,42,-0.027944079805088902,0.4471954289875154,0.24875203711775778,0.5728169109679596,P24,1,0.0,0.0,1.0,1.0,1.0
F06705,not_tiered,42,-0.6273830178300895,-0.42137847180982735,0.11659023464408935,0.48132473145951377,P13,0,0.0,0.0,0.0,0.0,
F06706,not_tiered,41,-0.6256725949066597,-0.6256725949066597,0.0,,P1,0,0.0,0.0,0.0,0.0,
F06707,not_tiered,0,,,,,,0,0.0,0.0,0.0,0.0,
F06708,not_tiered,42,-0.8120297409837397,-0.719256327923921,0.052810903563476286,0.42133018269440603,P25,0,1.0,0.0,0.0,0.0,
F06709,not_tiered,42,0.10182043653427256,0.25627553299704764,0.09406124430021823,0.45112992751386694,P19,0,0.0,0.0,0.0,0.0,
F06710,B_abundance,42,-5.631470693681744,-5.285988920361817,0.20482167613769686,0.5379057623214043,P1,0,1.0,1.0,0.0,0.0,1.0
F06711,not_tiered,42,0.15422313389919423,0.28322356857628816,0.08400443727092988,0.5907334982307237,P42,0,0.023809523809523808,0.0,0.0,0.0,
F06712,B_abundance,42,-2.521160564798785,-2.2118509699383373,0.1804663336941288,0.49980317344060876,P22,0,1.0,1.0,0.0,0.0,1.0
F06713,B_abundance,42,-2.676930090295156,-2.3650969957709074,0.15938009886433946,0.5253393480110295,P39,0,0.2857142857142857,0.2857142857142857,0.047619047619047616,0.047619047619047616,0.2857142857142857
F06714,B_abundance,42,-1.5021842966826544,-1.3953998925265436,0.061049402632198824,0.4868566053922956,P32,0,1.0,1.0,0.0,0.0,1.0
F06715,not_tiered,42,-0.21650261420397568,-0.12995907868688825,0.05073380718527737,0.4620454625766642,P37,0,0.0,0.0,0.0,0.0,
F06716,C_detection_pattern,42,-1.8143923687745596,-0.7909293003034257,0.6447484097756822,1.0164692829373294,P35,0,0.0,0.0,1.0,1.0,1.0
F06717,not_tiered,42,-1.2470524698641379,-0.9523866376192109,0.17980923659588544,0.5946648354530255,P41,0,0.0,0.0,0.047619047619047616,0.047619047619047616,
F06718,not_tiered,0,,,,,,0,0.0,0.0,0.0,0.0,
F06719,not_tiered,0,,,,,,0,0.0,0.0,0.0,0.0,
F06720,not_tiered,42,-0.017211023017288673,0.12577157326565283,0.09618982158263453,0.561501312070384,P37,7,0.0,0.0,0.023809523809523808,0.0,
F06721,C_detection_pattern,0,,,,,,0,0.0,0.0,1.0,1.0,1.0
F06722,not_tiered,41,-0.3111580932120557,-0.3111580932120557,0.0,,P2,0,0.0,0.0,0.0,0.0,
F06723,C_detection_pattern,42,-1.3031841813353564,-0.49195730340158794,0.5417859619635971,1.0694278574495923,P39,0,0.0,0.0,1.0,1.0,1.0
F06724,not_tiered,42,0.6722167484923773,0.8052839158478777,0.07850430579216272,0.45489737182770495,P1,0,1.0,0.0,1.0,0.0,
F06725,C_detection_pattern,42,-1.4071026452350281,-0.7911535279751081,0.33008013978980366,0.7088501614748739,P17,0,0.0,0.0,1.0,1.0,1.0
F06726,not_tiered,0,,,,,,0,0.0,0.0,0.6190476190476191,0.0,
F06727,C_detection_pattern,42,-0.41049305941017844,0.11579335700209499,0.37365887516969215,0.8430122883118757,P42,9,0.0,0.0,1.0,1.0,1.0
F06728,not_tiered,42,-2.9714338649980387,-1.5155738267905914,0.7279300191037237,1.1585873874352968,P6,0,0.0,0.0,0.0,0.0,
F06729,C_detection_pattern,42,-1.0733424588101086,0.16298620016349136,0.636915020934135,0.8579137875461251,P26,2,0.0,0.0,1.0,1.0,1.0
F06730,not_tiered,0,,,,,,0,0.0,0.0,0.0,0.0,
F06731,not_tiered,41,0.05697515605517367,0.05697515605517367,6.938893903907228e-17,,P2,0,0.0,0.0,0.0,0.0,
F06732,not_tiered,42,-0.07646851008558819,0.08590754271465718,0.09042701333056279,0.4833589205022378,P11,12,0.0,0.0,0.047619047619047616,0.0,
F06733,not_tiered,42,0.34692483373108013,0.43161621706381526,0.04959386758016138,0.5073705285291688,P23,0,1.0,0.0,0.0,0.0,
F06734,not_tiered,41,-1.420908906347286,-1.420908906347286,0.0,,P1,0,0.0,0.0,0.0,0.0,
F06735,not_tiered,42,0.7043406883390624,0.840957756320577,0.08323967229711704,0.42490292795930157,P21,0,1.0,0.0,0.0,0.0,
F06736,not_tiered,42,-1.1794850356511497,-0.856065306499881,0.2110987210645222,0.6591580155743716,P38,0,0.0,0.0,1.0,1.0,
F06737,not_tiered,42,-0.1843506840249122,-0.03611351932702498,0.09508732175815163,0.5473927237444101,P19,0,0.0,0.0,0.0,0.0,
F06738,not_tiered,42,-5.081883153863923,-3.330918887698295,1.1411777556260336,1.036060397478969,P33,0,0.0,0.0,0.09523809523809523,0.09523809523809523,
F06739,not_tiered,42,-1.4173598971536898,-1.1542748170295376,0.16017988770528402,0.5737698611312975,P17,0,0.0,0.0,0.0,0.0,
F06740,C_detection_pattern,42,-0.6875240244508349,-0.2517622287404313,0.2422805110454424,0.7728165469689646,P39,0,0.0,0.0,1.0,1.0,1.0
F06741,C_detection_pattern,42,0.44440587218261035,0.5845061702602709,0.09885904975377524,0.6467203960654062,P39,0,0.0,0.0,1.0,1.0,1.0
F06742,C_detection_pattern,41,-0.07390032195886498,-0.07390032195886498,8.326672684688674e-17,,P2,0,0.0,0.0,1.0,1.0,1.0
F06743,not_tiered,42,-0.03402713870998973,0.09087688766971869,0.06360741139014608,0.3889984413937997,P39,6,0.0,0.0,1.0,0.0,
F06744,not_tiered,42,0.4919302513733412,0.6117460262925348,0.06270303686559708,0.36475747094668576,P39,0,1.0,0.0,0.0,0.0,
F06745,not_tiered,42,0.6104982841224932,0.7424648859429259,0.07086386490548247,0.37484549639381765,P39,0,1.0,0.0,0.0,0.0,
F06746,C_detection_pattern,42,0.6678431239983127,2.639920143921488,1.422242233360693,1.2421940642272211,P14,0,0.0,0.0,1.0,1.0,1.0
F06747,not_tiered,41,0.6417715801714543,0.6417715801714543,0.0,,P1,0,0.0,0.0,0.0,0.0,
F06748,not_tiered,42,-1.7919390938151807,-0.19006685060509318,0.9374592283802669,1.263115468790795,P2,0,0.0,0.0,1.0,1.0,
F06749,C_detection_pattern,42,-1.1044624358749833,-0.2642513915784456,0.44516999379080696,0.9259390338281897,P39,0,0.0,0.0,1.0,1.0,1.0
F06750,C_detection_pattern,42,-1.0321283097567322,-0.6144147653791358,0.26241412443354895,0.6771441294585431,P30,0,0.0,0.0,1.0,1.0,1.0
F06751,not_tiered,42,-0.03468541155586493,2.140853290129224,1.420851822248718,1.1878121941935578,P40,1,0.0,0.0,0.0,0.0,
F06752,C_detection_pattern,42,0.2536175576939734,0.6671261824999208,0.24297836856187716,0.7411967253058334,P13,0,0.0,0.0,1.0,1.0,1.0
F06753,C_detection_pattern,42,-1.7507948975165188,0.4966336542014134,1.181855365966599,1.1563653348850427,P4,1,0.0,0.0,1.0,1.0,1.0
F06754,not_tiered,42,0.12367042304220564,0.31224886970726556,0.09873462962999845,0.4641849915143768,P6,0,0.0,0.0,1.0,1.0,
F06755,not_tiered,0,,,,,,0,0.0,0.0,0.0,0.0,
F06756,B_abundance,42,-2.622512631290338,-2.2572343129367396,0.23344401819983895,0.5372878090953189,P37,0,1.0,1.0,0.0,0.0,1.0
F06757,not_tiered,42,-2.961973787831364,-1.5380244584297151,0.8808548897600117,0.9460367369511975,P9,0,0.0,0.0,0.0,0.0,
F06758,not_tiered,42,-0.7768334882847601,-0.6384475889983857,0.07680714066889238,0.48112509136098675,P16,0,1.0,0.0,0.023809523809523808,0.0,
F06759,not_tiered,42,0.3593927983503773,0.4707977313368558,0.0637921928014969,0.41825070756529786,P3,0,1.0,0.0,1.0,0.0,
F06760,not_tiered,41,-0.4451442063836524,-0.4451442063836524,0.0,,P2,0,0.0,0.0,0.0,0.0,
F06761,C_detection_pattern,42,-0.5877630620470707,-0.1549419017621103,0.25556618591722646,0.5919604516055067,P32,0,0.0,0.0,0.5952380952380952,0.5952380952380952,0.5952380952380952
F06762,C_detection_pattern,42,0.46524466677507353,0.6601386456408493,0.1302515932953674,0.7017303473204254,P40,0,0.0,0.0,1.0,1.0,1.0
F06763,C_detection_pattern,42,-1.7607267995202003,-1.3255448121203584,0.2296157224428672,0.6132001041755609,P39,0,0.0,0.0,1.0,1.0,1.0
F06764,C_detection_pattern,42,0.33473696169945466,0.9303999264454639,0.3545643780941352,0.8570587493094094,P35,0,0.0,0.0,1.0,1.0,1.0
F06765,not_tiered,0,,,,,,0,0.0,0.0,0.0,0.0,
F06766,C_detection_pattern,42,-1.5186594196440126,0.46433841427446043,1.2299733761457663,0.9978210290330508,P24,2,0.0,0.0,1.0,1.0,1.0
F06767,C_detection_pattern,42,0.41823525518530336,0.6041382760928405,0.0999431436021917,0.4792231527815623,P38,0,0.0,0.0,1.0,1.0,1.0
F06768,not_tiered,42,-0.9239329007775581,-0.8294491913931731,0.04804974323376332,0.3663096909954505,P35,0,1.0,0.0,0.0,0.0,
F06769,not_tiered,42,1.223305192241379,1.5956711497772846,0.23305212797207187,0.4635340424261526,P16,0,1.0,0.0,0.0,0.0,
F06770,B_abundance,42,1.810739192552236,2.1287751802675245,0.1921532208107095,0.4237442620082652,P16,0,1.0,1.0,0.0,0.0,1.0
F06771,not_tiered,42,0.38115402621192734,0.9022146260733082,0.3290429384441077,0.6461771976567406,P16,0,0.0,0.0,0.0,0.0,
F06772,C_detection_pattern,42,-0.29337259801630733,0.6065743609559353,0.5135707330474674,0.8930275053688356,P41,2,0.0,0.0,1.0,1.0,1.0
F06773,C_detection_pattern,42,-0.44898354912287464,0.2712095413480328,0.4698232902294984,0.7856337779457776,P16,2,0.0,0.0,1.0,1.0,1.0
F06774,C_detection_pattern,42,-0.23744084074858898,0.7063023125552781,0.6344752774048739,1.0105824358428068,P16,5,0.0,0.0,1.0,1.0,1.0
F06775,B_abundance,42,-4.386198389579204,-4.0157123070657805,0.2224745378348718,0.38556401621119213,P1,0,1.0,1.0,0.0,0.0,1.0
F06776,C_detection_pattern,41,0.8772163605984229,0.8772163605984229,0.0,,P1,0,0.0,0.0,1.0,1.0,1.0
F06777,C_detection_pattern,41,-2.2022840688755796,-2.2022840688755796,4.440892098500626e-16,,P1,0,0.0,0.0,1.0,1.0,1.0
F06778,C_detection_pattern,41,-2.211203442057526,-2.211203442057526,0.0,,P1,0,0.0,0.0,1.0,1.0,1.0
F06779,not_tiered,41,-0.276457265979678,-0.276457265979678,0.0,,P1,0,0.0,0.0,0.8333333333333334,0.0,
F06780,not_tiered,42,-0.6764822178837386,-0.5467811512353454,0.06740401952192943,0.3699343764050204,P12,0,1.0,0.0,0.0,0.0,
F06781,C_detection_pattern,42,0.17437716202339693,0.4508975363263712,0.15164792031587737,0.6064174612427655,P13,0,0.0,0.0,1.0,1.0,1.0
F06782,not_tiered,42,-1.2887223784430566,-1.0134705122749175,0.14355257962901358,0.42246759901432857,P22,0,1.0,0.0,0.0,0.0,
F06783,B_abundance,42,-1.3950050647228986,-1.2995926564778204,0.05940097609956396,0.5691474857775972,P23,0,1.0,1.0,0.0,0.0,1.0
F06784,not_tiered,42,-1.6022456211904452,-1.3262895885892365,0.14916606013158273,0.4261479815599781,P22,0,1.0,1.0,0.0,0.0,
F06785,B_abundance,42,-1.3375777762766212,-1.2415358234442455,0.05574416867118481,0.4698198965813121,P23,0,1.0,1.0,0.0,0.0,1.0
F06786,B_abundance,42,-1.1739467799661343,-1.0314209535265177,0.08113198147215206,0.39638002171018766,P27,0,1.0,1.0,0.0,0.0,1.0
F06787,not_tiered,0,,,,,,0,0.0,0.0,1.0,0.0,
F06788,not_tiered,42,0.10436783147483586,0.23341208938903374,0.06777802708526995,0.5764065461163383,P42,0,0.023809523809523808,0.0,0.0,0.0,
F06789,not_tiered,42,0.3789014575900613,0.536677878640948,0.10944661463679611,0.5301392029028732,P5,0,0.8571428571428571,0.0,0.0,0.0,
F06790,C_detection_pattern,42,0.22277336466290532,0.6146162529580437,0.1965891125850025,0.6185470951715126,P10,0,0.0,0.0,1.0,1.0,1.0
F06791,not_tiered,42,0.7622528761743838,0.8588714128820091,0.05766691185545603,0.4510873349642924,P19,0,1.0,0.0,0.0,0.0,
F06792,not_tiered,42,0.05010965044430251,0.14630815316745985,0.055761095883475845,0.38129012986556166,P19,0,0.0,0.0,0.0,0.0,
F06793,not_tiered,42,-0.02629701597788715,0.12288291644480974,0.09936077623045673,0.5482721296035812,P37,7,0.0,0.0,1.0,1.0,
F06794,not_tiered,42,0.05927869839846979,1.607525960325852,1.2003018402088437,1.1843692285114757,P27,0,0.0,0.0,1.0,1.0,
F06795,not_tiered,42,0.3064122404708831,0.4229981267868177,0.05842997681689721,0.4133917722766937,P36,0,1.0,0.0,0.8333333333333334,0.0,
F06796,not_tiered,0,,,,,,0,0.0,0.0,0.0,0.0,
F06797,not_tiered,0,,,,,,0,0.0,0.0,0.0,0.0,
F06798,C_detection_pattern,42,-0.13146858085707736,0.053199093085550396,0.11436191795544065,0.6600346386949364,P38,6,0.0,0.0,1.0,1.0,1.0
F06799,not_tiered,42,-0.7537423326242567,-0.4839508487375991,0.15383579464151498,0.5295873495855292,P17,0,0.0,0.0,0.047619047619047616,0.0,
F06800,not_tiered,42,-1.9487892122709876,-0.35167702876179074,0.8330932057347564,1.238441125654441,P17,0,0.0,0.0,0.8333333333333334,0.0,
F06801,not_tiered,41,-1.6732601154670643,-1.6732601154670643,0.0,,P2,0,0.0,0.0,0.0,0.0,
F06802,C_detection_pattern,42,-0.11426125637114914,0.5414011806436694,0.32783121850740926,0.5923487116658145,P22,1,0.0,0.0,1.0,1.0,1.0
F06803,not_tiered,42,-0.4236034624802665,-0.336847615927549,0.05115999933119347,0.45240745593995063,P23,0,1.0,0.0,0.0,0.0,
F06804,not_tiered,42,-2.4791545954160625,-2.048694864076172,0.24534804692428347,0.44576616830032206,P28,0,0.0,0.0,0.0,0.0,
F06805,not_tiered,42,0.632079875916729,0.6857611733005011,0.028716183503875392,0.3039280474134656,P22,0,1.0,0.0,0.0,0.0,
F06806,not_tiered,42,-0.21253042726644822,-0.1659770590888368,0.02654276908894418,0.3325635559641595,P2,0,0.8571428571428571,0.0,0.0,0.0,
F06807,not_tiered,42,0.6629928512568213,0.7340433693475827,0.03739154373223197,0.32280862183043996,P1,0,1.0,0.0,0.0,0.0,
F06808,not_tiered,42,0.5643288692014305,0.6773463833259434,0.06915770048711467,0.48321167922685937,P23,0,1.0,0.0,1.0,0.0,
F06809,not_tiered,42,0.2692058860803295,0.3646787625888894,0.06305562385124402,0.6236650444974444,P2,0,1.0,0.0,0.0,0.0,
F06810,not_tiered,42,0.3776500079037608,0.4466745844784167,0.04100851147327911,0.39392987215590486,P19,0,1.0,0.0,0.0,0.0,
F06811,not_tiered,42,0.0159337024559405,0.09318546668109202,0.04453962913100822,0.44728484406001895,P21,0,0.0,0.0,0.0,0.0,
F06812,C_detection_pattern,42,-0.06345911394682492,0.15530689760096605,0.11196974155393805,0.5019363811120143,P36,2,0.0,0.0,1.0,1.0,1.0
F06813,C_detection_pattern,42,0.1500965576417517,0.5746566961898286,0.26001887922289274,0.6761526103334979,P36,0,0.0,0.0,1.0,1.0,1.0
F06814,not_tiered,42,0.5425780874507886,0.6514965917205215,0.060577297705164734,0.411359150226248,P35,0,1.0,0.0,0.0,0.0,
F06815,not_tiered,42,0.45876263003090473,0.5317905943474941,0.04132409339921911,0.38200664046682287,P35,0,1.0,0.0,0.0,0.0,
F06816,not_tiered,42,-1.1913303978499892,-0.8794982643996921,0.16979460386754375,0.4886040450222392,P18,0,0.0,0.0,0.0,0.0,
F06817,not_tiered,42,-1.955394771985809,-0.17173480160235652,1.2463337345988243,1.133597128668059,P36,0,0.0,0.0,0.0,0.0,
F06818,not_tiered,42,0.5761336057412294,0.7170745825165344,0.08474044011600779,0.5545416772876703,P42,0,1.0,0.0,0.0,0.0,
F06819,not_tiered,42,0.2316454827905218,0.36507498141359707,0.10056261967785579,0.8107235449705775,P31,0,0.09523809523809523,0.0,0.0,0.0,
F06820,not_tiered,42,0.311857113285233,0.3795971387559938,0.037466414208005894,0.42262227870499364,P42,0,1.0,0.0,0.0,0.0,
F06821,not_tiered,42,0.2647279774172244,0.335758623410839,0.04044461617065287,0.5129901368851458,P19,0,1.0,0.0,0.0,0.0,
F06822,not_tiered,42,0.21376731817146893,0.25529618254359904,0.02203237063791416,0.31213560822753644,P18,0,1.0,0.0,0.0,0.0,
F06823,not_tiered,42,-0.038859291049989184,0.057522177697047386,0.06098677540759979,0.5402357798320994,P18,14,0.0,0.0,0.0,0.0,
F06824,not_tiered,42,-0.2339645330430756,-0.1290653446662376,0.05591953211489911,0.40180376561854325,P25,0,0.0,0.0,0.0,0.0,
F06825,not_tiered,42,0.2819948414240742,0.3430053241303058,0.035023317823703604,0.41697305020079684,P23,0,1.0,0.0,0.0,0.0,
F06826,not_tiered,42,0.31890537818913794,0.41062227356538017,0.05264206013455508,0.3936567037181312,P25,0,1.0,0.0,0.0,0.0,
F06827,not_tiered,42,-0.09601641602266552,-0.0015522669129583069,0.04997777285936261,0.4575468079786857,P5,0,0.0,0.0,0.6904761904761905,0.0,
F06828,not_tiered,42,0.5930430901104651,0.6725208299996388,0.0484580677575438,0.4359341943272507,P19,0,1.0,0.0,0.0,0.0,
F06829,not_tiered,42,-0.02373209047102009,0.10402019433602808,0.09376536307564758,0.6501575155947871,P21,17,0.0,0.0,0.0,0.0,
F06830,not_tiered,42,0.00628895254014503,0.11496344803954177,0.05762996266646777,0.5079135983969363,P21,0,0.0,0.0,0.0,0.0,
F06831,not_tiered,42,-0.44827417448933954,-0.22503866220679644,0.11393647110169253,0.5281621722145303,P39,0,0.0,0.0,0.0,0.0,
F06832,not_tiered,42,0.1545158685258468,0.2426164986581636,0.04482407949423359,0.3651295083479584,P22,0,0.0,0.0,0.0,0.0,
F06833,C_detection_pattern,42,-0.2102992180357166,-0.0729248485165795,0.07049562675734622,0.21831334562027654,P35,0,0.0,0.0,1.0,1.0,1.0
F06834,not_tiered,42,0.16139739051811264,0.20890886886358156,0.02962539623147087,0.4190919484159367,P38,0,1.0,0.0,0.0,0.0,
F06835,not_tiered,42,-0.11667127091214875,-0.06896788670750692,0.025437718388721386,0.3425120742668314,P19,0,0.0,0.0,0.0,0.0,
F06836,C_detection_pattern,42,-0.30651421291394243,-0.24002323171819384,0.03324549059787435,0.06238118321090782,P12,0,0.0,0.0,1.0,1.0,1.0
F06837,not_tiered,42,-0.9189223868853456,-0.7848359270431937,0.0812651746293187,0.4593238161878366,P37,0,1.0,0.0,0.0,0.0,
F06838,not_tiered,0,,,,,,0,0.0,0.0,0.0,0.0,
F06839,not_tiered,42,-0.32221971828771334,-0.2117060251408513,0.06918692681140293,0.4547184020728131,P37,0,0.023809523809523808,0.0,0.0,0.0,
F06840,not_tiered,42,-0.5621566026913328,0.2941927628759114,0.4457926658998287,0.9252921672268483,P7,1,0.0,0.0,1.0,1.0,
F06841,C_detection_pattern,41,-3.21242536163429,-3.21242536163429,0.0,,P1,0,0.0,0.0,1.0,1.0,1.0
F06842,not_tiered,42,0.6407227681295087,0.7128288121382895,0.04412014830049249,0.39124326455411146,P39,0,1.0,0.0,0.0,0.0,
F06843,not_tiered,42,0.5303470347937406,0.6166778179728515,0.04411969010513117,0.3453185026196672,P20,0,1.0,0.0,0.8333333333333334,0.0,
F06844,not_tiered,42,0.7657167436317681,0.9283842330141723,0.11576656017611164,0.6887035664883653,P25,0,1.0,0.0,0.0,0.0,
F06845,not_tiered,42,0.629205109065811,0.7004410924381469,0.03753478851852743,0.39170500459179863,P22,0,1.0,0.0,0.0,0.0,
F06846,C_detection_pattern,42,-3.886883628557399,-0.33599458734621557,1.7754445206055922,1.8274909827834607,P18,0,0.0,0.0,0.7380952380952381,0.7380952380952381,0.7380952380952381
F06847,not_tiered,42,-0.16872041940894605,0.07566048205652383,0.17756327258745414,0.8198482604036671,P40,1,0.0,0.0,1.0,1.0,
F06848,not_tiered,0,,,,,,0,0.0,0.0,0.0,0.0,
F06849,not_tiered,42,0.18255507161590914,0.31315312650423643,0.07282821486901714,0.47710994195098616,P16,0,0.023809523809523808,0.0,0.8333333333333334,0.0,
F06850,not_tiered,41,-2.576838926176384,-2.576838926176384,0.0,,P1,0,0.0,0.0,0.0,0.0,
F06851,not_tiered,42,-2.3006046436323877,-1.910248775086625,0.21534309038266453,0.6343371666128875,P31,0,0.0,0.0,0.0,0.0,
F06852,not_tiered,0,,,,,,0,0.0,0.0,0.0,0.0,
F06853,not_tiered,41,-3.969575657083551,-3.969575657083551,0.0,,P1,0,0.0,0.0,0.0,0.0,
F06854,C_detection_pattern,0,,,,,,0,0.0,0.0,1.0,1.0,1.0
F06855,not_tiered,0,,,,,,0,0.0,0.0,0.0,0.0,
F06856,B_abundance,42,-1.1431738824342659,-1.0375935913847432,0.06922219148140751,0.5012169101213215,P16,0,1.0,1.0,0.0,0.0,1.0
F06857,C_detection_pattern,41,-2.4659437282295986,-2.4659437282295986,0.0,,P1,0,0.0,0.0,1.0,1.0,1.0
F06858,not_tiered,42,0.03127175702630004,0.1259854143116657,0.05052615826163635,0.45430288425296445,P3,0,0.0,0.0,1.0,0.0,
F06859,not_tiered,42,1.8858809091137574,2.455524682907091,0.3650327774948461,0.557495875629668,P23,0,0.0,0.0,0.14285714285714285,0.14285714285714285,
F06860,not_tiered,42,-0.23931297793461193,-0.15921764841379035,0.05358848662448784,0.5348749385385548,P23,0,0.16666666666666666,0.0,0.0,0.0,
F06861,not_tiered,42,-0.6182742150160626,-0.46148898523651394,0.08664050499609688,0.5013984651876611,P41,0,0.0,0.0,1.0,1.0,
F06862,C_detection_pattern,42,-0.12501195546876756,0.11016220028505425,0.12434738187663026,0.5549353860394385,P34,12,0.0,0.0,1.0,1.0,1.0
F06863,not_tiered,0,,,,,,0,0.0,0.0,0.0,0.0,
F06864,not_tiered,42,0.08049768257026195,0.42621432064343007,0.25176278291964954,0.7832671773325673,P22,0,0.0,0.0,0.0,0.0,
F06865,not_tiered,42,-0.5005045283266517,-0.33683743088753265,0.10226883757458982,0.49273956772986643,P35,0,0.14285714285714285,0.0,0.0,0.0,
F06866,C_detection_pattern,42,0.41453121047386315,0.8515819367501472,0.25909944979371224,0.7515728509664912,P37,0,0.0,0.0,1.0,1.0,1.0
F06867,C_detection_pattern,42,-1.2355191288864065,-0.47135911036998124,0.48281255311742444,0.9898848655276463,P34,0,0.0,0.0,1.0,1.0,1.0
F06868,not_tiered,42,-1.3875234147847824,-0.9298508823498232,0.2757413343819667,0.7118804683984086,P29,0,0.0,0.0,0.0,0.0,
F06869,B_abundance,42,1.903153154372865,2.03582642380942,0.08427493533950248,0.43468033477030854,P1,0,1.0,1.0,0.0,0.0,1.0
F06870,B_abundance,42,1.378552750801769,1.5084664936133523,0.07456361346547058,0.46412074960783184,P1,0,1.0,1.0,0.0,0.0,1.0
F06871,not_tiered,42,0.5701698875807691,0.6327407792613365,0.031418842227582844,0.3335919599673398,P14,0,1.0,0.0,0.0,0.0,
F06872,not_tiered,42,-0.19417430956247947,-0.053160103863958814,0.07721305627453837,0.4458663157973358,P20,0,0.0,0.0,0.0,0.0,
F06873,C_detection_pattern,42,-0.8459505586510835,-0.5724797111545612,0.1382947294852488,0.5078686820908371,P40,0,0.0,0.0,1.0,1.0,1.0
F06874,not_tiered,42,0.15195126992744165,0.28381126455786426,0.08478993871330354,0.6783580194070415,P2,0,0.023809523809523808,0.0,0.0,0.0,
F06875,not_tiered,42,0.45526762943482174,0.5711023651853817,0.0668173994368857,0.5395179130948349,P31,0,1.0,0.0,0.0,0.0,
F06876,not_tiered,42,-0.10979021664774644,0.042808054128926284,0.08668156329352199,0.5673136674854107,P16,1,0.0,0.0,1.0,1.0,
F06877,not_tiered,42,-1.9214266679269674,-1.3400869398096322,0.44421103406386275,0.8840691248534522,P6,0,0.0,0.0,0.0,0.0,
F06878,not_tiered,0,,,,,,0,0.0,0.0,0.0,0.0,
F06879,not_tiered,42,0.04333851650091591,0.48625168360658133,0.3106355359933639,0.9136671743035812,P5,0,0.0,0.0,0.6428571428571429,0.6428571428571429,
F06880,not_tiered,42,-0.39110156238162724,-0.25662470251650604,0.06754969698934116,0.3456055312270001,P37,0,0.0,0.0,0.0,0.0,
F06881,C_detection_pattern,42,-0.6297366347232476,1.9486153585271895,1.2891759966252185,1.621887856070423,P1,1,0.0,0.0,1.0,1.0,1.0
F06882,not_tiered,42,-0.3978851526164137,-0.34207398528066935,0.02881312973644523,0.3275386862925655,P33,0,1.0,0.0,0.0,0.0,
F06883,not_tiered,42,0.038513940681761026,0.3675986857299573,0.2165761253692472,0.7134075307167573,P19,0,0.0,0.0,0.0,0.0,
F06884,not_tiered,42,0.2261086468330456,0.3063693466924118,0.04589440568010672,0.45070519980581597,P28,0,1.0,0.0,0.0,0.0,
F06885,C_detection_pattern,42,0.22383440034856403,0.43180221000595614,0.12171602860040176,0.4875858965822742,P37,0,0.0,0.0,1.0,1.0,1.0
F06886,not_tiered,42,0.1314132539427371,0.9650367162225615,0.5996647706712843,1.007417525943505,P13,0,0.0,0.0,0.0,0.0,
F06887,not_tiered,0,,,,,,0,0.0,0.0,0.0,0.0,
F06888,not_tiered,42,0.27186272820272495,0.35526763953448204,0.06084240715717065,0.4643855088845294,P2,0,1.0,0.0,0.0,0.0,
F06889,not_tiered,0,,,,,,0,0.0,0.0,0.0,0.0,
F06890,not_tiered,42,-0.08268177049720542,0.17306157631589922,0.14506702798598622,0.5747277586875098,P40,6,0.0,0.0,1.0,1.0,
F06891,C_detection_pattern,42,0.48714881203378774,0.7803114012576339,0.14855917538986707,0.47454135942840314,P21,0,0.0,0.0,1.0,1.0,1.0
F06892,not_tiered,41,-1.5354691219287897,-1.5354691219287897,0.0,,P2,0,0.0,0.0,0.0,0.0,
F06893,not_tiered,42,-0.08930485320024466,0.0073747883221203904,0.053907958730084096,0.47187534062319386,P40,1,0.0,0.0,1.0,0.7619047619047619,
F06894,C_detection_pattern,42,0.15408706148250628,0.5916891300949451,0.24242911907383785,0.6137744365940672,P17,0,0.0,0.0,1.0,1.0,1.0
F06895,not_tiered,42,-0.7971082026943949,-0.5691509301983018,0.13834967102061457,0.5563185042170774,P35,0,1.0,0.0,1.0,0.0,
F06896,not_tiered,42,0.7223907292939701,1.0510228251052198,0.23166112957650675,0.7281540218348029,P11,0,1.0,0.16666666666666666,1.0,0.0,
F06897,not_tiered,42,0.7849916412599761,0.8873305953942359,0.053291937624546204,0.31211707891086304,P19,0,1.0,0.0,0.0,0.0,
F06898,not_tiered,42,0.13133305409590418,0.2610158512974798,0.07384995356789228,0.35477245752680414,P21,0,0.0,0.0,0.0,0.0,
F06899,not_tiered,41,-1.118137436163952,-1.118137436163952,0.0,,P1,0,0.0,0.0,0.0,0.0,
F06900,not_tiered,42,0.07480485925727239,0.16406320837991914,0.0573875341814722,0.6145414663969895,P16,0,0.0,0.0,0.0,0.0,
F06901,not_tiered,0,,,,,,0,0.0,0.0,0.0,0.0,
F06902,C_detection_pattern,42,1.092977260685441,1.374465272521915,0.1453721579153151,0.45797167101075215,P1,0,0.0,0.0,1.0,1.0,1.0
F06903,not_tiered,42,0.5928912778283948,0.6344198196468754,0.02243838226435302,0.31428528838806624,P32,0,1.0,0.0,0.0,0.0,
F06904,not_tiered,42,-0.25015493989673515,0.7781925279806138,0.810108617558587,1.0694651111032516,P14,1,0.0,0.0,0.0,0.0,
F06905,not_tiered,42,-0.17933846375981913,-0.06107708202124502,0.0649609802267952,0.4905728486981755,P12,0,0.0,0.0,1.0,1.0,
F06906,not_tiered,42,-0.4115892895604464,-0.28508824736613037,0.08408535271147549,0.5940442858567202,P19,0,0.6428571428571429,0.0,0.0,0.0,
F06907,not_tiered,42,0.23663929111145374,0.3775496039746191,0.07289660651737961,0.5213345134867258,P2,0,0.14285714285714285,0.0,0.0,0.0,
F06908,C_detection_pattern,42,-0.424620037837098,-0.2612019034548453,0.09631862074871289,0.4637161369068954,P7,0,0.0,0.0,1.0,1.0,1.0
F06909,not_tiered,0,,,,,,0,0.0,0.0,0.0,0.0,
F06910,not_tiered,42,0.5807134745828296,0.6580959800665018,0.047588995644120446,0.3756253414099015,P39,0,1.0,0.0,0.0,0.0,
F06911,not_tiered,42,0.25289069830518623,0.3479389281090342,0.04897407947974203,0.4146744725865563,P19,0,1.0,0.0,0.0,0.0,
F06912,not_tiered,42,-0.925211448770311,-0.8421601443590232,0.049098986691408664,0.4317867167631869,P23,0,1.0,0.0,0.0,0.0,
F06913,not_tiered,42,-0.1649426049535251,-0.06517261688357452,0.05982344308854108,0.4750440892820483,P35,0,0.0,0.0,0.09523809523809523,0.09523809523809523,
F06914,C_detection_pattern,42,-1.4788127144255832,-0.15502134639597487,0.9089587283604121,1.0030422145404594,P33,0,0.0,0.0,1.0,1.0,1.0
F06915,not_tiered,42,0.01743580801849357,0.09798440394092953,0.05778413031522854,0.5934229247740339,P18,0,0.0,0.0,0.0,0.0,
F06916,not_tiered,42,0.23205127883866986,0.327171272605466,0.05119971679171781,0.42295199056601035,P21,0,0.5476190476190477,0.0,0.0,0.0,
F06917,not_tiered,42,-0.08223486072287141,0.14692263855161145,0.13959808752713135,0.6087575367318202,P30,7,0.0,0.0,0.0,0.0,
F06918,not_tiered,42,-0.1292421120207623,-0.024383109484058772,0.052772322623331626,0.41636783958109325,P35,0,0.0,0.0,0.023809523809523808,0.0,
F06919,not_tiered,0,,,,,,0,0.0,0.0,0.0,0.0,
F06920,not_tiered,0,,,,,,0,0.0,0.0,0.0,0.0,
F06921,C_detection_pattern,42,-0.5507160282953685,-0.4009949786243303,0.08303927655691218,0.45422586056557385,P22,0,0.0,0.0,1.0,1.0,1.0
F06922,not_tiered,42,-0.5550706454388395,-0.4504789661916657,0.06596011356734388,0.5063524796845791,P2,0,1.0,0.0,0.0,0.0,
F06923,not_tiered,42,-0.0177289220106997,0.11978373150704824,0.08279096119357773,0.5416544452435076,P42,3,0.0,0.0,0.023809523809523808,0.0,
F06924,C_detection_pattern,42,0.3243808338017815,0.4164828367982409,0.048699632951287986,0.4300480714497117,P10,0,0.0,0.0,1.0,1.0,1.0
F06925,not_tiered,42,-0.40302184232023114,-0.3339182622614926,0.043934223309778364,0.5141786001694226,P25,0,1.0,0.0,0.0,0.0,
F06926,not_tiered,42,0.2659097140054209,0.32234367408397907,0.03652785997523611,0.4301387148279056,P25,0,1.0,0.0,0.0,0.0,
F06927,not_tiered,42,-0.46417718960910115,-0.32556911931709026,0.07872643313793393,0.47515052213264897,P5,0,0.9047619047619048,0.0,0.0,0.0,
F06928,not_tiered,42,0.08278587554228743,0.196262531160224,0.06143507381909717,0.4920051375989957,P25,0,0.0,0.0,0.0,0.0,
F06929,not_tiered,42,-0.5139377138968325,-0.4555815749705663,0.03461859599817341,0.42023009149409174,P19,0,1.0,0.0,0.0,0.0,
F06930,not_tiered,42,-1.027847495767934,-0.8948308914461061,0.07720753583708573,0.4082046337327903,P31,0,1.0,0.14285714285714285,0.0,0.0,
F06931,not_tiered,42,-2.2215932065572552,-2.1914536372677986,0.015069784644728301,0.028285804696139644,P1,0,0.0,0.0,0.0,0.0,
F06932,not_tiered,42,0.5073567619381256,0.5875314781610399,0.04082041405431169,0.34061705691358346,P42,0,1.0,0.0,0.0,0.0,
F06933,not_tiered,42,-1.27165493884561,-1.0860113729404346,0.1342463989792564,0.5526314986563795,P19,0,1.0,1.0,0.0,0.0,
F06934,B_abundance,42,-1.2732968163662282,-1.13812693902654,0.09957280850966721,0.5390562532362673,P19,0,1.0,1.0,0.0,0.0,1.0
F06935,B_abundance,42,-1.3773710413132552,-1.282152424729736,0.061564835473497004,0.48230957734671626,P19,0,1.0,1.0,0.0,0.0,1.0
F06936,C_detection_pattern,42,-0.034452492714189376,0.3803568433358162,0.20740466802500282,0.383293429234247,P1,1,0.0,0.0,1.0,1.0,1.0
F06937,not_tiered,0,,,,,,0,0.0,0.0,0.0,0.0,
F06938,not_tiered,42,-0.7537511005848833,1.2955904907297027,1.1876460515652354,1.0153615019847693,P8,1,0.0,0.0,0.14285714285714285,0.14285714285714285,
F06939,not_tiered,42,-0.009023651851077553,0.046658989147361024,0.028726443708179554,0.3382646873325034,P14,1,0.0,0.0,0.0,0.0,
F06940,C_detection_pattern,41,0.01006568534072727,0.01006568534072727,7.112366251504909e-17,,P1,0,0.0,0.0,1.0,1.0,1.0
F06941,not_tiered,42,0.5032773727386044,1.2739300218480232,0.3858184500628411,0.8200662798787745,P39,0,0.0,0.0,0.0,0.0,
F06942,not_tiered,0,,,,,,0,0.0,0.0,0.0,0.0,
F06943,not_tiered,42,-0.9018970619184448,-0.6080709062185559,0.16961889582920853,0.5403756522657083,P16,0,0.9523809523809523,0.0,0.0,0.0,
F06944,not_tiered,42,-0.09651244064071718,0.24089184026182653,0.19235850734141807,0.7451284558839811,P34,1,0.0,0.0,1.0,1.0,
F06945,not_tiered,42,0.16601672142865664,0.29993982543633324,0.08181337597029917,0.49115898525415813,P25,0,0.0,0.0,0.0,0.0,
F06946,not_tiered,42,-0.20904434585924297,-0.008620531356631508,0.1508005776171256,0.7862016229362282,P42,0,0.0,0.0,1.0,1.0,
F06947,not_tiered,0,,,,,,0,0.0,0.0,0.0,0.0,
F06948,not_tiered,0,,,,,,0,0.0,0.0,0.0,0.0,
F06949,not_tiered,42,-0.7358816139726173,-0.6444880749751308,0.05687714321818449,0.4591411427086908,P21,0,1.0,0.0,0.0,0.0,
F06950,not_tiered,42,-0.7484216082272508,-0.6736575996641039,0.03876640417561439,0.35642536776492884,P21,0,1.0,0.0,0.0,0.0,
F06951,C_detection_pattern,42,-1.4434049805822449,-1.2090364796963298,0.13844151002550587,0.5507156107488904,P27,0,0.0,0.0,1.0,1.0,1.0
F06952,B_abundance,42,0.9415481398889818,1.2444525647730769,0.25516775154966265,0.8439654690565178,P42,0,1.0,0.9761904761904762,0.0,0.0,0.9761904761904762
F06953,not_tiered,42,0.46548357431334364,0.5821119674510228,0.0686478966415538,0.4456799097448446,P28,0,1.0,0.0,0.8333333333333334,0.0,
F06954,not_tiered,42,-0.03590801234465868,0.11732742936540465,0.08541179635658869,0.529586680125297,P11,1,0.0,0.0,0.8333333333333334,0.0,
F06955,not_tiered,42,0.4289441891810996,0.5345136867171246,0.060692698134876266,0.4758704128158463,P25,0,1.0,0.0,1.0,1.0,
F06956,not_tiered,42,-0.2718569040594362,-0.14800251462952524,0.06967701603888118,0.4797390041534905,P13,0,0.0,0.0,1.0,1.0,
F06957,not_tiered,42,-0.7525454013481905,-0.605638666669383,0.07962486829829363,0.44107308186630895,P18,0,0.0,0.0,0.0,0.0,
F06958,not_tiered,42,0.720358201749233,0.801557324577255,0.04261542598382395,0.38056491784010316,P39,0,1.0,0.0,0.0,0.0,
F06959,C_detection_pattern,42,0.43438653354296397,0.8255337162926764,0.2104582517648007,0.7040214685817774,P1,0,0.0,0.0,1.0,1.0,1.0
F06960,B_abundance,42,-1.1024741063843857,-0.9793642203424393,0.06827362875053922,0.3805899728741099,P35,0,1.0,0.8571428571428571,0.0,0.0,0.8571428571428571
F06961,C_detection_pattern,42,-2.25768119790636,-1.0973304008656632,0.7141100937625571,1.020854605584529,P35,0,0.0,0.0,1.0,1.0,1.0
F06962,not_tiered,42,-0.5343199175375741,-0.44265774484518977,0.06321447373569372,0.5242313592531627,P19,0,1.0,0.0,0.0,0.0,
F06963,not_tiered,41,-0.5269601223250877,-0.5269601223250877,0.0,,P1,0,0.0,0.0,0.0,0.0,
F06964,not_tiered,42,0.22451874136470354,0.2927250746192932,0.03833597505246311,0.3802686681581942,P23,0,1.0,0.0,0.0,0.0,
F06965,not_tiered,42,-0.6539940242916361,-0.5175663304514326,0.0861385389135354,0.49712989745236746,P4,0,1.0,0.0,1.0,0.7619047619047619,
F06966,C_detection_pattern,42,0.24355866409046575,0.5643678430557804,0.16070824861645377,0.5283515646516435,P27,0,0.0,0.0,1.0,1.0,1.0
F06967,C_detection_pattern,42,-0.697232569293687,-0.44908440608659245,0.12607125837232075,0.47969889677677685,P28,0,0.0,0.0,1.0,1.0,1.0
F06968,not_tiered,42,0.1043376912747631,0.29986249514387686,0.1066703032944742,0.5464834994001022,P25,0,0.0,0.0,0.0,0.0,
F06969,not_tiered,42,0.21507213060069463,0.3961330775381153,0.11315926278888466,0.7658156016405621,P40,0,0.23809523809523808,0.0,0.0,0.0,
F06970,not_tiered,42,0.05134142880969641,0.9526176948847389,0.5356539796286104,0.9946201293655293,P26,0,0.0,0.0,0.0,0.0,
F06971,not_tiered,0,,,,,,0,0.0,0.0,0.0,0.0,
F06972,C_detection_pattern,42,-1.465515252378426,-0.7352005273373687,0.37908302178440234,0.6914841565453024,P2,0,0.0,0.0,1.0,1.0,1.0
F06973,not_tiered,42,0.2656717136940147,0.32429941493503434,0.030724573546084988,0.3870547573467224,P2,0,1.0,0.0,0.0,0.0,
F06974,not_tiered,42,-0.5487754962302678,-0.3857278917942936,0.0833144550453972,0.5267915680684193,P19,0,1.0,0.0,0.0,0.0,
F06975,not_tiered,42,-0.40968101349831243,-0.34411892943952016,0.04037138408740232,0.4151640804409249,P19,0,1.0,0.0,0.0,0.0,
F06976,not_tiered,42,-0.7811969598300015,-0.5376356948089659,0.14854760416281587,0.6340006024863032,P26,0,0.0,0.0,0.0,0.0,
F06977,not_tiered,42,-1.6145986549456772,-1.3465913351376635,0.1354303508697201,0.4481047331790379,P11,0,0.0,0.0,0.0,0.0,
F06978,not_tiered,42,-0.09571314737121496,0.04524444010297479,0.08128759146902659,0.4681584278433331,P35,4,0.0,0.0,1.0,1.0,
F06979,not_tiered,42,-0.4688420572531184,-0.35396897076266765,0.07828531756027318,0.519462491133266,P18,0,1.0,0.0,0.0,0.0,
F06980,B_abundance,42,-2.222350943607633,-2.025173849750709,0.10098795743880418,0.3342402035230623,P16,0,1.0,1.0,0.0,0.0,1.0
F06981,B_abundance,42,-1.8838022959383827,-1.6797140215809108,0.1090661953584453,0.3751282316486652,P16,0,1.0,1.0,0.8333333333333334,0.0,1.0
F06982,B_abundance,42,-2.3720904076229576,-2.1608501926913024,0.1259434078459991,0.3870733338559718,P16,0,1.0,1.0,0.0,0.0,1.0
F06983,not_tiered,42,-4.207346318943591,-2.955692961803608,0.7081768579936982,0.8453282737204288,P13,0,0.0,0.0,1.0,1.0,
F06984,C_detection_pattern,42,-0.3400487568946392,-0.10218055050188339,0.11982048816366421,0.4743424106176629,P12,0,0.0,0.0,1.0,1.0,1.0
F06985,not_tiered,42,-0.04046020112937195,0.055839520692994186,0.05505722887982269,0.4744519858388101,P35,20,0.0,0.0,0.0,0.0,
F06986,not_tiered,42,-2.9319634593621386,-2.2578456467160697,0.3755813700225703,0.613018588602565,P16,0,0.0,0.0,0.0,0.0,
F06987,not_tiered,41,1.617266584897937,1.617266584897937,0.0,,P2,0,0.0,0.0,0.0,0.0,
F06988,not_tiered,42,-1.3439770695646498,-1.0785076225559642,0.1767263420903451,0.43212854540128637,P8,0,0.0,0.0,0.0,0.0,
F06989,C_detection_pattern,42,0.7402191012218785,0.9187092893994093,0.11295767048558158,0.5958983380700263,P34,0,0.0,0.0,1.0,1.0,1.0
F06990,B_abundance,42,-1.2221407816801992,-1.0634253204478856,0.09402584463775421,0.5652345936306882,P25,0,1.0,1.0,0.0,0.0,1.0
F06991,not_tiered,0,,,,,,0,0.0,0.0,0.0,0.0,
F06992,C_detection_pattern,42,-0.04631409347670168,2.765924675281007,1.6212021957985119,0.9294561533750835,P22,1,0.0,0.0,1.0,1.0,1.0
F06993,C_detection_pattern,42,-0.771957328841293,0.20994362680598755,0.5034357271647766,0.9650887519452184,P35,1,0.0,0.0,1.0,1.0,1.0
F06994,C_detection_pattern,42,-0.051093058416697534,0.2058456250397159,0.13881307123704423,0.597162390040599,P4,1,0.0,0.0,1.0,1.0,1.0
F06995,C_detection_pattern,41,-0.30135554951952415,-0.30135554951952415,5.551115123125783e-17,,P2,0,0.0,0.0,1.0,1.0,1.0
F06996,not_tiered,42,-0.4242785197028468,-0.24887060659528704,0.09315147586838124,0.5048738250272472,P23,0,0.0,0.0,0.0,0.0,
F06997,not_tiered,42,-0.6075400941510838,-0.5240578196360999,0.04873547810530621,0.3697438345083182,P22,0,1.0,0.0,0.0,0.0,
F06998,C_detection_pattern,42,-2.956925227111557,-0.37911514758030407,1.2889050397656265,1.6217347100717427,P1,0,0.0,0.0,1.0,1.0,1.0
F06999,not_tiered,42,-0.5797263455890471,-0.43543871988485644,0.09003030845472221,0.4595226894850177,P31,0,1.0,0.0,0.0,0.0,
F07000,not_tiered,42,-1.1008423802556762,-0.8969356197367309,0.12702738120097457,0.5619710323577993,P31,0,1.0,0.21428571428571427,0.0,0.0,
F07001,not_tiered,0,,,,,,0,0.0,0.0,0.0,0.0,
F07002,C_detection_pattern,42,0.48221227508986764,0.7983608237897415,0.2030062538551204,0.6458026071321821,P28,0,0.0,0.0,1.0,1.0,1.0
F07003,not_tiered,0,,,,,,0,0.0,0.0,0.023809523809523808,0.0,
F07004,not_tiered,41,-0.18017016444178147,-0.18017016444178147,5.551115123125783e-17,,P2,0,0.0,0.0,1.0,1.0,
F07005,C_detection_pattern,42,0.19463709356727232,0.4989907832384617,0.1981938602300209,0.6789411294400749,P1,0,0.0,0.0,1.0,1.0,1.0
F07006,not_tiered,41,-0.8979973787632769,-0.8979973787632769,0.0,,P2,0,0.0,0.0,0.0,0.0,
F07007,C_detection_pattern,42,-0.46747551698341994,0.13850604296372104,0.30299077997357055,0.5504213546452957,P1,1,0.0,0.0,1.0,1.0,1.0
F07008,not_tiered,0,,,,,,0,0.0,0.0,0.0,0.0,
F07009,not_tiered,42,0.39004886174464737,1.226967196853506,0.41845916755442936,0.739205431709023,P13,0,0.0,0.0,0.0,0.0,
F07010,B_abundance,42,-1.6418626802123155,-1.445055323192645,0.10195946513803289,0.3681351592690543,P23,0,1.0,1.0,0.0,0.0,1.0
F07011,not_tiered,42,0.2571387745245323,0.3439047190836338,0.048798289242861614,0.48829680603233255,P23,0,1.0,0.0,0.0,0.0,
F07012,not_tiered,42,-0.274214347668299,-0.1903001598006625,0.05228601926813389,0.46552701901342275,P14,0,0.09523809523809523,0.0,0.0,0.0,
F07013,not_tiered,42,-0.0430120444318327,0.05909935347840851,0.0690238464196479,0.43305367281604373,P9,6,0.0,0.0,0.0,0.0,
F07014,C_detection_pattern,42,0.6037217280273289,2.4225241285083667,0.916325144133458,0.7284299004197886,P29,0,0.0,0.0,1.0,1.0,1.0
F07015,not_tiered,42,-0.8487214667696398,-0.6956689147110297,0.08574439840705272,0.39094729064029476,P31,0,1.0,0.0,0.0,0.0,
F07016,not_tiered,42,-0.5312838715343035,-0.2798926066299176,0.15819457758133432,0.7503471396696318,P39,0,0.0,0.0,0.0,0.0,
F07017,not_tiered,42,-0.0618861712943215,0.1299140692711681,0.1373249582024592,0.7139106478191387,P19,9,0.0,0.0,1.0,0.0,
F07018,not_tiered,41,0.31414198428461937,0.31414198428461937,5.551115123125783e-17,,P2,0,0.0,0.0,0.023809523809523808,0.0,
F07019,not_tiered,42,0.05764160397087163,0.17885328268181638,0.07139602193667238,0.5637649910276096,P18,0,0.0,0.0,0.0,0.0,
F07020,B_abundance,42,1.50337643220288,1.626798087969414,0.08289810268620346,0.43157185014317406,P1,0,1.0,1.0,0.0,0.0,1.0
F07021,B_abundance,42,1.4574093554722471,1.591158576254913,0.08044659314182878,0.39685906422931394,P1,0,1.0,1.0,0.0,0.0,1.0
F07022,B_abundance,42,1.591475487619899,1.70687479134747,0.07697347217023509,0.447023222992463,P1,0,1.0,1.0,0.0,0.0,1.0
F07023,C_detection_pattern,42,-0.267312785901118,0.005100258783530975,0.1419983320705691,0.500061428613392,P16,1,0.0,0.0,1.0,1.0,1.0
F07024,not_tiered,42,-0.9081772459848156,-0.614722594205625,0.16547060430753335,0.6373638146706552,P7,0,0.0,0.0,0.0,0.0,
F07025,C_detection_pattern,42,-0.41506674077128886,-0.12288604094117314,0.14882313179253795,0.5874913652795895,P22,0,0.0,0.0,1.0,1.0,1.0
F07026,C_detection_pattern,42,-0.6964589801993035,0.1444856197369142,0.5474050548049443,0.9784599971769503,P34,3,0.0,0.0,1.0,1.0,1.0
F07027,not_tiered,42,0.3218081658119057,0.37521513110564847,0.029557467967305018,0.4387985235751999,P5,0,1.0,0.0,0.0,0.0,
F07028,not_tiered,42,0.31159599866018856,0.4080408356002365,0.057228092573179234,0.48204332205150224,P2,0,1.0,0.0,0.0,0.0,
F07029,not_tiered,42,-0.32395461519126767,-0.20836727714240666,0.06109775783848542,0.38443056206440457,P5,0,0.0,0.0,0.0,0.0,
F07030,not_tiered,42,-1.2691797104680647,-0.7797313315228123,0.3664042860661114,0.8416778254791695,P16,0,0.0,0.0,0.0,0.0,
F07031,not_tiered,42,-1.1384951022458052,0.164271615213433,0.7315755792745595,0.9840533742135966,P20,1,0.0,0.0,0.0,0.0,
F07032,C_detection_pattern,42,-0.46021144091233546,-0.2080404671253037,0.12659989742950706,0.424863025428666,P19,0,0.0,0.0,1.0,1.0,1.0
F07033,not_tiered,42,-0.18425373163768252,-0.07069110003490482,0.06369169831820358,0.4329085252324812,P15,0,0.0,0.0,0.0,0.0,
F07034,not_tiered,0,,,,,,0,0.0,0.0,0.0,0.0,
F07035,C_detection_pattern,42,-0.7392868440391132,-0.5915245695033374,0.09274465550112065,0.6234842995536248,P40,0,0.0,0.0,1.0,1.0,1.0
F07036,not_tiered,42,-0.19568865519066048,0.23685929443427184,0.36912072753078373,1.004508782629099,P38,1,0.0,0.0,1.0,1.0,
F07037,not_tiered,0,,,,,,0,0.0,0.0,0.9047619047619048,0.9047619047619048,
F07038,C_detection_pattern,42,-0.5590001281115622,-0.25485669572975433,0.18895329510140357,0.6392937148941883,P39,0,0.0,0.0,1.0,1.0,1.0
F07039,not_tiered,42,-0.1299411997245324,-0.02512640687623915,0.06664308430046155,0.5508740704606524,P11,0,0.0,0.0,0.0,0.0,
F07040,not_tiered,42,-0.9771154860797744,-0.8779542150252138,0.0629034532209295,0.4943689619841347,P42,0,1.0,0.0,0.0,0.0,
F07041,not_tiered,42,0.6185283194698205,0.753718567233625,0.07013516999690039,0.42819745274898213,P40,0,1.0,0.0,1.0,1.0,
F07042,not_tiered,42,-0.11906380283264369,0.4665202924988248,0.4965178592522772,1.0157822311259392,P38,2,0.0,0.0,1.0,1.0,
F07043,C_detection_pattern,42,0.1984839858846496,0.41475217846942025,0.11382665418498356,0.4393631846499953,P35,0,0.0,0.0,1.0,1.0,1.0
F07044,C_detection_pattern,42,-1.5474245419300972,-0.45354553872517833,0.7356593522017962,1.1976080561093625,P42,0,0.0,0.0,1.0,1.0,1.0
F07045,C_detection_pattern,42,-0.6611545166308479,-0.47432192872891693,0.12597675859665053,0.7243140477731768,P15,0,0.0,0.0,1.0,1.0,1.0
F07046,not_tiered,42,-0.4217033657531778,-0.19852295435760925,0.13271761362298506,0.5177305621137961,P2,0,0.0,0.0,0.6190476190476191,0.0,
F07047,not_tiered,42,-0.8081597984186749,-0.6661832865357858,0.08639238229353408,0.49228824320748027,P28,0,1.0,0.0,0.8333333333333334,0.0,
F07048,C_detection_pattern,42,-0.7120017375366711,-0.48040447895703514,0.13565396843926392,0.527702968832326,P12,0,0.0,0.0,1.0,1.0,1.0
F07049,not_tiered,42,-2.8864286080939987,-0.31210284557087853,1.28716288126156,1.620748762964775,P7,0,0.0,0.0,0.0,0.0,
F07050,not_tiered,42,-0.383225738736045,-0.28735538838685676,0.053875057338303,0.4284862897381619,P41,0,0.0,0.0,1.0,1.0,
F07051,not_tiered,42,-0.005766150665855177,0.06602220544012218,0.03984063947536598,0.4200421546191865,P15,2,0.0,0.0,0.0,0.0,
F07052,not_tiered,42,-0.05071903740904529,0.008753319592948637,0.031104996655045337,0.35003819680931114,P23,3,0.0,0.0,0.0,0.0,
F07053,C_detection_pattern,42,0.11063714567926279,0.22165892348526034,0.0703381291260448,0.46849102577538265,P39,0,0.0,0.0,1.0,1.0,1.0
F07054,not_tiered,42,-0.5372329798975009,-0.3614282467964687,0.13319638049052313,0.6692267401279238,P19,0,0.9761904761904762,0.0,0.0,0.0,
F07055,not_tiered,42,-0.18868401744699165,-0.007255107271113263,0.09269113680953445,0.46668875236541035,P37,0,0.0,0.0,1.0,0.7619047619047619,
F07056,not_tiered,42,-1.3081686673681308,-0.33661507518409006,0.6530019537354937,0.8648998270009504,P23,0,0.0,0.0,0.09523809523809523,0.09523809523809523,
F07057,C_detection_pattern,42,-0.49280702985157526,-0.3354655079167327,0.09617861268661781,0.5090254600412213,P35,0,0.0,0.0,1.0,1.0,1.0
F07058,not_tiered,42,0.2860307195378295,0.4032689349411402,0.06954870969495497,0.5475750513185338,P31,0,1.0,0.0,0.0,0.0,
F07059,not_tiered,42,0.4118662061391829,0.526178655455457,0.07046923216960804,0.4545282027553488,P36,0,1.0,0.0,1.0,0.0,
F07060,not_tiered,42,0.2981610214733923,0.47381877662780725,0.09504176313044166,0.5119868718460511,P24,0,0.0,0.0,1.0,1.0,
F07061,not_tiered,41,-0.9803908396272707,-0.9803908396272707,1.1102230246251565e-16,,P2,0,0.0,0.0,0.0,0.0,
F07062,C_detection_pattern,42,0.5526400935647324,3.0120214560359946,1.6990236946275876,1.293124115625695,P30,0,0.0,0.0,1.0,1.0,1.0
F07063,C_detection_pattern,42,-0.044775647352898205,0.1456386440336548,0.1087784266842853,0.526663967904896,P19,5,0.0,0.0,1.0,1.0,1.0
F07064,not_tiered,41,-3.17744895729974,-3.17744895729974,0.0,,P1,0,0.0,0.0,0.0,0.0,
F07065,not_tiered,42,-0.24303171316361447,-0.0907825855907248,0.0866122846060896,0.4315604683495547,P31,0,0.0,0.0,0.0,0.0,
F07066,not_tiered,0,,,,,,0,0.0,0.0,0.0,0.0,
F07067,C_detection_pattern,42,-1.6985998679449208,-0.5329873998474697,0.7841684020236208,1.1802291228027686,P32,0,0.0,0.0,1.0,1.0,1.0
F07068,C_detection_pattern,42,-0.009435762841760894,0.24634357337044147,0.13190331920509046,0.4670962504842068,P16,1,0.0,0.0,1.0,1.0,1.0
F07069,C_detection_pattern,42,-3.7655335252105897,-2.203339403916376,0.8050964465603929,0.6296888109521418,P3,0,0.0,0.0,1.0,1.0,1.0
F07070,not_tiered,42,0.3584546326632383,0.5275904147649892,0.10414073190268064,0.5836044123902429,P11,0,0.7142857142857143,0.0,1.0,0.0,
F07071,not_tiered,0,,,,,,0,0.0,0.0,0.0,0.0,
F07072,not_tiered,0,,,,,,0,0.0,0.0,0.023809523809523808,0.023809523809523808,
F07073,not_tiered,0,,,,,,0,0.0,0.0,0.0,0.0,
F07074,C_detection_pattern,42,-0.48212544206190683,-0.20395854786446888,0.15542816155406453,0.6146727180709884,P6,0,0.0,0.0,1.0,1.0,1.0
F07075,not_tiered,42,0.2411586360589103,0.31234588982909367,0.03617960077901439,0.4353659269406011,P22,0,1.0,0.0,0.0,0.0,
F07076,not_tiered,41,-0.15058851761670944,-0.15058851761670944,2.7755575615628914e-17,,P2,0,0.0,0.0,0.0,0.0,
F07077,C_detection_pattern,42,0.28770811864580725,0.9584378450865056,0.4424992675967747,0.9343974625802451,P1,0,0.0,0.0,1.0,1.0,1.0
F07078,C_detection_pattern,42,-0.23841289411097713,-0.06565311636454396,0.10144472414185224,0.5273908333013219,P1,0,0.0,0.0,1.0,1.0,1.0
F07079,not_tiered,41,-0.03183644839621458,-0.03183644839621458,7.632783294297951e-17,,P2,0,0.0,0.0,0.0,0.0,
F07080,B_abundance,42,-1.3780996595404122,-1.1330391053169948,0.1392500204377498,0.4149064047154645,P34,0,1.0,1.0,0.0,0.0,1.0
F07081,not_tiered,42,-1.7443954481992499,-0.10873172606146504,0.96607257495619,1.0544222653611373,P34,0,0.0,0.0,0.14285714285714285,0.14285714285714285,
F07082,not_tiered,42,0.7830227615562599,1.0502816115114917,0.15534534317177384,0.5336065487830678,P1,0,1.0,0.023809523809523808,1.0,1.0,
F07083,not_tiered,0,,,,,,0,0.0,0.0,0.0,0.0,
F07084,C_detection_pattern,42,-0.20241946237830133,0.24589272730610112,0.25413596369623365,0.6253857948895104,P4,4,0.0,0.0,1.0,1.0,1.0
F07085,not_tiered,42,0.3599247261382084,0.46708971557996576,0.06788487609437227,0.4879609349590363,P23,0,1.0,0.0,1.0,0.0,
F07086,not_tiered,42,0.12337444867538286,0.14883260348549304,0.013381173768054033,0.2345289462685523,P19,0,0.7857142857142857,0.0,0.0,0.0,
F07087,C_detection_pattern,42,0.2649250092129118,0.41791122945200876,0.09176606859429504,0.48645320640393186,P7,0,0.0,0.0,1.0,1.0,1.0
F07088,C_detection_pattern,42,-0.5140109519486156,0.07025288832061669,0.296292012549068,0.7670119115531203,P40,1,0.0,0.0,1.0,1.0,1.0
F07089,not_tiered,41,-0.07063205103750825,-0.07063205103750825,4.163336342344337e-17,,P1,0,0.0,0.0,0.0,0.0,
F07090,not_tiered,42,-0.5779626308396969,-0.3883114024601128,0.09644465557181531,0.3348573183773312,P34,0,0.0,0.0,0.0,0.0,
F07091,not_tiered,41,0.21289123076758187,0.21289123076758187,8.326672684688674e-17,,P1,0,0.0,0.0,0.09523809523809523,0.09523809523809523,
F07092,C_detection_pattern,42,-0.09448020822004348,1.408033646271165,0.8603524847172986,1.0871644792178126,P24,1,0.0,0.0,1.0,1.0,1.0
F07093,not_tiered,42,-0.40615918519800226,-0.34638688871835266,0.03030003391473185,0.33043984876617566,P23,0,1.0,0.0,0.0,0.0,
F07094,not_tiered,0,,,,,,0,0.0,0.0,0.0,0.0,
F07095,C_detection_pattern,42,-0.8235197098820034,-0.277951340737633,0.3072531340702996,0.6356363604643818,P40,0,0.0,0.0,1.0,1.0,1.0
F07096,not_tiered,42,-1.6307845794944442,0.24299372098258906,1.1599732145107957,1.0428893343560925,P31,1,0.0,0.0,0.0,0.0,
F07097,C_detection_pattern,41,-1.1001786542423062,-1.1001786542423062,0.0,,P1,0,0.0,0.0,1.0,1.0,1.0
F07098,not_tiered,0,,,,,,0,0.0,0.0,0.0,0.0,
F07099,not_tiered,41,2.156809649961838,2.156809649961838,0.0,,P2,0,0.0,0.0,0.0,0.0,
F07100,not_tiered,0,,,,,,0,0.0,0.0,0.0,0.0,
F07101,C_detection_pattern,42,-1.3950625815871698,-0.7511151774226741,0.37868817654246456,0.6582636563022792,P8,0,0.0,0.0,1.0,1.0,1.0
F07102,C_detection_pattern,42,-0.19610725254263583,0.05279954217662878,0.13741942665018658,0.5657860438453912,P35,1,0.0,0.0,1.0,1.0,1.0
F07103,not_tiered,42,-0.18996845536668688,-0.006085737410930088,0.12858468727617883,0.6989942093059657,P11,0,0.0,0.0,1.0,1.0,
F07104,C_detection_pattern,42,-0.31532934706980204,-0.023440481237279404,0.16961223190426988,0.5715453708753839,P16,0,0.0,0.0,1.0,1.0,1.0
F07105,not_tiered,42,0.4568644287432469,0.5748172705396449,0.07858131404869823,0.543780950211305,P31,0,1.0,0.0,0.0,0.0,
F07106,not_tiered,0,,,,,,0,0.0,0.0,0.07142857142857142,0.07142857142857142,
F07107,not_tiered,0,,,,,,0,0.0,0.0,0.0,0.0,
F07108,not_tiered,42,0.7195628780095094,0.8159141995147166,0.06622293645186861,0.4995132839937094,P15,0,0.0,0.0,1.0,1.0,
F07109,not_tiered,0,,,,,,0,0.0,0.0,0.0,0.0,
F07110,C_detection_pattern,42,-1.0214189093099413,-0.5078067083020389,0.30728351841390755,0.680664010065141,P32,0,0.0,0.0,1.0,1.0,1.0
F07111,not_tiered,42,-2.2388971780289726,-1.357573809369265,0.5047592857043359,0.8675917023851347,P31,0,0.0,0.0,0.0,0.0,
F07112,C_detection_pattern,42,-0.43467705159649567,-0.27380080113805855,0.08999538658500955,0.4600071018950622,P13,0,0.0,0.0,1.0,1.0,1.0
F07113,C_detection_pattern,42,0.32850169804860485,1.26960780245568,0.5536134457169095,0.8020358386621993,P42,0,0.0,0.0,1.0,1.0,1.0
F07114,B_abundance,42,-1.2762335357245298,-1.1719521573405056,0.05718523267958808,0.31496959682170367,P31,0,1.0,1.0,0.0,0.0,1.0
F07115,B_abundance,42,-1.054639883274222,-0.9520690827153804,0.06920256918147194,0.4625237449844312,P19,0,1.0,0.7857142857142857,0.0,0.0,0.7857142857142857
F07116,not_tiered,0,,,,,,0,0.0,0.0,0.0,0.0,
F07117,not_tiered,42,0.17756444898618065,0.40905505520249313,0.13525722900413603,0.4903095529128874,P36,0,0.0,0.0,1.0,1.0,
F07118,not_tiered,41,0.16178329433949834,0.16178329433949834,2.7755575615628914e-17,,P2,0,0.0,0.0,0.0,0.0,
F07119,not_tiered,42,0.5052551161695403,1.6202697212920878,0.8388641862115652,1.0107994083992882,P42,0,0.0,0.0,0.0,0.0,
F07120,C_detection_pattern,41,-0.23629298809628452,-0.23629298809628452,2.7755575615628914e-17,,P2,0,0.0,0.0,1.0,1.0,1.0
F07121,C_detection_pattern,42,0.09860021260688874,0.17982478219475903,0.050084114765544654,0.4377053667455866,P36,0,0.0,0.0,1.0,1.0,1.0
F07122,not_tiered,0,,,,,,0,0.0,0.0,0.09523809523809523,0.09523809523809523,
F07123,not_tiered,0,,,,,,0,0.0,0.0,0.0,0.0,
F07124,not_tiered,0,,,,,,0,0.0,0.0,0.0,0.0,
F07125,not_tiered,42,0.3208348667199652,0.4049991195401178,0.052708015245320594,0.40558060979605437,P35,0,1.0,0.0,0.0,0.0,
F07126,not_tiered,41,0.004669201776589915,0.004669201776589915,1.5612511283791264e-17,,P2,0,0.0,0.0,0.047619047619047616,0.047619047619047616,
F07127,B_abundance,42,1.8992807628463486,2.0328324972854612,0.07185795838760378,0.4138130928991123,P35,0,1.0,1.0,0.0,0.0,1.0
F07128,not_tiered,41,-2.636565019134892,-2.636565019134892,0.0,,P1,0,0.0,0.0,1.0,0.0,
F07129,C_detection_pattern,42,0.8576650420640719,2.025803535318313,0.6592868759386201,0.757246403898505,P31,0,0.0,0.0,1.0,1.0,1.0
F07130,not_tiered,42,-0.9613152733252367,-0.7877125818350446,0.10403984051085391,0.47469585118414037,P23,0,1.0,0.0,0.0,0.0,
F07131,not_tiered,42,-0.06736228812616465,0.10979791870522582,0.11804658727861325,0.49512350599931265,P3,4,0.0,0.0,0.0,0.0,
F07132,not_tiered,42,-1.192917341610652,-0.8920103873365055,0.1804179210175989,0.4427001003658222,P16,0,1.0,0.2619047619047619,0.0,0.0,
F07133,not_tiered,42,-0.40112299278059016,-0.18275641004659718,0.13399234708061214,0.47057696591786047,P16,0,0.0,0.0,0.0,0.0,
F07134,B_abundance,42,-2.862116018795982,-2.4555834159735617,0.23125214661316962,0.48745677733971976,P1,0,1.0,1.0,0.0,0.0,1.0
F07135,not_tiered,42,-1.4383869698866916,-0.8232617502002774,0.36883643817321377,0.6963741055779525,P28,0,0.0,0.0,0.0,0.0,
F07136,not_tiered,42,0.20128887458505065,0.32508783746843,0.06809491726087313,0.42566940354008526,P1,0,0.0,0.0,0.0,0.0,
F07137,not_tiered,42,-0.9373872058709884,-0.38717597441354257,0.35859413192762346,0.8989772218243963,P10,0,0.0,0.0,0.0,0.0,
F07138,not_tiered,42,-1.5751578406221045,-1.3788337119522012,0.10463432544234075,0.418662036770072,P6,0,0.0,0.0,0.0,0.0,
F07139,not_tiered,42,-0.17859582299013343,0.05079019056106359,0.14074522166880624,0.5462155250109321,P36,7,0.0,0.0,0.0,0.0,
F07140,not_tiered,42,0.27599996291641604,0.5163512850479371,0.15194230791824015,0.45235471883246897,P31,0,0.0,0.0,0.0,0.0,
F07141,C_detection_pattern,42,0.15943134075521867,0.8684686829616881,0.4006785738139339,0.6149285279365281,P39,0,0.0,0.0,1.0,1.0,1.0
F07142,B_abundance,42,-3.1845143850639217,-2.7886933492027377,0.24953644131703445,0.6065696599191497,P31,0,1.0,1.0,1.0,0.0,1.0
F07143,not_tiered,42,0.012172127807045996,0.5147151850445024,0.35507320372064866,0.9044386374137433,P38,0,0.0,0.0,0.0,0.0,
F07144,not_tiered,42,-0.8186920649562996,-0.7373975769000647,0.04377259012746959,0.35338572537774493,P19,0,1.0,0.0,0.0,0.0,
F07145,C_detection_pattern,42,0.13045062186971312,0.4487429721924001,0.18563552978795522,0.5578072165092923,P21,0,0.0,0.0,1.0,1.0,1.0
F07146,C_detection_pattern,42,0.0916620308895368,0.903935964951992,0.452035444112264,0.8848191355567525,P36,0,0.0,0.0,1.0,1.0,1.0
F07147,not_tiered,42,-1.080072873900117,0.18513190213610553,0.7209728131318333,1.2151565701934781,P2,1,0.0,0.0,0.0,0.0,
F07148,C_detection_pattern,42,0.0851534139249126,0.42029916316483645,0.17125588072507816,0.5281188482382991,P36,0,0.0,0.0,1.0,1.0,1.0
F07149,not_tiered,42,0.4830345736724225,0.557384954900922,0.04034095905461971,0.3829773719649921,P25,0,1.0,0.0,0.8333333333333334,0.0,
F07150,not_tiered,42,0.06198004772337875,0.33027662157061544,0.20477567063993243,0.789064432441214,P35,0,0.0,0.0,1.0,1.0,
F07151,C_detection_pattern,42,-0.9102692211440558,0.5460229889459136,0.9021304067794993,1.0325202974881018,P32,3,0.0,0.0,1.0,1.0,1.0
F07152,not_tiered,42,0.379292809884334,0.5287736395277409,0.08355542348731448,0.5754260437170864,P12,0,0.2857142857142857,0.0,1.0,1.0,
F07153,not_tiered,42,-1.709343567797344,-1.1829789826048867,0.283236034222774,0.61278996185811,P34,0,0.0,0.0,1.0,1.0,
F07154,not_tiered,42,-0.21926717461993733,-0.03254400928372264,0.11883813464190407,0.5854839330159443,P31,0,0.0,0.0,0.0,0.0,
F07155,not_tiered,42,0.2329460749016786,0.30067679534472136,0.04886287688229568,0.5861311775530709,P21,0,1.0,0.0,0.0,0.0,
F07156,not_tiered,42,-0.9641252427190491,-0.2804168507738643,0.5416502354151198,0.9942291833898731,P40,0,0.0,0.0,0.0,0.0,
F07157,not_tiered,41,-0.7006959992104012,-0.7006959992104012,0.0,,P2,0,0.0,0.0,0.0,0.0,
F07158,not_tiered,42,-1.0509501783701083,0.14863602358590314,0.6555685965608367,1.0016556688891303,P11,1,0.0,0.0,0.0,0.0,
F07159,not_tiered,42,-0.10349484929507403,-0.025382369491963288,0.044485219291576714,0.3932508672674563,P35,0,0.0,0.0,0.0,0.0,
F07160,C_detection_pattern,42,0.04751231362706933,0.2421712166229358,0.11031614531903199,0.5827359357670243,P37,0,0.0,0.0,1.0,1.0,1.0
F07161,not_tiered,42,0.7829791928926217,0.9275517556953701,0.08919715206590739,0.5344876448928326,P16,0,1.0,0.0,0.0,0.0,
F07162,not_tiered,42,-0.7790639481038708,-0.6444664113930529,0.08201653390383967,0.5021944197937963,P22,0,1.0,0.0,0.0,0.0,
F07163,not_tiered,42,0.326368933662583,0.44666791164609965,0.0776298566764001,0.47363272038002757,P42,0,0.9285714285714286,0.0,0.0,0.0,
F07164,not_tiered,42,0.09817086238688161,0.18734668525671921,0.05860264289770198,0.5069209192784623,P20,0,0.0,0.0,0.0,0.0,
F07165,not_tiered,41,-1.7278024235637286,-1.7278024235637286,0.0,,P1,0,0.0,0.0,0.0,0.0,
F07166,B_abundance,42,0.954586078451426,1.0719256056976938,0.059715793297416386,0.4164952181934839,P6,0,1.0,0.7380952380952381,0.0,0.0,0.7380952380952381
F07167,not_tiered,42,-0.8235960462123915,-0.036404018849737874,0.5057144618110317,1.0209113388570659,P14,0,0.0,0.0,0.0,0.0,
F07168,not_tiered,42,-0.4187691527865504,-0.24098606264338235,0.09869520922099173,0.5129010570178429,P10,0,0.0,0.0,0.6428571428571429,0.6428571428571429,
F07169,not_tiered,42,-0.5035426999348617,-0.34938776353257395,0.07854478469400117,0.4636583945370102,P10,0,0.0,0.0,0.0,0.0,
F07170,not_tiered,42,-1.028150469013619,-0.9064956677556838,0.0738731848341686,0.46251531876568974,P2,0,1.0,0.19047619047619047,0.0,0.0,
F07171,not_tiered,42,-0.19110745429152942,0.5812359009382649,0.506859317059114,0.7298369343849708,P18,1,0.0,0.0,1.0,1.0,
F07172,not_tiered,42,-1.9203040773747027,-1.4775576478944072,0.23367870080634678,0.5774971942328536,P13,0,0.0,0.0,0.0,0.0,
F07173,C_detection_pattern,42,0.08212148845332064,0.4868798477637011,0.2421855922162726,0.7377234773295231,P22,0,0.0,0.0,1.0,1.0,1.0
F07174,not_tiered,42,-0.45528533467759164,-0.0478392943404673,0.2713050763973107,0.744464254418073,P40,0,0.0,0.0,0.11904761904761904,0.11904761904761904,
F07175,not_tiered,41,-0.41257529919774427,-0.41257529919774427,5.551115123125783e-17,,P2,0,0.0,0.0,0.0,0.0,
F07176,not_tiered,42,0.08698987327099919,0.18677035452389426,0.059115516024481674,0.45808788167709286,P18,0,0.0,0.0,0.0,0.0,
F07177,not_tiered,42,-0.1368120525097879,-0.0337802491732612,0.0699202896360604,0.5179832194925361,P19,0,0.0,0.0,0.0,0.0,
F07178,not_tiered,42,-0.6940575395121306,-0.590023688252265,0.05914591953851345,0.5016162360809016,P18,0,1.0,0.0,0.0,0.0,
F07179,not_tiered,42,-0.5357815177141577,-0.41267798610653644,0.06545328512677734,0.39220418219124054,P18,0,0.0,0.0,0.0,0.0,
F07180,not_tiered,42,-0.49814106931047925,-0.38569561238862754,0.08256940575304306,0.5847444132547985,P21,0,1.0,0.0,0.0,0.0,
F07181,not_tiered,42,0.1928927059545354,0.656113904772307,0.2714397101324079,0.7444784677186455,P28,0,0.0,0.0,0.8809523809523809,0.7619047619047619,
F07182,C_detection_pattern,42,-0.8087256898942247,-0.39953902214513026,0.2179030987354218,0.4421509851792516,P33,0,0.0,0.0,1.0,1.0,1.0
F07183,C_detection_pattern,42,-0.27844086070775553,-0.045421713840631206,0.1229442993859958,0.5372318083491778,P23,0,0.0,0.0,1.0,1.0,1.0
F07184,not_tiered,42,-1.1633636992336611,-0.8302991440641349,0.20796917062749876,0.7031493889397918,P12,0,0.0,0.0,0.0,0.0,
F07185,B_abundance,42,-1.827314025507621,-1.6487819817254539,0.09687406940831345,0.40326412303907244,P16,0,1.0,1.0,0.0,0.0,1.0
F07186,not_tiered,42,0.36499208588715587,0.44287793156372485,0.04711543024548592,0.41835534718414097,P14,0,1.0,0.0,0.0,0.0,
F07187,C_detection_pattern,0,,,,,,0,0.0,0.0,1.0,1.0,1.0
F07188,not_tiered,42,-0.6739971340229063,-0.5845985651655509,0.04881084546963432,0.41586700251644476,P23,0,1.0,0.0,0.0,0.0,
F07189,not_tiered,42,-0.08426932833102442,0.05755474875914899,0.08902525853749772,0.5943857072569044,P42,11,0.0,0.0,0.0,0.0,
F07190,C_detection_pattern,42,-3.0144416666629823,-1.4356128057441468,0.870613648991565,1.001783214833403,P39,0,0.0,0.0,1.0,1.0,1.0
F07191,C_detection_pattern,42,-0.19108184039550266,0.4119446959078726,0.350682857919095,0.8138491666917101,P10,2,0.0,0.0,1.0,1.0,1.0
F07192,not_tiered,42,-1.0978926899167054,-0.6885694957209563,0.2193752031060635,0.6397331882395422,P36,0,0.0,0.0,0.0,0.0,
F07193,not_tiered,42,-0.7252539126646886,-0.6381586781057845,0.053094615047201144,0.4349300733101244,P37,0,1.0,0.0,0.0,0.0,
F07194,not_tiered,42,-0.04267854722370462,0.04561797388827783,0.060196409956944016,0.4619655960591534,P18,5,0.0,0.0,0.0,0.0,
F07195,not_tiered,42,-4.876884350417373,1.4968249146519863,3.1868546325346796,2.0526531775428802,P8,1,0.0,0.0,0.0,0.0,
F07196,C_detection_pattern,42,-0.27012493150322126,0.6981301363181647,0.6180111264903896,1.1486443649473528,P17,2,0.0,0.0,1.0,1.0,1.0
F07197,not_tiered,42,-1.9116238785168918,-0.6508053442917063,0.6304092671125927,1.04059709788815,P32,0,0.0,0.0,0.0,0.0,
F07198,not_tiered,42,-0.7451093926552286,-0.2372358413213389,0.25699081533386947,0.5955238515675468,P11,0,0.0,0.0,0.0,0.0,
F07199,not_tiered,42,-1.052748365366952,-0.7771862638975681,0.16874903891181237,0.6170354927949435,P42,0,0.2857142857142857,0.0,1.0,1.0,
F07200,not_tiered,42,-0.7657063907303474,3.4380280683710485,2.101867229550698,1.9116801410277757,P10,1,0.0,0.0,0.0,0.0,
F07201,not_tiered,41,-3.3425118925217205,-3.3425118925217205,0.0,,P2,0,0.0,0.0,0.0,0.0,
F07202,not_tiered,41,0.689214622948402,0.689214622948402,0.0,,P2,0,0.0,0.0,0.0,0.0,
F07203,not_tiered,0,,,,,,0,0.0,0.0,0.0,0.0,
F07204,not_tiered,42,-0.11286872690035522,0.024000732625494927,0.06871629853556863,0.42101085732405014,P16,2,0.0,0.0,0.0,0.0,
F07205,B_abundance,42,-2.2699412799496077,-2.0518906170438416,0.11773910161424705,0.41753060443032314,P21,0,1.0,1.0,0.0,0.0,1.0
F07206,C_detection_pattern,42,0.09086370528833197,0.7951622025865562,0.44590381159446535,0.7573883436911799,P27,0,0.0,0.0,1.0,1.0,1.0
F07207,not_tiered,42,0.7783442660025021,2.5854441510926462,1.2652129705851283,1.20987607043844,P23,0,0.0,0.0,0.14285714285714285,0.14285714285714285,
F07208,not_tiered,42,-1.828796152446003,-1.6100282466684732,0.12377374870222124,0.44421907151508117,P1,0,0.0,0.0,0.7380952380952381,0.7380952380952381,
F07209,not_tiered,42,0.38670164458521755,0.5434243580848601,0.09409035163315432,0.5377209708195235,P39,0,0.0,0.0,1.0,1.0,
F07210,not_tiered,42,0.3943323810773678,0.49785659956663264,0.06510907366447843,0.43817431420864655,P36,0,1.0,0.0,0.0,0.0,
F07211,not_tiered,42,0.4100905922229314,0.5737212974456691,0.09719743089999994,0.4733561338656845,P36,0,0.5952380952380952,0.0,0.0,0.0,
F07212,not_tiered,42,-0.18673937574438837,-0.03222081168902439,0.10089945946308593,0.5759749501368314,P36,0,0.0,0.0,0.0,0.0,
F07213,C_detection_pattern,42,-1.0729414360586393,-0.6259564434130493,0.2912693003639183,0.6253117611899096,P31,0,0.0,0.0,1.0,1.0,1.0
F07214,not_tiered,42,0.12423140667844083,0.20340143046476566,0.047684752723290175,0.385234166023506,P13,0,0.0,0.0,1.0,0.0,
F07215,C_detection_pattern,42,0.4257593389622031,0.6277162330790664,0.10914212960487002,0.459311219157367,P34,0,0.0,0.0,1.0,1.0,1.0
F07216,not_tiered,0,,,,,,0,0.0,0.0,0.0,0.0,
F07217,not_tiered,41,-0.9229237525091953,-0.9229237525091953,1.1102230246251565e-16,,P2,0,0.0,0.0,0.0,0.0,
F07218,C_detection_pattern,42,-0.2295443930734713,0.45051653398176406,0.3400304635276178,0.6126872645907202,P32,1,0.0,0.0,1.0,1.0,1.0
F07219,not_tiered,42,0.5495735487606973,0.6251671926030183,0.038888566892588794,0.33983785677187167,P20,0,1.0,0.0,0.0,0.0,
F07220,not_tiered,42,-0.28272292162888946,-0.09412089831833192,0.09756903200586028,0.41404626357967894,P2,0,0.0,0.0,0.0,0.0,
F07221,not_tiered,42,0.23273088494694488,0.33399801404544377,0.06269987168688979,0.44858339641900546,P39,0,0.09523809523809523,0.0,0.0,0.0,
F07222,not_tiered,42,-0.5074367416010368,-0.369347539895341,0.09102457130321417,0.5290204594927361,P21,0,1.0,0.0,0.0,0.0,
F07223,not_tiered,42,-0.6773009358894979,-0.5057210257875214,0.10238271763261997,0.43087451993916787,P18,0,1.0,0.0,0.8333333333333334,0.0,
F07224,not_tiered,42,-0.18597548746675593,0.000830894189224768,0.11175071385180703,0.5525364066897548,P23,1,0.0,0.0,0.0,0.0,
F07225,not_tiered,42,0.6613489179137911,0.7792599735459218,0.06556715153066417,0.4291863761568939,P28,0,1.0,0.0,0.0,0.0,
F07226,not_tiered,42,0.3356509211657108,0.4398201269241607,0.06127363956726434,0.41638470380197856,P39,0,1.0,0.0,0.0,0.0,
F07227,not_tiered,42,0.2005467113546421,0.3067776004933974,0.05502834499209214,0.4120402871059667,P39,0,0.047619047619047616,0.0,0.0,0.0,
F07228,C_detection_pattern,42,0.4187205221671879,0.6018872577521474,0.11610174219340375,0.5432505881527124,P5,0,0.0,0.0,1.0,1.0,1.0
F07229,not_tiered,42,-0.7858675777878622,-0.7006083652719579,0.051137081929672035,0.4755314115409834,P19,0,1.0,0.0,0.0,0.0,
F07230,not_tiered,42,-0.9792457585958496,-0.858451340481444,0.08146376078710404,0.4284359183071401,P42,0,1.0,0.0,0.0,0.0,
F07231,not_tiered,42,-1.8002885201107517,-0.7764862171058076,0.6187390445345473,0.7688918156659349,P34,0,0.0,0.0,0.0,0.0,
F07232,not_tiered,42,-1.0241165474159961,-0.8333447461697139,0.1016383456572395,0.45668950753448795,P36,0,0.0,0.0,0.0,0.0,
F07233,not_tiered,42,0.8213632209021537,1.1373002716382208,0.222851418028837,0.7545859863462862,P18,0,0.0,0.0,1.0,1.0,
F07234,not_tiered,42,-0.3107659830708533,-0.19722232794605868,0.0604427720640236,0.40761005589200605,P20,0,0.0,0.0,0.0,0.0,
F07235,not_tiered,42,0.2950996104219903,0.4729396809842121,0.09017811221600719,0.4673497813691046,P35,0,0.0,0.0,0.7857142857142857,0.7857142857142857,
F07236,not_tiered,0,,,,,,0,0.0,0.0,0.047619047619047616,0.047619047619047616,
F07237,C_detection_pattern,42,-4.466002488797844,-4.199707414861048,0.1337446713276318,0.3942600667869922,P8,0,0.0,0.0,1.0,1.0,1.0
F07238,C_detection_pattern,42,-0.3108161851015394,-0.12848182423864116,0.09948005276556765,0.4710935415484497,P25,0,0.0,0.0,1.0,1.0,1.0
F07239,not_tiered,42,-0.9977851942795555,-0.4657367768316358,0.3260965341910138,0.8708097333465674,P9,0,0.0,0.0,0.0,0.0,
F07240,C_detection_pattern,42,-0.7119018551171556,-0.2677508729765796,0.23377748650253305,0.5476924015164973,P30,0,0.0,0.0,1.0,1.0,1.0
F07241,not_tiered,42,-5.583428945055808,-0.77076517945709,2.406331882799359,1.9671993841218063,P7,0,0.0,0.0,0.0,0.0,
F07242,not_tiered,42,-0.2290705712939073,-0.13558741764848417,0.06306016552893692,0.5901384294540755,P20,0,0.0,0.0,0.0,0.0,
F07243,not_tiered,42,0.49516501309412386,0.6043066709190745,0.06805223597183718,0.4689039706962895,P4,0,1.0,0.0,0.0,0.0,
F07244,not_tiered,42,-0.77004118051357,-0.4423212862226147,0.24403264940203895,0.9222568001314084,P39,0,0.0,0.0,0.0,0.0,
F07245,not_tiered,0,,,,,,0,0.0,0.0,0.0,0.0,
F07246,C_detection_pattern,42,0.4302958456032858,0.5754450755901435,0.07396276618352626,0.30762593306739733,P10,0,0.0,0.0,1.0,1.0,1.0
F07247,not_tiered,0,,,,,,0,0.0,0.0,0.0,0.0,
F07248,not_tiered,42,-0.06792558327288845,1.6578242109466803,0.8628748971097844,1.3012755221099015,P1,1,0.0,0.0,0.0,0.0,
F07249,B_abundance,42,-1.3685216165826026,-1.2269003772140543,0.07460428349008819,0.34028814339062224,P31,0,1.0,1.0,0.0,0.0,1.0
F07250,C_detection_pattern,42,0.6507173064209142,0.8883689306304104,0.14092895655012283,0.5418001397426266,P26,0,0.0,0.0,1.0,1.0,1.0
F07251,C_detection_pattern,42,0.2203998981232882,1.6085703086082486,0.6940852052424802,1.1190966625725987,P1,0,0.0,0.0,1.0,1.0,1.0
F07252,not_tiered,42,-0.6453182190370201,-0.5474615995954161,0.057288460015612386,0.36716842757507706,P19,0,1.0,0.0,0.0,0.0,
F07253,not_tiered,42,-1.0853165464298193,-0.1438966203160259,0.6003238655073169,1.1304585202077135,P1,0,0.0,0.0,1.0,0.0,
F07254,not_tiered,42,-0.03772547668629394,0.08533806981698007,0.07518134303971137,0.484334186128264,P39,11,0.0,0.0,0.8333333333333334,0.7619047619047619,
F07255,C_detection_pattern,42,-0.5650669787128871,-0.32046198351022365,0.12599555460044265,0.3736841340676279,P32,0,0.0,0.0,1.0,1.0,1.0
F07256,C_detection_pattern,42,-3.7711911555224837,-0.19142103284072132,1.7898850613408814,1.831922332501132,P22,0,0.0,0.0,0.9523809523809523,0.9523809523809523,0.9523809523809523
F07257,C_detection_pattern,41,-0.7555544505043148,-0.7555544505043148,0.0,,P2,0,0.0,0.0,1.0,1.0,1.0
F07258,not_tiered,42,-0.13570742447463296,-0.006452715534082459,0.08942571410058195,0.5486203372474728,P42,0,0.0,0.0,0.023809523809523808,0.0,
F07259,not_tiered,42,-0.5161682830350415,-0.428729255606426,0.0506955026344304,0.3766416789289669,P41,0,1.0,0.0,0.0,0.0,
F07260,not_tiered,42,-0.5293166426135932,-0.17192681900811893,0.2043305887098699,0.5238228603982736,P33,0,0.0,0.0,0.0,0.0,
F07261,not_tiered,0,,,,,,0,0.0,0.0,0.0,0.0,
F07262,not_tiered,41,0.6336037982660123,0.6336037982660123,0.0,,P2,0,0.0,0.0,0.0,0.0,
F07263,C_detection_pattern,42,-0.6658762182728346,0.02912661070119409,0.5095406520070175,0.8583932559217198,P25,1,0.0,0.0,1.0,1.0,1.0
F07264,not_tiered,42,-0.6015520086530429,-0.4050850321098823,0.11101858216619015,0.5617209581042292,P3,0,0.2857142857142857,0.0,1.0,1.0,
F07265,not_tiered,42,0.7084509892831733,0.7907799727876436,0.04909385952595313,0.46298668997240866,P20,0,1.0,0.0,0.0,0.0,
F07266,not_tiered,42,-4.247176870836547,-0.9858575414069133,1.6522392588338097,1.4040450653946241,P9,0,0.0,0.0,0.0,0.0,
F07267,not_tiered,41,3.316795654453978,3.316795654453978,0.0,,P2,0,0.0,0.0,0.0,0.0,
F07268,not_tiered,41,-1.7945791812647904,-1.7945791812647904,0.0,,P1,0,0.0,0.0,0.0,0.0,
F07269,not_tiered,42,-0.6987742421983528,-0.5059533475232684,0.11112602539901573,0.4303180504442785,P33,0,0.2857142857142857,0.0,1.0,1.0,
F07270,not_tiered,42,0.5650801036898108,0.6657670875122802,0.0520413560385371,0.36258179083259406,P41,0,1.0,0.0,0.0,0.0,
F07271,not_tiered,42,-0.36016814495289057,-0.18581957768481439,0.1058494138388536,0.5166451376679506,P19,0,0.0,0.0,0.8333333333333334,0.0,
F07272,not_tiered,42,-0.4480225470568291,-0.3888092888540494,0.033871730757380814,0.37947869883170676,P35,0,1.0,0.0,0.0,0.0,
F07273,not_tiered,42,-1.4528103107884107,0.7035245110926436,1.1079200904748256,0.914665377167867,P38,2,0.0,0.0,1.0,1.0,
F07274,not_tiered,42,0.21299669630826892,0.6813518394090371,0.23744949202746557,0.5949176885835622,P32,0,0.0,0.0,0.7142857142857143,0.7142857142857143,
F07275,C_detection_pattern,42,-0.07849514370184067,0.6320799109290036,0.3579787980939639,0.7819423682154992,P9,1,0.0,0.0,1.0,1.0,1.0
F07276,C_detection_pattern,42,-0.6961814066811911,-0.30814497364691285,0.2671305738418888,0.8390604526466721,P16,0,0.0,0.0,1.0,1.0,1.0
F07277,not_tiered,42,-1.2063100112620562,-0.9544495388798669,0.14676845262881566,0.40191394277110504,P9,0,0.0,0.0,1.0,1.0,
F07278,C_detection_pattern,42,-0.6892713140834114,-0.2911765317894459,0.20883491759082828,0.5433706860448052,P31,0,0.0,0.0,1.0,1.0,1.0
F07279,C_detection_pattern,42,0.07771812830059989,0.2762235594944342,0.11985466253253693,0.5288209968368405,P18,0,0.0,0.0,1.0,1.0,1.0
F07280,not_tiered,42,-0.6955522000610724,-0.39464519179889446,0.21036126787515136,0.7059455500741426,P41,0,0.0,0.0,0.0,0.0,
F07281,C_detection_pattern,42,-0.10965278889637695,0.1402976922342993,0.13269154846370496,0.5088612503438802,P22,5,0.0,0.0,1.0,1.0,1.0
F07282,C_detection_pattern,42,0.5130871345162278,0.7555400785526275,0.13829256330905082,0.5880671092832717,P42,0,0.0,0.0,1.0,1.0,1.0
F07283,C_detection_pattern,42,-0.06006020250689326,0.13424532423640623,0.10175738183305613,0.5170052060005682,P22,4,0.0,0.0,1.0,1.0,1.0
F07284,C_detection_pattern,42,-1.4283732354053398,-1.1142998967622337,0.1790143174725145,0.560519760075537,P31,0,0.0,0.0,1.0,1.0,1.0
F07285,not_tiered,42,-1.8450455734423954,-1.3562867132757468,0.28779323943116686,0.7765043449623847,P34,0,0.0,0.0,0.0,0.0,
F07286,B_abundance,42,-2.357347931775568,-2.0973543388637506,0.13615918101403546,0.4061945871659616,P42,0,1.0,1.0,0.0,0.0,1.0
F07287,not_tiered,42,-1.1304952103886015,-0.960910419298961,0.1072096095234849,0.267644150783858,P9,0,0.0,0.0,0.11904761904761904,0.11904761904761904,
F07288,not_tiered,42,-0.3027996273370615,-0.21969551166605678,0.048209361844343324,0.46303611489746765,P42,0,0.9523809523809523,0.0,0.0,0.0,
F07289,not_tiered,42,-1.8162005055661676,-1.1613566833883084,0.34905595367142084,0.4844375233863253,P42,0,0.0,0.0,0.0,0.0,
F07290,not_tiered,42,0.07026112042892901,0.1627631222540308,0.05458114468623701,0.5281375038467349,P22,0,0.0,0.0,0.0,0.0,
F07291,not_tiered,42,-0.22384662685993523,0.1496169662702326,0.2716396284733751,0.7406305112703759,P39,2,0.0,0.0,1.0,1.0,
F07292,not_tiered,41,0.6093239658139993,0.6093239658139993,0.0,,P1,0,0.0,0.0,0.0,0.0,
F07293,C_detection_pattern,42,-2.5251743362423427,-1.0089624146933813,0.7796284323477876,0.9208313709418232,P1,0,0.0,0.0,1.0,1.0,1.0
F07294,C_detection_pattern,42,-4.396307449199621,-1.7347468487860596,1.5312888043114863,1.5089700452445192,P3,0,0.0,0.0,1.0,1.0,1.0
F07295,not_tiered,42,-1.4683978146911065,-1.1174153674573248,0.18235949683810238,0.4669610717033193,P1,0,0.0,0.0,0.0,0.0,
F07296,not_tiered,42,-1.1322519407737006,-0.7981356255920842,0.18781607724364824,0.45185917737186465,P35,0,0.0,0.0,0.0,0.0,
F07297,B_abundance,42,0.9545722565677502,1.0686026407184244,0.06506030074417701,0.47936627467077586,P22,0,1.0,0.6428571428571429,0.0,0.0,0.6428571428571429
F07298,not_tiered,42,-0.3683022779869405,-0.20544095383182354,0.10211064243509665,0.5530397635209796,P21,0,0.0,0.0,0.0,0.0,
F07299,B_abundance,42,-1.7136534470768954,-1.5481269795914414,0.0974254047088654,0.40461939139319264,P19,0,1.0,1.0,0.0,0.0,1.0
F07300,B_abundance,42,1.0939752051221474,1.230360942455616,0.07072882723540053,0.478251799449395,P40,0,1.0,1.0,1.0,1.0,1.0
F07301,not_tiered,42,0.7022183455516191,0.777974851934974,0.039093555984948014,0.41497445302725416,P23,0,1.0,0.0,0.0,0.0,
F07302,not_tiered,42,0.4904212754153334,0.559589156250819,0.039379674089326744,0.390489500183049,P15,0,1.0,0.0,0.0,0.0,
F07303,not_tiered,42,0.15730564865956023,0.22494313420746476,0.03587320944100866,0.3582687009796002,P39,0,0.023809523809523808,0.0,0.0,0.0,
F07304,B_abundance,42,-1.1616364820371021,-1.0717480971760651,0.0509853367511397,0.3540292342090127,P21,0,1.0,1.0,0.0,0.0,1.0
F07305,B_abundance,42,2.5067963584059685,2.72646909063415,0.14162102351769867,0.5610034624145503,P1,0,1.0,1.0,0.0,0.0,1.0
F07306,not_tiered,42,-0.30907764502602386,-0.2242137826190328,0.042746495710888455,0.3055618915385619,P37,0,0.023809523809523808,0.0,0.0,0.0,
F07307,not_tiered,42,-0.19909044174421922,0.6166334051158946,0.5598083128507149,0.9516041247531533,P23,1,0.0,0.0,1.0,1.0,
F07308,C_detection_pattern,0,,,,,,0,0.0,0.0,1.0,1.0,1.0
F07309,not_tiered,0,,,,,,0,0.0,0.0,1.0,0.0,
F07310,not_tiered,41,-4.917660064078125,-4.917660064078125,0.0,,P1,0,0.0,0.0,0.0,0.0,
F07311,C_detection_pattern,0,,,,,,0,0.0,0.0,1.0,1.0,1.0
F07312,not_tiered,42,-0.6676919941565019,-0.4342083458098101,0.18002367194497254,0.7193413789788049,P39,0,0.0,0.0,0.0,0.0,
F07313,C_detection_pattern,42,0.5073589291415012,1.7129986583310435,0.8538556099918572,1.1438091092460307,P23,0,0.0,0.0,1.0,1.0,1.0
F07314,not_tiered,0,,,,,,0,0.0,0.0,0.0,0.0,
F07315,C_detection_pattern,42,-0.6400677457286109,0.39865166504615246,0.5379300927766065,0.9370530788115009,P17,2,0.0,0.0,1.0,1.0,1.0
F07316,not_tiered,42,0.485457873359402,0.5580410789072914,0.042849581813590665,0.35434087465296177,P16,0,1.0,0.0,0.0,0.0,
F07317,not_tiered,0,,,,,,0,0.0,0.0,0.0,0.0,
F07318,not_tiered,0,,,,,,0,0.0,0.0,0.0,0.0,
F07319,not_tiered,42,-2.6502643658290834,-0.8930027920932898,0.9115193611994806,0.8420700983910059,P31,0,0.0,0.0,0.0,0.0,
F07320,not_tiered,42,-3.135296452390198,-2.6597886498299395,0.2552916727454746,0.42780918622510733,P16,0,0.0,0.0,0.7142857142857143,0.7142857142857143,
F07321,B_abundance,42,-2.8816524262480296,-2.544216449487086,0.17449463196297854,0.3400537897746261,P41,0,1.0,1.0,0.0,0.0,1.0
F07322,B_abundance,42,-3.2517402095740575,-2.9147811569967947,0.184849307925242,0.3252348782372963,P40,0,1.0,1.0,0.0,0.0,1.0
F07323,not_tiered,42,-4.307401808506131,-3.486983555885291,0.5041397074883349,0.6684206801975308,P16,0,0.0,0.0,0.07142857142857142,0.07142857142857142,
F07324,not_tiered,42,-2.7424399049039927,-2.36432173985545,0.2049644797517649,0.40663594876598846,P10,0,0.0,0.0,0.0,0.0,
F07325,not_tiered,41,2.7087337728111276,2.7087337728111276,4.440892098500626e-16,,P1,0,0.0,0.0,0.7380952380952381,0.7380952380952381,
F07326,not_tiered,42,-2.13658723961934,-1.7814131504788289,0.17870887656050516,0.3233164714797926,P40,0,1.0,0.0,0.0,0.0,
F07327,not_tiered,42,0.5428939337883301,0.5948033739643303,0.027216585057108222,0.3687629207562871,P2,0,1.0,0.0,0.0,0.0,
F07328,not_tiered,42,-0.012087351465819296,0.10933415994778928,0.0677447748843098,0.4736651149951148,P14,1,0.0,0.0,1.0,1.0,
F07329,not_tiered,42,0.16947167087355736,0.25759532680923786,0.049195476230150664,0.4071078628567374,P19,0,0.047619047619047616,0.0,0.8333333333333334,0.0,
F07330,not_tiered,42,0.8498654070114284,1.7914593723671004,0.470796982677836,0.8192952648619104,P4,0,0.0,0.0,0.0,0.0,
F07331,C_detection_pattern,41,-2.1467188070405463,-2.1467188070405463,0.0,,P2,0,0.0,0.0,1.0,1.0,1.0
F07332,B_abundance,42,-2.418031375642631,-2.251713458140219,0.08890035650326178,0.41602818703906813,P32,0,1.0,1.0,0.0,0.0,1.0
F07333,not_tiered,42,-1.9220813083447594,-1.6572247417663593,0.17062710399580316,0.6397259816914364,P23,0,0.0,0.0,0.07142857142857142,0.07142857142857142,
F07334,C_detection_pattern,42,-0.04127228388465132,0.2362235031413934,0.1676607200495974,0.5410587763475432,P37,4,0.0,0.0,1.0,1.0,1.0
F07335,C_detection_pattern,42,0.28845918853264496,0.6485714632939564,0.2502750913128307,0.6957199958580158,P42,0,0.0,0.0,1.0,1.0,1.0
F07336,B_abundance,42,-4.305595327034622,-4.042233326130917,0.1516384351400486,0.4855248747421459,P1,0,1.0,1.0,0.0,0.0,1.0
F07337,C_detection_pattern,42,-0.6075216574569353,0.9519910195367256,0.7797563384968305,1.2161278085027094,P1,1,0.0,0.0,1.0,1.0,1.0
F07338,not_tiered,42,-0.3558591467513764,-0.14303272326902455,0.12659661793394322,0.45064724121735955,P31,0,0.0,0.0,1.0,1.0,
F07339,not_tiered,42,-0.7476884832689024,-0.680628923402274,0.03442072569312982,0.31731875459290954,P15,0,1.0,0.0,0.0,0.0,
F07340,not_tiered,42,-0.8126711472620786,-0.7384572694706438,0.038719486525835456,0.36530540435182346,P15,0,1.0,0.0,0.0,0.0,
F07341,not_tiered,42,-1.8797825225949616,0.10831973265480555,1.3155931190623862,1.2577852221938677,P34,1,0.0,0.0,0.0,0.0,
F07342,not_tiered,42,-0.9008263575894088,-0.785938962054614,0.06342811521051939,0.4587842940348697,P8,0,1.0,0.0,0.0,0.0,
F07343,C_detection_pattern,42,-2.5797953626990378,-1.8665110626925332,0.4527433197763633,0.5157573717926341,P31,0,0.0,0.0,1.0,1.0,1.0
F07344,not_tiered,42,-0.04464244993529727,0.05907889068499741,0.0705085800321924,0.5374267212021124,P19,7,0.0,0.0,0.0,0.0,
F07345,not_tiered,42,0.2814237062849858,0.42385452897592424,0.08411923850572478,0.5395950270628875,P4,0,0.7619047619047619,0.0,1.0,0.7619047619047619,
F07346,not_tiered,42,0.8028917547656333,0.9631447146892478,0.08080661106028142,0.4560678473117541,P19,0,1.0,0.0,0.0,0.0,
F07347,not_tiered,42,0.8175615767183044,0.9855101720298117,0.1189238468921956,0.598292227671692,P41,0,0.0,0.0,1.0,1.0,
F07348,not_tiered,42,-0.17769415794699167,-0.10884714179474764,0.04693355655060205,0.4387278074822326,P4,0,0.0,0.0,0.0,0.0,
F07349,C_detection_pattern,42,4.031657178821486,5.211693439336239,0.6441204436977124,0.5876073264073862,P37,0,0.0,0.0,1.0,1.0,1.0
F07350,not_tiered,42,-0.281841946213203,-0.23436816675171243,0.024901062016129655,0.29787771486964837,P42,0,1.0,0.0,0.0,0.0,
F07351,not_tiered,41,0.7545409631757884,0.7545409631757884,0.0,,P2,0,0.0,0.0,0.0,0.0,
F07352,not_tiered,42,0.7872676608012347,0.8889577820517248,0.0668931906679624,0.5175057224236471,P23,0,1.0,0.0,0.0,0.0,
F07353,not_tiered,42,-0.1836501641445777,0.14582910164039847,0.179118430432413,0.5428461021828578,P29,14,0.0,0.0,1.0,1.0,
F07354,not_tiered,42,-0.4868428404411439,-0.36344385276935365,0.08508542642531214,0.5916037495677297,P18,0,1.0,0.0,0.0,0.0,
F07355,not_tiered,41,-0.9389343372131158,-0.9389343372131158,0.0,,P2,0,0.0,0.0,0.0,0.0,
F07356,not_tiered,41,0.11160212285500215,0.11160212285500215,5.551115123125783e-17,,P1,0,0.0,0.0,0.0,0.0,
F07357,C_detection_pattern,42,0.3197865687498318,0.7615658152530488,0.2306298004961198,0.6624714003498962,P36,0,0.0,0.0,1.0,1.0,1.0
F07358,not_tiered,42,0.4286740839318598,0.5085703338939056,0.0458205673455101,0.5170349112292304,P21,0,1.0,0.0,0.0,0.0,
F07359,C_detection_pattern,42,0.632459882819624,1.43716155662275,0.5696444005261869,0.8695384355358944,P37,0,0.0,0.0,1.0,1.0,1.0
F07360,C_detection_pattern,42,0.8728881993873648,1.315914067367781,0.25711384576608964,0.8167996485821075,P33,0,0.0,0.0,1.0,1.0,1.0
F07361,not_tiered,42,0.26927266910496106,0.41685011691876306,0.07393297571137036,0.4567325679796231,P9,0,0.0,0.0,1.0,1.0,
F07362,not_tiered,42,-1.1687683262338937,-0.990314029179779,0.10211921488075859,0.40933576999479454,P31,0,1.0,0.9761904761904762,0.9523809523809523,0.7619047619047619,
F07363,C_detection_pattern,42,0.39268590921519,0.6306694695614259,0.12076115757643813,0.511276616516272,P28,0,0.0,0.0,1.0,1.0,1.0
F07364,not_tiered,42,0.011835011649296418,0.10993797094964261,0.05895900543208961,0.48587757416071164,P33,0,0.0,0.0,1.0,1.0,
F07365,C_detection_pattern,42,-0.11093423128108497,0.3209515585632996,0.2987825077980784,0.9283153776186361,P35,4,0.0,0.0,1.0,1.0,1.0
F07366,C_detection_pattern,42,-1.0973617850170938,-0.2716830438363371,0.4250778290191576,0.7747375922184739,P39,0,0.0,0.0,1.0,1.0,1.0
F07367,not_tiered,42,-0.03760725967433487,0.046213314135592154,0.051793506945465556,0.4408976522100554,P29,11,0.0,0.0,1.0,0.0,
F07368,C_detection_pattern,42,-0.6611134574630249,-0.2580320150985215,0.204432267317816,0.5836252337768945,P39,0,0.0,0.0,1.0,1.0,1.0
F07369,C_detection_pattern,42,0.5416460374374744,0.7440499918672311,0.10596642453761995,0.4493806195194001,P28,0,0.0,0.0,1.0,1.0,1.0
F07370,not_tiered,0,,,,,,0,0.0,0.0,0.0,0.0,
F07371,B_abundance,42,1.4122751310718054,1.5733683016046462,0.08617884988373059,0.5467039889032156,P1,0,1.0,1.0,1.0,0.0,1.0
F07372,not_tiered,42,-0.6773343892818366,-0.5015040821954856,0.10673750992686304,0.4400901130397463,P35,0,1.0,0.0,0.0,0.0,
F07373,not_tiered,42,-1.1003183386282869,-0.9510550930109571,0.07704047972287098,0.37316290054898776,P1,0,1.0,0.7380952380952381,0.0,0.0,
F07374,not_tiered,42,0.3916220205905536,0.4586349012517874,0.03575291555795945,0.3578860224606457,P19,0,1.0,0.0,0.0,0.0,
F07375,not_tiered,42,-0.6895235286337699,-0.5780931196464183,0.08291217218364388,0.5752600459235655,P2,0,1.0,0.0,0.0,0.0,
F07376,B_abundance,42,-2.8917263361064327,-2.626275341221724,0.13296957767399276,0.3060261460215528,P19,0,1.0,1.0,0.0,0.0,1.0
F07377,B_abundance,42,-3.11016711421485,-2.8033960144009322,0.15636628029021393,0.3213419560555109,P16,0,1.0,1.0,0.0,0.0,1.0
F07378,B_abundance,42,-1.8162942677014509,-1.6350658837916443,0.10309404096332231,0.34284927949500577,P19,0,1.0,1.0,0.0,0.0,1.0
F07379,not_tiered,42,0.5962713055942088,0.6744172805268297,0.04443606887932605,0.3733819196102075,P23,0,1.0,0.0,0.0,0.0,
F07380,not_tiered,42,0.3967948187635052,0.5327047592332622,0.08374231849940422,0.5349629046001011,P26,0,0.0,0.0,1.0,1.0,
F07381,not_tiered,42,-0.13841702970074843,-0.06895918143104474,0.037735792771248625,0.3747574627297742,P16,0,0.0,0.0,0.0,0.0,
F07382,not_tiered,42,-0.3337510454528528,-0.25438613096238355,0.04063697922545867,0.3456876385382608,P5,0,1.0,0.0,0.0,0.0,
F07383,C_detection_pattern,42,-1.1234395929368175,-0.9134891039739159,0.10792945653704189,0.3707880102823073,P20,0,0.2857142857142857,0.0,1.0,1.0,1.0
F07384,B_abundance,42,-1.5410330030306854,-1.3549150667776466,0.10943338527676572,0.412619092302793,P25,0,1.0,1.0,0.0,0.0,1.0
F07385,not_tiered,42,0.15184939419584656,0.21465542562586634,0.03408411459383934,0.3685604655228139,P31,0,0.07142857142857142,0.0,0.0,0.0,
F07386,not_tiered,42,-2.1390128231682466,-1.6446716670292958,0.27739118728066425,0.7084391237172658,P10,0,0.0,0.0,0.0,0.0,
F07387,C_detection_pattern,42,-0.24368944740024964,0.6835781718116088,0.49811370216568035,0.9706056068132648,P12,1,0.0,0.0,1.0,1.0,1.0
F07388,not_tiered,42,-0.3696140117431565,-0.14832394755462144,0.1411469294660315,0.6450459020013789,P37,0,0.0,0.0,1.0,1.0,
F07389,not_tiered,0,,,,,,0,0.0,0.0,0.0,0.0,
F07390,not_tiered,42,1.6228470186244408,1.6409229977551867,0.009037989565373161,0.01696510779225749,P30,0,0.0,0.0,0.0,0.0,
F07391,not_tiered,42,-0.055996372192242974,0.14070957973291576,0.13763148521603377,0.7297122440692257,P6,1,0.0,0.0,0.0,0.0,
F07392,C_detection_pattern,42,-1.3276662276426656,-0.4887311746203193,0.5333657257508098,0.8952645854097104,P10,0,0.0,0.0,1.0,1.0,1.0
F07393,not_tiered,42,0.13585689404956383,0.20771632813506413,0.04307078185860386,0.4263879493183318,P2,0,0.0,0.0,0.0,0.0,
F07394,not_tiered,42,0.30925740047400563,0.3610488894153256,0.033147157048834086,0.43263475043089705,P22,0,1.0,0.0,0.0,0.0,
F07395,C_detection_pattern,42,-0.7922066342545877,-0.45262193148764523,0.22206915084864381,0.6498539697827141,P2,0,0.0,0.0,1.0,1.0,1.0
F07396,not_tiered,42,-1.1898571304200898,-0.9966623982048423,0.13938680516780744,0.47028852372296387,P18,0,1.0,0.9761904761904762,0.0,0.0,
F07397,not_tiered,42,-0.19704555737287532,-0.07433850210506265,0.062326701734839146,0.3892255126548688,P15,0,0.0,0.0,1.0,1.0,
F07398,C_detection_pattern,0,,,,,,0,0.0,0.0,1.0,1.0,1.0
F07399,not_tiered,0,,,,,,0,0.0,0.0,0.6190476190476191,0.0,
F07400,not_tiered,42,-0.98343896921922,-0.09664339056349351,0.5668137572138691,1.1154904544856064,P6,0,0.0,0.0,0.0,0.0,
F07401,C_detection_pattern,42,-0.040026782633404534,0.17513586185060626,0.14025680637858023,0.6228976093099782,P35,1,0.0,0.0,1.0,1.0,1.0
F07402,C_detection_pattern,42,0.32202021683853066,0.4796289870983939,0.09357984576092249,0.48577924344142637,P39,0,0.0,0.0,1.0,1.0,1.0
F07403,not_tiered,42,-0.1273340383354551,-0.046967556080944016,0.05095870301142678,0.4221966014939077,P19,0,0.0,0.0,0.0,0.0,
F07404,C_detection_pattern,42,-0.6767441595453072,-0.4679418309429426,0.1275029465529398,0.5575580415188715,P4,0,0.0,0.0,1.0,1.0,1.0
F07405,not_tiered,41,1.2914013346353972,1.2914013346353972,0.0,,P1,0,0.0,0.0,0.0,0.0,
F07406,not_tiered,42,-0.28750002061799584,-0.11108506347694735,0.08820747857052424,0.1651050073213874,P1,0,0.0,0.0,0.0,0.0,
F07407,not_tiered,0,,,,,,0,0.0,0.0,0.0,0.0,
F07408,C_detection_pattern,42,-0.05983695772312769,0.09137405608082831,0.0946640423592375,0.5666565028972812,P5,7,0.0,0.0,1.0,1.0,1.0
F07409,C_detection_pattern,42,-0.4053775295375092,-0.011665411395361983,0.21123909037677033,0.48994519299547357,P35,0,0.0,0.0,1.0,1.0,1.0
F07410,not_tiered,42,-0.04842315829380911,0.019976798773673976,0.03433223114959681,0.374476593065011,P6,6,0.0,0.0,0.023809523809523808,0.0,
F07411,not_tiered,42,-0.045923433443291875,0.09078185578615623,0.09084640438813697,0.6059391488028428,P6,1,0.0,0.0,0.8333333333333334,0.0,
F07412,C_detection_pattern,42,0.3322379088273153,0.46177401702472476,0.07875591542130772,0.5430252527429843,P38,0,0.0,0.0,1.0,1.0,1.0
F07413,not_tiered,42,-0.20865879337927337,-0.0906376505390418,0.06918527101840757,0.5346094758676865,P39,0,0.0,0.0,1.0,1.0,
F07414,not_tiered,0,,,,,,0,0.0,0.0,0.0,0.0,
F07415,not_tiered,42,-4.217454415669451,-0.9767796287817333,2.2596939556125824,1.193774952874838,P24,0,0.0,0.0,1.0,1.0,
F07416,not_tiered,41,-0.30830230516883894,-0.30830230516883894,5.551115123125783e-17,,P2,0,0.0,0.0,0.0,0.0,
F07417,not_tiered,0,,,,,,0,0.0,0.0,0.0,0.0,
F07418,C_detection_pattern,42,1.307753152869223,2.421721442737104,0.5886782672308801,0.9932138228948626,P34,0,0.0,0.0,1.0,1.0,1.0
F07419,not_tiered,0,,,,,,0,0.0,0.0,0.0,0.0,
F07420,C_detection_pattern,0,,,,,,0,0.0,0.0,0.8809523809523809,0.8809523809523809,0.8809523809523809
F07421,not_tiered,42,-0.6799484272464669,-0.5536656235810955,0.06825614159906479,0.3451041025190733,P7,0,1.0,0.0,0.023809523809523808,0.0,
F07422,not_tiered,0,,,,,,0,0.0,0.0,0.0,0.0,
F07423,not_tiered,42,0.7659431952997056,0.8683373462824805,0.05150156860462629,0.3359885987316466,P26,0,1.0,0.0,0.0,0.0,
F07424,not_tiered,42,0.4107598561394528,0.5700639202312476,0.08147340180026863,0.4334127974712346,P21,0,1.0,0.0,1.0,0.7619047619047619,
F07425,not_tiered,42,-1.5272712629579797,-0.009315629767849387,0.7589778165950651,1.1934788497975226,P15,0,0.0,0.0,0.07142857142857142,0.07142857142857142,
F07426,not_tiered,41,-0.32084996810143807,-0.32084996810143807,5.551115123125783e-17,,P2,0,0.0,0.0,0.0,0.0,
F07427,not_tiered,42,0.3222536498390957,0.3820241625861722,0.03467203390448015,0.39446751779685874,P2,0,1.0,0.0,0.0,0.0,
F07428,not_tiered,42,0.6097303509521751,0.756870458077637,0.08859094004860646,0.45384614689033664,P28,0,0.0,0.0,1.0,1.0,
F07429,not_tiered,42,0.2412845169605948,0.2836314367087074,0.0237080460387665,0.343940575104734,P42,0,1.0,0.0,0.0,0.0,
F07430,not_tiered,42,-0.5006996754952867,-0.2941433142659404,0.1168953600037202,0.44325743441053256,P21,0,0.0,0.0,0.0,0.0,
F07431,not_tiered,0,,,,,,0,0.0,0.0,0.0,0.0,
F07432,C_detection_pattern,42,-1.230378335880939,-0.7226392567341614,0.2985784787067124,0.8790579701476103,P19,0,0.0,0.0,1.0,1.0,1.0
F07433,C_detection_pattern,42,0.6087617755080403,0.8824154441477299,0.14415773032424406,0.4773848848907466,P1,0,0.0,0.0,1.0,1.0,1.0
F07434,C_detection_pattern,42,0.37979242838017324,1.215113694218103,0.47279229211173035,0.8891728454453325,P35,0,0.0,0.0,1.0,1.0,1.0
F07435,not_tiered,41,-1.283719249911897,-1.283719249911897,0.0,,P2,0,0.0,0.0,0.0,0.0,
F07436,not_tiered,42,0.3389913112923366,0.49759234102244604,0.08792044791061226,0.42941197324126584,P40,0,0.09523809523809523,0.0,0.023809523809523808,0.0,
F07437,C_detection_pattern,42,-0.06274458398312786,0.14805466308790674,0.14644408597372846,0.6728779839710639,P32,1,0.0,0.0,1.0,1.0,1.0
F07438,not_tiered,41,-3.812781507935579,-3.812781507935579,0.0,,P1,0,0.0,0.0,0.0,0.0,
F07439,C_detection_pattern,42,-0.2923729111251418,0.40641487280952615,0.532008701553158,0.9688377891778742,P42,1,0.0,0.0,1.0,1.0,1.0
F07440,C_detection_pattern,41,0.14447250591286398,0.14447250591286398,8.326672684688674e-17,,P2,0,0.0,0.0,1.0,1.0,1.0
F07441,C_detection_pattern,42,-0.6936801449822493,-0.21824963086625004,0.35047516649630067,1.0117489156746866,P13,0,0.0,0.0,1.0,1.0,1.0
F07442,not_tiered,42,-1.8259789106501405,-0.9868337878808316,0.5210863850801153,0.5566094825534337,P23,0,0.0,0.0,0.0,0.0,
F07443,C_detection_pattern,42,0.14126812361523078,0.9018954473406857,0.495168553177993,0.8994014045980617,P25,0,0.0,0.0,1.0,1.0,1.0
F07444,not_tiered,42,-1.025805141157898,-0.9267512328076571,0.05385588678836284,0.4003993966887435,P18,0,1.0,0.14285714285714285,0.0,0.0,
F07445,B_abundance,42,-1.10263341502849,-0.9769257160943674,0.0755278040392715,0.4923569648153752,P6,0,1.0,0.8333333333333334,0.0,0.0,0.8333333333333334
F07446,not_tiered,42,-0.03340392612135468,0.04730151675885608,0.04304641611870308,0.38515503442045673,P33,16,0.0,0.0,1.0,0.0,
F07447,not_tiered,42,0.5988892894413482,0.717030701832342,0.0643983725680195,0.47809815061296623,P42,0,1.0,0.0,0.0,0.0,
F07448,C_detection_pattern,42,-1.2161162534289969,-0.5254769777781093,0.3537288199132237,0.7197474850799195,P11,0,0.0,0.0,1.0,1.0,1.0
F07449,C_detection_pattern,42,0.03823392939808912,0.34694570953294107,0.17249367559116108,0.6530653050464897,P35,0,0.0,0.0,1.0,1.0,1.0
F07450,not_tiered,42,0.1662913167061907,0.3050562370623821,0.09718701767356822,0.6345080758486368,P23,0,0.023809523809523808,0.0,1.0,0.0,
F07451,not_tiered,42,-0.3432699969211665,-0.06821288978002336,0.17079554274385633,0.663913080724463,P4,0,0.0,0.0,1.0,1.0,
F07452,C_detection_pattern,42,-0.3205854042780415,0.01543118006915392,0.1775044357343466,0.5322161855618246,P22,2,0.0,0.0,1.0,1.0,1.0
F07453,not_tiered,41,-3.965120709778941,-3.965120709778941,0.0,,P2,0,0.0,0.0,0.023809523809523808,0.0,
F07454,not_tiered,42,0.2940657347771189,0.4047524656819963,0.07149263637781189,0.4660487504891593,P42,0,0.19047619047619047,0.0,1.0,0.0,
F07455,not_tiered,42,-0.9884306329279035,-0.31784246084980017,0.37477878838057954,0.7404210364056167,P35,0,0.0,0.0,0.0,0.0,
F07456,not_tiered,42,0.2102105331913615,0.32232190895284785,0.06341148392093104,0.49491490796584353,P21,0,0.09523809523809523,0.0,0.0,0.0,
F07457,C_detection_pattern,41,-0.15256260326906634,-0.15256260326906634,5.551115123125783e-17,,P2,0,0.0,0.0,1.0,1.0,1.0
F07458,C_detection_pattern,42,-0.14900253637969385,0.2594394433191002,0.25094634796488396,0.7436612928841002,P4,3,0.0,0.0,1.0,1.0,1.0
F07459,C_detection_pattern,42,-1.3460269792721786,-0.301582130622716,0.5932486301634217,1.0224555657626335,P30,0,0.0,0.0,1.0,1.0,1.0
F07460,C_detection_pattern,42,-0.8614145542007281,-0.2256014565954766,0.4061090324276645,0.5985137867388669,P42,0,0.0,0.0,1.0,1.0,1.0
F07461,C_detection_pattern,42,0.679517353694888,1.0121335922519306,0.20007213919347644,0.6332480687331346,P27,0,0.0,0.0,1.0,1.0,1.0
F07462,not_tiered,41,0.34444317059330665,0.34444317059330665,5.551115123125783e-17,,P2,0,0.0,0.0,0.0,0.0,
F07463,not_tiered,41,-0.5141963130876341,-0.5141963130876341,0.0,,P2,0,0.0,0.0,0.0,0.0,
F07464,not_tiered,42,-0.5119685976517434,-0.3663237225150597,0.09571277722464794,0.5582979615560119,P21,0,1.0,0.0,0.0,0.0,
F07465,not_tiered,0,,,,,,0,0.0,0.0,0.0,0.0,
F07466,not_tiered,0,,,,,,0,0.0,0.0,0.0,0.0,
F07467,C_detection_pattern,42,0.48482149917325507,0.6894818666913436,0.1421078504721358,0.6323630105313593,P35,0,0.0,0.0,1.0,1.0,1.0
F07468,not_tiered,42,-0.4697967400095231,0.35583457100481586,0.5298870614440796,1.091864764638742,P13,1,0.0,0.0,0.0,0.0,
F07469,C_detection_pattern,42,-0.11962164515800448,0.8715627933539984,0.61693331901814,1.0863508600556941,P36,1,0.0,0.0,1.0,1.0,1.0
F07470,not_tiered,0,,,,,,0,0.0,0.0,0.0,0.0,
F07471,C_detection_pattern,42,2.1264446827874415,2.5627574446015893,0.2474424341370809,0.4275796517459604,P33,0,0.0,0.0,1.0,1.0,1.0
F07472,not_tiered,41,0.6853127036207898,0.6853127036207898,0.0,,P2,0,0.0,0.0,0.0,0.0,
F07473,C_detection_pattern,42,-0.9017692154200176,-0.6162103450735548,0.1673979358116412,0.6828321071842282,P34,0,0.0,0.0,1.0,1.0,1.0
F07474,not_tiered,42,-0.3209821319813306,0.10101384345030298,0.2588102541409178,0.7203649291830098,P30,1,0.0,0.0,0.8809523809523809,0.8809523809523809,
F07475,C_detection_pattern,42,-0.7394472396654642,0.2319111234162115,0.6759125930372551,1.1632651459200323,P32,1,0.0,0.0,1.0,1.0,1.0
F07476,not_tiered,42,-0.5925924234634334,-0.4186972397689485,0.1051006853208864,0.5339049225607808,P21,0,0.0,0.0,0.5952380952380952,0.5952380952380952,
F07477,C_detection_pattern,42,0.03944916712220348,0.25817582388663585,0.13687897706393826,0.33902362402960345,P22,0,0.0,0.0,1.0,1.0,1.0
F07478,C_detection_pattern,42,-0.7765375503027759,0.18631290452275617,0.6721292180301894,1.0828096919138306,P15,1,0.0,0.0,1.0,1.0,1.0
F07479,not_tiered,42,0.152527496410652,0.24662647832743764,0.05679664730798514,0.4646004302953874,P42,0,0.0,0.0,0.0,0.0,
F07480,not_tiered,42,-0.10241040627367211,-0.03120293550400697,0.044900417770132206,0.4809693098437707,P31,0,0.0,0.0,0.0,0.0,
F07481,not_tiered,42,0.6328059394698686,2.7456410386773653,1.5072154434795804,1.2619812194991025,P42,0,0.0,0.0,0.0,0.0,
F07482,C_detection_pattern,0,,,,,,0,0.0,0.0,1.0,1.0,1.0
F07483,not_tiered,42,-0.19232821937327338,-0.1478681041439261,0.02533570988353387,0.33358447003859554,P19,0,0.30952380952380953,0.0,0.0,0.0,
F07484,not_tiered,42,-0.19273921419010304,0.049920648923234084,0.16075515748774424,0.6574977189308802,P39,5,0.0,0.0,1.0,1.0,
F07485,not_tiered,41,1.2076517501627713,1.2076517501627713,0.0,,P1,0,0.0,0.0,0.0,0.0,
F07486,not_tiered,42,-1.046709851866308,-0.5429969836481634,0.27314449987750333,0.5894907009508658,P34,0,0.0,0.0,0.0,0.0,
F07487,not_tiered,42,0.14132501801900837,0.26642159821273176,0.06679702236707954,0.4328766504800124,P38,0,0.0,0.0,1.0,1.0,
F07488,not_tiered,41,-0.7332341990260982,-0.7332341990260982,0.0,,P2,0,0.0,0.0,0.0,0.0,
F07489,not_tiered,42,-1.62872529753023,-1.0786133118708676,0.36328753069440056,0.9584521414805621,P9,0,0.0,0.0,0.0,0.0,
F07490,C_detection_pattern,0,,,,,,0,0.0,0.0,1.0,1.0,1.0
F07491,C_detection_pattern,0,,,,,,0,0.0,0.0,0.7142857142857143,0.7142857142857143,0.7142857142857143
F07492,not_tiered,42,-0.5955898593299419,-0.49209917782175694,0.05878875082969004,0.5117320609848914,P23,0,1.0,0.0,0.0,0.0,
F07493,C_detection_pattern,42,0.7001661233375528,0.9006365047847603,0.1489010199249956,0.7414764027776617,P41,0,0.0,0.0,1.0,1.0,1.0
F07494,not_tiered,42,-0.7104778215681602,0.22156715910064406,0.4660224903344022,0.8121391316702274,P41,1,0.0,0.0,0.0,0.0,
F07495,B_abundance,42,-1.1920530933492859,-0.9828584613225918,0.1325430569674001,0.5998346840892115,P42,0,1.0,0.9761904761904762,0.0,0.0,0.9761904761904762
F07496,C_detection_pattern,42,0.04880536600795082,0.33258959214106065,0.15050677265488996,0.5698758082979597,P1,0,0.0,0.0,1.0,1.0,1.0
F07497,not_tiered,0,,,,,,0,0.0,0.0,0.0,0.0,
F07498,B_abundance,42,-1.3135624642245665,-1.2321918839098864,0.04277824759458748,0.3374777507459979,P18,0,1.0,1.0,0.0,0.0,1.0
F07499,B_abundance,42,-1.406037028089742,-1.264287344829747,0.09060853391401014,0.47348929261919415,P35,0,1.0,1.0,0.0,0.0,1.0
F07500,not_tiered,42,-0.014523309596989671,0.04171722795157058,0.03070053698721488,0.34769632626923663,P37,6,0.0,0.0,0.0,0.0,
F07501,not_tiered,0,,,,,,0,0.0,0.0,0.0,0.0,
F07502,not_tiered,42,-1.4237819896694957,-1.0157134898993092,0.2217484305772135,0.49888871286379977,P3,0,0.0,0.0,0.0,0.0,
F07503,not_tiered,42,-0.7855968106218683,-0.2795445510718654,0.25576188091628793,0.5330889438709785,P30,0,0.0,0.0,0.0,0.0,
F07504,not_tiered,42,-0.9242683987447464,-0.8162299045867343,0.055722845094012596,0.35965591823493936,P35,0,1.0,0.0,0.0,0.0,
F07505,not_tiered,0,,,,,,0,0.0,0.0,0.0,0.0,
F07506,C_detection_pattern,42,-0.6100697645382518,-0.28445699916764694,0.17914663960364063,0.5325605697559663,P5,0,0.0,0.0,1.0,1.0,1.0
F07507,not_tiered,0,,,,,,0,0.0,0.0,0.0,0.0,
F07508,C_detection_pattern,42,0.07949509687613165,0.7173699817298571,0.3418829044442419,0.7566937455980336,P32,0,0.0,0.0,1.0,1.0,1.0
F07509,not_tiered,42,0.8282353841274226,1.4397651024628049,0.38417910064646854,0.8421218592128695,P22,0,0.0,0.0,0.11904761904761904,0.11904761904761904,
F07510,not_tiered,42,-1.5770737294844066,-1.1017202844919387,0.2765973757354676,0.6518647034552734,P1,0,0.0,0.0,0.0,0.0,
F07511,not_tiered,42,-0.651351317604827,-0.14198798337001248,0.3588843401225047,0.8517079706654056,P23,0,0.0,0.0,1.0,1.0,
F07512,not_tiered,42,-1.8661417071210336,-1.7205798574653208,0.07303543683192992,0.1832283416983517,P1,0,0.0,0.0,0.0,0.0,
F07513,C_detection_pattern,42,0.05268089024209512,0.4645475741813382,0.2679785591298454,0.7795165435295345,P38,0,0.0,0.0,1.0,1.0,1.0
F07514,C_detection_pattern,41,-1.151436538137954,-1.151436538137954,0.0,,P2,0,0.0,0.0,1.0,1.0,1.0
F07515,not_tiered,0,,,,,,0,0.0,0.0,0.0,0.0,
F07516,not_tiered,42,-0.10067974829936818,0.004097040935112612,0.06412015197281688,0.4331472361410609,P19,1,0.0,0.0,0.0,0.0,
F07517,not_tiered,0,,,,,,0,0.0,0.0,0.0,0.0,
F07518,B_abundance,42,-2.589892399988434,-2.3276465021912136,0.14186092334042133,0.3679879069401,P19,0,1.0,1.0,0.0,0.0,1.0
F07519,not_tiered,42,-0.8275751842008958,1.5541155510575724,1.190845367629234,1.5626586883818179,P10,1,0.0,0.0,0.0,0.0,
F07520,C_detection_pattern,42,-0.8369634881522079,-0.17239188406423755,0.3942313764599228,0.8306177863095578,P3,0,0.0,0.0,1.0,1.0,1.0
F07521,B_abundance,42,-1.6674280200890064,-1.525450728276222,0.07798713833132065,0.37295575751828103,P31,0,1.0,1.0,0.0,0.0,1.0
F07522,C_detection_pattern,0,,,,,,0,0.0,0.0,1.0,1.0,1.0
F07523,C_detection_pattern,42,1.7720932749164433,4.23410813203471,1.6795453067729795,1.2035384024421596,P30,0,0.0,0.0,1.0,1.0,1.0
F07524,not_tiered,0,,,,,,0,0.0,0.0,0.0,0.0,
F07525,not_tiered,42,0.5315867028172037,0.6447831247947031,0.06400374637249306,0.41353185101526246,P2,0,1.0,0.0,0.0,0.0,
F07526,not_tiered,0,,,,,,0,0.0,0.0,0.0,0.0,
F07527,not_tiered,42,0.1013861968075824,0.22023267411601177,0.07025374800666867,0.4502674972258714,P18,0,0.0,0.0,0.0,0.0,
F07528,not_tiered,42,0.6031296027660054,0.6836869420717425,0.05233388868693711,0.5660187165000619,P21,0,1.0,0.0,0.0,0.0,
F07529,not_tiered,42,-2.780421811695318,-2.0722495281441375,0.38468932254530497,0.7684514067952103,P2,0,0.0,0.0,0.0,0.0,
F07530,not_tiered,42,0.29864409393283375,0.35896751553924616,0.031033425075151166,0.38328121533244947,P2,0,1.0,0.0,0.0,0.0,
F07531,not_tiered,42,-0.08257317952222094,0.38581298026028454,0.2733660722692263,0.5417863180898779,P31,4,0.0,0.0,0.0,0.0,
F07532,not_tiered,42,0.003964553233322078,0.13701897738324406,0.07404780622888066,0.4091580774289401,P5,0,0.0,0.0,0.0,0.0,
F07533,C_detection_pattern,42,-1.9487070152315535,-1.0438117337758417,0.4524476407278559,0.7916268117023173,P1,0,0.0,0.0,1.0,1.0,1.0
F07534,B_abundance,42,1.6917329996405628,1.8200048697689708,0.07961986120774367,0.4296127508707702,P1,0,1.0,1.0,0.0,0.0,1.0
F07535,not_tiered,42,0.10203828314683347,0.2049863196169403,0.053660224832991016,0.38132334167829446,P2,0,0.0,0.0,0.0,0.0,
F07536,not_tiered,42,-0.15520117513976728,-0.059110216172001025,0.06414130467413909,0.533263758484987,P18,0,0.0,0.0,0.0,0.0,
F07537,not_tiered,42,0.6727078129795734,0.751786256744563,0.03977656552494624,0.34015307633142206,P23,0,1.0,0.0,0.0,0.0,
F07538,not_tiered,0,,,,,,0,0.0,0.0,0.0,0.0,
F07539,C_detection_pattern,42,0.9462778474139397,1.2241920968696365,0.1410504605834324,0.5054348606797427,P1,0,0.0,0.0,1.0,1.0,1.0
F07540,not_tiered,42,-0.5998087950491753,-0.4190643949600519,0.10340368734699878,0.5093446151319182,P38,0,1.0,0.0,0.0,0.0,
F07541,not_tiered,42,-0.07561443780893688,0.269567403833935,0.17780711704103058,0.550588515767497,P6,3,0.0,0.0,0.5238095238095238,0.5238095238095238,
F07542,not_tiered,41,-0.9131444664553268,-0.9131444664553268,0.0,,P2,0,0.0,0.0,0.0,0.0,
F07543,not_tiered,42,-0.5352656173291592,-0.4157112346075235,0.06950988122712187,0.46432897056355105,P19,0,1.0,0.0,0.0,0.0,
F07544,not_tiered,42,-0.7018802396476509,-0.5295737507771141,0.10810870475177703,0.5395392950020362,P16,0,0.2857142857142857,0.0,1.0,1.0,
F07545,not_tiered,41,-3.0130190664873844,-3.0130190664873844,0.0,,P1,0,0.0,0.0,0.0,0.0,
F07546,C_detection_pattern,42,-0.327673881473428,-0.07942662480999807,0.15340731095700152,0.6182887916292255,P35,0,0.0,0.0,1.0,1.0,1.0
F07547,not_tiered,41,-2.4061283581115465,-2.4061283581115465,0.0,,P1,0,0.0,0.0,0.0,0.0,
F07548,not_tiered,42,0.12294506187559544,0.2084496860764974,0.0480049254708263,0.4298793346689769,P25,0,0.0,0.0,0.0,0.0,
F07549,not_tiered,42,-0.4178111087617584,-0.35763021413258905,0.03221823986029315,0.3349847406244022,P21,0,1.0,0.0,0.0,0.0,
F07550,not_tiered,41,-2.396694411368605,-2.396694411368605,0.0,,P2,0,0.0,0.0,0.0,0.0,
F07551,C_detection_pattern,42,-1.7676791321011358,0.03228824135376248,0.9355670264747753,0.9693780393236582,P10,1,0.0,0.0,1.0,1.0,1.0
F07552,not_tiered,42,0.2813338433858898,0.39355085673503465,0.06511584647292956,0.5290864171049614,P21,0,1.0,0.0,1.0,0.0,
F07553,not_tiered,42,-1.9451801143986096,-0.5090769122930259,0.76288966525627,0.8551588444206502,P15,0,0.0,0.0,1.0,1.0,
F07554,C_detection_pattern,42,0.27290315414246935,0.9200233901232995,0.36920044633718696,0.7723278391459371,P1,0,0.0,0.0,1.0,1.0,1.0
F07555,not_tiered,42,-0.7083016532128057,-0.5980042338469365,0.0602676222313735,0.32944380796309264,P13,0,1.0,0.0,0.0,0.0,
F07556,not_tiered,42,-0.4711955482767546,-0.05043405976557841,0.32503171876760617,0.8851800432977587,P20,0,0.023809523809523808,0.0,0.023809523809523808,0.0,
F07557,not_tiered,42,0.28131158175602966,0.3810044632147204,0.06160500607152425,0.48369151624106627,P39,0,1.0,0.0,0.0,0.0,
F07558,not_tiered,41,-1.0271901540890926,-1.0271901540890926,0.0,,P2,0,0.0,0.0,1.0,1.0,
F07559,not_tiered,42,0.2750022448904871,0.3632787367316837,0.0443234456941089,0.33295137094423677,P18,0,0.8333333333333334,0.0,0.0,0.0,
F07560,not_tiered,42,0.5318306188057821,0.6663350140781125,0.0873952148012993,0.456411240019265,P39,0,1.0,0.0,0.0,0.0,
F07561,not_tiered,41,2.2542204476828918,2.2542204476828918,4.440892098500626e-16,,P1,0,0.0,0.0,0.023809523809523808,0.0,
F07562,not_tiered,42,0.4088249934436453,0.5312234193032823,0.09319154456938772,0.6934135678958128,P4,0,1.0,0.0,0.0,0.0,
F07563,not_tiered,42,-0.4289797084796071,-0.17223650248352818,0.15154676450321952,0.5058259510007773,P42,0,0.0,0.0,0.0,0.0,
F07564,not_tiered,42,-0.5044158850024546,-0.4387010889234383,0.043241515508961825,0.4235899450124809,P23,0,1.0,0.0,0.0,0.0,
F07565,not_tiered,42,0.05903657598286231,0.22889093589269752,0.10665302532850132,0.5529656781479517,P31,0,0.0,0.0,0.0,0.0,
F07566,not_tiered,42,-0.7545283552812759,-0.08695196407035248,0.4553343509604144,0.7811840935138122,P42,0,0.0,0.0,0.09523809523809523,0.09523809523809523,
F07567,B_abundance,42,1.9854552090230961,2.1467101247745397,0.1017094727720016,0.48373244523381287,P1,0,1.0,1.0,0.0,0.0,1.0
F07568,C_detection_pattern,42,-0.012383006904366667,0.6726927892997558,0.34253789810206126,0.6168465489226478,P1,1,0.0,0.0,1.0,1.0,1.0
F07569,C_detection_pattern,0,,,,,,0,0.0,0.0,1.0,1.0,1.0
F07570,not_tiered,42,0.22090794883460046,0.26588613423975055,0.02490630085860865,0.353713541424558,P15,0,1.0,0.0,0.0,0.0,
F07571,not_tiered,42,0.7126495151185346,0.7798873687729889,0.038435566891302786,0.4555592399669003,P22,0,1.0,0.0,0.0,0.0,
F07572,not_tiered,42,0.7563912714668759,0.8990030676766779,0.07937307035120011,0.5420776890360967,P2,0,1.0,0.0,0.0,0.0,
F07573,B_abundance,42,-1.0750152260894195,-0.9394886815635646,0.07139497138829065,0.4693352671293082,P7,0,1.0,0.7857142857142857,0.0,0.0,0.7857142857142857
F07574,not_tiered,42,0.21720581294252975,0.524350261967219,0.21292948810907444,0.6765601317843835,P26,0,0.0,0.0,1.0,0.7619047619047619,
F07575,not_tiered,42,-0.5370260132913454,-0.37675361771841737,0.09317187258902482,0.5288558854719091,P38,0,0.0,0.0,1.0,1.0,
F07576,not_tiered,42,-0.3155283235385224,-0.2765968449288668,0.022655104907062185,0.3548782789502118,P19,0,1.0,0.0,0.0,0.0,
F07577,not_tiered,42,0.26819913953303914,0.3197021331424247,0.027528788925642533,0.35255159828298044,P11,0,1.0,0.0,0.0,0.0,
F07578,not_tiered,42,-0.17765177529322923,-0.06383673650320364,0.07393957383741413,0.54981386522187,P20,0,0.0,0.0,0.0,0.0,
F07579,not_tiered,42,-0.7541317289783155,-0.5605099290648737,0.11543392046467882,0.4829524091805856,P20,0,0.0,0.0,1.0,1.0,
F07580,not_tiered,42,0.9387866096958276,1.0102510616529512,0.03742333480654203,0.33451502924215437,P27,0,1.0,0.09523809523809523,0.0,0.0,
F07581,not_tiered,42,0.19078486385253923,0.6205540129022743,0.24857974024995366,0.7612812838285655,P7,0,0.0,0.0,0.8095238095238095,0.7619047619047619,
F07582,B_abundance,42,-1.2891799048770634,-1.0718629968175148,0.11095236804106157,0.4063692384837906,P31,0,1.0,1.0,0.0,0.0,1.0
F07583,C_detection_pattern,42,-0.26027876553494994,-0.11580039867322679,0.07767912352597633,0.41142868983072034,P33,0,0.0,0.0,1.0,1.0,1.0
F07584,C_detection_pattern,42,-0.2487117972305546,0.04646239574395835,0.14955033183653774,0.5256202752495254,P29,2,0.0,0.0,1.0,1.0,1.0
F07585,B_abundance,42,-1.6069271611919909,-1.4098515285403275,0.11124870443548285,0.4614325202652408,P20,0,1.0,1.0,0.8333333333333334,0.0,1.0
F07586,not_tiered,42,0.1380619949269093,0.24132321147594973,0.07143245993818995,0.6116810479248985,P42,0,0.023809523809523808,0.0,0.0,0.0,
F07587,C_detection_pattern,42,-1.289902861349299,2.0266661275476494,1.6582844944484743,1.7885769187795404,P22,1,0.0,0.0,1.0,1.0,1.0
F07588,C_detection_pattern,42,0.18001135096062512,0.4001843237861814,0.11765041911010943,0.4926648615392183,P35,0,0.0,0.0,1.0,1.0,1.0
F07589,C_detection_pattern,42,-0.3070200244315564,2.3407903401245806,1.847003795879572,1.3375189701561208,P30,1,0.0,0.0,1.0,1.0,1.0
F07590,not_tiered,42,0.3005172656539119,0.9071705996847608,0.3775171742148067,0.8306749640273009,P34,0,0.0,0.0,0.0,0.0,
F07591,not_tiered,42,-0.33560523854650726,-0.15636988304595223,0.11734543864713837,0.6635429354637205,P36,0,0.0,0.0,0.0,0.0,
F07592,C_detection_pattern,42,0.37778344411593623,0.4970628956366353,0.06647360549216452,0.4617066257204352,P10,0,0.0,0.0,1.0,1.0,1.0
F07593,C_detection_pattern,42,-1.0740519580860868,-0.5313379935406929,0.3580288201042221,0.8672697566262826,P32,0,0.0,0.0,1.0,1.0,1.0
F07594,C_detection_pattern,42,-1.8712677728635931,-0.44443036710843664,0.7134187028775782,1.1418428527420497,P1,0,0.0,0.0,1.0,1.0,1.0
F07595,not_tiered,42,-1.1244187977269116,-0.6880591028408096,0.257523717897448,0.6220880610670786,P2,0,0.0,0.0,0.11904761904761904,0.11904761904761904,
F07596,not_tiered,42,0.3133213549617139,0.43771764257306406,0.06585887166159538,0.4613659886275993,P14,0,1.0,0.0,0.0,0.0,
F07597,not_tiered,42,-0.43639241184311645,0.006829783648392862,0.31167154544123665,0.8584285664662227,P23,1,0.0,0.0,0.16666666666666666,0.16666666666666666,
F07598,not_tiered,42,0.15400370170179958,0.29168097536584275,0.0975369437982567,0.6416838305136251,P27,0,0.0,0.0,1.0,1.0,
F07599,not_tiered,42,0.13519112833080288,0.18512238067981543,0.029899852229304025,0.3749421563773666,P22,0,0.047619047619047616,0.0,0.0,0.0,
F07600,not_tiered,41,-0.8969821998771526,-0.8969821998771526,0.0,,P1,0,0.0,0.0,0.0,0.0,
F07601,not_tiered,42,0.13092325577898073,0.20793349535708508,0.04567079756329348,0.4544952974289619,P18,0,0.023809523809523808,0.0,0.0,0.0,
F07602,not_tiered,42,0.022027875799065885,0.07781577971066429,0.032827035972497594,0.40578627092901726,P2,0,0.0,0.0,0.0,0.0,
F07603,B_abundance,42,1.4185617316590236,1.5847436486606004,0.09345329555690074,0.40477190744600106,P1,0,1.0,1.0,0.8333333333333334,0.0,1.0
F07604,not_tiered,42,-0.12818930680921226,0.0011062121999957004,0.0874973242163227,0.6707722987157271,P19,1,0.0,0.0,0.0,0.0,
F07605,not_tiered,42,-0.26503909743594617,-0.1857607318906402,0.0477491365731495,0.4416229394347721,P2,0,0.30952380952380953,0.0,0.0,0.0,
F07606,not_tiered,42,-0.31571132137666336,-0.2266793656907591,0.0508526403847723,0.3893601994949773,P21,0,0.19047619047619047,0.0,0.0,0.0,
F07607,not_tiered,42,-0.41824479834192946,0.09601403676001334,0.25827820881871794,0.5436724037127885,P31,1,0.0,0.0,0.0,0.0,
F07608,not_tiered,42,0.05523804420433581,0.17427808547917908,0.06255826804889339,0.3802465163150107,P13,0,0.0,0.0,0.8333333333333334,0.8333333333333334,
F07609,not_tiered,42,-0.21984479020433412,2.484725927840689,1.3522853590225117,1.6561494848794607,P1,1,0.0,0.0,1.0,1.0,
F07610,C_detection_pattern,41,-0.018797526595987435,-0.018797526595987435,3.469446951953614e-17,,P2,0,0.0,0.0,1.0,1.0,1.0
F07611,not_tiered,42,0.021554387235944758,0.09006290693264361,0.035611228707182314,0.372488640882479,P2,0,0.0,0.0,0.0,0.0,
F07612,not_tiered,42,-0.016022724699587723,0.07970169149533538,0.06197844074537788,0.44088678973059586,P18,9,0.0,0.0,0.0,0.0,
F07613,C_detection_pattern,42,-0.2032495347936065,0.03355135874359293,0.1514056223652454,0.6492932491235012,P39,1,0.0,0.0,1.0,1.0,1.0
F07614,not_tiered,42,-0.49196941051606563,-0.37915186601830797,0.07754330275823573,0.5998561862387167,P25,0,1.0,0.0,1.0,0.0,
F07615,not_tiered,42,0.21362808684899803,0.32522143553444927,0.06670589250937414,0.5303474337949349,P37,0,0.4523809523809524,0.0,0.0,0.0,
F07616,not_tiered,42,-0.6165960552944266,-0.36829631418512343,0.13873060103169593,0.7113211192703096,P13,0,0.2857142857142857,0.0,1.0,1.0,
F07617,not_tiered,42,0.18413791223738865,0.2868489039670334,0.062036145488240435,0.4411519630742205,P42,0,0.0,0.0,0.0,0.0,
F07618,C_detection_pattern,42,0.4354803241809223,0.5453811476246763,0.05944664847485709,0.40803927641290316,P10,0,0.0,0.0,1.0,1.0,1.0
F07619,C_detection_pattern,42,-0.3048291459183572,0.2177549905864824,0.2670948937015588,0.6159953850955445,P1,1,0.0,0.0,1.0,1.0,1.0
F07620,not_tiered,42,-1.4680075104292714,-1.17110058814479,0.17852186170525974,0.5828612971257351,P24,0,0.0,0.0,0.0,0.0,
F07621,not_tiered,42,0.04993489616407898,0.145181189295206,0.052322161412061585,0.40917545431157065,P18,0,0.0,0.0,0.0,0.0,
F07622,C_detection_pattern,42,-0.4411535694894632,0.07140373437803375,0.2585058805463353,0.7355804248752761,P7,1,0.0,0.0,1.0,1.0,1.0
F07623,not_tiered,42,-1.263780769320053,-0.25193209195485206,0.6475930384789097,1.1886400381377358,P9,0,0.0,0.0,0.07142857142857142,0.07142857142857142,
F07624,not_tiered,42,0.1424767925890441,0.22039512431155084,0.04558660613308768,0.4891543607177571,P19,0,0.09523809523809523,0.0,0.0,0.0,
F07625,not_tiered,42,0.5646341539552808,0.6466120800786658,0.04740510234257311,0.42931923003949196,P42,0,1.0,0.0,1.0,0.0,
F07626,not_tiered,42,0.3212737782715651,0.45708718997272935,0.0748277063305563,0.501268366437849,P14,0,1.0,0.0,0.0,0.0,
F07627,C_detection_pattern,42,-0.18178691920508966,-0.07764704600656873,0.054048600060261465,0.41048970421542225,P36,0,0.0,0.0,1.0,1.0,1.0
F07628,C_detection_pattern,42,-0.554990103605799,-0.3976391831523161,0.09561645698210325,0.49183405642252026,P22,0,0.0,0.0,1.0,1.0,1.0
F07629,not_tiered,41,0.06562391062434969,0.06562391062434969,9.71445146547012e-17,,P2,0,0.0,0.0,0.023809523809523808,0.0,
F07630,not_tiered,42,-0.7831349599634351,-0.2662065340521821,0.263552741648153,0.7013410778100929,P14,0,0.0,0.0,0.0,0.0,
F07631,not_tiered,42,0.1488247316911413,0.20681501957557769,0.031801680834055296,0.4396685562781083,P23,0,0.9523809523809523,0.0,0.0,0.0,
F07632,C_detection_pattern,42,0.045042103203014425,0.3386559934712857,0.21948988298730393,0.8125111995800527,P31,0,0.0,0.0,1.0,1.0,1.0
F07633,C_detection_pattern,42,0.30336619501189444,0.7205895133707141,0.314617090834883,0.9609124160269977,P36,0,0.0,0.0,1.0,1.0,1.0
F07634,not_tiered,42,-0.19520902684800345,-0.1014412220882416,0.06448013110910539,0.5644160176670655,P2,0,0.0,0.0,0.0,0.0,
F07635,not_tiered,42,-0.025006107682619357,0.05314522520395298,0.050991585570915876,0.43635323318885155,P21,22,0.0,0.0,0.0,0.0,
F07636,C_detection_pattern,42,-0.9657296972496655,-0.05582168786443365,0.6467038622706414,0.9890085272088006,P38,0,0.0,0.0,1.0,1.0,1.0
F07637,not_tiered,42,-0.8741193201024934,-0.7346592857105129,0.08652027846378152,0.5273512612083805,P18,0,1.0,0.0,0.0,0.0,
F07638,not_tiered,42,0.2538478865500014,0.3922122163822806,0.106357910135435,0.7710017928902031,P42,0,0.047619047619047616,0.0,1.0,0.0,
F07639,B_abundance,42,-1.5407195794432142,-1.3708737560522208,0.11988558757163914,0.5590497170865857,P16,0,1.0,1.0,0.023809523809523808,0.0,1.0
F07640,not_tiered,42,-0.44043788892615754,-0.3455702469699855,0.056479521529293475,0.4482582116231133,P19,0,1.0,0.0,0.0,0.0,
F07641,not_tiered,42,-0.23408877870126704,-0.19038056043564727,0.023111506810691435,0.30994757300638565,P18,0,1.0,0.0,0.0,0.0,
F07642,C_detection_pattern,42,1.0904028276167907,1.923593448137603,0.46282984388152015,0.8681715936096259,P32,0,0.0,0.0,1.0,1.0,1.0
F07643,C_detection_pattern,42,-0.5648604568705684,0.1630603304494329,0.454809431648943,0.950344685694066,P9,2,0.0,0.0,1.0,1.0,1.0
F07644,not_tiered,42,-0.2707387977352556,-0.20059712597178225,0.045821871416029336,0.5486889366182197,P35,0,1.0,0.0,0.0,0.0,
F07645,not_tiered,42,-0.046092468030104014,0.086861949907514,0.1073377538584187,0.7277554647675166,P42,5,0.0,0.0,0.0,0.0,
F07646,not_tiered,42,-0.06645063782190103,0.0059480622211242305,0.03895782545972944,0.4494977459220322,P35,1,0.0,0.0,0.0,0.0,
F07647,not_tiered,42,0.08123941793532938,0.1721979980365841,0.057189549424059585,0.46333280227928747,P35,0,0.0,0.0,0.0,0.0,
F07648,not_tiered,42,0.01382040872302412,0.17580831771149263,0.08375867276620684,0.4239221974232741,P24,0,0.0,0.0,1.0,1.0,
F07649,C_detection_pattern,42,-0.5681941057946069,1.306235889350515,1.0435702089477583,1.3730495734094263,P22,1,0.0,0.0,1.0,1.0,1.0
F07650,not_tiered,42,-0.23668736557551154,-0.08602813718332682,0.09538237605912783,0.5342363737224781,P19,0,0.0,0.0,0.0,0.0,
F07651,not_tiered,42,0.2765200181876351,0.3599014888356192,0.05376091737224137,0.46886127039176323,P21,0,1.0,0.0,0.0,0.0,
F07652,C_detection_pattern,42,-0.6492244685431944,0.7976495905125311,0.7813194403159881,1.026939677851794,P4,2,0.0,0.0,1.0,1.0,1.0
F07653,B_abundance,42,-1.2943402097937031,-1.146354234004752,0.09830538630290309,0.4632407008214588,P19,0,1.0,1.0,0.0,0.0,1.0
F07654,C_detection_pattern,41,-1.4693188875015348,-1.4693188875015348,0.0,,P1,0,0.0,0.0,1.0,1.0,1.0
F07655,not_tiered,0,,,,,,0,0.0,0.0,0.0,0.0,
F07656,not_tiered,42,-0.088814711825413,0.7855917802372616,0.48535310987283403,0.8513612542439044,P14,1,0.0,0.0,0.0,0.0,
F07657,C_detection_pattern,42,4.583070964227215,7.567562949137021,1.7222801017553122,0.9908710972811314,P1,0,0.0,0.0,1.0,1.0,1.0
F07658,C_detection_pattern,42,-0.15814938793905853,1.367180784173053,1.0167726787903697,1.4176179723929485,P8,1,0.0,0.0,1.0,1.0,1.0
F07659,C_detection_pattern,42,-1.3784876022787071,-0.7315793655304228,0.3989578615361893,0.7775856776684343,P33,0,0.0,0.0,1.0,1.0,1.0
F07660,not_tiered,42,-1.3304502575235526,1.499380034303483,1.4149151459135179,1.6875333961711483,P1,1,0.0,0.0,0.0,0.0,
F07661,C_detection_pattern,42,-1.3069583539920042,-0.5606426040299513,0.4791473601861067,0.9559643673284213,P16,0,0.0,0.0,1.0,1.0,1.0
F07662,C_detection_pattern,42,-0.18290090405186277,0.3298497508406335,0.2563753274462482,0.4699920316947011,P13,1,0.0,0.0,1.0,1.0,1.0
F07663,not_tiered,42,-0.4845280239104028,-0.2888031555746835,0.12091507850360589,0.6028129333837026,P4,0,0.0,0.0,0.0,0.0,
F07664,C_detection_pattern,42,-0.22687564079425293,1.0117314994834992,0.619303570138876,1.0263368709873515,P3,1,0.0,0.0,1.0,1.0,1.0
F07665,not_tiered,42,0.5783133606680492,0.6555109866327012,0.04361614412480541,0.4332446225362246,P37,0,1.0,0.0,0.8333333333333334,0.0,
F07666,not_tiered,0,,,,,,0,0.0,0.0,0.0,0.0,
F07667,not_tiered,0,,,,,,0,0.0,0.0,0.0,0.0,
F07668,not_tiered,42,0.48658605158071827,0.6812243639896787,0.10530953601458315,0.4334376678200098,P21,0,0.0,0.0,1.0,1.0,
F07669,not_tiered,42,0.2656799238533787,0.38444181879320033,0.06278046417768701,0.4740569899198015,P19,0,0.9285714285714286,0.0,0.0,0.0,
F07670,not_tiered,42,-0.8777599341646892,0.3326446610724469,0.774367562261445,0.7847578609286259,P32,5,0.0,0.0,0.0,0.0,
F07671,not_tiered,42,0.11997056009421303,0.27937440411749803,0.08188390556105318,0.45087733114384027,P25,0,0.0,0.0,1.0,0.0,
F07672,not_tiered,41,1.475693655466328,1.475693655466328,0.0,,P2,0,0.0,0.0,0.0,0.0,
F07673,not_tiered,42,0.4222645530300997,0.47577068200047895,0.034697846138855626,0.4270793763076406,P37,0,1.0,0.0,0.0,0.0,
F07674,not_tiered,42,0.10654046214519412,0.25941357664640874,0.09303150738619634,0.5220338759744264,P21,0,0.0,0.0,0.8333333333333334,0.0,
F07675,C_detection_pattern,42,-0.23339960065198362,0.14113444358477345,0.20150283751946313,0.7040555200443256,P10,5,0.0,0.0,1.0,1.0,1.0
F07676,not_tiered,0,,,,,,0,0.0,0.0,0.0,0.0,
F07677,not_tiered,0,,,,,,0,0.0,0.0,0.0,0.0,
F07678,C_detection_pattern,42,0.9619927504187274,1.2275397462092537,0.16613180848384934,0.6142381921753388,P33,0,0.0,0.0,1.0,1.0,1.0
F07679,not_tiered,42,-0.984031317175436,-0.6135271876518034,0.18527277667205566,0.4631593376653542,P15,0,0.0,0.0,0.0,0.0,
F07680,C_detection_pattern,42,-0.3545936121618456,-0.2183509327720328,0.07678291505215129,0.4310967194296672,P38,0,0.0,0.0,1.0,1.0,1.0
F07681,not_tiered,42,-1.2990878788824176,-0.1257204073410776,0.6287891936239424,1.1153698987500993,P5,0,0.0,0.0,0.0,0.0,
F07682,not_tiered,42,-1.019963674538984,-0.8771164289667928,0.07690517533433006,0.37086816759371216,P19,0,1.0,0.047619047619047616,0.0,0.0,
F07683,not_tiered,42,-0.5496034525480534,-0.3828376164990698,0.09021937125680801,0.418623046976674,P8,0,0.0,0.0,0.0,0.0,
F07684,B_abundance,42,-1.531687591981438,-1.3720308490655748,0.1071346393450272,0.4704905401822574,P19,0,1.0,1.0,0.0,0.0,1.0
F07685,B_abundance,42,-1.466109587506134,-1.3130848216283557,0.1058657594851431,0.4519557797292843,P19,0,1.0,1.0,0.0,0.0,1.0
F07686,B_abundance,42,-1.4923590408271454,-1.3277932782422759,0.11483161959440569,0.4847230207591609,P19,0,1.0,1.0,0.0,0.0,1.0
F07687,B_abundance,42,-1.527033035331292,-1.3531330946246187,0.1114769214542437,0.4641717975381008,P19,0,1.0,1.0,0.0,0.0,1.0
F07688,not_tiered,42,-0.8018814596047317,-0.6195965361447767,0.09910101122745762,0.41012892572073556,P2,0,1.0,0.0,0.0,0.0,
F07689,B_abundance,42,-1.4717083756255496,-1.2822366084989674,0.13510967603312118,0.5427982034972699,P18,0,1.0,1.0,0.0,0.0,1.0
F07690,not_tiered,42,-1.9282884156920763,-1.535737716999258,0.2356032829858803,0.597552811687435,P29,0,0.0,0.0,0.09523809523809523,0.09523809523809523,
F07691,C_detection_pattern,42,-0.8926718302250896,0.1704098175284834,0.5344245364313295,0.9977495855924057,P32,1,0.0,0.0,1.0,1.0,1.0
F07692,not_tiered,0,,,,,,0,0.0,0.0,0.6190476190476191,0.0,
F07693,C_detection_pattern,42,-0.7019168565484731,-0.43856240172647354,0.15044071312690088,0.6067827397321364,P40,0,0.0,0.0,1.0,1.0,1.0
F07694,not_tiered,42,-1.1040032676081564,-0.8297686830782117,0.16202911662768438,0.6702595971508359,P35,0,0.0,0.0,1.0,1.0,
F07695,not_tiered,42,0.03332066077802531,0.171063646109335,0.07291960729192679,0.510269320284165,P37,0,0.0,0.0,0.0,0.0,
F07696,not_tiered,41,1.3214411831156596,1.3214411831156596,0.0,,P1,0,0.0,0.0,0.0,0.0,
F07697,not_tiered,42,-0.8887788521141844,-0.6500801530551235,0.15616780731111768,0.6658193796111975,P18,0,0.2857142857142857,0.0,0.0,0.0,
F07698,not_tiered,42,-0.09259498809548326,-0.009727052856512526,0.046745564957500575,0.39640168592693986,P35,0,0.0,0.0,0.0,0.0,
F07699,not_tiered,42,0.49030864139080793,0.5680975979866205,0.04813097514150233,0.4649170104045416,P23,0,1.0,0.0,0.0,0.0,
F07700,C_detection_pattern,42,-0.08730418262766923,0.2524277455727242,0.17801655314822343,0.647881716866584,P12,1,0.0,0.0,1.0,1.0,1.0
F07701,not_tiered,0,,,,,,0,0.0,0.0,0.0,0.0,
F07702,not_tiered,42,-0.20752961187699975,-0.10709312364743773,0.050746596653540144,0.4384320108271177,P8,0,0.0,0.0,0.0,0.0,
F07703,not_tiered,42,0.234916728765744,0.30146112275301773,0.04264490613703503,0.3867253937879339,P31,0,0.6666666666666666,0.0,0.0,0.0,
F07704,C_detection_pattern,42,-0.15355256220044985,0.15765299974171054,0.20906054153310494,0.7517169478575052,P39,2,0.0,0.0,1.0,1.0,1.0
F07705,not_tiered,42,0.46104845383088794,0.5668303081733265,0.06505475050394166,0.4364786713817446,P41,0,1.0,0.0,0.023809523809523808,0.0,
F07706,not_tiered,42,-1.8154993600695335,0.24971597057096181,1.3447462037358997,1.326185845910511,P1,2,0.0,0.0,0.0,0.0,
F07707,C_detection_pattern,42,-1.455600075650112,0.7200636841462756,1.419633029471378,1.1871472617639065,P22,1,0.0,0.0,1.0,1.0,1.0
F07708,C_detection_pattern,42,-2.659391472135135,-1.8652000118833385,0.49752069413776745,0.9489499951187669,P34,0,0.0,0.0,1.0,1.0,1.0
F07709,not_tiered,0,,,,,,0,0.0,0.0,0.0,0.0,
F07710,not_tiered,42,-2.220974630021958,-1.3973534541305765,0.41996696626174823,0.8727070911133563,P20,0,0.0,0.0,0.0,0.0,
F07711,not_tiered,42,0.47896957063083484,0.5572321264625576,0.03972669617430846,0.43513941141188356,P22,0,1.0,0.0,0.0,0.0,
F07712,not_tiered,42,-0.3175986940043089,0.0005115547502880543,0.16469837397367695,0.6053535525597713,P13,1,0.0,0.0,0.0,0.0,
F07713,not_tiered,0,,,,,,0,0.0,0.0,0.0,0.0,
F07714,not_tiered,0,,,,,,0,0.0,0.0,0.0,0.0,
F07715,not_tiered,42,-0.4492852872336541,-0.3223009367215545,0.063814393203041,0.495391545010786,P28,0,1.0,0.0,0.0,0.0,
F07716,not_tiered,42,-0.27579314455758674,-0.22004899476095488,0.03832777827566322,0.4917830974629502,P23,0,1.0,0.0,0.0,0.0,
F07717,not_tiered,42,-0.0931234212125569,-0.01952310359106738,0.04204135142517272,0.5100469187312211,P21,0,0.0,0.0,0.0,0.0,
F07718,not_tiered,42,-0.2605527364784002,-0.20666603206943285,0.02699119584450685,0.32092728287384054,P7,0,1.0,0.0,0.8333333333333334,0.0,
F07719,not_tiered,42,-0.09339081750134821,0.011896678438337638,0.061218406774015036,0.5554614722887322,P31,1,0.0,0.0,0.0,0.0,
F07720,not_tiered,41,0.04430333715281165,0.04430333715281165,4.85722573273506e-17,,P2,0,0.0,0.0,0.0,0.0,
F07721,not_tiered,42,0.1645942978937567,0.30922336826931157,0.0751422636537959,0.5734162367715587,P42,0,0.023809523809523808,0.0,0.0,0.0,
F07722,C_detection_pattern,42,0.22002747152823224,0.6427166029186888,0.301042725560749,0.8997535247716147,P42,0,0.0,0.0,1.0,1.0,1.0
F07723,not_tiered,42,0.27917370535297037,0.5444282897179534,0.19666645532714422,0.7634692182676343,P14,0,0.0,0.0,1.0,0.7619047619047619,
F07724,C_detection_pattern,42,0.04528219184074808,0.31853780934480613,0.1471592761467619,0.5059828632034815,P36,0,0.0,0.0,1.0,1.0,1.0
F07725,not_tiered,41,0.0733986447919257,0.0733986447919257,0.0,,P2,0,0.0,0.0,0.0,0.0,
F07726,C_detection_pattern,42,-0.6056436873213995,0.2092336647795907,0.45626113514355227,0.8967627164777761,P9,2,0.0,0.0,1.0,1.0,1.0
F07727,not_tiered,42,0.25698937673523914,0.420500587847771,0.1238859934288371,0.7635129516001224,P42,0,0.023809523809523808,0.0,0.8333333333333334,0.0,
F07728,C_detection_pattern,42,-0.9347257000106557,0.38578346116665985,1.0743265222890512,1.1311322870642353,P38,1,0.0,0.0,1.0,1.0,1.0
F07729,C_detection_pattern,42,0.11678171662753922,0.29575501797868925,0.11159833486730378,0.5456939499891853,P6,0,0.0,0.0,1.0,1.0,1.0
F07730,B_abundance,42,-1.5270769027677111,-1.4251609433863675,0.05703612160953364,0.4598228038930969,P32,0,1.0,1.0,0.0,0.0,1.0
F07731,not_tiered,0,,,,,,0,0.0,0.0,0.0,0.0,
F07732,C_detection_pattern,42,1.0410082192408041,2.0746489182520773,0.5357262006096488,1.0041445785215082,P39,0,0.0,0.0,1.0,1.0,1.0
F07733,C_detection_pattern,42,-0.19540707581227737,0.30728691196030766,0.26156298196211125,0.6921725441709714,P30,1,0.0,0.0,1.0,1.0,1.0
F07734,not_tiered,42,0.4194241116980256,0.5562610429641671,0.08302259430930664,0.6503879642088682,P19,0,1.0,0.0,0.0,0.0,
F07735,not_tiered,42,-0.8279196265865286,-0.560520138406712,0.14739310973312236,0.5755530549543991,P39,0,0.0,0.0,0.0,0.0,
F07736,not_tiered,42,-0.5284810228900989,-0.4223269941476739,0.06988144005467889,0.46185740392150365,P2,0,1.0,0.0,0.0,0.0,
F07737,C_detection_pattern,0,,,,,,0,0.0,0.0,1.0,1.0,1.0
F07738,not_tiered,0,,,,,,0,0.0,0.0,0.0,0.0,
F07739,C_detection_pattern,42,0.508695325934434,0.6149193251230186,0.05363443853475536,0.3790990380693235,P1,0,0.0,0.0,1.0,1.0,1.0
F07740,not_tiered,42,-0.45322844299752085,-0.2126659223701423,0.13673517368451088,0.7335705699237894,P11,0,0.023809523809523808,0.0,0.0,0.0,
F07741,C_detection_pattern,42,-0.3817940879936815,-0.07166492081108355,0.21154555923474616,0.8595020725711215,P13,0,0.0,0.0,1.0,1.0,1.0
F07742,not_tiered,42,-0.019882682985977864,0.07636319797388147,0.06260200536284297,0.5708782485551384,P19,6,0.0,0.0,0.0,0.0,
F07743,not_tiered,42,-0.3464415644546748,-0.2546225236047605,0.0644157103632832,0.44852769654207536,P18,0,0.5714285714285714,0.0,0.0,0.0,
F07744,not_tiered,42,0.28280301136965247,0.33059323883232467,0.026549672601292484,0.36444216284890274,P35,0,1.0,0.0,0.0,0.0,
F07745,not_tiered,42,-1.107208277310834,-0.2743386319200139,0.431618441440198,0.73997159198765,P33,0,0.0,0.0,0.0,0.0,
F07746,not_tiered,42,0.23263591390548669,0.37749536563643904,0.07632889308331536,0.5175925886403533,P21,0,0.11904761904761904,0.0,0.0,0.0,
F07747,not_tiered,42,-0.736393446212302,-0.6343385061671584,0.07266548126142092,0.681956931188066,P25,0,1.0,0.0,0.0,0.0,
F07748,not_tiered,41,-0.07820934710982641,-0.07820934710982641,1.3877787807814457e-17,,P2,0,0.0,0.0,0.0,0.0,
F07749,C_detection_pattern,42,-0.13186633642981677,0.2824306979142456,0.24360316176235977,0.6518142230066613,P18,3,0.0,0.0,1.0,1.0,1.0
F07750,not_tiered,42,0.10327505830679493,0.2601585370389031,0.11448783957580391,0.6495736403388666,P18,0,0.0,0.0,0.0,0.0,
F07751,not_tiered,42,0.3153383047275549,0.40921970452773093,0.0553355809076303,0.4963147589191557,P27,0,1.0,0.0,0.0,0.0,
F07752,not_tiered,41,1.2367208957593565,1.2367208957593565,0.0,,P1,0,0.0,0.0,0.0,0.0,
F07753,not_tiered,42,-0.4992128380915434,-0.31274743096910906,0.10293578180944907,0.41126233854766325,P32,0,0.0,0.0,0.0,0.0,
F07754,not_tiered,42,-0.4016232559298215,-0.3072176741832928,0.05759045275983399,0.47789683229080676,P23,0,1.0,0.0,0.0,0.0,
F07755,not_tiered,42,0.08074264171028085,0.14665976597670782,0.042299680137811144,0.5128659650842102,P16,0,0.0,0.0,0.0,0.0,
F07756,not_tiered,42,0.8014703575819564,0.9110614140149942,0.06366982880517769,0.44160677678758065,P26,0,1.0,0.0,1.0,0.0,
F07757,not_tiered,42,-0.7294831023038851,-0.6068219986905851,0.08771151422690782,0.4851192609631758,P19,0,1.0,0.0,0.0,0.0,
F07758,not_tiered,42,-0.5284116091370661,-0.4317163542778877,0.06557459352043321,0.4588835768594979,P19,0,1.0,0.0,0.0,0.0,
F07759,not_tiered,42,-1.2080833695106206,-0.9811778395381886,0.1251984248046697,0.5139334840668955,P19,0,1.0,0.9761904761904762,0.0,0.0,
F07760,not_tiered,42,-1.644853822590278,-0.4855828328140621,0.579635494888108,0.9740097777833878,P1,0,0.0,0.0,0.0,0.0,
F07761,not_tiered,0,,,,,,0,0.0,0.0,0.0,0.0,
F07762,B_abundance,42,-1.2323370431084666,-1.097986076850857,0.07536139697375499,0.41991808754583115,P3,0,1.0,1.0,0.0,0.0,1.0
F07763,not_tiered,0,,,,,,0,0.0,0.0,0.0,0.0,
F07764,C_detection_pattern,42,0.49429321951802907,0.6549751563285733,0.1008546750021303,0.5265783989890391,P36,0,0.0,0.0,1.0,1.0,1.0
F07765,C_detection_pattern,42,-1.7251219654517183,0.2798937121886844,1.0980504583803277,1.3800118131604358,P22,1,0.0,0.0,1.0,1.0,1.0
F07766,C_detection_pattern,0,,,,,,0,0.0,0.0,1.0,1.0,1.0
F07767,not_tiered,42,0.25493705429961466,0.4085456341824084,0.0779156057705585,0.40383233016735753,P39,0,0.0,0.0,0.0,0.0,
F07768,not_tiered,42,0.3011510512150317,0.4588903572266406,0.08363845897188521,0.49451096078259693,P18,0,0.5476190476190477,0.0,0.0,0.0,
F07769,not_tiered,41,-0.1691356735683538,-0.1691356735683538,0.0,,P2,0,0.0,0.0,0.0,0.0,
F07770,C_detection_pattern,42,0.1074414347393866,0.3955843124595773,0.14461734951433308,0.4722333334366383,P1,0,0.0,0.0,1.0,1.0,1.0
F07771,not_tiered,0,,,,,,0,0.0,0.0,0.0,0.0,
F07772,C_detection_pattern,42,-1.1332055658300138,-0.7058086859992145,0.21762694247692482,0.6406918082172481,P40,0,0.0,0.0,1.0,1.0,1.0
F07773,C_detection_pattern,42,0.47360872938314486,1.6521834519975511,0.6456793253095154,0.9200194203371173,P40,0,0.0,0.0,1.0,1.0,1.0
F07774,not_tiered,42,-0.2694462127995481,-0.03907375437760064,0.11783821034363967,0.5739517256943537,P19,0,0.0,0.0,0.8571428571428571,0.7619047619047619,
F07775,not_tiered,42,-1.8194773762552414,-0.9666402368684713,0.5194754820663788,0.8006079527834163,P31,0,0.0,0.0,0.0,0.0,
F07776,not_tiered,42,-0.2585322693799359,1.0560126292438454,0.8722236347723621,1.3460331039670583,P26,2,0.0,0.0,0.0,0.0,
F07777,not_tiered,42,-0.21823369606972465,-0.0973954447600232,0.07775908001264702,0.4690835548437901,P19,0,0.0,0.0,0.0,0.0,
F07778,C_detection_pattern,42,-1.327665439316763,-0.6339658102599275,0.3498492698789719,0.7598293595032399,P17,0,0.0,0.0,1.0,1.0,1.0
F07779,not_tiered,42,0.3508035406147321,0.4895556744559385,0.07857157557176647,0.4897456670245079,P36,0,1.0,0.0,1.0,0.0,
F07780,not_tiered,42,0.05015814831044921,0.10047896522095447,0.028051475227665698,0.3469841531188124,P4,0,0.0,0.0,0.0,0.0,
F07781,not_tiered,42,-0.5178826892261555,-0.43794717663866944,0.050901743530691934,0.5136689231372275,P2,0,1.0,0.0,0.0,0.0,
F07782,not_tiered,42,-0.12016714079958021,-0.01872542786722561,0.08060849969462541,0.751624260807313,P19,0,0.0,0.0,0.0,0.0,
F07783,not_tiered,42,-0.5649437372124437,-0.4446916674113387,0.07387499521753166,0.5561148085375163,P14,0,1.0,0.0,0.8333333333333334,0.0,
F07784,not_tiered,42,-0.31642747123942633,-0.14368662724569334,0.09125741542599536,0.5352928292613442,P39,0,0.0,0.0,1.0,1.0,
F07785,not_tiered,42,-0.1852611157752794,-0.04774595309336095,0.0728359116203514,0.3989424144256984,P30,0,0.0,0.0,1.0,1.0,
F07786,not_tiered,42,0.25246529161643566,0.30825638965938107,0.029929469386504315,0.3871338590113108,P15,0,1.0,0.0,0.0,0.0,
F07787,not_tiered,42,0.2901243699433276,0.4010133333760854,0.05947343029123153,0.4757734674387837,P25,0,1.0,0.0,0.0,0.0,
F07788,not_tiered,42,1.208632454963495,1.5132410908268377,0.2283623650948341,0.5657554839690007,P19,0,1.0,0.2619047619047619,0.0,0.0,
F07789,not_tiered,42,0.29000980976035795,0.35451063914152303,0.04015362404910966,0.4578810194140768,P21,0,1.0,0.0,0.0,0.0,
F07790,not_tiered,42,0.021488724254933343,0.13452461156565734,0.06337393810807036,0.4795127224509832,P27,0,0.0,0.0,0.0,0.0,
F07791,not_tiered,42,-0.3448355795517086,-0.27332238525622676,0.03726690852000075,0.3798229255740905,P14,0,1.0,0.0,0.0,0.0,
F07792,not_tiered,42,-0.5280881019942809,-0.05102627522045733,0.25567896946738505,0.5974917035967964,P38,0,0.0,0.0,1.0,1.0,
F07793,not_tiered,42,-0.277184642083384,-0.11677990620509095,0.11105425323634495,0.618029384503521,P40,0,0.0,0.0,1.0,1.0,
F07794,C_detection_pattern,42,-0.3319052717304807,-0.06467517687146516,0.14270391110269315,0.5339587317147135,P37,0,0.0,0.0,1.0,1.0,1.0
F07795,C_detection_pattern,42,0.17698763238188897,0.43107049189666513,0.16227924412407813,0.6425523230441741,P30,0,0.0,0.0,1.0,1.0,1.0
F07796,not_tiered,42,0.23657352411416613,0.31309830894286256,0.04693996800348357,0.48643902804751027,P25,0,1.0,0.0,0.0,0.0,
F07797,not_tiered,42,-0.9116010460485127,-0.8182012134404587,0.06174404340125195,0.47710734917108444,P31,0,1.0,0.0,0.0,0.0,
F07798,not_tiered,42,-0.058776111169922596,0.04933938787854127,0.0576515951924591,0.3932991287729195,P42,19,0.0,0.0,0.0,0.0,
F07799,C_detection_pattern,42,-0.27333086215643926,-0.1420427983432144,0.0824717720530008,0.48887778325562764,P35,0,0.0,0.0,1.0,1.0,1.0
F07800,not_tiered,42,0.0960215831217396,0.17255641434730892,0.0446219729361652,0.4260082089484824,P28,0,0.0,0.0,0.0,0.0,
F07801,not_tiered,42,-0.2540251253071899,-0.13029337697077875,0.06939981729069519,0.4859750875292888,P41,0,0.0,0.0,1.0,0.0,
F07802,not_tiered,42,0.09712900403731273,0.21778213794101292,0.07149110098902478,0.5125035767274867,P14,0,0.0,0.0,0.0,0.0,
F07803,C_detection_pattern,42,-2.321383583385061,-0.49412655028495145,1.0830230748179623,1.420145850542018,P40,0,0.0,0.0,1.0,1.0,1.0
F07804,not_tiered,42,0.5661717738759252,0.7274486494739825,0.08325641032366271,0.4722035136725092,P41,0,0.0,0.0,1.0,1.0,
F07805,C_detection_pattern,42,-0.07036345386489495,0.4723850824206628,0.3036670256731362,0.8426730576420135,P36,1,0.0,0.0,1.0,1.0,1.0
F07806,not_tiered,42,-1.3918177452523581,-1.0032978766674632,0.20555356171803374,0.4954558493291135,P1,0,0.0,0.0,0.0,0.0,
F07807,not_tiered,0,,,,,,0,0.0,0.0,0.0,0.0,
F07808,not_tiered,0,,,,,,0,0.0,0.0,0.0,0.0,
F07809,not_tiered,42,-2.6045640897118414,-2.129703704468604,0.25604835649254554,0.6161435877177351,P26,0,0.0,0.0,0.0,0.0,
F07810,C_detection_pattern,41,-0.4785603882231513,-0.4785603882231513,0.0,,P1,0,0.0,0.0,1.0,1.0,1.0
F07811,not_tiered,42,-0.08815508153485574,0.11857778305747646,0.11282604418857764,0.5592091905408996,P19,7,0.0,0.0,0.023809523809523808,0.0,
F07812,not_tiered,42,-0.06698374639712759,-0.026602974004076376,0.021899542755580623,0.32177713082670545,P40,0,0.0,0.0,0.0,0.0,
F07813,not_tiered,42,0.17600833359498955,0.29087627052814,0.07053804602893085,0.5264460749609025,P41,0,0.0,0.0,1.0,1.0,
F07814,not_tiered,42,-0.06702797384581155,0.07205276039440735,0.08309091636418514,0.5888719478896818,P21,8,0.0,0.0,1.0,1.0,
F07815,not_tiered,42,-0.7527244256953358,-0.560106676391475,0.10529984845923535,0.4100010613445214,P42,0,1.0,0.0,0.0,0.0,
F07816,not_tiered,42,-0.5346243192990516,-0.42844976875781215,0.05626878297414062,0.3795299424674595,P23,0,1.0,0.0,0.0,0.0,
F07817,not_tiered,42,-1.1433940870327246,-0.9991854395824971,0.0951924540530702,0.5887514409236259,P18,0,1.0,0.9761904761904762,0.0,0.0,
F07818,not_tiered,42,-0.8909000336946187,-0.7784203638447524,0.07333888018495549,0.48424007606732433,P18,0,1.0,0.0,0.0,0.0,
F07819,B_abundance,42,-1.3215281205228004,-1.1672967109860986,0.080590523025998,0.35066334004401745,P3,0,1.0,1.0,0.0,0.0,1.0
F07820,C_detection_pattern,42,-0.2509160811124758,1.1385065109183272,0.9212040807080943,1.148764635209847,P24,1,0.0,0.0,1.0,1.0,1.0
F07821,C_detection_pattern,42,0.42550965375922045,1.9160637413545958,0.7887311390993248,1.2236045525679615,P9,0,0.0,0.0,1.0,1.0,1.0
F07822,B_abundance,42,1.2924920472562964,1.4580071956876597,0.08539064932169405,0.36937559323936114,P1,0,1.0,1.0,0.0,0.0,1.0
F07823,not_tiered,42,0.4344960484782483,1.0213651677879998,0.29343455965487575,0.534114129851779,P35,0,0.0,0.0,0.0,0.0,
F07824,not_tiered,42,-0.4531488046381291,-0.23865646720569902,0.10928454508957641,0.4385699067905119,P38,0,0.0,0.0,0.023809523809523808,0.0,
F07825,not_tiered,42,-0.394068760422841,-0.23886261416338161,0.08359248866999719,0.47335685198850835,P29,0,0.0,0.0,0.0,0.0,
F07826,not_tiered,42,-0.365475711804751,-0.29817838555185844,0.04463545392463253,0.49370078450782734,P42,0,1.0,0.0,0.0,0.0,
F07827,not_tiered,0,,,,,,0,0.0,0.0,0.0,0.0,
F07828,C_detection_pattern,41,1.0453460827520846,1.0453460827520846,0.0,,P1,0,0.0,0.0,1.0,1.0,1.0
F07829,not_tiered,0,,,,,,0,0.0,0.0,0.0,0.0,
F07830,not_tiered,42,0.19900758357109302,0.3133507453556402,0.07276891648365902,0.6194039355720743,P40,0,0.07142857142857142,0.0,0.6904761904761905,0.0,
F07831,not_tiered,42,0.2992581406452463,0.4806566007063545,0.1481566934962139,0.8614545132570041,P31,0,0.023809523809523808,0.0,0.0,0.0,
F07832,not_tiered,42,0.5779089023997848,0.8340461694294937,0.1870994366332761,0.8832687403298317,P31,0,1.0,0.0,0.0,0.0,
F07833,not_tiered,42,-0.06655733319426116,-0.0006979204676920703,0.03673318164366666,0.34010266403325995,P26,0,0.0,0.0,0.023809523809523808,0.0,
F07834,not_tiered,42,-0.2974019964055358,-0.17389904787402316,0.07495579852940945,0.5075443769400222,P6,0,0.0,0.0,0.8333333333333334,0.0,
F07835,B_abundance,42,-1.1699630883479748,-1.0689814463318297,0.062013437148642714,0.4175745031518015,P12,0,1.0,1.0,0.0,0.0,1.0
F07836,not_tiered,42,0.30580486150061026,0.42593703845565206,0.07962390226025834,0.5338388774770843,P13,0,1.0,0.0,0.8333333333333334,0.0,
F07837,C_detection_pattern,42,-1.8788266149079824,0.11913316369539828,0.9989798893016903,1.4231073157417058,P12,1,0.0,0.0,1.0,1.0,1.0
F07838,C_detection_pattern,42,-3.405114813879546,-0.13361110103163254,1.8574848564293314,1.5373051056681382,P17,0,0.0,0.0,1.0,1.0,1.0
F07839,not_tiered,42,-1.0918600642060592,-0.612906155000264,0.23960858510122218,0.5500693178189603,P16,0,0.0,0.0,1.0,1.0,
F07840,not_tiered,42,-1.645784674050451,3.7102299300974266,2.678007302073939,2.0041457983245774,P26,1,0.0,0.0,0.0,0.0,
F07841,not_tiered,42,0.007738742896109135,0.05118005588724459,0.02625974379504679,0.3454101198401945,P19,0,0.0,0.0,0.0,0.0,
F07842,not_tiered,42,0.6429477459406377,0.9768852989135842,0.25343777786869837,0.841263420519143,P25,0,0.2857142857142857,0.0,1.0,1.0,
F07843,C_detection_pattern,42,0.7870830015443738,1.2024961755337216,0.26760492499604094,0.807045930516101,P5,0,0.0,0.0,1.0,1.0,1.0
F07844,not_tiered,42,-0.8062158844557487,-0.6910008077168703,0.058173686767285515,0.36315863516239705,P28,0,0.0,0.0,0.0,0.0,
F07845,not_tiered,42,0.23900498983812532,0.3376140887721863,0.06134416179941379,0.560601823253688,P2,0,1.0,0.0,0.0,0.0,
F07846,not_tiered,42,0.10551429006010228,0.23175716501862975,0.07899630923756963,0.5201584625502119,P6,0,0.0,0.0,1.0,1.0,
F07847,not_tiered,42,-0.22781789665923224,0.14879673845957478,0.2826028724925231,0.7395984964523873,P21,2,0.0,0.0,0.8333333333333334,0.0,
F07848,C_detection_pattern,42,-0.23360277210913127,0.10772222169949118,0.22203940966022198,0.7129360893697483,P28,2,0.0,0.0,1.0,1.0,1.0
F07849,B_abundance,42,1.0277093402259858,1.1375391784965863,0.05582187544993111,0.38746151444728366,P37,0,1.0,1.0,0.8333333333333334,0.0,1.0
F07850,not_tiered,42,-0.36873461659550927,-0.2653520154618509,0.06080191059340151,0.4294960951219782,P35,0,0.2857142857142857,0.0,0.6190476190476191,0.0,
F07851,not_tiered,41,-1.9114685547101455,-1.9114685547101455,4.440892098500626e-16,,P2,0,0.0,0.0,0.9047619047619048,0.7619047619047619,
F07852,C_detection_pattern,42,0.49555221179416004,0.6637472683469334,0.11060664361523675,0.5222234611423294,P24,0,0.0,0.0,1.0,1.0,1.0
F07853,not_tiered,42,-0.28453811961689535,-0.19926525008729945,0.052270933085450666,0.4036998660734728,P31,0,0.0,0.0,0.0,0.0,
F07854,not_tiered,42,0.6595283575581957,2.6062337197023995,1.5700953292221644,1.2548845146080791,P32,0,0.0,0.0,0.5952380952380952,0.5952380952380952,
F07855,not_tiered,42,-0.381882274572744,-0.20306665308852667,0.10094061496970663,0.47806662567991454,P38,0,0.0,0.0,1.0,1.0,
F07856,not_tiered,41,0.43687434556050775,0.43687434556050775,5.551115123125783e-17,,P2,0,0.0,0.0,0.09523809523809523,0.09523809523809523,
F07857,not_tiered,42,0.2719078854480288,0.41509555168031737,0.0766564521032162,0.5579808672769634,P13,0,1.0,0.0,1.0,0.7619047619047619,
F07858,not_tiered,42,-0.23270036541342323,-0.009502282764897242,0.12807967620503802,0.5453918485906575,P38,0,0.0,0.0,0.0,0.0,
F07859,C_detection_pattern,42,0.06845357677616651,0.6957663598162446,0.4122900804333933,0.9641768838344709,P30,0,0.0,0.0,1.0,1.0,1.0
F07860,not_tiered,0,,,,,,0,0.0,0.0,0.0,0.0,
F07861,C_detection_pattern,42,-0.23239232899106055,0.4944294387294801,0.4175332119265295,0.9340095647739153,P10,1,0.0,0.0,1.0,1.0,1.0
F07862,C_detection_pattern,42,-0.5404533424160979,-0.12406519632085751,0.27757239266977857,0.8388422355799121,P8,0,0.0,0.0,1.0,1.0,1.0
F07863,not_tiered,41,-2.8823244386281015,-2.8823244386281015,4.440892098500626e-16,,P2,0,0.0,0.0,0.0,0.0,
F07864,not_tiered,42,0.057484588356617336,0.1411642922403101,0.0427137640055036,0.3728778281514121,P18,0,0.0,0.0,0.0,0.0,
F07865,C_detection_pattern,42,-0.8130839976645531,-0.4974569617927649,0.1906841573169148,0.5958827201157999,P39,0,0.0,0.0,1.0,1.0,1.0
F07866,not_tiered,42,0.37591881750707273,0.46121822699367676,0.05020430624319594,0.38543609123702494,P15,0,1.0,0.0,1.0,0.0,
F07867,B_abundance,42,-1.2319234614110277,-1.0575080987646952,0.0941345827813298,0.34656452273128263,P39,0,1.0,1.0,0.047619047619047616,0.0,1.0
F07868,C_detection_pattern,42,-0.6816566297984732,0.7113443583457612,0.7928052339845184,1.125049773037323,P10,2,0.0,0.0,1.0,1.0,1.0
F07869,not_tiered,0,,,,,,0,0.0,0.0,0.0,0.0,
F07870,C_detection_pattern,42,-5.2030191621288004,-3.221450434112752,0.9907843640080243,1.4163481797578021,P23,0,0.0,0.0,1.0,1.0,1.0
F07871,not_tiered,42,-0.6716163382585938,-0.3658164271570098,0.22762985077444708,0.7779126914817661,P19,0,0.023809523809523808,0.0,1.0,0.0,
F07872,C_detection_pattern,42,-0.14233199648471206,0.41966156110122277,0.29005486268273095,0.6372549264713844,P22,3,0.0,0.0,1.0,1.0,1.0
F07873,C_detection_pattern,42,0.11699172571912005,0.35255695215715516,0.12780660647134773,0.5685377241013013,P9,0,0.0,0.0,1.0,1.0,1.0
F07874,C_detection_pattern,42,-0.7813045346830734,-0.48607889171163954,0.16737170868684292,0.6392179696158821,P16,0,0.0,0.0,1.0,1.0,1.0
F07875,not_tiered,42,-2.9026083942666276,-1.7056250942536906,0.7936961622466279,1.2518316225671164,P6,0,0.0,0.0,0.0,0.0,
F07876,not_tiered,42,0.5032544797968975,0.6359222439539804,0.07013899849702365,0.4107033094647826,P23,0,1.0,0.0,0.0,0.0,
F07877,not_tiered,42,-0.7263085981794899,-0.5487368224003163,0.0996334925535447,0.46063899766972344,P31,0,1.0,0.0,1.0,1.0,
F07878,not_tiered,0,,,,,,0,0.0,0.0,0.0,0.0,
F07879,not_tiered,0,,,,,,0,0.0,0.0,0.0,0.0,
F07880,C_detection_pattern,42,0.2852458068632453,1.3431691890958266,0.6567530721818328,1.1829164829788241,P7,0,0.0,0.0,1.0,1.0,1.0
F07881,C_detection_pattern,42,-0.07413696374375008,0.9147331888898794,0.4958050165359,0.7154712081027591,P38,2,0.0,0.0,1.0,1.0,1.0
F07882,not_tiered,42,0.37318681531944203,0.7078003792669433,0.19927865441713205,0.6179788517142025,P37,0,0.0,0.0,1.0,1.0,
F07883,not_tiered,42,0.31571732439359484,0.43202270146922683,0.06009771537442904,0.43826685914776237,P25,0,1.0,0.0,0.8333333333333334,0.0,
F07884,not_tiered,42,-0.9233430961547935,-0.40504978935082714,0.29067848744175784,0.6594600180654031,P7,0,0.0,0.0,0.0,0.0,
F07885,not_tiered,42,-2.230469568561042,-1.6380064487749175,0.3743538088738725,0.8259861935720004,P41,0,0.0,0.0,0.0,0.0,
F07886,not_tiered,42,-0.02887824469387479,0.12167632235868658,0.08673279151354958,0.44714016723362165,P31,4,0.0,0.0,1.0,0.0,
F07887,not_tiered,42,1.5146977004805233,1.8993574605607453,0.24687530261516888,0.4702641591160926,P33,0,1.0,0.0,0.0,0.0,
F07888,C_detection_pattern,42,-0.514482159124551,0.7826109291825046,0.8062959226621665,1.2507551761008675,P23,1,0.0,0.0,1.0,1.0,1.0
F07889,not_tiered,42,-1.938548481570613,-1.428300386539937,0.2773570070900244,0.5618233890840101,P7,0,0.0,0.0,0.0,0.0,
F07890,not_tiered,42,-0.36049708825705457,-0.014382559060446746,0.20817946320217068,0.6142191981795355,P15,0,0.0,0.0,0.0,0.0,
F07891,not_tiered,42,-1.7419869744684746,-0.28892737111682454,0.8463030603239533,1.3058429007597234,P1,0,0.0,0.0,0.0,0.0,
F07892,not_tiered,42,-0.04243740050598801,0.0031724814429865303,0.02389132068762233,0.34252619917981697,P2,3,0.0,0.0,0.0,0.0,
F07893,not_tiered,42,0.2264989450677371,0.2810657397872765,0.02826892709942358,0.38479826716765125,P37,0,1.0,0.0,0.0,0.0,
F07894,C_detection_pattern,42,0.15450076729624593,0.5423578118068016,0.25749756984308214,0.7886754149825757,P35,0,0.0,0.0,1.0,1.0,1.0
F07895,B_abundance,42,1.0454380712105542,1.1818416508263438,0.07087066471680536,0.43417073479370694,P14,0,1.0,1.0,0.0,0.0,1.0
F07896,C_detection_pattern,42,-0.002822589421999755,0.4171291078082744,0.23284933447546,0.6700758538640245,P10,1,0.0,0.0,1.0,1.0,1.0
F07897,not_tiered,42,-0.4432411483919,-0.3608196959777006,0.05275586153634143,0.5019677680811329,P2,0,1.0,0.0,0.0,0.0,
F07898,not_tiered,42,0.4912174623286578,0.577912016572092,0.046634638036192944,0.36083404131194663,P33,0,1.0,0.0,1.0,1.0,
F07899,C_detection_pattern,42,-2.244807492827917,0.632935028627359,1.5134940463262723,1.4300856206040031,P22,1,0.0,0.0,1.0,1.0,1.0
F07900,not_tiered,42,-0.2803937623602697,-0.1519447196113002,0.0647058154998732,0.49348897898721916,P26,0,0.023809523809523808,0.0,0.0,0.0,
F07901,C_detection_pattern,42,0.13068518177983288,0.3559626518834094,0.13518287393061812,0.627193872525061,P36,0,0.0,0.0,1.0,1.0,1.0
F07902,not_tiered,42,0.19345666420387483,0.2459606843983993,0.030491013527652905,0.4028847829490406,P22,0,1.0,0.0,0.0,0.0,
F07903,not_tiered,42,0.11802668084440669,0.16663534919726625,0.02520902646646256,0.3431603875065961,P22,0,0.047619047619047616,0.0,0.0,0.0,
F07904,not_tiered,42,0.27990577604555544,0.42809477315224076,0.08245313980707114,0.5596522867669645,P25,0,0.9285714285714286,0.0,1.0,0.7619047619047619,
F07905,not_tiered,42,0.3769348611667368,0.46941893060299994,0.05749452761277124,0.5570530655883337,P31,0,1.0,0.0,0.0,0.0,
F07906,C_detection_pattern,42,0.60424923663494,0.8503881719892652,0.19111511085121757,0.8095904340409121,P36,0,0.0,0.0,1.0,1.0,1.0
F07907,C_detection_pattern,42,-1.1415600080633053,0.6981320293257447,1.115560494001515,1.439997701313579,P1,1,0.0,0.0,1.0,1.0,1.0
F07908,not_tiered,42,-0.6044214612801972,-0.3808351279747674,0.12693872854593347,0.5886333218313925,P38,0,0.14285714285714285,0.0,0.047619047619047616,0.0,
F07909,not_tiered,42,0.34485596106276495,0.38678881064717696,0.021315282162866156,0.2942519612869217,P37,0,1.0,0.0,0.0,0.0,
F07910,C_detection_pattern,42,0.119774325024223,0.2692806571113892,0.08135553523120359,0.4705607273449122,P24,0,0.0,0.0,1.0,1.0,1.0
F07911,not_tiered,42,0.647238907029333,0.7109153822338671,0.03597032139786693,0.3571125210111418,P1,0,1.0,0.0,0.0,0.0,
F07912,not_tiered,42,-0.009436104594445473,0.08037411076529045,0.05743377743703246,0.5497137434571469,P25,3,0.0,0.0,0.0,0.0,
F07913,not_tiered,42,-0.47553556652775486,-0.07158124430020525,0.20888705397459584,0.6760737793848768,P2,0,0.0,0.0,0.0,0.0,
F07914,not_tiered,41,-0.49057623360339164,-0.49057623360339164,5.551115123125783e-17,,P2,0,0.0,0.0,0.0,0.0,
F07915,C_detection_pattern,42,0.08280603568736777,0.33330355218913565,0.13480720880741057,0.6283208154793677,P40,0,0.0,0.0,1.0,1.0,1.0
F07916,C_detection_pattern,42,0.5708415111666252,1.404362067636141,0.5294013142054652,1.0500046784323578,P35,0,0.0,0.0,1.0,1.0,1.0
F07917,C_detection_pattern,41,0.13574040170028212,0.13574040170028212,2.7755575615628914e-17,,P1,0,0.0,0.0,1.0,1.0,1.0
F07918,not_tiered,42,-0.47757405932459523,0.38245217597056325,0.5828126794453438,1.0525771552685186,P35,1,0.0,0.0,0.14285714285714285,0.14285714285714285,
F07919,not_tiered,42,-0.7239347403491538,-0.26849353722025515,0.3258143648988323,0.8462988060643203,P39,0,0.0,0.0,1.0,1.0,
F07920,not_tiered,42,0.43520744099188063,0.569070184240216,0.07811843637521504,0.5026613970108011,P25,0,1.0,0.0,1.0,0.7619047619047619,
F07921,not_tiered,42,0.060552996881754,0.21112470039416653,0.08887596878254543,0.4644319290732433,P36,0,0.0,0.0,0.8095238095238095,0.7619047619047619,
F07922,not_tiered,42,0.3132238335429084,0.36331884593363034,0.02687466935452304,0.32638352621728606,P39,0,1.0,0.0,0.0,0.0,
F07923,not_tiered,42,0.38925179076679767,0.4805940099508687,0.04945378428118069,0.3760829739607292,P3,0,0.2857142857142857,0.0,1.0,1.0,
F07924,C_detection_pattern,42,0.16705259991858087,0.6655778923944833,0.3705688180965162,0.7388304145332713,P2,0,0.0,0.0,1.0,1.0,1.0
F07925,not_tiered,42,-0.18471944576795205,0.0013492782834811793,0.09702876856499394,0.3775155549318258,P36,1,0.0,0.0,0.0,0.0,
F07926,C_detection_pattern,42,-2.1430113382372267,-0.6770865520566934,0.9404555499100343,1.2634432748705515,P32,0,0.0,0.0,1.0,1.0,1.0
F07927,not_tiered,42,0.10205674712725343,0.20012130285024088,0.052831993847998776,0.43574169860664835,P17,0,0.0,0.0,1.0,0.0,
F07928,not_tiered,0,,,,,,0,0.0,0.0,1.0,1.0,
F07929,not_tiered,0,,,,,,0,0.0,0.0,0.0,0.0,
F07930,not_tiered,42,0.4197269235488194,0.5194196940909235,0.055344779532102595,0.38404222170007524,P16,0,0.0,0.0,1.0,1.0,
F07931,not_tiered,42,0.768148760584947,0.9161431359825988,0.08064852167316017,0.46364320481152643,P24,0,1.0,0.0,1.0,0.7619047619047619,
F07932,not_tiered,42,0.09869236284468451,0.14579069096917324,0.024879101422164887,0.31925918833694056,P18,0,0.0,0.0,0.0,0.0,
F07933,not_tiered,42,-0.33807027996971156,-0.26983885071711206,0.04307109590768965,0.4647241800218121,P23,0,1.0,0.0,0.0,0.0,
F07934,not_tiered,42,-0.21703926248779443,-0.12410448405679336,0.058947841581782734,0.44270639466376294,P23,0,0.0,0.0,0.0,0.0,
F07935,not_tiered,42,0.4532038831573694,0.493176272877582,0.021293743472472704,0.3318360115625113,P1,0,1.0,0.0,0.0,0.0,
F07936,not_tiered,42,0.45660571168823294,0.5469293474509096,0.06424412800302659,0.5832698544629814,P21,0,1.0,0.0,0.0,0.0,
F07937,not_tiered,42,0.4238510270544639,0.5042430336526935,0.04341357230427867,0.3420114013537903,P19,0,1.0,0.0,0.0,0.0,
F07938,C_detection_pattern,42,-0.09609585811865907,0.1452235259310256,0.13036194088935127,0.5100323608989081,P38,4,0.0,0.0,1.0,1.0,1.0
F07939,C_detection_pattern,42,-2.288319066249489,-0.4875153090636548,0.9004018785929171,1.336967048415446,P1,0,0.0,0.0,1.0,1.0,1.0
F07940,not_tiered,41,-0.09543788644937479,-0.09543788644937479,8.326672684688674e-17,,P2,0,0.0,0.0,0.0,0.0,
F07941,not_tiered,42,-2.402166483927198,4.368926030601259,3.3855462572642288,2.066560351194786,P1,1,0.0,0.0,0.07142857142857142,0.07142857142857142,
F07942,not_tiered,0,,,,,,0,0.0,0.0,0.0,0.0,
F07943,not_tiered,0,,,,,,0,0.0,0.0,0.0,0.0,
F07944,C_detection_pattern,42,0.9668647349229511,3.3143878944071137,1.3209764013029752,1.4565021796810698,P9,0,0.0,0.0,1.0,1.0,1.0
F07945,not_tiered,0,,,,,,0,0.0,0.0,0.0,0.0,
F07946,not_tiered,42,-0.27636844048842085,0.18505643732018257,0.24368765880957766,0.7573836871205463,P13,4,0.0,0.0,1.0,1.0,
F07947,C_detection_pattern,42,-0.7062138445227284,-0.49207494558858744,0.11850694919108296,0.49006199998126326,P38,0,0.0,0.0,1.0,1.0,1.0
F07948,C_detection_pattern,42,0.6644121538504427,1.1076407774530896,0.25174649073840427,0.6751311502884969,P25,0,0.0,0.0,1.0,1.0,1.0
F07949,not_tiered,42,0.048238264679958044,0.18593363955646586,0.08080253694222025,0.5576214347744172,P2,0,0.0,0.0,1.0,1.0,
F07950,not_tiered,0,,,,,,0,0.0,0.0,0.0,0.0,
F07951,C_detection_pattern,42,-0.7552100627753822,0.822612525728772,0.8917962375647006,1.3170893918791178,P10,1,0.0,0.0,1.0,1.0,1.0
F07952,C_detection_pattern,42,-0.6731673200738805,-0.43307321739959787,0.1301684535938707,0.5312985480607035,P23,0,0.0,0.0,1.0,1.0,1.0
F07953,not_tiered,42,0.027814523403500376,0.3944185330094586,0.2646460463989922,0.9040105131652559,P4,0,0.0,0.0,0.8333333333333334,0.0,
F07954,C_detection_pattern,42,-0.38457828812045913,-0.22050338924524937,0.08353290156649662,0.4422224250892613,P39,0,0.0,0.0,1.0,1.0,1.0
F07955,not_tiered,42,-0.00747514302281863,0.15838076051564848,0.11144693436448162,0.6325598224799196,P41,1,0.0,0.0,1.0,1.0,
F07956,not_tiered,41,0.15977571995992967,0.15977571995992967,8.326672684688674e-17,,P2,0,0.0,0.0,0.0,0.0,
F07957,not_tiered,42,0.10037738957476389,0.2897211980028694,0.09820795239800009,0.5472565550214485,P23,0,0.0,0.0,1.0,0.0,
F07958,not_tiered,42,0.5590299523587238,0.6336249220332062,0.03741597724196166,0.43199716276132566,P21,0,1.0,0.0,0.0,0.0,
F07959,C_detection_pattern,42,1.4380936179115902,2.1673819388545352,0.3657248174959544,0.7524605319411122,P1,0,0.0,0.0,1.0,1.0,1.0
F07960,C_detection_pattern,42,-0.051842999906101785,0.34384859287044406,0.2259849698560349,0.6795817404745587,P32,1,0.0,0.0,1.0,1.0,1.0
F07961,C_detection_pattern,42,-0.3125021002370669,0.9057420397142231,0.6515983353366632,1.0708686306796518,P32,1,0.0,0.0,1.0,1.0,1.0
F07962,not_tiered,42,-0.4716755121028459,-0.31695223840413095,0.11846403239754882,0.6402702109011742,P18,0,0.8571428571428571,0.0,0.8571428571428571,0.7619047619047619,
F07963,not_tiered,0,,,,,,0,0.0,0.0,0.0,0.0,
F07964,not_tiered,42,-0.8197554478599602,-0.5551860960184399,0.16352946498884968,0.5661494760664771,P38,0,0.0,0.0,0.0,0.0,
F07965,not_tiered,41,-0.7408058386652865,-0.7408058386652865,0.0,,P1,0,0.0,0.0,0.0,0.0,
F07966,not_tiered,42,0.2488144108158996,0.5232512857174164,0.18228527160615582,0.6795038217305877,P38,0,0.0,0.0,0.0,0.0,
F07967,C_detection_pattern,42,-0.3122197757969423,-0.16171789438557127,0.07575291981819962,0.42162894655319383,P34,0,0.0,0.0,1.0,1.0,1.0
F07968,not_tiered,42,-1.9821054771721514,1.953392758851491,1.9677491180118212,1.8808133037573818,P1,1,0.0,0.0,0.0,0.0,
F07969,not_tiered,0,,,,,,0,0.0,0.0,0.0,0.0,
F07970,C_detection_pattern,42,-0.5731115640403566,0.15847037583798596,0.3974781662482739,0.8481830544471023,P32,1,0.0,0.0,1.0,1.0,1.0
F07971,C_detection_pattern,42,-2.188448466709879,-0.9091261199180698,0.9201107438849849,1.1099087706396649,P38,0,0.0,0.0,1.0,1.0,1.0
F07972,not_tiered,41,-0.5923050333084721,-0.5923050333084721,0.0,,P2,0,0.0,0.0,0.8333333333333334,0.0,
F07973,C_detection_pattern,42,-2.6650069785444974,-1.3041036603674911,0.798442203860575,1.188393219443098,P30,0,0.0,0.0,1.0,1.0,1.0
F07974,not_tiered,42,-1.0730917935794335,-0.21754159179020283,0.5443160245265223,1.048473973544763,P26,0,0.0,0.0,0.0,0.0,
F07975,not_tiered,0,,,,,,0,0.0,0.0,0.0,0.0,
F07976,C_detection_pattern,42,-0.06709215122944609,0.5507119491067908,0.3185030043184496,0.7624574438247854,P32,1,0.0,0.0,1.0,1.0,1.0
F07977,not_tiered,42,0.3255102671746672,0.5702191821790967,0.14896037276383622,0.5644695016075121,P6,0,0.0,0.0,1.0,1.0,
F07978,not_tiered,42,0.028955886557989925,0.2989496406513558,0.14888486722959343,0.5168842676852451,P27,0,0.0,0.0,1.0,1.0,
F07979,not_tiered,0,,,,,,0,0.0,0.0,0.0,0.0,
F07980,not_tiered,42,-0.38316076307177516,-0.18995092419060908,0.13049591302284794,0.6529586717220998,P20,0,0.0,0.0,1.0,0.7619047619047619,
F07981,C_detection_pattern,41,-0.7879932919145407,-0.7879932919145407,0.0,,P2,0,0.0,0.0,1.0,1.0,1.0
F07982,C_detection_pattern,41,-0.4243320572437419,-0.4243320572437419,0.0,,P1,0,0.0,0.0,1.0,1.0,1.0
F07983,not_tiered,42,-1.0923018159216809,-0.5739119658691134,0.30146245609432176,0.5810617504444783,P28,0,0.0,0.0,0.0,0.0,
F07984,C_detection_pattern,42,0.9929918577936719,1.905655923436956,0.46335648171271815,0.8846520738044589,P34,0,0.0,0.0,1.0,1.0,1.0
F07985,not_tiered,42,-0.6792529132687365,-0.2253048112920748,0.33534772144982217,0.8663591050625027,P14,0,0.0,0.0,0.0,0.0,
F07986,not_tiered,42,-2.3264814379793357,-0.4344631380558326,0.9460091499617518,1.3781531391412776,P1,0,0.0,0.0,0.0,0.0,
F07987,not_tiered,41,-1.9718957560145238,-1.9718957560145238,2.220446049250313e-16,,P2,0,0.0,0.0,0.0,0.0,
F07988,C_detection_pattern,42,0.03296511924806511,0.7565741904166359,0.4505102791250404,0.942696853640802,P15,0,0.0,0.0,1.0,1.0,1.0
F07989,C_detection_pattern,42,-0.46166456138049733,-0.2094456944932137,0.17255413506109896,0.6313077526469075,P38,0,0.0,0.0,1.0,1.0,1.0
F07990,not_tiered,42,0.7800705906686025,0.8644457802182806,0.04286116012329144,0.3751829659122723,P2,0,1.0,0.0,0.0,0.0,
F07991,C_detection_pattern,41,-3.764258203221691,-3.764258203221691,0.0,,P1,0,0.0,0.0,1.0,1.0,1.0
F07992,not_tiered,41,0.17984480176190054,0.17984480176190054,2.7755575615628914e-17,,P2,0,0.0,0.0,0.0,0.0,
F07993,not_tiered,41,-3.5933307207072067,-3.5933307207072067,0.0,,P2,0,0.0,0.0,0.0,0.0,
F07994,not_tiered,41,-0.7235848800947586,-0.7235848800947586,0.0,,P2,0,0.0,0.0,0.5476190476190477,0.0,
F07995,not_tiered,42,-2.9502326459289625,-2.1524142488854427,0.4696099726314866,0.8365779213077829,P42,0,0.0,0.0,0.0,0.0,
F07996,not_tiered,42,0.34737461039956197,0.49780586743848704,0.09345886912337886,0.5110904914966996,P1,0,0.0,0.0,1.0,1.0,
F07997,not_tiered,0,,,,,,0,0.0,0.0,0.0,0.0,
F07998,C_detection_pattern,42,-0.408273063088411,0.9972295174441221,0.9055984645387838,1.2310148721414356,P39,2,0.0,0.0,1.0,1.0,1.0
F07999,C_detection_pattern,41,-4.547777076671787,-4.547777076671787,0.0,,P1,0,0.0,0.0,1.0,1.0,1.0
F08000,not_tiered,42,-1.050658826284291,-0.8448030448963695,0.10823866154565187,0.39521201210999296,P31,0,1.0,0.07142857142857142,0.0,0.0,
F08001,not_tiered,0,,,,,,0,0.0,0.0,0.0,0.0,
F08002,not_tiered,42,0.1689248934398621,0.22174991871596975,0.030485412200111445,0.3602115240710846,P11,0,0.5,0.0,0.0,0.0,
F08003,C_detection_pattern,42,-1.4921273006768347,-0.601657516280022,0.5408082780745636,0.9696084183051006,P8,0,0.0,0.0,1.0,1.0,1.0
F08004,not_tiered,0,,,,,,0,0.0,0.0,0.0,0.0,
F08005,not_tiered,41,-1.5399296055851028,-1.5399296055851028,0.0,,P2,0,0.0,0.0,0.023809523809523808,0.0,
F08006,not_tiered,42,-2.4650611445771213,-2.4080329994179177,0.028514072579601812,0.05350900771905107,P35,0,0.0,0.0,0.0,0.0,
F08007,not_tiered,41,-0.39188410259191997,-0.39188410259191997,5.551115123125783e-17,,P2,0,0.0,0.0,0.0,0.0,
F08008,not_tiered,41,-0.5122919635073959,-0.5122919635073959,0.0,,P2,0,0.0,0.0,1.0,0.0,
F08009,not_tiered,42,-2.1174063665333533,-1.200857216867761,0.46818834881809845,0.8743188603085112,P1,0,0.0,0.0,0.11904761904761904,0.11904761904761904,
F08010,not_tiered,41,-1.7837635771160336,-1.7837635771160336,0.0,,P2,0,0.0,0.0,0.0,0.0,
F08011,C_detection_pattern,42,-0.9399553463397874,-0.2017304606406225,0.3868519532116613,0.8715570181697435,P35,0,0.0,0.0,1.0,1.0,1.0
F08012,not_tiered,0,,,,,,0,0.0,0.0,0.0,0.0,
F08013,not_tiered,42,-1.417406567646605,-0.26155657063939763,0.5779249985036037,0.9717044474687708,P1,0,0.0,0.0,0.023809523809523808,0.0,
F08014,not_tiered,0,,,,,,0,0.0,0.0,0.0,0.0,
F08015,not_tiered,42,0.22470802867356826,0.3016455525126762,0.039070693799721945,0.3405588252449523,P40,0,0.6666666666666666,0.0,1.0,0.0,
F08016,not_tiered,42,-0.6311313723833152,-0.3052112209744813,0.162960075704417,0.30294614844052864,P1,0,0.0,0.0,0.0,0.0,
F08017,not_tiered,42,-1.301761402492426,0.33965050064949054,0.8207059515709583,1.2591503555341745,P32,1,0.0,0.0,0.0,0.0,
F08018,not_tiered,41,-0.5178801960975417,-0.5178801960975417,0.0,,P1,0,0.0,0.0,0.0,0.0,
F08019,not_tiered,0,,,,,,0,0.0,0.0,0.0,0.0,
F08020,not_tiered,42,-1.3845617333393172,-0.49159054883811104,0.5448816325810398,0.9805869115116558,P13,0,0.0,0.0,0.0,0.0,
F08021,C_detection_pattern,42,-1.2800807692257472,0.586406572955856,1.0656840537422552,1.0092066560591024,P31,1,0.0,0.0,1.0,1.0,1.0
F08022,not_tiered,0,,,,,,0,0.0,0.0,1.0,0.0,
F08023,not_tiered,41,-1.8101269629607373,-1.8101269629607373,0.0,,P2,0,0.0,0.0,0.0,0.0,
F08024,not_tiered,41,1.7594615410971013,1.7594615410971013,0.0,,P1,0,0.0,0.0,0.0,0.0,
F08025,not_tiered,0,,,,,,0,0.0,0.0,0.0,0.0,
F08026,not_tiered,0,,,,,,0,0.0,0.0,0.0,0.0,
F08027,not_tiered,0,,,,,,0,0.0,0.0,0.0,0.0,
F08028,C_detection_pattern,41,-1.3569182045927395,-1.3569182045927395,2.220446049250313e-16,,P2,0,0.0,0.0,1.0,1.0,1.0
F08029,not_tiered,42,-1.198747692769645,-0.8540520607368612,0.27790068330663453,0.9724260949464782,P40,0,0.0,0.0,1.0,1.0,
F08030,C_detection_pattern,42,-1.7326296842286735,-1.2833984322301284,0.23746641383739453,0.49044688169859096,P2,0,0.0,0.0,1.0,1.0,1.0
F08031,C_detection_pattern,42,0.13155983954072295,0.4394248462843369,0.16222508962007431,0.671339871651928,P1,0,0.0,0.0,1.0,1.0,1.0
F08032,not_tiered,42,-0.43764775243248266,1.0178379912713238,0.7537877301315516,0.9309854253237181,P24,2,0.0,0.0,0.19047619047619047,0.19047619047619047,
F08033,not_tiered,0,,,,,,0,0.0,0.0,0.9285714285714286,0.7619047619047619,
F08034,not_tiered,42,-1.3443479788578774,-0.39622322661174536,0.474062376123066,0.8241719432445789,P1,0,0.0,0.0,1.0,0.7619047619047619,
F08035,not_tiered,41,-0.11430591970631276,-0.11430591970631276,6.938893903907228e-17,,P2,0,0.0,0.0,0.0,0.0,
F08036,not_tiered,0,,,,,,0,0.0,0.0,0.0,0.0,
F08037,not_tiered,42,-0.29095609186236926,0.1813846876196508,0.3932616843877329,0.7320284438284219,P42,2,0.0,0.0,1.0,0.0,
F08038,not_tiered,0,,,,,,0,0.0,0.0,0.0,0.0,
F08039,C_detection_pattern,42,-0.4840025798977607,-0.19079482438720036,0.14738757314411022,0.5733834422724481,P33,0,0.0,0.0,1.0,1.0,1.0
F08040,C_detection_pattern,42,-0.4146978717804437,-0.1637106675550509,0.1520933261665802,0.6082610008688291,P30,0,0.0,0.0,1.0,1.0,1.0
F08041,not_tiered,41,-0.5818531266722999,-0.5818531266722999,0.0,,P2,0,0.0,0.0,0.09523809523809523,0.09523809523809523,
F08042,not_tiered,41,-2.6337866997337036,-2.6337866997337036,4.440892098500626e-16,,P2,0,0.0,0.0,0.0,0.0,
F08043,not_tiered,42,1.3573816100448604,1.9416828469996574,0.3165601009040464,0.7367500411128488,P35,0,0.0,0.0,0.0,0.0,
F08044,not_tiered,42,-0.7018713539362813,-0.5741148985007006,0.07476999437458598,0.4916466391712631,P22,0,0.0,0.0,0.09523809523809523,0.09523809523809523,
F08045,not_tiered,0,,,,,,0,0.0,0.0,0.0,0.0,
F08046,not_tiered,41,-0.6559014989961813,-0.6559014989961813,0.0,,P2,0,0.0,0.0,0.0,0.0,
F08047,not_tiered,41,-1.2755342746181935,-1.2755342746181935,2.220446049250313e-16,,P2,0,0.0,0.0,0.0,0.0,
F08048,not_tiered,41,-2.124164637468409,-2.124164637468409,0.0,,P1,0,0.0,0.0,0.0,0.0,
F08049,not_tiered,42,-0.07303282893466366,0.16611913719440372,0.14971984356454376,0.6444721399625772,P11,1,0.0,0.0,1.0,1.0,
F08050,not_tiered,0,,,,,,0,0.0,0.0,0.0,0.0,
F08051,not_tiered,42,-1.1685490786814392,0.1917577567956119,0.8562908938220154,1.332432967645672,P30,1,0.0,0.0,0.0,0.0,
F08052,not_tiered,0,,,,,,0,0.0,0.0,0.0,0.0,
F08053,not_tiered,42,-0.5514695504908507,0.7795186614368286,0.9794874679858396,1.29709119538828,P12,1,0.0,0.0,0.0,0.0,
F08054,not_tiered,41,-1.7577228255486474,-1.7577228255486474,0.0,,P2,0,0.0,0.0,0.0,0.0,
F08055,C_detection_pattern,42,-0.34674932938486386,0.31312162064026006,0.5046009259522946,0.9729352991477629,P38,1,0.0,0.0,1.0,1.0,1.0
F08056,not_tiered,41,-0.08148087239546342,-0.08148087239546342,2.7755575615628914e-17,,P2,0,0.0,0.0,0.0,0.0,
F08057,C_detection_pattern,42,-0.46869031887395973,1.1296353805526622,1.2520570683064305,1.1779922568925747,P27,1,0.0,0.0,1.0,1.0,1.0
F08058,not_tiered,0,,,,,,0,0.0,0.0,0.0,0.0,
F08059,C_detection_pattern,41,-0.30756813089642243,-0.30756813089642243,5.551115123125783e-17,,P2,0,0.0,0.0,1.0,1.0,1.0
F08060,C_detection_pattern,42,0.3897294054497323,0.7297053220350466,0.19089314364845783,0.5322045714171678,P28,0,0.0,0.0,1.0,1.0,1.0
F08061,C_detection_pattern,42,-0.27556350496724225,0.5635734288062221,0.5914705718024511,1.120115553757296,P4,1,0.0,0.0,1.0,1.0,1.0
F08062,not_tiered,42,-0.18499090974836233,-0.022909405269536956,0.09547863757245724,0.5165821614577953,P31,0,0.0,0.0,0.0,0.0,
F08063,not_tiered,42,0.05790948897784061,0.1750814745014435,0.06082303367311119,0.4206451790049514,P25,0,0.0,0.0,0.0,0.0,
F08064,not_tiered,0,,,,,,0,0.0,0.0,0.0,0.0,
F08065,C_detection_pattern,42,0.21386652309875342,0.368872844484227,0.08899370750953206,0.4623782390473058,P39,0,0.0,0.0,1.0,1.0,1.0
F08066,C_detection_pattern,42,1.4297915062566624,2.370243461232683,0.5911021349232168,1.0008213013427416,P32,0,0.0,0.0,1.0,1.0,1.0
F08067,C_detection_pattern,42,-0.7178343277189506,-0.3951707718333729,0.17731436737185147,0.61658592539366,P39,0,0.0,0.0,1.0,1.0,1.0
F08068,not_tiered,42,-0.1798762471672087,-0.05790331480636004,0.08511764996733084,0.639650924653251,P18,0,0.0,0.0,0.0,0.0,
F08069,C_detection_pattern,41,-0.5516789503881938,-0.5516789503881938,0.0,,P2,0,0.0,0.0,1.0,1.0,1.0
F08070,not_tiered,42,0.6252460898792156,0.7257602775947104,0.06377316132225552,0.4372707514297928,P23,0,1.0,0.0,0.0,0.0,
F08071,C_detection_pattern,42,-0.34164364106024026,-0.025905169011766274,0.18578907839585912,0.5705076653140045,P42,0,0.0,0.0,1.0,1.0,1.0
