feature_key,multiverse_eligible_runs,multiverse_sign_agreement,multiverse_fdr_support_frequency,multiverse_core_support_frequency,multiverse_effect_min,multiverse_effect_max,multiverse_effect_median,multiverse_rank_percentile_sd,multiverse_effect_range
F00002,24,1.0,1.0,0.5,-1.4595225137644925,-0.7864517011834922,-1.1368072950929904,0.08930676457362018,0.6730708125810003
F00003,24,1.0,1.0,0.5,-1.160329595815716,-0.4872587832347155,-0.808615757289834,0.18517666219981396,0.6730708125810005
F00004,20,1.0,1.0,1.0,-2.5313647336137373,-1.4994058546003093,-2.0618003829365112,0.18724480581820577,1.031958879013428
F00005,20,0.5,0.0,0.0,-0.3010047645818879,0.3851470699835493,0.08111101776801324,0.08776250957846625,0.6861518345654372
F00006,16,1.0,0.5,0.0,-0.5720135802421717,-0.1331974873369027,-0.34788154602580135,0.21536257943664647,0.438816092905269
F00008,8,1.0,1.0,0.0,0.2836929192244562,0.69332175015241,0.48183295459307507,0.08504984235526548,0.4096288309279538
F00010,20,1.0,1.0,0.5,-1.2256050766806583,-0.5416079380005554,-0.8087644969246041,0.19444115851582414,0.6839971386801029
F00013,24,1.0,1.0,0.5,0.5112961835057568,1.1513336749427268,0.805059303007326,0.0814297924074363,0.64003749143697
F00014,8,0.75,0.5,0.0,-0.4079206385838979,0.0213538877360689,-0.21919094180012005,0.24187796450942897,0.42927452631996676
F00015,16,0.5,0.5,0.0,-0.3245393754746015,0.1910099059345164,-0.09069385695721024,0.13331586314068367,0.5155492814091178
F00017,24,1.0,0.5,0.0,0.0428964701751275,0.7037780881747194,0.437473875886522,0.2646012943318709,0.6608816179995919
F00020,8,1.0,1.0,0.5,-1.3457786956949815,-0.9522815038058436,-1.1437155990632095,0.12961955605040362,0.3934971918891379
F00025,8,0.25,0.5,0.0,-0.1247552430144206,0.4694572197161697,0.21921062404637176,0.15170893285496542,0.5942124627305904
F00028,4,1.0,0.5,0.0,-0.9074944491143212,-0.2456260433668282,-0.5765602462405747,0.2979559907293616,0.6618684057474931
F00029,20,1.0,0.5,0.0,0.2874185123219965,0.8169174056820933,0.5657182445153738,0.10465555866471007,0.5294988933600968
F00034,20,0.5,0.3,0.0,-0.2129843168871354,0.4585222121843559,0.07223826591414984,0.07613794021335925,0.6715065290714913
F00035,20,1.0,1.0,0.5,0.5040328091235267,1.111348685964158,0.7839254769867137,0.03292160921811906,0.6073158768406313
F00036,24,1.0,1.0,0.25,0.3907279181283828,1.014962603066519,0.6998445921517363,0.07123690497211141,0.6242346849381363
F00037,20,1.0,1.0,0.5,0.6651367291171381,1.2724526059577692,0.9604769164388709,0.06938702468606958,0.6073158768406312
F00038,20,1.0,0.5,0.0,0.0317618848217416,0.5860511932239673,0.3190612596437533,0.24022083281816972,0.5542893084022257
F00039,20,0.5,0.3,0.0,-0.509993848359469,0.1104815264544003,-0.15224886090640674,0.17206385492549814,0.6204753748138694
F00040,20,1.0,1.0,0.5,-1.1902329810000505,-0.5524054700972831,-0.823367439665041,0.2447761191019105,0.6378275109027673
F00041,16,0.5,0.0,0.0,-0.2143818518450154,0.2617344150621352,0.01834115135741035,0.056590326680882874,0.4761162669071506
F00042,24,1.0,1.0,0.75,-1.5678142140477664,-0.8947434014667659,-1.2851668407805157,0.11344554600645232,0.6730708125810005
F00043,20,0.5,0.5,0.0,-0.5297753222906473,0.1239929276825143,-0.12076095880686391,0.2213118996249318,0.6537682499731616
F00046,4,1.0,0.0,0.0,-0.6916046399037175,-0.061588909124275,-0.3765967745139962,0.18701318480171233,0.6300157307794425
F00048,24,1.0,0.5,0.0,-0.5941158809100852,-0.0445930359034081,-0.3308467717872123,0.34159870186721486,0.549522845006677
F00050,8,1.0,1.0,1.0,-2.83977723954603,-1.7073454641092836,-2.306397218213502,0.12485200886874966,1.1324317754367463
F00052,20,1.0,1.0,1.0,-2.0853724653488475,-1.299931953563593,-1.7583743687141613,0.062046259975017275,0.7854405117852545
F00056,8,0.5,0.0,0.0,-0.1385713322883044,0.1378172823593256,-0.0003770249644893947,0.022591472260439935,0.27638861464763
F00057,24,1.0,1.0,0.5,0.5996473477721287,1.2727181603531288,0.9143185667720086,0.08409709808628603,0.6730708125810001
F00058,24,0.5,0.625,0.0,-0.3927979959186725,0.1616919185486361,-0.09614437189776465,0.23089003319809637,0.5544899144673086
F00060,24,0.5,0.25,0.0,-0.2763680894293756,0.5174167527953275,0.0319696711499453,0.0795862223093562,0.7937848422247031
F00061,24,1.0,1.0,0.5,-1.6576832782534483,-0.7504440371828364,-1.1155089971851115,0.17029152583192142,0.9072392410706119
F00062,20,0.5,0.5,0.0,-0.0636667401307166,0.4659204045831281,0.1766074663112516,0.1592439351902632,0.5295871447138447
F00066,24,0.25,0.5,0.0,-0.0575710094293712,0.6154998031516291,0.35370843466158974,0.3109824188997334,0.6730708125810003
F00067,24,1.0,1.0,0.5,-1.5549981971368776,-0.5744449449861287,-0.9761669105284725,0.19001485124679293,0.9805532521507488
F00068,20,1.0,1.0,1.0,-2.1425055982046937,-1.2018758666694245,-1.57773586669358,0.08235880909598084,0.9406297315352692
F00069,8,1.0,1.0,0.5,-1.33623082086569,-0.8322354068757791,-1.1026908483529945,0.154660871704133,0.5039954139899108
F00070,24,1.0,1.0,0.5,-1.3589194762541117,-0.5993511342491659,-0.8905806447186078,0.2097016755365592,0.7595683420049458
F00073,20,0.5,0.5,0.0,-0.1126427081661468,0.5204664427028138,0.13882396424439924,0.1438379248473764,0.6331091508689606
F00074,24,1.0,1.0,1.0,-2.313691714224351,-1.4340404674911866,-1.7853114303247382,0.06642654733703311,0.8796512467331645
F00075,20,1.0,0.5,0.0,-0.6165277273964762,-0.0448303589442548,-0.36242909822391567,0.28857785415011616,0.5716973684522214
F00076,24,1.0,0.5,0.0,0.275918581248555,0.8810785669697916,0.5300455293030656,0.11686486693826835,0.6051599857212366
F00081,24,1.0,1.0,0.25,0.2990676070349233,1.0459071630686507,0.5839327245187562,0.0996232932977096,0.7468395560337274
F00083,24,1.0,1.0,0.25,0.4851636927825597,1.1582345053635612,0.7483411804666846,0.13525423189982766,0.6730708125810014
F00084,24,1.0,0.5,0.0,-0.8511754790005094,-0.1639066402352671,-0.41898639908485763,0.31849641682442986,0.6872688387652423
F00085,24,1.0,1.0,0.5,-1.620936809327053,-0.7317365367749701,-1.0877820125179807,0.17542724234391688,0.889200272552083
F00087,8,0.75,0.0,0.0,-0.0751572844033703,0.3663960387959302,0.1499795341901081,0.08341313057020784,0.4415533231993005
F00088,20,1.0,0.5,0.0,-0.9244624798088564,-0.2150088564917353,-0.49124917760412634,0.27424497571231293,0.7094536233171211
F00091,24,1.0,1.0,0.75,0.8587154795877879,1.5145851857505956,1.2432023158059513,0.13704788763037107,0.6558697061628077
F00092,8,1.0,0.0,0.0,0.0960127745784557,0.3573828435567748,0.22360339050981037,0.06755418343392165,0.2613700689783191
F00093,24,1.0,0.75,0.0,0.1363934346315745,0.8946963536290241,0.6040995546633301,0.21935510954542498,0.7583029189974496
F00094,20,0.5,0.2,0.0,-0.4016815438055153,0.1421013944088704,-0.14483423096601755,0.16074869774840342,0.5437829382143857
F00095,16,1.0,1.0,0.5,-1.1879178063712148,-0.7048249413133323,-0.9411417599791567,0.17856415468129633,0.4830928650578825
F00096,24,0.5,0.75,0.0,-0.4449767674590874,0.2874171848428834,0.009774869224928595,0.10114575341690778,0.7323939523019708
F00097,8,1.0,1.0,0.5,0.8994971927633137,1.3642508604718824,1.1412060554289738,0.023290370180795408,0.46475366770856863
F00098,8,1.0,1.0,1.0,-1.877051767684336,-1.4053535129098629,-1.6412026402970994,0.13908564421049902,0.471698254774473
F00101,8,1.0,0.75,0.25,-1.2227105822744109,-0.4938468134654383,-0.7716257690979026,0.1516343299866314,0.7288637688089725
F00102,8,1.0,0.5,0.0,-0.5018475171091321,-0.0202096888371827,-0.23425902898677953,0.23768656076241718,0.4816378282719494
F00103,24,1.0,1.0,0.5,-1.58136320231844,-0.7617233672375664,-1.0829886242449727,0.11745210117017495,0.8196398350808737
F00104,24,0.5,0.5,0.0,-0.0406266660403218,0.6089674203431836,0.2121323771904158,0.18130267454599122,0.6495940863835055
F00105,12,1.0,0.5,0.3333333333333333,0.4303300265593681,1.123803376506047,0.7187054668948718,0.11754589563600808,0.6934733499466788
F00107,12,1.0,0.5,0.0,-0.7446456236858834,-0.1223049782868559,-0.37226164232294323,0.24716608565376738,0.6223406453990274
F00108,8,1.0,0.5,0.0,-0.6378085338869939,-0.076345131700833,-0.3193731635974778,0.26146926880425797,0.5614634021861609
F00110,24,1.0,1.0,0.75,-1.926180278496128,-0.8244710095504356,-1.2867709834902512,0.16560384863263586,1.1017092689456924
F00112,24,1.0,1.0,0.25,0.3662288342541305,1.039299646835131,0.6960625417603458,0.16067924233292283,0.6730708125810005
F00113,24,0.5,0.25,0.0,-0.3995800579497227,0.4190274994740015,0.09827838129517011,0.14720848505778755,0.8186075574237242
F00114,24,1.0,0.5,0.0,0.1781268390418688,0.8511976516228694,0.4273395735057354,0.16338444149045633,0.6730708125810007
F00115,24,1.0,1.0,0.5,0.7536368115376111,1.325395162866691,1.0094548577596218,0.08062941387005729,0.5717583513290798
F00117,24,1.0,1.0,0.75,0.8938775635425177,1.5669483761235177,1.2586448130234387,0.05036745117413122,0.673070812581
F00118,24,1.0,1.0,1.0,-3.1510822889974266,-2.043254702377332,-2.5086138351543488,0.11636275341595996,1.1078275866200946
F00119,16,1.0,1.0,0.375,-1.3994693248356649,-0.6114854956327055,-0.8860213436127635,0.16660641794747794,0.7879838292029594
F00120,24,0.5,0.5,0.0,-0.259850428152949,0.5703416734039054,0.0666909620924475,0.13175820655217452,0.8301921015568544
F00121,12,0.5,0.3333333333333333,0.0,-0.2990648683110695,0.0883020293735453,-0.08679275316753729,0.17015972677717286,0.3873668976846148
F00122,24,0.5,1.0,0.0,-0.2976292779291118,0.3754415346518887,-0.021870823877409892,0.1283432167041485,0.6730708125810005
F00123,20,1.0,0.5,0.0,-0.7998092571186851,-0.189123698045928,-0.4663221629337585,0.271712358392076,0.6106855590727571
F00124,24,1.0,1.0,0.25,0.3134592731995842,1.1041054288868808,0.6202276905102018,0.08671723912510804,0.7906461556872966
F00125,24,1.0,1.0,0.25,0.4562676682656081,1.1417277443155704,0.7104430457575583,0.06100772031447076,0.6854600760499623
F00128,24,1.0,1.0,0.25,-1.086900291932959,-0.462665606994823,-0.7518056136967057,0.25767686943343804,0.6242346849381359
F00129,20,0.5,0.3,0.0,-0.3758268371553726,0.242926419924631,-0.005730046289657453,0.0805149035464703,0.6187532570800036
F00130,24,1.0,1.0,1.0,-2.629424938068358,-1.6020650994690278,-2.0271903582356616,0.1075370807581095,1.02735983859933
F00131,12,1.0,1.0,1.0,1.2129031227733105,1.8848621389654827,1.6173105973974975,0.05493701467619726,0.6719590161921722
F00133,24,1.0,0.75,0.0,0.1972626358362043,0.846415679329013,0.5859757542942072,0.2484310280749063,0.6491530434928087
F00135,4,1.0,0.5,0.0,0.297561598895404,0.4956731713312018,0.3966173851133029,0.04018512476771821,0.1981115724357978
F00140,8,1.0,1.0,1.0,1.2244341154387095,1.782032833978251,1.4702602889526575,0.0356098558093366,0.5575987185395415
F00142,24,1.0,1.0,1.0,1.1300169969653169,1.6958056381678113,1.3850906172839508,0.012581551545351038,0.5657886412024944
F00145,24,1.0,1.0,0.5,-1.285065692221205,-0.6119948796402047,-0.9116906888186928,0.09717234130263121,0.6730708125810002
F00146,12,0.5,0.0,0.0,-0.5018535392639512,0.1994170041289309,-0.060421228920212046,0.11689596835319988,0.7012705433928821
F00147,24,1.0,1.0,0.75,-1.621691457287232,-0.9486206447062308,-1.3401540236224574,0.03288682599008287,0.6730708125810013
F00156,8,1.0,1.0,0.75,-1.5931024140214258,-0.9095053804329684,-1.2917632752010606,0.15640956812295667,0.6835970335884575
F00159,24,0.5,0.75,0.0,-0.4108804122464322,0.2621904003345683,-0.06235936201962171,0.2023777828925616,0.6730708125810005
F00160,12,1.0,1.0,1.0,-2.396023909275247,-1.5072379685095345,-1.9931200653424572,0.1508510638405483,0.8887859407657126
F00164,24,1.0,1.0,0.5,-1.3112302339371895,-0.5908063363446912,-1.0300574221492897,0.2318910943434507,0.7204238975924984
F00165,20,0.3,0.5,0.0,-0.2048002237236406,0.5276368481049198,0.23202350298060334,0.19721297447249578,0.7324370718285604
F00166,24,0.5,0.5,0.0,-0.1185099443374371,0.6046394108982861,0.1545100727473938,0.15471559512076524,0.7231493552357232
F00167,8,1.0,0.0,0.0,-0.3554165016248967,-0.0979655990617095,-0.22341395077004264,0.052358043624429515,0.2574509025631872
F00169,8,1.0,0.5,0.0,0.4232838243897769,0.7493042639377555,0.5828224885041382,0.044222000016680446,0.3260204395479786
F00171,4,1.0,0.5,0.5,-1.4768758518777447,-0.663843399926273,-1.0703596259020087,0.1776852732349218,0.8130324519514718
F00172,24,0.5,0.5,0.0,-0.5123571939239286,0.1739490102620948,-0.10506749511931843,0.2301836498803445,0.6863062041860235
F00173,24,1.0,0.5416666666666666,0.0,0.1363799024188211,0.8094507149998217,0.4562971056846977,0.23093142999010963,0.6730708125810005
F00174,24,0.5,0.5,0.0,-0.448544667551558,0.3730443065016853,0.05080448000809435,0.1317861546752434,0.8215889740532433
F00176,20,0.3,0.5,0.0,-0.0059319030893186,0.5661568196898483,0.33688657725009397,0.2837639029187729,0.5720887227791669
F00177,24,1.0,0.5,0.0,0.1477187341741576,0.8444491358762864,0.5699331318412234,0.20110256928628664,0.6967304017021289
F00180,12,1.0,1.0,1.0,1.0642438393325728,1.7178770303539783,1.351364200911945,0.11191392785979766,0.6536331910214055
F00181,24,0.5,0.5,0.0,-0.4402389607761033,0.0625652864842111,-0.1834123531278886,0.2539722044323597,0.5028042472603144
F00186,24,0.75,0.5,0.0,-0.687095987931616,0.0231571041395976,-0.26783284518441064,0.2811038943903821,0.7102530920712136
F00187,24,1.0,1.0,0.5,-1.4039537582440826,-0.7308829456630817,-1.1270622748664287,0.12951678613282785,0.673070812581001
F00190,4,1.0,0.5,0.0,-0.6095034561181774,-0.3144442216680871,-0.46197383889313226,0.16157116651412323,0.29505923445009025
F00194,24,1.0,0.5,0.0,0.088179151005085,0.6766778952704033,0.37217871079030945,0.3224615243333855,0.5884987442653183
F00196,24,1.0,0.9583333333333334,0.0,0.1475275284279746,0.7717622133661108,0.4370247617891976,0.18260007348750465,0.6242346849381363
F00197,24,1.0,1.0,1.0,-2.0038337474840056,-1.0408146142689232,-1.4337695203434335,0.1471430046553003,0.9630191332150824
F00200,20,1.0,0.5,0.0,0.1956650262180428,0.8430492046210717,0.46743720520004123,0.2626008343711351,0.6473841784030289
F00204,20,1.0,0.7,0.0,0.2830543649626652,0.8396660062946001,0.6134298602328976,0.16547231161527404,0.5566116413319349
F00207,16,1.0,1.0,1.0,1.012445092201694,1.4679173776515222,1.2585482114102802,0.017356636393684552,0.4554722854498281
F00208,12,1.0,1.0,1.0,-2.6540662851981387,-1.9386422480183287,-2.3684675541211364,0.13615688318469502,0.71542403717981
F00210,24,1.0,0.5,0.0,0.0135055244547566,0.6377402093928928,0.3607724949214933,0.21699247530270763,0.6242346849381362
F00211,24,1.0,1.0,0.5,-1.3373155273574544,-0.6642447147764537,-1.0362291839808573,0.1552392809895124,0.6730708125810007
F00213,8,1.0,1.0,1.0,1.3961799903532774,1.7584208312484704,1.5817978698635153,0.03241195217746935,0.36224084089519293
F00214,8,1.0,0.0,0.0,0.2574132227954848,0.6824804784890142,0.4544245573860103,0.04814754241990069,0.4250672556935294
F00215,24,1.0,0.5,0.0,0.180522125732541,0.8535929383135419,0.4313111984166772,0.18862723116500643,0.6730708125810009
F00217,16,1.0,0.5,0.0,-0.6955271812761816,-0.1978034583051383,-0.44299580662224664,0.23085915689015546,0.49772372297104334
F00219,24,1.0,0.75,0.25,-1.05749544376029,-0.2613907688203676,-0.7479977668233596,0.3172328371112823,0.7961046749399223
F00220,20,1.0,0.5,0.0,0.2459580791815792,0.8474342787886331,0.48597601665939294,0.13613116913582973,0.6014761996070539
F00222,24,1.0,1.0,0.5,0.4945926037000168,1.1676634162810176,0.7863322884882359,0.05547565514488944,0.6730708125810008
F00223,24,1.0,1.0,0.5,-1.280107675911593,-0.6070368633305921,-0.9385694216158222,0.1401197115278732,0.6730708125810009
F00224,12,1.0,0.0,0.0,-0.8566673752084456,-0.1129836513087609,-0.3509090077734664,0.15493928330101092,0.7436837238996847
F00225,16,1.0,0.5,0.0,-0.829488905856859,-0.1167143624843869,-0.36017711294957144,0.28083475236119537,0.712774543372472
F00226,8,1.0,0.5,0.0,0.3311646753416017,0.83578601186204,0.5838507014556114,0.13656476591010458,0.5046213365204384
F00227,8,1.0,1.0,0.5,-1.4609874098600897,-0.936011449135254,-1.1984994294976719,0.1642805504103589,0.5249759607248357
F00228,24,0.5,0.5,0.0,-0.6233584502255584,0.1763111972176418,-0.1349689659709276,0.2156955502039208,0.7996696474432001
F00230,24,0.5,0.75,0.0,-0.1403046075485124,0.5327662050324882,0.1489263088751501,0.15458214858957325,0.6730708125810005
F00231,20,1.0,1.0,0.0,0.2066947445340094,0.7609840529362351,0.49823425392585224,0.18336835631754272,0.5542893084022257
F00232,24,1.0,1.0,0.0,0.3291929826278708,0.9382584404163292,0.588038285670302,0.13366092380306233,0.6090654577884584
F00236,24,1.0,1.0,1.0,-2.339038505417584,-1.3750273796251562,-1.7684782819883398,0.09929146218830719,0.964011125792428
F00237,24,0.5,1.0,0.0,-0.3668997627232911,0.3061710498577094,-0.0026421816002237114,0.17745098366676035,0.6730708125810005
F00238,24,1.0,1.0,0.5,-1.3853785453829133,-0.6587376352878501,-0.933503429802351,0.15263195654874923,0.7266409100950632
F00239,20,1.0,0.5,0.0,-0.8095616697928174,-0.0163703987850124,-0.3229896519168238,0.2634673329241829,0.793191271007805
F00243,20,1.0,1.0,1.0,-2.4615749073906383,-1.7744353051064785,-2.1931434404455956,0.011765253109604263,0.6871396022841598
F00244,20,1.0,0.5,0.0,0.262532193701518,0.8176202622015629,0.5037392502809904,0.11333249041812239,0.555088068500045
F00246,12,0.5,0.0,0.0,-0.2668445636049393,0.2807552576594784,0.02208491704171439,0.03700522899990482,0.5475998212644178
F00247,8,1.0,1.0,0.25,-1.0340514768091875,-0.6378659276648316,-0.8304581419430386,0.16900605337294433,0.3961855491443559
F00251,24,1.0,0.5,0.0,-0.8367122542689279,-0.1088608875907283,-0.5613412314628589,0.3701410289994817,0.7278513666781996
F00252,24,1.0,0.75,0.25,-1.2125834140189569,-0.2590728467758654,-0.6472734698643805,0.21705943234677888,0.9535105672430915
F00253,20,0.5,0.0,0.0,-0.2061189265229945,0.5082560589068553,0.08626246412250124,0.046822946502716734,0.7143749854298498
F00256,12,1.0,0.3333333333333333,0.0,-0.8899365203082662,-0.196219338023488,-0.44768752936514633,0.18368406162746737,0.6937171822847782
F00257,12,0.5,0.0,0.0,-0.5292654635601424,0.130336793259754,-0.1673061255167956,0.13568326310659232,0.6596022568198964
F00258,20,1.0,0.5,0.0,-0.9961462901666912,-0.3141657135266859,-0.744691243929759,0.21480193463032715,0.6819805766400053
F00259,24,1.0,1.0,0.25,-1.082913238958053,-0.409842426377052,-0.7209022099184252,0.20897736807165299,0.673070812581001
F00260,8,1.0,0.5,0.0,0.2159805656021353,0.8635976384898454,0.4944757961645341,0.1020162081464769,0.6476170728877101
F00261,20,1.0,0.5,0.0,0.1353551987395774,0.8301500638548654,0.4291453698089559,0.1713373930856305,0.694794865115288
F00262,8,0.5,0.0,0.0,-0.4261210108911985,0.121402222826112,-0.059105153749511044,0.11317615203166122,0.5475232337173105
F00264,24,1.0,0.875,0.0,-0.9387592679571553,-0.2656884553761547,-0.5181830646311669,0.2601617067903354,0.6730708125810005
F00265,24,1.0,1.0,0.5,-1.495509834634075,-0.8224390220530742,-1.166067851766074,0.07156399998626416,0.6730708125810008
F00266,12,1.0,0.5,0.0,-0.8911999040983242,-0.3970103771645832,-0.6629772821530426,0.1863720078260791,0.49418952693374096
F00267,24,0.25,0.5,0.0,-0.0099081248982358,0.6631626876827648,0.2792421186579686,0.3154517360035564,0.6730708125810005
F00268,20,1.0,0.5,0.0,0.3239545329358078,0.8674243413184047,0.599006475047877,0.12139330851084025,0.543469808382597
F00269,24,1.0,1.0,1.0,-3.285062866115936,-2.6119920535349355,-3.0213305864428346,0.02638885617749689,0.6730708125810003
F00270,20,1.0,0.5,0.5,0.4844090004820098,1.1289412670468502,0.7719174350837181,0.11601834845336387,0.6445322665648403
F00271,20,0.5,0.0,0.0,-0.5420524626008294,0.3052798627080152,-0.06421125946167261,0.10196257709682213,0.8473323253088446
F00273,20,0.3,0.0,0.0,-0.040441994594433,0.5251610837969154,0.3099668969214298,0.09121229167435173,0.5656030783913484
F00274,24,1.0,1.0,1.0,-1.7263215454963674,-1.0532507329153669,-1.3294425794221414,0.05543658556307128,0.6730708125810005
F00275,12,1.0,1.0,1.0,-3.2154256224759137,-2.0574917717742074,-2.715376764535914,0.15078605701026374,1.1579338507017063
F00276,24,1.0,1.0,0.75,-1.5705189541553828,-0.8974481415743821,-1.2907677261028494,0.1448301407828721,0.6730708125810007
F00278,24,1.0,1.0,0.75,-1.6861028284221948,-0.9718323657729618,-1.2404129365645478,0.08218224055968146,0.714270462649233
F00279,4,1.0,1.0,0.5,-2.240855759814368,-1.5132526132248378,-1.877054186519603,0.12198159191765492,0.7276031465895303
F00280,20,1.0,1.0,1.0,-2.4267465362506733,-1.7928671730141064,-2.0934297302469655,0.006041016797542563,0.6338793632365669
F00281,24,1.0,0.75,0.25,-1.0018024400272896,-0.3244019387289397,-0.7516568499111453,0.32681794152591254,0.6774005012983499
F00282,24,1.0,1.0,0.75,-1.6431705776498815,-0.9602513665741964,-1.3902656326450697,0.09464052118165897,0.6829192110756851
F00283,24,1.0,0.75,0.25,-1.210197239564805,-0.3084368859848828,-0.6707624022418135,0.21848444584912663,0.9017603535799223
F00284,24,1.0,1.0,0.5,-1.124004354977739,-0.4509335423967381,-0.7841845607743196,0.24448442853521202,0.6730708125810009
F00285,8,1.0,0.0,0.0,0.1892747542060038,0.625712723368026,0.40163587477143825,0.08796434750932718,0.43643796916202215
F00288,8,0.5,0.0,0.0,-0.1898890078450825,0.1139265967115616,-0.042327300700976796,0.04655340605153276,0.30381560455664414
F00289,8,1.0,0.25,0.0,-0.9333602316370858,-0.2713758176518573,-0.5173262322061489,0.15176397035914196,0.6619844139852284
F00290,8,1.0,0.0,0.0,0.3251076324919214,0.6272942613917479,0.47281538066976186,0.03932265591158523,0.30218662889982656
F00292,20,1.0,1.0,0.5,0.6034278649426542,1.0996903020307662,0.8730645128700572,0.06589365320293038,0.496262437088112
F00302,8,0.25,0.25,0.0,-0.0786948810384847,0.6557765220669467,0.35029863803459416,0.12403620420626982,0.7344714031054314
F00303,20,1.0,1.0,0.5,0.6351376969328967,1.3171031921648215,1.0079501437585618,0.1477546763990313,0.6819654952319248
F00308,24,1.0,0.5,0.0,0.1077086817219808,0.6759642836743106,0.4036739978202504,0.16819248414284815,0.5682556019523298
F00310,24,1.0,1.0,1.0,-1.6780140826645902,-1.004943270083589,-1.257601159023461,0.04801980902007453,0.6730708125810012
F00311,8,1.0,1.0,0.5,-1.062827902875232,-0.5372309203871974,-0.7911347354766144,0.2023360709714132,0.5255969824880347
F00319,24,1.0,1.0,0.25,0.397408103309636,1.0439209521742625,0.6630330628460145,0.09358476807367266,0.6465128488646266
F00320,20,1.0,1.0,0.5,0.6290012042255885,1.2839751398537549,1.0070679905406865,0.181234244557733,0.6549739356281664
F00323,8,1.0,1.0,0.0,0.5151281615289608,0.8042104769656436,0.6562210534143438,0.023830975348388,0.28908231543668284
F00324,8,0.5,0.0,0.0,-0.2444893402212352,0.0488897043867818,-0.09540957498706655,0.16124213959158876,0.293379044608017
F00328,8,1.0,1.0,0.0,0.6634564911858528,0.9315877979228534,0.7944647783646966,0.019862753917410037,0.2681313067370006
F00329,20,1.0,1.0,0.5,-1.4371539625616796,-0.6907009717603017,-0.9845205493187758,0.130038103683179,0.746452990801378
F00332,24,1.0,0.375,0.0,-1.2152927999201186,-0.3466228025238373,-0.6854803093430182,0.15944868953510855,0.8686699973962813
F00333,8,1.0,1.0,0.5,-1.5880105732585157,-0.860670619532197,-1.2724064029784434,0.11938471674511264,0.7273399537263187
F00334,20,1.0,1.0,0.5,-1.3825559264754703,-0.6823282451725801,-0.9329109659987729,0.1772891528624234,0.7002276813028903
F00336,24,1.0,1.0,0.0,0.2725307335811319,0.9125682250181012,0.555140384079318,0.15288933294682458,0.6400374914369693
F00337,8,0.5,0.0,0.0,-0.0888679745724336,0.1872546051568821,0.052767057972003206,0.02374902951797796,0.2761225797293157
F00343,4,1.0,0.0,0.0,-0.8832978513917412,-0.1044429774633129,-0.49387041442752705,0.10785714598783068,0.7788548739284283
F00344,16,1.0,0.3125,0.0,-0.5817387520156331,-0.056114328895531,-0.3109973530652236,0.19270118916965553,0.525624423120102
F00347,12,0.6666666666666666,0.5,0.0,-0.6794749386944543,0.0129563989461315,-0.37326087813734926,0.29060699450391486,0.6924313376405858
F00349,4,1.0,0.5,0.0,0.4441404567792519,0.7005141136450025,0.5723272852121272,0.035114147036978884,0.2563736568657506
F00353,16,0.75,0.25,0.0,-0.4475091373276406,0.1762489720370717,-0.15005010544027156,0.21653211784907206,0.6237581093647123
F00354,12,1.0,0.5,0.0,0.0019631117880584,0.529143876446607,0.28229167786158826,0.17492445265215958,0.5271807646585486
F00356,24,1.0,0.75,0.0,0.2249308823841395,0.8670746796926704,0.5513207342362119,0.1818257086379448,0.6421437973085309
F00357,20,1.0,1.0,0.5,0.726971642219854,1.2972532117019688,1.012521945311945,0.043270341799716686,0.5702815694821148
F00358,24,1.0,1.0,0.5,0.4122685145758162,1.085339327156817,0.764059915816876,0.18974371417647637,0.6730708125810008
F00359,20,1.0,0.7,0.3,0.347844172772809,1.028909384982643,0.6987582770605689,0.22006697814473172,0.681065212209834
F00362,24,1.0,0.75,0.25,-1.2404920710787353,-0.0750912693169411,-0.7463463307308691,0.26000547935135265,1.1654008017617943
F00363,24,0.5,0.5,0.0,-0.5168243830014954,0.1562464295795053,-0.18666314095533484,0.31565438306684174,0.6730708125810007
F00364,24,0.75,0.5,0.0,-0.5029112537163952,0.2246589170688572,-0.2276808288567997,0.2955726520552534,0.7275701707852524
F00365,24,1.0,0.7083333333333334,0.25,0.3435146065726484,1.0165854191536492,0.694472072167427,0.15661883746059715,0.6730708125810008
F00366,24,0.5,0.75,0.0,-0.3997595829444004,0.3170439226580491,-0.12991249067620636,0.2485768604363673,0.7168035056024495
F00367,24,0.5,0.5,0.0,-0.4452368599628114,0.2278339526181891,-0.1316654684321671,0.19054489256978308,0.6730708125810005
F00368,24,0.75,0.25,0.0,-0.8328512330995361,0.0382550641153185,-0.30874342395907806,0.2073537288900359,0.8711062972148547
F00369,24,0.5,0.9583333333333334,0.0,-0.3355741202476268,0.3374966923333737,-0.035738047423268346,0.17068868211329294,0.6730708125810005
F00370,16,1.0,0.0,0.0,0.1764192738351923,0.6130166570921118,0.3896680248753085,0.07536592287142752,0.43659738325691955
F00371,16,0.5,0.0,0.0,-0.2225947212835958,0.2102553348717359,-0.0011197526175863032,0.04041883752094012,0.4328500561553317
F00373,20,1.0,1.0,1.0,-3.710400626626723,-2.949007189615465,-3.244381220426553,0.009151269267077388,0.7613934370112578
F00375,24,0.75,0.5,0.0,-0.0567782666125305,0.6778758537876962,0.2219941330545521,0.21910983260255634,0.7346541204002267
F00376,20,1.0,1.0,0.3,0.3800222841865483,1.0567549077889569,0.6494435683647416,0.07558144952075224,0.6767326236024085
F00377,16,1.0,0.5,0.0,0.3810354987126815,0.7583854117063461,0.5759010809906833,0.05096317184026714,0.3773499129936646
F00378,24,1.0,1.0,0.0,0.3374691405078243,0.926623768082257,0.6212864754373919,0.09465302792390998,0.5891546275744327
F00379,16,1.0,0.5,0.0,-0.4321035309036368,-0.0168018876844996,-0.2199135638520073,0.22802450617808442,0.4153016432191372
F00380,20,0.5,0.3,0.0,-0.1356550666191161,0.355061918162777,0.0958586936809966,0.05086619823744699,0.4907169847818931
F00383,24,1.0,1.0,0.5,0.5107614869080739,1.2206776540271846,0.7771649099345986,0.019190476104003474,0.7099161671191108
F00384,24,1.0,0.5,0.0,0.1096004091520727,0.749637900589042,0.3602566740603988,0.19403534746549783,0.6400374914369693
F00385,24,1.0,1.0,0.0,0.336672223683541,0.9767097151205102,0.6685859887374133,0.15488564161894972,0.6400374914369692
F00386,24,1.0,0.5,0.0,0.0267338961478354,0.699804708728836,0.3223334110852426,0.32332150341647614,0.6730708125810007
F00387,24,0.75,0.5,0.0,-0.0204904672783581,0.6744209309327035,0.23841057129414195,0.28926150135545664,0.6949113982110616
F00388,24,1.0,1.0,0.25,0.4768492973336315,1.141955315246739,0.735553109474184,0.08087602430775014,0.6651060179131074
F00389,20,1.0,1.0,0.0,0.2783423389326872,0.7438908738704979,0.4982001643865138,0.1820356890664425,0.4655485349378107
F00390,16,1.0,1.0,0.0,0.389559270008341,0.8224175151680484,0.6012559659118681,0.0664518043796958,0.4328582451597074
F00392,20,1.0,0.75,0.0,0.1519003612820115,0.8354911029817271,0.3993332161459426,0.1690351535598905,0.6835907416997156
F00394,8,1.0,1.0,1.0,1.100088028109533,1.5036489740257368,1.297185666868924,0.035859934872410036,0.40356094591620373
F00395,8,1.0,1.0,0.5,0.7987716573049377,1.139328715396938,0.9654265621655593,0.03940893650153503,0.3405570580920003
F00397,8,1.0,0.125,0.0,0.536327119591797,0.98800727328145,0.791865438371127,0.04929362240334018,0.451680153689653
F00398,20,1.0,0.7,0.2,-1.2163403934112682,-0.2809866196348015,-0.7892641463221753,0.20671247400411383,0.9353537737764668
F00401,24,1.0,1.0,1.0,-2.335397333460287,-1.662326520879286,-1.9225915650166845,0.0375543270658803,0.673070812581001
F00402,24,0.5,0.5,0.0,-0.5680804791513843,0.1049903334296161,-0.16449295792105065,0.2943567676574041,0.6730708125810003
F00403,24,1.0,1.0,0.25,0.3854333631937316,1.0585041757747322,0.6397320587078484,0.08110537581687145,0.6730708125810005
F00405,24,1.0,1.0,0.25,0.4830731760865747,1.0976947723933583,0.7437874062102201,0.04916131031049641,0.6146215963067836
F00408,24,1.0,1.0,0.5,0.5779260011308545,1.2509968137118552,0.9126156521524271,0.15550855881423273,0.6730708125810008
F00409,24,1.0,1.0,0.5,-1.5371685112754332,-0.8640976986944322,-1.2123849917211227,0.09126872492395273,0.673070812581001
F00410,24,1.0,1.0,0.5,-1.4728340324805596,-0.799763219899559,-1.1196229421558754,0.08226438678772852,0.6730708125810005
F00411,24,1.0,1.0,0.5,-1.5318633914391326,-0.8587925788581318,-1.1637968960217475,0.07052057747098496,0.6730708125810009
F00413,24,1.0,0.75,0.0,-0.968010007864748,-0.294939195283748,-0.6953507513230497,0.2506973220032515,0.673070812581
F00417,12,1.0,0.5,0.0,0.2445205610201107,0.7552079413620063,0.47882849730329824,0.070128447790667,0.5106873803418956
F00420,4,0.5,0.0,0.0,-0.014967575114499,0.3691089478796051,0.17707068638255305,0.07645391625322548,0.38407652299410405
F00421,24,1.0,0.7083333333333334,0.0,-1.0602911839116014,-0.3391011621654695,-0.611141512505505,0.20210221579938806,0.7211900217461319
F00422,20,1.0,1.0,0.5,-1.2142387577263762,-0.5249330691760022,-0.8393044462173069,0.1869984587281815,0.689305688550374
F00423,24,1.0,1.0,0.25,-1.1731399381742749,-0.4988996070532216,-0.7474651120807178,0.1840506310803435,0.6742403311210532
F00424,8,1.0,0.0,0.0,-1.227411273356942,-0.7101496081264221,-0.968780440741682,0.10013156506252903,0.5172616652305199
F00425,24,1.0,0.5,0.0,-0.8631820260204015,-0.1901112134394011,-0.4756063645626395,0.24646949033209964,0.6730708125810004
F00426,24,1.0,1.0,0.25,-1.1462025048452993,-0.4731316922642982,-0.7341949462491197,0.19052798037460913,0.6730708125810011
F00427,20,0.8,0.25,0.0,-0.6939016110029044,0.0122433572822899,-0.2749186394555312,0.1610405547432253,0.7061449682851942
F00428,24,0.75,0.3333333333333333,0.0,-0.7437719675552643,0.0003076993944807,-0.28317747354736106,0.21904791650174749,0.744079666949745
F00429,24,1.0,1.0,0.25,-1.1453538692662877,-0.4711755017469253,-0.7197100249735757,0.20790970294752267,0.6741783675193624
F00430,20,1.0,1.0,0.5,0.8069136188079582,1.4543195368358812,1.190530926067692,0.09633954796940054,0.647405918027923
F00432,24,1.0,1.0,0.5,-1.4211057046861424,-0.7480348921051417,-1.0490141644069295,0.11074497443897621,0.6730708125810007
F00433,20,1.0,1.0,0.3,-1.233981850666077,-0.5432561434279211,-0.7855993285173244,0.18219885604702987,0.6907257072381559
F00434,24,1.0,0.75,0.25,-1.1942994965575071,-0.3805495735551416,-0.6934478483913197,0.22283107267393396,0.8137499230023655
F00435,12,1.0,1.0,0.5,0.8090147575955525,1.4096449876487036,1.03516653264918,0.1100602608609591,0.6006302300531511
F00436,24,1.0,1.0,0.0,-0.9820253496820206,-0.3089545371010198,-0.7261791821155116,0.30750845419115963,0.6730708125810008
F00437,8,1.0,0.5,0.0,-0.5309880206988516,-0.1833923681895914,-0.3531902205928268,0.17723069958812768,0.3475956525092603
F00438,24,0.5,0.75,0.0,-0.1950984749266633,0.569419392185678,0.09860579809647671,0.10596113323418088,0.7645178671123414
F00443,4,1.0,0.0,0.0,0.0129827044495343,0.2352336818373827,0.1241081931434585,0.07524371002740568,0.22225097738784838
F00444,20,1.0,1.0,0.5,-1.2789241791167278,-0.6752122077885842,-0.9394967799673171,0.1607775200035229,0.6037119713281437
F00445,20,1.0,1.0,0.5,0.5942034931703367,1.1676466870011446,0.8724308723346093,0.13912794715924184,0.5734431938308079
F00447,24,1.0,0.75,0.25,0.3018930303019053,1.036485062456691,0.5806343858462674,0.13090430531318095,0.7345920321547857
F00448,8,0.5,0.0,0.0,-0.146474444561275,0.2197608753258405,0.031669539157166554,0.0076335394431128805,0.3662353198871155
F00449,24,1.0,1.0,0.25,0.4430236570148961,1.1988226971628744,0.7323685165558547,0.10868492227367134,0.7557990401479783
F00450,20,1.0,0.5,0.0,0.0395388573950067,0.7967222407789423,0.32376803310104746,0.20631752743360077,0.7571833833839355
F00451,20,0.5,0.0,0.0,-0.3152502218594777,0.1755753950904207,-0.061884738691574556,0.11883441144115889,0.4908256169498984
F00452,12,0.3333333333333333,0.25,0.0,-0.0148325302916568,0.3901636914223995,0.2106249442054407,0.13815270756723716,0.4049962217140563
F00453,20,0.5,0.2,0.0,-0.2708868312007622,0.3283379615161307,0.0690804626101783,0.04780358829208612,0.5992247927168929
F00454,8,0.5,0.0,0.0,-0.0898682943502613,0.2941353447627961,0.09740582012140014,0.042491280921122,0.3840036391130574
F00455,16,1.0,0.5,0.25,0.4985382869536104,1.0048171399979309,0.800139528993491,0.044482096676709756,0.5062788530443205
F00456,8,0.5,0.0,0.0,-0.1194049794522535,0.2525064425178257,0.07240071756799915,0.02468636925583961,0.3719114219700792
F00458,20,0.5,0.0,0.0,-0.3518374751808216,0.1787439486465935,-0.08444878062907135,0.11883643932836105,0.5305814238274151
F00459,12,1.0,0.5,0.0,-0.8509159428334997,-0.4275378939368806,-0.661374788534685,0.17447430324666438,0.4233780488966191
F00461,12,1.0,0.5,0.0,0.2624903948888202,0.9376438616152892,0.6595770034085563,0.14367641471888662,0.675153466726469
F00463,12,1.0,1.0,0.3333333333333333,0.4293582140912712,1.0127625260005493,0.6730639807040877,0.060470435865733765,0.5834043119092781
F00464,24,1.0,1.0,0.0,0.2086865179185957,0.9784113667187138,0.5049942817856241,0.15074619489137286,0.769724848800118
F00466,20,0.5,0.9,0.0,-0.4250972031705529,0.2375631483138491,-0.03519686505472319,0.12403830399208302,0.6626603514844019
F00467,12,0.3333333333333333,0.5,0.0,-0.0181788983001753,0.5799330546787694,0.3249188177597784,0.18844794287437397,0.5981119529789447
F00475,8,1.0,0.375,0.0,0.2786031428438705,0.8446474244284939,0.5817433599649547,0.09689061845619089,0.5660442815846234
F00477,4,0.5,0.0,0.0,-0.3307353003155013,0.1707937969486423,-0.0799707516834295,0.03481166306432195,0.5015290972641436
F00478,24,0.5,1.0,0.0,-0.2266001998838465,0.4464706126971541,0.03213447888442325,0.07851527856803965,0.6730708125810005
F00479,24,1.0,0.5416666666666666,0.0,0.1879994915181042,0.8633166640585569,0.6142127383213614,0.1728315690899572,0.6753171725404528
F00480,20,1.0,1.0,0.5,0.7785645712376357,1.3520077650684437,1.0608226788327566,0.04064291794992805,0.573443193830808
F00481,16,1.0,0.5,0.0,-0.6844475172705169,-0.2425422434138012,-0.4558175453765338,0.2096299798319181,0.4419052738567157
F00483,8,1.0,0.5,0.0,-0.7345335170572685,-0.4157717416985818,-0.5797855352608599,0.15157424519733048,0.31876177535868677
F00487,20,1.0,0.7,0.0,0.275408532114579,0.8098983281027543,0.5408503964152018,0.17593148293759997,0.5344897959881754
F00492,8,0.25,0.0,0.0,-0.0933552633493045,0.3370894982122713,0.1665172264768934,0.080435193560645,0.4304447615615758
F00494,12,0.3333333333333333,0.0,0.0,-0.0995239632600372,0.3445834050265746,0.1455854014999804,0.07761992884058276,0.4441073682866118
F00495,8,1.0,0.25,0.0,0.3313483789907758,0.6887094843243355,0.5053523253496275,0.06382242436225688,0.35736110533355975
F00500,8,1.0,0.5,0.0,-0.6072164346715946,-0.0066839814521372,-0.32753808464833745,0.30864539345887254,0.6005324532194574
F00502,8,0.5,0.0,0.0,-0.0500594194541751,0.3358176249335162,0.1381093456896304,0.044761010727914295,0.38587704438769127
F00503,8,1.0,0.5,0.0,0.0970994212807154,0.8553758168576323,0.5217354831836736,0.15653254155719618,0.758276395576917
F00505,20,1.0,0.5,0.0,0.1143485311634256,0.8323990626825649,0.3790112809370683,0.15206802323915658,0.7180505315191393
F00506,8,0.75,0.0,0.0,-0.0561533226042342,0.4060435409856345,0.18042432374752704,0.07169837707813113,0.4621968635898687
F00507,24,0.25,0.5,0.0,-0.0499850712563012,0.5391695563181311,0.2546980281145066,0.30140444758165363,0.5891546275744324
F00509,24,0.5,0.5,0.0,-0.1715690457614345,0.5045041177194024,0.07791287544595327,0.09891697902972399,0.6760731634808369
F00511,8,1.0,0.5,0.0,0.4217675450014576,0.728260536673231,0.5718508103488741,0.044700689505758374,0.3064929916717734
F00513,24,1.0,1.0,0.25,-1.1128595112080033,-0.4005712884478245,-0.6681607392948832,0.27564181636768337,0.7122882227601788
F00514,12,0.5,0.5,0.0,-0.4287051189586804,0.0962798646689564,-0.17147944568974904,0.23896482632325555,0.5249849836276368
F00515,20,0.5,0.45,0.0,-0.1553335915914301,0.5144848066531624,0.12642595296645545,0.1514844479849448,0.6698183982445925
F00516,20,0.5,0.5,0.0,-0.1795630984676978,0.3692024803481283,0.11022545493941935,0.07254571856790808,0.5487655788158261
F00517,12,0.5,0.0,0.0,-0.2671085353327175,0.179921857158386,-0.023871652478419048,0.11409029187275209,0.4470303924911035
F00518,4,1.0,0.0,0.0,-1.0663058175309414,-0.5590067018458053,-0.8126562596883733,0.11846810827091375,0.5072991156851362
F00519,20,0.5,0.5,0.0,-0.2212412566680064,0.3729058589775476,0.04883505617336219,0.03652680116874003,0.594147115645554
F00522,4,0.5,0.0,0.0,-0.3382325609206597,0.1772925521466838,-0.08047000438698794,0.07288686596687333,0.5155251130673435
F00523,8,1.0,0.5,0.0,0.2325067745103423,0.507439158313162,0.3663968436240767,0.06145490164293023,0.2749323838028197
F00524,20,0.3,0.5,0.0,-0.0943408415799026,0.7516384913535639,0.3977724852602963,0.2239147040686368,0.8459793329334665
F00526,24,0.5,0.25,0.0,-0.4851426555532526,0.3664234506386422,-0.1479142629903358,0.1860876448542064,0.8515661061918948
F00527,24,1.0,1.0,0.5,0.943344335511188,1.616415148092189,1.2393315962335092,0.015599972757134319,0.6730708125810009
F00528,24,1.0,1.0,0.25,0.3960752841815952,1.128666842455137,0.6738164027853352,0.07434931667791315,0.7325915582735417
F00529,24,1.0,1.0,0.25,0.3733066773293923,1.130791971198644,0.6634946637309876,0.08132545500057313,0.7574852938692518
F00530,24,1.0,0.75,0.0,0.1450745731114603,0.9374618731250304,0.4527135625852148,0.16504446699095326,0.79238730001357
F00531,24,1.0,1.0,0.5,0.5974864284211603,1.2835613840268552,0.8519692456909772,0.10514541334121982,0.6860749556056949
F00532,24,0.75,0.3333333333333333,0.0,-0.0394457832143408,0.7821209531284891,0.2827829244240434,0.14747568277799136,0.8215667363428298
F00533,8,1.0,0.5,0.0,-0.8996442345954613,-0.4641248041427026,-0.6752988398430182,0.14008883253666185,0.4355194304527587
F00534,20,0.5,0.5,0.0,-0.1432215863249979,0.391062900269415,0.1581582993877063,0.08717586965409249,0.5342844865944129
F00535,20,1.0,0.5,0.0,-0.700242666340443,-0.044451534967987,-0.3510298532375661,0.2919918656031074,0.6557911313724559
F00536,12,0.6666666666666666,0.3333333333333333,0.0,-0.5856092260485672,0.0169503454841137,-0.2370964236138493,0.20858542597777346,0.6025595715326809
F00538,12,1.0,0.5,0.5,0.7852346070661701,1.354897093469406,1.0788280268693997,0.030039394930700472,0.5696624864032359
F00542,24,1.0,0.75,0.0,-0.8436424082789141,-0.1432261146220964,-0.5819889219835357,0.3868568140578542,0.7004162936568177
F00544,4,1.0,1.0,1.0,1.421316659494979,1.6893534087611202,1.5553350341280496,0.02321130982593471,0.26803674926614107
F00547,16,1.0,1.0,0.5,0.6443276814849943,1.064827646097957,0.850022565133256,0.04992378891215408,0.4204999646129628
F00548,16,1.0,1.0,0.75,0.8207792567279645,1.406486888694875,1.1311259046516797,0.07677899403363429,0.5857076319669104
F00551,8,0.5,0.0,0.0,-0.1882230223393508,0.1321597934673152,-0.032553430185128504,0.04120959965352495,0.320382815806666
F00552,8,0.5,0.0,0.0,-0.1526961570995275,0.209986722630647,0.03290638800965634,0.004392137436188077,0.3626828797301745
F00553,12,1.0,0.3333333333333333,0.0,-0.8706762354967136,-0.1285981001503156,-0.44959361042695534,0.15537488779890488,0.742078135346398
F00555,8,1.0,1.0,0.75,0.9711419917699474,1.4751046775683985,1.248282129485537,0.05210266488722534,0.503962685798451
F00556,24,0.5,0.5,0.0,-0.1195545293545836,0.5535162832264168,0.2375078111907454,0.2206175056594813,0.6730708125810003
F00558,24,1.0,1.0,1.0,-4.140773304292235,-3.467702491711236,-3.7387271510788382,0.0131399445527228,0.6730708125809994
F00560,20,0.5,0.5,0.0,-0.3242792863278366,0.2280295081642268,-0.08333522205010363,0.14239697276588353,0.5523087944920634
F00562,24,0.5,0.25,0.0,-0.4257732955592866,0.2617466280566611,-0.17599002041631753,0.14690171437551952,0.6875199236159477
F00564,12,1.0,0.0,0.0,0.0633047609940419,0.6065711442326063,0.3820676806512149,0.0984099794753404,0.5432663832385644
F00566,20,1.0,0.5,0.0,0.0566874951167943,0.6109768035190201,0.37390889479454886,0.2140593228966523,0.5542893084022258
F00573,24,1.0,1.0,0.0,0.2351452800437856,0.9687755304349002,0.5134057447063123,0.1569057178469338,0.7336302503911145
F00577,20,0.5,0.0,0.0,-0.1739266945718275,0.270645259262988,0.0415574867337212,0.02648510454154312,0.4445719538348155
F00578,8,1.0,1.0,0.0,0.3589844235700407,0.7873786139512183,0.5655280224181705,0.11954304258164189,0.42839419038117765
F00579,24,1.0,1.0,0.0,0.1947790894165414,0.8678499019975421,0.5449190723623202,0.19513169837339595,0.6730708125810007
F00581,20,0.5,0.5,0.0,-0.2176192674214745,0.432807758881784,0.1581249274646151,0.12821883122077737,0.6504270263032585
F00582,24,1.0,1.0,0.5,0.6428736047195325,1.3081284735361016,0.9037829822444184,0.03664783628295873,0.6652548688165691
F00584,8,0.75,0.0,0.0,-0.2390409153121472,0.5784284078335808,0.1434421250814433,0.05689076507058275,0.8174693231457281
F00588,12,1.0,0.6666666666666666,0.3333333333333333,-1.0870497668752868,-0.3589650738128392,-0.665479717866593,0.2668075170450417,0.7280846930624476
F00589,24,1.0,1.0,0.5,0.514976370296642,1.1880471828776429,0.8437824689496922,0.1329962103393889,0.6730708125810009
F00591,24,0.5,0.25,0.0,-0.132128562765928,0.6043722798731733,0.14756719802059187,0.1093988556050693,0.7365008426391013
F00592,20,0.8,0.35,0.0,-0.7677505618883971,0.028599868943043,-0.26655567794300244,0.21825527755410434,0.7963504308314401
F00594,24,1.0,1.0,0.5,-1.5427963313189854,-0.7004399451938865,-1.0330634777234058,0.21228772281056973,0.8423563861250989
F00596,24,1.0,1.0,0.25,0.359652303873451,1.118720061168215,0.6653369857048318,0.0900319113576661,0.7590677572947642
F00597,12,1.0,1.0,1.0,-2.361947832654792,-1.3833591419166549,-1.7971184952269756,0.13251753380268777,0.9785886907381371
F00598,24,0.75,0.25,0.0,-0.9618620573684108,0.01254389695145,-0.38610441967544984,0.20253500443998124,0.9744059543198608
F00599,12,1.0,0.5,0.0,-0.7407821872411264,-0.1145590269924414,-0.42522821264194344,0.2410704132856972,0.6262231602486851
F00600,12,1.0,0.5,0.0,0.1347018412392144,0.7140574909930891,0.3949730263979132,0.164984123498589,0.5793556497538748
F00601,24,0.5,0.5,0.0,-0.1710230547783987,0.5020477578026019,0.1369223208728964,0.1704701617789408,0.6730708125810005
F00602,12,1.0,1.0,0.5,0.8863653028555752,1.3156696761777338,1.1081315752785343,0.030777167355552863,0.42930437332215854
F00604,24,1.0,1.0,0.5,-1.3663416728389737,-0.5617027284596737,-0.8754675401162928,0.19423167004197628,0.8046389443793
F00605,24,1.0,1.0,0.5,-1.463751621757112,-0.6547803699969329,-0.9707113353439918,0.14501518680523603,0.8089712517601791
F00606,24,1.0,1.0,0.5,-1.3213200987496203,-0.5106380702041512,-0.827424423943855,0.2133085313844069,0.8106820285454691
F00607,24,1.0,1.0,0.5,-1.46466179560772,-0.6339045907965034,-0.9607285326690806,0.14977464751421926,0.8307572048112165
F00609,24,1.0,1.0,0.5,-1.337645736793079,-0.5462431819495407,-0.8533897988382793,0.17630954021885387,0.7914025548435383
F00610,24,1.0,0.6666666666666666,0.25,-1.017598688862528,-0.2369771727932908,-0.5387332702948786,0.283998746340901,0.7806215160692371
F00611,24,1.0,1.0,0.5,-1.2983145628641384,-0.5139962903090362,-0.8176007660535565,0.2265016946704331,0.7843182725551022
F00612,20,0.8,0.35,0.0,-0.7876978971610146,0.0846059644186422,-0.283455247365253,0.2131632788594015,0.8723038615796568
F00613,24,0.75,0.25,0.0,-0.7007482403387014,0.1537614841967642,-0.1849387175379378,0.1870108506419467,0.8545097245354656
F00614,24,1.0,1.0,0.25,-1.2433268403807969,-0.4291743451333187,-0.7476959322240274,0.24124534042146845,0.8141524952474781
F00615,24,1.0,1.0,0.25,-1.3091331738040153,-0.4782909535878076,-0.8051574031628811,0.1976552918946294,0.8308422202162077
F00616,24,1.0,1.0,0.25,-1.1603876976599374,-0.4194508848936704,-0.7013646307437733,0.23921394846020455,0.740936812766267
F00617,24,1.0,1.0,0.5,-1.4392772514862782,-0.6204570054640783,-0.9413124679421476,0.19446540414433747,0.8188202460221998
F00618,8,1.0,0.5,0.0,0.2764062717379377,0.5912784869707017,0.43020669452090166,0.09132819516310896,0.31487221523276404
F00619,8,1.0,1.0,0.75,0.995862901180856,1.359341715009447,1.1737604556293806,0.024923319501064935,0.36347881382859093
F00620,20,1.0,1.0,0.0,0.2056408062371246,0.6316811529658423,0.42368452755562097,0.17998204257786848,0.42604034672871766
F00623,20,1.0,1.0,0.5,0.6027016584262391,1.085715841790292,0.8318403998930455,0.054102802857285553,0.4830141833640528
F00625,24,1.0,0.5,0.0,0.1084477913459821,0.8049637356692269,0.36815110297457376,0.21093222731885708,0.6965159443232447
F00626,24,1.0,0.5,0.0,0.1341663721728598,0.8072371847538604,0.3919585048646705,0.19728713126453687,0.6730708125810007
F00627,24,1.0,1.0,0.5,0.4748711751116026,1.114268780393339,0.8547510735370077,0.14714204292948455,0.6393976052817365
F00629,20,0.5,0.45,0.0,-0.1459059629442078,0.4208456806908866,0.1051864025382217,0.07283192889861398,0.5667516436350944
F00630,24,0.5,0.5,0.0,-0.0441749541939222,0.6408270722675857,0.20977139850380108,0.22046875775977381,0.685002026461508
F00631,20,0.8,0.5,0.0,-0.0313338971747605,0.6112841864872899,0.23069849352412286,0.24302535622281826,0.6426180836620504
F00632,24,0.25,0.5,0.0,-0.0553223638322105,0.6177484487487901,0.3284505681533161,0.26474504962093104,0.6730708125810005
F00633,24,0.5,0.5,0.0,-0.1293660646786114,0.5437047479023893,0.2213352020476419,0.18557816416564307,0.6730708125810008
F00637,4,1.0,0.5,0.5,-1.114333488899668,-0.4842123783853842,-0.7992729336425262,0.17747574097738644,0.6301211105142839
F00640,20,1.0,0.6,0.0,-0.8299529327956506,-0.2405692329625969,-0.480246306737881,0.29618077267551335,0.5893836998330537
F00642,20,0.3,0.5,0.0,-0.0079382767123265,0.5850020222111395,0.30003671493151246,0.2039524031567136,0.592940298923466
F00644,24,1.0,1.0,0.5,0.5084656203114394,1.0645493707114368,0.7764319051621967,0.11397364264948763,0.5560837503999975
F00646,20,1.0,1.0,0.5,0.7859756126054793,1.289944043427811,1.0506249204821425,0.03880630478615493,0.5039684308223318
F00655,24,1.0,1.0,1.0,-1.847157787261645,-1.1138775404290011,-1.5690723243783538,0.08581091885789476,0.7332802468326438
F00656,24,1.0,1.0,1.0,1.2725487328347842,2.2036066496686457,1.8266323517847463,0.12155510043100384,0.9310579168338615
F00657,24,1.0,1.0,0.5,0.9031136225344328,1.5761844351154333,1.1686451751433755,0.060655367167213065,0.6730708125810004
F00665,8,1.0,1.0,0.0,0.4720393419318613,0.9352664870760212,0.7036529145039413,0.06928983291286646,0.4632271451441599
F00667,20,1.0,0.5,0.0,0.0311364081252454,0.5376710283623368,0.24954756083663643,0.20489466154535116,0.5065346202370914
F00670,8,1.0,0.5,0.0,-0.7618455581745278,-0.2905975189323331,-0.5361836557810923,0.181758136870992,0.4712480392421947
F00671,20,1.0,0.7,0.2,0.331136213454363,1.16432638911398,0.8193067453515482,0.24398811208431806,0.833190175659617
F00672,24,1.0,0.5,0.0,-0.7161225974637669,-0.0430517848827663,-0.30912760130308475,0.28723012533886816,0.6730708125810007
F00674,24,0.5,0.625,0.0,-0.3348543558688184,0.2366721036624923,-0.07691182638577625,0.21784154455851457,0.5715264595313108
F00675,24,0.25,0.5,0.0,-0.0477440308730741,0.5764906540650624,0.30035943991651515,0.3429049633312423,0.6242346849381365
F00676,20,1.0,0.5,0.0,-0.7435673095184709,-0.1909057845398318,-0.4160123671031267,0.2918156076713829,0.5526615249786391
F00677,12,1.0,0.5,0.0,0.1811617223418374,0.6127818870349242,0.434915548282335,0.128681956225168,0.43162016469308684
F00679,24,1.0,0.5,0.0,0.0338907674627079,0.7069615800437087,0.45003338627596784,0.3060316918758897,0.6730708125810008
F00681,20,0.3,0.5,0.0,-0.0143999862553314,0.511363683039775,0.2612422454442921,0.16980258877676133,0.5257636692951064
F00683,24,1.0,1.0,0.5,0.81591205489265,1.4935649754199307,1.0661838546232598,0.07479148319300638,0.6776529205272808
F00684,20,1.0,1.0,0.3,0.465676600610626,1.0729924774512571,0.7251945028371987,0.1464308944405572,0.6073158768406312
F00685,4,0.5,0.0,0.0,-0.2061003937143392,0.5097766029561354,0.15183810462089808,0.10003087476345406,0.7158769966704746
F00686,16,0.5,0.0,0.0,-0.0349588731943977,0.3579437864302671,0.15686355270801963,0.10218586303967846,0.3929026596246648
F00689,4,1.0,0.0,0.0,-0.5621558644893354,-0.169366982715047,-0.3657614236021912,0.1491082788228114,0.3927888817742884
F00691,24,0.5,0.5,0.0,-0.6413916134900569,0.0316791990909436,-0.2418208726894588,0.2532815245479416,0.6730708125810005
F00694,24,1.0,0.5,0.0,0.0002082598203077,0.6732790724013084,0.2725816195492143,0.26688487781602827,0.6730708125810007
F00697,24,1.0,1.0,0.25,0.4734836958993443,1.0182981597650709,0.7340534127101027,0.06719318405487162,0.5448144638657266
F00700,20,1.0,1.0,0.5,-1.2357634697976507,-0.6092505705765336,-0.8693573656226815,0.20449328730406685,0.6265128992211171
F00701,8,1.0,1.0,0.0,0.5281698408980869,0.8688340244336445,0.7043917717268093,0.029272468448303286,0.3406641835355576
F00702,12,1.0,1.0,1.0,-1.8065551757863696,-1.0770402005590494,-1.4561182416793146,0.10948950371208839,0.7295149752273202
F00703,4,1.0,0.0,0.0,-0.7183867815443821,-0.2260438563227413,-0.47221531893356167,0.12705367501414613,0.4923429252216408
F00704,16,0.5,0.0,0.0,-0.3938884344021418,0.3681068826685506,0.0693166770390944,0.09182458834564665,0.7619953170706923
F00705,8,1.0,0.625,0.0,0.2920771553330666,0.6167729946350976,0.45580903026339636,0.11681382233172077,0.324695839302031
F00708,4,1.0,0.25,0.0,0.0676959589352637,0.3862066492349549,0.2269513040851093,0.14480350872251876,0.3185106902996912
F00709,20,0.3,0.5,0.0,-0.293721557564033,0.4930849600852409,0.19404421724653104,0.13281177702082814,0.7868065176492739
F00711,8,0.75,0.5,0.0,-0.3921190293815337,0.0016364703417995,-0.1994491173275421,0.24481776198746677,0.3937554997233332
F00712,24,0.25,0.5,0.0,-0.112926460340069,0.5601443522409317,0.298972105703339,0.1993079595648999,0.6730708125810008
F00713,12,1.0,0.6666666666666666,0.0,-0.8206561536289101,-0.290868946020791,-0.5740949133425408,0.2012398455638013,0.5297872076081191
F00714,12,1.0,0.5,0.0,-0.8548321654474982,-0.1698373012485802,-0.4592840071886106,0.2538269905044132,0.684994864198918
F00715,20,1.0,1.0,1.0,-1.807297765494758,-1.1603737869684805,-1.4309679735242367,0.12621970139365746,0.6469239785262775
F00716,20,1.0,1.0,0.5,-1.4310013708631082,-0.7482343554795428,-1.089336470836697,0.12236889682640836,0.6827670153835654
F00720,8,0.75,0.0,0.0,-0.0105196199113062,0.2387807752772459,0.11695775285442594,0.07245851413260182,0.2493003951885521
F00722,24,1.0,1.0,1.0,-2.359151251331043,-1.6860804387500434,-2.1111052588743826,0.06116953953294294,0.6730708125809994
F00723,20,1.0,1.0,0.5,0.6455864092706087,1.2146610443049233,0.9103591783831231,0.075330599464459,0.5690746350343145
F00725,8,1.0,1.0,0.5,-1.2484483733795135,-0.7467611777343754,-0.991406914480709,0.1332921090873763,0.5016871956451381
F00726,20,1.0,1.0,1.0,1.1289844340401334,1.798543210291458,1.5507126539647218,0.06235496141760533,0.6695587762513246
F00727,20,1.0,1.0,0.8,-1.9992034705118973,-0.9616097683653444,-1.3858793417670525,0.16202954639814032,1.0375937021465529
F00728,8,0.25,0.25,0.0,-0.0872397641733371,0.5272162004137115,0.2935652228396277,0.14782577903155494,0.6144559645870487
F00732,8,1.0,0.0,0.0,0.3697840087024161,0.7282957027537152,0.5826636139864192,0.022026502519471445,0.3585116940512991
F00734,24,0.5,0.4583333333333333,0.0,-0.2108719135818732,0.4621988989991274,0.04777237460116644,0.0706890826451045,0.6730708125810007
F00735,12,0.5,0.0,0.0,-0.2956296908009563,0.1067203988716286,-0.08951346662592415,0.14853574144646994,0.4023500896725849
F00736,20,0.5,0.6,0.0,-0.3525396325244672,0.2465287288882618,-0.06342849749492924,0.15368038134872436,0.599068361412729
F00742,24,0.5,0.75,0.0,-0.4095914379689178,0.2634793746120827,-0.06593023982210981,0.203133474532835,0.6730708125810005
F00743,24,1.0,0.9583333333333334,0.25,-1.1755453494412171,-0.3791749676552648,-0.6888054980152101,0.2017774071339747,0.7963703817859523
F00750,8,1.0,1.0,0.0,0.545113867961906,0.9032652274448206,0.7558528660835875,0.039874650287739025,0.35815135948291466
F00755,4,1.0,0.5,0.0,0.3817310557935096,0.940716108886955,0.6612235823402323,0.1323176244560909,0.5589850530934455
F00761,24,1.0,1.0,0.5,0.465564751044945,1.1736169037172814,0.908145487914144,0.18167254236576338,0.7080521526723365
F00762,8,1.0,1.0,0.75,0.987845838007522,1.437360282014605,1.237043994098205,0.010736046155116795,0.44951444400708296
F00766,24,1.0,0.5,0.0,0.0295940383584154,0.9333762898751716,0.5700398246498242,0.20859882553568662,0.9037822515167562
F00767,8,1.0,0.75,0.5,-1.158422618107035,-0.4816914609461803,-0.8431720133507214,0.20351839830849225,0.6767311571608546
F00768,4,1.0,0.5,0.5,1.1872569914839948,1.7801666911536649,1.4837118413188297,0.07200424241263512,0.5929096996696701
F00774,20,0.5,0.3,0.0,-0.3077155386603136,0.2015995356693643,-0.03727326808991535,0.12018222320611385,0.5093150743296779
F00776,4,1.0,0.0,0.0,1.104652277005419,1.5724911928663217,1.3385717349358703,0.014098718057272683,0.46783891586090265
F00780,8,0.5,0.0,0.0,-0.2256574535460231,0.1273096889383383,-0.05524217006131579,0.08515575456273304,0.3529671424843614
F00784,8,0.5,0.0,0.0,-0.1804358829249429,0.0425865456640614,-0.07157072167601695,0.056124492532970416,0.22302242858900428
F00787,20,1.0,1.0,0.0,0.3567182500429885,0.8442716145309714,0.5866502001961462,0.11744852401574049,0.4875533644879829
F00788,20,1.0,0.7,0.2,0.3940517067824785,1.0227496036753083,0.7249085638370221,0.21769423409734223,0.6286978968928298
F00789,20,0.5,0.3,0.0,-0.231890954295265,0.3270550719778132,0.0344057827450787,0.051563560018037344,0.5589460262730782
F00790,20,1.0,1.0,0.3,-1.1020041546673416,-0.523226231495148,-0.7229604368396739,0.17769638098343454,0.5787779231721936
F00792,8,1.0,0.0,0.0,-0.4013555291373746,-0.0683199576588061,-0.23092466036982173,0.10865626636970378,0.3330355714785685
F00793,24,1.0,1.0,0.75,0.9043691296670172,1.6723708380503903,1.3769246443917342,0.06090421216938896,0.7680017083833731
F00795,12,1.0,0.5,0.0,0.1459323892958974,0.6876397014916267,0.3968504607958906,0.17119136565560553,0.5417073121957292
F00796,20,1.0,1.0,0.7,0.7192647484566171,1.6942544953433172,1.3008651879413051,0.1716153479026176,0.9749897468867
F00801,24,1.0,0.5,0.0,0.0365386304567412,0.5920891899705839,0.30247639509155794,0.1847820640874198,0.5555505595138427
F00802,20,0.5,0.5,0.0,-0.0633616846804888,0.4904511009704803,0.19161540185126807,0.2138606269865781,0.5538127856509691
F00806,8,1.0,0.0,0.0,0.0876260818004106,0.7349598499534092,0.3846301537099768,0.07984405614465703,0.6473337681529987
F00807,24,1.0,1.0,0.25,0.4847707073369942,1.1464640240777304,0.7514807689957639,0.025884821841365882,0.6616933167407362
F00810,16,1.0,1.0,0.0,0.2582811123615635,0.7246036439626026,0.510549770798894,0.10705739674238632,0.4663225316010391
F00811,20,1.0,1.0,0.7,0.946819597394294,1.4245955602770677,1.2193992510130354,0.026842791359211846,0.4777759628827737
F00812,20,1.0,1.0,0.5,0.8595442985400067,1.4105967775127468,1.1215714711181672,0.0410745837197513,0.5510524789727401
F00813,24,0.5,0.5,0.0,-0.4265439262721564,0.3339797889690263,0.042272591881465704,0.10902602645537839,0.7605237152411828
F00814,24,1.0,1.0,0.75,0.9907153052144202,1.663786117795421,1.28249332675915,0.004428042826551757,0.6730708125810008
F00816,8,0.75,0.125,0.0,-0.4679576447509043,0.0470270182369045,-0.19695761215494775,0.2020817092245149,0.5149846629878088
F00817,24,1.0,1.0,0.5,-1.2829350071252936,-0.609864194544293,-0.9113659541672683,0.23136422159476996,0.6730708125810007
F00818,20,0.5,0.5,0.0,-0.5389814201701821,0.0683344566704489,-0.16411836700881316,0.2515492895517786,0.607315876840631
F00821,12,1.0,0.5,0.0,0.0348012996501365,0.6574416617629405,0.4094537339725514,0.3092770413204398,0.622640362112804
F00833,24,0.75,0.25,0.0,-0.690554417358277,0.010626722921123,-0.2514091866855462,0.21359437703052198,0.7011811402794
F00834,20,0.5,0.2,0.0,-0.4690996501087406,0.2322959601956118,-0.025541977366347696,0.09647337891873556,0.7013956103043524
F00835,24,0.25,0.5,0.0,-0.1221232676552433,0.5603769304206256,0.3076814919157219,0.20625083918432502,0.6825001980758689
F00836,24,0.5,0.25,0.0,-0.4871704280697877,0.2258723634755451,-0.0420943717640906,0.10526668471131664,0.7130427915453328
F00838,24,0.5,0.5,0.0,-0.3575315303184991,0.3346019993871629,0.0770898950673626,0.0823747612314589,0.692133529705662
F00840,24,0.5,0.0,0.0,-0.4080745985986468,0.2903376769262498,0.02968619969683224,0.07302975946083154,0.6984122755248966
F00841,24,1.0,1.0,0.25,-1.1259858204336743,-0.4529150078526738,-0.7501085963357206,0.1969868252683731,0.6730708125810005
F00846,24,1.0,1.0,0.25,-1.085874519850321,-0.4128037072693202,-0.7261749378161986,0.2004997517140497,0.6730708125810008
F00848,24,1.0,0.5,0.0,-0.6996885432087533,-0.0266177306277525,-0.2911354667501013,0.23117854209133876,0.6730708125810008
F00849,24,0.75,0.25,0.0,-0.6758063369766841,0.0499313062982444,-0.22438285480618905,0.21373828891136543,0.7257376432749285
F00850,24,1.0,0.75,0.5,0.3472119433297383,1.1396879509745272,0.8320046076851639,0.1960543259836416,0.792476007644789
F00851,20,0.3,0.5,0.0,-0.1165993328329196,0.7069516112849517,0.40315771302944076,0.1581270410904612,0.8235509441178712
F00854,24,0.5,0.0,0.0,-0.3581542368703242,0.3149165757106764,0.02755907323569294,0.05071294768133574,0.6730708125810005
F00857,24,0.5,0.041666666666666664,0.0,-0.2392821760674625,0.4337886365135381,0.16377061362762155,0.08282199840086578,0.6730708125810005
F00859,8,1.0,1.0,0.5,-1.047573432921176,-0.6785217982416571,-0.8630476155814165,0.16617936210028753,0.36905163467951896
F00864,24,0.5,0.0,0.0,-0.2585588581278513,0.4145119544531493,0.11521341886028555,0.05864105339850496,0.6730708125810005
F00865,16,1.0,1.0,0.0,0.4613965900867413,0.8688174274457444,0.6607066727912678,0.04687790651441416,0.40742083735900314
F00866,24,0.5,0.0,0.0,-0.5285327296701865,0.1857190927885277,-0.08285215790779867,0.10724600158643299,0.7142518224587142
F00867,24,1.0,0.5,0.0,-0.768127326690383,-0.0409288827662336,-0.3159734441952774,0.20650461659560382,0.7271984439241493
F00868,24,0.5,0.25,0.0,-0.6359239446322514,0.0965931598311468,-0.18111073186752152,0.1592586331672744,0.7325171044633982
F00870,8,0.5,0.125,0.0,-0.5445666594685962,0.1158865354695391,-0.1699186187042302,0.17906650653816747,0.6604531949381353
F00871,24,0.5,0.25,0.0,-0.6018318036057608,0.0814213047026885,-0.17165058891850554,0.15842709840634162,0.6832531083084493
F00875,24,0.75,0.25,0.0,-0.7481993486587963,0.1764463529801006,-0.19732183730631714,0.13627950807854947,0.9246457016388969
F00876,8,0.5,0.0,0.0,-0.2741631135570673,0.10219956764978,-0.08082655075421935,0.055346867833559556,0.3763626812068473
F00877,24,0.25,0.0,0.0,-0.4119204025185765,0.5054369039000578,0.13531291122377131,0.09786729088524161,0.9173573064186342
F00878,24,1.0,1.0,1.0,-3.407055503363092,-2.44160827795038,-2.835777230123705,0.104544129099259,0.9654472254127118
F00883,24,1.0,1.0,0.25,0.4298199811257865,1.1028907937067876,0.6880788520963048,0.11867455396646517,0.673070812581001
F00884,20,1.0,0.5,0.0,0.0881507200763264,0.7157153586356153,0.33053477385841123,0.146325783899478,0.6275646385592889
F00888,12,1.0,1.0,1.0,-1.966943905297564,-1.064313598119199,-1.4304296968442065,0.13022772483143716,0.902630307178365
F00890,20,1.0,1.0,0.5,0.6477144487176509,1.2755148975510522,0.8840344143519874,0.07505746696116,0.6278004488334012
F00892,24,1.0,1.0,0.0,0.4007253926040295,0.9973026908177663,0.7456106097406445,0.13840732405895545,0.5965772982137368
F00893,24,1.0,1.0,0.5,0.6329927805980698,1.3060635931790705,0.9305327896509732,0.07104177647565851,0.6730708125810007
F00901,24,1.0,1.0,0.5,0.4143319548297935,1.0874027674107944,0.7908648428431613,0.20768185086986002,0.673070812581001
F00905,24,0.75,0.25,0.0,-0.7284483489716874,0.2957272072328952,-0.3049152314024268,0.13671736993596334,1.0241755562045827
F00906,20,0.5,0.0,0.0,-0.2171112777386451,0.391623800326218,0.0698893578448859,0.032474840275123616,0.6087350780648632
F00907,24,1.0,1.0,0.5,0.5509278085031969,1.2466898894339766,0.810254188435556,0.09190328154935498,0.6957620809307797
F00908,24,1.0,1.0,0.5,0.4697331317193282,1.1428039443003288,0.8660701517526034,0.1589446785161691,0.6730708125810007
F00913,24,0.25,0.5,0.0,-0.104965116390345,0.5681056961906554,0.27478777515159886,0.2019751878234072,0.6730708125810004
F00914,20,0.5,0.5,0.0,-0.6465512323400278,0.1037213036849695,-0.17470480575862313,0.25597999543243494,0.7502725360249972
F00917,20,1.0,1.0,1.0,1.0733115746378368,2.065951265515628,1.646465136166177,0.1377865061127052,0.992639690877791
F00919,8,1.0,0.5,0.0,-0.8643660735394301,-0.4243881644090414,-0.7041425880483174,0.13997520946610492,0.43997790913038864
F00920,24,1.0,1.0,0.25,0.4675109900305181,1.1405818026115189,0.7271804800715002,0.054446035484929434,0.6730708125810008
F00921,8,1.0,0.0,0.0,-0.703660353067613,-0.161359977983155,-0.3712141650916881,0.12263553858567089,0.5423003750844579
F00922,8,1.0,0.5,0.0,-1.0349949034445325,-0.5711928865252337,-0.796346013860358,0.14397935962750671,0.4638020169192988
F00923,24,1.0,1.0,0.0,0.2451652635168472,0.9182360760978476,0.5039255665013493,0.15994066917180855,0.6730708125810004
F00924,24,1.0,1.0,0.25,0.502609166872433,1.215008595191739,0.7702542204990555,0.035576208199881304,0.7123994283193061
F00925,12,1.0,1.0,0.5,-1.3819440873662503,-0.5798195091119746,-0.9100439063888908,0.1653628189749471,0.8021245782542757
F00926,24,1.0,0.5,0.0,0.1634937734359929,0.9715186604548042,0.47895155641236775,0.1629953776393715,0.8080248870188113
F00927,24,0.5,0.5,0.0,-0.437925888277154,0.2646040692758927,-0.17521557003366134,0.28266377379253826,0.7025299575530467
F00928,24,1.0,0.5,0.0,-0.7116236933748227,-0.0189888164537153,-0.4538609154472996,0.41139318425170157,0.6926348769211074
F00931,8,0.5,0.0,0.0,-0.4323999662288244,0.2338844026754793,-0.1170168923732284,0.13008218498586877,0.6662843689043036
F00932,24,1.0,0.75,0.0,-0.87212790271103,-0.1990570901300292,-0.6060458607496888,0.35047088397300136,0.6730708125810008
F00933,8,1.0,0.5,0.0,-0.9400895552876426,-0.5155096960315255,-0.7225728680935853,0.15317730805370258,0.4245798592561171
F00934,20,1.0,1.0,0.5,0.5623710304201501,1.164694853205984,0.8317923527463149,0.07361881459357282,0.6023238227858339
F00937,24,1.0,1.0,0.25,0.3859586929069094,1.156910209292484,0.6828797905666664,0.07042070794584104,0.7709515163855745
F00938,24,0.75,0.5,0.0,-0.6917904963945798,0.0534282832941714,-0.23062644601717344,0.329361235173186,0.7452187796887512
F00939,24,1.0,0.75,0.0,0.1631475659951733,0.8362183785761739,0.5293964845919884,0.22808879113797395,0.6730708125810005
F00946,24,1.0,1.0,0.5,0.531769524133956,1.1782889699550494,0.7819380941477069,0.14031254189921102,0.6465194458210934
F00947,24,0.25,0.5,0.0,-0.0563349176559418,0.5811769427423525,0.3265576092548038,0.2988645457135125,0.6375118603982943
F00948,8,0.25,0.0,0.0,-0.080247728595719,0.3752501517943903,0.17198754410793135,0.09262625330435596,0.4554978803901093
F00950,20,1.0,1.0,0.0,0.2999606298563524,0.897934189091312,0.5300023818508212,0.12563482025971542,0.5979735592349595
F00951,8,0.5,0.0,0.0,-0.4183508744820846,0.1499472602385393,-0.0700804325748413,0.11124961935047914,0.5682981347206238
F00953,16,1.0,1.0,0.5,0.9259648811597198,1.373232534239223,1.144830685971066,0.03810584912838029,0.44726765307950334
F00954,20,1.0,0.7,0.2,0.1468943068987609,1.1372056124896393,0.7349098272844168,0.2621787124990657,0.9903113055908783
F00957,16,1.0,0.5625,0.0,0.2123699358270376,0.8422752406456574,0.5455999564822819,0.1340439557967204,0.6299053048186198
F00958,8,1.0,1.0,1.0,1.2943853002746917,1.727951591572135,1.5568417496501246,0.03748590370515707,0.4335662912974434
F00960,20,1.0,1.0,0.5,0.7336283201448632,1.3709666892580965,1.1059108852294175,0.10820214029825534,0.6373383691132333
F00962,16,1.0,0.9375,0.0,-2.0407624538792497,-0.9989548248435758,-1.413929977987142,0.14931635314216268,1.041807629035674
F00963,4,1.0,0.0,0.0,-1.0236087271739058,-0.4227616568652962,-0.7231851920196011,0.09913466772739923,0.6008470703086096
F00964,24,0.75,0.5,0.0,-0.7947066971603997,0.0157539602682476,-0.47803102897910654,0.33716748278879216,0.8104606574286473
F00968,24,0.5,0.20833333333333334,0.0,-0.4504297656961519,0.3465182645486896,0.036598909959299555,0.08685290674423242,0.7969480302448415
F00969,24,0.75,0.25,0.0,-0.7300938867416992,0.1012558245711093,-0.2258643705522641,0.2101688582177443,0.8313497113128084
F00970,8,1.0,0.25,0.0,-1.1650130308139146,-0.190287641094299,-0.5975512736991379,0.19803879744254346,0.9747253897196156
F00972,24,1.0,1.0,0.5,-1.5311541627593646,-0.7818220339520108,-1.0679334378226568,0.1463739574229355,0.7493321288073538
F00973,24,1.0,1.0,1.0,-2.639498170909468,-1.8964683414743688,-2.1794285956588886,0.015864364974041104,0.7430298294350992
F00974,24,1.0,1.0,0.5,-1.300601231735045,-0.6275304191540443,-0.9050355382856823,0.18557938161637388,0.6730708125810008
F00976,20,1.0,1.0,0.5,0.6437146010712211,1.1449566863327916,0.9059903809725451,0.08338404201552325,0.5012420852615704
F00980,24,1.0,0.7083333333333334,0.0,-0.8902834558714795,-0.1166406763685908,-0.5920167266530658,0.35407103994338435,0.7736427795028887
F00981,20,1.0,1.0,1.0,-1.710287756741132,-1.0461834479207388,-1.4244779240511751,0.12170888731681102,0.6641043088203933
F00984,20,0.5,0.5,0.0,-0.3628202658070999,0.3209994493440376,-0.08042640728072534,0.14739893497504025,0.6838197151511376
F00985,24,1.0,1.0,0.25,0.4238862772306009,1.1166916045461983,0.7061523441768012,0.08072383966465134,0.6928053273155974
F00986,16,0.5,0.0,0.0,-0.2447079009239809,0.2782817102405525,0.034252659290225355,0.051824074302369495,0.5229896111645334
F00988,20,0.5,0.5,0.0,-0.1435778453275535,0.4107114630746721,0.10377798223100404,0.06512245143884067,0.5542893084022256
F00989,8,0.5,0.0,0.0,-0.2344936501023927,0.2471708350687867,0.006338592483197,0.044478823630112456,0.48166448517117944
F00990,20,1.0,1.0,0.0,0.3917767079926852,0.9433169004664438,0.6331079709940614,0.08271005200094843,0.5515401924737586
F00991,24,0.25,0.5,0.0,-0.0020309110516382,0.637366694230098,0.2634369055491195,0.24714964263341765,0.6393976052817362
F00992,8,0.75,0.0,0.0,-0.3691052474468313,0.0020499327756836,-0.1892968705165527,0.11788332368086306,0.3711551802225149
F00995,20,1.0,0.75,0.0,0.2787402181455775,0.795765107535093,0.49547739017760045,0.1391010588941254,0.5170248893895155
F01007,24,0.5,0.875,0.0,-0.3825919439223805,0.2546674218661639,-0.0085152145630914,0.1208732510036874,0.6372593657885444
F01009,24,1.0,1.0,0.0,0.3540542011485965,0.9445300511532948,0.603023499775756,0.12223694997448421,0.5904758500046983
F01010,8,0.25,0.5,0.0,-0.008071515679533,0.4108301875211635,0.2206453513226952,0.16890883629393413,0.41890170320069653
F01013,20,1.0,0.5,0.0,-0.4774673716424164,-0.0066369740736463,-0.23599504851449965,0.37364079055052307,0.47083039756877015
F01014,12,1.0,1.0,0.5,-1.3457093454829014,-0.6098615861299164,-0.9948904626774067,0.22149745856028183,0.7358477593529851
F01021,20,0.5,0.05,0.0,-0.1123440782310725,0.410599779213572,0.14959497465752256,0.0902732944169685,0.5229438574446444
F01022,8,1.0,0.5,0.0,0.1317732243401991,0.529798990920687,0.32661038326688435,0.1323108757985326,0.39802576658048794
F01024,20,0.5,0.5,0.0,-0.160873439647413,0.4306687375445213,0.1504170964981023,0.1657935794732724,0.5915421771919342
F01035,20,0.5,0.0,0.0,-0.2272544154161309,0.350533272896051,0.10623482380233315,0.0687525707392727,0.577787688312182
F01040,24,0.5,0.25,0.0,-0.47341723389205,0.2594294238250262,-0.018439244500481247,0.10797686109324071,0.7328466577170762
F01041,24,1.0,1.0,0.0,0.1540024770351362,0.8270732896161368,0.43730943535425265,0.2017185244559246,0.6730708125810005
F01042,24,1.0,0.5,0.0,0.0328364396849438,0.7059072522659445,0.3237341588168456,0.30250096574726515,0.6730708125810008
F01043,24,1.0,1.0,0.0,0.2405510702507559,0.9136218828317566,0.529047166776589,0.11604561516191587,0.6730708125810008
F01044,24,1.0,0.875,0.0,0.1001287614338842,0.7731995740148847,0.4125929576415386,0.21953155899022947,0.6730708125810005
F01045,24,1.0,1.0,0.0,0.1751322501366969,0.8482030627176977,0.44914373857309703,0.18761223191924398,0.6730708125810009
F01046,12,1.0,0.25,0.0,-0.6328880265631376,-0.0658579026779714,-0.3076843768148264,0.17121799608799632,0.5670301238851662
F01047,24,1.0,1.0,0.0,0.1876575085595314,0.860728321140532,0.4737780246332549,0.1690001683411635,0.6730708125810005
F01048,24,1.0,0.7083333333333334,0.0,0.0931959669178582,0.7662667794988588,0.38214426358041576,0.22363024694385028,0.6730708125810005
F01051,24,1.0,0.75,0.0,-0.8985581718022643,-0.2411129056011726,-0.6070700031790263,0.26328380842998217,0.6574452662010917
F01052,24,0.25,0.5,0.0,-0.0051700281919591,0.6679007843890415,0.399166900817284,0.20431274505119854,0.6730708125810007
F01053,8,1.0,1.0,0.0,0.4894155733784591,0.9203044197709186,0.6855362899958293,0.10566836386721713,0.4308888463924595
F01054,20,1.0,0.5,0.0,0.0993724091087844,0.6301123523287903,0.3796065954982408,0.15084146243935675,0.5307399432200058
F01063,8,1.0,0.5,0.0,-0.7284522612639096,-0.1230325036092229,-0.3803440880902361,0.23214341659139537,0.6054197576546867
F01066,24,0.5,0.5,0.0,-0.088847620475155,0.5842231921058454,0.22414516096240056,0.17438086429752372,0.6730708125810004
F01069,20,1.0,1.0,0.0,-1.6816045562427775,-0.7151855207125353,-1.1014014504276828,0.15128659056557625,0.9664190355302422
F01071,8,1.0,0.5,0.0,-0.966205085089534,-0.4148863002859555,-0.7151129440379345,0.14290749497391847,0.5513187848035784
F01076,24,1.0,1.0,0.25,0.4558484447749241,1.2511728534460256,0.764955988577444,0.07680342312701102,0.7953244086711015
F01077,8,1.0,0.25,0.0,-0.4499146773538174,-0.0159643976114425,-0.23822222323681524,0.2057740177962926,0.4339502797423749
F01078,24,1.0,1.0,0.0,0.228619013122572,0.9016898257035724,0.5748720704964889,0.2256208614243669,0.6730708125810003
F01082,20,1.0,0.5,0.3,-1.056926271588788,-0.2497367635485634,-0.589713551030854,0.2063382139529486,0.8071895080402245
F01083,12,1.0,0.5,0.0,0.1110223228588506,0.5247758713296142,0.3251481311337277,0.17186044983005297,0.4137535484707636
F01084,24,0.5,0.375,0.0,-0.3301869790897265,0.3428838334912741,0.032355288220889705,0.07931927209504153,0.6730708125810005
F01085,24,1.0,0.5,0.0,-0.9532669800615098,-0.2182185127823065,-0.4971880858888774,0.21160396933275402,0.7350484672792033
F01089,20,1.0,0.5,0.0,0.4684178440687844,0.9270187747901304,0.6835861473845951,0.05373735449004794,0.458600930721346
F01090,24,0.5,0.5,0.0,-0.6075058972724281,0.0655649153085726,-0.21682885120932754,0.25333194395323044,0.6730708125810007
F01091,20,1.0,0.5,0.0,0.0973925312089997,0.6025500427284803,0.338442931366694,0.20963894173298475,0.5051575115194806
F01095,20,1.0,0.7,0.2,-1.108853296666865,-0.3553790257550417,-0.8264786771968804,0.3208134499888523,0.7534742709118232
F01096,4,1.0,1.0,0.5,-1.3202692090830346,-0.8213235349410128,-1.0707963720120237,0.19549079811182143,0.49894567414202173
F01098,12,1.0,0.5,0.0,0.4325097147199458,0.9342762590286592,0.6631209617609544,0.08665373614639797,0.5017665443087134
F01101,8,1.0,0.5,0.0,0.4873786233802796,0.7999961099642253,0.6396475162389867,0.0190089262442307,0.3126174865839457
F01104,24,0.25,0.5,0.0,-0.1060448761524019,0.5670259364285984,0.2550677699583866,0.33743924143484566,0.6730708125810003
F01106,8,0.5,0.0,0.0,-0.2124243200871233,0.225308809514029,0.012098736112416353,0.06332951276963167,0.4377331296011523
F01107,24,1.0,1.0,0.0,0.3203248264476113,0.9933956390286116,0.5958563257067291,0.08018229109958028,0.6730708125810003
F01109,20,0.5,0.5,0.0,-0.1278484376046874,0.3779928528784291,0.1390443912306405,0.16580115484814406,0.5058412904831164
F01114,8,0.5,0.0,0.0,-0.2053678471846208,0.3039758580889624,0.04538534934727054,0.006689822578140369,0.5093437052735832
F01117,24,0.5,0.25,0.0,-0.3640093754393954,0.4877248922530934,0.12599435511844753,0.25752997414586787,0.8517342676924888
F01119,20,1.0,0.5,0.0,0.2297870316744623,0.7176362487884654,0.45702256427459287,0.1461859690913261,0.48784921711400314
F01123,20,1.0,0.7,0.2,0.3826645105353696,1.1038269343730789,0.7986966187653839,0.16590210266277797,0.7211624238377092
F01124,20,1.0,0.7,0.0,-0.8431555630439782,-0.2384822853962382,-0.5796493828349303,0.2834094720055495,0.60467327764774
F01126,24,1.0,1.0,0.5,-1.5972683835377448,-0.7278753620443649,-1.0740172122580243,0.14839194767085054,0.8693930214933799
F01128,8,1.0,1.0,1.0,1.7475119772299694,2.229486954134372,2.0165374845466477,0.028795639745105038,0.4819749769044026
F01130,20,1.0,0.5,0.0,0.0162555423517061,0.5420278462061376,0.2945580763818544,0.2436167104299784,0.5257723038544315
F01131,8,1.0,1.0,1.0,1.1618423245305345,1.557398953386715,1.3552195505600926,0.020716943151304158,0.3955566288561805
F01135,8,0.5,0.5,0.0,-0.0513714322170754,0.4739317656154301,0.20411328028293865,0.17640232770616052,0.5253031978325055
F01137,8,1.0,1.0,0.0,0.4365401987235781,0.8080742726346745,0.6181402967079273,0.046878680689209425,0.3715340739110964
F01139,24,0.75,0.3333333333333333,0.0,-0.1407946003163135,0.7570510587415851,0.21957356867960506,0.0950345968736848,0.8978456590578986
F01140,8,1.0,0.625,0.25,0.6390301511773147,1.0036213336609665,0.8163199719486554,0.03104871012982518,0.36459118248365185
F01143,12,1.0,1.0,0.5,0.6866104204648456,1.042577597153334,0.8609028123967417,0.023601786566652197,0.35596717668848843
F01149,16,0.5,0.5,0.0,-0.1128187680872682,0.3383535009879945,0.1309513752472077,0.08947545158638955,0.4511722690752627
F01153,24,0.25,0.5,0.0,-0.1621260485145096,0.5109447640664909,0.25412651524315993,0.23235724314901277,0.6730708125810005
F01155,20,1.0,1.0,0.5,0.951503273509748,1.5079502692046485,1.1956803183388116,0.05940309447587756,0.5564469956949005
F01157,8,1.0,1.0,1.0,-1.8319243930637847,-1.370880444894936,-1.5954975544834933,0.10751254847992499,0.46104394816884864
F01160,4,1.0,0.5,0.5,0.6784186493076224,1.2625825982360204,0.9705006237718214,0.08588281531276075,0.584163948928398
F01161,8,1.0,0.5,0.0,0.3999786439035386,0.9069700178555568,0.6678899086621326,0.08972870999036939,0.5069913739520182
F01164,8,1.0,1.0,0.75,0.9298252947489986,1.4110923660939494,1.1995813354917448,0.025639941327907173,0.48126707134495084
F01168,4,1.0,0.25,0.0,0.4773861605356189,0.7444026032170059,0.6108943818763124,0.022809342561187475,0.267016442681387
F01179,4,1.0,1.0,0.5,-1.4585053813968294,-0.9904843749475828,-1.224494878172206,0.11833028003836785,0.4680210064492466
F01180,8,0.5,0.0,0.0,-0.2094344971836447,0.1115832443746403,-0.0489256264045022,0.04174500378242565,0.321017741558285
F01184,20,1.0,0.5,0.0,0.1734371221393387,0.7093729252579616,0.4106030656937769,0.14311274281347006,0.5359358031186229
F01186,8,1.0,0.25,0.0,0.2713046390147882,0.6530662392611047,0.4635162054538663,0.07091237270843598,0.38176160024631656
F01187,8,1.0,1.0,0.75,-1.568729406261003,-0.95848962184991,-1.2968620426146504,0.15263994408275022,0.6102397844110931
F01190,16,0.5,0.0,0.0,-0.1174038192673355,0.3220042922573977,0.10930172430102685,0.061037996371483445,0.4394081115247332
F01191,12,1.0,1.0,1.0,-2.0936999163688585,-1.3537779024149554,-1.7876447320328936,0.15890985137640187,0.7399220139539031
F01192,20,1.0,1.0,1.0,-2.123462126494235,-1.3908896057214073,-1.814784896970696,0.21139292586890576,0.7325725207728278
F01194,8,0.5,0.0,0.0,-0.307942464706934,0.1803646027748153,-0.0883012841153355,0.07394134842345405,0.4883070674817493
F01197,12,0.5,0.0,0.0,-0.6045984783678291,0.2745523925073654,-0.11047248189577574,0.09337312612559429,0.8791508708751945
F01200,24,1.0,1.0,0.5,-1.3053124285255455,-0.6322416159445454,-0.9395731582708766,0.12097159999189828,0.6730708125810001
F01201,24,1.0,1.0,1.0,-2.6144661798687645,-1.873718514297706,-2.1555376865502045,0.026550495908933686,0.7407476655710585
F01202,4,1.0,0.0,0.0,0.411877601525489,0.7327030966382073,0.5722903490818482,0.033738329131306956,0.3208254951127183
F01203,24,0.5,0.25,0.0,-0.4481087047085141,0.2249621078724864,-0.044234323023572705,0.10827741491093608,0.6730708125810005
F01204,12,0.3333333333333333,0.0,0.0,-0.2413880875755734,0.4828670130733732,0.21242033375867236,0.0788710891026032,0.7242551006489466
F01205,8,0.5,0.0,0.0,-0.4884065000990762,0.3224857386460136,0.009039788001931295,0.09958537425977283,0.8108922387450899
F01208,24,1.0,1.0,0.5,-1.162424538655632,-0.4893537260746311,-0.8392372422175913,0.16658210312775956,0.6730708125810009
F01209,24,1.0,1.0,0.5,0.7735943854160958,1.4466651979970966,1.0874415566311555,0.029199190568363252,0.6730708125810008
F01210,20,1.0,1.0,0.8,-2.1111030766720003,-1.0744927015735015,-1.5035850957247066,0.1524398120222155,1.0366103750984987
F01213,8,1.0,1.0,0.5,-1.4122815566791926,-0.801491504927197,-1.0978242339371551,0.12673526309546665,0.6107900517519956
F01214,12,1.0,0.3333333333333333,0.3333333333333333,-1.2908179946990643,-0.0240401088041696,-0.6379501163240564,0.16731422893005773,1.2667778858948948
F01220,8,0.5,0.0,0.0,-0.0454930003762384,0.4639976702527242,0.20231598006255413,0.12431731202150928,0.5094906706289626
F01223,8,1.0,1.0,0.5,-1.3871426498381925,-0.7978559495225648,-1.1175772077826807,0.19688675613146508,0.5892867003156277
F01224,24,0.75,0.375,0.0,-0.7456179598235347,0.1386009848479816,-0.2149538269547458,0.2115163857783316,0.8842189446715163
F01231,20,1.0,0.5,0.0,0.052984209400899,0.5504051858552046,0.28505519470925994,0.22448666587469845,0.4974209764543056
F01236,16,1.0,1.0,0.0,0.4377657813562401,0.8241290882624708,0.6267249556237193,0.06100846041950403,0.38636330690623066
F01238,20,0.7,0.5,0.0,-0.6332247649205264,0.052236545772404,-0.3161463052534766,0.2313735671964569,0.6854613106929304
F01242,8,1.0,0.5,0.0,0.2455388195431369,0.7737539397735658,0.5042212886710318,0.1489483205536411,0.5282151202304288
F01243,20,0.5,0.5,0.0,-0.0852150847780832,0.6067637686950788,0.19071122475015215,0.1931854695726838,0.6919788534731619
F01244,24,0.5,0.7916666666666666,0.0,-0.32303267942529,0.3500381331557105,-0.024752295689215248,0.11501840994658295,0.6730708125810005
F01245,8,0.75,0.5,0.0,-0.47120665291241,0.0190043562787399,-0.27609141919743296,0.30494935095677367,0.4902110091911499
F01246,20,0.5,0.5,0.0,-0.4127465740832452,0.0623784919154732,-0.17312586374743663,0.2263900533515645,0.4751250659987184
F01247,16,1.0,0.5,0.0,0.0691064767436013,0.5231048706069884,0.2911007228003218,0.19500934685720842,0.4539983938633871
F01248,24,1.0,1.0,0.0,0.2134676213246497,0.9799964953881772,0.5081773978233828,0.13552829051731155,0.7665288740635275
F01249,8,1.0,0.875,0.0,-0.6869729949390243,-0.3791143696440679,-0.5287878425004889,0.1979533019212586,0.3078586252949564
F01250,16,1.0,0.5,0.0,0.2417165254117935,0.6842864037647342,0.4579548015444962,0.11794599652270708,0.44256987835294065
F01251,4,1.0,0.5,0.0,-0.6258360789996391,-0.2683306917205918,-0.4470833853601155,0.1904418717574906,0.3575053872790473
F01253,20,1.0,1.0,0.7,0.9933722882896884,1.635062758925171,1.3494466884666991,0.06588974997596621,0.6416904706354826
F01254,24,0.25,0.5,0.0,-0.0903785618950364,0.5527097179635866,0.29530217474587356,0.3212327027317187,0.643088279858623
F01257,8,1.0,1.0,0.5,0.8784909987660643,1.3308125314194523,1.1286082101435682,0.03686203910118942,0.45232153265338804
F01262,8,0.5,0.0,0.0,-0.151280754306701,0.2007658079433633,0.022102667268123696,0.005273540658206608,0.35204656225006425
F01263,8,1.0,1.0,0.0,0.4722413469737849,0.8035524611264487,0.6341144512485144,0.04745085774122617,0.33131111415266384
F01264,8,0.5,0.0,0.0,-0.3469390299352418,0.1751485469432294,-0.0781587888241739,0.06995852927145232,0.5220875768784712
F01265,24,1.0,0.5,0.0,0.1383145735640555,0.6864508988600242,0.3989719997720085,0.20758991360551096,0.5481363252959687
F01266,20,1.0,0.5,0.0,0.0765174375874849,0.7909857419699522,0.4830569066668739,0.23412786009741557,0.7144683043824673
F01269,4,0.5,0.0,0.0,-0.1955002036306397,0.1939091731424441,-0.0007955152440977942,0.013538917577005084,0.3894093767730838
F01270,12,1.0,1.0,1.0,-3.883262987691872,-3.248750345144644,-3.6378680070157428,0.00893712725865956,0.6345126425472283
F01273,24,1.0,0.75,0.0,-0.883628044448612,-0.1295177560538865,-0.5786109002122644,0.3489802475118829,0.7541102883947255
F01274,24,1.0,0.875,0.5,-1.5579515130408097,-0.6132527567677287,-0.9970474743712385,0.18601220024469192,0.944698756273081
F01275,20,1.0,1.0,0.5,0.5312331682577863,1.1809595053749409,0.9093816845587418,0.1453996869561999,0.6497263371171546
F01280,24,1.0,1.0,0.5,0.8700182635468111,1.6645692603784266,1.178739101429588,0.01932004974105531,0.7945509968316155
F01281,20,1.0,1.0,0.0,0.4582836064566234,0.9552551065816156,0.7282342863801293,0.15624452950439136,0.4969715001249922
F01282,24,1.0,1.0,0.75,-1.6976376810234997,-0.988951541604386,-1.2547399507809123,0.1489388332734488,0.7086861394191136
F01283,24,1.0,1.0,1.0,-3.844262363543196,-2.726372429222164,-3.1967627358496493,0.10461217961962277,1.117889934321032
F01284,24,0.75,0.0,0.0,-0.3481283422781632,0.7343956349218648,0.12109564636083565,0.08481745783835737,1.082523977200028
F01285,8,1.0,1.0,1.0,-2.7902312078693097,-1.5300496036887057,-2.0627637114124004,0.13587264048642847,1.260181604180604
F01287,12,0.8333333333333334,0.0,0.0,-0.1570811845711416,0.8366365147225662,0.3496253490891632,0.033621801584799396,0.9937176992937078
F01290,8,1.0,1.0,0.0,0.5660047637815363,0.9765593615219,0.7657410745290019,0.07350032535209594,0.41055459774036374
F01292,8,1.0,1.0,0.0,-0.9288818155740892,-0.5580134695615638,-0.7381210698888085,0.13366523381098877,0.3708683460125254
F01303,24,1.0,1.0,1.0,-1.8816266133199075,-1.19616680383987,-1.450342048046858,0.022736095125823592,0.6854598094800375
F01304,16,0.25,0.5,0.0,-0.0370305578763368,0.4500242506706851,0.19831467455911936,0.1678737395075145,0.4870548085470219
F01307,24,1.0,1.0,0.25,0.342251861716447,1.1535938270083963,0.659368183829391,0.098843617646564,0.8113419652919494
F01308,20,1.0,1.0,0.5,-1.1446169141608435,-0.4663870903058931,-0.8338216047467686,0.2544748927265663,0.6782298238549505
F01309,16,1.0,0.4375,0.25,-1.2349689098985266,-0.1131872112935169,-0.71411420161098,0.19738715693890804,1.1217816986050098
F01310,24,1.0,1.0,0.5,0.6099584589284488,1.2830292715094491,1.0232986896350256,0.10355097749803259,0.6730708125810003
F01312,24,0.5,0.25,0.0,-0.2327814828458862,0.4680417504716345,0.053493537101275704,0.06630279389820609,0.7008232333175207
F01313,24,1.0,0.5,0.0,0.0031645237663291,0.6762353363473297,0.3488249059517994,0.2288307468160658,0.6730708125810005
F01320,20,1.0,1.0,0.2,0.4357059284337614,1.002788744948058,0.7357493970885451,0.14598166783082137,0.5670828165142965
F01322,8,0.5,0.0,0.0,-0.3559575172589281,0.0822357194890421,-0.11144519099337144,0.12165038810191388,0.43819323674797017
F01323,24,1.0,0.5,0.0,0.0944076339812436,0.7087512280147249,0.45198482473059437,0.25123616767648943,0.6143435940334813
F01325,12,1.0,1.0,0.6666666666666666,0.8356864774808208,1.378436159657621,1.1258921471991703,0.06405547901936422,0.5427496821768001
F01327,24,1.0,1.0,0.25,0.4711697490353813,1.1442405616163822,0.7282507283591353,0.12829329262596467,0.673070812581001
F01328,24,0.75,0.5,0.0,-0.0122656888666518,0.7494054443845642,0.2947206809429547,0.18281616133279377,0.761671133251216
F01329,24,1.0,1.0,0.25,0.2727257292731412,1.007853294898658,0.551734851552869,0.07655271421658444,0.7351275656255168
F01330,24,1.0,1.0,0.5,-1.3579233637128316,-0.6350852874345281,-0.9079496650406489,0.15423202186954937,0.7228380762783035
F01331,24,1.0,0.5,0.0,0.203254393009888,0.7831809375509072,0.4639534538042128,0.16673312777522153,0.5799265445410192
F01333,20,1.0,1.0,1.0,-3.505418865916482,-2.798087106103853,-3.0988488140144286,0.011057543507417366,0.7073317598126292
F01334,20,0.7,0.5,0.0,-0.5899901749712034,0.0347747959706585,-0.3281383712347328,0.3651971206360092,0.6247649709418619
F01335,24,1.0,1.0,1.0,-1.9409442615843309,-1.0773297905157917,-1.4205823655170307,0.11035158984390443,0.8636144710685392
F01339,24,1.0,0.75,0.0,-0.9332751137194188,-0.2424858483421233,-0.6764351415638017,0.3345696132488197,0.6907892653772956
F01346,20,1.0,1.0,0.5,0.7949997217550158,1.5882199268067307,1.09961589951513,0.06165122135168784,0.793220205051715
F01347,24,1.0,0.5,0.0,0.1692873197064635,0.9096629624945498,0.450920480567476,0.1612042235931837,0.7403756427880863
F01350,20,1.0,1.0,0.5,-1.7553077231600214,-1.1297144618788657,-1.4209686592738562,0.15839959042213783,0.6255932612811557
F01351,20,1.0,1.0,0.5,0.8738895233113908,1.4632732231444452,1.2040323620773636,0.06678441019334905,0.5893836998330544
F01352,24,0.5,0.25,0.0,-0.4408881250002311,0.1666233427538559,-0.09147601907910134,0.12807435128018177,0.607511467754087
F01355,20,1.0,1.0,0.0,0.3126515494951148,0.9199674263357456,0.6390724772705525,0.18162065057572013,0.6073158768406308
F01356,8,1.0,0.0,0.0,0.0663446879286767,0.3236861102605232,0.19186910019772646,0.061985849745279605,0.2573414223318465
F01358,8,1.0,1.0,0.0,0.6272982704025339,0.8430267580254063,0.7333151602678005,0.024693047628406416,0.21572848762287233
F01362,8,1.0,1.0,0.0,0.4709859537863493,0.8366079640900068,0.6494924528866483,0.04447345417662395,0.36562201030365754
F01363,24,0.5,0.75,0.0,-0.3641070531810469,0.3089637593999536,-0.10840784900588012,0.19976288363183076,0.6730708125810005
F01364,24,1.0,1.0,0.25,0.380914266125869,1.0376815419926966,0.6354487072432814,0.1218274714435225,0.6567672758668276
F01365,8,1.0,0.5,0.0,0.2987936169263351,0.7221712152132838,0.5186979095449871,0.05631883245457304,0.42337759828694865
F01367,20,1.0,1.0,1.0,-1.776100289404668,-1.0591131705346255,-1.3200936447355265,0.11170606462597604,0.7169871188700425
F01369,20,1.0,0.5,0.0,-0.8198763544242103,-0.2209417392170654,-0.5662792315210686,0.21791143932319262,0.5989346152071449
F01372,20,1.0,0.5,0.0,-0.7567944076818657,-0.225623176721214,-0.4426709177246675,0.25944927463742923,0.5311712309606517
F01373,12,1.0,0.8333333333333334,0.0,-0.957427429028546,-0.2422865106973379,-0.5089369059549129,0.24363762244623677,0.7151409183312082
F01374,20,0.7,0.2,0.0,-0.4539708341015778,0.1694856378772457,-0.21969899321507647,0.18891826453692603,0.6234564719788235
F01376,24,0.5,0.5,0.0,-0.3432441871648825,0.298023147523194,-0.09464851978185929,0.15588256409825915,0.6412673346880764
F01378,20,0.5,0.5,0.0,-0.3846584313360943,0.1244008671584891,-0.11853539234394865,0.20258256701136354,0.5090592984945834
F01380,8,0.75,0.0,0.0,-0.1029105101600202,0.364852543667942,0.1363601726349658,0.07784682667109748,0.46776305382796224
F01381,12,1.0,0.4166666666666667,0.0,0.1165172387576809,0.517410021222492,0.32394269191209824,0.0932200137236076,0.40089278246481114
F01382,24,0.5,0.0,0.0,-0.2644334875325759,0.4200575372853122,0.006093967992969657,0.06422347372544548,0.6844910248178881
F01383,8,0.5,0.0,0.0,-0.1915103732086492,0.0938942275177325,-0.05193990471743585,0.0682178998572548,0.2854046007263817
F01384,8,0.5,0.0,0.0,-0.3101307025770417,0.0739334270957433,-0.1440377927109766,0.1542993849582245,0.38406412967278497
F01385,8,1.0,0.0,0.0,-0.536218367398134,-0.1679756418507657,-0.32463337609511767,0.1463411749887055,0.3682427255473683
F01386,8,0.25,0.0,0.0,-0.0142925140428353,0.3578677946288851,0.17890472854055955,0.1201916562462381,0.37216030867172045
F01388,8,1.0,1.0,0.0,0.5434255100802929,0.8991381304066154,0.7558229164518877,0.0385534856510788,0.35571262032632245
F01389,12,1.0,1.0,1.0,-5.162406097571043,-4.3722524252800055,-4.6655092837480066,0.005516852754673064,0.7901536722910372
F01391,24,1.0,1.0,1.0,1.4889337108052825,2.250896612990417,1.9584698224308805,0.0798456138267087,0.7619629021851346
F01392,24,1.0,1.0,1.0,-2.9660755717069307,-2.1740142665276743,-2.658599579650333,0.012674463987884356,0.7920613051792564
F01393,20,1.0,1.0,1.0,-2.5792312732738427,-1.865012818122836,-2.1386364798211415,0.03619617940570323,0.7142184551510067
F01394,12,1.0,1.0,0.5,-1.6439759378889542,-0.924991366469208,-1.214819429267754,0.04432518888210298,0.7189845714197463
F01395,20,1.0,1.0,1.0,1.0523815184995726,1.6107620429949938,1.3503284088880403,0.09856806819239239,0.5583805244954212
F01396,24,1.0,0.75,0.0,-0.9442021701610503,-0.2711313575800502,-0.6853300337416391,0.2865208352342051,0.6730708125810001
F01398,24,1.0,1.0,1.0,-2.951569817441776,-2.2712370029229865,-2.5228487496493504,0.05314884669732562,0.6803328145187897
F01399,24,1.0,1.0,1.0,-3.075618491905016,-2.397497550703321,-2.6480033607711375,0.03423776500678391,0.6781209412016946
F01405,24,1.0,1.0,1.0,-2.711113481401448,-2.0358073520436304,-2.2849057561895085,0.06526994648837596,0.6753061293578178
F01406,24,1.0,1.0,1.0,-3.2100204281908837,-2.5369496156098825,-2.788770606352367,0.017374608151765416,0.6730708125810012
F01407,20,0.8,0.5,0.0,-0.7586218385436745,0.03141658813663,-0.2732663687342529,0.25331058712735166,0.7900384266803044
F01408,20,1.0,0.8,0.3,-1.0293579383257032,-0.260354088242565,-0.5545197568148648,0.2307055429869367,0.7690038500831382
F01409,20,0.5,0.3,0.0,-0.6447909627715722,0.2204920252855133,-0.12181321227376009,0.17629316418080543,0.8652829880570855
F01411,20,1.0,1.0,1.0,-2.297389422326344,-1.6268119951592706,-1.8869562727987805,0.03464472550771455,0.6705774271670735
F01412,20,1.0,1.0,1.0,-1.843336129854657,-1.2225608151927527,-1.5282429972158893,0.10339260835551892,0.6207753146619042
F01413,20,1.0,1.0,1.0,-2.065168288735639,-1.1219339123648429,-1.5020280270069815,0.08144080161790379,0.943234376370796
F01414,24,1.0,1.0,0.5,-1.6467113649211818,-0.906019232735084,-1.1878106382951024,0.15349963816975049,0.7406921321860978
F01415,24,1.0,1.0,0.5,-1.5850475033061953,-0.8420889196663268,-1.12501355095323,0.1557932754111745,0.7429585836398684
F01416,24,1.0,1.0,0.5,-1.4857923269763151,-0.759600004483491,-1.0341415051968723,0.17333980906614435,0.7261923224928242
F01418,12,1.0,1.0,0.6666666666666666,-1.6434493795077727,-0.89637306438836,-1.2887042954311547,0.18940991554127862,0.7470763151194127
F01419,24,0.5,0.0,0.0,-0.2200788327216313,0.5241238534447616,0.06346784982853436,0.040176169393352855,0.744202686166393
F01420,8,1.0,1.0,0.5,-1.3504705972132325,-0.8184357753768368,-1.0783599905603845,0.14307718764790583,0.5320348218363957
F01422,24,1.0,1.0,1.0,1.4868327463100652,2.1599035588910658,1.7929906549069985,0.00250163066884747,0.6730708125810005
F01423,16,1.0,0.5,0.0,0.0282605511203442,0.5858587397139182,0.2672968087378337,0.24774295496577528,0.557598188593574
F01424,24,0.5,0.7916666666666666,0.0,-0.2668056119296487,0.3652927054676043,0.002974920393788147,0.20775601354523707,0.632098317397253
F01425,24,1.0,0.5,0.0,0.1508588617924392,0.7361835349245983,0.4157004980759056,0.1850895313105401,0.5853246731321591
F01428,4,0.5,0.0,0.0,-0.0837973621616574,0.2624734836021932,0.0893380607202679,0.04382662977835507,0.3462708457638506
F01429,4,1.0,1.0,0.0,0.4148750156543168,0.6052604409250384,0.5100677282896776,0.018212092560753353,0.1903854252707216
F01431,20,1.0,0.5,0.0,0.1436026510331426,0.6446557761197175,0.40464524522249556,0.19458416238963083,0.5010531250865748
F01432,8,1.0,0.75,0.75,-2.5643334871544528,-1.3034055858246156,-2.0220957624519755,0.2419009322102242,1.2609279013298371
F01433,24,0.5,0.25,0.0,-0.1759743583769798,0.531137179972693,0.0890267502648259,0.06828028850863467,0.7071115383496729
F01434,12,1.0,0.5,0.0,-0.7790968965053432,-0.2049074123176652,-0.4270619406264548,0.26962407761308027,0.574189484187678
F01435,24,1.0,1.0,0.25,0.3979526279271656,1.1598378344717974,0.6903405706664507,0.1058711751508734,0.7618852065446318
F01436,24,1.0,1.0,0.25,0.3946464881599297,1.1272895220509125,0.6724133445723905,0.11503696377906623,0.7326430338909828
F01437,24,1.0,1.0,0.25,0.3970243012372091,1.1158951845426288,0.709863174860172,0.08892088495818752,0.7188708833054197
F01438,24,1.0,0.5,0.0,0.1802540652276881,0.8044887501658243,0.460956936614848,0.1503125729913189,0.6242346849381362
F01439,24,1.0,1.0,0.25,0.4331759679569096,1.14795367428768,0.7020101605892646,0.11516920950740468,0.7147777063307703
F01440,20,1.0,0.5,0.0,0.1658168755881624,0.6852475121752519,0.43556312905686584,0.14741746093066413,0.5194306365870895
F01442,24,0.5,0.75,0.0,-0.2660766144377735,0.406994198143227,0.1321488399618054,0.16399505975323753,0.6730708125810005
F01443,24,0.5,1.0,0.0,-0.3586967916959682,0.3143740208850323,0.02394799398679974,0.11488222759362197,0.6730708125810005
F01444,24,0.5,0.875,0.0,-0.4357057065112665,0.2373651060697341,-0.0592241902248658,0.23565608924794934,0.6730708125810005
F01445,24,0.25,0.5,0.0,-0.138534961651405,0.5345358509295957,0.2571719460952988,0.3122620373288073,0.6730708125810007
F01446,24,0.5,0.75,0.0,-0.2197985488178679,0.4532722637631328,0.16588929575561628,0.156002566012292,0.6730708125810007
F01447,20,0.5,0.5,0.0,-0.5313895073071564,0.0698417391654831,-0.16182885644782558,0.3373571523444633,0.6012312464726395
F01449,24,0.5,0.75,0.0,-0.4797575452993999,0.1947123371097212,-0.05396794356180859,0.19222214277280336,0.6744698824091211
F01450,24,1.0,0.5,0.0,0.056584827495815,0.8077949389213953,0.34363522267557434,0.18725418782750733,0.7512101114255804
F01453,4,1.0,0.5,0.5,-1.032694445169993,-0.2037488573245914,-0.6182216512472922,0.2104936835515624,0.8289455878454017
F01454,20,1.0,1.0,0.5,-1.5776734116823838,-0.853020625794304,-1.1457213584703858,0.13867963406682296,0.7246527858880798
F01455,12,1.0,0.6666666666666666,0.5,-1.5981146943502298,-0.6380737823731384,-1.050127169593532,0.15022650117554395,0.9600409119770914
F01457,8,1.0,1.0,1.0,-2.807871922498236,-1.761995686516408,-2.1848151534495566,0.1008091034661805,1.045876235981828
F01458,20,1.0,1.0,1.0,-2.5005767808893817,-1.5035237316679448,-1.909087843361018,0.05913841949225688,0.9970530492214369
F01459,24,1.0,1.0,0.5,0.6299592710456154,1.3030300836266162,1.040362344920825,0.1056325072568454,0.6730708125810008
F01460,24,0.75,0.5,0.0,-0.0358521229722839,0.7515953920167087,0.2693169739891816,0.19019166272640795,0.7874475149889926
F01461,24,1.0,1.0,0.5,0.8345326798386022,1.5076034924196031,1.121759098732769,0.005557179101303919,0.6730708125810009
F01465,20,1.0,0.7,0.0,0.221478417714634,0.8780285504638375,0.5492284957629046,0.2157550071359555,0.6565501327492036
F01466,24,1.0,1.0,0.5,0.7757500585804593,1.4488208711614603,1.099243493663978,0.08897744890032791,0.673070812581001
F01468,20,0.5,0.0,0.0,-0.1135942280730051,0.4668979252055678,0.1861274975512931,0.0840909955898788,0.5804921532785728
F01470,12,0.3333333333333333,0.5,0.0,-0.0855378932290798,0.5349315169877195,0.29290599073913864,0.12210845302557297,0.6204694102167992
F01471,24,1.0,1.0,0.5,-1.5462556167542665,-0.6860995277337959,-1.027622911711,0.18439607245968945,0.8601560890204706
F01472,24,1.0,1.0,0.5,-1.6479977228491665,-0.7874370891430246,-1.1291627454630646,0.13799579714177898,0.8605606337061419
F01473,24,1.0,1.0,0.75,-1.6776707547932217,-0.8262528074389697,-1.1634071205830652,0.12333318425796667,0.851417947354252
F01476,24,1.0,0.5,0.25,-1.1215039129433768,-0.2527456839573027,-0.5985701379173093,0.22608450886139167,0.8687582289860741
F01477,24,1.0,1.0,0.5,-1.348487481982288,-0.5132665813676529,-0.8423223711419401,0.2196539239557047,0.8352209006146352
F01478,12,1.0,1.0,1.0,-3.5260577802248974,-2.640041379791512,-2.9994787955425037,0.06484521585238265,0.8860164004333853
F01479,24,0.75,0.5,0.0,-0.5934558519873813,0.0796149605936192,-0.26413459360115055,0.3757783670632317,0.6730708125810004
F01480,12,0.5,0.5,0.0,-0.1038370773983209,0.4264345465885918,0.19361647628539777,0.13270705302447094,0.5302716239869127
F01481,20,0.5,0.05,0.0,-0.4363042801005604,0.2269494555680394,-0.0060745659635270954,0.10498692621732565,0.6632537356685998
F01482,24,1.0,1.0,0.5,-1.299963662846493,-0.6268928502654926,-0.9611362009038589,0.14514896051694207,0.6730708125810004
F01483,20,1.0,1.0,1.0,-3.4290460901952726,-2.738787413644892,-3.010960539989301,0.022319151254605925,0.6902586765503806
F01485,20,1.0,0.5,0.0,0.0542647011315838,0.7691149348840004,0.503889546879406,0.21375822188499422,0.7148502337524166
F01486,8,1.0,0.5,0.0,-0.9129517416447614,-0.3447454648429818,-0.5767170123281702,0.1878922090819457,0.5682062768017797
F01489,8,0.5,0.0,0.0,-0.4709849891547196,0.0731466425800741,-0.18306067523442304,0.12162961263757519,0.5441316317347937
F01490,12,1.0,0.5,0.3333333333333333,-1.2715967988245338,-0.4306728786099766,-0.7239276290963454,0.2091126755286693,0.8409239202145572
F01491,20,1.0,0.5,0.0,-0.9287699544038788,-0.2584410343913155,-0.5535942188378753,0.20335459381636767,0.6703289200125633
F01492,24,1.0,1.0,0.5,0.585155800490044,1.2805048143298348,0.8442756468769088,0.09103878797790503,0.6953490138397908
F01494,24,0.5,0.5,0.0,-0.3298340661633339,0.475872054699279,-0.015535666265058201,0.14009488428445896,0.8057061208626128
F01497,24,1.0,1.0,0.5,0.6270984099155975,1.3585429701356095,0.9207826900645885,0.017304106995303766,0.731444560220012
F01498,24,0.5,0.4583333333333333,0.0,-0.3159066575937267,0.3731730416463551,-0.0289982728696207,0.12137743134933703,0.6890796992400818
F01499,20,1.0,0.5,0.0,-0.8300730109276028,-0.0869297296260077,-0.5156837207130828,0.273202789652945,0.743143281301595
F01501,20,1.0,1.0,0.0,0.4089010687895825,0.872615037207912,0.6328053783057933,0.05921278775344648,0.4637139684183295
F01502,12,1.0,0.5,0.0,0.1393894422429561,0.5340012216338695,0.38159072001024064,0.12458832565668577,0.3946117793909134
F01503,20,1.0,1.0,0.5,0.6277588447342187,1.1863968230900817,0.8747943775770322,0.03818966673013161,0.5586379783558629
F01505,24,1.0,0.5,0.0,0.1207070261998914,0.925075249634958,0.47521508812850255,0.13351592267119,0.8043682234350666
F01506,20,1.0,0.5,0.0,0.1562045572569128,0.6906943532450881,0.42848095176809675,0.14928531199683642,0.5344897959881754
F01507,20,1.0,1.0,0.2,0.4577921798201713,1.0143974136785,0.7510650966066357,0.10964872453493874,0.5566052338583286
F01508,4,1.0,0.5,0.0,-1.5007039304907586,-0.6713719223638606,-1.0860379264273097,0.16997926292750223,0.829332008126898
F01509,24,1.0,0.5,0.0,-0.8589945870088989,-0.1377365577313031,-0.4098109118370703,0.31741574009847945,0.7212580292775957
F01511,20,0.5,0.0,0.0,-0.3735098212401746,0.1996070155514401,-0.10562792552612055,0.11753297720441919,0.5731168367916147
F01519,20,0.8,0.0,0.0,-0.1589683754213424,0.6277912746955028,0.171203753390477,0.07580816124748628,0.7867596501168452
F01522,20,1.0,1.0,1.0,-2.4359030144550884,-1.5000388782442784,-1.872897239971211,0.08917673474043482,0.93586413621081
F01525,8,1.0,0.5,0.0,0.2566806980347231,0.6366116803953717,0.4422163226347481,0.07786497199096962,0.37993098236064865
F01527,16,0.5,0.0,0.0,-0.3160249964424469,0.2838220493490242,-0.031021904194153044,0.05694244602718664,0.5998470457914711
F01530,24,1.0,1.0,0.5,-1.3756724728426082,-0.7417826251669961,-1.0982024426420258,0.2276190818974079,0.6338898476756121
F01531,24,1.0,1.0,0.5,-1.255523136553691,-0.5147076340867285,-0.9736700458532404,0.25113663326615554,0.7408155024669625
F01533,8,1.0,1.0,0.75,-1.9048613079303307,-1.2646894044162458,-1.6349095828962361,0.1316326151081567,0.6401719035140849
F01535,24,0.5,0.75,0.0,-0.3638014521255669,0.3092693604554336,-0.0863612358159661,0.15129591603056922,0.6730708125810005
F01536,24,1.0,0.75,0.0,0.1386872640714523,0.8117580766524528,0.5104911336233453,0.30361824881959615,0.6730708125810005
F01537,16,0.5,0.0,0.0,-0.1371112109690002,0.311107695648318,0.0833018660556955,0.05929877979974643,0.44821890661731817
F01539,12,1.0,0.3333333333333333,0.0,0.1829821467798272,0.5663817959018221,0.37062319482673795,0.08401371249570767,0.383399649121995
F01540,20,1.0,1.0,1.0,-5.331637002275837,-3.9759662881731423,-4.624667611745529,0.03649738994371529,1.3556707141026947
F01542,16,0.5,0.0,0.0,-0.3460477033437041,0.0365051589938889,-0.1506961415967946,0.15347434992021017,0.382552862337593
F01544,12,1.0,1.0,1.0,2.070833146810134,2.6574715987866653,2.3539037272813537,0.01156310756255778,0.5866384519765311
F01545,24,1.0,1.0,1.0,-3.3689833276008607,-2.470112900081112,-2.8309934533079555,0.07176201527711153,0.8988704275197485
F01546,20,0.5,0.0,0.0,-0.3986775351233517,0.0792871102403929,-0.1595758937921411,0.15429184761390935,0.4779646453637446
F01547,16,1.0,0.75,0.25,-1.0581582865890573,-0.3902239429162151,-0.7642680669456228,0.2126075205309577,0.6679343436728422
F01549,8,1.0,1.0,1.0,-1.6683331639455696,-1.0014873628014211,-1.386967547168112,0.16962461063827505,0.6668458011441485
F01551,24,1.0,1.0,0.5,-1.2005756670975454,-0.5275048545165446,-0.8008266790217365,0.21413348977785465,0.6730708125810008
F01553,24,0.75,0.5,0.0,-0.7307839887923663,0.0666557457009735,-0.24350946101266563,0.25987108811747456,0.7974397344933398
F01554,24,1.0,0.75,0.0,0.1496225419833796,0.8226933545643802,0.5379549368393866,0.24461731057191602,0.6730708125810005
F01555,24,1.0,1.0,0.5,0.6480694915153151,1.3377837599264537,0.9043719651878539,0.028976615922155117,0.6897142684111386
F01559,24,0.5,0.5,0.0,-0.0589920284453003,0.5841062406497042,0.21410406129609424,0.1709403761649069,0.6430982690950044
F01562,20,1.0,1.0,0.5,0.8816324074071006,1.4460670424455286,1.1133190431918543,0.03721147277515539,0.5644346350384281
F01567,20,1.0,1.0,0.0,0.4461161491565669,0.9401406376560776,0.7070182824471989,0.06210503913366089,0.4940244884995107
F01568,24,1.0,1.0,0.25,0.4093737162501004,1.0494112076870694,0.7291365597651305,0.15151734261747193,0.6400374914369691
F01569,20,1.0,1.0,1.0,1.2405375966858314,1.9554515562839616,1.6757998488734072,0.10515796184790858,0.7149139595981302
F01570,24,0.75,0.5,0.0,-0.5970800596781248,0.0817009533086796,-0.3462442137177533,0.2835455040179572,0.6787810129868044
F01571,24,1.0,1.0,0.5,0.6888224349330908,1.2895447935662558,1.013356961616205,0.15153629340203398,0.600722358633165
F01572,4,1.0,0.75,0.75,-2.0729862758000213,-1.3065201222438791,-1.68975319902195,0.14450408067306567,0.7664661535561421
F01573,20,1.0,1.0,0.5,-1.210550483306816,-0.6461599540453795,-0.9230768466300818,0.19339843916159552,0.5643905292614364
F01576,24,1.0,0.3333333333333333,0.25,-1.298733687832626,-0.0392211146658187,-0.7575320617822531,0.20182591829851268,1.2595125731668073
F01577,24,1.0,0.75,0.75,-1.8312818864071467,-0.6863972685024182,-1.3473942379878132,0.252641877038253,1.1448846179047285
F01578,16,1.0,1.0,0.0,0.4164336427061915,0.8711364440143093,0.6382992483134566,0.15015526152191658,0.45470280130811785
F01579,12,1.0,1.0,0.0,0.5753708498495698,0.9694701384321672,0.7681322185679587,0.04127166238892969,0.39409928858259746
F01581,12,1.0,1.0,1.0,1.0057782756982516,1.4294852022021824,1.2129316100690546,0.03507319959797854,0.4237069265039308
F01584,24,0.5,0.75,0.0,-0.3016125923508978,0.3714582202301028,-0.027562736738883417,0.20499478419102213,0.6730708125810005
F01585,8,0.5,0.5,0.0,-0.0602312115688799,0.4215649153916851,0.20382046727220704,0.1609184986168917,0.481796126960565
F01592,24,0.5,0.375,0.0,-0.4057716438119036,0.5356351822687156,-0.023622891304624756,0.17478351777243362,0.9414068260806192
F01593,16,1.0,0.5,0.0,-0.8375160346753926,-0.3565794513460202,-0.5919394410432954,0.24498250116324416,0.4809365833293724
F01596,24,0.75,0.25,0.0,-0.6895487039137608,0.3083971648712491,-0.2791304300542864,0.21628558046003526,0.9979458687850098
F01598,24,1.0,1.0,0.0,0.3775293243407582,0.9660280686060768,0.6605229304671695,0.10935789161301114,0.5884987442653187
F01599,24,0.75,0.25,0.0,-0.2205428179608209,0.7025037290107841,0.1524257949919508,0.11990146027741766,0.9230465469716049
F01600,4,1.0,0.0,0.0,-0.5389008048393338,-0.1102439499367697,-0.3245723773880517,0.18536385825041185,0.4286568549025641
F01601,24,1.0,1.0,1.0,1.4430505331673833,1.97252996296004,1.7173283753637973,0.010990631166693441,0.5294794297926566
F01602,8,1.0,0.125,0.0,-0.990714659909729,-0.4480951396909834,-0.6932864794276914,0.11875740263142108,0.5426195202187456
F01604,20,1.0,1.0,1.0,1.0016536794492683,1.6087246520756249,1.3424503065617381,0.10263907741045036,0.6070709726263566
F01605,24,1.0,1.0,0.5,0.842076440557569,1.5505977474196266,1.1077824334555673,0.04204073026871309,0.7085213068620576
F01606,24,1.0,1.0,1.0,1.4772508391795949,2.150321651760596,1.7266581116473114,0.011869168116116647,0.6730708125810012
F01607,24,1.0,0.5,0.0,0.081381490854703,0.7544523034357036,0.4246796696711793,0.24293159777567386,0.6730708125810005
F01608,24,1.0,0.5,0.0,0.1267851842774583,0.837461585862281,0.5706780456029005,0.16081791101206094,0.7106764015848227
F01609,8,1.0,0.0,0.0,0.1326508037561618,0.5253940420368525,0.3477575991424506,0.07000025250985534,0.3927432382806907
F01612,12,1.0,1.0,0.5,0.7534469156417944,1.310992830637898,1.046196521690261,0.09398631134166598,0.5575459149961035
F01614,24,1.0,0.5,0.0,0.0151074404628118,0.6881782530438124,0.3332353762367613,0.1800160990609998,0.6730708125810007
F01615,24,1.0,1.0,0.5,0.5745889032575207,1.28820210957896,0.8428408458852092,0.12156691592792794,0.7136132063214393
F01616,12,0.5,0.0,0.0,-0.2998470483885944,0.2711834447380129,0.010887753011755291,0.058391909376134546,0.5710304931266073
F01620,20,1.0,0.7,0.0,0.2140869064669099,0.8715370718366726,0.6371745051377183,0.2739356240411757,0.6574501653697628
F01621,20,1.0,0.7,0.0,0.2662783152006276,0.8186760635469849,0.5957625371161845,0.1656560791088843,0.5523977483463572
F01622,24,0.5,0.75,0.0,-0.2962410818801423,0.398239309302997,-0.03755554682160339,0.13217912610048713,0.6944803911831393
F01623,20,0.5,0.5,0.0,-0.5449750724040163,0.0565611066934206,-0.17526195523228674,0.26012359780166094,0.601536179097437
F01624,16,0.5,0.0,0.0,-0.0509003511922395,0.3296723324000393,0.13510097455085285,0.09056201353778634,0.3805726835922788
F01625,20,1.0,0.5,0.0,-0.7138085107460526,-0.0327633218823913,-0.3043408886912109,0.3008168902800644,0.6810451888636613
F01627,24,0.5,0.5,0.0,-0.5066811388473803,0.1369787462995617,-0.19201943863951335,0.29150085312058027,0.643659885146942
F01630,8,1.0,0.5,0.0,0.2047108869829859,0.8399993948377482,0.4576210429411812,0.04547254879536928,0.6352885078547623
F01636,8,1.0,0.5,0.0,0.2728335532305689,0.6556526867241224,0.4590125861627178,0.07293541034556586,0.38281913349355345
F01648,24,1.0,1.0,1.0,-1.7589061930320562,-1.0412715840414462,-1.488643549069782,0.08750919415875545,0.71763460899061
F01649,24,0.25,0.5,0.0,-0.0177184617206092,0.6553523508603915,0.3920157413326586,0.31018051693709897,0.6730708125810007
F01650,24,0.25,0.25,0.0,-0.237673166283376,0.6059522885369457,0.27269422165981533,0.09170386084251406,0.8436254548203217
F01651,8,1.0,0.5,0.0,-0.6310734437843719,-0.2088975769385721,-0.44556704754946674,0.18475848618259325,0.4221758668457998
F01652,24,0.5,1.0,0.0,-0.43475825040923,0.2383125621717705,-0.0429145223892755,0.1526871505265796,0.6730708125810005
F01654,12,1.0,1.0,1.0,1.0884298153665348,1.6710053660642483,1.418717864243388,0.09618042494313914,0.5825755506977135
F01655,20,1.0,1.0,1.0,1.6874902777257634,2.553824147047062,2.1982374711687758,0.08360045048988639,0.8663338693212987
F01656,12,1.0,0.5,0.16666666666666666,-1.1059911714347748,-0.4456468596298881,-0.8576794700603629,0.1466064569200644,0.6603443118048866
F01657,20,1.0,1.0,1.0,-2.108377700452605,-1.421238098168446,-1.7774934290825468,0.012569123195656617,0.6871396022841592
F01658,24,1.0,0.75,0.25,-1.1352126197274193,-0.2393142072735018,-0.5987087529674295,0.2335300917923837,0.8958984124539174
F01659,24,0.5,0.25,0.0,-0.3687769331755864,0.4564101928840573,0.13237129038726608,0.1254014067788729,0.8251871260596437
F01660,24,1.0,0.5,0.0,0.015891544993572,0.8220525394169038,0.33041738167220713,0.18962628649276736,0.8061609944233318
F01663,8,1.0,0.25,0.0,-0.4789161349330408,-0.0583163509135207,-0.2393814722243942,0.18716716465641217,0.4205997840195201
F01664,8,1.0,1.0,0.5,-1.426541612680025,-0.7995049276095565,-1.0894727748074862,0.17943355748062956,0.6270366850704685
F01668,8,1.0,0.5,0.0,-0.5826574164950302,-0.1722807020600318,-0.3803542908573313,0.18111181427560782,0.41037671443499846
F01676,20,1.0,0.0,0.0,-0.5428724300114164,-0.0112043464827901,-0.2908831203379371,0.11456847377598227,0.5316680835286263
F01677,20,0.5,0.35,0.0,-0.0774488237629758,0.3880988302308248,0.16239946373672787,0.10770254917482168,0.4655476539938006
F01678,4,0.5,0.0,0.0,-0.095043799521137,0.2948195001106484,0.09988785029475569,0.04121276184361381,0.3898632996317854
F01679,24,1.0,1.0,0.75,0.8752030426812741,1.5482738552622746,1.278826693709815,0.03966282975204656,0.6730708125810004
F01681,8,0.5,0.0,0.0,-0.0798993480040396,0.4329893723421341,0.16527191855829598,0.1047763126259167,0.5128887203461737
F01684,24,0.5,0.5,0.0,-0.6079012351597248,0.0651695774212758,-0.1999350846852046,0.32167988020062377,0.6730708125810007
F01687,8,1.0,1.0,0.5,-1.5370781530079018,-0.7165438484186658,-1.0400937049516936,0.15058168915069867,0.820534304589236
F01688,8,1.0,1.0,0.5,-1.2023110668631514,-0.5971957689923814,-0.8868975583168279,0.18296152432652107,0.60511529787077
F01690,8,1.0,1.0,0.5,0.5372674546964509,1.0545448260009915,0.8050797240530341,0.10689944181851763,0.5172773713045407
F01691,24,1.0,1.0,0.5,0.5410432576150859,1.260272057150196,0.8121029968496102,0.08156757975633154,0.7192287995351101
F01692,20,1.0,1.0,1.0,-1.7830517349516954,-1.140153501392263,-1.4008773661790137,0.09708860617030429,0.6428982335594324
F01694,20,1.0,0.7,0.0,0.0919117254250538,0.7377053073014116,0.46809386410561094,0.22882390346271952,0.6457935818763578
F01698,24,1.0,1.0,0.0,0.2604387444813271,0.9466696727391748,0.5149995480772203,0.08265065904507539,0.6862309282578477
F01699,24,0.25,0.5,0.0,-0.0437273787828613,0.5963101126541082,0.3199813462868271,0.23246113087641043,0.6400374914369694
F01701,24,1.0,1.0,0.25,0.3798966278495021,1.0548855591749915,0.6288364329792162,0.10126587920742261,0.6749889313254893
F01703,24,1.0,1.0,0.5,-1.4466404986673418,-0.7735696860863412,-1.1791414974945895,0.18606217890262677,0.6730708125810005
F01704,24,0.5,0.5,0.0,-0.0366213472422852,0.6364494653387154,0.21505537422439674,0.23812990444598262,0.6730708125810005
F01705,24,0.5,0.5,0.0,-0.1289804131031547,0.6460626150496015,0.16998644044019265,0.16545597343426371,0.7750430281527562
F01708,24,0.5,0.5,0.0,-0.5611962665569517,0.1118745460240488,-0.1402105380718513,0.2463266292825291,0.6730708125810004
F01713,8,0.5,0.0,0.0,-0.225223063952619,0.1791696410739695,-0.013489418766586395,0.01862218122040532,0.40439270502658853
F01716,20,0.5,0.5,0.0,-0.1035531218705261,0.5373001429302092,0.23663167321800885,0.28275030093070974,0.6408532648007353
F01717,12,1.0,1.0,0.5,-1.3518386400505145,-0.7837307360845066,-1.0203596209433274,0.16064335783341804,0.5681079039660079
F01718,24,1.0,0.5,0.0,-0.8475796238304822,-0.1745088112494819,-0.46699500818794176,0.26678302134934023,0.6730708125810003
F01723,24,1.0,1.0,1.0,-3.742017798632093,-3.068946986051091,-3.3202186127110567,0.0038066899564797823,0.6730708125810021
F01726,24,0.5,0.5,0.0,-0.1315660973875209,0.4656438363678136,0.12044230146039975,0.07722123374132102,0.5972099337553345
F01728,8,1.0,0.5,0.0,0.212406813202154,0.5730820674315429,0.3881187235467668,0.09425638085910268,0.3606752542293889
F01729,24,0.5,1.0,0.0,-0.3107813049376762,0.3622895076433244,-0.0509151255519561,0.16807424288018094,0.6730708125810005
F01730,24,0.5,0.5,0.0,-0.4641932611163006,0.2088775514646998,-0.21420984031397755,0.3710522233557642,0.6730708125810004
F01731,24,0.75,0.5,0.0,-0.6199370136641909,0.0531337989168097,-0.2854565879223374,0.42163205163234113,0.6730708125810005
F01732,20,0.5,0.2,0.0,-0.2945198108043702,0.2271052268481693,-0.06881146360214235,0.124878616611426,0.5216250376525395
F01733,24,0.75,0.5,0.0,-0.5799102578186961,0.0443244271194398,-0.2557370701521536,0.32757213606178426,0.6242346849381359
F01735,20,1.0,0.5,0.0,0.1625449513480719,0.7685779503164726,0.5047759561622388,0.17530725713542666,0.6060329989684007
F01736,12,0.3333333333333333,0.0,0.0,-0.1470143427561426,0.4170909955154794,0.2029401880807951,0.07441885330934897,0.564105338271622
F01739,24,1.0,1.0,0.5,-1.599080504643094,-0.9257774614250284,-1.1738743225010306,0.14204997512062223,0.6733030432180657
F01741,8,1.0,1.0,1.0,-2.484037353755632,-1.8145161967783023,-2.1384401073523627,0.11896603077220919,0.6695211569773298
F01742,24,1.0,1.0,1.0,-2.204937511992164,-1.5318666994111634,-1.8917899439845678,0.004494579736850432,0.6730708125810005
F01743,24,0.5,0.75,0.0,-0.316676561782675,0.3563942507983255,0.017006853925654916,0.1501442089575554,0.6730708125810005
F01744,8,0.5,0.0,0.0,-0.1826213482243581,0.2417829305870389,0.006416464678758602,0.02701948754621688,0.424404278811397
F01747,24,0.5,0.5,0.0,-0.4150991179879746,0.2579716945930259,-0.013697218036584746,0.09825674522183636,0.6730708125810005
F01748,24,1.0,1.0,0.25,0.3722322230043893,1.04530303558539,0.6316819468664869,0.12198379949673811,0.6730708125810008
F01749,24,0.5,0.5,0.0,-0.1593777548208995,0.5716206525863126,0.1175667883496758,0.09353063855579591,0.730998407407212
F01750,24,0.75,0.5,0.0,-0.5940150524061865,0.0790557601748141,-0.2791839290961568,0.2937733455729036,0.6730708125810005
F01751,24,1.0,0.5,0.0,0.0015811308198972,0.6897273286765475,0.25709956921519167,0.2825729332942874,0.6881461978566503
F01753,24,1.0,1.0,0.25,0.2936644225753752,1.040675559015955,0.5786153302626342,0.06608219955484478,0.7470111364405799
F01754,16,1.0,1.0,1.0,1.109583910439734,1.493694333734069,1.2957568434881734,0.013093589959796889,0.38411042329433487
F01755,8,1.0,0.0,0.0,0.2305108251787223,0.4652587498002088,0.350325564755961,0.036860334786446756,0.23474792462148653
F01757,8,1.0,0.0,0.0,1.1276092897001442,1.4557698153626937,1.2875251800851015,0.025621976391598064,0.3281605256625495
F01758,20,1.0,1.0,1.0,1.282669633537609,2.032362888597731,1.6069855793332095,0.01834533258834433,0.7496932550601219
F01759,20,0.3,0.5,0.0,-0.0702486125910649,0.567025538246541,0.28874336028023206,0.17561398570157571,0.6372741508376059
F01760,16,1.0,1.0,0.5,0.8386234164408111,1.3013422205659662,1.06526749931936,0.059978435846631845,0.4627188041251551
F01761,12,1.0,1.0,0.0,0.5412957823600469,0.9268656118612212,0.7297968648348869,0.03254458247795737,0.38556982950117424
F01764,24,1.0,1.0,0.25,0.4662201356972711,1.127020337450818,0.7245822366130296,0.07084494547715622,0.660800201753547
F01765,24,1.0,1.0,0.5,0.5074648228131456,1.180535635394146,0.7966130775745504,0.07127263911722816,0.6730708125810004
F01766,24,1.0,1.0,0.25,0.4202333777837187,1.2122024965634652,0.7276632766405612,0.0839290549359753,0.7919691187797465
F01767,4,1.0,0.75,0.5,0.7693523469587217,1.060077781233516,0.9147150640961188,0.024433515733656826,0.29072543427479436
F01769,24,1.0,0.5,0.0,0.0581749541952819,0.5748484792939412,0.32572042488677094,0.1855848680953812,0.5166735250986594
F01771,24,0.25,0.5,0.0,-0.0915947999297389,0.6367423477858769,0.34642297074407025,0.23434469491055807,0.7283371477156158
F01772,8,1.0,1.0,0.5,0.7998751604302451,1.1914114760996308,0.9912197948738282,0.020223118837160686,0.39153631566938574
F01774,24,1.0,1.0,0.5,0.8006639506485206,1.6091424874511104,1.1163485585167847,0.014230176047533872,0.8084785368025899
F01778,8,1.0,0.0,0.0,0.3957165240105719,0.9140789952266334,0.6956864256411033,0.03586196178411195,0.5183624712160615
F01779,8,1.0,0.5,0.0,-0.9287619676196436,-0.3486083807863882,-0.6070654698018109,0.17802807665369236,0.5801535868332555
F01780,4,1.0,0.5,0.0,0.3039509791333682,0.5803749645291119,0.44216297183124004,0.035085605099563336,0.27642398539574364
F01781,24,1.0,0.75,0.0,0.1563583895102206,0.8868594884341412,0.43305427843915023,0.15101355090117077,0.7305010989239206
F01782,8,1.0,0.5,0.25,0.5203107551938433,1.1479796851010342,0.8234271932515297,0.07753422084643691,0.6276689299071909
F01784,24,1.0,0.5,0.25,-1.0088258955098284,-0.2148951070111064,-0.5233058407274367,0.2837411335268854,0.793930788498722
F01793,8,1.0,1.0,0.5,0.9254860199396554,1.23794487486258,1.0783520236179474,0.05383527510337671,0.3124588549229247
F01795,24,1.0,1.0,0.25,0.3897078938197702,1.0627787064007703,0.7232827875103316,0.11649667470623425,0.6730708125810001
F01805,8,1.0,0.5,0.0,-0.6654435259471688,-0.1512968856735667,-0.401798250751481,0.26261226678569916,0.5141466402736021
F01806,24,1.0,0.75,0.0,0.1603765524707338,0.8334473650517343,0.5214510728602383,0.2225590263021553,0.6730708125810005
F01809,24,0.5,1.0,0.0,-0.2739926187165565,0.399078193864444,0.039436581497732534,0.09061714406053151,0.6730708125810005
F01810,20,1.0,1.0,1.0,1.331380731652727,1.952708670285224,1.7190886669226386,0.021164244949111313,0.621327938632497
F01814,24,1.0,0.75,0.25,-2.0665260551463844,-1.0439036332117324,-1.4666601836460273,0.1487759220028344,1.022622421934652
F01816,24,0.25,0.5,0.0,-0.0104287217384184,0.5295795473987519,0.2506827145726537,0.20119626954947295,0.5400082691371703
F01817,20,1.0,0.5,0.0,0.0115707801492274,0.5474088517239213,0.3133679902257964,0.22403331514558053,0.5358380715746939
F01818,20,1.0,1.0,0.0,0.2300949491914871,0.6647539151117968,0.4548275376014064,0.16189914214999446,0.4346589659203097
F01823,12,1.0,1.0,1.0,-2.3828175415915718,-1.610592267092881,-1.9411748002188638,0.09202443872096046,0.7722252744986908
F01824,20,1.0,1.0,0.2,0.5102583364242952,1.0467917957199069,0.7943586937262741,0.09328943716049848,0.5365334592956117
F01825,20,1.0,0.95,0.5,0.5836803093850988,1.060478710426325,0.8550566753733344,0.05583457686478708,0.47679840104122606
F01826,20,0.5,0.25,0.0,-0.3749367732258167,0.2991099913982578,0.015559693673470848,0.08634563455964211,0.6740467646240744
F01828,16,1.0,0.5,0.0,-0.7158741357327143,-0.2134216022112357,-0.4597640830908396,0.2067607046210487,0.5024525335214786
F01832,20,0.5,0.0,0.0,-0.3987149674022386,0.1669381344832895,-0.1008123214515116,0.13166087258821074,0.5656531018855281
F01833,24,1.0,1.0,0.5,0.4516879095809405,1.1247587221619415,0.7948735217201757,0.13299770697893615,0.673070812581001
F01834,20,0.3,0.15,0.0,-0.1734852023586277,0.5262034376252953,0.2319684590560639,0.08327768588219402,0.699688639983923
F01836,8,1.0,0.0,0.0,0.0656272794395854,0.393032726041055,0.2293300027403202,0.10170726931012625,0.3274054466014696
F01837,8,0.5,0.0,0.0,-0.533580545131249,0.2290936374662486,-0.10224274531780715,0.10208935141210336,0.7626741825974976
F01838,24,1.0,1.0,0.5,0.5460921702243435,1.314896895910337,0.8419398725343097,0.03401794098139553,0.7688047256859936
F01840,8,1.0,0.0,0.0,-0.306188149795349,-0.0221296029430577,-0.1611930362142883,0.1721883844120842,0.28405854685229126
F01841,16,0.25,0.25,0.0,-0.0714479866793156,0.5862934883869844,0.3099438383871057,0.11157629972795048,0.6577414750663
F01844,8,1.0,1.0,0.0,0.6275815031620846,0.9920035412495404,0.8336235088211347,0.0458111981839976,0.36442203808745577
F01846,12,1.0,0.5,0.0,0.2212560950157248,0.5992320512085723,0.40363350157657474,0.11592396952131419,0.37797595619284746
F01848,8,1.0,0.25,0.0,0.0105687814446649,0.627901734861114,0.35067672125628246,0.15809186022213073,0.6173329534164491
F01851,24,1.0,1.0,0.25,0.4906783228504106,1.211903194160011,0.76273609797218,0.03348288974365723,0.7212248713096003
F01852,24,0.5,0.8333333333333334,0.0,-0.2994345551620279,0.3736362574189726,0.054456631082780746,0.057508265436849504,0.6730708125810005
F01853,20,1.0,0.5,0.0,0.0276036779179431,0.6881196975046804,0.28246584735986574,0.22029423080503827,0.6605160195867373
F01854,12,1.0,0.6666666666666666,0.0,-0.9161850172289332,-0.3732369616178846,-0.6852233503753047,0.22040083695953633,0.5429480556110486
F01856,16,1.0,1.0,0.0,-0.9797382074496224,-0.5328828494993912,-0.7511462027872852,0.17566942349855239,0.4468553579502311
F01860,20,1.0,0.5,0.0,0.1696885974922707,0.6910930500628223,0.3927889714156327,0.15066914035845044,0.5214044525705516
F01863,16,1.0,1.0,0.5,0.9182315499030836,1.3598837091610676,1.1418382398279592,0.017866608758383154,0.44165215925798396
F01865,20,1.0,1.0,0.3,0.4766863956716149,1.213340715441477,0.8037322132285013,0.1603794602670919,0.7366543197698621
F01866,8,1.0,1.0,1.0,-1.856542366614924,-1.112674386386966,-1.526493351023543,0.09749608341224034,0.743867980227958
F01867,24,1.0,1.0,0.25,-1.3109178838912332,-0.4391636416658311,-0.7864861022455014,0.22567998700338993,0.8717542422254021
F01868,24,1.0,0.75,0.25,-1.085205666310053,-0.259987226680266,-0.5840417859621286,0.26253778043394593,0.825218439629787
F01869,20,1.0,0.7,0.0,-0.8622887405013033,-0.2923996572322393,-0.6113023708348545,0.2979147023619627,0.569889083269064
F01871,8,1.0,0.0,0.0,-0.6909075457180494,-0.0322592650422206,-0.45228674286477977,0.09892477347817949,0.6586482806758287
F01872,4,1.0,1.0,0.0,0.6388121835053158,0.8032849282353467,0.7210485558703312,0.007803126557511597,0.16447274473003093
F01874,24,1.0,0.5416666666666666,0.0,-0.9735371884249986,-0.1654811076337324,-0.48095448749633485,0.27608008258594513,0.8080560807912662
F01876,4,1.0,1.0,0.5,-1.153019288084373,-0.6412493639208726,-0.8971343260026228,0.19256660334973205,0.5117699241635004
F01878,4,1.0,1.0,1.0,-2.0835419080352264,-1.333151027373327,-1.7083464677042768,0.17743132541830361,0.7503908806618995
F01879,20,1.0,1.0,0.5,-1.566528041778358,-0.6750181102314801,-1.0285770188941323,0.17655672638559838,0.891509931546878
F01880,8,0.75,0.0,0.0,-0.0357209540167199,0.3927530425081723,0.18370151748416044,0.059389575480857465,0.42847399652489215
F01882,8,1.0,0.25,0.0,-1.0620766495648426,-0.147020904670293,-0.5008602096104302,0.1851144830858879,0.9150557448945495
F01885,8,0.5,0.0,0.0,-0.0718671397567591,0.4028404251105937,0.15665467046115691,0.12424472701057014,0.47470756486735277
F01888,4,1.0,0.5,0.0,-1.0224245425680027,-0.337431908985329,-0.6799282257766659,0.2181090228935297,0.6849926335826737
F01892,24,1.0,1.0,0.75,0.9871303407745828,1.5762849683490152,1.2550324072149577,0.0029142335117901645,0.5891546275744324
F01893,24,0.25,0.5,0.0,-0.0834692857013871,0.5896015268796135,0.2526574604434477,0.2906260887266027,0.6730708125810007
F01894,24,0.5,0.5,0.0,-0.168602462274033,0.4655456573661831,0.2126081942576735,0.16447160447062803,0.6341481196402161
F01895,8,1.0,0.25,0.0,-1.1724692431521906,-0.3072066771777767,-0.6242712745319452,0.1609882294247472,0.8652625659744139
F01896,24,0.75,0.25,0.0,-0.2379740116283809,0.688936304729755,0.1369264860176564,0.13047415164535014,0.9269103163581358
F01897,24,1.0,1.0,0.5,0.6119414281518761,1.2926172007019785,0.8881427177153287,0.08138243973581849,0.6806757725501024
F01898,8,0.5,0.0,0.0,-0.1737822397414174,0.2892861780185289,0.03920807833695625,0.011267339322450557,0.46306841775994634
F01899,20,1.0,0.5,0.0,-0.6669759206130964,-0.0014942534061466,-0.2587691921071709,0.276142909984725,0.6654816672069498
F01900,20,1.0,0.8,0.3,-1.1804112675031666,-0.4213753258280073,-0.7286727777048841,0.2054989342990511,0.7590359416751593
F01901,8,1.0,1.0,0.0,0.4138273882269989,0.870656258465768,0.6656391075544767,0.11690582425648435,0.4568288702387691
F01905,20,1.0,1.0,0.5,0.6238460133957348,1.0757526744567136,0.864942130019849,0.06718082240710108,0.4519066610609789
F01906,24,0.5,0.75,0.0,-0.3983535782097679,0.2946674277229471,0.036711585289620235,0.09123612184569113,0.693021005932715
F01907,24,1.0,0.75,0.0,0.0300195947521263,0.7292507351477293,0.4681898254829586,0.3552969636172423,0.699231140395603
F01908,8,1.0,0.0,0.0,0.0312286261799459,0.2875112086716897,0.15675843589318292,0.05254829768263665,0.25628258249174385
F01909,16,1.0,0.5,0.0,0.1040879897044687,0.5829798413959372,0.3548779368904551,0.17833029406976575,0.4788918516914685
F01910,20,0.5,0.5,0.0,-0.1368964691389552,0.2995951702072155,0.07542132256005256,0.05219141554109221,0.4364916393461707
F01911,8,1.0,1.0,0.5,-1.2236743255662066,-0.7367771523351545,-0.9723095202712895,0.13637931953785834,0.4868971732310521
F01913,20,1.0,0.5,0.0,0.290513400962609,0.7711333217393144,0.5256029077030477,0.10130615350918064,0.48061992077670534
F01914,16,1.0,0.5,0.0,0.1378016967022951,0.620578356178401,0.3744747072563198,0.1589691394059488,0.4827766594761058
F01915,16,1.0,0.75,0.0,0.1626383708018076,0.6381538711005796,0.39357760083202575,0.1386862679634818,0.47551550029877204
F01916,20,1.0,0.5,0.0,0.0848617463117547,0.592524419096911,0.35145347975640334,0.24793453327990733,0.5076626727851563
F01917,24,1.0,0.75,0.0,0.206755959743367,0.8408848950609787,0.5569478280919131,0.2291041170458508,0.6341289353176117
F01919,8,0.5,0.0,0.0,-0.4095961523282566,0.2192834404541484,-0.11137351048597251,0.08755678394124701,0.628879592782405
F01920,8,1.0,0.75,0.0,0.5751494704548941,0.9926634118199592,0.754245288607613,0.02912518703960538,0.41751394136506514
F01922,24,1.0,0.75,0.0,0.1582957262011112,0.8620625163440617,0.5987337818056172,0.2833315498995215,0.7037667901429505
F01923,24,1.0,0.5,0.0,0.0469120318132676,0.719982844394268,0.3439870372547186,0.2710395675739406,0.6730708125810003
F01925,8,1.0,0.0,0.0,0.3600755297166148,0.8598941734980267,0.6243979450401562,0.05708874033206816,0.4998186437814119
F01927,24,0.75,0.5,0.0,-0.5585840400522075,0.1151144731181896,-0.3102894440000396,0.39286374364631427,0.6736985131703971
F01928,24,1.0,0.7916666666666666,0.0,-0.956373031928472,-0.2796422237053804,-0.5294529672838955,0.31599598911536,0.6767308082230916
F01929,8,1.0,0.5,0.0,0.2640608497569576,0.5103726126087255,0.38435186375343466,0.023821823189219913,0.24631176285176787
F01933,12,1.0,0.5,0.0,0.4765548639659613,0.9373595097816392,0.690310843513171,0.0849015266910903,0.46080464581567787
F01935,20,1.0,1.0,0.8,0.936419807692414,1.7252149917832442,1.267843267143674,0.06756174569200957,0.7887951840908303
F01937,8,0.5,0.0,0.0,-0.1030893883486415,0.2501607555464106,0.06896226941834419,0.04424443801749365,0.3532501438950521
F01939,16,0.5,0.0,0.0,-0.1779376058571571,0.2346412840699879,0.03293566905995014,0.04559519228543702,0.412578889927145
F01940,8,1.0,1.0,0.25,0.7158630643633367,1.0438026782688077,0.8503724739177615,0.019853225104350065,0.327939613905471
F01942,4,0.5,0.0,0.0,-0.2737871017963549,0.3617175058228892,0.043965202013267146,0.00953847679903362,0.6355046076192441
F01945,8,1.0,0.75,0.75,-1.3674277307292246,-0.8208643422325829,-1.087442463766205,0.1278179824899856,0.5465633884966418
F01947,24,0.75,0.5,0.0,-0.4996585435702154,0.2282027856896104,-0.19986447565190105,0.2276227926243364,0.7278613292598257
F01949,16,0.5,0.5,0.0,-0.4251077861105226,0.0292854305854395,-0.2011235940276828,0.27611817496658436,0.45439321669596205
F01950,8,1.0,0.0,0.0,0.050971400554841,0.4266859526303443,0.23297232055057443,0.07996794840340535,0.3757145520755033
F01952,24,1.0,1.0,0.25,0.3505570758215813,1.090793205425016,0.6321204800902681,0.09779991452905454,0.7402361296034348
F01953,12,1.0,1.0,0.5,0.6042788166374836,1.174022542136516,0.8828460377460443,0.0628810330683461,0.5697437254990324
F01954,24,1.0,1.0,0.25,0.382305711709447,1.0553765242904476,0.7055469365837833,0.151305273685234,0.6730708125810005
F01956,16,0.5,0.25,0.0,-0.3794829190408,0.1338446381967588,-0.11324289137616599,0.16072924380940926,0.5133275572375589
F01958,8,0.5,0.0,0.0,-0.3969243292224709,0.1299615964128709,-0.08063555384933799,0.1484634156206081,0.5268859256353418
F01959,20,1.0,1.0,1.0,-3.5919995327430367,-2.900020679269874,-3.199774832217292,0.01179629944906152,0.6919788534731626
F01962,24,1.0,0.5,0.25,0.2058284016136483,1.0693919977210244,0.5490555391343057,0.14643093167437807,0.8635635961073762
F01963,20,0.5,0.0,0.0,-0.3203448068184792,0.3275222353403036,0.017433446351746006,0.07544177348096952,0.6478670421587829
F01965,24,1.0,1.0,0.5,-1.248743608778619,-0.5756727961976184,-0.8918071304789259,0.15260687793529762,0.6730708125810007
F01966,24,1.0,1.0,0.5,-1.4204740311956694,-0.7474032186146692,-1.0324790815445497,0.19078455601745603,0.6730708125810002
F01968,8,1.0,0.0,0.0,0.2252167477867243,0.8526192810113886,0.5252763409360487,0.08270826524499365,0.6274025332246643
F01969,20,1.0,0.5,0.0,0.1145654892981513,0.6765486161202265,0.42721003211360575,0.23881447128219815,0.5619831268220752
F01970,20,1.0,1.0,0.5,0.636108138495526,1.0910812877149378,0.871547387798186,0.05517593956577431,0.4549731492194118
F01971,20,1.0,1.0,0.0,0.2292682710945469,0.8336080565694638,0.4998809681116744,0.10938672787117616,0.6043397854749168
F01972,20,0.5,0.5,0.0,-0.1639948141985719,0.3668107802802341,0.113776333256051,0.07947516410237127,0.530805594478806
F01973,8,1.0,0.875,0.75,0.9762996359482882,1.6818373913938112,1.279294674194202,0.08358734448822892,0.705537755445523
F01974,24,0.75,0.0,0.0,-0.6316293406021627,0.1664011449882863,-0.29515273900476635,0.12489107980454989,0.798030485590449
F01975,20,1.0,0.5,0.0,0.2114554868873523,0.9803080770700938,0.5103820028981232,0.10679048826452767,0.7688525901827415
F01977,20,0.8,0.0,0.0,-0.2716336174914985,0.7017510199975063,0.1331788701116716,0.06809115600563771,0.9733846374890048
F01978,20,1.0,0.5,0.0,0.155749702571682,0.65781651165904,0.4230358306521486,0.12495217446654515,0.502066809087358
F01979,20,0.6,0.0,0.0,-0.4370596261618114,0.6491384153084218,0.0520985104185042,0.09892313736476528,1.086198041470233
F01981,24,0.75,0.25,0.0,-0.122313631093225,0.9392137350995254,0.3198953914701193,0.08343488959357787,1.0615273661927505
F01982,20,1.0,1.0,0.5,0.6895413155540397,1.2744240944351066,0.9306763068635546,0.13786634983776433,0.5848827788810669
F01983,24,1.0,0.5,0.0,0.2214911942208949,0.8945620068018957,0.4816953748828296,0.1857990099838288,0.6730708125810008
F01985,20,0.8,0.3,0.0,-0.5362379841281109,0.1741474016391319,-0.12403361303027745,0.1608337420425468,0.7103853857672427
F01990,20,1.0,1.0,1.0,1.1397272566983456,1.7420798450696802,1.4517182935413777,0.0737694473987327,0.6023525883713345
F01991,24,1.0,1.0,0.25,0.3808600457550747,1.0539308583360756,0.7129967727482094,0.14390648068742173,0.6730708125810009
F01992,20,1.0,0.95,0.0,-0.999470200303031,-0.4582428480992084,-0.788088710833872,0.2071512852703861,0.5412273522038227
F02000,24,0.5,0.5,0.0,-0.298243290243434,0.3108221675450245,0.0072595547800703986,0.081467040829863,0.6090654577884584
F02001,24,1.0,0.5,0.0,-0.8773341210978904,-0.0233704971985265,-0.36179764861517794,0.2721422140000743,0.853963623899364
F02003,20,0.5,0.5,0.0,-0.3894206957306099,0.1934881454157353,-0.0640017324417006,0.16557113465741036,0.5829088411463452
F02004,8,1.0,0.5,0.0,-0.7292698838074669,-0.1758145309187899,-0.5070857848173589,0.21103809100467533,0.553455352888677
F02006,24,1.0,0.5,0.0,0.1023371278758992,0.7798215511104685,0.3525246789601532,0.23397428166069914,0.6774844232345693
F02007,24,0.5,0.5,0.0,-0.0751685015362524,0.6140133686913558,0.180867773044521,0.20974625530999552,0.6891818702276082
F02008,24,0.5,0.5,0.0,-0.1319584253823468,0.5411123871986537,0.22664634877153514,0.29640700356257316,0.6730708125810005
F02009,24,1.0,0.5,0.0,0.0208159641331105,0.6938867767141114,0.2919193725374337,0.2942937453229087,0.6730708125810009
F02012,24,1.0,1.0,0.25,-1.0108542924697954,-0.3377834798887948,-0.6330804955327244,0.31418410073952957,0.6730708125810005
F02013,24,0.5,0.5,0.0,-0.0728604981859693,0.4527886213802745,0.1781265464750479,0.18943415817509596,0.5256491195662438
F02014,12,1.0,0.6666666666666666,0.0,0.0993681595787673,0.6565668967459006,0.41744544787009225,0.23002951849995984,0.5571987371671333
F02015,8,0.5,0.0,0.0,-0.229883929036416,0.1295534964749479,-0.04492697984899175,0.047560983100655964,0.35943742551136393
F02016,24,1.0,1.0,0.75,-1.5839096662700716,-0.9108388536890708,-1.280980642283037,0.05369979744667803,0.6730708125810008
F02017,24,0.25,0.25,0.0,-0.1948083307786638,0.7691515933409784,0.37572629181418776,0.09739270808950634,0.9639599241196422
F02019,12,0.5,0.3333333333333333,0.0,-0.1330892602818284,0.4167991168270251,0.0729998719263369,0.09676313361177293,0.5498883771088535
F02020,16,1.0,1.0,0.5,0.6706952108878903,1.074768720725251,0.868454002629519,0.025706354517130225,0.4040735098373607
F02021,16,1.0,0.5,0.0,0.1424891349388769,0.5685294816675945,0.35390372569760997,0.13472630715329334,0.4260403467287176
F02024,24,1.0,1.0,0.5,-1.557375325838368,-0.7117776929999207,-1.0460218488861137,0.14792683365684897,0.8455976328384474
F02025,24,0.5,0.5,0.0,-0.4928104584072845,0.10005712271987,-0.18384825012736225,0.2207428640774804,0.5928675811271544
F02028,24,1.0,1.0,0.25,-1.159383542128741,-0.4863127295477403,-0.7342994061602959,0.24251815135412821,0.6730708125810008
F02029,24,1.0,1.0,0.5,-1.3497629382819714,-0.5303481272111873,-0.8515008722135489,0.2233834888288658,0.8194148110707841
F02030,20,1.0,0.8,0.3,-1.3554383798400078,-0.3753151639426869,-0.7712572954825392,0.21124914985285348,0.980123215897321
F02031,24,1.0,0.5,0.0,-0.9333755246040548,-0.1093872244855739,-0.6099360350778451,0.22604883112599575,0.8239883001184809
F02032,24,0.25,0.5,0.0,-0.007405834920722,0.6656649776602785,0.3785049540445039,0.3041907120344729,0.6730708125810005
F02037,24,0.25,0.5,0.0,-0.0116684547182495,0.5962611234612989,0.33856496074671427,0.38644475371923626,0.6079295781795484
F02039,24,1.0,0.5,0.0,0.0006307236412704,0.7586218299473755,0.29107161626129224,0.18387688180390235,0.7579911063061051
F02040,24,0.5,0.5,0.0,-0.4180602453024161,0.1539640110998274,-0.10237914355052756,0.24453889051240207,0.5720242564022435
F02043,24,1.0,1.0,0.5,-1.394905651451833,-0.5683278927348558,-0.8930621115603142,0.1758775586497732,0.8265777587169771
F02045,24,0.75,0.5,0.0,-0.0516528858676576,0.7274709677065728,0.24935438038642688,0.16459412195222622,0.7791238535742304
F02046,24,1.0,1.0,0.25,0.3286977538563338,1.0017685664373346,0.6164866098993821,0.13377028434966007,0.6730708125810008
F02047,24,0.5,0.5,0.0,-0.0486904624444071,0.6614173155754253,0.21780876603247845,0.24628537427170746,0.7101077780198324
F02048,24,1.0,1.0,0.5,0.4906739601130842,1.1637447726940846,0.7895958999075351,0.06889717203826726,0.6730708125810004
F02049,24,1.0,1.0,0.25,0.3452033700966497,1.0516038477033285,0.6098489483669584,0.07653665893511735,0.7064004776066788
F02051,8,0.5,0.0,0.0,-0.1016973897670969,0.2988159317199901,0.0730488404209951,0.04842562814450208,0.400513321487087
F02054,12,1.0,1.0,0.5,0.6886802011611323,1.1662558004876258,0.9705938450682274,0.06385516251670408,0.4775755993264935
F02057,20,0.3,0.5,0.0,-0.1076654443797908,0.62240676068571,0.34770691462222864,0.1751672836148231,0.7300722050655007
F02060,24,1.0,1.0,1.0,1.0077514047829426,1.6871386927895098,1.2588903882531952,0.04757686507130914,0.6793872880065672
F02061,24,1.0,0.5,0.0,0.0486583285938579,0.6198383258727361,0.3247101999332114,0.27705171265943185,0.5711799972788782
F02064,24,1.0,1.0,0.5,0.6654276365861076,1.3508969679875769,0.9361243023258268,0.022651715729977984,0.6854693314014693
F02065,24,1.0,1.0,0.75,0.9554980831882846,1.6264671719957242,1.2447140012168143,0.09326702935805055,0.6709690888074397
F02067,8,1.0,1.0,0.5,-1.2563789003468948,-0.7593458511493517,-1.0276767232412638,0.11927671147230084,0.4970330491975431
F02068,24,1.0,0.75,0.0,0.2575836395122916,0.9720070488535442,0.6789319408945165,0.2533801180266739,0.7144234093412526
F02069,24,1.0,0.75,0.0,0.2616212177098046,0.9683813201193946,0.7035559294476303,0.2571841533106641,0.70676010240959
F02070,24,1.0,1.0,1.0,-1.7264098828567105,-1.027258996283309,-1.2882797790369789,0.05819941820270045,0.6991508865734015
F02072,24,1.0,1.0,0.0,0.2041730362829371,0.9020596450264454,0.46456168012166055,0.22725700923183315,0.6978866087435083
F02074,20,1.0,0.5,0.0,0.0939449338984159,0.6548959768878392,0.3294426128618325,0.1684026076164344,0.5609510429894233
F02077,12,0.5,0.16666666666666666,0.0,-0.1539236732563231,0.3320392196953338,0.0792875655069146,0.044970093903940495,0.4859628929516569
F02078,24,1.0,1.0,0.5,0.6382933352230844,1.3091789722109677,0.9225153554588781,0.06984000134617653,0.6708856369878833
F02083,20,1.0,0.9,0.2,0.3447738842514877,1.0144311966620687,0.7739650564427054,0.2300974161536275,0.669657312410581
F02084,24,1.0,1.0,1.0,1.4502802111231057,2.0745148960612414,1.8136246898479134,0.003195345698718921,0.6242346849381357
F02086,20,1.0,1.0,0.5,0.5743239135980882,1.075893769990716,0.7926216607157679,0.06539459838086621,0.5015698563926279
F02087,8,0.5,0.0,0.0,-0.1830608999007859,0.2835881980812083,0.022637147908982358,0.017892227930165594,0.46664909798199417
F02088,20,0.5,0.5,0.0,-0.1664219977113534,0.4038078166931182,0.10653250104082271,0.054046120569828326,0.5702298144044716
F02089,20,0.8,0.5,0.0,-0.0317585491260307,0.6648992749297462,0.299172931454649,0.14407003780291552,0.6966578240557769
F02090,20,1.0,0.5,0.0,0.0784195639012625,0.592960446406397,0.37202224126919015,0.15505968477604462,0.5145408825051345
F02091,4,1.0,0.25,0.0,0.6061576319614259,0.978525341161356,0.7923414865613909,0.014969760307177653,0.3723677091999301
F02092,24,1.0,1.0,0.25,0.479260293450354,1.152331106031354,0.7430805234187231,0.014384496432125962,0.6730708125809999
F02093,24,1.0,1.0,0.5,0.7376412957174785,1.4447541500539935,1.0026430623527052,0.009447851075552079,0.707112854336515
F02094,24,1.0,1.0,1.0,1.2258870063914535,1.8548590862517864,1.4762364496100213,0.013933792289657767,0.6289720798603329
F02095,24,1.0,1.0,0.25,0.3190408926506468,1.0583503512154822,0.6001409614000337,0.04993609199048208,0.7393094585648354
F02096,24,1.0,1.0,0.0,0.2771904307514811,0.9804107093352314,0.5402459095103255,0.07872901253598044,0.7032202785837504
F02097,8,1.0,1.0,0.5,0.8077373530977513,1.169179038138623,0.9829491469693026,0.01728584038463494,0.3614416850408716
F02098,24,1.0,1.0,0.25,0.4820550073131877,1.157213203536435,0.7554975087132132,0.06155294646075711,0.6751581962232474
F02099,24,1.0,1.0,0.5,0.5469981902335567,1.3336782661522637,0.8517835676598792,0.02584769058095214,0.786680075918707
F02100,24,1.0,1.0,0.0,0.216490943128666,0.9774238227464463,0.5084027224045256,0.11480122322214915,0.7609328796177803
F02101,24,1.0,1.0,0.0,0.1868295627621815,0.8941107864081411,0.4519155140521308,0.17634890895589547,0.7072812236459596
F02102,20,1.0,1.0,0.5,0.4424812220457528,1.0372184990742592,0.7769686298785614,0.07820281402702622,0.5947372770285064
F02103,24,1.0,1.0,0.0,0.3050180591353052,0.978088871716306,0.5629339751480003,0.07527103515501896,0.6730708125810008
F02104,24,1.0,0.5,0.0,0.0213503760785974,0.6455850610167336,0.3346831546168258,0.34230863296023933,0.6242346849381363
F02105,24,1.0,1.0,0.5,0.6040533780054369,1.228288062943573,0.8980463751249208,0.06619586792511901,0.6242346849381362
F02106,24,1.0,1.0,0.25,0.3000850445461607,1.1414306517824222,0.6322031876312609,0.06695602696936205,0.8413456072362615
F02107,24,1.0,1.0,0.5,0.5460480963518125,1.3256064896256263,0.847272632455689,0.02216583669028414,0.7795583932738138
F02108,24,1.0,1.0,0.5,0.8029020741951066,1.5877287188337,1.1067607359813727,0.020952037368216974,0.7848266446385933
F02109,24,1.0,0.5,0.0,-0.7612409347742416,-0.0206364452954596,-0.30238402950181986,0.3185586329959682,0.740604489478782
F02110,24,1.0,1.0,0.5,0.5590454598105744,1.1990829512475438,0.8185146665611567,0.03028759261137755,0.6400374914369694
F02111,24,1.0,1.0,0.5,0.4571127424783479,1.081347427416484,0.7632000326297952,0.07125029067774,0.6242346849381362
F02112,20,1.0,0.5,0.0,0.0034799656697432,0.5381724516401781,0.2276678306726278,0.19783820166921867,0.534692485970435
F02113,8,1.0,0.0,0.0,-0.4105992198415664,-0.1772307986709188,-0.29104611397913355,0.12189801101705294,0.2333684211706476
F02114,16,1.0,0.625,0.0,0.3596150314684867,0.9483392889542812,0.6683843548338927,0.08710745614235922,0.5887242574857945
F02117,24,1.0,1.0,0.5,0.5639380824041034,1.2541889801875123,0.8205088707627772,0.029188784816886842,0.690250897783409
F02118,24,1.0,1.0,0.5,0.6934726712670878,1.317707356205224,0.974048063827406,0.0075641056626875635,0.6242346849381362
F02119,8,1.0,0.5,0.0,0.530215241479989,0.9074224011796006,0.7116624739027175,0.0974233046705668,0.3772071596996116
F02120,24,1.0,0.5,0.0,0.1375015518394468,0.8609266880581065,0.41065945941574594,0.20430685223947387,0.7234251362186597
F02121,24,0.5,0.5,0.0,-0.1718413803250258,0.5012294322559747,0.19407221559252935,0.17200272974316363,0.6730708125810005
F02122,24,0.5,0.5,0.0,-0.4281324108166194,0.244938401764381,-0.156912425887379,0.1739938905737328,0.6730708125810004
F02123,20,1.0,1.0,0.0,0.4140502297557492,0.9683395381579748,0.672582195033403,0.10488150681510078,0.5542893084022256
F02124,24,1.0,1.0,0.25,0.3892069372894864,1.197011875856067,0.7045547460397461,0.10060464372995503,0.8078049385665806
F02125,8,1.0,0.0,0.0,-0.4719672516726911,-0.032774413502798,-0.2468596409156314,0.11960029508644349,0.4391928381698931
F02127,24,1.0,1.0,1.0,1.3915656904249385,2.317388422609253,1.9430317170501268,0.11042695629002773,0.9258227321843147
F02129,24,1.0,0.5,0.0,0.0498944945703117,0.7229653071513121,0.33779204314454253,0.2637372178964212,0.6730708125810004
F02132,12,0.3333333333333333,0.16666666666666666,0.0,-0.0762853066121338,0.5759784926213017,0.268901424403423,0.10414211366884157,0.6522637992334356
F02133,8,1.0,0.25,0.0,0.037938798241121,0.4523050697857014,0.2273496188291008,0.14302033318327123,0.4143662715445804
F02135,8,1.0,1.0,0.0,0.4719762155692921,0.7904848837664935,0.6277208712591283,0.07166925955020918,0.3185086681972014
F02136,8,1.0,1.0,1.0,-3.650908223924533,-2.8978094248501445,-3.3459718718840925,0.043024427432879576,0.7530987990743885
F02138,24,1.0,0.75,0.0,0.0665716667283359,0.7396424793093365,0.47937419864875414,0.32674362345806557,0.6730708125810005
F02139,20,1.0,1.0,0.3,0.6187261129358358,1.1005109710598802,0.8023841152222919,0.06247540952174183,0.48178485812404437
F02140,16,1.0,0.25,0.0,0.0707920760841525,0.5386532736358082,0.3123215280285498,0.10267192559130087,0.46786119755165567
F02143,20,1.0,0.5,0.0,0.0411982881815152,0.5756966127623436,0.33381689557976446,0.27023029174610463,0.5344983245808285
F02145,8,0.5,0.0,0.0,-0.0707427579667654,0.2269351982332528,0.0763869118574152,0.06511272238788965,0.2976779562000182
F02147,20,1.0,1.0,0.5,0.5261210940104099,1.080410402412636,0.8388575148122044,0.05472599483185118,0.5542893084022261
F02148,4,1.0,0.25,0.0,0.1646630674768245,0.3246050116036335,0.244634039540229,0.06497968861928864,0.15994194412680898
F02149,24,1.0,0.75,0.0,0.0779886259252638,0.7022233108633998,0.42067110934955354,0.30003441830261507,0.624234684938136
F02150,8,1.0,1.0,0.0,0.546781923369109,0.926505704823633,0.7614061521109,0.03497201217301647,0.379723781454524
F02151,4,1.0,0.0,0.0,0.242177934841267,0.3854772211981367,0.31382757801970185,0.015429840588504946,0.1432992863568697
F02152,8,0.75,0.0,0.0,-0.0932728670625234,0.3428791285456659,0.0893513323798531,0.05890049283901138,0.4361519956081893
F02153,20,1.0,1.0,0.0,0.3812140303285545,0.9416961874292308,0.6209788329334718,0.12185059245355535,0.5604821571006763
F02156,24,0.5,0.75,0.0,-0.2732438511391921,0.3998269614418085,0.11750764143885375,0.10720547867854266,0.6730708125810005
F02157,8,1.0,1.0,0.0,0.3774354355846384,0.8006559761803901,0.5837300644027118,0.12926541977374661,0.4232205405957517
F02159,20,1.0,0.5,0.3,-1.0231707163440118,-0.2720273777050578,-0.5572627905552654,0.20511106986219876,0.751143338638954
F02160,20,1.0,0.5,0.0,-0.8450983610918251,-0.2221480316646097,-0.5385652832165149,0.20928419240553903,0.6229503294272154
F02162,24,0.75,0.5,0.0,-0.5758579802867755,0.2093553591577785,-0.2718059710975293,0.277605316624765,0.785213339444554
F02163,16,1.0,0.5,0.0,0.0427339248112382,0.5142503729487709,0.2732342418563364,0.23340757437500403,0.47151644813753263
F02164,20,1.0,1.0,0.0,0.3469748784047207,0.9361189811831137,0.6287251852161617,0.07595117819040213,0.589144102778393
F02165,8,1.0,1.0,1.0,1.1798488076758324,1.7160856788291186,1.4676963402292378,0.02387094733792979,0.5362368711532861
F02166,24,1.0,0.5416666666666666,0.0,-0.9629244832321836,-0.251305730215912,-0.5185604461910173,0.2733159797979614,0.7116187530162716
F02167,8,1.0,0.5,0.0,-1.1260384648038513,-0.4036651960203701,-0.6862716931551534,0.18188083652129122,0.7223732687834812
F02168,8,1.0,1.0,1.0,-2.7724358566081464,-2.346671653001811,-2.5595537548049787,0.07360952988431933,0.4257642036063354
F02170,24,1.0,0.5,0.0,0.0036554907035226,0.6767263032845231,0.2566165203567188,0.33905730223159897,0.6730708125810005
F02171,24,0.5,0.75,0.0,-0.4028381150722639,0.2702326975087367,-0.08828820222356148,0.14123772770254725,0.6730708125810005
F02172,20,1.0,1.0,0.0,-2.661427311919062,-1.514126616230539,-1.998375707028004,0.13048263956248998,1.147300695688523
F02173,24,0.25,0.5,0.0,-0.0524197842504063,0.5718149006877297,0.3188431257343649,0.17294585382774844,0.6242346849381359
F02177,20,0.7,0.2,0.0,-0.7779327282018141,0.1126760089035462,-0.4316638905952196,0.16172504694178044,0.8906087371053604
F02180,24,0.5,0.5,0.0,-0.3720310931394658,0.2522035917986703,-0.12278487112194146,0.16686434792041577,0.6242346849381362
F02181,20,0.5,0.5,0.0,-0.4514922681930498,0.0836929498225334,-0.21957464603349636,0.28702021077970297,0.5351852180155832
F02184,20,0.8,0.5,0.0,-0.0707826718211899,0.7595230357408439,0.254486465040288,0.19160600770046157,0.8303057075620338
F02185,12,1.0,0.5,0.0,0.2404742152759742,0.6738480254343153,0.45185548678760334,0.1956592487407645,0.4333738101583411
F02189,24,1.0,0.5416666666666666,0.25,-1.115672207092303,-0.2826052638663654,-0.6105840749463036,0.19332639929358383,0.8330669432259377
F02190,16,1.0,1.0,0.5,-1.267576333253544,-0.7815431034326621,-1.0054830601259135,0.14960352826101553,0.4860332298208818
F02191,24,1.0,1.0,0.5,-1.5743930865858058,-0.9013222740048048,-1.1653292040060341,0.09534761885730512,0.673070812581001
F02192,20,1.0,1.0,0.5,-1.2684189237083126,-0.6651640256112632,-0.9795635859025893,0.16250807956510605,0.6032548980970494
F02194,24,1.0,0.25,0.0,-1.0399804364621703,-0.1698215954748113,-0.5094235240895311,0.1629026282275935,0.8701588409873591
F02200,16,1.0,0.25,0.0,0.0089232207594467,0.4475215204066124,0.2223500510415164,0.13134413647164098,0.43859829964716573
F02205,24,1.0,1.0,1.0,-1.8257672684918929,-1.1526964559108923,-1.521845032370308,0.037360791881612766,0.6730708125810005
F02206,8,1.0,1.0,1.0,-2.988688676014124,-2.120960817768557,-2.6004805617012434,0.05367934214787521,0.867727858245567
F02210,8,0.75,0.5,0.0,-0.4766761535856058,0.0104240399567133,-0.2270356578814342,0.2258400416596416,0.4871001935423191
F02211,8,1.0,0.5,0.0,0.2482981554714289,0.6324580127219338,0.43574732817989176,0.05877363316917936,0.38415985725050494
F02213,24,1.0,1.0,1.0,1.9983241033341423,2.6713949159151427,2.315952794935572,0.013072058126453144,0.6730708125810003
F02214,24,1.0,0.5,0.0,0.0792044026683547,0.7522752152493555,0.3520301182272141,0.22415494121190155,0.6730708125810008
F02215,24,0.5,0.5,0.0,-0.0558012193033004,0.5911212585210304,0.1959419627254666,0.23670712523884102,0.6469224778243308
F02216,24,0.5,1.0,0.0,-0.2812977341389243,0.3078568934355082,-0.0038450507452736926,0.10250653675654911,0.5891546275744325
F02218,8,1.0,0.5,0.0,-0.942983851923878,-0.4686989223242596,-0.7012574400643299,0.14877850548986826,0.47428492959961843
F02219,20,1.0,1.0,0.0,-0.9772696782565408,-0.4484735153313406,-0.7076511431460266,0.25456981762658243,0.5287961629252002
F02221,20,1.0,1.0,0.7,1.14854271277488,2.009141403021973,1.6781960191363523,0.08302592848353081,0.8605986902470932
F02224,24,1.0,1.0,0.5,0.4601603213428475,1.1332311339238486,0.7846428654450187,0.11689302893852825,0.673070812581001
F02225,8,1.0,0.75,0.25,0.4658981083909003,1.1083267994052863,0.8414220035691562,0.11924983048207291,0.642428691014386
F02227,16,1.0,1.0,0.0,0.4001168207506841,0.8159284530064401,0.6008303261750951,0.1690763988578251,0.415811632255756
F02231,12,0.5,0.0,0.0,-0.0836969251622998,0.298231151850728,0.11339357034594727,0.061823710489145485,0.38192807701302783
F02232,24,1.0,0.5,0.0,-0.7653044042148607,-0.0922335916338599,-0.4637108100631909,0.27364312100000493,0.6730708125810008
F02233,16,1.0,1.0,0.0,0.3241629037100385,0.7180431081381378,0.5166810350885496,0.08767933630950306,0.3938802044280993
F02234,12,0.3333333333333333,0.08333333333333333,0.0,-0.0180245569879042,0.434339034215043,0.19088454435330962,0.12775605372525656,0.4523635912029472
F02235,24,1.0,0.5,0.0,0.1173924448459383,0.8399984014372945,0.39014076260858577,0.2365280666405262,0.7226059565913563
F02238,8,1.0,0.375,0.0,0.0573322471595395,0.4336311915193633,0.24113241796727145,0.12686173654311744,0.3762989443598238
F02239,20,1.0,1.0,0.3,-1.158981785081168,-0.4956692852252481,-0.7598141844003741,0.2114691510032545,0.6633124998559198
F02240,24,1.0,0.9583333333333334,0.0,-0.9633338522480184,-0.3390991673098821,-0.6003640133375538,0.2964526998239189,0.6242346849381363
F02241,20,1.0,0.5,0.0,-0.6950510578816393,-0.104606072245124,-0.4311059323667963,0.2559611521612493,0.5904449856365154
F02242,24,1.0,0.75,0.25,0.26676553575569,1.1936517877592252,0.6416540012244267,0.12915086004513668,0.9268862520035352
F02243,24,0.5,0.5,0.0,-0.0600440563125536,0.6467930122144039,0.20481981741789448,0.16897260589861685,0.7068370685269575
F02244,24,1.0,0.75,0.0,0.2495894299568169,0.9749364121314296,0.5237082605110922,0.1476019608665661,0.7253469821746127
F02248,24,1.0,1.0,0.0,-0.9930426176328208,-0.2532256125300728,-0.534579454548416,0.28324892643259647,0.739817005102748
F02251,20,1.0,0.5,0.0,0.1069003716130804,0.6699697340143572,0.3705122834177905,0.12917679078935854,0.5630693624012768
F02252,24,1.0,1.0,0.0,-0.9599877459943106,-0.3163278608473685,-0.5703391040811858,0.2434501049341137,0.6436598851469421
F02255,24,1.0,1.0,0.0,0.2839715096218301,0.9570423222028308,0.5840974507699541,0.16633544344676737,0.6730708125810008
F02256,24,0.5,0.875,0.0,-0.423405367982207,0.2496654445987934,-0.04858496088687925,0.15332364223728553,0.6730708125810004
F02257,24,1.0,1.0,0.0,0.2383209487909135,0.9897751868409802,0.5254934072829162,0.11846420708163087,0.7514542380500667
F02258,24,1.0,1.0,0.25,-1.246183729138299,-0.4984665636505279,-0.7837704858613828,0.2261737076141672,0.747717165487771
F02259,24,1.0,1.0,0.5,-1.2983677745500464,-0.5774460015822797,-0.8493522275331322,0.2052556667977509,0.7209217729677667
F02260,8,0.5,0.0,0.0,-0.3590107927200535,0.2309402428405881,-0.01833934495146524,0.04810302164005096,0.5899510355606415
F02261,24,1.0,1.0,1.0,-1.808829415440292,-1.0328280534436662,-1.3566921377303807,0.12328915813658628,0.7760013619966257
F02263,24,1.0,0.5,0.0,0.0516812415500645,0.8264049427620325,0.3504884316230179,0.18798801915177626,0.774723701211968
F02268,20,0.5,0.0,0.0,-0.3520939074690665,0.2297369289168367,0.0006700353980256535,0.07482730697743836,0.5818308363859032
F02269,24,1.0,1.0,1.0,-2.40176233320524,-1.148111371221366,-1.863491512746334,0.20803864192882918,1.253650961983874
F02270,24,0.5,0.5,0.0,-0.0925000104004084,0.4988135806923745,0.2050454182819999,0.1975563923786832,0.5913135910927829
F02271,8,0.5,0.0,0.0,-0.3834593699640936,0.0750451554484487,-0.17976025086438,0.18604033588518218,0.4585045254125423
F02272,24,0.5,0.5,0.0,-0.5071396571258447,0.0950715883953618,-0.2119379668988661,0.3085714782636505,0.6022112455212065
F02274,20,0.5,0.6,0.0,-0.1686547447617281,0.5295467390210226,0.12194506239406379,0.15414787559315615,0.6982014837827506
F02275,20,0.5,0.65,0.0,-0.1658585920987263,0.3223521051330865,0.0861994312101341,0.07209171126243949,0.48821069723181276
F02277,24,0.5,0.75,0.0,-0.2524698080245079,0.3550416597295791,-0.002657088303126595,0.10828999313497699,0.6075114677540869
F02278,20,1.0,0.5,0.0,0.0227964748841902,0.4972574389307973,0.2548065032595799,0.29307843397636046,0.47446096404660715
F02280,16,1.0,0.5,0.0,0.0357855171832681,0.4245226187017592,0.2267636917124051,0.13170567066785602,0.3887371015184911
F02281,24,0.5,0.5,0.0,-0.1199770909043749,0.4729451436560109,0.14097582296782984,0.10212116203300349,0.5929222345603858
F02282,16,0.5,0.0,0.0,-0.349538107755074,0.0595018121792455,-0.1402767447985381,0.1636099773967764,0.4090399199343195
F02284,8,0.75,0.0,0.0,-0.0033910749935983,0.3977517833153428,0.20370060839324716,0.11551414228540884,0.4011428583089411
F02285,16,0.5,0.0,0.0,-0.1992688868237362,0.2629341165178239,0.05556952085304209,0.037108650523587944,0.46220300334156006
F02286,8,1.0,1.0,0.5,0.8830293757557579,1.1621149650318867,1.0196143843066692,0.04381047367081968,0.2790855892761288
F02287,16,1.0,0.625,0.0,0.2011571297382926,0.6147251237213297,0.40100219746983423,0.17305609914287085,0.4135679939830371
F02288,16,1.0,1.0,0.0,0.3472503030806057,0.7945815379626897,0.5635756783457964,0.10223328135135783,0.447331234882084
F02289,8,0.5,0.5,0.0,-0.00390710408363,0.4046306979927885,0.19434216108669747,0.23459662123826724,0.4085378020764185
F02290,16,1.0,1.0,0.0,0.5165176761934933,0.921222830646604,0.7123101745720202,0.028437396093881476,0.4047051544531107
F02291,12,1.0,0.6666666666666666,0.3333333333333333,0.4009850742421797,1.103066770430334,0.7114886700815561,0.0511890853943019,0.7020816961881544
F02292,4,1.0,0.0,0.0,0.1280263835647563,0.3988213671638528,0.26342387536430456,0.07834721105795406,0.2707949835990965
F02293,8,1.0,0.5,0.0,0.4148256352478016,0.7927381969270206,0.5983098682359169,0.08962546443080806,0.37791256167921905
F02298,24,0.75,0.25,0.0,-0.1718586150431378,0.7062534494536075,0.17864275667220395,0.12951353536751004,0.8781120644967453
F02299,20,0.8,0.3,0.0,-0.7411705314481631,0.0509598980124119,-0.25476906024860635,0.1949087683083913,0.792130429460575
F02301,24,0.5,0.25,0.0,-0.1865644401944091,0.5703207664061235,0.11984016314484208,0.10509119776127043,0.7568852066005326
F02302,24,1.0,1.0,0.25,-1.1291098758563725,-0.4421934005835135,-0.7424339977003249,0.19742882061401332,0.6869164752728589
F02303,24,1.0,0.5,0.0,-0.9811351344450834,-0.3080643218640824,-0.5699730178279031,0.2139061485370845,0.673070812581001
F02304,16,0.5,0.0,0.0,-0.5357556381181204,0.2530043544623359,-0.06744126284831752,0.08588879474156906,0.7887599925804563
F02305,24,0.75,0.25,0.0,-0.6851990185876025,0.0899836718889549,-0.20905301281629304,0.18231503390093687,0.7751826904765573
F02307,8,1.0,0.5,0.0,0.5399369190940062,0.9848110096205313,0.7564067612492211,0.06943679911665399,0.44487409052652505
F02308,12,0.3333333333333333,0.0,0.0,-0.443457950891824,0.5498840292314812,0.17600943818144335,0.08616462747770129,0.9933419801233052
F02311,20,1.0,0.5,0.0,-0.8082726894994289,-0.1472562052686125,-0.3953891399026531,0.20521691559352184,0.6610164842308164
F02313,24,1.0,1.0,1.0,-3.356393677987382,-2.2035251161369054,-2.691404736529113,0.10934879830627327,1.1528685618504766
F02314,20,1.0,0.6,0.3,-2.161587905544748,-1.0337609312025955,-1.5142856655552612,0.12416627363646486,1.1278269743421525
F02315,24,1.0,1.0,0.5,0.9349953385043992,1.65736026215466,1.2076231397964992,0.08708635434382335,0.7223649236502607
F02321,20,0.5,0.5,0.0,-0.4819924234853551,0.0914507703454525,-0.22529052846708,0.3068919137046617,0.5734431938308076
F02322,20,1.0,1.0,0.0,0.5180155235200175,0.9962705798089548,0.7695114018797059,0.06614617162345934,0.4782550562889374
F02323,24,1.0,0.625,0.0,-0.8102138852130245,-0.1371430726320238,-0.446518300209767,0.3297644311620807,0.6730708125810008
F02324,20,0.5,0.05,0.0,-0.3441373960256357,0.316901820831395,0.05532724002589065,0.0875891093898269,0.6610392168570307
F02325,20,1.0,1.0,0.5,-1.1383268210087087,-0.5343193028302528,-0.8262894612199981,0.2493880373312544,0.604007518178456
F02327,24,0.5,0.0,0.0,-0.3645891912609131,0.3290508039417639,-0.09086034655637042,0.08402469457427884,0.693639995202677
F02328,20,0.5,0.0,0.0,-0.3839976770018975,0.1883763198952874,-0.0464431547309226,0.0915543246541542,0.5723739968971849
F02330,24,1.0,0.75,0.0,0.1623156411989031,0.8353864537799037,0.5097995391484429,0.18190177607102778,0.6730708125810007
F02331,4,1.0,0.0,0.0,0.1005760227926133,0.3278873780899444,0.21423170044127884,0.06947712304316454,0.2273113552973311
F02332,8,1.0,1.0,0.0,-0.9334613659525464,-0.5151135478707517,-0.717612351143063,0.19997785693278392,0.41834781808179466
F02333,12,0.5,0.0,0.0,-0.3277830276293387,0.2541149856896258,0.034778302086669155,0.06009494627158926,0.5818980133189645
F02334,24,1.0,1.0,0.5,-1.1860959218411562,-0.5130251092601557,-0.7692581416898432,0.2448156065833554,0.6730708125810005
F02342,4,1.0,0.25,0.25,0.6437716192524301,1.3122562524813728,0.9780139358669014,0.07319124638530901,0.6684846332289427
F02347,20,1.0,1.0,0.2,0.477578337296414,1.0277643120228808,0.7643260619301863,0.07371393879645992,0.5501859747264668
F02353,12,1.0,1.0,0.5,0.6818484329621655,1.1186534247338216,0.8954195916603117,0.08024313590492849,0.4368049917716561
F02357,12,1.0,1.0,0.5,0.8072855729309428,1.2060253650152415,1.0017880237056007,0.0442907539391677,0.39873979208429866
F02358,24,1.0,1.0,0.5,0.6345286330507813,1.2776256354003217,0.9892859498115207,0.13182017370812887,0.6430970023495404
F02360,8,1.0,0.5,0.0,0.1981705680540934,0.4477361487883324,0.3200858648331417,0.07738023349780176,0.249565580734239
F02361,20,0.5,0.5,0.0,-0.0770310641443321,0.4321685548261192,0.14102490673444795,0.15297634693835813,0.5091996189704513
F02362,20,1.0,0.5,0.0,0.3058421450366133,0.7832358602533926,0.533010647042957,0.0944627071740647,0.47739371521677937
F02369,8,1.0,0.5,0.0,0.4464714354817875,0.9064695309582278,0.6833287508198786,0.08004333971053967,0.45999809547644027
F02371,24,0.5,1.0,0.0,-0.2399489654068459,0.4331218471741546,0.055024836776252514,0.09424706272900435,0.6730708125810005
F02372,24,0.5,0.5,0.0,-0.1327968858861025,0.540273926694898,0.12078389921054686,0.08667365036020068,0.6730708125810005
F02374,24,0.5,0.25,0.0,-0.2595458770816286,0.6248970760108133,0.0941209389315616,0.10446037598888475,0.8844429530924419
F02381,24,0.5,0.0,0.0,-0.3040591683859968,0.4349519118431573,0.0013097750169817485,0.06466907616871491,0.7390110802291541
F02382,24,1.0,1.0,0.0,0.2805985100219458,0.9869562034196138,0.545222696187749,0.08444258351165226,0.706357693397668
F02383,8,1.0,1.0,1.0,1.7586554081043375,2.0823288380459912,1.9204921230751641,0.044404023651102666,0.3236734299416537
F02384,24,0.25,0.5,0.0,-0.1527125727762629,0.6081739911559059,0.31628536972285215,0.1501813799411506,0.7608865639321688
F02385,20,0.5,0.3,0.0,-0.6490629796232957,0.086273409778358,-0.19105852845319965,0.1724144600704922,0.7353363894016537
F02386,20,1.0,1.0,1.0,-2.098629100153344,-1.336607249130345,-1.62662118636042,0.12719705554635505,0.7620218510229992
F02388,24,1.0,1.0,0.75,-1.8197384830299428,-1.045668625426248,-1.3441488936950647,0.159666335396877,0.7740698576036948
F02390,16,0.5,0.0,0.0,-0.3724042224551688,0.1435819782503747,-0.10229665008064515,0.08419819242582494,0.5159862007055435
F02395,8,1.0,0.75,0.5,1.4467846788171062,2.1257524168753417,1.8443220816358123,0.022740763941629633,0.6789677380582355
F02400,4,1.0,0.25,0.0,0.6368126600018261,1.049882149590371,0.8433474047960985,0.027445874299713003,0.41306948958854484
F02401,8,0.5,0.0,0.0,-0.076259729851833,0.2195474435805776,0.06801754297176504,0.04251744247091719,0.2958071734324106
F02403,12,0.5,0.0,0.0,-0.1156498037019705,0.2372045526402028,0.06478635652850735,0.05007678426845881,0.3528543563421733
F02407,20,0.3,0.5,0.0,-0.055431855186757,0.6875426857576924,0.41281327263016626,0.33125634006084587,0.7429745409444494
F02413,20,0.5,0.0,0.0,-0.3500828742052781,0.5638264448504982,0.03907905424982536,0.04793811267223588,0.9139093190557763
F02417,4,1.0,0.5,0.0,0.2765015372126296,0.9982664833369638,0.6373840102747967,0.19344008184447026,0.7217649461243342
F02418,20,1.0,1.0,0.5,-1.0894707593789148,-0.4189845004646875,-0.8286769675953166,0.26922282647199125,0.6704862589142273
F02419,12,1.0,0.5,0.0,-0.5382780335447029,-0.0549220036475728,-0.3135068092383669,0.27356722625566027,0.4833560298971301
F02422,16,1.0,1.0,0.5,-1.12547558836911,-0.43580665488306,-0.7712588801093239,0.2033755956986991,0.6896689334860502
F02425,24,0.5,0.5,0.0,-0.0158982465466098,0.6713188657177614,0.23915564905254505,0.19844843145264648,0.6872171122643712
F02426,8,0.5,0.0,0.0,-0.276744010115062,0.3520121534406938,0.057853390068423494,0.048516636844256646,0.6287561635557558
F02427,24,0.75,0.5,0.0,-0.5685518697466092,0.1234184816690802,-0.31112135457179513,0.3611918788723608,0.6919703514156894
F02428,8,1.0,0.5,0.0,-0.9940057777672232,-0.365842649112559,-0.6068344264050116,0.19879632884324783,0.6281631286546643
F02430,20,1.0,1.0,0.5,0.94103189919783,1.4258319132581403,1.197404089821755,0.05680696513389656,0.48480001406031026
F02431,8,1.0,1.0,0.75,0.9794343894148648,1.48874752414007,1.2281856990741564,0.05871628255495188,0.5093131347252052
F02432,20,1.0,1.0,0.3,-1.1930595085184708,-0.4193713443983469,-0.7158791699891394,0.21676828738633303,0.7736881641201239
F02433,24,1.0,1.0,0.5,0.59090384442433,1.445168016592432,1.1065905910414118,0.17974764776468596,0.8542641721681021
F02435,20,1.0,1.0,0.5,-1.3921991775891065,-0.710418345717654,-1.0644130813780062,0.11759589224479947,0.6817808318714524
F02437,24,0.25,0.08333333333333333,0.0,-0.271368897366782,0.6515659527289419,0.27865318821411056,0.07082619513813335,0.922934850095724
F02438,24,1.0,0.5,0.25,0.1270289727664951,1.0917517186588956,0.6979450062457259,0.138522244814194,0.9647227458924006
F02439,8,0.75,0.0,0.0,-0.6071160931229018,0.3573503119676987,-0.040892304311853596,0.12686618587920295,0.9644664050906004
F02442,12,1.0,1.0,0.5,-1.2881339845893194,-0.7282701217759363,-1.0020581406174385,0.18965440569182423,0.5598638628133831
F02444,24,1.0,0.5,0.25,0.1616365806637704,1.1185449584718554,0.7286454301008437,0.14079788406648627,0.956908377808085
F02446,20,1.0,0.3,0.0,-1.031778283408971,-0.525644637158593,-0.7553153661325314,0.12478337282837461,0.506133646250378
F02448,24,1.0,0.75,0.25,-1.0599993406564687,-0.2612043432175159,-0.5720471814039616,0.26276831471193424,0.7987949974389528
F02450,8,1.0,0.0,0.0,0.0587279543714034,0.4666402694662964,0.2862335972882037,0.06074500129944867,0.407912315094893
F02452,24,1.0,1.0,1.0,-2.9733219476686217,-2.028490923299568,-2.4123517749510643,0.11457874654329449,0.9448310243690536
F02453,24,1.0,1.0,0.5,0.7463736857994597,1.3348724300647783,1.0535189057937617,0.11999966491851166,0.5884987442653186
F02454,20,1.0,0.8,0.0,-1.3274302393328492,-0.3514406012407471,-0.7475151118988832,0.19528804787372045,0.975989638092102
F02456,20,1.0,0.8,0.3,-1.0580491756236314,-0.2522029163259013,-0.5604207967687108,0.22451317137165905,0.8058462592977301
F02460,20,0.8,0.3,0.0,-0.9889164959046892,0.0189081792716595,-0.40753739245666765,0.17212871248518025,1.0078246751763487
F02461,24,1.0,1.0,0.0,-0.9850371048061868,-0.2932615471782567,-0.5505946654591911,0.32280089613519153,0.6917755576279301
F02463,12,1.0,1.0,1.0,1.9272166970803413,2.5941643902622915,2.27555553211913,0.034879542709437154,0.6669476931819502
F02464,16,1.0,1.0,0.5,0.9559288688206528,1.4022483141750033,1.1718931915212754,0.03802223935026798,0.44631944535435053
F02466,20,1.0,0.7,0.0,0.0951971730608371,0.7267842425339317,0.46992672650028233,0.2503271568744106,0.6315870694730946
F02467,24,0.5,0.5,0.0,-0.4805911296160852,0.1924796829649153,-0.08469841493226185,0.1717194551253813,0.6730708125810005
F02468,24,0.5,0.25,0.0,-0.2132355477425838,0.4598352648384168,0.13322149959046525,0.07754260462332396,0.6730708125810005
F02469,24,0.5,0.5,0.0,-0.6135888766494924,0.0839534425719124,-0.17626305650575932,0.3257662616651732,0.6975423192214047
F02470,24,1.0,0.5,0.0,0.043471306513523,0.7244722517805102,0.2954171186139859,0.2345822510148575,0.6810009452669872
F02471,20,1.0,0.7,0.0,0.284164663610533,0.8820998853841163,0.5378091539780823,0.17586500934524021,0.5979352217735834
F02472,8,1.0,0.875,0.5,0.7076374924511243,1.195362843766294,0.9454828692392008,0.09877144129060807,0.4877253513151697
F02473,20,0.5,0.5,0.0,-0.3126328951664777,0.1676657648116998,-0.08196352271924784,0.22629339693299877,0.4802986599781775
F02474,24,1.0,1.0,1.0,1.6449008458434993,2.253966303631958,1.9822929744484261,0.0020562309985834746,0.6090654577884587
F02475,16,1.0,1.0,0.0,0.5010965656943291,0.9829816900165896,0.7330022400995347,0.11406994551592613,0.4818851243222605
F02476,20,0.5,0.0,0.0,-0.1422080357705285,0.342550347172853,0.05979402086522061,0.019522215855630163,0.48475838294338147
F02477,20,0.8,0.0,0.0,-0.649784455815384,0.0613830227159476,-0.21802945590495915,0.11662061861462984,0.7111674785313317
F02478,24,0.75,0.5,0.0,-0.0395956978498599,0.7151663090755763,0.2492306450798275,0.21569252993941504,0.7547620069254363
F02479,24,1.0,1.0,0.5,0.5512470104022281,1.2243178229832286,0.9418018513655656,0.14762809116344294,0.6730708125810004
F02480,24,1.0,1.0,0.5,0.8159305006718138,1.6249248244990036,1.1318730020523782,0.02607720285656499,0.8089943238271897
F02481,24,1.0,0.875,0.5,-2.167006633592492,-1.055983436686054,-1.522940374606242,0.1498812308606075,1.111023196906438
F02482,24,0.5,0.75,0.0,-0.3995660362961137,0.3108985149034226,0.044220899836685146,0.07586783840511464,0.7104645511995362
F02483,24,0.5,0.5,0.0,-0.2839613207329181,0.3891094918480825,0.13468714671249316,0.15903274090421807,0.6730708125810005
F02489,12,0.5,0.0,0.0,-0.3714535522070036,0.1335187615255005,-0.12560867879433363,0.11619476455752142,0.5049723137325041
F02491,12,1.0,1.0,0.3333333333333333,0.5940483597304065,1.0598661528538085,0.7810745076862303,0.10460463749388553,0.465817793123402
F02497,20,1.0,0.5,0.0,-0.8779351771067813,-0.0846875498201293,-0.40594827730878075,0.21660043745683605,0.793247627286652
F02498,12,1.0,1.0,0.5,0.7481882935904346,1.1413407693512718,0.9242199879298155,0.02623596103037183,0.39315247576083723
F02499,24,0.25,0.5,0.0,-0.0005897276334815,0.8941435721598252,0.5353315827962024,0.16896001261033275,0.8947332997933067
F02501,20,0.5,0.5,0.0,-0.5919870393555445,0.0451993367489773,-0.2059143790640892,0.22785112458789697,0.6371863761045218
F02502,8,1.0,0.5,0.0,0.0625927513815097,0.5559532741437662,0.285499755279608,0.14025385260847362,0.49336052276225645
F02507,8,0.25,0.0,0.0,-0.0177196918441336,0.4872768866976169,0.2605427604384911,0.09762710577989803,0.5049965785417505
F02509,24,0.5,0.5,0.0,-0.1971565247492913,0.5063038568468021,0.06601900551572479,0.06226396947361837,0.7034603815960934
F02510,16,0.5,0.0,0.0,-0.1794198056340451,0.2999445304640809,0.03826805987018325,0.03440174151289948,0.479364336098126
F02512,8,1.0,0.25,0.0,-0.7520067499548182,-0.2991564105173166,-0.5593226390160434,0.15495104186810973,0.4528503394375016
F02518,20,0.5,0.3,0.0,-0.5551143393916376,0.0863237252192614,-0.1670233774127515,0.19918169072835382,0.641438064610899
F02521,16,1.0,1.0,1.0,1.0438323578328172,1.666428720767768,1.317088931975904,0.07429433074074908,0.6225963629349507
F02526,16,0.5,0.0,0.0,-0.2698353031321807,0.2037035843716698,-0.03415911241116647,0.08247426464147586,0.4735388875038505
F02528,8,1.0,1.0,0.25,0.6751538439263942,1.0273805327766965,0.8471701433462124,0.02832541885279769,0.3522266888503023
F02531,20,1.0,1.0,1.0,-3.3676162139125325,-2.650023847620624,-2.9141079318890726,0.009362537278646138,0.7175923662919086
F02533,24,1.0,1.0,1.0,1.8187145097287047,2.491785322309706,2.1226887173265894,0.0021692591568476852,0.6730708125810014
F02538,24,0.25,0.5,0.0,-0.1975268776885258,0.6303302587352598,0.30495635105639773,0.14193342342509915,0.8278571364237857
F02539,24,0.5,0.5,0.0,-0.1592121419561701,0.4829316553523607,0.21719372199873974,0.12497312876997235,0.6421437973085308
F02540,20,0.3,0.5,0.0,-0.0909174677706201,0.6667411224083487,0.38227434330479143,0.16764680490152728,0.7576585901789687
F02541,16,1.0,1.0,0.0,0.3306083810242826,0.7678317628117948,0.5658464073028143,0.1990500662228358,0.4372233817875122
F02542,24,1.0,1.0,0.5,0.5530740909764965,1.2261449035574972,0.8431177326447556,0.05982822456541378,0.6730708125810007
F02543,24,1.0,1.0,0.0,0.2805779054719484,0.8359889550420854,0.5366700470036032,0.1540005542724242,0.555411049570137
F02544,20,1.0,0.5,0.2,-1.030041062380782,-0.3963742524367065,-0.7517276348988657,0.25367008179204026,0.6336668099440756
F02546,24,1.0,1.0,0.25,-1.293256562085987,-0.450119024472692,-0.8075511965677411,0.21130956695111983,0.843137537613295
F02549,24,1.0,0.5,0.0,0.00880986069845,0.6178753184869087,0.34467112110505493,0.22300548520363428,0.6090654577884587
F02555,24,1.0,1.0,0.5,0.3812871005962064,1.1482521242409185,0.8289062091301611,0.24324577892767357,0.7669650236447121
F02556,4,1.0,0.0,0.0,-0.6946345668395394,-0.2624845955060531,-0.47855958117279623,0.15354879144064545,0.4321499713334863
F02558,8,0.5,0.0,0.0,-0.0576579553762009,0.2514228000502688,0.09284265631353075,0.03633339286112616,0.3090807554264697
F02560,24,1.0,1.0,0.5,-1.405993497557483,-0.7738562572573571,-1.0257882806958216,0.05301027766972729,0.632137240300126
F02561,8,1.0,1.0,0.0,0.5043607611256911,0.9879193669417689,0.7677525771508206,0.06534294523205833,0.4835586058160778
F02564,24,1.0,1.0,0.25,0.4632930444605636,1.1935032183548286,0.7398434708746651,0.05546069977035984,0.730210173894265
F02565,24,1.0,1.0,0.5,0.4805468767011919,1.1523194706509965,0.8805697703876926,0.14467090804566632,0.6717725939498046
F02566,24,1.0,0.75,0.25,0.2911045343936529,1.016641166978814,0.5653181901532025,0.15435682609776513,0.7255366325851611
F02567,24,0.5,0.25,0.0,-0.2051832087162537,0.4678876038647469,0.09674695669250741,0.07021504672321643,0.6730708125810007
F02571,20,0.5,0.5,0.0,-0.1950753384268408,0.4614747943223626,0.2186540504577688,0.11670518818594765,0.6565501327492034
F02577,20,1.0,0.5,0.0,0.1235686428679638,0.6138599696854813,0.35367015000902735,0.12336013312571797,0.49029132681751747
F02579,8,1.0,1.0,0.5,-1.1593883545056336,-0.6719156103629539,-0.9401402093675524,0.18494875040918932,0.4874727441426797
F02580,24,0.5,0.75,0.0,-0.3349351831363155,0.4119899545487644,-0.0335106142547906,0.1747308046155012,0.7469251376850798
F02582,20,1.0,0.5,0.0,-0.7452389530575375,-0.1191385668494851,-0.4133470103919687,0.29406444727703607,0.6261003862080524
F02583,8,1.0,1.0,0.5,0.7769531730167719,1.175412384983949,0.9654473077482473,0.041778574716789994,0.39845921196717715
F02584,8,1.0,0.0,0.0,-0.2828052844623085,-0.0191828323632322,-0.1524204523899117,0.10305461237832823,0.2636224520990763
F02586,12,1.0,1.0,1.0,1.641185068498224,2.188697148499763,1.93658104421382,0.04221018792926851,0.547512080001539
F02587,8,1.0,0.25,0.0,-0.7735624031668087,-0.2275691519581908,-0.4745212854517311,0.1621115121450841,0.5459932512086179
F02591,8,1.0,0.125,0.0,-0.7850708752490982,-0.3729399823784902,-0.5450750775697969,0.12695903932258415,0.41213089287060806
F02594,16,1.0,0.0,0.0,-0.4195723434561451,-0.0305992608139046,-0.22070549220332494,0.1116880235482772,0.3889730826422405
F02595,24,1.0,1.0,0.25,0.4470691407262854,1.1201399533072862,0.7442112512780514,0.09749938067089103,0.6730708125810008
F02598,24,1.0,0.7083333333333334,0.0,-0.9703892619596536,-0.2068303210990131,-0.5000551309963027,0.2847423439486855,0.7635589408606405
F02600,24,1.0,0.5,0.0,0.1356655331655512,0.7403621540921739,0.4898765810758974,0.24126034056964787,0.6046966209266227
F02601,20,1.0,1.0,0.0,0.3387180933611291,0.8372946282312017,0.6008281053739208,0.16163538313673181,0.4985765348700726
F02603,24,1.0,1.0,0.5,0.654950620544356,1.4040250737958349,0.9409331866370649,0.04640631817689641,0.7490744532514788
F02604,24,1.0,1.0,0.5,0.8630679452672084,1.4873026302053445,1.1497742521328715,0.030422892161618188,0.624234684938136
F02607,8,1.0,1.0,0.5,0.719833650513617,1.07744880906832,0.8944201838992013,0.03811197344870901,0.35761515855470305
F02608,8,0.75,0.0,0.0,-0.3813187743440611,0.1048669308925362,-0.16784517954840394,0.06842648753552215,0.48618570523659727
F02611,24,0.5,0.4166666666666667,0.0,-0.186311462920801,0.3263127611235043,0.0788933473588645,0.04335834201030626,0.5126242240443053
F02614,20,1.0,1.0,0.0,0.4012151225403955,0.9268364423794372,0.6381267633485398,0.08845844165200478,0.5256213198390417
F02615,24,1.0,1.0,0.25,-1.088908498866358,-0.4056442137917234,-0.6587216957960101,0.20623580727665225,0.6832642850746347
F02616,20,1.0,1.0,0.3,0.5413350338094955,1.0597569623308989,0.7890176424681511,0.07790001893389037,0.5184219285214033
F02617,20,1.0,1.0,1.0,1.5211756740161992,2.127255758935672,1.843499197175729,0.026586108280954663,0.6060800849194727
F02618,20,1.0,0.5,0.0,0.1929572538253441,0.8214981896096992,0.5268454829704624,0.17563810436471186,0.6285409357843551
F02621,20,1.0,1.0,1.0,-2.848697085879976,-1.6338406581313492,-2.275793635036508,0.19771684954844537,1.214856427748627
F02623,24,1.0,1.0,0.5,-1.4053389002015328,-0.732268087620532,-1.0687244282970874,0.09036568029871585,0.6730708125810009
F02624,24,1.0,1.0,1.0,1.207498515986758,2.0196522405652817,1.7021300388090506,0.10964207548718637,0.8121537245785238
F02627,4,0.5,0.0,0.0,-0.1727051283522533,0.1473643887902118,-0.012670369781020749,0.02833911776025628,0.3200695171424651
F02628,20,1.0,1.0,0.0,-0.9834572852273972,-0.3448511163231447,-0.5874818604607027,0.2845964320582664,0.6386061689042525
F02631,20,0.5,0.25,0.0,-0.5308674442611857,0.2216092620068182,-0.051755336423355,0.12568095166240761,0.7524767062680039
F02632,24,0.25,0.5,0.0,-0.1943329602967984,0.5516085325847346,0.2671924466769988,0.1083290994140459,0.745941492881533
F02633,24,1.0,1.0,0.5,0.4963757292040645,1.1694465417850657,0.7871731034397683,0.08970182797187536,0.6730708125810012
F02635,8,0.5,0.125,0.0,-0.5986000611363101,0.140696285651528,-0.13968340168813015,0.17111156763915022,0.7392963467878382
F02640,24,0.5,0.75,0.0,-0.2678997115758484,0.4051711010051521,0.1261255876296637,0.13182148149524123,0.6730708125810005
F02641,24,0.5,1.0,0.0,-0.2005478376432187,0.4725229749377819,0.055090917463871764,0.09095918821760235,0.6730708125810005
F02643,8,1.0,1.0,0.5,-1.5339453500795657,-1.0064255617440003,-1.2645929373752076,0.13257803996394688,0.5275197883355653
F02645,8,1.0,0.75,0.0,0.3987345411927957,0.7582632574134301,0.5463685352404174,0.023155293697663556,0.3595287162206344
F02648,24,0.5,0.5,0.0,-0.1561255738414624,0.5169452387395381,0.19754540382368785,0.29025990527760936,0.6730708125810005
F02649,8,1.0,0.5,0.0,0.2646874168189957,0.798483048526269,0.4861370407154485,0.10296832595173133,0.5337956317072732
F02650,8,1.0,0.25,0.0,-1.0669392171309242,-0.4305149141404807,-0.7419761917728757,0.14283614964698804,0.6364243029904435
F02651,24,1.0,0.5,0.0,0.0287742934739084,0.7381348367353205,0.43005113313436105,0.24177651562121194,0.7093605432614122
F02653,20,1.0,0.5,0.0,0.2674490263755123,0.8741090199070296,0.6164928587376763,0.08744959557186892,0.6066599935315173
F02656,24,0.5,0.25,0.0,-0.1449579667369361,0.5955041317387172,0.1367184219678598,0.10999780054619526,0.7404620984756533
F02661,24,0.5,0.5,0.0,-0.4818150470383096,0.2137903478769842,-0.2225670101136933,0.31997576899266844,0.6956053949152938
F02663,20,1.0,1.0,0.5,0.6983255715621977,1.3336329293221278,0.9567025993100212,0.09804384792396653,0.6353073577599302
F02664,12,1.0,0.4166666666666667,0.0,-0.6454360771702154,-0.1759707917377804,-0.43286750814504826,0.16719955216034074,0.46946528543243504
F02666,20,1.0,1.0,0.3,-1.1334903952773625,-0.437804813631071,-0.7375789353765987,0.2628653664643993,0.6956855816462915
F02669,20,0.5,0.5,0.0,-0.4682690411051868,0.1736839357999722,-0.2129223369426829,0.2348237652519639,0.6419529769051591
F02670,20,1.0,0.5,0.0,-0.599880228122769,-0.072532734046106,-0.3903604922152957,0.2562286388218353,0.5273474940766629
F02671,8,0.5,0.0,0.0,-0.3175877720156169,0.1572568164924901,-0.07371556643692845,0.11024579314634533,0.47484458850810696
F02673,20,0.8,0.5,0.0,-0.0549787671649312,0.4975789918279704,0.2105467171998394,0.2086702929831824,0.5525577589929016
F02674,20,0.5,0.25,0.0,-0.4240535939516291,0.2156477247954566,-0.055585289362229895,0.11182234091270823,0.6397013187470857
F02675,20,0.5,0.45,0.0,-0.4982578167113181,0.1828073954985162,-0.17008154569525719,0.18240849688652686,0.6810652122098343
F02682,24,0.75,0.25,0.0,-0.1304066490953546,0.639376691620194,0.1903484245508211,0.10943967438645169,0.7697833407155485
F02684,20,0.5,0.5,0.0,-0.4824600781813729,0.1050215891352678,-0.22385125475502896,0.3216760431443191,0.5874816673166406
F02685,8,0.5,0.0,0.0,-0.2072843088951727,0.3763452914999629,0.028936161131788193,0.027871048267370073,0.5836296003951356
F02686,8,1.0,1.0,1.0,1.622889815063794,2.02125102126994,1.818234123694928,0.02338733768664359,0.3983612062061459
F02687,8,1.0,0.5,0.0,0.551208370122121,0.923994991192788,0.7423529740873419,0.04181902628088141,0.37278662107066707
F02692,8,0.5,0.0,0.0,-0.1222275332927723,0.2543455812140096,0.060938589524010794,0.025615649411503624,0.3765731145067819
F02693,16,1.0,1.0,0.5,0.754875887838546,1.2169333412892929,0.9811718651575374,0.06258324454761038,0.4620574534507469
F02698,24,1.0,0.5,0.0,0.1443754196971476,0.7004591700971451,0.4131906796855332,0.1707449380424083,0.5560837503999975
F02700,24,0.5,0.4166666666666667,0.0,-0.3439117648707256,0.3291590477102749,0.030412825176080793,0.05682562785992786,0.6730708125810005
F02701,8,1.0,0.5,0.0,0.8927792051517964,1.2910520916644026,1.1220390525253672,0.019718102764352364,0.3982728865126062
F02702,24,0.5,0.75,0.0,-0.3738271804956015,0.299243632085399,0.018801594996668253,0.09225180791402235,0.6730708125810005
F02703,24,1.0,0.75,0.0,-0.8498751055335984,-0.1768042929525975,-0.537823204401709,0.3631769298390459,0.6730708125810009
F02704,24,0.25,0.5,0.0,-0.016752241965174,0.7351003145363945,0.447728696818641,0.17682021335852333,0.7518525565015685
F02705,24,1.0,1.0,0.5,0.7155452613229377,1.4020496733139614,0.9702428067854187,0.01171513251126548,0.6865044119910236
F02706,20,1.0,0.5,0.0,-0.8111816572526567,-0.0171651097567438,-0.3221794587389569,0.27658643274364547,0.7940165474959129
F02707,12,1.0,1.0,1.0,1.217378946566116,1.8952139190872836,1.6572273812323517,0.09112543381451126,0.6778349725211676
F02710,20,0.7,0.2,0.0,-0.6355273875556501,0.3980950308276776,-0.21307869434991317,0.16003115151168112,1.0336224183833278
F02711,24,1.0,0.5,0.0,-0.7206766058976236,-0.0291772344434731,-0.46348158070357903,0.4315412920260746,0.6914993714541505
F02712,20,0.7,0.2,0.0,-0.5715785135719956,0.3268610006521557,-0.20035023995230486,0.1208085398167157,0.8984395142241512
F02714,20,0.5,0.5,0.0,-0.2935782168310082,0.1832508187662731,-0.036867200057458346,0.1364444471208939,0.4768290355972813
F02715,20,1.0,1.0,0.5,0.7653998011407831,1.215959179402205,0.9964912858570658,0.04550994835407169,0.450559378261422
F02716,20,1.0,0.6,0.5,-1.1746297355911546,-0.4506242414742724,-0.8710316455256368,0.22051044610995793,0.7240054941168822
F02717,24,1.0,1.0,0.5,0.4854382313048705,1.158509043885871,0.8026543843783678,0.1290971382374234,0.6730708125810004
F02718,20,1.0,1.0,0.5,0.5442985547504943,1.218571387056677,0.9567980570582606,0.1330688964537845,0.6742728323061827
F02719,8,0.25,0.0,0.0,-0.1022587833997521,0.3674764319172389,0.16464916205494384,0.07372183575394575,0.469735215316991
F02721,24,0.75,0.5,0.0,-0.5440596609888874,0.128367602605968,-0.27988402915247473,0.26891945425563774,0.6724272635948554
F02722,24,0.5,0.25,0.0,-0.1387039761029771,0.5013335153339923,0.18098805987342026,0.08637183800035707,0.6400374914369694
F02724,8,1.0,0.25,0.0,-0.5032360999212665,-0.0353390416560196,-0.20877928224116202,0.2021799811698579,0.4678970582652469
F02725,24,1.0,1.0,0.5,0.4766475316742268,1.082418812597593,0.8261297401656564,0.13260716581288118,0.6057712809233663
F02726,24,1.0,1.0,0.5,-1.3410200125883442,-0.6679492000073433,-0.9798104699572718,0.10286431108199469,0.673070812581001
F02727,20,0.5,0.5,0.0,-0.1205033135252323,0.5322526394513345,0.12697422023302696,0.14797408574006254,0.6527559529765667
F02728,12,0.5,0.0,0.0,-0.2641149126085888,0.1291548692691463,-0.0628753378599906,0.07032248173598266,0.3932697818777351
F02729,20,0.3,0.5,0.0,-0.1059348960098958,0.5451924584072686,0.2856039168100853,0.1278402724662068,0.6511273544171644
F02730,24,1.0,1.0,0.25,0.4073038121684846,1.0803746247494854,0.7450419184208161,0.14622495709426145,0.6730708125810008
F02731,24,1.0,0.9166666666666666,0.25,0.2739688809866507,1.0789630671725927,0.5879113135465911,0.13207553473927724,0.804994186185942
F02732,16,0.5,0.5,0.0,-0.2148279814011967,0.3606707614700929,0.0437247548748267,0.0576208423024122,0.5754987428712897
F02733,24,0.5,0.5,0.0,-0.5413260982584721,0.1317447143225284,-0.18738924869226875,0.2860256644867915,0.6730708125810005
F02735,24,0.5,0.625,0.0,-0.388251218016049,0.2848195945649515,-0.03200088237383002,0.11907373541287648,0.6730708125810005
F02737,24,0.5,0.25,0.0,-0.2327860480163242,0.4613766176869219,0.025740624302268145,0.07059474412318496,0.694162665703246
F02738,8,1.0,0.5,0.0,0.3929620743449438,0.8121379118862856,0.5971713355835614,0.061125373237021705,0.4191758375413418
F02740,8,1.0,0.5,0.0,0.1386808851033565,0.8352262114316682,0.5355545010676181,0.21080236976837496,0.6965453263283117
F02741,24,0.75,0.5,0.0,-0.5620772336599519,0.1589823179057525,-0.29010211841013034,0.36328318847173774,0.7210595515657043
F02742,20,0.5,0.0,0.0,-0.441185747877625,0.2099331237030201,-0.052887047015158895,0.10773923111673395,0.6511188715806451
F02744,12,1.0,0.5,0.0,0.0105164896800489,0.7336371945657857,0.47519868006545474,0.19910369226289149,0.7231207048857368
F02746,20,0.3,0.5,0.0,-0.0121088147819956,0.5952070620586353,0.2494153106083944,0.2818983534974823,0.6073158768406308
F02747,8,0.5,0.0,0.0,-0.3175229836898686,0.2214968468009615,-0.08833718894563475,0.1015170437788278,0.53901983049083
F02748,12,1.0,0.5,0.0,0.0716939345591104,0.4631379380885287,0.2884389090327381,0.182081876826935,0.3914440035294183
F02752,24,1.0,0.5,0.0,0.1171587546322556,0.6754295158650956,0.36623300580614654,0.20153561446063376,0.55827076123284
F02754,8,1.0,1.0,0.5,0.8551320969615147,1.2103656492601311,1.0287742039374805,0.03290890478920033,0.3552335522986164
F02755,24,1.0,1.0,0.5,0.5291951142473417,1.0670301914508362,0.7866203394686234,0.11802291616006036,0.5378350772034945
F02757,20,0.5,0.3,0.0,-0.1184862081353344,0.4194323325003764,0.1917544045105658,0.11054612201864063,0.5379185406357109
F02758,20,1.0,0.5,0.0,0.0956336995296235,0.6310182567126349,0.3848419841793099,0.18871816594867152,0.5353845571830114
F02759,16,1.0,0.5,0.0,-0.5262919858979649,-0.1082946566370504,-0.32455404464171356,0.2990837058055636,0.4179973292609145
F02760,8,1.0,0.5,0.0,-0.4447387098457247,-0.1617574502431066,-0.29964451142683096,0.18985279499136937,0.2829812596026181
F02761,8,0.5,0.0,0.0,-0.2593705184549401,0.1024740111066933,-0.0738762463451083,0.11706366609811128,0.3618445295616334
F02763,24,0.5,0.25,0.0,-0.3855835467801697,0.3007148980088271,0.046120336147359345,0.1022158184911113,0.6862984447889968
F02764,12,1.0,0.6666666666666666,0.5,0.6567683649328695,1.3209693999347627,1.0357950398262576,0.08617102977804104,0.6642010350018932
F02765,8,1.0,1.0,1.0,-2.321687282184078,-1.5264497803045856,-2.021604531609531,0.1431886257430123,0.7952375018794926
F02767,12,1.0,0.5,0.0,0.1906384708952317,0.6771887704802941,0.45293709170958485,0.1052136662887299,0.48655029958506246
F02769,20,1.0,1.0,0.5,0.8185617224068227,1.4605146993119815,1.0529477490214818,0.068554523039875,0.6419529769051588
F02770,4,1.0,0.0,0.0,-0.5838930270658846,-0.191925705077177,-0.3879093660715308,0.17885410542611693,0.39196732198870765
F02771,20,1.0,0.6,0.3,0.4277174321508882,1.0109523052223246,0.7065131241088509,0.06312200267323974,0.5832348730714364
F02773,20,0.3,0.5,0.0,-0.1028116130674307,0.4858286411036669,0.2213043829912882,0.13246945332056592,0.5886402541710976
F02774,16,1.0,0.5,0.0,0.3374109591649586,0.8435308236577707,0.5740170625697576,0.0722759937753313,0.506119864492812
F02775,8,0.5,0.0,0.0,-0.1524994419257152,0.3247693688103548,0.11175373373130465,0.04863375303716193,0.47726881073606997
F02776,24,1.0,1.0,1.0,-2.0527628676190104,-1.2114781978782376,-1.5435658722155932,0.10195789688096944,0.8412846697407728
F02777,24,1.0,0.75,0.25,-1.25693813327878,-0.3954312422438741,-0.7376300272282963,0.22242789719054978,0.8615068910349057
F02778,4,1.0,0.0,0.0,-0.8322917322009871,-0.0295526237895191,-0.43092217799525306,0.18410794402996794,0.802739108411468
F02779,4,1.0,0.5,0.0,0.0381335772157497,0.8820375630819222,0.46008557014883594,0.22866060515797457,0.8439039858661724
F02784,12,1.0,1.0,0.5,0.5962394386610954,1.0825944727291346,0.8202979060653763,0.0401779817267746,0.48635503406803915
F02787,20,0.5,0.0,0.0,-0.3045300565794887,0.2777360190505015,-0.07022369102781571,0.09156034846881474,0.5822660756299902
F02790,4,1.0,1.0,1.0,-1.9895449079578889,-1.4128285616424114,-1.7011867348001501,0.1130521970696339,0.5767163463154774
F02791,20,1.0,1.0,1.0,-2.6093634627636604,-1.893426497982024,-2.1716395171438663,0.04922950419575509,0.7159369647816365
F02792,24,0.5,0.5,0.0,-0.4929840665540737,0.1800867460269268,-0.11238285748722786,0.2683792213633045,0.6730708125810004
F02793,12,0.8333333333333334,0.5,0.0,-0.7013615250773816,0.0467008154521862,-0.26495264522391987,0.2197758003187469,0.7480623405295678
F02794,24,0.75,0.5,0.0,-0.7474389434719261,1.1989604510733083e-05,-0.285158816400677,0.32639100998174797,0.7474509330764368
F02795,8,0.5,0.0,0.0,-0.0830871243171462,0.3327157339029508,0.11963356030414268,0.09388836588480831,0.415802858220097
F02796,12,1.0,1.0,0.5,-1.1306567228567168,-0.4521843606135468,-0.8447169836717486,0.19022989818033387,0.6784723622431701
F02798,8,0.75,0.0,0.0,-0.2185437447928285,0.3609886966232576,0.0783429030018677,0.11321982677209784,0.5795324414160861
F02799,24,1.0,0.5,0.25,0.3142227881768237,1.0252659414251284,0.5811897042679451,0.1434137240585092,0.7110431532483047
F02802,4,0.5,0.0,0.0,-0.2691527547210375,0.0992409164971685,-0.08495591911193451,0.057975679010489486,0.368393671218206
F02807,12,0.6666666666666666,0.16666666666666666,0.0,-0.701213494315486,0.0341419343716326,-0.3915640288605083,0.15229640778550943,0.7353554286871186
F02808,24,0.5,0.5416666666666666,0.0,-0.2389778791451993,0.424097029952632,0.16459757536473146,0.18245038719687487,0.6630749090978313
F02810,8,1.0,0.5,0.0,0.4564546101163977,0.9461996304469352,0.7170143656558403,0.0659764045452259,0.4897450203305375
F02813,24,0.5,0.5,0.0,-0.4203918611874747,0.252678951393526,-0.032782667261682205,0.1542907229032587,0.6730708125810007
F02815,24,1.0,1.0,1.0,-2.5259663475687386,-1.8528955349877383,-2.2120033298827204,0.0027139452632111098,0.6730708125810003
F02816,24,0.5,0.5,0.0,-0.6579694097649983,0.0151014028160024,-0.2329472683363659,0.3282742692207856,0.6730708125810007
F02817,20,0.5,0.1,0.0,-0.5295403171312904,0.2175839564495858,-0.07783766594591504,0.12733885205929873,0.7471242735808762
F02824,24,0.25,0.5,0.0,-0.0885771699239319,0.5844936426570687,0.2712285734232387,0.30433305457795107,0.6730708125810007
F02828,24,1.0,1.0,0.25,-1.011349415451142,-0.3236378243226354,-0.5789389593538581,0.3249559192827746,0.6877115911285065
F02830,16,0.5,0.1875,0.0,-0.263566724266215,0.170541645357332,-0.051445184995962595,0.09809837237797348,0.43410836962354704
F02831,16,1.0,1.0,0.0,0.4484368528820862,0.9617612432858086,0.6897669006419698,0.06440864392606237,0.5133243904037224
F02835,20,1.0,0.5,0.0,0.1963323002109589,0.7702037624255182,0.5201559858659685,0.15824860899868834,0.5738714622145593
F02836,24,1.0,1.0,0.5,0.6121720931652442,1.343830248903272,1.0665558315672887,0.11804823042320309,0.7316581557380278
F02838,20,1.0,1.0,0.5,0.5593795189691899,1.2548926825271738,0.9596375303718911,0.1443677065384914,0.6955131635579839
F02839,16,1.0,1.0,0.5,0.7163877585667968,1.1405700516764778,0.92385336987367,0.024023459137140976,0.42418229310968103
F02842,8,1.0,0.375,0.0,0.4340828601592637,0.8846033485003536,0.6532282978488053,0.05870391873425008,0.45052048834108993
F02843,20,1.0,1.0,0.5,0.4884993990516216,1.1271355219548982,0.843135948495992,0.16731536578036474,0.6386361229032766
F02844,8,1.0,1.0,1.0,1.8753727676848069,2.2780181316122183,2.0766954496485126,0.046192738833329444,0.40264536392741146
F02846,8,0.5,0.125,0.0,-0.1014304922713365,0.3277394578437013,0.11006176082964635,0.08936476931695678,0.4291699501150378
F02847,12,1.0,0.6666666666666666,0.16666666666666666,0.596479158746109,1.0291917808940094,0.8062499652975137,0.04763055304548797,0.4327126221479004
F02848,8,0.5,0.0,0.0,-0.0198729980685507,0.2626703674684448,0.12471770861958625,0.06318675801018916,0.2825433655369955
F02849,24,1.0,1.0,0.25,-1.045883426942053,-0.3728126143610524,-0.6541386626367253,0.17998946393845178,0.6730708125810005
F02851,24,1.0,1.0,0.5,0.5082781035805461,1.3466649392461756,0.8389168608803301,0.14423698994155482,0.8383868356656294
F02852,24,1.0,1.0,0.25,0.4196946811199937,1.0597321725569633,0.716917272817251,0.09889793438872,0.6400374914369695
F02853,24,1.0,1.0,0.5,-1.1088590946493802,-0.4357882820683798,-0.8171251896240274,0.29630395768791223,0.6730708125810003
F02854,24,0.5,0.5,0.0,-0.1181532348402216,0.554917577740779,0.16574482073537275,0.17939415445916093,0.6730708125810005
F02859,24,0.5,0.5,0.0,-0.4277511903578336,0.2453196222231669,-0.07988088632377681,0.20275877575802378,0.6730708125810005
F02860,8,0.5,0.0,0.0,-0.4795055860213516,0.1973126803476037,-0.03923555152389129,0.09540879930408624,0.6768182663689553
F02861,24,1.0,1.0,1.0,-2.6277760111400306,-1.8429627752294584,-2.1622782402879492,0.01621707712549216,0.7848132359105722
F02862,24,1.0,1.0,0.5,-1.135176585745056,-0.5239521644382468,-0.8426436854487573,0.20870685013063198,0.6112244213068092
F02864,24,1.0,0.75,0.0,0.1095495573377011,0.7848347787729586,0.5357468285883605,0.3096827602809927,0.6752852214352575
F02865,24,0.5,0.5,0.0,-0.136356454018538,0.5453248068526547,0.1159295158840276,0.09661338890341836,0.6816812608711927
F02866,8,1.0,1.0,0.75,-1.6034699062898368,-0.9872368811668186,-1.2784232902328694,0.11947132186696596,0.6162330251230181
F02867,8,1.0,0.25,0.25,-1.2382750231237354,-0.6562066776605092,-0.903053262519893,0.1426557073645314,0.5820683454632262
F02868,12,1.0,0.5,0.0,0.035391964046128,0.4808841522515813,0.2330279767940804,0.25127547073092255,0.44549218820545333
F02870,8,0.5,0.0,0.0,-0.1647530648616635,0.292740267500247,0.030682247788150104,0.03191667576633338,0.4574933323619105
F02871,8,1.0,0.5,0.0,0.1799675707390731,0.628461947119246,0.3978761003373693,0.14135410205324306,0.44849437638017287
F02873,16,1.0,1.0,0.5,0.8345774937707962,1.2533330922869532,1.0396335974892494,0.026361059078169647,0.41875559851615707
F02874,16,1.0,1.0,0.5,0.7723718465097604,1.1931480027261714,0.978139852210947,0.05375119638040369,0.42077615621641096
F02877,24,1.0,0.5,0.0,0.0265119214625799,0.7157596117216085,0.2990977666310791,0.20967922152658539,0.6892476902590287
F02879,16,0.5,0.0,0.0,-0.4204498987007036,0.0436877911952165,-0.19048052705904459,0.14138348711420562,0.4641376898959201
F02881,16,1.0,0.5,0.0,-0.6439212238586066,-0.0628097610615025,-0.29765474439222767,0.24053051807340514,0.5811114627971041
F02882,8,1.0,0.5,0.0,0.2235584758058416,0.5106841360109421,0.3639111880485699,0.07064456492739929,0.2871256602051005
F02883,20,0.5,0.5,0.0,-0.0415112578760507,0.4551707969381184,0.18209674283861368,0.15836486368866382,0.4966820548141691
F02884,24,0.5,0.5,0.0,-0.0664311745634105,0.5772287105835314,0.20558209094685836,0.23336375308608456,0.643659885146942
F02887,16,1.0,1.0,0.0,0.5611997478306361,0.9262880807113426,0.7376796315753746,0.0912909141076966,0.3650883328807065
F02894,24,0.5,0.5,0.0,-0.1690012245688662,0.4888046894024098,0.0957651357051733,0.09568325045690457,0.657805913971276
F02895,20,1.0,0.5,0.0,0.1190723351475726,0.8138416005288436,0.388876709055844,0.15147630056228142,0.6947692653812709
F02896,24,1.0,0.5,0.25,-1.0810722800773078,-0.2194113477183145,-0.5616871533647806,0.22492864495049092,0.8616609323589933
F02898,24,0.75,0.25,0.0,-0.8051480742960742,0.0897097935707143,-0.2691644798296491,0.19116129706780982,0.8948578678667884
F02902,24,1.0,1.0,0.5,-1.508814974075127,-0.8357441614941268,-1.1211801976179896,0.11435852319748635,0.6730708125810003
F02903,12,0.5,0.0,0.0,-0.3779654282748137,0.3384906725250605,-0.0004942690774053446,0.05120671029551729,0.7164561007998742
F02904,24,0.75,0.5,0.0,-0.5712372860163009,0.1018335265646997,-0.25211847233628054,0.30136098796001176,0.6730708125810005
F02905,24,0.5,0.75,0.0,-0.3473353442607071,0.3257354683202934,-0.04287279152593125,0.09853247273088236,0.6730708125810005
F02906,24,0.5,0.25,0.0,-0.090553747853861,0.6564783599728601,0.19440764552646878,0.13589371751590365,0.747032107826721
F02907,24,0.5,0.75,0.0,-0.3434608457500395,0.329609966830961,-0.05190962518430696,0.1332710554011099,0.6730708125810005
F02908,24,1.0,1.0,0.5,0.5961415238169704,1.3292782995306909,0.8741552511407996,0.09217882953518987,0.7331367757137205
F02911,24,0.75,0.0,0.0,-0.0730041465681956,0.881253267790903,0.31556990007832286,0.07915311062863256,0.9542574143590985
F02916,24,0.5,0.5,0.0,-0.5700401137705955,0.1030306988104052,-0.2212380588840165,0.3448433831783142,0.6730708125810007
F02919,24,0.5,0.5,0.0,-0.5056177215293312,0.1674530910516694,-0.16906884393021185,0.23910198472484967,0.6730708125810005
F02920,24,0.75,0.5,0.0,-0.6478366514645929,0.0252341611164075,-0.28986958436568744,0.34739921972975757,0.6730708125810004
F02922,20,1.0,0.65,0.0,-0.9346526036244776,-0.2781024708752742,-0.5489190904538858,0.2115926193532683,0.6565501327492034
F02923,20,0.8,0.5,0.0,-0.0390483642708008,0.5239370874972822,0.22926808551704528,0.19466070892834633,0.562985451768083
F02924,24,1.0,1.0,0.25,0.3204999850804051,1.0058072122705088,0.5745989381424266,0.10805035499068633,0.6853072271901037
F02927,24,1.0,1.0,1.0,-1.9743044626880504,-1.0958658780953086,-1.4465305098586485,0.044901014493788666,0.8784385845927418
F02928,24,1.0,1.0,0.25,-1.1918651764582964,-0.3899559119257719,-0.7023558836590035,0.23023781899923654,0.8019092645325245
F02929,24,1.0,1.0,0.25,-1.2789497046777802,-0.4813785717167881,-0.7916094776642537,0.20975645723605815,0.7975711329609921
F02930,24,1.0,1.0,0.5,-1.4635563991093794,-0.6268634373544414,-0.9566552576988799,0.13650658719458578,0.836692961754938
F02935,24,1.0,0.7083333333333334,0.0,0.1515138757485012,0.8170286254404209,0.43767468256471437,0.1344643412677137,0.6655147496919197
F02939,4,0.5,0.0,0.0,-0.2423637083796259,0.2208463646416534,-0.010758671868986255,0.0360377338046376,0.46321007302127926
F02940,24,1.0,0.25,0.0,-0.9837629677988466,-0.0921293493230827,-0.44939149802793377,0.179417190267244,0.891633618475764
F02941,24,0.75,0.25,0.0,-0.8751726872083494,0.0156487129806108,-0.34120732658083847,0.18427864425397925,0.8908214001889602
F02942,24,0.5,0.125,0.0,-0.6342200305964356,0.2358420402702837,-0.11063433463004536,0.1295475392436432,0.8700620708667193
F02943,24,1.0,0.75,0.25,0.2024385427518181,1.0838643541783333,0.7317061089981065,0.19036649715409326,0.8814258114265152
F02944,8,0.5,0.0,0.0,-0.5167566666665495,0.2621343178198153,-0.07439347202413045,0.07254269040718919,0.7788909844863647
F02948,12,0.3333333333333333,0.08333333333333333,0.0,-0.0267177883769558,0.5156564286614831,0.3119456082232056,0.11426619309213994,0.5423742170384389
F02950,20,0.5,0.0,0.0,-0.2001867192125726,0.3285007788596998,0.09266381074708321,0.04638869186983449,0.5286874980722724
F02951,24,1.0,0.5,0.0,0.0648002618685034,0.737871074449504,0.3810550267068006,0.25650295156424335,0.6730708125810005
F02954,20,1.0,0.5,0.0,0.149082698518337,0.6628427843044075,0.41878448598912754,0.1256608856749749,0.5137600857860705
F02955,16,1.0,0.5,0.0,0.3977476129231529,0.7594445589436787,0.5746549351368342,0.053525045970122774,0.36169694602052577
F02956,8,1.0,0.5,0.5,0.9854173911176952,1.3935504475377478,1.1849158349167204,0.016014600509714795,0.4081330564200526
F02960,24,1.0,0.5,0.0,-0.5410360509532474,-0.0165889830964778,-0.26697500190275797,0.35184438093799314,0.5244470678567695
F02961,12,1.0,1.0,0.5,-1.1585492405737463,-0.6110281647028769,-0.9154644950882818,0.2164673155800446,0.5475210758708694
F02962,24,1.0,1.0,0.0,0.2845737821778105,0.9576445947588113,0.5326825517747894,0.1591125974713829,0.6730708125810008
F02963,24,1.0,1.0,0.25,0.3508758803307893,1.0168597155751595,0.748004394664573,0.16274039111144287,0.6659838352443702
F02964,8,1.0,1.0,0.5,-1.2660242009927272,-0.7449626851521274,-0.9982429119057037,0.11428714276184537,0.5210615158405998
F02965,24,1.0,1.0,0.5,-1.303298579003811,-0.6653431176422377,-0.9201842516114258,0.22182424610898643,0.6379554613615732
F02966,8,1.0,0.5,0.0,-0.6408404758227119,-0.2447209725081637,-0.4370612086838635,0.2187768006179937,0.39611950331454815
F02967,20,0.8,0.35,0.0,-0.6659821853922521,0.091076371052736,-0.23315209830433997,0.20771153343090115,0.7570585564449881
F02968,24,1.0,1.0,0.25,0.4159388742910838,1.1559270664156132,0.6973783098203177,0.10062032841683001,0.7399881921245294
F02969,20,0.5,0.2,0.0,-0.3637857798691917,0.2896501391651362,0.01414157528111315,0.07236874959889272,0.653435919034328
F02970,16,1.0,1.0,0.5,0.8884607417280825,1.306064880819194,1.0925957800034818,0.02031725810595495,0.4176041390911114
F02972,8,0.5,0.0,0.0,-0.2643255978813466,0.0430373569586235,-0.11427298721499114,0.13395812464443224,0.30736295483997006
F02975,24,0.75,0.5,0.0,-0.6231104848458988,0.0499603277351016,-0.3039788489594982,0.3375114513547223,0.6730708125810004
F02976,24,1.0,1.0,0.5,-1.2294251132699734,-0.5563543006889731,-0.961338737738674,0.18999941994481284,0.6730708125810003
F02978,20,1.0,0.5,0.0,0.1087703455331751,0.8361616391672809,0.3858268354119148,0.12917188472926192,0.7273912936341058
F02979,20,0.5,0.0,0.0,-0.2477170422033096,0.2597239385694009,-0.009797633468470138,0.059516394414936884,0.5074409807727105
F02983,4,1.0,0.0,0.0,0.6118164604843572,0.9592283436937364,0.7855224020890468,0.020995551725358507,0.3474118832093792
F02988,12,0.5,0.0,0.0,-0.1509014278818842,0.2601352520556664,0.059678287836673685,0.036874175765736025,0.4110366799375506
F02991,24,1.0,1.0,0.5,0.8749918966244092,1.3916654217230686,1.1257132578449727,0.0419016787219353,0.5166735250986594
F02992,24,1.0,1.0,0.25,0.4032241760897723,1.0468840612367143,0.7405587465522687,0.13882844371500785,0.643659885146942
F02994,8,1.0,0.0,0.0,0.2554981733381183,0.5123703368138968,0.38058864716871665,0.035599164909429805,0.25687216347577846
F02996,12,1.0,0.5,0.0,0.0364720729680827,0.4946875721419159,0.3028474007467635,0.23402816391103234,0.4582154991738332
F02997,24,0.5,0.875,0.0,-0.2116165578267081,0.4284209336102613,0.06132793827820804,0.05341569073656909,0.6400374914369694
F02999,24,1.0,1.0,0.5,-1.6278855922703546,-0.7260922726536557,-1.0884342719289744,0.1846045629283652,0.9017933196166988
F03000,24,1.0,1.0,1.0,-1.6784176261202284,-1.0053468135392285,-1.2728968535796175,0.08422567094595794,0.6730708125809999
F03001,8,1.0,0.25,0.0,1.4060808687422044,1.895705061390765,1.6531866767108032,0.022881676842813566,0.4896241926485605
F03004,20,0.5,0.5,0.0,-0.0973226684506165,0.5508179430571538,0.1539472543075342,0.12030895357986239,0.6481406115077704
F03007,24,0.75,0.5,0.0,-0.7220352246089253,0.0354403309299531,-0.25474278630645525,0.2941167508145685,0.7574755555388785
F03008,24,1.0,0.75,0.25,-1.0846309142650294,-0.2454959354811138,-0.5765087643400407,0.24160740381370738,0.8391349787839156
F03009,20,1.0,1.0,0.3,-1.0781630257274757,-0.5139534879471002,-0.7569951226738318,0.24372006149644213,0.5642095377803755
F03010,8,0.75,0.0,0.0,-0.4936070070440466,0.0481125838465416,-0.26337280657009365,0.13680809689181203,0.5417195908905882
F03011,8,1.0,0.0,0.0,0.0811079545786686,0.4386537238954863,0.25557519758783925,0.09702159401562133,0.3575457693168177
F03013,24,0.75,0.5,0.0,-0.6171064823151579,0.0559643302658427,-0.27814424168957513,0.3736634965119618,0.6730708125810005
F03014,24,1.0,0.5833333333333334,0.0,0.3013879313821757,0.9629243162368614,0.703874180692917,0.19450035780809896,0.6615363848546857
F03015,8,1.0,0.75,0.5,0.7166222250782187,1.2722041731066267,1.0551298226238726,0.07771569661519026,0.555581948028408
F03016,24,1.0,1.0,0.75,0.9167724533292096,1.5898432659102106,1.262749818310276,0.0878761404839734,0.673070812581001
F03017,24,1.0,1.0,1.0,1.2397501681937624,1.9128209807747625,1.637023690825791,0.04399200351966796,0.6730708125810001
F03018,20,1.0,1.0,1.0,1.3663679761769436,2.0224496416642883,1.752752571671511,0.051642747545925544,0.6560816654873447
F03022,16,1.0,1.0,0.5,0.6619672594261408,1.2277901487647342,0.956050943292899,0.054988485099891314,0.5658228893385935
F03026,24,1.0,1.0,0.5,0.948573681604783,1.5886111730417518,1.2336900112209623,0.0644763568466337,0.6400374914369689
F03027,8,1.0,0.75,0.5,0.7226280471444549,1.1775540233145017,0.971594107486822,0.023250793651618796,0.4549259761700467
F03031,8,1.0,1.0,0.5,0.9449070920783108,1.2994064978488018,1.1183796809672553,0.023183313429321447,0.354499405770491
F03035,20,1.0,1.0,0.5,0.6155129276044594,1.1949633523429213,0.8730632390223491,0.043410401109327056,0.5794504247384619
F03037,24,0.25,0.5,0.0,-0.1795875826578945,0.5437722988552027,0.27064701863168483,0.22670218281556576,0.7233598815130973
F03039,12,1.0,0.3333333333333333,0.0,0.0508625340686044,0.454049975240924,0.2586140802909,0.11474598839537636,0.4031874411723196
F03042,20,1.0,1.0,0.8,0.91052934442125,1.650372582316661,1.2115059357459446,0.03296501982256647,0.7398432378954111
F03044,24,0.5,0.5,0.0,-0.1258884324254758,0.5471823801555249,0.17159421188165416,0.15587979203245497,0.6730708125810007
F03045,24,1.0,0.5,0.0,0.062160062247869,0.7352308748288697,0.36481157099159484,0.21658341581149332,0.6730708125810008
F03046,16,1.0,1.0,1.0,1.414692924972924,1.892916727995868,1.648995043889073,0.017071673471846658,0.478223803022944
F03047,24,0.5,0.5,0.0,-0.5713364416695617,0.1017343709114388,-0.17979535303308214,0.2712848326513353,0.6730708125810004
F03048,16,0.5,0.0,0.0,-0.2342928254110499,0.21626033176946,-0.007139956688099455,0.0366787539604092,0.4505531571805099
F03050,20,0.8,0.3,0.0,-0.0576461171064343,0.4999641141344486,0.1861322287231295,0.13701198403513815,0.5576102312408828
F03052,8,1.0,1.0,1.0,-1.8891956715409643,-1.2209278412682791,-1.5292138200566154,0.11626458927841386,0.6682678302726852
F03056,8,1.0,0.0,0.0,0.0203376314511466,0.4982758138484749,0.30030690730657383,0.10269585849055982,0.4779381823973283
F03057,24,1.0,1.0,0.5,0.6815169845951099,1.255091997157605,0.9975687023525424,0.08201427803565929,0.5735750125624952
F03059,24,1.0,0.5,0.0,0.071138096293936,0.7442089088749367,0.3260667138734943,0.27911890601701045,0.6730708125810008
F03060,24,1.0,0.75,0.25,0.2626888947956216,1.0456469798654937,0.5656132767975267,0.16650261535008223,0.7829580850698721
F03061,24,1.0,0.875,0.0,0.1724064858975343,0.8911293593156726,0.4432132620735727,0.1840565705463452,0.7187228734181383
F03062,24,0.5,0.5,0.0,-0.1377227134918115,0.6040865912578607,0.14462727834999384,0.1364915895912735,0.7418093047496722
F03063,24,1.0,0.5,0.0,0.0546231128823371,0.8054050677469117,0.34145942978159394,0.21910438593134482,0.7507819548645746
F03064,24,1.0,0.5416666666666666,0.0,0.1409603900393101,0.8676471940668679,0.41574913152005827,0.2040714336935094,0.7266868040275578
F03066,24,1.0,1.0,0.0,0.2387787701158562,0.9480468082537008,0.5048581286517478,0.16090861196647963,0.7092680381378447
F03067,24,1.0,1.0,0.25,0.3953566004382429,1.019591285376379,0.6694926953569296,0.09749493903395663,0.6242346849381362
F03068,24,1.0,1.0,0.25,0.459122593832186,1.191090766070927,0.736552019418526,0.04768474005014072,0.7319681722387409
F03069,20,1.0,1.0,0.3,0.3782611211678542,1.152151152909714,0.6723462694485672,0.11612987247893544,0.7738900317418598
F03070,20,1.0,0.5,0.0,0.0021067511348814,0.5434625229744577,0.2381024602880449,0.17094394061928586,0.5413557718395764
F03071,24,1.0,0.5,0.0,0.0062101641673519,0.6792809767483524,0.2611143241753304,0.3167105127438234,0.6730708125810005
F03072,24,1.0,1.0,0.0,0.2160245572211503,0.9334226356846242,0.48616893591985655,0.11407363853189142,0.7173980784634739
F03073,24,1.0,1.0,0.25,0.3121629812240904,1.0532683581388134,0.5941610091484214,0.06946362768301059,0.7411053769147229
F03074,12,1.0,0.5,0.0,0.1318606566555762,0.5344249732419353,0.3125228992485427,0.10955511546313504,0.40256431658635905
F03075,24,1.0,1.0,0.0,0.2196116164025256,0.9603328464854832,0.5014175709109736,0.1208598813507945,0.7407212300829576
F03076,24,1.0,0.5,0.0,0.0677586732091098,0.793118468355878,0.3418839102494632,0.23516768165756535,0.7253597951467682
F03077,24,1.0,1.0,0.0,0.2835323007849707,0.991410047751344,0.5489165137351267,0.08273249847922706,0.7078777469663733
F03078,24,1.0,1.0,0.0,0.2494788620763441,0.8895163535133137,0.5101525648389743,0.12342976093255383,0.6400374914369696
F03079,24,1.0,1.0,0.25,0.351235000870653,1.035142272113132,0.604633975958862,0.10135023855746018,0.683907271242479
F03083,12,0.5,0.0,0.0,-0.4124450540575386,0.1778569900698123,-0.046069650548931855,0.10367355380354223,0.5903020441273509
F03085,24,1.0,0.75,0.0,-0.7612971289460838,-0.0927796611493895,-0.47363496307748326,0.35123876235232393,0.6685174677966943
F03086,8,1.0,1.0,1.0,-2.0968057023673143,-1.3611740796993903,-1.7478775145655927,0.14197135656628565,0.735631622667924
F03087,24,1.0,1.0,0.5,-1.5177487294815393,-0.8446779169005383,-1.203916284326036,0.10732096645037856,0.673070812581001
F03088,24,0.75,0.5,0.0,-0.5266438223250589,0.1468487046038001,-0.2784522193936601,0.3683596963808035,0.673492526928859
F03095,24,1.0,1.0,0.5,-1.3431708878061237,-0.6701000752251234,-1.0188154830496416,0.15310546506111317,0.6730708125810003
F03096,24,1.0,1.0,0.5,0.4483875050897636,1.1426259290116547,0.8840613775837398,0.1767677559418077,0.6942384239218911
F03099,24,1.0,1.0,0.5,-1.37040722006112,-0.6973364074801194,-1.0906502892362968,0.12050575844095963,0.6730708125810005
F03103,24,1.0,0.75,0.25,-1.0091212697857084,-0.3360504572047079,-0.7166158319128246,0.20785276976433373,0.6730708125810005
F03104,24,1.0,0.5,0.0,-0.8538118993269892,-0.0503816844680563,-0.36354213136449215,0.2259986461011392,0.803430214858933
F03106,20,1.0,0.5,0.0,0.0445842319811587,0.5503483063954336,0.29183472328178206,0.21546890748209943,0.505764074414275
F03110,12,0.5,0.0,0.0,-0.1780111640466134,0.3070895374076448,0.0741984865351469,0.01638003756064482,0.4851007014542582
F03112,24,0.5,0.5,0.0,-0.4862448828471634,0.186825929733837,-0.18967212800163316,0.3846063630973105,0.6730708125810003
F03113,20,1.0,0.7,0.0,0.2865978568552521,0.8500912897839696,0.6114633295739996,0.1972792429612155,0.5634934329287176
F03114,24,0.5,0.5,0.0,-0.2019390496127446,0.4711317629682559,0.15897621436848897,0.1454384258113211,0.6730708125810004
F03116,24,0.5,0.5,0.0,-0.091094463159725,0.6455513097636849,0.18867376276894934,0.17542699867564976,0.7366457729234099
F03118,20,1.0,1.0,1.0,-1.869489951216472,-1.2252176774032308,-1.5302166693697623,0.06566291438933534,0.6442722738132411
F03119,12,0.5,0.3333333333333333,0.0,-0.5443544272416221,0.1234320709178133,-0.1277025544380457,0.1759836397653286,0.6677864981594354
F03120,24,1.0,1.0,0.5,-1.4062526395645805,-0.5944640921370958,-0.9118037053178074,0.20320888525847075,0.8117885474274846
F03122,24,1.0,1.0,0.0,0.2822536599948617,0.9553244725758624,0.6291879158213887,0.16134375106670218,0.6730708125810008
F03125,24,1.0,1.0,0.5,0.6053695636980447,1.278440376279045,0.8897876505378477,0.02259916977340659,0.6730708125810003
F03126,16,1.0,0.5,0.0,-0.9118761168289008,-0.143734793516031,-0.6375064635286137,0.19371029070049922,0.7681413233128698
F03127,8,1.0,1.0,0.5,0.6927959904022045,1.1274752857971004,0.882948115570682,0.026715901205994035,0.4346792953948959
F03128,20,1.0,1.0,1.0,1.19077155266785,1.899997727009016,1.624706559522488,0.08573949067524717,0.7092261743411661
F03129,24,1.0,1.0,0.5,0.676601546617961,1.3897024812086232,0.9445973533802612,0.09043327148373051,0.7131009345906621
F03130,20,1.0,1.0,0.7,-1.581541975881548,-0.8887039807001091,-1.312245260287471,0.1649518651889193,0.692837995181439
F03132,8,1.0,1.0,0.5,1.1890995270720972,1.6584102502799294,1.4177912906058951,0.028873270277987584,0.4693107232078322
F03133,8,1.0,0.875,0.0,0.5109833597668886,0.8593109398994562,0.7142696233632562,0.026149303839408247,0.3483275801325676
F03135,20,1.0,1.0,0.5,-1.1512242626575997,-0.4963304936816894,-0.8784067547081066,0.22508831490205475,0.6548937689759102
F03136,24,0.75,0.5,0.0,-0.6740894552919944,0.0167128619448317,-0.24013363614055055,0.25181239327773713,0.6908023172368261
F03137,24,0.5,0.5,0.0,-0.0304109734496816,0.642659839131319,0.2414267069197041,0.277175974619853,0.6730708125810005
F03138,20,0.8,0.3,0.0,-0.6018720035101781,0.1379619887436176,-0.17764744773198454,0.16008401814668907,0.7398339922537958
F03139,24,1.0,1.0,0.25,0.459706395285976,1.1327772078669764,0.7084510148337566,0.10346103822895204,0.6730708125810004
F03141,24,0.25,0.5,0.0,-0.0266686973359588,0.6464021152450417,0.36836414459077194,0.3415984164226593,0.6730708125810004
F03142,24,0.5,0.75,0.0,-0.3627269828080383,0.3127178593520134,0.0635500988050182,0.08538695858692637,0.6754448421600516
F03143,24,1.0,0.5,0.0,-0.7684412976602101,-0.0953704850792096,-0.4589740406113677,0.2564001639445936,0.6730708125810004
F03146,20,1.0,1.0,1.0,-4.878207717116635,-4.025712110317263,-4.358830387450197,0.013850410606611975,0.8524956067993719
F03147,4,1.0,1.0,1.0,-2.427007792461089,-1.5998806399301415,-2.013444216195615,0.16630844957507518,0.8271271525309474
F03148,20,1.0,1.0,0.5,-1.1814288995133748,-0.5143505310636133,-0.8298999102929374,0.23012162575899234,0.6670783684497615
F03149,20,1.0,0.7,0.0,0.2642452200567839,0.8627167555926092,0.598075710609326,0.16216765933332328,0.5984715355358252
F03150,24,1.0,0.75,0.0,0.1037479345832295,0.7768187471642298,0.4926452673207833,0.2927514755219435,0.6730708125810003
F03151,24,1.0,0.5,0.0,0.0061960539148724,0.6792668664958731,0.32683764366254175,0.30203086477178703,0.6730708125810007
F03152,24,1.0,1.0,0.5,-1.361118454633542,-0.6049474914927346,-0.8944783125301077,0.18074731612863507,0.7561709631408073
F03153,24,1.0,1.0,1.0,1.4992397375341302,2.1723105501151307,1.8036037831673222,0.0008482021089491994,0.6730708125810005
F03154,16,1.0,1.0,0.0,0.437450953653568,0.8490681751193732,0.6364410442673026,0.07747810395447996,0.41161722146580515
F03155,8,0.5,0.5,0.0,-0.030383308613806,0.4062514193897575,0.18132212962018263,0.15194173582127238,0.4366347280035635
F03157,20,1.0,1.0,0.5,0.835767226330449,1.4276657980036442,1.0901812740452073,0.14157239992561071,0.5918985716731953
F03158,24,0.5,0.5,0.0,-0.6638174914743284,0.009253321106672,-0.2478736465603479,0.2812338195330808,0.6730708125810004
F03160,20,1.0,0.5,0.0,0.096372151730303,0.7522371034962624,0.34497568030961406,0.1895411389303329,0.6558649517659594
F03162,24,0.5,0.9583333333333334,0.0,-0.3071166786098458,0.3659541339711548,-0.003532626794668564,0.10330458394404056,0.6730708125810005
F03163,8,1.0,1.0,1.0,1.1371500693633552,1.813746980938327,1.4676883515104198,0.07731489474817337,0.6765969115749719
F03165,8,1.0,0.5,0.0,-0.824815348180736,-0.1866141977089711,-0.4669805527372586,0.20655625005360384,0.6382011504717648
F03167,24,1.0,1.0,0.5,0.5567367709117643,1.2424514362589325,0.8110394430523176,0.10365630364697449,0.6857146653471682
F03169,20,0.5,0.3,0.0,-0.4998314118717266,0.2235008889248871,-0.06459971382506814,0.1393297786519965,0.7233323007966137
F03170,24,1.0,1.0,0.0,0.3239711346829715,0.9280747224737776,0.5794263605486278,0.09186256151207806,0.6041035877908061
F03171,20,0.5,0.8,0.0,-0.3425397876253769,0.2594855927223188,0.02741793017148199,0.10866637799426761,0.6020253803476957
F03172,20,1.0,0.5,0.0,-0.7908171502227963,-0.1397326952469982,-0.4100663136074463,0.264318726204483,0.6510844549757981
F03174,20,1.0,1.0,1.0,1.2994474150879298,1.861078095030064,1.5684188230169758,0.034168467080955486,0.5616306799421342
F03176,8,1.0,1.0,0.5,0.905462468699152,1.4367231562370189,1.1875829507407718,0.0962330738196157,0.5312606875378668
F03177,12,0.3333333333333333,0.25,0.0,-0.0504980379675749,0.6417222559008688,0.36920811531508113,0.12964698468100802,0.6922202938684437
F03180,24,0.5,0.5,0.0,-0.0718296446618996,0.5682078467750696,0.237959416349609,0.1802376200680809,0.6400374914369692
F03181,24,1.0,0.5,0.0,-0.808748886375619,-0.1286702187817913,-0.5572642131117359,0.37000479097432526,0.6800786675938277
F03182,24,1.0,1.0,0.5,-1.524394886864065,-0.5952424981225916,-0.9712640319602974,0.20082002250069556,0.9291523887414735
F03183,24,0.75,0.25,0.0,-0.679531024064658,0.1225890150933917,-0.18991634395260254,0.20589828066412885,0.8021200391580497
F03184,20,0.8,0.3,0.0,-0.6448115994144032,0.0976483892297181,-0.17496489427694248,0.21333831187025099,0.7424599886441213
F03185,24,0.5,0.25,0.0,-0.6197551697649993,0.2110065512577322,-0.11581964872060291,0.18542479207015305,0.8307617210227316
F03186,12,0.5,0.0,0.0,-0.2414452610840705,0.1898602538755287,-0.05541274698180235,0.06319144000727304,0.43130551495959923
F03192,24,1.0,1.0,1.0,1.1993610632176712,1.9483332225457703,1.4852924823486906,0.004377675349744805,0.7489721593280991
F03195,16,1.0,1.0,1.0,1.1281772235794787,1.8339089033164448,1.495527207067706,0.08551822580132765,0.7057316797369662
F03199,12,1.0,1.0,1.0,1.3475739365041506,1.9820927667463253,1.6959905375328783,0.07954443285663221,0.6345188302421747
F03201,8,1.0,0.375,0.25,-1.1803163960093173,-0.4222589154630659,-0.7429995056856357,0.17643686188325877,0.7580574805462514
F03202,12,1.0,1.0,1.0,1.4424499994815765,2.233932911749737,1.8725128483764006,0.07309068618770363,0.7914829122681604
F03203,8,1.0,0.5,0.0,0.4730286709501533,0.8826507779301584,0.6521665175273748,0.05001162684335646,0.4096221069800052
F03210,8,0.5,0.0,0.0,-0.2960074221003394,0.016968682620635,-0.1368839820270731,0.12402638539165348,0.3129761047209744
F03211,20,1.0,0.15,0.0,0.0859520780079017,0.5809056675840925,0.3410817629180057,0.1001090170781788,0.49495358957619073
F03215,8,1.0,0.5,0.5,0.6138603455860348,1.096325414269787,0.8879646610832088,0.04968160205411477,0.48246506868375216
F03216,24,1.0,1.0,0.5,0.4118735733907414,1.1483069858033854,0.8686449401300944,0.23337602549259961,0.736433412412644
F03217,24,1.0,1.0,0.5,-1.20349563421703,-0.5304248216360294,-0.8735439270955173,0.17432183263248752,0.6730708125810005
F03219,8,1.0,0.0,0.0,-0.7230411013458162,-0.0421176261264231,-0.412295839564506,0.14254298368609608,0.6809234752193931
F03223,8,1.0,0.5,0.0,0.3970119941702198,0.9036404867738144,0.6733486909054556,0.09355469323162953,0.5066284926035945
F03225,24,1.0,1.0,0.5,-1.4563395933136551,-0.783268780732654,-1.123804394735548,0.14377193904576543,0.6730708125810011
F03227,24,1.0,1.0,0.5,-1.3918610585426454,-0.7187902459616444,-1.0430275730639353,0.0987052426816746,0.673070812581001
F03228,24,1.0,0.5,0.0,-0.7502589240455597,-0.0571667452022563,-0.31515817409087743,0.26379773302016396,0.6930921788433034
F03229,20,1.0,1.0,0.5,-1.2895507869228646,-0.5779219627420532,-0.84385265791292,0.16868231549455828,0.7116288241808114
F03230,20,1.0,1.0,0.5,-1.2358080698569445,-0.5792579371077408,-0.8180254155460658,0.16552479780355603,0.6565501327492037
F03239,4,1.0,0.75,0.5,-1.5204698415874678,-0.6988660866375026,-1.1096679641124851,0.21670610108594054,0.8216037549499652
F03240,8,1.0,1.0,0.5,-1.264071196351107,-0.5007897343152881,-0.7973047114746721,0.2007022001101317,0.763281462035819
F03241,16,1.0,1.0,0.5,-1.2197140340393398,-0.5707595618650457,-0.8467857028400805,0.1639689700118131,0.648954472174294
F03245,12,1.0,1.0,0.5,-1.3593331316031592,-0.681957659034776,-1.044935977352008,0.1640326973162654,0.6773754725683832
F03246,20,1.0,0.5,0.0,-0.7704951694471491,-0.0463050221944805,-0.36406134795286976,0.29330566787962414,0.7241901472526686
F03247,24,1.0,1.0,0.5,-1.1320016196472462,-0.4589308070662455,-0.8069096928716524,0.19570239041353232,0.6730708125810008
F03249,24,1.0,1.0,0.5,-1.1362153327895494,-0.4631445202085486,-0.7965262451202597,0.1969853934045326,0.6730708125810008
F03250,20,1.0,0.7,0.3,-1.0059273961654709,-0.3214031804051444,-0.6857154214971922,0.2470239429547561,0.6845242157603265
F03252,20,1.0,1.0,0.5,-1.3266615096799448,-0.6346826562067828,-0.9818668121046243,0.13852155804656396,0.691978853473162
F03254,8,1.0,1.0,0.5,-1.6946944630315457,-0.9443081438765116,-1.2447010294078673,0.11943029099244343,0.7503863191550341
F03259,20,1.0,1.0,0.5,-1.3108757063743215,-0.6539878887754514,-0.9623536745338853,0.1375285064449328,0.65688781759887
F03260,24,1.0,1.0,0.5,-1.4710820680579344,-0.7980112554769337,-1.150658982634478,0.08796027162303383,0.6730708125810007
F03262,8,1.0,0.25,0.0,-0.8508364700544204,-0.0230372482360816,-0.33916887849896377,0.20508461761227167,0.8277992218183389
F03266,20,1.0,1.0,0.3,-1.0601534628937437,-0.3949459903085432,-0.6904345377758248,0.2203907721280268,0.6652074725852004
F03269,8,1.0,1.0,0.75,-1.5471488392698884,-0.9191740320408884,-1.2892009533244686,0.12848086890700028,0.627974807229
F03277,24,1.0,1.0,0.5,-1.3186483992742697,-0.6455775866932693,-0.9451972130353266,0.1459454778358196,0.6730708125810004
F03279,24,1.0,1.0,0.5,-1.3082035941460024,-0.6351327815650025,-1.0392297082692035,0.15549765687374142,0.6730708125809999
F03280,24,1.0,1.0,0.5,-1.393089388429067,-0.7200185758480663,-1.1269649235437442,0.13592545160584987,0.6730708125810007
F03282,24,1.0,1.0,0.5,-1.1957813911608532,-0.522710578579853,-0.8591317547747621,0.1614320770963208,0.6730708125810002
F03286,24,1.0,1.0,0.5,-1.3585398936128237,-0.6854690810318229,-1.0151642311388283,0.10942130601373105,0.6730708125810008
F03289,12,1.0,1.0,0.5,-1.316633411151013,-0.7529556881409648,-0.9920747665703998,0.0873731847964279,0.5636777230100481
F03290,20,1.0,1.0,0.5,-1.4621998769290108,-0.7866820192611369,-1.1265484071771596,0.13253170324054586,0.6755178576678739
F03291,20,1.0,1.0,0.5,-1.319368157270561,-0.6362406863043808,-0.8967607681279146,0.16191412123209778,0.6831274709661801
F03299,24,1.0,1.0,0.0,-0.985054008737172,-0.3119831961561719,-0.6257813546512241,0.24797553345428885,0.6730708125810001
F03300,8,1.0,1.0,0.5,-1.4661550541190944,-0.8254326091165413,-1.0977704704615097,0.09553280106546909,0.6407224450025532
F03305,4,1.0,1.0,0.5,-1.2543508716653975,-0.6492725601955246,-0.9518117159304611,0.19977096989532256,0.6050783114698729
F03308,20,1.0,1.0,0.5,-1.4007655846458644,-0.7476840848080073,-1.060554069365656,0.15200282882999913,0.6530814998378571
F03310,8,0.5,0.0,0.0,-0.1449477014110594,0.2082813958189574,0.03643861649994255,0.0044605484530773915,0.35322909723001683
F03313,24,1.0,1.0,0.0,0.2816257938647289,0.888481378309702,0.5704788059676188,0.16266237289070687,0.606855584444973
F03314,12,1.0,1.0,0.6666666666666666,0.9989606511235208,1.7661882114445064,1.4214930530536765,0.137115021513568,0.7672275603209856
F03315,8,0.25,0.0,0.0,-0.1079974423970019,0.3271551620315164,0.1659761338369929,0.10458039179134006,0.43515260442851833
F03316,16,0.5,0.0,0.0,-0.3081161026529626,0.1775351638565033,-0.04615515862381041,0.1012219385334484,0.4856512665094659
F03320,12,0.8333333333333334,0.0,0.0,-0.5455520949395009,0.1725226288498256,-0.14614794770022696,0.12833415766275508,0.7180747237893265
F03322,20,1.0,0.5,0.0,0.2900233085128114,0.8227592404768324,0.5338303451197246,0.09426451146501465,0.532735931964021
F03328,20,1.0,1.0,1.0,-2.3552761680467884,-1.4364996697779917,-1.9409215804054143,0.18134335389774459,0.9187764982687967
F03330,8,1.0,0.5,0.0,0.6134363577492105,0.9936536474782304,0.7526210653507129,0.028577816482070473,0.3802172897290199
F03331,4,1.0,0.25,0.25,0.9721603632001876,1.2231016699573145,1.097631016578751,0.02180012058123843,0.2509413067571269
F03333,24,1.0,1.0,0.5,0.5053401226487713,1.3202253578295884,0.8242280797061492,0.033254625682410714,0.8148852351808171
F03334,24,1.0,1.0,0.25,0.4124233343090241,1.148803978820317,0.6920589960316399,0.034583814264129126,0.7363806445112929
F03335,24,0.5,0.5,0.0,-0.4597067075428135,0.3050694324200019,0.011236022971624945,0.09514865968883279,0.7647761399628155
F03336,20,1.0,0.5,0.0,0.2437571423494598,0.7499128720406673,0.5122302058864923,0.13534167934771527,0.5061557296912075
F03337,24,1.0,0.5,0.0,-0.7208142404657535,-0.1316596128913208,-0.46560793788035126,0.3386217904390769,0.5891546275744327
F03338,24,1.0,0.5,0.0,-0.933368412891456,-0.0743092184117129,-0.41528415511855377,0.2656818707131852,0.8590591944797431
F03339,8,1.0,1.0,0.5,0.7806148536773396,1.1699650354017284,0.9709623457646204,0.012739294146791272,0.38935018172438873
F03341,24,0.5,0.5,0.0,-0.1318918958827513,0.5411789166982495,0.24764983729537984,0.17496426141499524,0.6730708125810008
F03342,20,1.0,0.5,0.0,0.1640768320330642,0.7874784541393749,0.5282798114621088,0.15240495972334955,0.6234016221063107
F03343,8,0.5,0.0,0.0,-0.2023309870656621,0.1724719044340407,-0.012321891784965053,0.04038865525706375,0.3748028914997028
F03344,8,1.0,1.0,0.5,0.7617912762260663,1.1657085931643605,0.959063712103857,0.04786473926923932,0.40391731693829414
F03345,24,0.5,0.25,0.0,-0.1531600010137385,0.5585195456661142,0.11412511179315715,0.09184199449744583,0.7116795466798527
F03350,24,1.0,1.0,0.0,0.3315102607174824,0.9557449456556184,0.5970324983764037,0.20426669715800372,0.6242346849381359
F03353,20,1.0,0.5,0.0,-0.7274414909759422,-0.170937861016434,-0.48278577590552374,0.26288483920999567,0.5565036299595083
F03356,8,1.0,0.5,0.0,-0.9075015329773226,-0.2049352233852554,-0.5721315807920425,0.21248559462065267,0.7025663095920672
F03361,24,1.0,0.5,0.0,-0.7082922038041171,-0.0352213912231164,-0.4574120029341251,0.38950851539568987,0.6730708125810007
F03363,4,1.0,0.0,0.0,0.078763873675715,0.3142867222794998,0.19652529797760737,0.07897241464753246,0.23552284860378478
F03364,12,1.0,1.0,0.5,-1.3187382255335995,-0.8165764045976848,-1.0529615500047171,0.14163297464917946,0.5021618209359148
F03367,4,0.5,0.0,0.0,-0.150353581571832,0.2507041527273701,0.050175285577769055,0.01849203851166726,0.4010577342992021
F03368,8,1.0,0.5,0.0,0.2360312298664466,0.582636821330937,0.40530598959301045,0.09736445612402293,0.3466055914644904
F03370,4,1.0,1.0,0.0,0.6577681176562813,0.8730490149783039,0.7654085663172926,0.028392631807477812,0.2152808973220226
F03377,20,1.0,1.0,0.5,0.5150699292077688,1.1570229061129278,0.781795888786524,0.14765809425367968,0.641952976905159
F03378,24,1.0,1.0,0.5,0.6152147236956397,1.28828553627664,0.9791794109771941,0.03368946079470046,0.6730708125810004
F03379,24,1.0,1.0,0.5,0.757183776047018,1.4302545886280185,1.1005419172793003,0.01926393580158556,0.6730708125810004
F03380,8,1.0,0.0,0.0,-0.3147268643834239,-0.006540134455139,-0.15625039942987723,0.19394318487256207,0.3081867299282849
F03381,24,1.0,1.0,0.5,0.5720395773189622,1.2451103898999625,0.8744455446794174,0.06106942249319371,0.6730708125810003
F03383,24,0.5,0.5,0.0,-0.1898828321732789,0.6470861507301192,0.1400469987453896,0.15664776128092184,0.8369689829033982
F03384,24,1.0,0.5,0.0,-0.8468683837206984,-0.1737975711396977,-0.44334078767711593,0.2276781496780927,0.6730708125810007
F03386,12,1.0,0.5,0.0,0.0223510024098325,0.6449459677435664,0.4142544870228804,0.2011597001436366,0.6225949653337339
F03387,12,1.0,0.5,0.0,-0.435421910841482,-0.0487034432627262,-0.24651705542760716,0.2420649771259035,0.38671846757875583
F03388,20,0.3,0.5,0.0,-0.0666880636984374,0.4490327663473996,0.20539588446783244,0.17844454178019017,0.515720830045837
F03389,12,0.5,0.0,0.0,-0.2052589074966074,0.1769004239780635,-0.018729921569919053,0.06841917390516362,0.3821593314746709
F03390,8,0.25,0.0,0.0,-0.050998990066237,0.4044682753869576,0.2370565261229099,0.10099814350411325,0.4554672654531946
F03392,20,1.0,1.0,1.0,1.3255752738667574,1.809735036323564,1.5838299663256574,0.0504320474117312,0.4841597624568066
F03395,20,0.5,0.5,0.0,-0.2238934187701241,0.3679929329024777,0.12169458375846974,0.07042338162886375,0.5918863516726018
F03399,20,1.0,1.0,1.0,3.3410767296175763,3.965641857687949,3.621798586526346,0.007239859562738319,0.6245651280703726
F03400,8,1.0,1.0,0.5,0.8009535633358054,1.2940454329911355,1.0988138157877392,0.03427133742477582,0.49309186965533014
F03402,24,1.0,1.0,0.75,-1.5325272440652284,-0.9433726164907964,-1.2506398011266264,0.18846503190111552,0.589154627574432
F03403,24,1.0,1.0,0.25,-1.2391251818940068,-0.3732228374185424,-0.7176193491232438,0.2280271971519381,0.8659023444754643
F03404,24,0.5,0.5,0.0,-0.0624981046024971,0.5989993841914629,0.19621263983346784,0.16948475444661326,0.66149748879396
F03406,8,1.0,1.0,0.5,-1.3550225119059167,-0.6706591151827679,-0.9558970764442192,0.18204751206047592,0.6843633967231488
F03407,12,1.0,1.0,0.0,0.4856679729777184,0.9010723260218516,0.6720920232399067,0.05813524652649326,0.4154043530441332
F03409,20,0.5,0.1,0.0,-0.4296595331473891,0.2489271701234746,-0.1282621998677127,0.11432510072865673,0.6785867032708637
F03410,8,1.0,0.0,0.0,0.0545312636178771,0.3790167805612117,0.21245093258627762,0.11232325525951176,0.3244855169433346
F03411,20,1.0,1.0,0.5,0.781112637919276,1.30281154261242,1.0192278794087994,0.05807520604126925,0.5216989046931441
F03412,20,1.0,0.5,0.5,0.2714042755763282,1.3385057106074356,0.9074152044601612,0.1101688227143213,1.0671014350311074
F03413,20,1.0,1.0,1.0,1.726918566519532,2.380349552897693,2.0995823339513775,0.03927427344867895,0.6534309863781609
F03415,20,1.0,0.7,0.2,0.3334677163078595,1.0715300685526656,0.7598805242224989,0.24279887255217947,0.7380623522448062
F03416,24,1.0,1.0,1.0,1.207945032530456,1.881015845111456,1.535543329636257,0.023987137214253107,0.6730708125810001
F03420,20,1.0,1.0,0.7,0.9825964278742844,1.776374236582856,1.4526639999523268,0.1357697661103125,0.7937778087085717
F03421,24,1.0,1.0,0.5,0.9040644742359404,1.493219101810373,1.2365444121097149,0.07015965886182457,0.5891546275744327
F03423,24,1.0,1.0,0.5,0.5604075092615068,1.2334783218425076,0.9374255565866785,0.151802294004942,0.6730708125810008
F03425,20,1.0,1.0,0.5,0.6851137035406867,1.4154905628258996,1.1076026913816146,0.13968862182277267,0.7303768592852129
F03426,20,1.0,0.5,0.2,0.296027905310637,1.313324091139261,0.9069234122631444,0.14223597817249709,1.017296185828624
F03427,24,1.0,1.0,1.0,1.1414526893251271,1.922243348516108,1.4432933583875864,0.024636804218229093,0.7807906591909808
F03428,16,1.0,0.0,0.0,0.0727772759241253,0.5310725359569601,0.31100931662314046,0.08753669348820264,0.45829526003283483
F03431,24,1.0,0.5,0.0,-0.6811146354820298,-0.0080438229010291,-0.3054651501155759,0.20830950908153545,0.6730708125810007
F03432,24,1.0,0.5,0.0,-0.8336124300091764,-0.160541617428176,-0.4400895657508156,0.2090430579828696,0.6730708125810004
F03433,20,1.0,0.5,0.0,-0.815693603024231,-0.2467312675132552,-0.5427881515741481,0.16644256338268928,0.5689623355109759
F03434,24,1.0,1.0,0.5,-1.1754822338361417,-0.5024114212551405,-0.8015285413040802,0.17636986825237494,0.6730708125810012
F03437,16,1.0,1.0,0.5,0.7505404688607378,1.3871925157036773,1.0819595023227548,0.10471117229707692,0.6366520468429395
F03438,20,1.0,0.5,0.0,0.160054508135954,0.7469673210751507,0.4288355114100121,0.12010074402246315,0.5869128129391967
F03442,16,0.5,0.0,0.0,-0.2859608372406124,0.133576544713859,-0.06946127848269874,0.10027419721809219,0.4195373819544714
F03443,16,1.0,0.75,0.25,0.3633083566948129,1.0995830141301537,0.758786481472442,0.15791325768304437,0.7362746574353408
F03444,8,0.25,0.0,0.0,-0.242997057150665,0.4649206131533094,0.16148217552185057,0.08783947472646843,0.7079176703039745
F03446,4,1.0,0.0,0.0,-0.5007133613646465,-0.120230167723169,-0.31047176454390774,0.17984436786911046,0.38048319364147754
F03447,24,1.0,1.0,0.5,-1.3762313168704194,-0.6197140826276257,-0.9094180392159921,0.20245471022978803,0.7565172342427937
F03448,20,0.7,0.0,0.0,-0.5983373571801782,0.5264992071184852,-0.0898581024071955,0.08024232432138802,1.1248365642986635
F03452,8,1.0,0.875,0.5,0.7441164997188663,1.2914879130076415,1.0108878803777162,0.058967711953427385,0.5473714132887753
F03453,16,0.5,0.0,0.0,-0.2155975033750071,0.3264418623623551,0.09242208058675605,0.05869005291101774,0.5420393657373622
F03456,24,1.0,1.0,0.5,-1.2955037303035593,-0.6224329177225589,-0.9799770358153755,0.2001314082278058,0.6730708125810003
F03457,4,1.0,1.0,1.0,2.567045690808315,3.0412784437280727,2.8041620672681935,0.03159718014510068,0.47423275291975786
F03460,16,1.0,1.0,0.75,-1.5808256895075945,-0.8662652868140311,-1.2637111920569999,0.18986991718061327,0.7145604026935634
F03464,20,1.0,1.0,0.5,0.626825043535703,1.1656317868389567,0.9166890278396833,0.11195612506590984,0.5388067433032537
F03465,20,1.0,1.0,0.0,0.4152253458669868,0.913755538425968,0.6783351742373113,0.09526411954982165,0.49853019255898123
F03469,8,1.0,1.0,0.5,0.7101530713020231,1.1215333254786266,0.9107916104307179,0.02810345938326417,0.4113802541766035
F03470,24,0.75,0.125,0.0,-0.2331608395421394,0.8644404585662376,0.22708514897901844,0.06663207048406834,1.0976012981083771
F03473,20,1.0,1.0,1.0,-1.9130496685448672,-1.2173640868985751,-1.5883699691813602,0.030548531965019308,0.6956855816462921
F03476,24,1.0,1.0,0.0,0.3305495111123494,0.919704138686782,0.6568776046915448,0.0875020004869258,0.5891546275744326
F03485,20,0.8,0.35,0.0,-0.0046488958675059,0.7782345253867976,0.33923514012374223,0.12026071669120587,0.7828834212543035
F03493,24,1.0,0.75,0.0,-0.990799777604943,-0.2691244230403261,-0.7185167608556655,0.3060637365290735,0.7216753545646168
F03496,20,1.0,1.0,0.5,-1.364626879120158,-0.6957870297394256,-0.990477858396918,0.13794504809635563,0.6688398493807323
F03503,20,1.0,0.5,0.0,0.1847106369797971,0.6623677458519164,0.4319808231264625,0.15176689076659367,0.4776571088721193
F03506,8,1.0,0.375,0.375,-1.059720763818565,-0.6390180404896482,-0.8432074154220133,0.10570889977889539,0.4207027233289169
F03510,20,1.0,0.5,0.0,0.0848408054228106,0.5443388898472332,0.30718674218525743,0.17018411008187112,0.45949808442442264
F03511,12,1.0,0.5,0.0,0.1354714588494786,0.5020041666046584,0.314573985882689,0.11523416663803523,0.3665327077551798
F03513,24,1.0,1.0,0.25,0.2936626487865261,1.0405244966242126,0.5785389121723385,0.1767015259974707,0.7468618478376865
F03516,24,1.0,1.0,0.0,0.2256117874859267,0.94097061369193,0.49473654005589773,0.13974733707954973,0.7153588262060033
F03521,24,1.0,1.0,0.0,-0.8348216357612865,-0.3300951534729331,-0.5770339105990522,0.26819161340063297,0.5047264822883535
F03522,12,1.0,0.5,0.0,-0.8610598215051148,-0.2268337890284775,-0.4749855487457072,0.23739488134152759,0.6342260324766373
F03525,8,1.0,1.0,0.0,0.3943121370934602,0.6566701365150718,0.5227425382717074,0.04000361208424313,0.2623579994216116
F03529,8,1.0,0.125,0.0,0.0848869936329152,0.5108965817161367,0.26926906926385163,0.09870740837500569,0.42600958808322154
F03530,20,1.0,0.5,0.0,-0.8584357595410769,-0.314658950353608,-0.6004259200138606,0.22730943454182084,0.5437768091874688
F03541,20,1.0,1.0,0.3,0.4417719680457744,1.0829911077854644,0.7139156607037828,0.13419049707206473,0.64121913973969
F03545,24,1.0,1.0,0.0,0.2521101383861291,0.9339682568141496,0.5044845370671088,0.1667861461370185,0.6818581184280206
F03549,8,0.5,0.0,0.0,-0.0982006446032911,0.2665735053618971,0.0786187469557415,0.07062290339358226,0.3647741499651882
F03557,24,1.0,1.0,0.0,0.2735788741127615,0.8747190040460074,0.5444241600517855,0.17158696336188217,0.601140129933246
F03559,8,1.0,0.5,0.0,0.1564695164656027,0.5284325992920061,0.34388031695358234,0.10575291933856211,0.37196308282640345
F03560,20,0.5,0.0,0.0,-0.5461093712113116,0.2914172515706683,-0.03267515329827005,0.09985571852288243,0.83752662278198
F03569,8,1.0,1.0,1.0,-2.8071585601507087,-1.9069626544574063,-2.2636329785807705,0.1303867236701228,0.9001959056933024
F03571,12,1.0,0.0,0.0,0.0543061499865866,0.6697809210794329,0.3305108291767056,0.061004688783021385,0.6154747710928463
F03581,24,1.0,1.0,0.25,-1.0535108259459267,-0.3804400133649259,-0.6405762823601089,0.2053676763700192,0.6730708125810008
F03586,24,1.0,1.0,0.5,-1.1864372963321583,-0.5133664837511571,-0.8616877555748634,0.16847127740437648,0.6730708125810012
F03589,20,0.3,0.5,0.0,-0.0434957781637258,0.6815168366285462,0.3974970197785796,0.19727248072253942,0.7250126147922721
F03590,12,1.0,0.5,0.5,0.4230452830072134,1.0395078733711087,0.8136331214786872,0.1390631371994411,0.6164625903638954
F03591,20,1.0,0.7,0.0,0.1280908091875946,0.7700437860927535,0.5272657219407396,0.2263464451748776,0.6419529769051588
F03592,24,1.0,0.75,0.0,0.1421563771507783,0.8152271897317787,0.5115962143119639,0.2247693266411701,0.6730708125810003
F03593,20,1.0,1.0,0.0,0.3142923493578775,0.8346347778307459,0.5368892809576734,0.11099980521850558,0.5203424284728684
F03595,24,1.0,1.0,0.0,0.2283533873097467,0.9014241998907472,0.5250905380811743,0.1353865727772102,0.6730708125810005
F03597,20,0.3,0.5,0.0,-0.0523226546166341,0.5690377518946809,0.25139498131098337,0.21280132460894322,0.621360406511315
F03601,12,1.0,1.0,0.5,0.7443973095335605,1.1659969154435788,0.949447002193827,0.04124579250385525,0.4215996059100182
F03602,24,0.75,0.125,0.0,-0.0772558737825458,0.6986707556112653,0.22215278038132905,0.09972551235345188,0.7759266293938112
F03603,24,1.0,0.5,0.0,0.3476928496701687,1.0418054046172176,0.6061944666106626,0.0937556423020484,0.6941125549470488
F03605,24,1.0,1.0,1.0,-5.689166056869238,-4.1592207540365145,-5.012748065985907,0.043341230457639386,1.529945302832724
F03606,24,1.0,1.0,1.0,1.4956947925426305,2.203722501290837,1.761153986383703,0.048576089613277175,0.7080277087482063
F03607,24,1.0,1.0,1.0,-2.1543881794323765,-1.178751623219734,-1.7551245618590858,0.19185372811334708,0.9756365562126426
F03608,24,1.0,1.0,1.0,1.7769544378626136,2.4978396113932586,2.0488423640949054,0.04997699621305062,0.720885173530645
F03609,24,1.0,1.0,1.0,2.996175308146251,3.6942229176641295,3.4337537734382213,0.008748789563130995,0.6980476095178783
F03610,24,1.0,0.125,0.0,0.0060088895904447,0.7108912746221735,0.28460088529030764,0.10243669671522956,0.7048823850317288
F03611,24,1.0,0.75,0.25,-1.3819848167096684,-0.4651043871349525,-1.0120992624553413,0.21442455095639737,0.9168804295747159
F03612,24,0.75,0.5,0.0,-0.6210579546441773,0.0520128579368232,-0.3040401926114388,0.2174335760970404,0.6730708125810005
F03613,8,1.0,0.0,0.0,-0.5649468137238487,-0.1411100906404828,-0.37961762464626564,0.14209965058928684,0.4238367230833659
F03614,20,1.0,0.5,0.0,0.4959642133680319,0.9987055426260526,0.7335980089476393,0.0977371088024309,0.5027413292580207
F03615,20,1.0,0.7,0.2,-1.0027069302612936,-0.1750512130443026,-0.6739327765645915,0.20589742685886217,0.827655717216991
F03620,12,0.8333333333333334,0.0,0.0,-0.0128586558393627,0.8418471992485042,0.31200765323438046,0.08729727218221861,0.8547058550878669
F03622,24,1.0,1.0,1.0,-6.39995034422766,-4.768273028962839,-5.672666347128279,0.016923497667638208,1.6316773152648212
F03623,24,1.0,0.6666666666666666,0.25,0.4755546812512592,1.364519453229991,0.8314824067075943,0.0744756008055819,0.8889647719787317
F03624,24,1.0,0.25,0.0,0.083093708938562,1.0217675785109257,0.46387598319171297,0.09080569496559096,0.9386738695723638
F03625,24,1.0,1.0,1.0,1.2968245866684591,2.0590249173724127,1.5893700914874054,0.057516844629935227,0.7622003307039535
F03626,24,1.0,1.0,1.0,1.3731668003535809,2.3036039122677003,1.749830695777611,0.06533305694256684,0.9304371119141195
F03627,20,1.0,0.65,0.5,-1.4507435576677243,-0.87540137058742,-1.231051815656448,0.1461556396899567,0.5753421870803044
F03628,20,1.0,0.15,0.0,-0.6761111523946649,-0.1196413890008742,-0.42542869919342396,0.15263096476720003,0.5564697633937907
F03629,20,1.0,0.85,0.5,0.7351947116765506,1.3981784665514387,1.0207987989121943,0.06631023911472496,0.6629837548748881
F03630,24,0.5,0.08333333333333333,0.0,-0.2767413398806491,0.5386266268742889,0.057093446680818505,0.06928199223706123,0.815367966754938
F03631,20,1.0,1.0,0.5,0.9342153834684506,1.746556528914632,1.2326087492014794,0.07369588220353039,0.8123411454461815
F03632,20,1.0,1.0,0.7,-1.7426215220187866,-0.9725715009590404,-1.4414016229450173,0.19362247398839194,0.7700500210597462
F03633,4,1.0,0.0,0.0,0.1777014510521684,0.7911306890073064,0.4844160700297374,0.05738803652943753,0.613429237955138
F03634,24,1.0,1.0,1.0,-2.8877432014111704,-1.7692481946481893,-2.422472384694685,0.14498807836327635,1.118495006762981
F03635,8,1.0,0.375,0.0,-0.7617450672836662,-0.4054882242155187,-0.5801988926595858,0.11421473074253573,0.3562568430681475
F03636,24,1.0,0.4166666666666667,0.0,-1.115280611805942,-0.210219617657731,-0.7513047752648672,0.15010829148707688,0.905060994148211
F03637,20,1.0,0.3,0.0,0.1989487540294158,0.8403709190467842,0.46806121300204984,0.07645300372417356,0.6414221650173684
F03640,12,1.0,1.0,1.0,-2.8057246778592986,-1.7397478515505638,-2.3725725930241968,0.1629021743750395,1.0659768263087348
F03643,24,0.75,0.5,0.0,-0.6592387582982661,0.0138320542827345,-0.371746396577191,0.21475868290346564,0.6730708125810005
F03671,8,1.0,0.75,0.5,1.226919923852436,2.145872463661681,1.5887985198160268,0.07184968937119669,0.9189525398092449
F03674,24,1.0,1.0,0.25,0.4419411800383382,1.115011992619339,0.7188250761108084,0.0996453385644336,0.6730708125810008
F03675,8,1.0,0.75,0.0,-0.949167612604588,-0.4366695213821722,-0.6863223731305186,0.24207689050535247,0.5124980912224159
F03680,8,1.0,0.75,0.5,-1.4200509978237434,-0.5392067011002004,-0.9318433136304615,0.1620852724049288,0.880844296723543
F03684,20,0.3,0.5,0.0,-0.2071513037902576,0.5326589726656856,0.2468107308124177,0.15487293488355106,0.7398102764559432
F03685,20,1.0,1.0,0.2,0.3820918144200921,1.0317668072199098,0.7552453483864086,0.15350802969971825,0.6496749927998177
F03686,20,1.0,1.0,0.8,0.9548868084394662,1.7190321505707655,1.283655586953191,0.045727306891933925,0.7641453421312994
F03689,24,1.0,1.0,0.75,-1.90235629129348,-0.9628608766810592,-1.3440539234542395,0.15720812449195767,0.9394954146124207
F03690,24,1.0,1.0,1.0,1.4212465519106408,2.133943877343845,1.8661498751602736,0.07111948333620481,0.7126973254332043
F03691,20,0.5,0.3,0.0,-0.5553826534888211,0.2278837214006414,-0.07341320957482035,0.13351661207162704,0.7832663748894625
F03692,24,1.0,1.0,0.5,-1.5849336745729576,-0.9118628619919572,-1.2420656048516854,0.09727231353160588,0.6730708125810004
F03693,24,1.0,1.0,0.5,0.4661469787122797,1.1456053405026312,0.8944308201404858,0.2077566949657147,0.6794583617903515
F03694,24,1.0,1.0,1.0,-2.986370798081821,-2.1763888736175665,-2.4928251753166633,0.020116536081655926,0.8099819244642545
F03695,24,1.0,1.0,1.0,2.1518829463632736,2.7549296043842864,2.500002843403526,0.004976449092089202,0.6030466580210128
F03696,24,1.0,0.625,0.25,-1.1374548321995606,-0.3242062623811787,-0.6422758867573388,0.19908670069815043,0.8132485698183818
F03697,20,1.0,1.0,1.0,2.100840023975177,2.770022306500383,2.4507758358743015,0.01924883911650229,0.6691822825252056
F03699,24,1.0,1.0,0.5,0.5121247785573543,1.260614304294534,0.7978148808929133,0.08434768464167529,0.7484895257371796
F03700,24,1.0,1.0,0.25,0.4063310446552193,1.0794018572362198,0.7041333729826514,0.11289284424392951,0.6730708125810005
F03701,24,1.0,0.5,0.0,0.1521768065146273,0.8252476190956279,0.4127458759778946,0.1925887716429273,0.6730708125810007
F03702,20,1.0,0.5,0.0,-0.60382086414252,-0.0814869227591433,-0.37768354499959866,0.3260853655508524,0.5223339413833767
F03703,24,0.5,0.5,0.0,-0.1435307880878744,0.5641494812842096,0.1217546860651369,0.14857185058090466,0.7076802693720841
F03704,20,0.5,0.5,0.0,-0.3985988161521528,0.189710224265773,-0.13622183266979365,0.22705249451348458,0.5883090404179259
F03705,20,0.5,0.0,0.0,-0.2827125205567523,0.3279762514710373,0.048487515034398854,0.051024404345590316,0.6106887720277896
F03706,24,1.0,1.0,0.5,-1.2025722460328243,-0.5295014334518248,-0.8202233491500249,0.1669162680878138,0.6730708125809995
F03707,8,1.0,0.5,0.0,0.245315005190868,0.7358775232053788,0.542625461844446,0.10836571781393523,0.4905625180145108
F03708,24,1.0,1.0,0.5,0.57337631094063,1.2464471235216303,0.9256874642514594,0.08524993158994673,0.6730708125810003
F03711,20,0.3,0.5,0.0,-0.0787906014376098,0.4705327754424858,0.2371524293304828,0.1826608293351289,0.5493233768800956
F03712,8,1.0,1.0,1.0,1.278327576264273,1.609364261556235,1.4134190083280704,0.03253709065260722,0.33103668529196195
F03713,4,1.0,0.0,0.0,0.968928444793324,1.1990431312983378,1.083985788045831,0.03466772452257841,0.23011468650501388
F03714,8,1.0,0.375,0.0,0.3014265934392737,0.635133466527026,0.46421107202483625,0.05940336115963248,0.33370687308775226
F03715,24,0.5,0.5,0.0,-0.0938192509792082,0.5353847401625315,0.15664614788006315,0.11308161929232902,0.6292039911417396
F03717,8,1.0,0.0,0.0,0.1281920764649286,0.4119502821756073,0.2670083769275163,0.06020265173176622,0.28375820571067867
F03718,24,1.0,1.0,0.0,0.3018056550178785,0.9748764675988794,0.5967012085615518,0.1930637293377536,0.6730708125810009
F03722,24,1.0,1.0,0.5,-1.3567358330547574,-0.6836650204737567,-0.9875438584640752,0.15541104674999534,0.6730708125810008
F03723,20,1.0,0.7,0.0,0.3020321503734708,0.8309845716525828,0.5992645050982801,0.18453706849457643,0.5289524212791119
F03729,8,1.0,1.0,0.0,0.4117255595731752,0.7772259474138702,0.5899317385772331,0.10819327023148186,0.365500387840695
F03732,24,1.0,0.5,0.0,0.3468952904357755,0.9918783041315974,0.595537600467685,0.09985986773109051,0.6449830136958219
F03733,24,1.0,1.0,0.5,0.8006924180318645,1.4737632306128654,1.134077510103127,0.08002324603121182,0.6730708125810009
F03734,8,1.0,1.0,0.75,0.9856466219140776,1.512137368277805,1.245193420018068,0.0647929769414531,0.5264907463637274
F03736,16,1.0,0.5,0.0,0.2003415354294677,0.6601242606546435,0.42488293753299344,0.09650175421635075,0.45978272522517577
F03737,16,1.0,0.9375,0.5,-2.51368511749681,-1.4463922120693196,-1.8726535189153217,0.12760551357274894,1.0672929054274902
F03738,24,1.0,0.5,0.0,0.0854062176067116,0.7756105826668213,0.5190630606697972,0.2691205881720955,0.6902043650601096
F03739,20,1.0,1.0,0.5,0.5021206411340059,1.1366279822215837,0.87994921661351,0.1242611650189364,0.6345073410875778
F03740,24,0.5,0.5,0.0,-0.2880017484972416,0.4748717194365902,0.181989646002705,0.15305504059534156,0.7628734679338318
F03742,8,1.0,1.0,0.5,0.7420850184485597,1.129056271094156,0.9355706447713579,0.0798858100877165,0.3869712526455964
F03746,24,0.5,0.5,0.0,-0.1509064659426195,0.5221643466383812,0.2144598458767934,0.3454175822028898,0.6730708125810007
F03747,8,1.0,1.0,0.0,0.3882283101025537,0.6968368572873159,0.5390908523347218,0.09139680089516596,0.3086085471847622
F03750,24,1.0,0.75,0.0,0.1469864506580187,0.8200572632390194,0.5046035268953883,0.2164445900955078,0.6730708125810007
F03753,24,0.25,0.5,0.0,-0.1242337343603041,0.6585921142140932,0.3557338504599254,0.166351608562573,0.7828258485743973
F03754,20,1.0,0.5,0.0,0.2927148910962968,0.9664050074682156,0.5519796904998922,0.115227512029518,0.6736901163719188
F03755,24,1.0,0.75,0.0,-0.9330817057108156,-0.0936235006327929,-0.6019072637048349,0.3755672614970666,0.8394582050780227
F03756,24,1.0,1.0,0.5,0.6844588422268032,1.3935969741717515,0.9504732476662465,0.05990134799832916,0.7091381319449483
F03757,24,1.0,0.7083333333333334,0.5,0.5641636636659758,1.4583323334230405,0.9226933380114775,0.08491211635461735,0.8941686697570647
F03760,16,0.5,0.0,0.0,-0.0313369855406373,0.4419174760904013,0.1910160692337075,0.10310117234106948,0.47325446163103857
F03761,24,0.25,0.5,0.0,-0.0029779015098949,0.6700929110711058,0.3420485499395035,0.20530317765218553,0.6730708125810007
F03762,24,1.0,0.75,0.25,-1.0194614302051717,-0.3758015450582297,-0.7429952230304524,0.26367556427652505,0.643659885146942
F03763,8,1.0,1.0,0.25,-1.7821410988615578,-1.0813223337883062,-1.4024854241554858,0.12286988624035378,0.7008187650732516
F03764,16,1.0,0.5,0.0,0.0895694332188726,0.5747229442972045,0.3130011737392581,0.145630459793846,0.4851535110783319
F03769,24,1.0,1.0,1.0,1.7028832588368945,2.375954071417895,2.0177673091112744,0.003787874006215717,0.6730708125810003
F03774,20,0.3,0.5,0.0,-0.0809367756495523,0.7502434132032195,0.4290706903238296,0.21571042187571388,0.8311801888527718
F03775,20,0.5,0.5,0.0,-0.4033617004926991,0.0981580383491133,-0.16538530246956828,0.21832756882028645,0.5015197388418124
F03781,12,0.5,0.0,0.0,-0.1446245144210768,0.2784962802662433,0.0471895630570633,0.025928659725009802,0.4231207946873201
F03782,8,1.0,1.0,1.0,-1.541706568283335,-1.0135035294398425,-1.2713140644963594,0.1235240122090671,0.5282030388434926
F03784,24,1.0,0.75,0.0,0.3095823508404541,0.9826531634214548,0.6595451686680651,0.1455952091727294,0.6730708125810008
F03785,24,0.5,0.25,0.0,-0.2345451882174675,0.5612095305903517,0.0747775106534116,0.07948349232923363,0.7957547188078192
F03787,24,1.0,1.0,0.75,-1.836179771877421,-0.7381898495533558,-1.198630150182358,0.15782825884816482,1.0979899223240652
F03789,20,1.0,1.0,0.5,0.5792141032530538,1.0578144567014245,0.8320427002396094,0.047439861218245435,0.4786003534483707
F03790,24,1.0,0.75,0.0,-0.7955840061832722,-0.1150407292030805,-0.543867028226207,0.34912706832572843,0.6805432769801917
F03791,24,1.0,0.5,0.0,0.2046074354421058,0.948774398080449,0.48813625622824686,0.14810567524099008,0.7441669626383433
F03792,24,1.0,0.5,0.0,-0.7295214902570188,-0.056450677676018,-0.39308878241899947,0.37732299933688285,0.6730708125810009
F03793,24,1.0,1.0,0.5,-1.085423214941118,-0.4012740435212582,-0.8319032897642189,0.26337087582690405,0.6841491714198599
F03794,16,1.0,1.0,1.0,-2.576347224550607,-1.9242407872103544,-2.2921778879603987,0.009781335531600821,0.6521064373402528
F03797,20,1.0,0.5,0.0,0.0098089478280755,0.5640982562303014,0.2500755224356682,0.2413607769798454,0.5542893084022259
F03798,24,1.0,0.75,0.0,-0.8220415528533747,-0.1978068679152384,-0.5602143489478653,0.32347984534014806,0.6242346849381363
F03799,24,0.5,0.5,0.0,-0.2252012757179265,0.4478695368630739,0.1915909477447664,0.16316332511253578,0.6730708125810004
F03806,24,1.0,0.5,0.0,-0.8973542372437634,-0.2731195523056271,-0.5814307389970692,0.17297732563545057,0.6242346849381363
F03809,20,1.0,1.0,0.7,0.9095227295493232,1.428471142737504,1.204107981323111,0.09328752319931533,0.5189484131881809
F03810,20,1.0,0.7,0.0,0.1493503418419707,0.6669273972816049,0.45323071572384904,0.23050849572517285,0.5175770554396342
F03812,20,1.0,0.75,0.0,0.3009782034484619,0.8206499369851106,0.5593115196127209,0.1969731039974727,0.5196717335366488
F03816,24,0.75,0.5,0.0,-0.6221735524829018,0.0508972600980987,-0.3568585890265498,0.2883872297502333,0.6730708125810005
F03817,8,1.0,0.0,0.0,0.4592045469019942,0.8482804794329167,0.6494010264204715,0.02234402320119189,0.38907593253092254
F03819,20,1.0,0.5,0.0,-0.6357817366750049,-0.0297016517555327,-0.36955171171594364,0.2745367305609924,0.6060800849194722
F03822,8,0.75,0.0,0.0,-0.3133316186682928,0.0014208102322544,-0.15146785052788045,0.1602759625938082,0.31475242890054717
F03823,24,1.0,1.0,1.0,-1.7243192099004372,-1.0512483973194366,-1.4541567682153436,0.049205142611568865,0.6730708125810005
F03825,24,1.0,0.5,0.0,-0.7638292890457392,-0.0907584764647384,-0.4420444315186779,0.2615873224972476,0.6730708125810008
F03827,24,1.0,0.7916666666666666,0.5,0.3955657054180736,1.0415967890101063,0.7827178439256883,0.19948170471085672,0.6460310835920327
F03828,24,1.0,0.5,0.0,0.0297702412209969,0.7028410538019975,0.43518489416925826,0.23257390179510487,0.6730708125810005
F03829,12,0.5,0.0,0.0,-0.2546824079128342,0.1504377313362637,-0.07505469821440125,0.1043456894041479,0.4051201392490979
F03837,24,1.0,0.5,0.0,0.1409460621386539,0.7301006897130866,0.4190934388852491,0.17563864810989965,0.5891546275744327
F03839,24,0.75,0.5,0.0,-0.6157252973797996,0.0573455152012011,-0.2741715605741586,0.4544104005582682,0.6730708125810008
F03840,20,0.5,0.5,0.0,-0.1018406784399044,0.3610185858306878,0.14233998517360164,0.14603240789794522,0.4628592642705922
F03841,24,1.0,1.0,1.0,1.0219560639754004,1.7622538722751024,1.3035503075922206,0.027340187485367512,0.740297808299702
F03842,4,1.0,1.0,1.0,1.1573922968959696,1.3286775293601938,1.2430349131280818,0.031304683023576724,0.17128523246422422
F03847,20,0.5,0.5,0.0,-0.1469842250293516,0.4440011630396033,0.09615509543421014,0.09973903813997421,0.5909853880689548
F03848,20,1.0,0.5,0.0,-0.577817614299059,-0.0966147406353735,-0.34849550086971925,0.25766744556081894,0.48120287366368547
F03850,8,0.5,0.0,0.0,-0.124287519924976,0.1271352287824104,0.004203363887034101,0.01432290180385789,0.2514227487073864
F03853,8,1.0,0.0,0.0,0.3817320424321604,0.6348429748967354,0.5056855765158625,0.029141148172946347,0.25311093246457494
F03854,16,1.0,0.5,0.0,0.1461787005566683,0.6585848112028466,0.4010748831125268,0.15511445776099309,0.5124061106461784
F03855,8,1.0,1.0,0.5,0.7558764376113993,1.1656324128347573,0.9556098170788638,0.04592752351498087,0.40975597522335794
F03856,20,0.8,0.45,0.0,-0.1132654660329433,0.5066822576699593,0.18394799876643758,0.13337332758986525,0.6199477237029026
F03858,4,0.5,0.0,0.0,-0.0080079255506873,0.2980457732559888,0.14501892385265075,0.12833935043641714,0.3060536988066761
F03859,24,0.75,0.5,0.0,-0.0599279515515617,0.6796576638118023,0.23601565931411875,0.14846044977390152,0.739585615363364
F03860,8,1.0,0.25,0.0,0.150447456771281,0.5612401356835778,0.339317991035047,0.09248041222444867,0.41079267891229676
F03862,12,1.0,1.0,0.0,0.3063253797418955,0.6934938755709145,0.4928103543243012,0.06823278694562933,0.38716849582901897
F03863,12,0.5,0.0,0.0,-0.2037179096212564,0.2991379784460622,0.09744265054691195,0.04081043226992098,0.5028558880673186
F03864,20,1.0,0.5,0.0,0.0497833782706986,0.525980107312252,0.29076364262097765,0.14540565377334638,0.47619672904155336
F03866,20,1.0,1.0,0.5,0.5713240234853352,1.1973149386188338,0.9506122808877708,0.10825105263849147,0.6259909151334986
F03868,24,1.0,0.5,0.0,-0.7145716067203332,-0.0815982719622024,-0.4622215360528662,0.39563944202437196,0.6329733347581308
F03870,24,0.75,0.5,0.0,-0.520928100004814,0.1817865186814584,-0.2581254511947084,0.32221257115446195,0.7027146186862725
F03871,24,0.75,0.5,0.0,-0.7415945969663952,0.024115352673137,-0.4472942826796597,0.22231371581378365,0.7657099496395322
F03872,12,1.0,0.6666666666666666,0.5,0.4276010088945177,1.2659437777806652,0.9594170978930454,0.1649455660560403,0.8383427688861476
F03873,20,1.0,0.5,0.0,-0.6881327265240881,-0.0408850526315056,-0.3901002223347518,0.22226794116342113,0.6472476738925825
F03875,8,1.0,1.0,1.0,-2.224332198442433,-1.5306525867836809,-1.9098000976573661,0.069255651643114,0.6936796116587522
F03878,24,1.0,0.8333333333333334,0.75,0.7784174134354228,1.6535183738703,1.3045225541858922,0.11641095867435484,0.8751009604348773
F03879,12,0.5,0.0,0.0,-0.4342854371881243,0.0787593545378922,-0.17864399714914148,0.15922481123067578,0.5130447917260165
F03882,24,1.0,0.6666666666666666,0.0,0.1520495464774624,0.7762842314155984,0.4321471156946014,0.21684572655807205,0.624234684938136
F03883,20,1.0,1.0,0.0,0.437974126023763,0.9705586388122462,0.6719829260828867,0.06951160660250065,0.5325845127884832
F03884,24,1.0,1.0,1.0,-3.274204996652184,-2.601134184071184,-2.93452853952748,0.004993415129956595,0.6730708125809999
F03885,16,1.0,1.0,1.0,1.100036032206213,1.7032480124489082,1.3919637337307946,0.03878985058141203,0.6032119802426952
F03886,24,0.75,0.5,0.0,-0.7206451033476604,0.0070119244434788,-0.26826192891906,0.24838662252037882,0.7276570277911392
F03887,16,1.0,0.0625,0.0,-0.9994125206541176,-0.099731236526271,-0.5786351872273754,0.12969596125753133,0.8996812841278465
F03891,12,1.0,1.0,0.5,0.7660755035907404,1.4838844883564204,1.085141312684674,0.10711544240984605,0.71780898476568
F03892,8,1.0,0.5,0.0,0.2018212484061299,0.8536877994612447,0.49880734411397043,0.13769756130636948,0.6518665510551148
F03894,16,0.75,0.0,0.0,-0.464143127675245,0.2298171972722815,-0.13554103163959094,0.07143917511009969,0.6939603249475266
F03896,20,1.0,0.7,0.0,0.2225543522950193,0.8645073292001785,0.5411748057080398,0.16970846680718893,0.6419529769051592
F03897,20,1.0,0.5,0.0,0.1263990379079352,0.7203959700426111,0.37418358647016803,0.1703249543882878,0.593996932134676
F03898,20,0.5,0.5,0.0,-0.4137858834754898,0.1505654834756511,-0.18881427665952236,0.21918001781921417,0.5643513669511409
F03903,24,0.25,0.0,0.0,-0.137682061594298,0.5970137946018155,0.31822052703678927,0.08198251269228873,0.7346958561961134
F03904,24,0.5,0.9166666666666666,0.0,-0.3241589267019485,0.348911885879052,-0.033419596626706446,0.1131559925034797,0.6730708125810005
F03905,8,1.0,0.5,0.0,-0.7775152425582219,-0.2606324892638078,-0.5120288056496447,0.2683694335555004,0.5168827532944141
F03907,20,1.0,1.0,0.5,0.8034046579815447,1.297043635144401,1.0262630838472977,0.02688742742497409,0.4936389771628563
F03909,8,1.0,1.0,1.0,-2.472204906660492,-1.8546121985760704,-2.1568826714693676,0.0947035106677133,0.6175927080844217
F03910,24,1.0,0.9166666666666666,0.5,0.5135476707564833,1.430025443576882,1.0603412176997131,0.21338514903523975,0.9164777728203987
F03911,16,1.0,1.0,1.0,-2.28613496996679,-1.7017797789150022,-1.9524650067276292,0.08116444487038466,0.5843551910517879
F03912,24,0.5,0.75,0.0,-0.3220036647807955,0.3853752744149364,-0.056868855715960245,0.21622750868328058,0.7073789391957319
F03913,24,1.0,1.0,0.0,-0.989154879742928,-0.3451370150705252,-0.6205493793769801,0.27383725738126674,0.6440178646724029
F03914,8,0.75,0.0,0.0,-0.5078640151080749,0.0970643504599764,-0.1797032190142443,0.12059434433024048,0.6049283655680513
F03929,8,1.0,0.75,0.5,0.5517070086612017,1.1597245345572142,0.9063558149537673,0.11914680698741266,0.6080175258960125
F03933,16,1.0,1.0,0.0,0.377033809551568,0.7902895082483008,0.5908296344776025,0.09564616262906683,0.4132556986967328
F03934,20,0.5,0.5,0.0,-0.1343946619029708,0.4055364778376938,0.1033009916122466,0.07363857404876331,0.5399311397406646
F03935,8,1.0,0.5,0.0,0.2902530881091936,0.7127902698555725,0.5301544647746529,0.09982517224673916,0.4225371817463789
F03937,16,1.0,0.5,0.0,-0.8943134483833415,-0.4157498707394709,-0.6725398211986212,0.19088776474558586,0.4785635776438706
F03939,8,0.5,0.0,0.0,-0.3647501887823552,0.269466499075474,-0.129410215917289,0.09649822863509694,0.6342166878578293
F03943,8,1.0,0.0,0.0,0.1122244969384326,0.3224412922644047,0.21535397214184634,0.05012571479307683,0.2102167953259721
F03944,16,1.0,1.0,0.0,0.4077198804751899,0.8638662203750481,0.629173995662129,0.08594770691307024,0.4561463398998582
F03945,12,1.0,1.0,0.5,0.6679814081166019,1.206322705232132,1.009848790949551,0.09029405125966587,0.53834129711553
F03947,20,1.0,1.0,0.5,0.7732241081259427,1.4446980456173164,1.2011919513567522,0.07827337886756959,0.6714739374913737
F03950,24,1.0,0.5833333333333334,0.25,0.4008137773616787,1.1610915632734415,0.7346840439423703,0.07989827471681508,0.7602777859117629
F03952,24,1.0,1.0,1.0,-1.9437475486513585,-1.213193494603827,-1.4899158610945618,0.10034446458631073,0.7305540540475315
F03953,20,1.0,1.0,1.0,-3.3201341721148414,-2.607940120814105,-2.8858542929825215,0.002130818445091993,0.7121940513007363
F03954,8,1.0,0.625,0.25,-1.0138631115632573,-0.4857510228349895,-0.7247333883889674,0.18057152541582383,0.5281120887282678
F03955,20,1.0,0.8,0.5,-1.2825154018626317,-0.4980989500393669,-0.8005962243423219,0.1891476503092922,0.7844164518232648
F03957,24,0.5,0.5,0.0,-0.1785475603918348,0.4651123247551072,0.18074933055538125,0.11078468185597024,0.6436598851469421
F03958,8,1.0,0.5,0.0,-0.8485546427741705,-0.4958058393164022,-0.6721802410452864,0.14045087777663884,0.35274880345776827
F03959,20,1.0,0.7,0.0,0.0800426756033463,0.747193482010334,0.4825631064298512,0.32072528014385693,0.6671508064069877
F03960,20,0.5,0.8,0.0,-0.308032587936681,0.3569295608216919,0.10999482130938391,0.07463206288686783,0.6649621487583729
F03961,20,1.0,0.5,0.0,0.1984576117479723,0.7694118820599474,0.49489041114830257,0.22062044129610978,0.5709542703119751
F03962,20,1.0,0.5,0.0,0.1221179525969726,0.680947251370085,0.44865364760778237,0.1971982921874121,0.5588292987731125
F03965,12,0.5,0.0,0.0,-0.4522920211513306,0.3618977814129239,0.03610716531857575,0.10251146701080034,0.8141898025642544
F03970,24,1.0,0.75,0.0,0.2154301825391023,0.8885009951201028,0.5197155769827124,0.24026169994630403,0.6730708125810005
F03971,20,1.0,1.0,0.0,0.4569278792366729,0.9699723838575532,0.7238628535534686,0.1444466898633906,0.5130445046208804
F03973,16,0.5,0.0,0.0,-0.0317873738413676,0.3669739661973013,0.1633400393627551,0.10276753167000448,0.3987613400386689
F03974,24,1.0,1.0,0.5,0.7719392509693592,1.3961739359074956,1.1271888740660123,0.037970654360824425,0.6242346849381364
F03975,24,0.5,0.5,0.0,-0.0637682913778009,0.6093025212031997,0.2158947971774355,0.310846272748981,0.6730708125810007
F03976,20,1.0,0.45,0.0,-1.141970071459454,-0.2450503192702484,-0.6024718669580973,0.15709211296608058,0.8969197521892056
F03977,24,1.0,1.0,0.25,0.3543289206169951,1.0273997331979956,0.7405512877790572,0.17811185512674235,0.6730708125810005
F03978,24,1.0,0.9583333333333334,0.0,0.2331849349625467,0.8343600282174546,0.485319436783893,0.1555065812807472,0.6011750932549079
F03979,24,0.75,0.625,0.0,-0.7113300484596314,0.0195062144758475,-0.4344665775249226,0.41300713593085797,0.730836262935479
F03986,24,1.0,1.0,0.5,0.5834262824186903,1.2564970949996912,0.8622294036923455,0.053244730351454495,0.6730708125810009
F03987,24,0.5,0.4583333333333333,0.0,-0.5305694651659056,0.1753446868123017,-0.10557438921578681,0.18723680784008098,0.7059141519782073
F03988,12,0.5,0.0,0.0,-0.5025504928440627,0.1656137606011414,-0.09801328635344535,0.15631982915698936,0.6681642534452041
F03990,8,0.5,0.0,0.0,-0.2380477136480429,0.0528400107613395,-0.0969632997522532,0.13373890547903455,0.2908877244093824
F03991,24,1.0,1.0,0.5,0.5322042540638242,1.2273512912420448,0.7912231121199036,0.07958464140990633,0.6951470371782206
F03992,20,1.0,1.0,1.0,1.1875294456941103,1.7673962028106398,1.4293139452002328,0.05173628016548644,0.5798667571165295
F03994,12,0.5,0.0,0.0,-0.1432739372323848,0.330841296740221,0.11328664225804509,0.070845244118289,0.4741152339726058
F03996,24,1.0,1.0,0.25,0.360331689298696,1.0038688752323583,0.6100622823045121,0.0805932290554907,0.6435371859336623
F04003,24,1.0,0.625,0.0,0.1122653158885208,0.7103393268443418,0.4578988893961781,0.19284086573352838,0.5980740109558209
F04004,24,1.0,0.5,0.0,0.0884761820052476,0.7615469945862485,0.3424448172990382,0.22283260593264634,0.673070812581001
F04006,8,1.0,1.0,0.5,-1.2556259792682332,-0.53545123844722,-0.9099560470482957,0.23632314288083486,0.7201747408210132
F04007,24,1.0,0.5,0.0,0.0896784041724272,0.7794987262895632,0.3460339046979645,0.2266378665708274,0.689820322117136
F04009,24,0.5,0.75,0.0,-0.2925716101953943,0.3364119761155736,0.08605677967168816,0.0737863122525606,0.6289835863109678
F04010,8,1.0,0.0,0.0,0.4612857748229287,0.844648752058575,0.6574811157506402,0.03283175768341584,0.38336297723564633
F04012,24,1.0,1.0,1.0,-3.5920926432093614,-2.6213856608179777,-3.0181844914806386,0.08470196061686126,0.9707069823913836
F04014,20,1.0,0.5,0.0,0.0860159014525502,0.5450997931350233,0.3075920288444723,0.19183437610784507,0.4590838916824731
F04018,20,1.0,0.5,0.0,0.0908578968672531,0.7206941844641662,0.4714122861830986,0.18394937558896166,0.6298362875969131
F04020,8,1.0,1.0,0.5,0.720415500123591,1.130507786625109,0.920784634879396,0.04830969539154543,0.41009228650151797
F04021,20,1.0,1.0,0.0,0.4481007197523519,0.901830530662737,0.6664376150825141,0.10390843469069753,0.4537298109103851
F04022,4,1.0,1.0,1.0,-2.365731052840951,-1.6705696787649733,-2.018150365802962,0.11626698300476693,0.6951613740759777
F04024,20,0.5,0.3,0.0,-0.5564250717810086,0.2554265340531854,-0.06016301239464231,0.13440883641643517,0.811851605834194
F04027,20,1.0,1.0,0.5,-1.3729558241729052,-0.7372417818611127,-1.0272356075076678,0.2257863100578278,0.6357140423117925
F04028,24,1.0,0.5,0.0,-0.7729972872285826,-0.1214434992100246,-0.4006238251895569,0.38472324294243737,0.651553788018558
F04031,20,0.5,0.0,0.0,-0.312037656926647,0.1669568289198717,-0.06440224157721716,0.08445448775724272,0.4789944858465187
F04033,16,1.0,1.0,0.75,0.9957503036620036,1.5183097129223753,1.275098376057854,0.05141997157439292,0.5225594092603717
F04034,24,1.0,1.0,0.5,0.8592863876534313,1.499323879090401,1.2189289147555078,0.06640417423830486,0.6400374914369698
F04036,8,1.0,1.0,1.0,1.2585111925423402,1.675894941621766,1.4626080143116211,0.02482936310494861,0.4173837490794259
F04037,20,1.0,1.0,0.5,0.7889847444571739,1.3408572027968382,1.1385120327972573,0.17491566225077151,0.5518724583396643
F04038,16,1.0,1.0,1.0,1.0177237182401035,1.5263814768222572,1.265344206231565,0.0517982479458341,0.5086577585821537
F04039,20,1.0,1.0,1.0,1.1089993971695784,1.5826188228801394,1.3379079110337044,0.028271975831100016,0.47361942571056104
F04044,12,0.5,0.0,0.0,-0.1893270085773898,0.3170699511142006,0.08081856809180354,0.04121634597275083,0.5063969596915904
F04045,20,0.3,0.5,0.0,-0.2354494811370838,0.5631693655995615,0.2639497981432659,0.10311952312395338,0.7986188467366453
F04047,24,1.0,1.0,0.5,-1.6050833175114096,-0.7829139516614424,-1.1054439740533952,0.12621604809374426,0.8221693658499672
F04048,24,1.0,0.75,0.25,-1.0868768857379716,-0.2796284760988358,-0.594698020385373,0.2661941416011077,0.8072484096391358
F04050,8,0.25,0.0,0.0,-0.030358835437748,0.549589272836357,0.31740243146330704,0.05958572440277789,0.5799481082741049
F04051,12,1.0,0.5,0.0,-0.8877711772629604,-0.2837833874709315,-0.5455713822049421,0.25979703804430315,0.6039877897920289
F04052,24,1.0,0.7916666666666666,0.25,-1.045237586041582,-0.421002901103446,-0.7282430971889682,0.25116143871074825,0.6242346849381359
F04053,24,1.0,0.75,0.0,0.1639468300323894,0.8370176426133901,0.5821664907657561,0.23849487911766995,0.6730708125810007
F04056,20,1.0,1.0,0.7,0.9579449793696124,1.5031899073236084,1.2220467279695728,0.08873478396577204,0.5452449279539959
F04057,24,1.0,1.0,0.75,-1.5954480119809535,-0.9223771993999528,-1.2538489997534699,0.1226942942030372,0.6730708125810008
F04058,20,1.0,0.95,0.3,-1.104115929516545,-0.3011000406610289,-0.6319901026633277,0.21785844093606474,0.8030158888555161
F04059,8,1.0,1.0,0.0,0.634294914423256,0.9843675670409688,0.8049202887044992,0.026747966250746984,0.3500726526177128
F04066,20,1.0,1.0,1.0,-1.6678578791763716,-1.0245857393636633,-1.268641550487653,0.06600092227200272,0.6432721398127084
F04070,8,1.0,0.5,0.0,0.4058633798234013,0.7432269728240157,0.5684598621121151,0.057563858786289876,0.3373635930006144
F04073,12,1.0,0.5,0.0,0.0964599371379922,0.5835492867391747,0.2831503590229202,0.16457919985000102,0.48708934960118255
F04075,24,1.0,1.0,0.25,0.4506610208536732,1.074895705791809,0.7175751747382825,0.12086040130573879,0.6242346849381357
F04078,16,1.0,0.5,0.0,0.4522373136172583,0.8283812866397056,0.6454034110481457,0.0511730298056749,0.3761439730224473
F04079,24,1.0,0.75,0.0,0.1645976991248628,0.8376685117058635,0.4538701941041183,0.17944829582979302,0.6730708125810008
F04081,16,1.0,0.125,0.0,0.0709620617569335,0.4765093730972369,0.26938026850027463,0.10268258677415683,0.4055473113403034
F04082,4,1.0,1.0,1.0,-1.4277486299991853,-1.0699424620557056,-1.2488455460274455,0.08070869443790055,0.35780616794347964
F04083,4,1.0,0.5,0.0,-0.6000334791549049,-0.1192897775519647,-0.3596616283534348,0.2314881048877329,0.4807437016029402
F04088,8,1.0,0.5,0.0,0.1858589446101237,0.5337681160813853,0.35528668916595196,0.07386399267109796,0.3479091714712616
F04089,20,0.5,0.25,0.0,-0.6577804421314717,0.0348410770197729,-0.2183677926443519,0.16693913104066344,0.6926215191512446
F04090,4,1.0,1.0,1.0,-2.560023711684392,-1.8840042049142331,-2.2220139582993124,0.004959957352620935,0.6760195067701589
F04091,20,1.0,1.0,1.0,-3.041791931913439,-2.2739469542348507,-2.564546334881493,0.041487913366798475,0.7678449776785885
F04092,20,0.5,0.5,0.0,-0.3793384670016648,0.1949749095974952,-0.06996718461733355,0.17096053038509845,0.5743133765991599
F04093,24,0.5,0.25,0.0,-0.2528906787868173,0.387146812650152,0.024664140595059864,0.04492334719288273,0.6400374914369693
F04094,20,0.3,0.5,0.0,-0.0560949902271442,0.4795548045250057,0.23362076853911484,0.19195919907759967,0.5356497947521499
F04095,20,0.5,0.3,0.0,-0.5762403374878826,0.0165100278685824,-0.23293782445353275,0.2056943790685624,0.592750365356465
F04096,24,1.0,1.0,0.25,0.4776563927867999,1.1974091477692246,0.7489781097449815,0.10920791918471326,0.7197527549824247
F04101,20,1.0,0.5,0.0,0.2003877825899312,0.6701055133900655,0.4506366419883274,0.12965555923043848,0.46971773080013435
F04103,20,0.5,0.3,0.0,-0.3855894534744603,0.2204019930016402,-0.0712423872433871,0.1243886942920476,0.6059914464761005
F04105,24,1.0,1.0,1.0,-2.255007965216252,-1.418543229167458,-1.9088135971528701,0.05051902945484988,0.8364647360487938
F04107,8,0.5,0.0,0.0,-0.4137542453951687,0.0089718397297538,-0.1963779698090176,0.15282872609564865,0.4227260851249225
F04110,24,1.0,1.0,0.5,-1.2222696615985036,-0.4802462673916155,-0.9398126250280903,0.2841082353235315,0.7420233942068881
F04111,24,1.0,1.0,0.25,-1.219310941288263,-0.373806728665025,-0.7080041744436131,0.2307172821244426,0.8455042126232379
F04112,8,0.5,0.0,0.0,-0.2035559101295997,0.1905604738600326,0.025607587477793993,0.03672611787371535,0.39411638398963234
F04113,20,0.5,0.0,0.0,-0.3136960132119219,0.2593306308941039,0.0038238297985224573,0.06500010485704098,0.5730266441060259
F04114,12,1.0,1.0,0.0,0.457161119581831,0.8826306816421089,0.6654776427990854,0.09320149888284529,0.4254695620602779
F04117,16,0.25,0.5,0.0,-0.0078734661100385,0.522721025447411,0.27597051072467665,0.17236270751396962,0.5305944915574494
F04119,12,0.3333333333333333,0.0,0.0,-0.4677494403982704,0.4868269566421122,0.1319440319531681,0.0851716815601472,0.9545763970403826
F04120,12,1.0,0.5,0.0,-0.8314587490768268,-0.1279117716149624,-0.4123229900225728,0.21471053889239147,0.7035469774618645
F04122,4,0.5,0.0,0.0,-0.3676489651006185,0.3152282870936194,-0.02621033900349956,0.030619859045497896,0.6828772521942379
F04123,4,0.5,0.0,0.0,-0.2589833676859103,0.0751781160858687,-0.09190262580002079,0.08610122997257112,0.334161483771779
F04128,24,1.0,0.5,0.0,0.0914466663920632,0.7645174789730638,0.35023881699742115,0.16417584081170544,0.6730708125810005
F04132,16,0.25,0.25,0.0,-0.1134605554247422,0.6073348008682106,0.3089632062907757,0.12189793161071291,0.7207953562929528
F04133,8,1.0,0.5,0.5,0.5463630436388531,1.1557201827017,0.8281354462990265,0.09225285155861067,0.6093571390628469
F04134,8,1.0,0.5,0.0,-0.688073438095723,-0.3316407312707519,-0.5052166449493042,0.14707470040017037,0.3564327068249711
F04135,8,0.75,0.0,0.0,-0.4867738121910493,0.0398432449426703,-0.24073809004284175,0.11686807803851017,0.5266170571337196
F04137,20,0.3,0.1,0.0,-0.1139532057672284,0.4138937048914641,0.20952764456872564,0.10065635015661525,0.5278469106586925
F04138,12,0.5,0.0,0.0,-0.2984750856210738,0.1711875033128635,-0.04439558599600961,0.05017316657378029,0.4696625889339373
F04143,24,1.0,0.75,0.0,0.2174374639451333,0.8905082765261337,0.6047921637110626,0.18020988396891377,0.6730708125810004
F04144,8,0.75,0.125,0.0,-0.7383404836506721,0.2599622892443274,-0.29735277798433224,0.14957231523869716,0.9983027728949995
F04153,8,0.5,0.0,0.0,-0.2947859125680525,0.1991316993109438,-0.022062441930719504,0.0728350224076639,0.4939176118789963
F04154,24,1.0,1.0,0.5,-1.3563855877341684,-0.7222566524165567,-0.9944960131222633,0.21092286067075672,0.6341289353176117
F04156,12,1.0,0.5,0.0,0.3373225182059864,0.7515185748903522,0.5275816272590856,0.06079475889544221,0.4141960566843658
F04160,8,1.0,1.0,0.75,-1.612469651187519,-0.9442278152819864,-1.2627000307270437,0.13772773814631517,0.6682418359055325
F04161,8,1.0,1.0,1.0,1.6453721407563426,2.268640780317468,1.9496739025270462,0.059252874688961184,0.6232686395611253
F04162,8,0.25,0.5,0.0,-0.0361674921632882,0.8294552167818302,0.510668369566361,0.19328802212774057,0.8656227089451184
F04168,12,1.0,0.5,0.0,0.1935544326278047,0.898252094406084,0.6241624209177488,0.13661113605749936,0.7046976617782793
F04169,20,1.0,0.7,0.5,0.5283905166237574,1.4143694137644105,1.0617162216633536,0.1541063430398725,0.8859788971406531
F04170,24,0.25,0.3333333333333333,0.0,-0.0595709800368146,0.7926784880219552,0.4551084145256008,0.10801416874176446,0.8522494680587698
F04171,20,1.0,0.5,0.0,0.6547279894997524,1.3440059248198395,0.904196226651197,0.11055392586732812,0.6892779353200871
F04172,24,1.0,1.0,0.0,0.4541395655506663,0.9771454083052856,0.7061043596278903,0.11340007749889022,0.5230058427546194
F04174,8,1.0,0.5,0.0,0.1060989211965413,0.4487478705311757,0.2727816772764002,0.10339191422777727,0.3426489493346344
F04175,24,0.75,0.5,0.0,-0.6229151880055677,0.0013194969325685,-0.3371368909316904,0.38847366785693377,0.6242346849381362
F04177,24,1.0,1.0,0.75,0.8675941247150395,1.649648982908446,1.3471762143447736,0.12451278260987458,0.7820548581934065
F04180,8,0.5,0.0,0.0,-0.1480799481319243,0.2419216940010332,0.041573255049687646,0.02534602829491611,0.3900016421329575
F04181,8,0.25,0.0,0.0,-0.091627418687818,0.4508684218271598,0.2067271019286963,0.08575384416968108,0.5424958405149778
F04186,24,1.0,1.0,0.5,0.7430619338361388,1.3315606781014575,1.034797670451106,0.04676219979107867,0.5884987442653187
F04187,20,1.0,1.0,0.0,0.3478213981441874,0.8693489053319072,0.5964129721303496,0.08204792768381557,0.5215275071877199
F04194,16,1.0,0.5,0.0,0.2169976405281242,0.5865978214637989,0.3976521675440851,0.12349141936881684,0.3696001809356747
F04198,4,1.0,1.0,1.0,-1.9277621294277236,-1.385477013001878,-1.6566195712148009,0.09600525326453445,0.5422851164258455
F04199,20,1.0,1.0,0.5,0.6254626650324371,1.2057528675775406,0.8542781152394254,0.03255792412278319,0.5802902025451036
F04201,16,1.0,0.5,0.0,0.1431676044660471,0.5836480146125725,0.3828395754744618,0.12771174835229793,0.44048041014652545
F04204,20,1.0,1.0,0.5,-1.4682110766846668,-0.696677099304945,-1.015371859690359,0.12420876547189617,0.7715339773797217
F04207,24,1.0,1.0,1.0,1.1820782348189014,2.0753653361700986,1.717276446027531,0.1202925055031684,0.8932871013511972
F04208,20,1.0,0.5,0.0,-0.922980437221958,-0.0939991389358631,-0.41872345859940235,0.21432227189093253,0.8289812982860949
F04209,8,1.0,1.0,0.5,-1.4895628668606031,-0.7612489030622863,-1.1729829150967104,0.220403458659825,0.7283139637983168
F04210,12,0.5,0.0,0.0,-0.1607978469423494,0.2698841784119042,0.0491250236570943,0.0322762604874474,0.4306820253542536
F04211,24,1.0,0.7083333333333334,0.0,-0.8028980276662976,-0.129827215085297,-0.48131024512207904,0.37660256499673306,0.6730708125810005
F04214,4,1.0,1.0,0.0,0.5423983112160938,0.8042592677066711,0.6733287894613824,0.023438109522385543,0.2618609564905773
F04215,8,1.0,0.375,0.0,0.1121379268045413,0.5063341084690299,0.31428946047777345,0.11035520984373186,0.39419618166448867
F04216,24,1.0,0.75,0.0,-0.8763356999456898,-0.2159260197525578,-0.6026828429858836,0.2909743545704915,0.6604096801931321
F04217,20,1.0,0.5,0.0,-0.8752428284027947,-0.1161992937484791,-0.4041979875323777,0.2395930729593635,0.7590435346543156
F04218,24,1.0,1.0,0.0,0.2170370978132179,0.8794582755202669,0.4997946418606345,0.12193375665807663,0.662421177707049
F04220,8,1.0,0.5,0.0,0.1282677133254721,0.5220918040882718,0.31991243109920225,0.07926383999114608,0.39382409076279973
F04222,16,0.5,0.5,0.0,-0.3820697603300808,0.1030053191172626,-0.14867420369484416,0.19954345880863905,0.4850750794473434
F04226,8,0.75,0.0,0.0,-0.36282854659284,0.1035350406766317,-0.10152150387872645,0.11363360176261873,0.4663635872694717
F04227,8,0.25,0.0,0.0,-0.0819197336354204,0.3834298434862432,0.1893670919602689,0.12642885460657635,0.4653495771216636
F04229,20,0.5,0.0,0.0,-0.33438999749323,0.2320288220729851,-0.013211037740176457,0.07873803776062502,0.5664188195662151
F04230,24,0.25,0.5,0.0,-0.1529919022334703,0.5159398364867803,0.24561056383825344,0.13942968947976492,0.6689317387202507
F04231,20,0.5,0.5,0.0,-0.1628768935528693,0.4517062698691328,0.2133597157811428,0.2115471665461639,0.6145831634220021
F04232,8,0.5,0.0,0.0,-0.4135084698937016,0.1564105410115742,-0.07476549780492799,0.12335216023401786,0.5699190109052759
F04233,20,0.5,0.5,0.0,-0.3958931101248037,0.2542396900732064,-0.02029602829133831,0.1307088968903059,0.6501328001980101
F04234,20,0.5,0.3,0.0,-0.3781203598833291,0.2029075629137675,-0.025887734416197045,0.11423371628580124,0.5810279227970966
F04235,24,0.5,0.75,0.0,-0.4069605441136579,0.3390671635617452,0.054607970257074395,0.09965538493969181,0.7460277076754032
F04236,20,1.0,0.5,0.0,-0.6824262324455354,-0.0781614498452299,-0.43637332325715983,0.3521866310421992,0.6042647826003055
F04237,20,1.0,0.5,0.0,0.0259833083724557,0.5533308024491186,0.3372850847214667,0.2013176352574593,0.5273474940766629
F04238,20,0.5,0.5,0.0,-0.2558156633904808,0.3503092536593666,0.08859510863931154,0.06167529483819578,0.6061249170498474
F04240,12,0.5,0.0,0.0,-0.1855832125480728,0.4147666827610372,0.08522919185670955,0.04296073618883258,0.60034989530911
F04242,20,0.5,0.55,0.0,-0.4328022292515689,0.2378745752507522,-0.03306246922537695,0.15690021588200276,0.6706768045023211
F04243,8,0.5,0.0,0.0,-0.3485767201450241,0.2067955826463602,-0.03671067365122145,0.09290916760572318,0.5553723027913843
F04245,12,0.3333333333333333,0.4166666666666667,0.0,-0.1583125839736081,0.4225755731938942,0.180582765755127,0.12636662594420325,0.5808881571675023
F04246,12,0.5,0.5,0.0,-0.4422271215158463,0.0797919613319172,-0.16371458997073965,0.23127495808543724,0.5220190828477635
F04247,8,0.5,0.0,0.0,-0.108647957798421,0.4581152568787958,0.15036507464823864,0.05243821620701189,0.5667632146772168
F04252,24,0.5,0.5,0.0,-0.4583564535080618,0.1795202801229053,-0.09282151866283155,0.16936517150177335,0.6378767336309671
F04253,20,0.3,0.5,0.0,-0.0748338772031047,0.4735152752397636,0.24050819799648787,0.21784005473934587,0.5483491524428683
F04254,20,0.5,0.2,0.0,-0.2058806723123714,0.449076581039252,0.1721286360979006,0.12180307355346058,0.6549572533516235
F04255,20,0.5,0.5,0.0,-0.4282982187123789,0.1563383959209973,-0.0843871520858264,0.2077826262363952,0.5846366146333761
F04256,20,0.5,0.5,0.0,-0.3851288862673001,0.1539518247061343,-0.09292934584638349,0.1767369670356198,0.5390807109734344
F04257,24,0.5,0.5,0.0,-0.1501356741202217,0.450481735468296,0.1876768609911271,0.19412121617592332,0.6006174095885177
F04258,24,0.25,0.5,0.0,-0.1107895534548959,0.5062779077138692,0.24896497538763468,0.2596990335953389,0.6170674611687651
F04259,16,0.5,0.0,0.0,-0.2589767630353976,0.2237651346951218,-0.0024600662192059003,0.07838910420942338,0.48274189773051934
F04260,8,0.25,0.5,0.0,-0.0254222639457714,0.417947984226736,0.2022139254155758,0.16900022734154052,0.4433702481725074
F04261,20,0.5,0.3,0.0,-0.4793197233437575,0.1937181197936138,-0.07209555605886475,0.19474374795777497,0.6730378431373714
F04262,20,1.0,0.7,0.0,0.2113984372381431,0.7808200776892212,0.554234021711911,0.23648894854371044,0.5694216404510781
F04263,16,1.0,0.5,0.0,0.1273777195398467,0.5490840184407983,0.34265182368972036,0.14445168220720628,0.4217062989009517
F04264,24,0.5,0.5,0.0,-0.2025966531183543,0.4261439040871149,0.17591022219597885,0.11223264543396767,0.6287405572054692
F04265,20,0.5,0.5,0.0,-0.4970650278119558,0.1100509633430312,-0.13308463919946814,0.20444721158897136,0.6071159911549869
F04266,4,1.0,0.0,0.0,0.0460093446305322,0.4273424402700524,0.2366758924502923,0.11016552406318345,0.3813330956395202
F04269,20,0.5,0.5,0.0,-0.3887811662838097,0.201949521706211,-0.03730960393236665,0.1695744555908223,0.5907306879900207
F04270,20,1.0,0.5,0.0,0.1296762548286757,0.6944908379404122,0.470764693699396,0.18057590583851676,0.5648145831117365
F04276,16,0.5,0.5,0.0,-0.1561510313298477,0.4201461640879912,0.1683582258248813,0.16972137135075469,0.5762971954178389
F04277,20,0.5,0.5,0.0,-0.1528427646969044,0.4425740578916413,0.2138106742203795,0.1487605421248903,0.5954168225885457
F04279,12,0.5,0.3333333333333333,0.0,-0.3602865636406183,0.1073618739963435,-0.06933168699458796,0.15539501236892825,0.4676484376369618
F04280,16,0.5,0.0,0.0,-0.2690386612859385,0.3258698355220823,0.093131574746184,0.0881237256369977,0.5949084968080208
F04281,20,0.5,0.5,0.0,-0.258472988913777,0.4602702092249332,0.16849648121738112,0.12764632909962761,0.7187431981387102
F04282,24,0.25,0.5,0.0,-0.2026471735019947,0.5339333825698261,0.22977970124551408,0.2033206716666008,0.7365805560718208
F04283,8,0.5,0.0,0.0,-0.0428604141716578,0.3418850959663143,0.1434039043472917,0.06710572446236346,0.3847455101379721
F04286,20,0.3,0.5,0.0,-0.0612886732246207,0.6550273169110461,0.347400003577673,0.17370746801193176,0.7163159901356668
F04287,12,0.5,0.0,0.0,-0.2836506750649381,0.3236349516741721,0.059220595324470354,0.06365245294940129,0.6072856267391102
F04288,4,0.5,0.0,0.0,-0.080167312626706,0.3968930687479702,0.1583628780606321,0.039957507993496594,0.4770603813746762
F04289,20,0.5,0.5,0.0,-0.2898225534086681,0.3802889062354012,0.10564221083220679,0.08764417572453448,0.6701114596440693
F04291,20,0.5,0.4,0.0,-0.2814533466042265,0.3680188229352332,0.09381341989996367,0.09492131401984195,0.6494721695394596
F04292,12,0.5,0.0,0.0,-0.3465629533079215,0.2460562800857307,0.017309714353645506,0.07113837285190455,0.5926192333936522
F04293,24,1.0,0.5,0.0,-0.7957518355045743,-0.0597396144769315,-0.3636091282791543,0.2970933192436507,0.7360122210276427
F04294,8,0.75,0.0,0.0,-0.6157131890187122,0.0051009337167572,-0.22706357095818025,0.18528541429411813,0.6208141227354694
F04296,20,1.0,0.5,0.0,0.0385482567885071,0.5832447709402353,0.3722955330324627,0.22105914889278688,0.5446965141517282
F04297,20,0.5,0.3,0.0,-0.3881995083770528,0.1693522207615596,-0.050589463684318055,0.1444651707516865,0.5575517291386124
F04300,20,0.3,0.5,0.0,-0.0481360623322348,0.5750603251194466,0.33013478904603893,0.20600556455420585,0.6231963874516814
F04302,8,1.0,1.0,0.0,0.4569665713799722,0.8277555565989516,0.6706607456784911,0.06652330417988835,0.3707889852189794
F04305,12,1.0,1.0,0.5,0.8737051919266128,1.43108643966085,1.133752903076629,0.04042129047512271,0.5573812477342373
F04307,16,0.75,0.25,0.0,-0.6496890149164387,0.0113101593450118,-0.2818371285193439,0.20216383273516364,0.6609991742614505
F04309,20,0.5,0.0,0.0,-0.1603030267170433,0.3655540076324255,0.06952144719838411,0.03282977120381997,0.5258570343494688
F04310,24,1.0,1.0,0.5,0.682119354059564,1.3551901666405646,1.0354048542625789,0.07155417165748573,0.6730708125810005
F04314,24,1.0,1.0,0.25,0.4789446504595534,1.198539322526484,0.750187325959988,0.0939076726877426,0.7195946720669306
F04321,20,1.0,0.7,0.2,0.3922287605536585,1.047440330092806,0.745377460504006,0.18800805860075556,0.6552115695391474
F04323,24,1.0,0.75,0.0,0.2548945891039378,0.94936095008961,0.5135731090637434,0.16201009787706766,0.6944663609856722
F04325,20,1.0,0.5,0.0,-0.8154842688993537,-0.0744413021417632,-0.3679188195668955,0.24833175181598374,0.7410429667575904
F04326,20,0.5,0.5,0.0,-0.6796705916927358,0.0670070306608753,-0.2164480635963913,0.2647629662697858,0.7466776223536111
F04329,24,0.5,0.5,0.0,-0.2817308801581696,0.4040928561803676,0.14973564854412974,0.09247455388201746,0.6858237363385372
F04331,24,1.0,1.0,0.5,-1.4899392650607268,-0.6272306188445909,-0.9700302814196277,0.21086426460518407,0.862708646216136
F04332,20,1.0,1.0,0.5,-1.5127279941840024,-0.7639397692707716,-1.0529510006873815,0.17024911991980093,0.7487882249132308
F04334,24,1.0,1.0,0.5,0.5040556151291978,1.0556585072093638,0.7809143288259817,0.024052326976903928,0.551602892080166
F04336,4,1.0,0.5,0.0,-0.968335142232712,-0.3425274097789463,-0.6554312760058292,0.2503879515558258,0.6258077324537656
F04338,24,0.25,0.5,0.0,-0.0765224262784538,0.5965483863025467,0.2808086497376402,0.2784146501045333,0.6730708125810005
F04339,4,1.0,0.0,0.0,0.1435914811596937,0.6683560155977909,0.4059737483787423,0.10365489631646808,0.5247645344380972
F04342,8,0.5,0.25,0.0,-0.4818034046542088,0.1117757725361241,-0.11205421700226995,0.1851574151539333,0.5935791771903329
F04348,8,0.5,0.0,0.0,-0.0821992374610753,0.2354545827987869,0.07233562431703255,0.040796875298167175,0.3176538202598622
F04349,4,1.0,1.0,1.0,-1.700147070067468,-1.0678139475730783,-1.3839805088202732,0.1433086226038311,0.6323331224943896
F04350,20,1.0,1.0,0.8,-1.644036872279414,-0.9292526805629536,-1.200005619482871,0.15678912565794648,0.7147841917164605
F04352,20,1.0,0.45,0.0,-0.600648273272664,-0.0004195986842566,-0.2431752750629477,0.2245579802975906,0.6002286745884075
F04353,12,1.0,1.0,1.0,-2.1639890893308715,-1.4292307267459106,-1.7262811568164529,0.09899148279206096,0.734758362584961
F04355,20,1.0,0.5,0.0,0.0141367131119756,0.5579132162559367,0.2302312860969075,0.28262873501864916,0.5437765031439611
F04357,24,0.5,0.25,0.0,-0.2674537517979176,0.405617060783083,0.015684373163056486,0.06636294423011727,0.6730708125810005
F04359,20,1.0,0.7,0.0,0.2864990760651036,0.8581511885386535,0.6085184560402992,0.14414344649064573,0.5716521124735499
F04363,24,1.0,0.5,0.0,0.117152742800463,0.7571902342374323,0.4439030015648582,0.17890414688417658,0.6400374914369693
F04364,20,1.0,0.95,0.3,-1.0125528570595306,-0.2931464742703936,-0.5947030832111297,0.21204928077084795,0.719406382789137
F04371,20,1.0,1.0,0.3,-1.7482808197230189,-1.0445199515785633,-1.3138206390409923,0.16392851379310067,0.7037608681444556
F04375,8,1.0,0.0,0.0,-0.4696484402608155,-0.1543727433473263,-0.3077032117133264,0.13917521460590554,0.31527569691348917
F04376,16,0.5,0.0,0.0,-0.3328014256950802,0.1966415605991391,-0.08545286664410064,0.11568470331705608,0.5294429862942193
F04377,12,0.5,0.0,0.0,-0.3897354564622978,0.1071515493705314,-0.13389546779591865,0.1459363729850211,0.4968870058328292
F04378,24,1.0,1.0,0.5,0.7002942912045679,1.397416725859841,0.9603008479991735,0.06682756175314986,0.697122434655273
F04379,24,1.0,1.0,1.0,2.0816744062236627,2.731345334893464,2.409113599515841,0.026793020979582912,0.6496709286698015
F04380,8,1.0,0.5,0.5,0.5301661201043475,1.1761025431806116,0.8442985867021608,0.07720894878823335,0.6459364230762641
F04381,8,1.0,0.875,0.5,0.6934451422847063,1.185204218979368,0.9808002688957813,0.07401723603832794,0.49175907669466157
F04382,24,0.5,0.5,0.0,-0.4647079681479655,0.2083628444330351,-0.120229891977213,0.1736084063388583,0.6730708125810005
F04383,24,0.25,0.5,0.0,-0.0578075729578779,0.5815900323238583,0.2680812866140941,0.15637569018146386,0.6393976052817362
F04384,20,1.0,1.0,1.0,1.3583709842677565,1.8983021240084208,1.6705962049463174,0.025552748680954238,0.5399311397406643
F04385,12,1.0,1.0,0.5,-3.2615728518039755,-2.256579126479197,-2.652267049280197,0.12130300835150636,1.0049937253247787
F04386,12,1.0,0.3333333333333333,0.3333333333333333,-1.6870486374205498,-0.6042792997614629,-1.032248550104319,0.14813253116730676,1.0827693376590868
F04388,20,1.0,0.0,0.0,0.0646105471441885,0.5621098544908737,0.32870377442251897,0.09694043497816832,0.4974993073466852
F04389,8,1.0,0.5,0.0,0.253489626310962,0.6966700045642746,0.4955904726832624,0.09428904714756035,0.44318037825331263
F04390,8,1.0,0.5,0.0,0.3112344678965502,0.6452186356662509,0.5124545727604651,0.05699204073298658,0.33398416776970075
F04391,24,1.0,0.5,0.0,0.2130276832601479,0.8524252885418838,0.4979521215354137,0.14188101697977748,0.639397605281736
F04393,24,1.0,0.5,0.0,0.056571127067645,0.7030859646724424,0.33215249608112196,0.25752517729029706,0.6465148376047974
F04394,12,1.0,1.0,1.0,-2.72291959106846,-1.87140265823114,-2.187216933340771,0.13253842138483132,0.85151693283732
F04395,24,1.0,0.5,0.0,0.0263124952192116,0.6993833078002122,0.39991776391765027,0.287364852902178,0.6730708125810005
F04396,24,1.0,1.0,1.0,-2.8519011119364133,-2.160300615625472,-2.594655524313972,0.006743994181840144,0.6916004963109414
F04397,8,1.0,1.0,1.0,-2.405982853771921,-1.5115103545300406,-1.8500472761248683,0.12826266501927663,0.8944724992418804
F04398,24,1.0,1.0,1.0,-1.976736993677177,-1.2004798377253032,-1.6771630762342706,0.08324280429996869,0.7762571559518738
F04401,24,1.0,1.0,1.0,-3.724300221823907,-2.578581301892411,-3.062886101325127,0.12056154275323759,1.1457189199314963
F04402,12,0.8333333333333334,0.25,0.0,-0.9697184134798076,0.0781765285498049,-0.3174998184250907,0.15697938746313259,1.0478949420296124
F04403,12,1.0,1.0,1.0,-2.8142932098948914,-1.6379805522000752,-2.1123407354065753,0.13601846284768743,1.1763126576948162
F04405,24,1.0,1.0,1.0,-4.012189380774578,-2.97651945965578,-3.405799759682149,0.11173092229290221,1.0356699211187985
F04408,24,1.0,1.0,0.5,0.7200725353281732,1.3931433479091742,1.0361364313817627,0.04150738865791192,0.673070812581001
F04409,20,1.0,1.0,1.0,-3.773744965528213,-2.8003375303126794,-3.1950279116197544,0.09706844487052156,0.9734074352155337
F04410,20,1.0,1.0,0.5,-3.155357816085421,-1.9572983319715704,-2.4644534416089297,0.12178677820142311,1.1980594841138505
F04412,20,1.0,1.0,1.0,-3.4645584294335467,-2.5559867941026453,-2.9147231235411164,0.10550112842045245,0.9085716353309015
F04413,24,1.0,1.0,1.0,-4.121788508897231,-3.0589470502941607,-3.501813119062665,0.09308141416695667,1.0628414586030699
F04414,24,1.0,1.0,0.75,-2.435928858662457,-1.231393059632791,-1.7451062986145935,0.14060508564931887,1.2045357990296657
F04416,24,0.5,0.5,0.0,-0.0935098156706671,0.5822438580637788,0.15581236066352505,0.2267764057419979,0.6757536737344458
F04417,16,1.0,1.0,1.0,-3.148989973595778,-2.43206783749767,-2.7422204224898694,0.10761709574578382,0.7169221360981082
F04418,20,1.0,1.0,0.5,-1.4991938631417148,-0.7616443636452985,-1.0400828569242373,0.16666372233792762,0.7375494994964162
F04419,20,1.0,1.0,0.5,-1.1708549744279295,-0.4897897622180951,-0.8515243951727329,0.23367525465324096,0.6810652122098344
F04423,24,0.5,0.75,0.0,-0.2454751639403257,0.4275956486406749,0.10965624973709336,0.10440942930433242,0.6730708125810005
F04426,20,1.0,1.0,1.0,2.2159745559776898,2.989667247636632,2.6582984548544113,0.008071687013602759,0.7736926916589422
F04427,24,1.0,0.625,0.0,-0.7743525565785623,-0.1012817439975618,-0.4367581142376243,0.35628886971512297,0.6730708125810004
F04428,20,0.8,0.5,0.0,-0.0924167127208824,0.7655682063645116,0.2597724830566363,0.13335623383133285,0.857984919085394
F04429,16,1.0,1.0,1.0,1.047933894323904,1.519572977678404,1.2787067729573867,0.01655804468214945,0.4716390833544999
F04430,20,1.0,0.7,0.5,0.5039756711232212,1.0873202103070163,0.8269071092768174,0.15619339013240688,0.5833445391837951
F04431,12,1.0,0.08333333333333333,0.0,0.1342627469204346,0.7004613689238226,0.4388681951062708,0.08504294752657662,0.566198622003388
F04432,8,1.0,1.0,0.5,0.6689597617833759,1.0469012427669997,0.886226841094489,0.05865917345066308,0.3779414809836238
F04433,8,1.0,0.5,0.0,-0.7542580681071681,-0.3498939027701043,-0.546373913333235,0.1802888349674636,0.4043641653370638
F04435,16,0.5,0.0,0.0,-0.2279805134325191,0.2676845182690481,0.0014850259345920436,0.055028889754796764,0.49566503170156717
F04438,24,1.0,1.0,0.25,0.3812546369970547,1.0619007023987197,0.6330230091648563,0.09672980919678544,0.6806460654016651
F04439,20,1.0,1.0,1.0,-2.487129863645084,-1.5475861165369529,-1.9140238619923524,0.12276026485653174,0.9395437471081309
F04440,12,1.0,0.8333333333333334,0.8333333333333334,-2.1155218335131027,-1.0286844212396746,-1.4578935289463022,0.1416002305710304,1.0868374122734281
F04441,20,1.0,1.0,0.8,-2.158269243785442,-1.157018593074071,-1.5602827504512224,0.15513880455945978,1.0012506507113708
F04442,4,1.0,1.0,1.0,-3.2134934725808715,-2.436105919260888,-2.8247996959208796,0.09544219710087454,0.7773875533199837
F04443,4,1.0,1.0,1.0,-3.156303373862213,-2.3946968778940274,-2.7755001258781204,0.1025541398499801,0.7616064959681856
F04446,16,1.0,1.0,0.5,-1.276975011929058,-0.5987678686520573,-0.9254016233139035,0.20342596296126514,0.6782071432770006
F04448,12,1.0,1.0,1.0,1.6210790268240112,2.3256172443322605,2.0291020106278186,0.044838744956743386,0.7045382175082493
F04450,8,1.0,0.0,0.0,0.2647137037577721,0.4711409654002532,0.3662185286988576,0.026223818168445465,0.2064272616424811
F04452,8,1.0,0.5,0.0,0.1814017528177989,0.5841111935991752,0.37788142026773075,0.11582418273919906,0.40270944078137627
F04453,20,1.0,1.0,0.0,0.4193792704343774,0.9217057822808096,0.655814681918362,0.13019221835760053,0.5023265118464322
F04454,8,1.0,1.0,0.5,0.6792268215219358,1.1498801714323723,0.9079556005331373,0.08093108242352864,0.4706533499104365
F04455,8,1.0,0.5,0.0,0.0252519008173679,0.4818489028151201,0.2309451457155999,0.1632575936043805,0.4565970019977522
F04460,20,1.0,1.0,0.5,0.6400482632325704,1.13906747940269,0.9058310026547536,0.0727865977805912,0.4990192161701197
F04464,8,1.0,0.5,0.0,0.2271388543695851,0.7735258703436725,0.5412279168002246,0.15165647882954544,0.5463870159740873
F04465,20,0.5,0.3,0.0,-0.3676332673163424,0.2836014440862989,0.025126716303877805,0.10592823365422896,0.6512347114026413
F04466,8,0.5,0.0,0.0,-0.2674478184245663,0.0408902668442805,-0.11769609096268269,0.11729892278971638,0.30833808526884676
F04467,24,0.5,1.0,0.0,-0.3024149536184987,0.38149991122645,0.029451346182837845,0.08176171986872911,0.6839148648449487
F04469,24,0.5,0.16666666666666666,0.0,-0.2191266077737743,0.3528976486284692,0.06029229647228106,0.03501536257376833,0.5720242564022435
F04470,24,0.75,0.5,0.0,-0.7351500642099342,0.2191637484362187,-0.3465478184198884,0.24310303187668272,0.9543138126461529
F04471,4,1.0,0.0,0.0,0.1905021876213299,0.4741426053448594,0.33232239648309464,0.044626539142372926,0.28364041772352955
F04474,24,1.0,1.0,0.5,0.6888792260004168,1.3998064232488734,0.9557881640916144,0.08514905147111329,0.7109271972484565
F04476,24,0.5,0.0,0.0,-0.3496515414734445,0.3748160271401038,-0.07597241769970109,0.07495740928169523,0.7244675686135483
F04477,24,1.0,0.5,0.0,0.0087128368532777,0.6817836494342783,0.3395020440581823,0.2946386111201281,0.6730708125810005
F04478,24,0.5,0.75,0.0,-0.4015590925234803,0.2715117200575203,-0.043029591063107386,0.14942034257517928,0.6730708125810005
F04479,24,0.5,0.5,0.0,-0.0987844889254227,0.5742863236555777,0.1744175224858019,0.1984982235530317,0.6730708125810004
F04480,24,0.5,0.5,0.0,-0.1407885483035499,0.5340170080446663,0.1080595693375274,0.10993280300265665,0.6748055563482163
F04481,24,0.5,0.5,0.0,-0.0841423466517423,0.5997725181932064,0.23699556363152766,0.250824808687216,0.6839148648449487
F04482,24,1.0,0.5,0.0,0.0980815118569841,0.8273897453184677,0.3741809680546951,0.17992180371090571,0.7293082334614835
F04483,8,1.0,0.75,0.0,0.1259790885358125,0.8030602105592336,0.5128727221057453,0.22727022268133962,0.6770811220234211
F04484,24,1.0,1.0,0.5,0.684766458059728,1.4195001505075795,0.9635786437506231,0.05184737113363295,0.7347336924478515
F04485,20,1.0,1.0,0.5,0.874792010994554,1.3496202198825205,1.0951433099026855,0.013114941264580508,0.4748282088879665
F04489,8,1.0,1.0,0.0,-0.9897758874376702,-0.4715047689340373,-0.7572065486043419,0.2151054001052557,0.5182711185036328
F04490,24,1.0,0.5,0.0,-0.6938344848906188,-0.0207636723096183,-0.2737757573811917,0.3843142363464705,0.6730708125810005
F04491,24,0.5,1.0,0.0,-0.2683525569163255,0.3558821280218107,0.028714039333625596,0.07670903313237361,0.6242346849381362
F04494,20,0.5,0.05,0.0,-0.4886258163002615,0.0494001415346981,-0.2097406919818617,0.1752301100143209,0.5380259578349595
F04495,8,1.0,0.0,0.0,-0.6054626861588658,-0.1688252801053534,-0.3427467255467661,0.100598416004628,0.4366374060535124
F04499,20,1.0,0.8,0.5,-1.5639951052008352,-0.6646391133243789,-1.0263522779029473,0.1439792146733173,0.8993559918764563
F04504,8,1.0,1.0,0.5,0.7602563422445892,1.0926587544050148,0.92285467848987,0.05980731864596888,0.33240241216042565
F04505,8,1.0,0.5,0.0,0.3268585441815394,0.6805632062485228,0.4984361592786193,0.03508715046761257,0.3537046620669834
F04506,8,1.0,1.0,0.0,0.5113004434662479,0.8807644173258059,0.6920277372494177,0.022942942477325513,0.369463973859558
F04507,16,1.0,0.5,0.0,-1.1977674306939807,-0.66142252102802,-0.9248625491846741,0.12781241287187123,0.5363449096659607
F04508,8,1.0,0.75,0.25,0.5495160331365884,1.1882207985643127,0.8975246574311619,0.21109028529423168,0.6387047654277244
F04509,20,1.0,0.5,0.0,0.1134246578398943,0.7375882745048943,0.5030211466943623,0.18539483470413495,0.624163616665
F04511,12,1.0,1.0,1.0,1.0023774553724538,1.5132070976397851,1.3050493919882888,0.09996691665125718,0.5108296422673313
F04512,20,1.0,1.0,1.0,1.056358513799366,1.8199227958557067,1.4709742202355107,0.12150647504888756,0.7635642820563406
F04513,24,0.5,0.5,0.0,-0.0243903830561602,0.5891510576722485,0.23578376927829742,0.2082455417006035,0.6135414407284087
F04514,20,0.7,0.5,0.0,-0.4996732374155606,0.180122020885064,-0.22740045194059935,0.2447895377782431,0.6797952583006246
F04515,24,0.5,0.25,0.0,-0.2214432983254773,0.6042432684354432,0.1193619850939679,0.12475871455341125,0.8256865667609204
F04518,24,1.0,1.0,0.25,0.3378043617847844,1.0789149060293266,0.6198049733740247,0.07561622854923772,0.7411105442445423
F04519,20,1.0,1.0,0.5,0.8936857569201437,1.3889772678187886,1.1518494562637667,0.011704387203318678,0.49529151089864487
F04520,8,1.0,0.0,0.0,0.1180034260975252,0.5471626919533751,0.3217370997164784,0.11078809043952702,0.42915926585584985
F04524,24,1.0,1.0,0.25,0.450470966374118,1.045300149088017,0.7181607787034685,0.09485432069935866,0.594829182713899
F04530,24,1.0,1.0,0.5,0.6350972967465628,1.376323680026868,0.9171558278536847,0.10537884767098118,0.7412263832803051
F04531,20,1.0,1.0,1.0,-2.8921547666147998,-2.225076398165037,-2.513522746297687,0.014049928052058586,0.6670783684497628
F04532,16,1.0,0.875,0.0,1.6770255363360536,2.1611235234053687,1.9343098939314292,0.03555967158497576,0.48409798706931517
F04537,24,1.0,1.0,0.5,-1.3569497380417874,-0.5092377503636968,-0.8445390836697111,0.22181490946188473,0.8477119876780906
F04538,20,1.0,1.0,0.5,-1.3646435740985745,-0.6705529815947224,-0.9191620389579451,0.18330703535801443,0.6940905925038521
F04539,24,1.0,1.0,0.75,-1.7132999746814128,-0.8653222391640306,-1.2007564463896918,0.14750263767344682,0.8479777355173822
F04540,24,1.0,1.0,0.5,-1.6370280062815512,-0.7776829873711399,-1.118800836293315,0.1539196437717644,0.8593450189104113
F04541,24,1.0,1.0,0.75,-1.7856577057649072,-0.945423851305838,-1.2769861180023416,0.1006175513320838,0.8402338544590693
F04542,20,1.0,0.55,0.3,-1.0074760206715705,-0.3519343037407958,-0.5952475157008017,0.24051924524128426,0.6555417169307747
F04543,24,1.0,1.0,0.5,-1.5061510100571431,-0.6571198910411171,-0.9930807900160993,0.20739856966825954,0.849031119016026
F04544,8,1.0,0.5,0.0,-0.7298990846257056,-0.3341837425897048,-0.5320414136077052,0.16662579590099555,0.39571534203600084
F04545,24,1.0,1.0,0.5,-1.398241950778681,-0.5583540583463588,-0.8897433440294891,0.16802446119027548,0.8398878924323222
F04546,24,1.0,1.0,0.75,-1.7623124229260905,-0.9086147320738276,-1.2469089169669283,0.1652183234567853,0.8536976908522629
F04547,24,1.0,1.0,0.75,-1.6957709990625034,-0.8434903971847098,-1.205494101412008,0.1699914128056467,0.8522806018777936
F04548,24,1.0,1.0,0.5,-1.4034877620636033,-0.5981731006531642,-0.9122757708253533,0.19979242559199753,0.8053146614104391
F04549,24,1.0,1.0,0.5,-1.5066189473777054,-0.6876072972907743,-1.0085584618012091,0.19807539195682036,0.8190116500869311
F04550,24,1.0,0.75,0.25,-1.1190130380315604,-0.2677797732734743,-0.6292598089409188,0.2171132262946237,0.851233264758086
F04551,8,0.75,0.0,0.0,-0.4060351394942333,0.0473597499392526,-0.20127236959005074,0.1489846713767355,0.45339488943348594
F04553,20,0.8,0.35,0.0,-0.7514032565197977,0.0063282475703773,-0.2940600457474804,0.21301213023167528,0.757731504090175
F04556,24,1.0,0.5,0.0,-0.9527827459816413,-0.2354539614437908,-0.5055636931796854,0.2592125166640564,0.7173287845378504
F04557,24,1.0,1.0,0.5,-1.4108704709097757,-0.5619730521760177,-0.8978671010098662,0.19483362524888867,0.848897418733758
F04558,24,1.0,0.75,0.25,-1.1539252726050084,-0.3215734609574112,-0.6491947062481788,0.2503062333316861,0.8323518116475972
F04559,12,1.0,0.6666666666666666,0.3333333333333333,-1.0025031013288608,-0.3874476676137318,-0.7428388464880453,0.2291710147537309,0.615055433715129
F04560,12,1.0,1.0,0.3333333333333333,-1.1000023615705,-0.5170495835160452,-0.7552427713493259,0.19549323126638743,0.5829527780544547
F04561,24,1.0,1.0,0.5,-1.440871225437782,-0.601240656130484,-0.9325012802511023,0.208717255239649,0.839630569307298
F04562,20,1.0,1.0,0.3,-1.3807268989227304,-0.5459917949380315,-0.8878110023571475,0.16103330278363295,0.8347351039846989
F04563,24,1.0,1.0,0.25,-1.248294551663664,-0.4055814626866919,-0.738383346642147,0.2267186557334756,0.8427130889769723
F04564,20,1.0,1.0,0.8,-1.635479633453965,-0.7921039519467402,-1.1351030259099808,0.14543752754974348,0.8433756815072248
F04565,20,1.0,1.0,0.3,-1.0297965143129086,-0.352250521922654,-0.6190232611515801,0.24187490357352012,0.6775459923902547
F04566,24,1.0,1.0,0.5,-1.5147448056904025,-0.6638051883611068,-1.0007203364927235,0.18398184368409884,0.8509396173292957
F04567,12,1.0,0.5,0.3333333333333333,-1.2353993054545749,-0.4066136045647509,-0.7269068650566946,0.18600475368580294,0.8287857008898241
F04568,24,1.0,1.0,0.5,-1.6580304806948325,-0.8260133967273122,-1.1534672781780415,0.154691332115072,0.8320170839675203
F04569,24,1.0,1.0,0.5,-1.3794252025373523,-0.5192003564239122,-0.8607581189476017,0.2166001955873984,0.8602248461134402
F04570,24,1.0,1.0,0.5,-1.472895520425169,-0.6501107085119605,-0.9729484539355342,0.18079721750737246,0.8227848119132085
F04571,24,1.0,1.0,0.5,-1.62139919180532,-0.7872837138121889,-1.1157867922757236,0.14838157943201594,0.8341154779931312
F04572,24,1.0,1.0,0.5,-1.3964330201140054,-0.5447195799687972,-0.8820216395083711,0.2145265424818303,0.8517134401452082
F04573,24,1.0,1.0,0.5,-1.3849510492108732,-0.5333102356493952,-0.8705759818971035,0.20909953287263644,0.851640813561478
F04574,24,1.0,1.0,0.5,-1.419805395013443,-0.5406247744397078,-0.8916604241935447,0.21834309896816997,0.8791806205737352
F04575,24,1.0,1.0,1.0,-1.9242521484242263,-1.0326374354825307,-1.3898901314203478,0.10403972033102246,0.8916147129416956
F04576,24,1.0,1.0,0.5,-1.5023358314167534,-0.6602168587165285,-0.9927216845336103,0.19459033644066345,0.842118972700225
F04577,24,1.0,1.0,0.5,-1.6689349591541158,-0.8640791514280937,-1.1779523947580741,0.14755979673331177,0.8048558077260222
F04579,24,1.0,0.4166666666666667,0.25,-1.8619658444659943,-0.6646753321966676,-1.1747659277983002,0.1484938013548613,1.1972905122693267
F04580,8,0.5,0.0,0.0,-0.0178111602824642,0.4123038639896833,0.19724635185360953,0.03949371043373251,0.4301150242721475
F04582,16,1.0,0.5,0.0,0.0840637659435888,0.5336190394661877,0.3008837379707146,0.23320618265921816,0.44955527352259894
F04583,16,0.5,0.0,0.0,-0.20058371259916,0.2320355853626476,0.02065858192326485,0.027931251470085842,0.4326192979618076
F04584,20,0.5,0.3,0.0,-0.2058056571641849,0.3236357570990042,0.04839901832134401,0.04081855696668863,0.5294414142631891
F04585,8,1.0,1.0,0.0,-0.9667804591987578,-0.527333277555339,-0.7748411157011527,0.1725921149388792,0.4394471816434188
F04588,8,1.0,1.0,0.5,0.6871084596904766,1.1608384747827067,0.9482096284547589,0.11554139555757253,0.4737300150922301
F04589,24,0.5,0.2916666666666667,0.0,-0.503580961995806,0.1694898505851944,-0.10028897464297845,0.16854245557083056,0.6730708125810004
F04591,12,1.0,0.4166666666666667,0.0,-1.0113744761518002,-0.3143753666596581,-0.6137479943998572,0.15981226812386107,0.6969991094921422
F04594,8,1.0,0.625,0.25,0.4174195913800963,1.1283146194977864,0.8643922160702788,0.11293444869038344,0.7108950281176901
F04595,24,0.5,0.7083333333333334,0.0,-0.2203557467544494,0.4038789381836867,0.1140158826552643,0.09036602852464622,0.6242346849381362
F04596,8,0.5,0.0,0.0,-0.0409699771043764,0.3313616227530286,0.13958539004536566,0.06853400720552465,0.372331599857405
F04597,20,1.0,1.0,0.3,0.4678148403749556,1.0079416483170462,0.7255098941307809,0.056623294370892766,0.5401268079420907
F04598,8,0.5,0.0,0.0,-0.3265491068163803,0.0581001722968889,-0.1284236651363895,0.1265493381486232,0.3846492791132692
F04599,8,1.0,0.0,0.0,0.0803185879595449,0.3804080100474286,0.22662846071026263,0.09714380262368986,0.3000894220878837
F04600,16,1.0,0.5,0.0,0.2078524540006359,0.6461501573646729,0.4073808536062734,0.08537288981377243,0.43829770336403695
F04601,20,0.5,0.5,0.0,-0.0891985893759457,0.500185110457108,0.2265721374800886,0.22332689137866965,0.5893836998330537
F04603,24,0.5,0.25,0.0,-0.6712778574630791,0.022883873706758,-0.23564233134512985,0.19102367181108076,0.6941617311698371
F04608,8,1.0,0.625,0.25,-1.4966255723462916,-0.4701999634975898,-0.855295383678725,0.187710737373029,1.0264256088487018
F04616,8,1.0,1.0,0.25,-1.0141682311279632,-0.4917524637030018,-0.7413155945038017,0.18988047034413105,0.5224157674249614
F04618,20,1.0,0.5,0.0,0.197821324037919,0.7197375519682363,0.44880183883107916,0.19639675725809347,0.5219162279303173
F04619,12,1.0,1.0,1.0,1.210518444155287,1.6534280493441276,1.4247076755377446,0.01638539728108444,0.4429096051888406
F04624,20,0.5,0.3,0.0,-0.3439211724681629,0.2476698612258502,-1.3905873242597844e-05,0.10787103741103402,0.5915910336940131
F04625,8,0.5,0.0,0.0,-0.4248037337131274,0.2780905043719632,0.000478700183578859,0.08743193155365468,0.7028942380850907
F04629,12,0.5,0.0,0.0,-0.1865819046862737,0.2872965939770792,0.035158568861655595,0.016400787060739126,0.47387849866335285
F04633,24,1.0,0.75,0.25,-1.0936195162205211,-0.2902888381808721,-0.7658033740166977,0.3228211173373911,0.803330678039649
F04634,20,1.0,1.0,0.5,-1.3678556854258228,-0.720187419422449,-1.099603747248149,0.18108103058301803,0.6476682660033738
F04635,12,1.0,0.5,0.0,-0.8226737872722404,-0.1589178255835414,-0.45644794827816404,0.258714999510574,0.663755961688699
F04637,24,1.0,1.0,0.0,0.282776119892572,0.7986976129851358,0.5496295646963668,0.10751891450776023,0.5159214930925637
F04639,24,1.0,0.5,0.0,-0.9026719225828804,-0.2296011100018799,-0.6012249302245581,0.262473399470044,0.6730708125810005
F04640,24,0.75,0.5,0.0,-0.8418739381479091,0.1038814606331123,-0.45755089929042897,0.3056632535680337,0.9457553987810214
F04641,24,1.0,1.0,0.5,-1.4792713892406515,-0.7360331493811704,-1.0190976087778802,0.1433852842862416,0.7432382398594811
F04642,20,0.8,0.3,0.0,-0.6962701798241996,0.0858365417250988,-0.2148805625802809,0.23228068094363552,0.7821067215492984
F04643,24,0.5,0.5,0.0,-0.4932568722444446,0.1906579926005041,-0.0710858579538452,0.16493701749788856,0.6839148648449487
F04644,8,1.0,1.0,0.0,0.3944719064054268,0.7618511328592092,0.5737313493245565,0.056240766299005686,0.36737922645378246
F04649,24,0.75,0.5,0.0,-0.7965977870892709,0.023637168068041,-0.29792564897758417,0.24209747554853764,0.8202349551573118
F04650,4,1.0,0.0,0.0,-0.4718537303618862,-0.2350053089199815,-0.35342951964093383,0.07963948375317573,0.2368484214419047
F04651,24,0.5,0.25,0.0,-0.2070905985479513,0.5859928585287535,0.11741313002938596,0.1179944325530701,0.7930834570767048
F04652,24,1.0,1.0,0.75,-1.7151353112278822,-0.780536442532143,-1.1592812163469821,0.1529020326692263,0.9345988686957392
F04653,24,0.75,0.5,0.0,-0.5687191165469654,0.1043516960340352,-0.3177609974825284,0.3456407912527778,0.6730708125810005
F04656,24,0.25,0.5,0.0,-0.0378000661480079,0.6352707464329926,0.27044484136927954,0.28140711576111277,0.6730708125810005
F04657,24,0.5,0.5,0.0,-0.2147988856032019,0.4582719269777985,0.10167126621993532,0.08095503464953703,0.6730708125810004
F04659,8,0.5,0.0,0.0,-0.2238186637397099,0.141007883077123,-0.036661688229619294,0.08674553504842983,0.3648265468168329
F04662,8,1.0,1.0,0.0,0.3984998635924369,0.6913657104982218,0.5413670771185796,0.04356945655805363,0.29286584690578493
F04663,16,0.5,0.5,0.0,-0.1105295697563734,0.4152813860211786,0.16262015078025335,0.13395303124407085,0.525810955777552
F04669,24,0.75,0.5,0.0,-0.6258603421420377,0.0472104704389629,-0.2945766029597909,0.25964806879332647,0.6730708125810005
F04670,8,1.0,1.0,0.5,0.7611498664138406,1.0940192531808937,0.9448793034758742,0.009609410475900434,0.332869386767053
F04671,24,1.0,1.0,0.5,0.4916350246531351,1.1647058372341357,0.7855713679342051,0.08073793294146325,0.6730708125810005
F04672,24,1.0,0.7083333333333334,0.0,0.1174663608497892,0.7905371734307898,0.4577764350799566,0.20465993692261372,0.6730708125810005
F04673,24,0.5,0.5,0.0,-0.4578382885669576,0.1313163390074748,-0.18165839650635102,0.2551952749092198,0.5891546275744324
F04676,8,1.0,0.0,0.0,-0.400150977284825,-0.0013621085804993,-0.1961432354615779,0.12796126561279408,0.3987888687043257
F04677,8,1.0,1.0,1.0,1.1434549775282334,1.48117577365918,1.3123153755937065,0.018577669271017703,0.3377207961309465
F04678,8,0.5,0.0,0.0,-0.2379018349341696,0.1193741982292445,-0.06446608983884751,0.08929499018189453,0.3572760331634141
F04680,20,1.0,1.0,0.5,0.5489893876391037,1.2004282443009051,0.7803462999840773,0.01761313706362795,0.6514388566618015
F04681,20,1.0,1.0,1.0,1.3287794291446715,2.0238546603854863,1.7691769123552963,0.060285110668007263,0.6950752312408148
F04682,24,1.0,1.0,0.5,-1.613920914703187,-0.6251802118917645,-1.0309959027644453,0.1907037168944113,0.9887407028114225
F04685,8,1.0,1.0,0.0,0.608092787741559,0.9347699144924456,0.7659520647646628,0.021719329928263177,0.32667712675088667
F04686,8,0.5,0.0,0.0,-0.319024421692944,0.2870912423714889,0.02107740197386935,0.04562858474724485,0.606115664064433
F04687,8,1.0,1.0,0.0,0.552280370733526,0.8252052737273047,0.6853626156711146,0.008638589519505456,0.2729249029937787
F04689,20,1.0,1.0,0.5,-1.3677563539915831,-0.6716063913206887,-0.9555612669213647,0.1850030601909419,0.6961499626708945
F04692,20,1.0,1.0,0.5,-1.3636385566895477,-0.7304763286741355,-0.9985174465599176,0.14680663700821894,0.6331622280154122
F04693,4,1.0,0.5,0.0,0.2260508814657211,0.6137301594511533,0.4198905204584372,0.10373745666191167,0.38767927798543217
F04696,24,1.0,1.0,0.5,0.6149751465988496,1.2963707759222145,0.8915363645489333,0.0386472310925717,0.681395629323365
F04697,16,1.0,1.0,0.5,-1.174650384327401,-0.6255069305086035,-0.8759472333165901,0.1611236191788261,0.5491434538187975
F04700,24,1.0,1.0,0.25,0.4259192305861404,1.1121068943882226,0.6804584019541507,0.1060888960036576,0.6861876638020823
F04703,4,1.0,0.5,0.0,0.1652041446441603,0.6628821591815042,0.41404315191283225,0.1207126383558972,0.49767801453734384
F04704,24,1.0,1.0,0.5,0.6275362595990944,1.4021516020742235,1.086881930797674,0.17350069676191945,0.7746153424751291
F04706,24,1.0,1.0,0.5,0.635576924929498,1.3157506364424918,0.9115271839743964,0.02745352657633253,0.6801737115129938
F04707,24,1.0,1.0,0.5,0.498732997081592,1.122967682019728,0.7944958004633784,0.05259872037327574,0.624234684938136
F04708,20,1.0,1.0,0.7,0.8819917950482493,1.4221129732636375,1.188332400169532,0.06152655594552102,0.5401211782153882
F04711,8,1.0,0.0,0.0,0.015028682848903,0.4951191079763863,0.22890530793532987,0.11764743759133713,0.4800904251274833
F04712,8,1.0,1.0,0.5,0.851746271386202,1.271131376229927,1.0563556920356043,0.017103394754652536,0.41938510484372504
F04717,8,1.0,0.75,0.0,0.5982416941160899,0.9752233568173092,0.8216585000831009,0.049755999635153834,0.37698166270121936
F04718,20,1.0,1.0,0.3,0.4742207845636424,1.0248593318019774,0.7659915363875915,0.09929821272831188,0.550638547238335
F04720,20,1.0,1.0,0.5,-1.0723170493267076,-0.5837147000058462,-0.8141259856254004,0.17547115183137965,0.48860234932086133
F04721,24,0.5,0.5,0.0,-0.5479658393037978,0.1251049732772028,-0.18721232785130945,0.29823975331819036,0.6730708125810007
F04723,24,1.0,1.0,0.0,0.2052988862610989,0.8783696988420993,0.5736336362700433,0.22503331089786038,0.6730708125810003
F04724,24,1.0,0.75,0.0,0.1808169227390172,0.9968217230203154,0.5002646623466356,0.13741709820388304,0.8160048002812982
F04725,16,1.0,1.0,0.5,0.716207118699489,1.191052191758059,0.9475099291330923,0.059971838355599355,0.47484507305856993
F04728,20,1.0,0.5,0.0,0.1456677375279104,0.6600004793515707,0.38458112356418533,0.22723600458423085,0.5143327418236603
F04729,12,0.5,0.0,0.0,-0.4584827657474749,0.0626466808613816,-0.1786801571073064,0.1347584370212327,0.5211294466088565
F04730,20,1.0,1.0,0.5,-1.4141109317714158,-0.7465878567357689,-1.0403032747102305,0.0942083033594712,0.6675230750356469
F04731,8,0.5,0.0,0.0,-0.2167787657337599,0.1894675643951001,0.007728970098432361,0.06625907155243464,0.40624633012886
F04735,20,1.0,0.5,0.0,-0.8980056303023026,-0.0974648775755807,-0.40916574428053754,0.2316007740621563,0.8005407527267219
F04736,8,1.0,0.5,0.0,0.2367100770926919,0.5835733431279758,0.4058884683356897,0.10203622088692813,0.34686326603528395
F04738,24,1.0,0.5,0.0,0.0870435271386578,0.7166275610227312,0.337698947369096,0.2662698078177386,0.6295840338840734
F04740,24,1.0,0.75,0.0,0.1677815410891222,0.8718274843752811,0.5928956656289975,0.25925694982066105,0.704045943286159
F04745,16,0.5,0.0,0.0,-0.2850470454459985,0.170623385943976,-0.06008028549154891,0.1041225086953144,0.45567043138997454
F04746,24,1.0,0.625,0.0,-0.9698019276003832,-0.380647300025951,-0.6980066206110961,0.2207040484911883,0.5891546275744322
F04752,24,1.0,1.0,0.5,0.5225325751321852,1.1625700665691543,0.7926221386326802,0.06613326281521054,0.6400374914369691
F04753,24,0.5,0.6666666666666666,0.0,-0.2116245285793605,0.46144628400164,0.09081466704002789,0.0732696402720751,0.6730708125810005
F04754,24,0.5,0.5,0.0,-0.2233640713078995,0.4497067412731011,0.1601429298472179,0.1460903335681466,0.6730708125810007
F04758,24,1.0,1.0,1.0,1.2241666496635142,1.8385376998374143,1.485083548375275,0.005392691675036175,0.6143710501739001
F04762,24,1.0,1.0,0.5,-1.235583623776233,-0.6113489388380972,-0.9362507664145943,0.20033186952494245,0.6242346849381358
F04764,20,0.5,0.4,0.0,-0.1214459950821866,0.5468698575698221,0.16364596227271494,0.14250530084446503,0.6683158526520087
F04765,20,0.3,0.35,0.0,-0.0454181359389167,0.8093478098664723,0.47436660308680556,0.13223319361643968,0.854765945805389
F04766,16,0.5,0.0,0.0,-0.0364757932911177,0.4145913519686776,0.18405282846380688,0.1065008836379854,0.4510671452597953
F04769,20,0.5,0.2,0.0,-0.4308988335544516,0.3300223845918218,-0.12580131063598954,0.13800048824870265,0.7609212181462734
F04770,16,1.0,0.625,0.0,0.2865715705054977,0.8523020752987376,0.6544326403144727,0.25120574130479406,0.5657305047932399
F04772,20,0.5,0.75,0.0,-0.2824308717722448,0.3579068095068447,0.08887104934526009,0.07422501556327783,0.6403376812790895
F04773,8,1.0,0.5,0.0,-0.5791419523899791,-0.0282624116024717,-0.2812020696241655,0.22273521084490894,0.5508795407875074
F04774,20,0.5,0.5,0.0,-0.6624076972076298,0.080467150531386,-0.19873939885299927,0.2749594898863803,0.7428748477390158
F04775,20,0.3,0.5,0.0,-0.0303700101884455,0.5002114136389695,0.24954442472387514,0.2774487424029714,0.530581423827415
F04776,4,1.0,0.5,0.5,-1.0708662058264735,-0.5291564022041731,-0.8000113040153234,0.18547182491758807,0.5417098036223004
F04777,24,1.0,1.0,0.25,0.3282674482616881,1.0013382608426888,0.6010772249674167,0.11460064822912404,0.6730708125810008
F04778,24,1.0,1.0,0.75,-1.6811683538472146,-0.8403686853055706,-1.3346177163923936,0.21672777996041903,0.840799668541644
F04779,12,1.0,0.5,0.0,0.1771288998224298,0.5693204135047624,0.3685205065191937,0.08930632343949012,0.39219151368233257
F04780,24,1.0,1.0,0.25,0.446504366433763,1.0802058908821006,0.6992185319463333,0.08520228028463156,0.6337015244483376
F04781,8,1.0,1.0,1.0,1.3373081700728149,1.750475048788073,1.5386219884808412,0.027146604117495154,0.41316687871525803
F04782,20,1.0,0.5,0.0,-0.6764007356289773,-0.0716535359497691,-0.3249887576514743,0.2959223159105218,0.6047471996792082
F04783,16,1.0,0.5,0.0,0.1619387383352306,0.6022594277729246,0.3770533428412443,0.15856915815312214,0.44032068943769404
F04784,8,0.5,0.0,0.0,-0.3706195597654051,0.0669699454327698,-0.14544257834788535,0.12284227747912488,0.4375895051981749
F04787,20,0.5,0.3,0.0,-0.309427058523765,0.253958972192933,-0.039037656153080746,0.09605571128555848,0.563386030716698
F04789,20,1.0,0.5,0.0,-0.6201952896052222,-0.1235550530864701,-0.4094957976932594,0.3655145522222405,0.4966402365187521
F04790,20,0.5,0.0,0.0,-0.2549751046227383,0.3967947901513808,0.03812282664118881,0.0420120946332636,0.6517698947741191
F04791,24,1.0,1.0,0.25,0.4301398495098257,1.138908905756896,0.7124863776723458,0.05500541704171495,0.7087690562470703
F04795,24,0.75,0.5,0.0,-0.0172920424085443,0.5985871517437391,0.2515090114453039,0.18875708048052817,0.6158791941522834
F04796,8,1.0,1.0,0.5,-1.3319974348510224,-0.7540516870687174,-1.0648583011057466,0.2002056882741054,0.577945747782305
F04799,16,0.25,0.25,0.0,-0.18354814023677,0.4444717849695142,0.19397188445753819,0.13480150686318637,0.6280199252062842
F04800,24,0.5,0.5,0.0,-0.4644068701925755,0.2123849578410621,-0.2145656167087873,0.27385092935802186,0.6767918280336376
F04801,16,0.5,0.1875,0.0,-0.0692074215894935,0.4413255310151162,0.20539168504909067,0.12572307892812506,0.5105329526046096
F04803,20,1.0,0.7,0.0,0.1890336370461003,0.837034506523248,0.5768173486597705,0.2710099804587739,0.6480008694771476
F04804,20,1.0,1.0,0.3,0.4570449064745806,1.0387485244047658,0.7504123482423024,0.12432405672751044,0.5817036179301852
F04805,20,1.0,1.0,0.0,0.305350891485262,0.8557929403400606,0.5641384034211983,0.14560970940069343,0.5504420488547985
F04806,20,1.0,1.0,0.5,0.8194219702167848,1.3737112786190102,1.049757980840785,0.018603748252606554,0.5542893084022255
F04807,20,1.0,1.0,0.2,0.4614753347020499,1.0145983693201142,0.7515735650791244,0.1485242513121862,0.5531230346180642
F04808,20,1.0,1.0,0.5,0.6396321261395238,1.162203640898357,0.8995655631078652,0.057403821761100406,0.5225715147588331
F04809,24,1.0,0.5,0.0,0.0025579195278186,0.6756287321088192,0.3192900450943284,0.35711889002381264,0.6730708125810007
F04810,12,0.5,0.0,0.0,-0.2325611729676307,0.1921183767488749,-0.018059487609848796,0.038409059022155405,0.42467954971650557
F04811,20,1.0,1.0,0.0,0.3078623924335805,0.8577629961683857,0.5952324182277289,0.20296069728360075,0.5499006037348052
F04812,16,1.0,1.0,0.0,0.5278590938584015,0.9778399196124749,0.7481112596882753,0.08841630588516902,0.4499808257540734
F04813,8,1.0,1.0,0.0,0.3645064559488543,0.7191373053600891,0.5378140604355446,0.07043336769660162,0.35463084941123485
F04815,16,1.0,0.5,0.0,0.1175189512146005,0.6151449326558807,0.36466895078590056,0.2529485072528996,0.4976259814412802
F04816,20,1.0,0.85,0.8,0.7598814085505716,1.4894503992309986,1.1084577259166593,0.039749438131896964,0.729568990680427
F04817,20,1.0,1.0,0.0,0.2275406571784602,0.7844440295278998,0.47498053363525217,0.19136844309190218,0.5569033723494397
F04818,4,1.0,0.0,0.0,0.1290772439132737,0.3632153076902729,0.24614627580177328,0.03865988664081786,0.2341380637769992
F04819,24,1.0,1.0,0.0,0.3496435640537519,0.9023539865169042,0.5981780750027148,0.12832031674986777,0.5527104224631523
F04820,16,1.0,0.5,0.0,0.1932053244924383,0.7145558496060134,0.4693470828655748,0.12051500296803096,0.521350525113575
F04821,16,1.0,1.0,0.0,0.4377986003274294,0.9882814843220044,0.7558276580949477,0.15458330682927718,0.550482883994575
F04822,24,1.0,1.0,0.0,0.2750844056591752,0.8642390332336077,0.5405423492716734,0.10171827858494092,0.5891546275744326
F04823,24,1.0,0.5,0.0,0.0662787098598836,0.6169037705977709,0.35342875535093177,0.2589947770914528,0.5506250607378873
F04825,24,0.25,0.5,0.0,-0.024315179970926,0.6964642008009247,0.42462917094803015,0.30576330492512066,0.7207793807718508
F04827,8,1.0,1.0,0.5,0.7906419220689483,1.1025064389387915,0.9429712497873854,0.018593187545787666,0.3118645168698432
F04828,24,1.0,1.0,0.5,0.6073865275308455,1.2316212124689818,0.981585700606904,0.057418143217784906,0.6242346849381363
F04832,8,1.0,1.0,0.25,0.5287348938762094,1.0517451677812562,0.7840895447420478,0.11279783964444226,0.5230102739050467
F04833,20,1.0,1.0,1.0,1.600706374704746,2.230553224893552,1.9276633456626922,0.03135834906931658,0.6298468501888057
F04834,20,1.0,1.0,1.0,1.908741116545305,2.4777034520562804,2.219041807059121,0.008395360886995013,0.5689623355109754
F04835,4,1.0,0.0,0.0,0.2284221719334109,0.6755400649353229,0.45198111843436695,0.08941086222484755,0.447117893001912
F04836,24,0.5,0.4166666666666667,0.0,-0.0887815007269065,0.5033234916805785,0.19691497868497584,0.12588607510384064,0.592104992407485
F04837,12,1.0,0.9166666666666666,0.8333333333333334,-1.817759234233868,-0.8239384134069951,-1.2257095505662599,0.14053391310721441,0.9938208208268728
F04840,24,0.25,0.5,0.0,-0.0164437631006363,0.6235937283363331,0.364219720160371,0.23072358546949442,0.6400374914369694
F04841,8,1.0,1.0,1.0,2.173972945529384,2.534872369844127,2.3621408357981633,0.01509182171279677,0.36089942431474276
F04849,16,1.0,0.5,0.0,0.1708659162937825,0.5631149478742948,0.36252472888592596,0.10673739268486117,0.39224903158051233
F04850,24,1.0,0.5,0.0,-0.8867066990501216,-0.0254960226955211,-0.36754670033979076,0.26020841441699505,0.8612106763546005
F04852,8,1.0,1.0,1.0,1.0998157122991028,1.494899898693517,1.289970518581934,0.02848097171694116,0.3950841863944141
F04853,24,1.0,1.0,1.0,-5.087066338743366,-4.413995526162364,-4.81574784782971,0.0020831569171283603,0.6730708125810017
F04854,20,1.0,0.5,0.0,0.0450113510888333,0.5212960072262305,0.28617276581934675,0.20093582708725952,0.4762846561373972
F04856,24,0.5,0.75,0.0,-0.3263734021303937,0.3611345275454407,0.10593522324055421,0.09787715073569839,0.6875079296758344
F04860,12,1.0,1.0,1.0,-3.768527624650766,-3.0306089177346074,-3.4962156272588762,0.003984638476054749,0.7379187069161586
F04862,8,1.0,1.0,1.0,-2.4174906179189453,-1.7294803506866117,-2.012751279674199,0.07186669368080159,0.6880102672323336
F04866,24,0.5,0.7083333333333334,0.0,-0.4617109517838413,0.262989642253692,-0.010805994232043994,0.13183701657064484,0.7247005940375333
F04867,24,0.75,0.5,0.0,-0.6606229539456139,0.0952246021870769,-0.2185625791676698,0.23327971796022418,0.7558475561326907
F04868,20,1.0,1.0,0.5,-1.3158375119727272,-0.7154207084492925,-1.0420889970096463,0.18089793256803352,0.6004168035234347
F04869,24,0.5,0.5,0.0,-0.2156463882865923,0.424391103150377,0.09789401037550015,0.08540858098133973,0.6400374914369693
F04879,24,1.0,1.0,0.5,-1.1918302165124846,-0.5187594039314843,-0.9205109556213744,0.18020102425541928,0.6730708125810002
F04880,24,1.0,1.0,0.5,-1.4089752513465856,-0.735904438765585,-1.1045507419180494,0.13126867320144228,0.6730708125810007
F04883,8,1.0,0.75,0.0,0.4903728180328097,0.905162584630198,0.673657230853299,0.03274579231885321,0.41478976659738837
F04884,20,1.0,0.5,0.0,0.0556311605750271,0.6975841374801863,0.3711920522109609,0.223825855388256,0.6419529769051592
F04887,8,1.0,0.0,0.0,0.1478455664234556,0.5712284584083585,0.3584403477895003,0.06583783629388708,0.42338289198490286
F04888,4,1.0,0.5,0.0,-0.997386252400137,-0.4431247581838483,-0.7202555052919927,0.23451270715217482,0.5542614942162887
F04889,4,1.0,0.0,0.0,0.1171735454020964,0.3470991274529597,0.23213633642752804,0.060455584399695436,0.22992558205086328
F04892,20,1.0,1.0,0.0,0.3246252357676321,0.7877127552579384,0.5539413137613216,0.10159563851164463,0.4630875194903063
F04893,12,1.0,1.0,0.0,0.4438809690589603,0.9524955057874628,0.7408421039247195,0.10581572988181003,0.5086145367285024
F04895,12,1.0,0.5,0.0,-0.4949038820299252,-0.1151444303774059,-0.2859775448760729,0.24741245204435516,0.3797594516525193
F04896,24,1.0,1.0,0.5,0.7282434866108912,1.3329401075375134,1.0209263478581776,0.05466394384741558,0.6046966209266221
F04897,24,1.0,0.5,0.0,0.0861730313672388,0.8963589875141877,0.4027113489076826,0.19416374904587788,0.8101859561469489
F04899,24,1.0,1.0,0.0,0.3033321166377948,0.9764029292187956,0.6328129591336321,0.1593930339971278,0.6730708125810008
F04905,8,1.0,0.5,0.0,0.1733118431336233,0.5205422843828995,0.3186013209710581,0.10022079287681931,0.3472304412492762
F04906,20,1.0,0.7,0.0,0.197988222392668,0.7929099087756897,0.5286879920846409,0.19137545138266793,0.5949216863830217
F04907,24,1.0,0.875,0.0,-0.9661514327744688,-0.2930806201934683,-0.6090777177123523,0.33225558992415544,0.6730708125810005
F04908,8,1.0,1.0,0.5,-1.1808208485753249,-0.6920288060416475,-0.929853472731418,0.20589338827199577,0.48879204253367736
F04910,24,0.5,0.7083333333333334,0.0,-0.2375583750606574,0.4355124375203432,0.13768709094045214,0.1779470811398443,0.6730708125810005
F04912,24,1.0,1.0,1.0,1.5620649589685347,2.4724975661541064,2.105835923094352,0.035227421637783925,0.9104326071855717
F04916,20,1.0,1.0,1.0,1.610966552763588,2.141053428773799,1.8561471219088788,0.008936023044125888,0.5300868760102111
F04917,8,1.0,1.0,1.0,1.842804766085732,2.238574007366418,2.034532241140762,0.033533368955033775,0.3957692412806859
F04918,24,1.0,0.5,0.0,0.0629058833778801,0.7582111709763069,0.3220038666440627,0.19669977818589507,0.6953052875984268
F04919,24,1.0,1.0,0.25,0.3577913995822631,1.0763399912140104,0.6285110348651061,0.055082661752178,0.7185485916317473
F04920,12,1.0,0.3333333333333333,0.0,0.1227289780553552,0.4686230449293074,0.3007191762985719,0.07536293802685648,0.3458940668739522
F04921,20,1.0,1.0,0.5,0.5334991622719171,1.2000217789378322,0.8349307713951721,0.06472554881796407,0.6665226166659152
F04923,24,1.0,0.75,0.0,0.081206582331057,0.7655351334942804,0.5119255184456992,0.2928943382295494,0.6843285511632233
F04924,24,1.0,0.5,0.0,0.0157956265677691,0.6482981523596248,0.2744154245677622,0.28177651946257803,0.6325025257918557
F04925,8,1.0,0.5,0.0,0.2968959000034079,0.6722456341278851,0.47954658048123944,0.03282985993542455,0.3753497341244772
F04927,24,0.5,0.5,0.0,-0.5027480990683181,0.1703227135126824,-0.15288398528153496,0.24615326884331942,0.6730708125810005
F04928,24,1.0,1.0,0.5,-1.342933322818085,-0.5181377984727134,-0.8419809001123685,0.19914177733412255,0.8247955243453717
F04930,20,1.0,1.0,0.8,-2.03108890541188,-1.1805994738589418,-1.5069573307848003,0.14143719107391356,0.8504894315529383
F04932,12,1.0,0.75,0.5,0.8783684473552358,1.5999671533258433,1.281419837772149,0.1180452586069948,0.7215987059706075
F04934,24,1.0,1.0,0.0,0.1970560221616221,0.8701268347426228,0.4872479470984039,0.20491908823992,0.6730708125810007
F04935,24,0.5,0.5,0.0,-0.0964068426628665,0.5766639699181341,0.20517846018642386,0.24849947583316537,0.6730708125810005
F04936,24,0.5,0.5,0.0,-0.5367335476383097,0.1363372649426909,-0.13409292490990865,0.2754698180801049,0.6730708125810007
F04939,24,1.0,1.0,0.5,0.5669348781365209,1.2069723695734902,0.9022025201723316,0.039309946796789584,0.6400374914369693
F04940,20,1.0,1.0,0.5,0.5524350691333366,1.126262672277072,0.8739435934898337,0.15048789710846025,0.5738276031437355
F04941,8,1.0,0.5,0.0,0.2773383680724329,0.6755080203758699,0.471645192259714,0.11790969050968607,0.398169652303437
F04942,24,1.0,0.75,0.25,0.4286935341887137,1.0222529098619058,0.760981425433298,0.10860464209359405,0.5935593756731921
F04944,24,1.0,1.0,0.5,0.7886136337824062,1.412848318720543,1.099289902311335,0.01943074718146658,0.6242346849381367
F04948,24,1.0,1.0,0.25,0.436669576765852,1.1097403893468527,0.7519715249056425,0.17482115018896832,0.6730708125810008
F04951,20,1.0,0.7,0.3,-1.030499877377607,-0.3205279012183185,-0.6974677488457618,0.25972105158049985,0.7099719761592886
F04959,24,1.0,1.0,0.0,-0.9945897227819696,-0.2822387252364212,-0.5742776272975968,0.2623977520615038,0.7123509975455484
F04966,20,1.0,1.0,0.3,0.4766700250087249,1.1964082076227252,0.8226943842248912,0.061744922748712974,0.7197381826140002
F04967,8,1.0,0.0,0.0,-0.9513191774077598,-0.4122467065240368,-0.575995883619752,0.11700213796876807,0.5390724708837231
F04972,24,1.0,0.75,0.0,-0.9729047809933766,-0.208397593550417,-0.502096526738866,0.2785348153971476,0.7645071874429596
F04974,8,1.0,0.5,0.0,0.5423965811403498,0.8708384835401113,0.7029601814304338,0.02137377082439585,0.32844190239976145
F04975,24,1.0,0.75,0.0,0.2076272136763423,0.8806980262573428,0.5635483062930398,0.1801669999951321,0.6730708125810005
F04978,12,1.0,0.6666666666666666,0.6666666666666666,0.6137959247560183,1.4599879697719185,1.0789354800411561,0.08984200761491608,0.8461920450159002
F04980,20,1.0,1.0,0.0,0.2936741031217755,0.8131047397088649,0.5752130681681848,0.21162869008971935,0.5194306365870893
F04981,16,1.0,1.0,1.0,1.53561060052626,2.0826451665359924,1.8012147861003789,0.021625435443087045,0.5470345660097324
F04982,24,0.5,0.5,0.0,-0.5532119708169164,0.1198588417640843,-0.2231826893020947,0.27863254725205505,0.6730708125810008
F04983,20,1.0,0.5,0.2,0.0572293754103803,1.0813409170757124,0.6681144295146353,0.2053414925676334,1.0241115416653321
F04987,20,1.0,1.0,0.5,0.6250131791318138,1.248779709283711,0.8875911273196073,0.06426216875014273,0.6237665301518972
F04989,8,1.0,0.5,0.0,-0.576055165926553,-0.1121994830655909,-0.3788307910353835,0.29855123643628984,0.4638556828609621
F04990,24,0.25,0.5,0.0,-0.0273271155649643,0.5969075693731718,0.2999573007995566,0.26036004817746794,0.624234684938136
F04992,16,1.0,0.5,0.0,-0.6285521064802493,-0.1100601859122221,-0.38675603596250707,0.18009890635443493,0.5184919205680272
F04994,24,1.0,0.75,0.25,-1.172413757952773,-0.2622138571094395,-0.6287591469980754,0.21083947728912752,0.9101999008433335
F04995,20,1.0,1.0,0.5,0.6262433428631399,1.2010057706650856,0.9424575368012574,0.10858371207428984,0.5747624278019458
F04996,24,1.0,1.0,0.5,-1.508556618165488,-0.8354858055844882,-1.2384809513750143,0.10434403442211874,0.6730708125809998
F04997,4,1.0,1.0,1.0,-1.790097869974683,-1.031404437750314,-1.4107511538624986,0.1401611745597014,0.758693432224369
F04998,24,1.0,1.0,0.0,0.1713631810620459,0.8444339936430465,0.4486731100382401,0.15849451286681424,0.6730708125810005
F04999,24,1.0,1.0,0.0,0.2483035368913148,0.9213743494723152,0.506329007180187,0.0809469435023856,0.6730708125810004
F05002,20,1.0,1.0,0.5,-1.3731115771037932,-0.6275448361355744,-0.9427901089961175,0.2030238691407359,0.7455667409682187
F05003,20,1.0,1.0,1.0,-1.868542231017703,-1.1915390399675894,-1.487181574055045,0.12233171904333255,0.6770031910501135
F05004,8,1.0,1.0,1.0,-1.6490441477830675,-1.0923422492725814,-1.3624329926502543,0.12804497612482377,0.5567018985104861
F05013,20,1.0,0.5,0.0,0.0600180888842349,0.5632704290836305,0.3072074653920407,0.13697338829555783,0.5032523401993956
F05015,16,0.5,0.0,0.0,-0.4425569689658813,0.0431209250252133,-0.19871022785459388,0.11486837708692217,0.4856778939910946
F05016,24,1.0,0.5416666666666666,0.0,-0.8611072809467968,-0.1029455634690841,-0.3934717616749097,0.28276241091430276,0.7581617174777127
F05018,24,1.0,1.0,1.0,1.3130812068611235,1.8639492614228192,1.578159217350111,0.008277204383732849,0.5508680545616957
F05019,20,1.0,1.0,0.0,0.2634753522005519,0.8178257732161102,0.49727566215487373,0.11860118886112202,0.5543504210155583
F05020,20,1.0,0.3,0.0,-0.9957864207260576,-0.0945262075652019,-0.4548200576763606,0.1960759575881483,0.9012602131608557
F05024,24,1.0,1.0,0.25,-1.013216608332048,-0.3401457957510472,-0.6692297192295733,0.2620884245876811,0.6730708125810008
F05025,4,1.0,1.0,0.0,0.4528503724506021,0.802247491382974,0.6275489319167881,0.02059559783020591,0.3493971189323719
F05026,20,1.0,1.0,0.3,0.5011742756645139,1.1143905880396974,0.7401575881767541,0.10383872172020046,0.6132163123751835
F05027,8,1.0,0.0,0.0,-0.6885492158982468,-0.0318242702476047,-0.3386247820151979,0.1609722119921648,0.6567249456506421
F05028,24,1.0,0.5,0.0,0.0482954837042619,0.8290832198247232,0.350134691231462,0.22254094152595602,0.7807877361204614
F05029,24,1.0,0.5,0.0,0.1428887485728324,0.7616192102853807,0.39680693296408964,0.15938371535297574,0.6187304617125483
F05030,12,1.0,0.6666666666666666,0.0,0.4304688206036516,0.9350276450299206,0.7035380087004619,0.12057286046295752,0.5045588244262691
F05032,4,1.0,1.0,0.0,0.5734931854850787,0.93185519206476,0.7526741887749193,0.015406109746890183,0.3583620065796813
F05033,20,1.0,1.0,0.5,-1.3321444502695334,-0.5800105973328313,-1.0165125182860613,0.26359085853950825,0.7521338529367021
F05034,24,1.0,1.0,0.0,0.2465108662802242,0.9256711632153196,0.49753635421474096,0.1661975156819754,0.6791602969350954
F05035,24,1.0,0.5,0.0,0.0478110832390615,0.7485084673468881,0.3096051147599442,0.26266146711033755,0.7006973841078267
F05036,24,0.5,0.75,0.0,-0.3460260450762924,0.4172623459625518,-0.05293651008990105,0.13872833671995977,0.7632883910388442
F05038,16,1.0,0.5,0.0,0.1678932943226257,0.565463891204946,0.36215822819960103,0.1082312691775315,0.3975705968823203
F05040,24,0.5,0.5,0.0,-0.4488067831620252,0.1403478444124075,-0.19565345692844624,0.36040453518471277,0.5891546275744327
F05047,8,1.0,0.5,0.0,0.2969847516358351,0.8552630611252857,0.5685292434012091,0.20258221750237226,0.5582783094894506
F05048,24,1.0,1.0,0.5,-1.6358483881185797,-0.7470648097966842,-1.1029019384246017,0.16945483261648417,0.8887835783218955
F05049,24,1.0,1.0,0.75,-1.7376472710063535,-0.8446218783250368,-1.2025799141326643,0.1442905424006069,0.8930253926813168
F05050,24,1.0,1.0,0.75,-1.7808538458436278,-0.8182711499066063,-1.2110078373420863,0.14539154183585917,0.9625826959370215
F05051,24,1.0,0.75,0.0,0.2885395926994556,0.9823559896137916,0.5468931306235928,0.16250575840375142,0.6938163969143359
F05052,24,1.0,1.0,0.5,0.7733539250974067,1.4628632796455088,1.0295539418384267,0.08936992519788665,0.689509354548102
F05053,20,1.0,0.0,0.0,0.0372237761907441,0.6594015039020823,0.29517850738928714,0.08915121545941905,0.6221777277113382
F05054,24,1.0,1.0,0.5,0.5635541273498117,1.2467951142456857,0.816619960264718,0.10338970552572914,0.683240986895874
F05056,8,0.5,0.0,0.0,-0.2323518649146186,0.1997510189418312,0.033840340382543556,0.05661793395037557,0.4321028838564498
F05060,24,1.0,1.0,0.0,0.2723139821400395,0.9453847947210402,0.5882583884603257,0.20806432060128977,0.6730708125810008
F05061,20,1.0,1.0,0.5,-1.2220139231612583,-0.6863938872487331,-0.948983451557082,0.20071047683157112,0.5356200359125253
F05062,20,1.0,1.0,1.0,-2.335331067514417,-1.4121476878231056,-1.7723036896321398,0.13967672062010913,0.9231833796913116
F05063,24,0.5,0.5,0.0,-0.0490869151062491,0.5360911228235805,0.20547072141501344,0.18103874175784773,0.5851780379298296
F05064,24,1.0,1.0,0.25,-1.7057558752338402,-0.7621846420710278,-1.1454155981194032,0.16274237642571024,0.9435712331628124
F05065,24,0.25,0.5,0.0,-0.0300154583343042,0.7476150217277592,0.4473544422297583,0.20791445747747422,0.7776304800620634
F05066,20,1.0,0.5,0.0,0.0306190504844011,0.704963611423372,0.43264962701688514,0.28957157153285107,0.674344560938971
F05069,20,0.5,0.3,0.0,-0.5646897022748046,0.1497965468752735,-0.12725608244518538,0.2087272279139078,0.7144862491500781
F05070,20,1.0,0.5,0.0,0.0909834239454838,0.6023130172459427,0.3821137972938504,0.22589743711773463,0.5113295933004589
F05071,20,1.0,0.8,0.0,0.2558724021990864,0.9353583060327052,0.5012528381299687,0.15463684784171458,0.6794859038336187
F05072,16,1.0,0.5,0.0,-0.9351974473256172,-0.4769807564762303,-0.6923450862203798,0.17636244243278915,0.4582166908493869
F05073,24,0.75,0.5,0.0,-0.0070488851702133,0.6502083978208387,0.25744315961371406,0.23626924304113192,0.657257282991052
F05075,8,1.0,1.0,1.0,-2.0688754675682888,-1.4434389628175075,-1.7476142330691804,0.09596170324936022,0.6254365047507813
F05078,24,0.5,0.75,0.0,-0.4031053569741699,0.2699654556068307,-0.1322448549719642,0.24699667092763,0.6730708125810005
F05080,24,1.0,1.0,1.0,-1.8952990797859852,-1.2222282672049845,-1.4997097496602751,0.010784297773981658,0.6730708125810008
F05081,20,0.5,0.5,0.0,-0.6682902877019998,0.0420254298183613,-0.22279617247254985,0.31013245241202664,0.7103157175203612
F05083,16,1.0,1.0,0.0,0.4462643882814101,0.92432307481358,0.679583633533799,0.08276624620958474,0.47805868653216993
F05085,20,1.0,0.5,0.0,0.0811306613043187,0.6442188171431559,0.28279159565694073,0.15183369967962057,0.5630881558388372
F05086,16,1.0,1.0,0.0,0.5060040471078957,0.9321344616336223,0.7263877391035709,0.0610595254572656,0.42613041452572664
F05087,24,0.5,0.5,0.0,-0.4818437120614149,0.1912271005195856,-0.19741310366805895,0.34040182112280454,0.6730708125810005
F05090,20,1.0,1.0,1.0,1.0967397815456217,1.550549340544071,1.3106631567508855,0.008700317272795568,0.4538095589984492
F05092,8,0.5,0.0,0.0,-0.0889223464189061,0.2479964733304475,0.0748551326495201,0.038476861347096165,0.3369188197493536
F05095,8,1.0,0.0,0.0,0.0097014759588756,0.3440968725638696,0.17270532415584244,0.1388588056842424,0.334395396604994
F05097,20,0.5,0.0,0.0,-0.3204113889030666,0.1635376748568974,-0.07017912401159414,0.09279074787369512,0.483949063759964
F05099,8,0.25,0.125,0.0,-0.1284450125422913,0.6992129255296492,0.38803343883929703,0.12172665456617728,0.8276579380719404
F05100,24,1.0,0.5,0.0,0.0446664610723815,0.7177372736533824,0.4075707449905134,0.32399055123658344,0.6730708125810009
F05101,20,0.5,0.5,0.0,-0.2618151449060109,0.3873340677086412,0.14022622726116218,0.133601568665212,0.6491492126146521
F05102,24,1.0,1.0,0.0,0.268975722757478,0.9420465353384786,0.5951480038194399,0.2261631743896962,0.6730708125810005
F05103,24,1.0,1.0,0.25,0.4747827137620959,1.0563440925524152,0.7355022737147265,0.13573062786668555,0.5815613787903193
F05104,24,0.25,0.5,0.0,-0.0231603625222803,0.6499104500587205,0.26765695586092747,0.313190983517911,0.6730708125810008
F05105,24,1.0,0.5,0.0,0.0559308045184944,0.7290016170994951,0.3305366071264293,0.29753535422519733,0.6730708125810007
F05107,8,1.0,0.75,0.0,0.3183314360425808,0.7782286467501319,0.6380313389551546,0.14020548682412548,0.45989721070755113
F05109,24,0.5,0.75,0.0,-0.3022856923838536,0.3856856486630452,-0.046854682393434904,0.16722634276887935,0.6879713410468988
F05110,24,1.0,1.0,0.0,-1.812721772331077,-0.8382460244967049,-1.2369292378808605,0.16760427880478052,0.974475747834372
F05111,20,0.8,0.5,0.0,-0.1075596990334785,0.6417042108331906,0.19002828994619295,0.16154999226541988,0.7492639098666691
F05112,24,1.0,0.75,0.0,0.2197739951923399,0.8928448077733405,0.516293374850691,0.2134406730846463,0.6730708125810007
F05113,24,0.25,0.4583333333333333,0.0,-0.2204123443619072,0.5576726285700031,0.2571848026370786,0.10435133452051366,0.7780849729319104
F05115,24,1.0,0.5,0.0,0.0425205880224908,0.7944215472612367,0.3299164071088331,0.24214025092588037,0.7519009592387459
F05116,4,1.0,1.0,1.0,-2.524554267912305,-1.84005003653692,-2.1823021522246124,0.11089378054640846,0.6845042313753851
F05117,24,1.0,1.0,0.5,0.7051491115260631,1.359436013779339,1.078889130682448,0.09737185409325526,0.654286902253276
F05118,24,1.0,0.75,0.5,-1.2171656730124265,-0.3449701019876274,-0.8696225480330577,0.281439993776769,0.872195571024799
F05120,24,0.5,0.75,0.0,-0.4594418757158059,0.2524883068865328,-0.01492212388160584,0.1364762640906367,0.7119301826023388
F05121,24,0.5,0.75,0.0,-0.3135316786000884,0.4021817892331722,-0.02952414149945956,0.177587498107202,0.7157134678332606
F05122,8,1.0,0.5,0.0,0.3857407752571737,1.1254307240759929,0.8058845838500406,0.09964696116261594,0.7396899488188191
F05123,24,1.0,1.0,0.5,-1.1132148991517856,-0.4401440865707847,-0.7846967401150804,0.19228611206944196,0.673070812581001
F05124,24,1.0,1.0,0.5,-1.6296969191649526,-0.7545496197057929,-1.1035686089023422,0.16570849939904508,0.8751472994591597
F05125,24,0.75,0.5,0.0,-0.126280906010416,0.6865376328974848,0.19157370291050368,0.16439151241610786,0.8128185389079008
F05126,8,1.0,0.5,0.0,0.2023966221953612,0.8639507489980401,0.6190027892827301,0.13176120175921585,0.661554126802679
F05127,20,1.0,0.5,0.0,0.0664089705614167,0.5721338375717304,0.3526435170214925,0.1475624636066787,0.5057248670103137
F05128,12,1.0,1.0,0.5,-1.230231123316729,-0.6059100374413064,-0.9372648929101708,0.1891080381938357,0.6243210858754225
F05129,20,0.5,0.2,0.0,-0.3735703980567697,0.3964441309560535,0.08580843190505359,0.10970813123592374,0.7700145290128233
F05130,24,0.5,0.5,0.0,-0.0656357405301258,0.6074350720508748,0.18477418363834444,0.2485897800831301,0.6730708125810005
F05131,24,0.5,0.75,0.0,-0.3479544838858667,0.3251163286951338,-0.0982397488337417,0.2474344792612326,0.6730708125810005
F05133,24,0.5,0.5,0.0,-0.1582362092728901,0.5148346033081106,0.24141570266897394,0.2861906400198586,0.6730708125810007
F05134,24,0.25,0.5,0.0,-0.0644165995456859,0.6086542130353146,0.34059574144660165,0.2771398348095549,0.6730708125810005
F05138,8,1.0,0.375,0.0,0.0300942652911314,0.3257502891600923,0.17446328573398284,0.14879915305630922,0.2956560238689609
F05139,8,0.75,0.0,0.0,-0.5848889511599489,0.095848651494042,-0.2666630546090471,0.12515768795712495,0.6807376026539909
F05140,24,1.0,0.5,0.0,-0.7887251685107972,-0.1486876770738277,-0.4888257013794841,0.34019013929826747,0.6400374914369695
F05141,8,1.0,1.0,0.0,0.5174950439036864,0.79940993400238,0.6551170248157565,0.02253764725321164,0.28191489009869364
F05143,24,1.0,1.0,0.75,-1.7437261801248436,-0.895332864395893,-1.4080841827933988,0.21070231844703613,0.8483933157289506
F05145,4,1.0,0.5,0.5,-1.040269287505042,-0.3863416371952171,-0.7133054623501296,0.1956271660337134,0.653927650309825
F05146,8,1.0,0.25,0.0,-0.7859438661533068,-0.096779644670293,-0.39972143014524464,0.18715095034626,0.6891642214830138
F05154,20,1.0,1.0,0.3,-1.2551478578537705,-0.4587252260776565,-0.7876743905163774,0.1910582732713755,0.796422631776114
F05158,8,1.0,1.0,1.0,1.5186654017184231,2.106320362855843,1.7192032006052878,0.03320470697224232,0.5876549611374198
F05159,24,1.0,1.0,0.5,0.542009268345992,1.1186267457115708,0.859582218504966,0.11527387561215098,0.5766174773655789
F05161,20,0.5,0.5,0.0,-0.501162315668382,0.0844846738976948,-0.1498378861497601,0.2577988686541269,0.5856469895660767
F05163,24,1.0,1.0,0.25,0.3706569610936958,1.0437277736746964,0.6279826334196688,0.07660333251662793,0.6730708125810005
F05168,16,1.0,0.0,0.0,-0.5228543823471943,-0.0762959839415035,-0.2953485473258832,0.12912545635328118,0.4465583984056908
F05170,24,1.0,1.0,0.0,0.3785576128908284,0.9677122404652608,0.692755483192039,0.17564086698363235,0.5891546275744324
F05172,8,0.5,0.0,0.0,-0.0791426022401739,0.358547916548364,0.11503499094519289,0.0840311437603437,0.4376905187885379
F05174,16,1.0,0.5625,0.0,0.3678149709301057,0.9017652710013012,0.5965553640735559,0.07280588859751995,0.5339503000711956
F05175,16,1.0,1.0,0.0,0.5077008605134006,0.9748548879310578,0.7325306629430115,0.1751265540837235,0.4671540274176572
F05176,12,1.0,0.5,0.0,0.3340984667344902,0.7217424935426935,0.5086476102902913,0.09425204574840691,0.3876440268082033
F05177,4,1.0,0.0,0.0,0.0211426937693422,0.3875519743433613,0.20434733405635175,0.12837504948992023,0.3664092805740191
F05180,20,0.8,0.5,0.0,-0.5830343437213019,0.0137317290594644,-0.2708715375189667,0.19046799356717153,0.5967660727807663
F05185,16,1.0,1.0,0.25,0.5972494197275182,1.0303665874273131,0.8092241736238808,0.027412627947738293,0.4331171676997949
F05187,20,1.0,0.5,0.0,-0.9828747616178444,-0.2106570326155777,-0.5189435137404441,0.2666156454585908,0.7722177290022667
F05188,8,1.0,1.0,0.0,-0.7825883720039369,-0.3791271645200053,-0.5866472172889773,0.21763263208505662,0.40346120748393166
F05190,20,1.0,0.3,0.0,-0.9566881693410784,-0.2917260205827056,-0.6139073735320553,0.14374787871713138,0.6649621487583728
F05191,20,0.3,0.4,0.0,-0.2541310562666201,0.531896892528986,0.2321628400798727,0.10489890795571019,0.7860279487956061
F05192,8,1.0,0.5,0.0,-0.8814271816929126,-0.3037677494139803,-0.5569915872859648,0.22749431045818252,0.5776594322789322
F05193,24,1.0,0.75,0.0,0.2920556277516849,0.92439714508272,0.6644504278994051,0.19599010673700704,0.632341517331035
F05194,8,1.0,0.5,0.0,0.2366762294639531,0.5521344768879515,0.39072379285028713,0.07350590414380974,0.3154582474239984
F05198,20,1.0,0.65,0.2,-1.4867223484656715,-0.8002822170518135,-1.1531377981361333,0.13230606187527405,0.6864401314138581
F05200,24,0.75,0.5,0.0,-0.5847502046294839,0.0589096805174579,-0.2836148461527156,0.3354088120971136,0.6436598851469418
F05201,20,1.0,0.7,0.0,-0.8449536768329596,-0.0914316948893831,-0.561052553451388,0.3813480555428927,0.7535219819435766
F05202,24,1.0,1.0,0.0,0.3686978230025941,0.9571965672679128,0.6701992904799211,0.1044373777659786,0.5884987442653187
F05204,24,0.5,0.75,0.0,-0.2733694358451035,0.3830507551394003,0.11897725635874694,0.10288451395763927,0.6564201909845038
F05211,4,0.5,0.0,0.0,-0.1440278648781755,0.5822858666023596,0.21912900086209203,0.10927630225073864,0.7263137314805351
F05212,24,1.0,0.625,0.0,0.037281377387137,0.7396131087568708,0.47700190360503464,0.3061248425074136,0.7023317313697338
F05214,8,1.0,0.0,0.0,0.1970429094010242,0.6634346444115014,0.4407709388437982,0.06155506262338561,0.46639173501047715
F05215,20,1.0,0.0,0.0,-0.6270401531061248,-0.0897100578608637,-0.313562872082885,0.1361181250033482,0.5373300952452611
F05216,24,0.75,0.25,0.0,-0.3431426651032832,0.8357091235417077,0.15772856868618154,0.08788148017511335,1.178851788644991
F05217,8,0.5,0.0,0.0,-0.3173557151667285,0.1617913155920338,-0.08395128398591115,0.06804622465014905,0.4791470307587623
F05218,24,1.0,0.5,0.0,0.1534917339542875,0.9376116151001388,0.45699701399418236,0.1298257221323191,0.7841198811458513
F05221,8,1.0,0.0,0.0,0.0410017735295399,0.3806969076342394,0.2063383804595555,0.08806302119779873,0.33969513410469954
F05222,8,1.0,0.0,0.0,0.0979830449154341,0.6174817310142855,0.3836872694500727,0.039838622422007364,0.5194986860988514
F05224,8,1.0,0.5,0.25,0.5176188818689967,1.0242666650716683,0.7640161503953693,0.11634252104056556,0.5066477832026716
F05226,24,1.0,0.5,0.0,0.1070552495388311,0.8083976660065194,0.5218630544842738,0.16250377268863295,0.7013424164676884
F05231,20,1.0,0.65,0.5,0.4582746886909077,1.0619939507674552,0.7857530466033844,0.1142052801012936,0.6037192620765475
F05232,12,1.0,1.0,0.0,0.4697971779917055,0.9517990163142506,0.7048591879077313,0.0869979364588823,0.48200183832254506
F05235,20,1.0,1.0,0.0,0.3566673158489689,0.8576703850751852,0.5926875076224288,0.10171462494823265,0.5010030692262164
F05236,8,1.0,1.0,0.5,0.7906991346830358,1.3027040074909395,1.0659108500596526,0.08747988344689203,0.5120048728079037
F05237,20,1.0,0.7,0.5,-1.3135311855274865,-0.4346418782387417,-0.9545284425750804,0.2909141815762587,0.8788893072887448
F05240,20,1.0,0.8,0.5,0.5271413826015607,1.288277528441616,0.9745735065725805,0.1443408712843879,0.7611361458400552
F05241,8,1.0,0.5,0.0,0.402685288409307,0.8837786895461625,0.636510683010761,0.054749693542856886,0.48109340113685545
F05243,20,1.0,1.0,0.0,-0.8305561925343756,-0.3486037379459885,-0.592736881054632,0.21669834504863253,0.48195245458838715
F05244,8,0.5,0.0,0.0,-0.1237037083303006,0.1293105627278588,0.005985132871812196,0.010409285146875107,0.2530142710581594
F05245,24,1.0,0.75,0.0,0.3166730192339478,0.961528823862073,0.5833259334284366,0.11349570107500855,0.6448558046281252
F05246,24,1.0,1.0,0.5,0.4083343762469333,1.081405188827934,0.8236366094944616,0.15358459605861352,0.6730708125810005
F05247,20,1.0,0.7,0.5,0.4166153713432951,1.3444718639625646,0.9780734723264823,0.1613266146153015,0.9278564926192694
F05253,12,0.5,0.3333333333333333,0.0,-0.267914203580514,0.2870174149326417,0.060489695040433056,0.053466994218109326,0.5549316185131556
F05254,8,1.0,0.5,0.0,0.4867516116351621,0.8971553105547347,0.6860197386881928,0.06967589663414527,0.4104036989195726
F05256,12,1.0,0.5,0.0,0.2071315172024495,0.9376325165814386,0.6513379273643637,0.11829577775440243,0.7305009993789892
F05258,20,0.5,0.0,0.0,-0.4824126599941506,0.2111169667452492,-0.0918183990042093,0.07308027800208494,0.6935296267393998
F05259,24,0.25,0.5,0.0,-0.2282769971478006,0.6292747425306012,0.28905353322443095,0.11939884332679318,0.8575517396784018
F05262,8,1.0,0.625,0.0,-1.4391458552660472,-0.6044664832999443,-0.9736614368118359,0.1385406953440426,0.8346793719661029
F05264,24,0.5,0.5,0.0,-0.1021309299972445,0.6412022177574401,0.18098098334706708,0.1908031358597058,0.7433331477546846
F05265,8,1.0,1.0,1.0,-3.1879592005347197,-2.4354046401540788,-2.723003692865306,0.11524742091570825,0.752554560380641
F05270,12,1.0,0.75,0.6666666666666666,0.9164110480056672,1.5668646173306635,1.3206151927557737,0.09092058299005329,0.6504535693249963
F05272,8,1.0,1.0,1.0,1.3783728330987477,1.8456726496492817,1.5936709043564592,0.043391490065401134,0.467299816550534
F05274,20,1.0,1.0,0.3,0.4927848054088138,1.1777280588745582,0.7582124661880231,0.07738650843184006,0.6849432534657445
F05275,24,1.0,0.5,0.0,-0.7403529514769606,-0.1003154600399911,-0.3834481600221479,0.36582516051451763,0.6400374914369694
F05277,12,1.0,1.0,1.0,-1.6289029937578816,-1.0879469116563054,-1.3449666213027176,0.05470962670713319,0.5409560821015762
F05279,16,1.0,1.0,0.0,0.359196838199095,0.7607806833974176,0.5530941220633865,0.11508569863930382,0.4015838451983226
F05280,20,1.0,1.0,0.5,0.9196439903308132,1.524053067214193,1.245368318275009,0.027494003033847962,0.6044090768833797
F05281,24,1.0,1.0,0.5,0.61799705200476,1.3285981941415956,0.8847429625401472,0.09112768187729348,0.7106011421368357
F05285,8,0.5,0.0,0.0,-0.505727747895664,0.2482303138197912,-0.020493397706238203,0.09054425383968707,0.7539580617154552
F05287,24,1.0,0.75,0.0,-0.9043199094149416,-0.194105540976352,-0.6230619220116483,0.22339898562000138,0.7102143684385895
F05290,20,0.5,0.5,0.0,-0.3335040056823405,0.2037429017942644,-0.07081089489759029,0.2205194536878716,0.5372469074766049
F05293,24,1.0,1.0,1.0,1.1936008062871326,1.8666716188681327,1.5126119006041716,0.014477479353743748,0.6730708125810001
F05294,20,1.0,0.5,0.0,0.2595559369077088,0.8138532408698969,0.5192256537794757,0.1268920985765654,0.5542973039621881
F05297,20,0.3,0.5,0.0,-0.0033881499946309,0.5587914866627064,0.32823235006849805,0.2594357239192753,0.5621796366573373
F05298,20,0.3,0.5,0.0,-0.0109975074493209,0.5494846496513556,0.31533178092928293,0.2586254687352228,0.5604821571006765
F05300,20,0.5,0.3,0.0,-0.3600714300907074,0.1544658406959125,-0.0958845950942331,0.15098688374684097,0.5145372707866199
F05303,8,0.5,0.0,0.0,-0.2807942715653424,0.0382987643208689,-0.11717574753908819,0.17960910136961614,0.3190930358862113
F05305,24,1.0,0.75,0.0,0.1738587440070044,0.8946581274888035,0.4701218390363054,0.17407383535722332,0.7207993834817991
F05307,24,1.0,1.0,0.5,0.5982751063323336,1.2713459189133345,0.9329988391042614,0.09895689346002856,0.6730708125810009
F05309,8,1.0,0.5,0.0,0.2711714664331313,0.689501177417095,0.47516169647986184,0.09054519934563572,0.41832971098396377
F05310,8,1.0,1.0,0.5,-1.2282721336732156,-0.5479154247381411,-0.923426239940442,0.21369939489571885,0.6803567089350745
F05311,20,1.0,0.5,0.0,-0.7988280897010425,-0.1038104751151795,-0.3789908977071498,0.34925999476602604,0.695017614585863
F05312,20,1.0,0.7,0.0,0.1699666166797183,0.9228126110152698,0.615334641470505,0.25255355035012234,0.7528459943355514
F05314,8,0.5,0.0,0.0,-0.1342020290422663,0.3546209064230423,0.12654500207821945,0.0618365315528992,0.4888229354653086
F05316,20,1.0,0.4,0.2,-1.247505539972763,-0.1030928693271305,-0.7596430020763338,0.24340990597621354,1.1444126706456326
F05317,16,1.0,1.0,1.0,1.4259961565297032,2.200500491379975,1.7753536702309949,0.049990967498024855,0.7745043348502716
F05318,4,0.5,0.0,0.0,-0.0003488561336193,0.5052174015542381,0.2524342727103094,0.13414741919864426,0.5055662576878575
F05319,16,1.0,1.0,0.25,0.5894554196312296,1.0124375238768022,0.7933651966669069,0.053511305020030965,0.4229821042455726
F05321,12,0.5,0.0,0.0,-0.4866664080234421,0.019776703708593,-0.22676317398890586,0.18698600937433438,0.506443111732035
F05322,8,1.0,0.0,0.0,0.053390918154287,0.419839568657967,0.24095742770492135,0.04248779525511327,0.36644865050368003
F05323,8,1.0,0.0,0.0,-0.3737630869017402,-2.2054821154330025e-05,-0.1808074429477543,0.130552660762298,0.3737410320805859
F05329,20,1.0,0.5,0.0,0.1366346277097119,0.6632730587494948,0.4201114428948988,0.18605317927534937,0.5266384310397829
F05330,20,1.0,0.5,0.0,0.0005720682704864,0.4782908391025775,0.2342110000386181,0.1457850410974609,0.47771877083209113
F05332,8,1.0,1.0,0.5,0.9274040981084304,1.216700544004314,1.069159252926219,0.02200228020962662,0.28929644589588355
F05334,4,1.0,0.5,0.5,-1.1039422793714926,-0.4569886763487404,-0.7804654778601166,0.1613531535017743,0.6469536030227522
F05336,8,1.0,0.0,0.0,0.4716099134075784,0.7556427434182752,0.6104512003149555,0.015943479307844993,0.2840328300106968
F05341,20,1.0,1.0,0.3,0.3997272733959182,1.0878508864619305,0.6662088211465603,0.07872362598569912,0.6881236130660123
F05342,20,1.0,1.0,0.3,0.4454032137062669,1.0151146142679586,0.6994569559822393,0.030196008271430316,0.5697114005616917
F05343,20,0.5,0.5,0.0,-0.1976043905819834,0.356928424146502,0.09131675405279824,0.08520942769309668,0.5545328147284854
F05345,16,1.0,1.0,0.0,0.3215832245723377,0.8443884033837072,0.5403954792022986,0.07922142013255677,0.5228051788113696
F05347,16,1.0,1.0,0.5,0.6629645977526492,1.0997161960320707,0.874153780388961,0.032283321356728414,0.43675159827942156
F05348,16,0.5,0.0,0.0,-0.0691871090978085,0.3311853520479582,0.13412957801305633,0.08706850237419309,0.4003724611457667
F05362,24,1.0,1.0,0.5,-1.501560234518018,-0.8284894219370175,-1.1605952275635651,0.0692845363514157,0.6730708125810004
F05363,8,1.0,1.0,0.25,0.643662273749357,1.0428573757553132,0.8384441770315878,0.03575666734815388,0.3991951020059562
F05364,8,1.0,0.0,0.0,0.6934695300670223,1.0218705424834578,0.8538572740327224,0.013400354561645532,0.3284010124164355
F05366,24,1.0,0.5,0.0,0.0957726943954004,0.8038499532888795,0.3612566633091093,0.21951895461745408,0.7080772588934792
F05367,24,1.0,1.0,1.0,1.3502078484258848,2.023278661006886,1.7546787042708083,0.07243424442894592,0.6730708125810012
F05368,4,1.0,0.5,0.5,-1.464679664405508,-0.8008795363627474,-1.1327796003841277,0.1594850819303528,0.6638001280427606
F05370,24,1.0,0.5,0.0,0.104031583425376,0.7831655773600746,0.3550439198596947,0.20878790808584,0.6791339939346986
F05371,24,0.75,0.5,0.0,-0.5755843589366594,0.0974864536443412,-0.2985340429573347,0.37656879242248875,0.6730708125810005
F05373,16,1.0,1.0,0.0,0.3652755837769105,0.7654898875744452,0.5608045703078233,0.09641654327453392,0.40021430379753475
F05374,24,0.5,0.0,0.0,-0.3683602877614553,0.4779985888709411,0.1433738110877737,0.09345473026962094,0.8463588766323964
F05376,20,1.0,0.5,0.0,0.0223280745605585,0.5041980620187757,0.27571275698178926,0.15974570981060987,0.4818699874582172
F05378,8,1.0,1.0,0.0,0.5116933234759079,0.8940404785288882,0.6985855486487552,0.06760032202217216,0.38234715505298034
F05380,16,1.0,1.0,0.5,0.7195740627910986,1.161570560841838,0.935874703597904,0.03815436125324837,0.4419964980507395
F05381,4,1.0,0.0,0.0,-0.4083181735128596,-0.1006985282847246,-0.2545083508987921,0.04554390970253762,0.307619645228135
F05383,24,0.5,1.0,0.0,-0.2551189705233314,0.4250940617138902,-0.003567114937751359,0.07518533125472879,0.6802130322372215
F05384,24,1.0,1.0,0.5,0.6271014978894885,1.3330264373589098,0.8915093070911684,0.07044092029408845,0.7059249394694213
F05385,12,1.0,1.0,0.16666666666666666,0.6047487854640725,1.2109414964562093,0.9248273661214031,0.08847604911536999,0.6061927109921368
F05386,16,1.0,0.5,0.0,0.1506124588081806,0.7755065827547345,0.5007809135593739,0.2397507451213768,0.6248941239465539
F05387,8,1.0,0.0,0.0,0.0036104158845083,0.311559408599554,0.15350306514413797,0.13026680801395626,0.3079489927150457
F05388,24,1.0,1.0,0.5,0.5882906365992173,1.320107770406017,1.0427538640356475,0.14927535355809116,0.7318171338067996
F05389,8,1.0,0.5,0.0,0.4265018196780442,0.8168948956850476,0.6162705842664303,0.09193587269356937,0.3903930760070034
F05390,20,1.0,0.5,0.0,0.0022399084139597,0.585626726823773,0.34446399935332683,0.25440817161941764,0.5833868184098133
F05393,20,1.0,0.5,0.0,-0.7855171588838842,-0.15496486199852,-0.40218671795842337,0.3127620715126152,0.6305522968853642
F05396,24,1.0,1.0,0.75,-2.259692061050269,-0.9220919813460356,-1.6794466817311826,0.25904682965565357,1.3376000797042336
F05397,20,0.5,0.0,0.0,-0.3311852882383738,0.2817485609758269,0.02502827771284305,0.05248295908304855,0.6129338492142007
F05398,8,1.0,0.0,0.0,-0.505904088802138,-0.0500524158776635,-0.27140349440797634,0.16932295510979206,0.4558516729244745
F05399,24,0.5,0.5,0.0,-0.4928065496479994,0.1802642629330011,-0.18550517249637366,0.3015710220859392,0.6730708125810005
F05400,20,1.0,1.0,0.5,0.738095371825169,1.2919427562793555,0.977848244569323,0.029462373558370284,0.5538473844541865
F05403,20,1.0,1.0,0.5,0.4762813278882116,1.0955325451799165,0.8444078712696474,0.1603057949651769,0.6192512172917048
F05404,12,1.0,0.5,0.0,-0.6168881560357041,-0.0620805069085809,-0.35574617218625115,0.32186491290171376,0.5548076491271232
F05405,24,1.0,1.0,0.5,0.7454477805705851,1.4641901392951835,1.016264299399854,0.01512533832383827,0.7187423587245984
F05406,24,0.5,0.9583333333333334,0.0,-0.3272335207247833,0.3458372918562172,-0.012392963498418397,0.15864472519295802,0.6730708125810005
F05407,24,1.0,0.75,0.0,0.1867492078758877,0.8267866993128571,0.4417960481142072,0.1591530407027996,0.6400374914369694
F05410,24,1.0,0.5,0.0,0.0177561707670724,0.6908269833480732,0.3205819647751436,0.3778720430944593,0.6730708125810009
F05412,16,1.0,1.0,0.5,-1.308998090064578,-0.4953595605113468,-0.8654803973425176,0.1686530792511451,0.8136385295532311
F05413,20,1.0,0.5,0.0,0.2042960415141466,0.7215967008687119,0.45450473948082337,0.1258785283676471,0.5173006593545653
F05415,20,1.0,1.0,0.2,0.4328604153317424,1.0081696090313432,0.7428059787100894,0.1212016672059925,0.5753091936996009
F05417,8,1.0,1.0,1.0,1.499160536398739,2.0188773556173474,1.7537995329421467,0.06172733597217335,0.5197168192186084
F05420,8,0.5,0.0,0.0,-0.215993101889758,0.3777620315126339,0.096213849033699,0.03857776737528187,0.5937551334023918
F05421,8,0.5,0.0,0.0,-0.0777396070359077,0.3508599842169468,0.14274179218477445,0.05183110556769578,0.4285995912528545
F05424,24,1.0,0.5,0.0,-0.7437450402952004,-0.0706742277141996,-0.45203449873463,0.4014408308476705,0.6730708125810008
F05425,8,1.0,0.5,0.0,0.2318885786576592,0.6211527012415388,0.4326312736394804,0.0457616449938963,0.38926412258387955
F05426,16,0.5,0.5,0.0,-0.0346121212852934,0.427666745878331,0.19128853176367805,0.19302530531581436,0.4622788671636244
F05427,20,0.5,0.0,0.0,-0.3608640352857488,0.2538048056253457,-0.0542594508406362,0.095458211390089,0.6146688409110945
F05428,24,0.25,0.5,0.0,-0.0713958679477361,0.6016749446332644,0.27554920061183,0.2588453357606998,0.6730708125810005
F05429,8,1.0,0.0,0.0,0.2306928502128787,0.4279741745066348,0.3285601916621307,0.029742686363568485,0.19728132429375608
F05430,24,1.0,0.5,0.0,-0.8293516063012487,-0.2051169213631123,-0.5535861495096008,0.33019569637796403,0.6242346849381364
F05431,20,1.0,1.0,0.5,-1.0995415982536552,-0.4569286731305589,-0.7872934874221609,0.23661246814021913,0.6426129251230963
F05434,20,0.3,0.5,0.0,-0.0493918319273561,0.5572850922748726,0.2878095867646577,0.1831312237779565,0.6066769242022286
F05435,20,1.0,1.0,0.3,0.4524853673660872,1.101601207592918,0.7080982598564913,0.06968718910659612,0.6491158402268309
F05436,24,1.0,0.5,0.0,0.0453113996597286,0.7183822122407293,0.3004724199318191,0.29447106305854726,0.6730708125810007
F05440,20,1.0,1.0,0.0,0.5497148371151901,0.984003239521118,0.7594559328683895,0.08067758717283899,0.4342884024059279
F05441,24,1.0,1.0,0.5,0.6955616912127709,1.4211648082226844,0.9942266530061292,0.11956316333493743,0.7256031170099135
F05443,8,0.25,0.0,0.0,-0.0056826297811419,0.2368189157360298,0.11279486658931881,0.12369758789975192,0.2425015455171717
F05444,20,0.5,0.8,0.0,-0.4013239501708989,0.2537436731299721,0.005896250022602148,0.09787753960583861,0.655067623300871
F05445,20,0.3,0.5,0.0,-0.1156997578533804,0.616690542884063,0.346309626627195,0.23068850414981015,0.7323903007374434
F05446,20,1.0,0.6,0.3,0.4693607919288811,1.0072943186886352,0.7406323164611726,0.071172765953303,0.537933526759754
F05448,20,1.0,1.0,0.5,1.2343126889985292,1.84816869609482,1.596651899225827,0.04426737898494727,0.6138560070962908
F05449,24,0.5,0.75,0.0,-0.296521702215048,0.3765491103659526,-0.022809024508602754,0.1022971919583655,0.6730708125810005
F05452,8,1.0,1.0,0.0,0.6388871851319484,0.8993602811156128,0.7667818286142554,0.012457513055717658,0.2604730959836644
F05453,20,0.3,0.5,0.0,-0.1378453975665486,0.5481097842292367,0.28028078337610113,0.1588498651788433,0.6859551817957853
F05460,16,0.5,0.5,0.0,-0.0063300685670213,0.4117520531476433,0.19786539966076183,0.14970267472619472,0.4180821217146646
F05462,24,0.5,0.5,0.0,-0.4847303919648155,0.1883404206161851,-0.1626574209962116,0.31122419811218166,0.6730708125810005
F05463,24,1.0,0.875,0.25,-1.1316535838210502,-0.3245222868337732,-0.6395332747943809,0.2002640699503174,0.807131296987277
F05464,24,1.0,0.5,0.0,-0.7564899063883924,-0.026783484201738,-0.3030820347620345,0.29238834524497187,0.7297064221866544
F05465,24,1.0,1.0,0.5,0.4930102935727029,1.1660811061537035,0.8213324384787026,0.10795950911069242,0.6730708125810007
F05466,24,0.5,0.5,0.0,-0.4881677827059092,0.1849030298750913,-0.22224750622798806,0.2879690089487384,0.6730708125810005
F05467,24,1.0,1.0,0.5,-1.3248256632254591,-0.5942173488054665,-0.8709668454824324,0.08643821493807345,0.7306083144199926
F05468,20,0.5,0.0,0.0,-0.2737431774284805,0.3841913432728362,0.12229631122662506,0.07612502816093872,0.6579345207013167
F05469,24,1.0,1.0,1.0,-5.346031936453248,-4.672961123872248,-5.01059247974637,0.001151161355007661,0.6730708125809999
F05470,24,0.5,0.5,0.0,-0.4503977805490969,0.2962214948005671,0.01146651765876576,0.11951852418872323,0.746619275349664
F05474,20,1.0,1.0,1.0,1.0627941233275746,2.0191389941435403,1.643777711541083,0.10334588852075993,0.9563448708159656
F05475,8,1.0,1.0,1.0,1.1387634670227424,2.020760835253263,1.701820289430308,0.08596789953943453,0.8819973682305207
F05476,4,1.0,0.75,0.5,-1.355086638282656,-0.5848743798755203,-0.9699805090790882,0.21055363279866934,0.7702122584071358
F05477,8,1.0,0.25,0.0,-1.4722470124755382,-0.849211320252031,-1.1088931998359202,0.121288498085592,0.6230356922235072
F05480,24,1.0,0.625,0.0,0.112428160298547,0.8082854314161122,0.4325360955747164,0.16723763651127166,0.6958572711175652
F05483,20,1.0,1.0,0.3,-1.0765584358532336,-0.4224697263144398,-0.683851856141238,0.24801194736764998,0.6540887095387938
F05484,8,0.25,0.0,0.0,-0.2603776286307241,0.4742735994685385,0.12281639078435724,0.07744764284947783,0.7346512280992625
F05485,20,0.3,0.5,0.0,-0.2011121268393218,0.4932083719287337,0.23804204731044912,0.15517244527310678,0.6943204987680555
F05486,24,1.0,0.5,0.0,-0.8952809716330864,-0.0988989127407278,-0.40853528165387626,0.27025998613415564,0.7963820588923586
F05488,24,1.0,1.0,0.5,-1.2575291706673173,-0.5844583580863172,-0.8855592949571289,0.17925901964529606,0.6730708125810001
F05492,20,1.0,1.0,0.3,0.4033363239300819,1.06068735553112,0.6727351885984589,0.0907149055335861,0.6573510316010381
F05494,8,1.0,0.0,0.0,-0.2850618119279111,-0.0496836406613946,-0.16463878181368746,0.046849684363182445,0.23537817126651647
F05495,24,1.0,1.0,0.25,0.4259800861511151,1.099050898732116,0.7409519549947374,0.12597651276188776,0.6730708125810008
F05497,8,1.0,0.0,0.0,0.2283849470025998,0.4703401847035124,0.34664778460036594,0.024534247424801307,0.24195523770091262
F05498,24,1.0,1.0,0.5,0.8693451409388028,1.5692887662205526,1.130762293046647,0.01347033416428362,0.6999436252817498
F05500,24,0.5,0.5833333333333334,0.0,-0.2314407153439691,0.5127361324536998,0.052093048021834745,0.11375585595578055,0.7441768477976689
F05502,24,1.0,1.0,0.5,0.5821350630385334,1.188980513799357,0.9321543564486923,0.049177725228692515,0.6068454507608236
F05504,24,1.0,1.0,0.25,0.3279358867140446,1.0010066992950453,0.6616689498307855,0.11979914175024009,0.6730708125810007
F05506,12,1.0,1.0,1.0,1.1210755854158208,1.647447911460526,1.3762757290962944,0.06257743280564472,0.5263723260447053
F05509,12,1.0,0.9166666666666666,0.5,0.4996223967589027,1.0828421052440045,0.8033323714961753,0.14302853610447716,0.5832197084851019
F05512,8,1.0,0.75,0.25,-1.0264260191071324,-0.5622912530977271,-0.8265789330684137,0.15973993293500438,0.4641347660094053
F05513,8,1.0,1.0,0.0,0.513391498109504,0.9781157453429552,0.7642413631505134,0.08030439474618234,0.4647242472334512
F05514,24,0.5,0.0,0.0,-0.3504253566173203,0.360013431111208,0.09334869777997451,0.0697955379863154,0.7104387877285283
F05516,24,1.0,1.0,0.5,0.5312544430048639,1.0983566890145948,0.8445303450373283,0.050108390969378906,0.5671022460097309
F05517,8,0.5,0.0,0.0,-0.1288128492689618,0.245901634873055,0.05250353579521505,0.02195970159853495,0.3747144841420168
F05518,20,1.0,0.5,0.0,0.0211414910388954,0.5903852672601978,0.36126408750420325,0.25746791415322245,0.5692437762213024
F05521,20,0.3,0.5,0.0,-0.0584934469881487,0.4756243866625462,0.22686196881210785,0.2229927666253458,0.5341178336506949
F05522,20,1.0,0.5,0.0,0.0678080687329862,0.5956246947905612,0.36598743232829717,0.2321215595602328,0.5278166260575751
F05523,16,1.0,0.5,0.0,0.2131746478592384,0.6296645338946747,0.4166898543245684,0.10038232224141043,0.4164898860354363
F05524,20,1.0,1.0,0.3,0.4764078949666688,1.1269995737954288,0.7511730526465885,0.05298401438206056,0.65059167882876
F05525,24,1.0,1.0,0.5,0.5100533837689982,1.1831241963499983,0.8003079336268606,0.11240124671824667,0.6730708125810001
F05526,8,1.0,0.5,0.0,-1.007436735042868,-0.4561188627244805,-0.7096328969806853,0.15451686228854297,0.5513178723183874
F05527,12,1.0,0.5,0.5,0.3965456007324124,1.133970507606728,0.8560839625255028,0.10655298235330589,0.7374249068743155
F05528,8,1.0,0.0,0.0,0.3416520596719198,0.6568423495677467,0.49557303333386804,0.02804461770647808,0.31519028989582687
F05529,20,0.5,0.5,0.0,-0.0527362052021995,0.4429733248763717,0.1804693872538225,0.1489699147879129,0.4957095300785712
F05530,20,0.3,0.5,0.0,-0.0148420441092172,0.6417080886399861,0.35538330034649196,0.28304668152693324,0.6565501327492033
F05536,20,0.3,0.1,0.0,-0.0075805920055175,0.4461492189048677,0.2134898130452781,0.12725097066212615,0.4537298109103852
F05537,8,1.0,1.0,0.5,0.6729862668836722,1.1169197994370874,0.8890260580984195,0.06870193702543663,0.44393353255341517
F05539,20,1.0,1.0,0.5,0.564104383462004,1.0571359698711122,0.8287287531042682,0.07034163348410474,0.49303158640910827
F05546,24,1.0,1.0,1.0,1.5440461908553138,2.4031175791604413,2.0621365455409078,0.0906517779721471,0.8590713883051275
F05548,20,0.7,0.3,0.0,-0.7068744272965996,0.0087786924193516,-0.27084479480641643,0.1986456161461786,0.7156531197159511
F05549,24,1.0,0.5,0.0,0.1747144830363348,0.8896124058843446,0.44360878392730924,0.18067437109453352,0.7148979228480099
F05551,24,1.0,1.0,0.25,0.4348424914617219,1.1079133040427225,0.7165637313376663,0.11343448784967933,0.6730708125810005
F05552,20,1.0,0.5,0.0,0.2334984836651578,0.7922183740691903,0.4650941121638428,0.07939842537853999,0.5587198904040325
F05555,24,1.0,0.5,0.0,-0.894774678798524,-0.2217038662175233,-0.5355734592099985,0.30627247225375637,0.6730708125810008
F05556,24,1.0,0.75,0.0,0.0595871242579973,0.7326579368389978,0.392477463131164,0.2814997049492917,0.6730708125810005
F05557,24,1.0,0.75,0.0,0.0771600600072185,0.750230872588219,0.39598417341690473,0.23297450142261997,0.6730708125810004
F05558,24,1.0,1.0,0.0,0.238653116768634,0.911723929349635,0.6076136969711248,0.15616937420403407,0.673070812581001
F05559,24,1.0,1.0,0.0,0.3073006778574673,0.9803714904384682,0.629001890390981,0.0946402449118413,0.6730708125810009
F05560,24,1.0,0.5,0.0,0.0040915641293484,0.6771623767103493,0.3537250983883391,0.3470140925476156,0.6730708125810009
F05561,24,1.0,1.0,0.0,0.2054130011064045,0.8784838136874051,0.5021622845984427,0.1395709369044545,0.6730708125810007
F05562,24,1.0,0.75,0.0,0.1044132031766803,0.7774840157576809,0.3996985953575711,0.2092858010378324,0.6730708125810005
F05563,24,1.0,0.75,0.0,0.0995645799281069,0.7726353925091076,0.4184164311683648,0.236102858673827,0.6730708125810008
F05564,20,1.0,1.0,0.5,0.5934569105579582,1.223054730666475,0.8306755618298526,0.08763832090449857,0.6295978201085167
F05565,24,1.0,1.0,0.0,0.2915967982826387,0.9646676108636394,0.6302437327067414,0.10967058685940878,0.6730708125810008
F05566,24,1.0,1.0,0.25,0.3396308401075327,1.012701652688533,0.5970780348464336,0.07713038892050446,0.6730708125810003
F05567,24,0.25,0.5,0.0,-0.0788114574113582,0.5942593551696425,0.2877314383793198,0.29910984057535633,0.6730708125810007
F05568,24,0.5,0.25,0.0,-0.4623520187552028,0.2412208349005639,-0.022010931394288766,0.1265866197001218,0.7035728536557667
F05569,24,1.0,0.5,0.0,-0.7122609791418,-0.0391901665607996,-0.37631919210324855,0.3059976177637073,0.6730708125810003
F05570,20,0.5,0.5,0.0,-0.2063131641187971,0.4165951672747255,0.1062588153483256,0.0973794760282238,0.6229083313935226
F05571,20,1.0,1.0,0.5,0.6278782084123014,1.1406259226899356,0.8725973282805792,0.0348337880610168,0.5127477142776342
F05572,24,1.0,1.0,0.75,0.9693931634923352,1.5442893333820642,1.2683335618176654,0.052385522448046264,0.574896169889729
F05573,24,1.0,0.75,0.0,0.1191999710077929,0.7922707835887935,0.462719622892851,0.2920293190041387,0.6730708125810007
F05574,24,1.0,1.0,0.0,0.2212207841485723,0.8942915967295727,0.5516913094370621,0.16900767929729651,0.6730708125810004
F05575,24,0.25,0.5,0.0,-0.005577006211861,0.6674938063691395,0.334865249948521,0.40345508391351703,0.6730708125810004
F05576,24,0.5,0.5,0.0,-0.0569990798413356,0.6160717327396648,0.23098324418521168,0.3013689774751566,0.6730708125810003
F05577,24,1.0,0.5,0.0,0.0568881885227342,0.7299590011037347,0.3587861224649047,0.32603756797292155,0.6730708125810004
F05578,24,1.0,1.0,0.0,0.1735183147470869,0.8465891273280878,0.47456610868606186,0.2074779089705435,0.6730708125810009
F05579,24,1.0,1.0,0.0,0.1977145663697188,0.8707853789507196,0.496954019720394,0.18893675671213161,0.6730708125810008
F05580,24,0.25,0.5,0.0,-0.0321251018310303,0.6346186573808402,0.3653833744865034,0.29319998789657914,0.6667437592118706
F05581,24,1.0,1.0,0.0,0.3245859697348984,0.9976567823158988,0.5911659823597204,0.06904561873085346,0.6730708125810004
F05582,24,1.0,1.0,0.0,0.3166633388859431,0.989734151466944,0.6675125754980631,0.15550118272113092,0.6730708125810009
F05583,24,1.0,1.0,0.25,0.4266331278282189,1.0997039404092193,0.699187304953566,0.11192066953605975,0.6730708125810003
F05584,24,1.0,0.5,0.0,0.2165061289942106,0.8895769415752113,0.47000003204000684,0.15842510287453737,0.6730708125810007
F05585,24,1.0,1.0,0.5,0.4451543234523265,1.1182251360333268,0.7654542917213925,0.04907988379529504,0.6730708125810003
F05586,24,1.0,0.5,0.0,0.0763968385027664,0.749467651083767,0.3558054923523585,0.2721612860648264,0.6730708125810005
F05587,20,0.5,0.5,0.0,-0.1870825448215183,0.4659255648375093,0.2055955196549178,0.1467382666863642,0.6530081096590276
F05588,24,0.75,0.5,0.0,-0.0094983782301995,0.6734235475048976,0.24340792410431833,0.3063038988526954,0.6829219257350971
F05589,24,1.0,1.0,0.0,0.192193341660761,0.8652641542417614,0.4638008188386151,0.1509933402775874,0.6730708125810004
F05590,24,1.0,1.0,0.0,0.2366580464976417,0.9097288590786424,0.5139237660791344,0.1305366072421402,0.6730708125810008
F05591,24,1.0,0.5,0.0,0.0747122037492908,0.7477830163302913,0.35633313756537804,0.29613011191318894,0.6730708125810005
F05592,24,1.0,0.5,0.0,0.0402448761898229,0.7133156887708234,0.4331148423550123,0.3490596640648817,0.6730708125810005
F05593,24,1.0,1.0,0.0,0.3117152602200784,0.984786072801079,0.56348843999655,0.10529950769056705,0.6730708125810005
F05594,24,1.0,1.0,0.5,0.6036342585233403,1.2767050711043413,0.8698874396867304,0.045413689021712667,0.673070812581001
F05595,20,1.0,1.0,0.5,0.7249624716371568,1.2172109048844886,0.9860499079202201,0.06626803078722908,0.4922484332473318
F05597,8,1.0,1.0,0.5,0.658737512502983,1.0865223962963386,0.9021443935897656,0.08201115009351163,0.42778488379335566
F05598,24,0.5,0.75,0.0,-0.349046238246737,0.3681790405274849,0.0981210616734046,0.11970763795542404,0.7172252787742219
F05599,20,1.0,1.0,0.5,0.6399761109876848,1.2155207618465498,0.9427215017752599,0.08074965696356862,0.575544650858865
F05600,8,1.0,1.0,0.5,0.89918555113678,1.2613472257507572,1.0754167031336053,0.028107197642954346,0.3621616746139772
F05603,24,0.75,0.5,0.0,-0.0525587264408014,0.6425965688354048,0.2308823244857032,0.2159213498647355,0.6951552952762062
F05604,8,0.5,0.0,0.0,-0.0640307972645047,0.2867410807088995,0.10742082049388295,0.05985280039094707,0.35077187797340414
F05607,24,1.0,1.0,0.25,0.4316181108671331,1.228797176022448,0.7416529829117597,0.03862472094134513,0.797179065155315
F05608,24,1.0,0.8333333333333334,0.0,0.1753324696322283,0.907995700860338,0.46781488843028174,0.1604044705431174,0.7326632312281097
F05609,20,1.0,1.0,0.0,0.3769079065155521,0.8394936267695018,0.6032317766036912,0.07056415853962972,0.4625857202539497
F05612,20,0.3,0.5,0.0,-0.0716749322982498,0.5266143447530326,0.28482836714290405,0.20625268869213728,0.5982892770512824
F05613,16,1.0,1.0,0.5,0.905813025863664,1.3942141547718898,1.1750533386922597,0.06511699028455085,0.48840112890822585
F05615,4,1.0,0.5,0.0,-0.837868294697331,-0.4877475796804016,-0.6628079371888663,0.19163947735454617,0.35012071501692943
F05618,24,0.75,0.5,0.0,-0.7156540787968967,0.0156099806627125,-0.2858854523554935,0.24525496397534355,0.7312640594596092
F05619,24,1.0,1.0,0.5,0.6314578071031614,1.304528619684162,0.9058920477842828,0.027121851842968055,0.6730708125810005
F05620,20,1.0,0.5,0.0,0.0581257808752295,0.6094183663056312,0.3659469745417717,0.19334115975552868,0.5512925854304017
F05622,20,1.0,1.0,1.0,-1.7213943297200534,-1.0653604954647538,-1.4229071304579657,0.18024575235909332,0.6560338342552996
F05623,8,1.0,1.0,1.0,-1.9330388064255903,-1.282186635161281,-1.5614280883897238,0.12250253445991588,0.6508521712643094
F05624,20,1.0,1.0,0.5,-1.188223662982131,-0.4886019967334098,-0.7867517941934968,0.25138139261915615,0.6996216662487211
F05625,20,0.5,0.5,0.0,-0.0766945672718265,0.5193165501507053,0.1473421452416307,0.12370910302450303,0.5960111174225318
F05628,20,1.0,0.75,0.5,0.7007723353318651,1.4066855928986344,1.1483292659981699,0.08387360618972173,0.7059132575667693
F05629,8,0.5,0.0,0.0,-0.3893095415224026,0.0346236741489114,-0.16859790563653407,0.12981685181068733,0.423933215671314
F05630,16,1.0,0.5,0.0,-0.8372225155148256,-0.3145474254845083,-0.5695423988631966,0.19929590346047749,0.5226750900303173
F05631,16,1.0,1.0,1.0,1.6466227853464883,2.190413091052949,1.9358809715053504,0.0031144145363148274,0.5437903057064608
F05632,24,1.0,0.5,0.0,0.0920650500405097,0.8395389750939829,0.37724735203421567,0.1687169853998706,0.7474739250534732
F05633,8,0.5,0.0,0.0,-0.2255550055625955,0.3752054996048137,0.020197773057569854,0.049399606365049434,0.6007605051674092
F05635,24,0.5,0.75,0.0,-0.4417148008120354,0.2313560117689652,-0.11543416506100056,0.26837143513439493,0.6730708125810005
F05636,20,1.0,0.5,0.0,-0.6238146972373576,-0.0762057490024166,-0.3159227684922891,0.2643668097477936,0.547608948234941
F05637,20,1.0,1.0,0.5,0.9513710043674584,1.408228422863915,1.1938360013073888,0.00759972405450965,0.45685741849645667
F05638,24,0.25,0.5,0.0,-0.0595749234673485,0.6134958891136519,0.2792518094262792,0.3058692826293603,0.6730708125810004
F05639,8,1.0,1.0,0.0,0.609835323477617,0.8905412111227707,0.7463327374098723,0.07433508756914942,0.2807058876451537
F05643,20,0.8,0.5,0.0,-0.5054900667733409,0.0014510036251219,-0.24051400610011775,0.33156230384823243,0.5069410703984627
F05645,20,1.0,1.0,0.5,0.4844658820944195,1.0738495819274736,0.7887140461436459,0.12334486185153154,0.5893836998330542
F05648,24,1.0,1.0,0.5,0.6603306051740991,1.2827090245834492,1.0277438563609764,0.10360512154471041,0.62237841940935
F05650,8,1.0,0.75,0.25,0.5159764783878432,1.075353861059902,0.8225499005351509,0.09690072164493406,0.5593773826720588
F05651,12,0.5,0.0,0.0,-0.1135594922854788,0.3897242552886273,0.11846041482554659,0.07962004211889062,0.5032837475741061
F05656,16,1.0,1.0,0.5,0.6623601083423887,1.0847305075784377,0.8804391419301012,0.02636914259240775,0.422370399236049
F05657,20,0.5,0.5,0.0,-0.3600120013091912,0.2160465983173667,-0.07120357926998987,0.1646746843750071,0.5760585996265579
F05660,20,0.5,0.0,0.0,-0.3620641744078677,0.2600293144390797,-0.01849891085201716,0.050795102611349265,0.6220934888469474
F05661,4,0.5,0.0,0.0,-0.3079936457408864,0.3002838851359511,-0.0038548803024676392,0.016010596836572126,0.6082775308768376
F05662,24,1.0,1.0,0.5,0.4366851703043116,1.0767226617412808,0.7652755942037812,0.08620399655162095,0.6400374914369693
F05663,8,0.5,0.0,0.0,-0.0356116490134693,0.3715534531681281,0.1623920686237757,0.0686414656201899,0.4071651021815974
F05665,8,1.0,1.0,0.75,0.970449542644345,1.3453485460264556,1.1533355696709742,0.007301962721639161,0.3748990033821106
F05666,24,1.0,1.0,0.5,-1.6014090001753083,-0.9283381875943074,-1.1816063298253145,0.01687773829226589,0.6730708125810009
F05667,24,1.0,0.5,0.0,0.0717891968804127,0.6609438244548451,0.35344334608959466,0.24773827614753782,0.5891546275744324
F05668,20,1.0,1.0,0.5,0.6491105698612487,1.1938226444428637,0.8683169525876453,0.042224518808437944,0.544712074581615
F05669,8,1.0,0.0,0.0,0.3031340071773628,0.5054505639756168,0.40254662996373314,0.017281231754086433,0.20231655679825405
F05671,8,1.0,1.0,0.0,0.5072947095632614,0.8767771664348901,0.7160661944702589,0.07680645266417907,0.36948245687162873
F05672,12,1.0,1.0,0.0,0.3806104213184259,0.7889686807303017,0.5800421730733496,0.10024298869507607,0.4083582594118758
F05673,8,1.0,1.0,1.0,1.3673861643350729,2.1694823145484285,1.7851887052761897,0.07411333952748943,0.8020961502133557
F05678,16,1.0,1.0,0.5,0.6848805003779768,1.3258018104758182,1.066273864122948,0.14798306730618263,0.6409213100978415
F05679,24,1.0,1.0,0.5,0.7064185109562837,1.4877564581178313,1.008532824004027,0.04931645302866047,0.7813379471615476
F05682,4,0.5,0.0,0.0,-0.1332144169291397,0.1433690398433433,0.005077311457101788,0.0025424214780692396,0.27658345677248297
F05683,24,0.5,0.5,0.0,-0.393473896743682,0.3738825750574863,-0.09835032137612855,0.1583291612099386,0.7673564718011683
F05684,24,1.0,1.0,0.5,0.96593002910749,1.6390008416884907,1.2425108435841508,0.07875740881735326,0.6730708125810007
F05685,20,1.0,1.0,1.0,-3.2681936780764054,-2.125831712484077,-2.6059448620075583,0.091939593403323,1.1423619655923285
F05687,24,0.75,0.4166666666666667,0.0,-0.1038428771804756,0.5622424211871996,0.19913864256083286,0.12318106324854079,0.6660852983676752
F05690,24,0.5,0.5,0.0,-0.2157286157052367,0.5313783412015635,0.06927020221513265,0.08150353854658275,0.7471069569068002
F05691,20,1.0,1.0,0.8,-1.835613224783173,-0.990750999108427,-1.3234711603371228,0.06262125438015531,0.8448622256747459
F05692,24,1.0,0.875,0.0,0.2733593508697716,0.8316574228270519,0.5786401786054233,0.256374137913551,0.5582980719572803
F05693,8,0.5,0.0,0.0,-0.1051168517711114,0.3941309398582606,0.09008866962694057,0.06447895421514797,0.499247791629372
F05699,20,1.0,0.5,0.0,-0.7335409064111968,-0.0191985671966735,-0.4745806726815278,0.3027366168152812,0.7143423392145234
F05701,16,0.5,0.5,0.0,-0.0587344974300806,0.3541199646243219,0.13920886986447153,0.1116275555677469,0.41285446205440246
F05705,24,0.5,0.2916666666666667,0.0,-0.1412077063049233,0.6045240834937397,0.14310352806137747,0.11978482979676365,0.745731789798663
F05706,16,0.5,0.0,0.0,-0.1707097416346507,0.4275257732690413,0.09328675667041436,0.046981156552906266,0.598235514903692
F05707,24,1.0,1.0,1.0,-1.868449294982716,-1.1425237390351597,-1.5940411775419685,0.11330550804165744,0.7259255559475564
F05708,12,0.5,0.0,0.0,-0.4632477321240851,0.0450500180828553,-0.20255290363755435,0.16609630729057054,0.5082977502069403
F05709,20,0.5,0.45,0.0,-0.1892496328160652,0.3301669820308262,0.104283084131054,0.07826316205866829,0.5194166148468914
F05710,8,0.5,0.0,0.0,-0.0977199348960091,0.2947111611588274,0.09849561313140914,0.05593369504919861,0.3924310960548365
F05711,24,0.5,0.5,0.0,-0.1216155640889612,0.6276068510077463,0.1644409829263617,0.14887449517404552,0.7492224150967075
F05712,20,1.0,0.5,0.0,0.2129211488989694,0.7931616285932641,0.5037630955587394,0.1635060486064211,0.5802404796942947
F05713,24,1.0,1.0,0.0,0.2942390880843922,0.967309900665393,0.5621330266783718,0.13092671215688417,0.6730708125810008
F05715,24,0.5,0.25,0.0,-0.3188738157982119,0.3653279561900748,-0.04090952651566701,0.12454374178583225,0.6842017719882867
F05716,20,0.5,0.35,0.0,-0.1293108183166891,0.51264215858847,0.15744537064381825,0.113975722306633,0.6419529769051591
F05717,24,1.0,1.0,0.0,0.2001264594408015,0.8731972720218024,0.5363791669674314,0.20597833482547134,0.6730708125810009
F05719,4,1.0,0.5,0.0,0.3069464600326964,0.6325140026346682,0.4697302313336823,0.10318444876626834,0.3255675426019718
F05720,4,1.0,0.0,0.0,-0.691660134208175,-0.2255270268856047,-0.4585935805468898,0.14246160501698754,0.4661331073225703
F05721,16,1.0,0.5,0.0,-0.74345936226519,-0.253063902896202,-0.49116302973503556,0.20949290955655445,0.49039545936898804
F05722,20,0.5,0.0,0.0,-0.43082692167589,0.1664987908111704,-0.059460049912407546,0.09136921024998745,0.5973257124870603
F05723,20,1.0,0.5,0.0,-0.8115905477953667,-0.226874207843357,-0.5911539232805183,0.22657407582076985,0.5847163399520097
F05725,24,1.0,0.5,0.0,0.0601444968411493,0.7637226782092883,0.32337892699218806,0.2057525351082523,0.703578181368139
F05726,12,1.0,0.5,0.0,0.2164025099146453,0.6304471027956854,0.41588585384444327,0.09194418197714552,0.4140445928810401
F05728,12,1.0,1.0,1.0,1.611557578378994,2.07333573667804,1.8606496509948962,0.0386926113886515,0.4617781582990461
F05729,8,1.0,0.875,0.5,0.6002853291617376,1.13801312354658,0.8916513475853063,0.09810883090769579,0.5377277943848424
F05732,24,1.0,1.0,0.25,0.4113962647710948,1.1967218653418488,0.7155044045234411,0.10194885303160751,0.785325600570754
F05733,8,1.0,1.0,1.0,1.041827220428733,1.4583818997847475,1.245501492820905,0.03858033169629144,0.4165546793560144
F05735,20,0.7,0.0,0.0,-0.4689055209649557,0.1538474220214996,-0.19299462616986535,0.1352645230730241,0.6227529429864553
F05736,12,1.0,0.3333333333333333,0.0,0.1852742443407689,0.7286059160483435,0.4356101837388164,0.09656290828062031,0.5433316717075746
F05737,24,0.5,0.5,0.0,-0.0564056761571821,0.5678290087809541,0.21642839020797733,0.21077902726978878,0.6242346849381362
F05740,8,1.0,0.5,0.0,-0.529450861255364,-0.1554204822253958,-0.33736222088128515,0.238494569798547,0.37403037902996816
F05741,4,1.0,0.5,0.0,-0.6553320440148764,-0.1981173797123749,-0.42672471186362565,0.21315841422367407,0.45721466430250157
F05742,20,0.5,0.0,0.0,-0.1933000882879336,0.3062837715298942,0.039473961567998,0.03218463906957918,0.4995838598178278
F05743,24,0.75,0.5,0.0,-0.6202239599826593,0.0673939848225061,-0.3649696481131073,0.42542464751448056,0.6876179448051655
F05744,24,1.0,1.0,0.0,0.2422127756245952,0.953770208916672,0.509436831737603,0.1416238383451707,0.7115574332920768
F05745,20,1.0,0.5,0.0,0.082711094624935,0.7852798204767424,0.3473472444085695,0.1764116995154678,0.7025687258518074
F05748,24,1.0,1.0,0.25,0.4575677389826158,1.1306385515636164,0.7166937111772715,0.03155952765462463,0.6730708125810005
F05749,24,1.0,0.5,0.0,0.0963586866727461,0.7694294992537465,0.4121347095937508,0.2621742528939586,0.6730708125810004
F05750,20,0.5,0.0,0.0,-0.3699305701114988,0.2557040209039288,0.0141969746814265,0.06915617106789387,0.6256345910154276
F05753,16,1.0,1.0,1.0,-2.347445376195335,-1.6003153362041638,-1.8606562124997137,0.1314342856309781,0.7471300399911711
F05755,16,0.5,0.5,0.0,-0.0256410885424688,0.3749518531816949,0.17010194925179165,0.14078242983368477,0.4005929417241637
F05757,16,1.0,0.5,0.0,0.0832334617062891,0.4769043870256215,0.2866717390769473,0.25055742001138176,0.3936709253193324
F05758,20,1.0,1.0,0.0,0.2903032654198339,0.8780699821492973,0.5306830208880041,0.12986972389666282,0.5877667167294633
F05759,8,1.0,0.0,0.0,0.0524890748795158,0.3422492961353519,0.1940023600685884,0.08940523139771739,0.28976022125583606
F05760,8,0.5,0.0,0.0,-0.2248366611748825,0.130386686011459,-0.0504484001525613,0.0670727799440146,0.3552233471863415
F05761,16,1.0,0.5,0.0,0.0841730271365709,0.6257294968451468,0.39489042956966036,0.1908523972818358,0.5415564697085758
F05762,24,0.5,0.5,0.0,-0.4359957575756772,0.2178188693142626,-0.15568501216045394,0.27276591159631597,0.6538146268899399
F05763,20,0.5,0.8,0.0,-0.3332084250686106,0.3587704284045513,-0.0041125463820563535,0.07740961291676608,0.6919788534731619
F05764,20,1.0,1.0,1.0,1.0001245503379583,1.7572213020832927,1.469009182679895,0.09532195036493027,0.7570967517453344
F05766,24,1.0,1.0,0.25,0.439736446774893,1.2118975991351717,0.7372623624220014,0.03821041797387674,0.7721611523602787
F05767,24,0.5,0.5,0.0,-0.2763149769146271,0.4190741354570608,0.13247470927547367,0.13345176344765317,0.6953891123716879
F05768,20,1.0,0.8,0.0,-0.986606479455978,-0.221615661075669,-0.5129051132008522,0.2378305009298713,0.764990818380309
F05769,24,0.5,0.5,0.0,-0.0461695146771491,0.6634100516747139,0.22006560796575164,0.24621441344826508,0.709579566351863
F05770,20,0.5,0.65,0.0,-0.3691754914234819,0.256234270605228,-0.023159412869180038,0.14988542097101792,0.6254097620287099
F05773,24,0.5,0.5,0.0,-0.1884756227140891,0.30748586880085,0.05582095458656204,0.0480632552389351,0.49596149151493907
F05775,16,1.0,0.5,0.0,-0.711495920129537,-0.1503856821505922,-0.3875914912275491,0.18966317144221592,0.5611102379789448
F05776,24,0.75,0.5,0.0,-0.6392332521295854,0.0929969435700019,-0.3616728148128224,0.38743068383107915,0.7322301956995872
F05777,24,1.0,1.0,0.25,0.4059173184412691,1.0974446003875329,0.705412333039211,0.11485194282474495,0.6915272819462638
F05781,4,0.5,0.0,0.0,-0.3684116059027102,0.074909488744015,-0.14675105857934762,0.11371479503233757,0.4433210946467252
F05783,24,1.0,1.0,0.25,0.2560984952795774,1.0168634952353428,0.5479263347244294,0.14600698857230943,0.7607649999557654
F05785,24,1.0,1.0,0.25,0.4111323432266409,1.0842031558076417,0.7373411912782876,0.05931743908892768,0.6730708125810008
F05786,24,1.0,1.0,0.25,0.4159801815355457,1.1098179888225306,0.6743444246460074,0.15219495203165617,0.6938378072869849
F05788,24,1.0,0.75,0.0,0.2230757842848111,0.8473104692229473,0.49493877700047917,0.2185980816927213,0.6242346849381362
F05789,24,0.5,0.4583333333333333,0.0,-0.2513564284499356,0.3501256401115057,0.08661907030809292,0.054960902049505204,0.6014820685614413
F05790,8,1.0,0.25,0.0,0.0138634907446801,0.7492264864214834,0.4264202224572438,0.17489034040152018,0.7353629956768033
F05791,8,1.0,0.875,0.0,-0.6984760807578444,-0.3145487882542339,-0.5017636427121456,0.2085221840565726,0.3839272925036105
F05792,24,1.0,1.0,0.5,0.529321689110581,1.1184763166850131,0.8173207980149126,0.06146836016189496,0.5891546275744322
F05793,12,1.0,0.5,0.0,-0.8441794687420656,-0.2373615894855704,-0.5551868110988908,0.21841090626037918,0.6068178792564952
F05796,20,1.0,1.0,0.5,0.6739724428984922,1.1501842299695506,0.8974904236744956,0.06256880032290527,0.4762117870710584
F05798,24,1.0,1.0,0.5,0.9395211904221408,1.6458463240399723,1.204129096698026,0.013311817335332822,0.7063251336178316
F05800,8,0.5,0.0,0.0,-0.0792569881680957,0.2235634230698084,0.06774447952247735,0.038119667243575,0.3028204112379041
F05802,24,1.0,1.0,0.0,0.2541142515252771,0.991404782699665,0.5342048565794402,0.0993687098806662,0.7372905311743879
F05811,8,1.0,1.0,0.5,-1.3630374401782357,-0.6722837472335059,-0.9733365136852,0.17974490990205141,0.6907536929447298
F05816,16,1.0,1.0,0.5,0.6261689097900011,1.0680747913802564,0.842210646125098,0.04959099738479143,0.44190588159025534
F05820,24,1.0,0.5,0.0,0.1297656789237223,0.701789935325966,0.41465771481252234,0.23447930481985896,0.5720242564022437
F05821,8,1.0,0.5,0.0,0.3579560609014696,0.8511394901341889,0.5829989338756061,0.0656349483547292,0.4931834292327193
F05822,16,1.0,1.0,0.75,0.9823526352917272,1.5446711852077746,1.2806754931983182,0.039754184557908696,0.5623185499160473
F05828,8,0.5,0.0,0.0,-0.341385890569518,0.2605645325511147,0.028154719175267656,0.059450337828218396,0.6019504231206327
F05829,16,1.0,1.0,0.0,0.3318751722303209,0.7808598594404677,0.5513461268948091,0.1431102049631432,0.4489846872101467
F05830,8,1.0,1.0,0.5,0.697301929983059,1.156366736258265,0.9211166593683786,0.01609953899503279,0.45906480627520607
F05831,24,1.0,1.0,0.0,0.2784561512512221,0.9515269638322228,0.5301682127844147,0.16511852985311812,0.6730708125810008
F05832,20,1.0,0.5,0.0,0.139724515717989,0.677177308366653,0.4025821520110763,0.19962242953993098,0.5374527926486641
F05834,20,1.0,1.0,0.0,0.4059139248604139,0.9049280257987232,0.662479397178867,0.08644806648150483,0.49901410093830934
F05836,8,1.0,0.5,0.0,0.0594194770437616,0.4850755416709339,0.29375182204291367,0.15984497188793098,0.4256560646271723
F05838,24,1.0,1.0,0.25,0.4929666153294406,1.1533035063401482,0.7500439079379988,0.03924807163060387,0.6603368910107077
F05839,8,1.0,0.5,0.0,0.3317905732251932,0.678813000557762,0.501322374682304,0.04512421040079953,0.3470224273325688
F05841,8,1.0,0.5,0.0,0.2742059437657354,0.7737603179008701,0.5508268618077701,0.11744595814893541,0.49955437413513465
F05842,20,0.5,0.0,0.0,-0.1922057275914102,0.3809628642778473,0.13916688740761807,0.0472857637049905,0.5731685918692575
F05844,8,0.5,0.0,0.0,-0.3533276731471874,0.0530551933758055,-0.12826303630233998,0.1331644608526112,0.4063828665229929
F05845,24,1.0,1.0,0.5,0.5546374751890109,1.1885316451449393,0.8253159337917857,0.01541277840024427,0.6338941699559284
F05846,24,1.0,0.7083333333333334,0.0,0.2811172317273778,0.9194443551471942,0.5702196639947569,0.15329536838201177,0.6383271234198165
F05847,8,1.0,0.5,0.0,0.3880103580748084,0.7537288544686251,0.5664479849830903,0.057077236188849634,0.36571849639381676
F05850,8,1.0,0.5,0.0,-0.7452896960512345,-0.4001823882533612,-0.5670258678965583,0.16743670602878535,0.3451073077978733
F05855,24,1.0,1.0,0.0,0.2888594627464214,0.9619302753274216,0.5374737083739138,0.11742713708555216,0.6730708125810002
F05858,24,1.0,0.5,0.0,0.166739436622343,0.6873142578360224,0.415189332107078,0.1656615799125754,0.5205748212136794
F05860,16,0.5,0.5,0.0,-0.417047072271748,0.063681050237893,-0.18210104096970559,0.22895562015408424,0.480728122509641
F05861,8,1.0,1.0,1.0,1.8736329554602875,2.4829053648397363,2.2766327746400203,0.03764901087002393,0.6092724093794488
F05862,24,1.0,1.0,0.5,-1.237124183254463,-0.5544629747687295,-0.8072389184785661,0.17890671994782445,0.6826612084857335
F05865,8,1.0,0.5,0.0,-0.8212501050619745,-0.2006167599212637,-0.5306336475632917,0.21402232582596767,0.6206333451407108
F05866,20,0.5,0.3,0.0,-0.1622008777651222,0.4440259602633205,0.09489976360636486,0.07393775710994097,0.6062268380284427
F05868,24,1.0,1.0,0.25,0.4405701897254711,1.1437733162169548,0.7036170924381823,0.033186149595760384,0.7032031264914838
F05870,20,1.0,1.0,0.5,0.9414464479779908,1.498730930996447,1.1698943581676886,0.007275951430518823,0.5572844830184561
F05873,8,1.0,1.0,0.5,0.8605948618311273,1.254407029939708,1.0518232692553868,0.02196119081656099,0.3938121681085808
F05874,24,1.0,0.5,0.0,0.0945491026317894,0.7382089877787315,0.3896787970147151,0.18013802029785353,0.6436598851469421
F05875,24,0.5,0.5,0.0,-0.1921506136384541,0.4809201989425465,0.16701318010072502,0.15631016209156587,0.6730708125810005
F05876,20,1.0,1.0,1.0,1.042749369255204,1.760662327324679,1.4221405295987335,0.12761812564212258,0.7179129580694752
F05879,12,1.0,0.5,0.0,-0.9356470701484104,-0.3555928117204761,-0.5919805691574372,0.19573526961667628,0.5800542584279343
F05880,4,1.0,0.25,0.0,0.5067061548515279,0.6923331046697528,0.5995196297606404,0.012419373662831716,0.18562694981822492
F05881,20,1.0,1.0,0.3,0.4497337573722811,1.0570496342129123,0.7123190371786527,0.09788957020300183,0.6073158768406313
F05883,12,1.0,1.0,0.5,-1.3047377299475145,-0.6783867475010731,-0.9236842887831226,0.17362125145181306,0.6263509824464414
F05884,20,0.5,0.45,0.0,-0.44357809533771,0.166519062178985,-0.06615061768705104,0.18464751818081906,0.6100971575166949
F05886,24,0.5,0.5,0.0,-0.1911068316457685,0.4819639809352318,0.1956203758761953,0.22687065647366106,0.6730708125810003
F05888,24,1.0,1.0,0.5,0.8898133908646485,1.4458971412646455,1.1673637271567818,0.031038578254062043,0.556083750399997
F05892,24,0.5,0.5,0.0,-0.2095801702880997,0.4634906422929006,0.2127871845717365,0.10721675647329529,0.6730708125810003
F05893,8,1.0,1.0,0.25,-1.033374526415596,-0.4760929931344007,-0.7468820662841841,0.21552540901958794,0.5572815332811953
F05894,8,1.0,1.0,0.25,0.6750892109024389,1.0103970533844764,0.8389901902524091,0.035435021654017976,0.3353078424820375
F05895,24,1.0,1.0,0.0,0.2500318821312887,0.7764686156827317,0.5028942321151502,0.15297442836209185,0.526436733551443
F05897,20,0.7,0.2,0.0,-0.5404747857717298,0.1948389356140669,-0.22212324196698655,0.2195623930804867,0.7353137213857968
F05899,8,1.0,1.0,1.0,-2.458569725232657,-1.9620311068220615,-2.2633297978106164,0.10210191318152805,0.4965386184105953
F05900,8,0.5,0.0,0.0,-0.2469014495640525,0.0682848417372514,-0.08871815496069815,0.07644811018631849,0.3151862913013039
F05902,20,1.0,1.0,0.0,0.3997799306078698,0.9908979307871963,0.6411499025780278,0.10183038323173353,0.5911180001793266
F05904,8,1.0,0.25,0.0,0.1009118113209881,0.8257095947686076,0.5483769813332855,0.12494368477601182,0.7247977834476195
F05905,8,1.0,0.5,0.0,0.0339020192164843,0.7238411814179606,0.4598059702107924,0.14655740858174512,0.6899391622014763
F05907,20,1.0,0.5,0.0,0.0802847048072404,0.6347726006898851,0.30699797101410237,0.2223962486660281,0.5544878958826447
F05908,20,0.5,0.4,0.0,-0.2618783945209723,0.3786395696665563,0.07384031946271429,0.05904237343598779,0.6405179641875286
F05909,12,1.0,0.5,0.0,0.3583098399118488,0.7793927809799124,0.5736793463497483,0.06994595737557896,0.4210829410680636
F05911,12,1.0,1.0,1.0,-4.273548387134215,-3.2994764399336187,-3.7866484235825935,0.06086828688041861,0.9740719472005965
F05912,8,1.0,0.75,0.0,0.3853525324939321,0.9079864180560824,0.6769354545147379,0.1787188012429159,0.5226338855621503
F05913,8,1.0,0.5,0.0,0.2224475917376788,0.6406327381837523,0.42543170800087726,0.10036556941419301,0.4181851464460735
F05914,12,1.0,1.0,0.5,0.904718648363948,1.324496248079951,1.0914585145053315,0.03269834600404418,0.4197775997160029
F05917,8,0.5,0.0,0.0,-0.2175755723561676,0.2468386475040428,0.047702952791382654,0.03581787460645454,0.46441421986021036
F05918,12,1.0,0.5,0.0,0.3154721552297774,0.9253665591407658,0.6083784119241389,0.12561924865940435,0.6098944039109884
F05923,20,1.0,0.5,0.0,0.329894227472321,0.9108141186052744,0.6618453670798973,0.10842074496809667,0.5809198911329534
F05927,4,1.0,0.25,0.0,-0.976787353134456,-0.2047263565986785,-0.5907568548665673,0.19639865765718764,0.7720609965357774
F05932,16,1.0,1.0,1.0,-2.7744412434681114,-2.3776691112724886,-2.5760551773703,0.035746414782106224,0.3967721321956228
F05933,20,1.0,1.0,0.0,0.4367759433727824,0.9222187213802918,0.693732263957969,0.09892218675370844,0.4854427780075094
F05934,24,1.0,0.5,0.0,0.109226133248902,0.7838570963943728,0.35798695428860666,0.15851900561913526,0.6746309631454709
F05935,8,1.0,0.75,0.25,0.393187122403938,1.2128025844683283,0.8798090151906027,0.17776176889447148,0.8196154620643903
F05936,12,1.0,1.0,0.5,0.7568613608989737,1.2103204126782248,0.9784733014734583,0.06309474761905447,0.45345905177925105
F05939,24,1.0,1.0,0.5,0.5784229146663916,1.2351982303587812,0.8350925156291878,0.09936391492393416,0.6567753156923896
F05940,20,0.7,0.5,0.0,-0.503669557359288,0.0506197510429376,-0.2285536186970811,0.36983266952786076,0.5542893084022256
F05941,20,1.0,1.0,0.0,0.3561459975666669,0.8187974138330448,0.59542438039281,0.08501564187244251,0.4626514162663779
F05943,24,1.0,1.0,0.5,0.810354579671807,1.4315914419756528,1.168649060612652,0.03238051223787249,0.6212368623038458
F05946,12,1.0,0.5,0.0,-0.7511651534139936,-0.0490613209780933,-0.34152694963395913,0.2570602970519401,0.7021038324359002
F05948,20,1.0,1.0,1.0,1.2548552517457878,2.0099445027232954,1.7081236592405449,0.08927280298162488,0.7550892509775076
F05951,8,1.0,0.25,0.0,0.70357603002941,1.1053380496229313,0.8997769622251116,0.01847797710289221,0.4017620195935212
F05952,20,1.0,1.0,0.5,0.7388441096156391,1.241025693128678,0.9817967289459878,0.10858724117050929,0.502181583513039
F05960,8,1.0,0.5,0.0,0.031991670921467,0.3783425668967863,0.20136172067587035,0.17776732362963454,0.3463508959753193
F05964,24,1.0,0.75,0.0,0.0356240987673773,0.7412257672392649,0.4525615297149195,0.2755066669375381,0.7056016684718877
F05965,8,1.0,0.0,0.0,0.0050489878199697,0.3698441696933017,0.18329165244599535,0.12097236778546008,0.364795181873332
F05970,12,1.0,1.0,0.6666666666666666,0.9264784331901176,1.5978921157485495,1.3279390265245008,0.10023342353077279,0.6714136825584319
F05971,20,1.0,1.0,0.7,1.179104765828564,2.0475034860104766,1.7043187290683706,0.10806758680724707,0.8683987201819126
F05977,4,0.5,0.0,0.0,-0.3808207300789955,0.0261184966276616,-0.17735111672566695,0.07441727299307131,0.40693922670665705
F05978,8,1.0,0.0,0.0,0.2105166056198696,0.5877417411371983,0.39431386821962966,0.07148525275536823,0.3772251355173287
F05979,20,0.5,0.3,0.0,-0.0743974545451927,0.4640441791482498,0.18146641023887955,0.10629725821129929,0.5384416336934426
F05983,8,1.0,0.25,0.0,-0.9525927890558868,-0.0964526583663714,-0.4247727903798783,0.18437626154419054,0.8561401306895154
F05984,8,1.0,0.5,0.0,-0.6958430684039771,-0.2143188457073278,-0.4847841688779092,0.1806654624089818,0.48152422269664935
F05989,8,1.0,1.0,1.0,-1.4367217778157595,-1.001960523252386,-1.1622240093305156,0.12015313992213263,0.43476125456337344
F05991,16,1.0,0.5,0.0,0.2012932303964724,0.6422678105934903,0.4147442857384803,0.10150065138028055,0.44097458019701785
F05994,4,0.5,0.0,0.0,-0.18461311709278,0.0470834178608869,-0.06876484961594655,0.07920823674377522,0.2316965349536669
F05995,20,1.0,1.0,0.7,0.7965260144891321,1.6489637268849704,1.2975880956675931,0.18329386662239155,0.8524377123958383
F06001,4,1.0,0.0,0.0,0.0926540012155505,0.4987007046448705,0.29567735293021047,0.13451889449269214,0.40604670342932
F06005,24,0.5,0.4166666666666667,0.0,-0.2596131933031969,0.4134576192778037,0.07961958771282865,0.06593677686377203,0.6730708125810005
F06006,20,1.0,0.5,0.0,0.1462541241421246,0.650644892310487,0.3613221913401683,0.18058300658186396,0.5043907681683625
F06007,24,0.5,0.5,0.0,-0.4622180563920179,0.2121329890327748,-0.21359719421265225,0.24941800582271736,0.6743510454247927
F06008,20,1.0,0.5,0.0,0.1913910039502315,0.6876534410383436,0.4368932515087344,0.18490478532321053,0.4962624370881121
F06009,24,0.5,0.75,0.0,-0.1982781588011576,0.5390100467861798,0.0818112834594804,0.08734514321063663,0.7372882055873374
F06011,20,0.5,0.0,0.0,-0.374665497358511,0.2013333945112703,-0.07591265629194019,0.0983785925341436,0.5759988918697814
F06012,20,0.5,0.85,0.0,-0.4134092306647882,0.2475910306228207,-0.021131170260117793,0.10627734396163994,0.6610002612876089
F06013,8,1.0,0.5,0.0,0.0764320419758603,0.7918826758334835,0.5214201584448951,0.13999794642038244,0.7154506338576232
F06015,20,0.5,0.5,0.0,-0.0819686099468215,0.3741600493172864,0.15468814489576865,0.16735124463827633,0.4561286592641079
F06016,24,1.0,0.5,0.0,0.0483915407877184,0.6368902850530371,0.3424505643747176,0.22364121139534196,0.5884987442653187
F06017,24,0.5,0.5,0.0,-0.0647740500489249,0.5241544130004697,0.19165879903212013,0.17645674780324977,0.5889284630493946
F06018,24,1.0,0.5,0.0,0.1761937909393937,0.80042847587753,0.49138986080833247,0.18157840376068335,0.6242346849381363
F06019,4,1.0,0.5,0.5,1.0289570894905895,1.4392327517134729,1.2340949206020313,0.019394422713849963,0.41027566222288336
F06020,8,1.0,0.25,0.0,0.1732344338348565,0.5549246648339649,0.36072724512255966,0.0821470028820104,0.38169023099910837
F06021,20,0.5,0.0,0.0,-0.2745172269859705,0.2418007472607539,0.01997018648009495,0.06548826847907367,0.5163179742467243
F06023,20,1.0,1.0,0.5,0.598196688356545,1.1130285492995964,0.8689202071661377,0.10155369752728718,0.5148318609430513
F06024,12,0.8333333333333334,0.3333333333333333,0.0,-0.6858116480934805,0.0601396204998104,-0.2142584805939884,0.2357131414762318,0.7459512685932909
F06025,24,1.0,1.0,0.5,0.5337010619365345,1.209279619600365,0.8073537440568515,0.04262384235563262,0.6755785576638305
F06026,24,1.0,1.0,0.25,0.3106065523741241,1.0989522125953524,0.6162247219517076,0.08204495003869075,0.7883456602212282
F06027,24,1.0,1.0,0.0,0.1727241526529538,0.9747782518197138,0.48519654170330306,0.11702695469271862,0.80205409916676
F06028,24,1.0,1.0,0.25,0.2717558906107577,1.04004673324296,0.5673466513938282,0.09362244959566376,0.7682908426322022
F06029,24,0.5,0.5,0.0,-0.3260004983665003,0.4552504021150441,-0.023929708658758847,0.13119680819246454,0.7812509004815444
F06030,24,1.0,1.0,0.25,0.2390807980962766,1.0561139853849024,0.559042731207559,0.10929447736208944,0.8170331872886258
F06031,24,1.0,0.5,0.0,0.0149826835804388,0.7897471111230173,0.3138102368186973,0.22575734528809988,0.7747644275425786
F06032,24,1.0,0.75,0.0,0.146352262987956,0.8856749380744949,0.42745893999819484,0.1488090748353148,0.7393226750865389
F06033,24,1.0,0.625,0.0,0.0939813573938644,0.8653224250158156,0.3910972306718093,0.16824643411775508,0.7713410676219512
F06034,24,1.0,1.0,0.25,0.2435131733663094,1.0039409719530537,0.5351724121266509,0.10832532653259577,0.7604277985867443
F06035,24,1.0,1.0,0.25,0.490377025306539,1.2273938788632508,0.770330791551864,0.05004909162025619,0.7370168535567119
F06036,24,1.0,0.75,0.0,0.1556303509873197,0.9206387800985312,0.44957990500989475,0.13177934237957623,0.7650084291112115
F06037,24,1.0,0.75,0.0,0.1376823023004623,0.9163164142581454,0.4384446977462731,0.1524576919142711,0.7786341119576831
F06038,24,0.75,0.5,0.0,-0.08487823085357,0.6826402270627532,0.21032633757156075,0.20218184507934933,0.7675184579163232
F06040,24,0.5,0.4166666666666667,0.0,-0.1546625154371354,0.5980510768890789,0.133139620192941,0.101602913738524,0.7527135923262143
F06041,24,1.0,0.75,0.0,0.1604451381554837,0.9259824809226488,0.45465914900603555,0.1364320836301883,0.7655373427671651
F06042,24,1.0,0.5,0.0,0.043100994432742,0.8090522165374284,0.33752194495205445,0.21331583249339725,0.7659512221046865
F06043,16,0.5,0.0,0.0,-0.1149664122922242,0.3089416484947621,0.0939398609751323,0.0320953558307213,0.4239080607869863
F06044,24,0.75,0.5,0.0,-0.0123618375312823,0.7593190243497014,0.2849239328761788,0.2135216649937564,0.7716808618809837
F06045,24,1.0,1.0,0.25,0.3763124375255546,1.1004036175580627,0.6498033670087779,0.05758447713446123,0.724091180032508
F06046,24,1.0,0.5,0.0,0.0601977600038362,0.7935626046578695,0.33832552179782216,0.18177872282133836,0.7333648446540333
F06047,20,1.0,0.5,0.0,0.118412463695059,0.8071162407061251,0.3700336635465737,0.14400357485215784,0.6887037770110661
F06048,24,1.0,0.75,0.25,0.0919450517015593,1.0778028849463903,0.49631930779094413,0.16053765902725503,0.985857833244831
F06049,24,1.0,1.0,0.0,0.3231521306556257,0.9970864006336546,0.5715646051116096,0.10015446862489522,0.6739342699780289
F06050,24,0.5,0.5,0.0,-0.2654144963871525,0.5208530852175511,0.03916463388216855,0.11904678265915157,0.7862675816047036
F06051,24,1.0,1.0,0.5,0.5179313543230033,1.1526841474861251,0.7711711541929658,0.07214603679701252,0.6347527931631218
F06052,24,1.0,0.7916666666666666,0.0,0.191522582472451,0.7635880138979106,0.4482910867089961,0.1230069380196224,0.5720654314254596
F06053,24,1.0,0.5,0.0,0.1133928675405264,0.8029063099500737,0.36959492821226914,0.19453860757506405,0.6895134424095474
F06054,24,1.0,1.0,0.0,0.2029785610118219,0.9434318791111675,0.48465055952846425,0.12081145010675204,0.7404533180993457
F06055,20,0.7,0.5,0.0,-0.5453891040811281,0.0805471850645749,-0.29964332832316887,0.3441595887415933,0.625936289145703
F06056,16,0.5,0.0,0.0,-0.2329206228215978,0.234142485070695,-0.008255358704124444,0.027739715515242725,0.4670631078922928
F06057,20,0.5,0.0,0.0,-0.2957646557724657,0.378653445694118,-0.03994780234992405,0.05393891529153435,0.6744181014665838
F06058,24,1.0,0.7083333333333334,0.0,0.1051966786159596,0.9043775232182863,0.41623244038409235,0.1608729622751095,0.7991808446023267
F06061,24,1.0,0.75,0.0,0.1346424467252852,0.8967558060695475,0.42714446586438554,0.14060157771333864,0.7621133593442624
F06062,24,1.0,1.0,0.25,0.2392492661034846,1.022837406681052,0.5424886758592378,0.09002999445351374,0.7835881405775673
F06063,24,1.0,1.0,0.25,0.2659821687336796,1.0271223909491691,0.557997619308394,0.08575773283490531,0.7611402222154895
F06064,24,1.0,0.75,0.0,0.1700571594743296,0.947244468484566,0.4700961534464173,0.13319984483921912,0.7771873090102364
F06065,24,1.0,0.75,0.0,0.1441165305785811,0.943581676162753,0.4552944428376364,0.1347874540412865,0.7994651455841719
F06066,8,1.0,1.0,0.5,0.872260359300652,1.1474984480310824,1.006836310666265,0.03171144080257124,0.2752380887304303
F06067,24,0.5,0.25,0.0,-0.2315783086071974,0.5354873721000736,0.06339987121340736,0.0807731948729179,0.767065680707271
F06068,24,1.0,0.7083333333333334,0.0,0.1350754684136769,0.8734357765498404,0.41570096194872785,0.14928248406523298,0.7383603081361635
F06069,24,1.0,0.625,0.0,0.1422766635074126,0.99842016579146,0.4817937541164055,0.14042633681628353,0.8561435022840473
F06070,24,1.0,0.5,0.0,0.1038703154610698,0.815033673705819,0.3708973340504136,0.18112481802846073,0.7111633582447492
F06071,24,0.75,0.5,0.0,-0.0631084217480329,0.7174768620229255,0.2386295596044156,0.1966181464819121,0.7805852837709584
F06072,24,1.0,1.0,0.25,0.4578325788755591,1.13090339145656,0.7388774980481294,0.0938932686483815,0.673070812581001
F06073,24,1.0,1.0,0.25,0.4059287448206467,1.102051015954496,0.6654352198545406,0.10348402075975316,0.6961222711338493
F06075,12,1.0,1.0,0.0,0.4421854226699033,0.8717540139504654,0.6400793072100661,0.05265913877422078,0.4295685912805621
F06076,8,1.0,1.0,0.0,0.398575602090048,0.7620507743162257,0.5762225878374234,0.07253591377956149,0.3634751722261777
F06077,20,0.5,0.0,0.0,-0.4795649386812683,0.1216508592662027,-0.116511323357391,0.12298526349108918,0.601215797947471
F06080,24,1.0,0.5,0.0,0.1291559972064851,0.7973591947283466,0.3991209992558174,0.2193781379573597,0.6682031975218615
F06081,8,1.0,0.5,0.0,-0.509374515949075,-0.2124517872135543,-0.3566993836524813,0.1859914018059995,0.2969227287355207
F06082,24,1.0,0.5,0.0,0.002015875371967,0.7584421029628962,0.29167432863440085,0.19568527785607656,0.7564262275909291
F06083,24,1.0,1.0,0.25,0.3625380180541636,1.1106116663957948,0.6480201816919486,0.06896398426639676,0.7480736483416313
F06084,24,1.0,1.0,0.0,0.2913791308669309,0.9953068419654612,0.5547883258831654,0.1076276858044715,0.7039277110985303
F06085,24,1.0,0.75,0.0,0.1250061815584222,0.8842595163709065,0.4160781884316338,0.15572634472939134,0.7592533348124844
F06086,24,0.75,0.5,0.0,-0.0061150116112982,0.7743595836124685,0.29556762546755444,0.23302295341001608,0.7804745952237667
F06087,20,1.0,0.5,0.0,-0.67167950686347,-0.1061750731805652,-0.44205321363035344,0.2748556610645652,0.5655044336829048
F06088,24,1.0,1.0,0.25,0.4228595274407468,1.2296684583610835,0.7377093323678847,0.06655947493230509,0.8068089309203368
F06089,24,1.0,0.625,0.0,0.0765688565464176,0.8607136861574056,0.38008661081888095,0.17288400081495653,0.7841448296109881
F06090,24,1.0,0.75,0.25,0.2044423911855374,1.0510714373672028,0.5392022537433397,0.12549192314603763,0.8466290461816653
F06091,24,1.0,0.5,0.0,0.029304844015928,0.7830560072831985,0.31762576511653257,0.217569188771909,0.7537511632672704
F06092,24,0.75,0.5,0.0,-0.0175792603778348,0.765291053122,0.2853012358390518,0.22097406429315206,0.7828703134998347
F06094,24,1.0,1.0,0.25,0.3297287664048347,1.1358297547674938,0.6442246000531334,0.0671783362295856,0.8061009883626591
F06095,24,1.0,0.5,0.0,0.0342312044240327,0.8009089529150463,0.3290154181365089,0.20449114879635533,0.7666777484910136
F06096,24,0.5,0.5,0.0,-0.1147640569236762,0.5454564859744158,0.15120961781377135,0.12939873298322996,0.660220542898092
F06097,24,1.0,1.0,0.0,0.2387794778385632,0.9118502904195642,0.4943575629528914,0.1495242279680946,0.673070812581001
F06098,24,0.5,0.5,0.0,-0.1812496038157947,0.5791166321112499,0.11037885361469695,0.09827935326010394,0.7603662359270446
F06099,24,1.0,0.5,0.0,0.0445253374030778,0.8434599127809083,0.35543796455896226,0.1948498237574018,0.7989345753778304
F06100,20,1.0,1.0,0.3,0.469567510569792,1.14296307645951,0.7477241309015035,0.10647235861766366,0.6733955658897179
F06102,24,1.0,1.0,0.25,0.331728088871231,1.192498000377782,0.6735583840914758,0.08196931529183138,0.860769911506551
F06103,8,1.0,1.0,0.0,0.8198313769245688,1.3884536549905526,1.0772092640507211,0.038874090207858376,0.5686222780659839
F06104,20,0.5,0.5,0.0,-0.3867946328477492,0.1863222039438655,-0.10136879376087801,0.1733539509258288,0.5731168367916146
F06105,24,1.0,0.5,0.0,0.0257054088036129,0.8085762266599114,0.3285861571987315,0.21728474737325726,0.7828708178562984
F06106,24,1.0,1.0,0.0,0.2543727490883077,0.8915958066623387,0.5088476811637246,0.11398665093347092,0.637223057574031
F06107,24,1.0,1.0,0.0,0.1772490295548891,0.9709760429685188,0.48555787572867326,0.1242397007548623,0.7937270134136297
F06108,24,1.0,1.0,0.25,0.3028408032936645,1.0767189852370895,0.6012252337323465,0.061429844230828534,0.7738781819434251
F06109,24,1.0,1.0,0.0,0.2581353941648125,0.9883789052053894,0.5347024891520706,0.09709685965162586,0.7302435110405769
F06110,8,0.5,0.375,0.0,-0.4429898256901604,0.035254532662607,-0.1972384792485779,0.21410300900302706,0.47824435835276735
F06111,24,1.0,1.0,0.25,0.2325125998707668,1.0165781858994218,0.5359907323520634,0.09544717379015923,0.7840655860286551
F06112,24,1.0,1.0,0.25,0.2593999250563154,1.0046906551885713,0.5434906295894129,0.09154948748346384,0.7452907301322559
F06113,8,1.0,0.5,0.0,0.3061246281643469,0.6554597662578859,0.47665458270775896,0.07623308790971729,0.34933513809353905
F06114,20,0.3,0.5,0.0,-0.1299994542220646,0.4961524154088537,0.2520215082164056,0.21890148582690622,0.6261518696309183
F06120,24,1.0,0.75,0.0,0.1119102614097777,0.9142284860450104,0.42451471319436324,0.16497899250010084,0.8023182246352327
F06121,24,1.0,1.0,0.0,0.2177404871146142,0.963368729359541,0.5019999477040469,0.106763595699703,0.7456282422449267
F06122,24,1.0,1.0,0.25,0.2311559451055778,1.0131774090479913,0.5336120165437537,0.11399695992360072,0.7820214639424135
F06123,24,0.5,0.75,0.0,-0.4140231604267483,0.3350922626970981,-0.1280201093978558,0.2492691106698247,0.7491154231238464
F06124,8,1.0,0.875,0.5,-1.930755095524264,-1.2872244363063756,-1.6697838131715366,0.11645539541374744,0.6435306592178884
F06128,8,1.0,1.0,0.5,-1.3059002693288604,-0.765563117829477,-1.0323069923323889,0.1362716917827381,0.5403371514993834
F06129,8,1.0,1.0,0.0,0.3993574500005361,0.8365816166719413,0.6259407841817308,0.09867350070838903,0.43722416667140523
F06131,24,1.0,0.5,0.0,-0.7344653014377154,-0.0613944888567148,-0.38204358876083255,0.3419235177933434,0.6730708125810005
F06132,12,1.0,0.6666666666666666,0.16666666666666666,0.3535295818694309,1.1709962004148364,0.8349938764815275,0.17644339437085016,0.8174666185454056
F06133,24,1.0,1.0,0.5,0.5830497002449838,1.3398372317843676,0.8728888054816448,0.09719948961092204,0.7567875315393838
F06134,16,1.0,0.5,0.0,0.0506025583348612,0.5196907977594172,0.2716128372201292,0.15269283692026228,0.46908823942455596
F06136,20,0.3,0.5,0.0,-0.0281007589370714,0.5465125977857536,0.3009142171525796,0.22501736467059913,0.574613356722825
F06137,8,1.0,0.5,0.0,0.2221192527333506,0.5297743913464683,0.3727372768234896,0.07884964596208598,0.3076551386131177
F06138,20,1.0,1.0,0.0,0.4787859632363047,0.931467964424394,0.7216338740886752,0.0521281533168648,0.45268200118808927
F06140,8,1.0,0.0,0.0,0.3178718458970764,0.7277794480040942,0.5178663670266765,0.037780715376144414,0.4099076021070178
F06144,16,1.0,0.5,0.0,0.2018678643290049,0.6766109073575072,0.4713628785884272,0.08566210317909384,0.4747430430285023
F06145,16,1.0,1.0,0.5,0.7056303532114508,1.1590738843013983,0.9270023669098615,0.06902415893820629,0.4534435310899475
F06148,16,1.0,1.0,0.0,0.4984663112781066,0.9532276572386322,0.7236875087956536,0.11920079793243009,0.45476134596052564
F06149,24,1.0,1.0,0.5,0.6603404282140084,1.3003779196509784,0.9488271221352136,0.010222573068367744,0.64003749143697
F06153,24,0.5,0.375,0.0,-0.4702099646865815,0.2053648168436804,-0.04386791338841986,0.12018196497672322,0.675574781530262
F06154,20,1.0,0.7,0.0,0.2043467544899202,0.7980963984381676,0.5517522581985042,0.22366830079394331,0.5937496439482474
F06155,24,1.0,0.5,0.0,0.0013504692777881,0.6845062617396341,0.25437370497568035,0.30577920732763864,0.683155792461846
F06156,8,0.25,0.0,0.0,-0.0239409392921715,0.3932364606293362,0.21179204089390805,0.1387400629686838,0.4171773999215077
F06157,4,1.0,0.5,0.0,0.3088200115416531,0.5556657864073058,0.43224289897447943,0.028815050661914816,0.24684577486565268
F06158,8,1.0,0.5,0.0,0.5501905287577377,0.8845213117522336,0.7225321774154928,0.029241693647254693,0.3343307829944959
F06159,20,0.5,0.5,0.0,-0.0686597446598492,0.567878775107506,0.18935306747928837,0.14572331301002728,0.6365385197673552
F06162,24,1.0,1.0,0.5,0.5624933890884707,1.2355642016694717,0.8716542629638862,0.14151208092232903,0.673070812581001
F06163,24,1.0,0.75,0.0,0.1842576891319401,0.8573285017129408,0.6014642407648334,0.29701275845507347,0.6730708125810008
F06164,4,0.5,0.0,0.0,-0.2980223067772286,0.3320978255729457,0.017037759397858565,0.014094546678840674,0.6301201323501743
F06165,24,1.0,0.5,0.0,0.0653323134083979,0.7384031259893986,0.32206027100511364,0.23759584543244497,0.6730708125810008
F06166,20,1.0,0.3,0.0,0.0135141461447487,1.1151528132806463,0.471473612122481,0.11381894892043216,1.1016386671358975
F06173,24,1.0,1.0,0.25,0.3670435731801299,1.0747540508853983,0.6323441514997334,0.06405026318014123,0.7077104777052684
F06174,24,1.0,1.0,0.0,0.2901277804022051,0.9631985929832056,0.5704148679058046,0.1389723891603388,0.6730708125810005
F06179,20,1.0,0.3,0.0,-1.3286265591393902,-0.3227058790260523,-0.7177739974640919,0.15893585951563455,1.0059206801133378
F06182,16,1.0,1.0,1.0,-3.2135393397225585,-2.5499457095619897,-2.9102575512479203,0.08067382010705045,0.6635936301605687
F06183,24,1.0,0.5,0.0,-0.7337797210487527,-0.0339271256747164,-0.47240808389476524,0.3206803225998864,0.6998525953740362
F06184,24,1.0,0.75,0.25,0.2226570677137549,1.16825166586848,0.6068997062580868,0.15031905138783602,0.9455945981547251
F06185,24,1.0,1.0,1.0,1.4290697931875127,2.2237446222118447,1.8826312491818813,0.09252789110814784,0.794674829024332
F06186,24,1.0,0.5,0.0,-0.8354697391532143,-0.1373474794257582,-0.3978539487564555,0.2962716737965099,0.6981222597274561
F06187,20,0.7,0.4,0.2,-1.2541381848853592,0.0530545849897946,-0.5992355995940153,0.2336839115077989,1.3071927698751538
F06188,24,0.75,0.5,0.0,-0.9852454011177766,0.0516363392237481,-0.555359191480045,0.22878560788932287,1.0368817403415247
F06189,24,1.0,1.0,1.0,1.6843463129646286,2.357417125545629,1.9625480440693734,0.0694265557550403,0.6730708125810003
F06191,24,1.0,1.0,0.5,-1.293219865961299,-0.5659373637203003,-0.8410239543077687,0.15424381043111116,0.7272825022409987
F06192,24,1.0,1.0,0.25,-1.0403823715185143,-0.3673115589375142,-0.6893168261620888,0.20742409359643726,0.6730708125810001
F06193,20,1.0,1.0,0.7,0.9769257600160396,1.6416993395777608,1.291155757179084,0.07063107240074239,0.6647735795617212
F06195,24,0.75,0.25,0.0,-0.8654300869782651,0.0652225566835122,-0.48865842568040707,0.16458406210598361,0.9306526436617772
F06196,24,0.75,0.4166666666666667,0.0,-0.8773385096848444,0.0333580923686701,-0.5105448691911179,0.18330029561519945,0.9106966020535145
F06198,24,1.0,1.0,1.0,1.797884470345375,2.528231560433933,2.251612675922684,0.05535960620834782,0.730347090088558
F06201,20,1.0,1.0,1.0,-2.057817346195572,-1.3464591450927603,-1.6242765223899536,0.061165184982131214,0.7113582011028119
F06204,24,0.5,0.5,0.0,-0.1657159745498649,0.5073548380311357,0.08772680329858105,0.08327046212537592,0.6730708125810005
F06205,8,1.0,1.0,1.0,-1.884044676729656,-1.2642419841568258,-1.5104864735912233,0.12374804751217784,0.6198026925728302
F06206,24,1.0,0.5,0.0,0.1667636452343988,0.7228473956343964,0.44857559802622277,0.16934564709261132,0.5560837503999976
F06207,20,1.0,1.0,0.0,0.4919354913140875,0.991728574562154,0.7345157609818982,0.02862482951337202,0.49979308324806654
F06208,20,1.0,0.55,0.0,0.1667859712691688,0.6056620409360374,0.4028670956932345,0.1589598008180109,0.43887606966686854
F06213,20,1.0,1.0,1.0,1.0067755466575186,1.671058496365136,1.3729587498999083,0.10178512314922208,0.6642829497076175
F06215,24,1.0,0.5,0.0,0.1512268586988849,0.8312893267419855,0.40270343218740456,0.17157463932540287,0.6800624680431007
F06216,24,0.5,0.25,0.0,-0.6523309279479689,0.1831001249075985,-0.1460607409871546,0.20967715825596175,0.8354310528555674
F06219,16,1.0,0.5,0.0,0.035685133263502,0.47766347445602,0.2521673855474674,0.15296323372501322,0.441978341192518
F06222,24,1.0,0.75,0.0,0.1937126484993837,0.8667834610803842,0.4625833997581037,0.18464198851652625,0.6730708125810005
F06223,24,0.5,0.5,0.0,-0.4804990125369533,0.1925718000440472,-0.09166919511238301,0.18894482618228145,0.6730708125810005
F06225,20,1.0,0.5,0.0,-0.7288831096118571,-0.1694181108917994,-0.4895055077043221,0.18282782655069313,0.5594649987200577
F06227,24,1.0,0.5,0.0,0.1360106133001893,0.7508258483561882,0.3949651860220813,0.17115118099314788,0.6148152350559989
F06228,24,1.0,0.75,0.0,0.1794484956116589,0.9514657631331076,0.4769024688393524,0.13601850333769702,0.7720172675214487
F06229,20,0.5,0.65,0.0,-0.3171246884949458,0.210222805581717,-0.025939241975259153,0.15648208019927448,0.5273474940766628
F06230,20,0.3,0.5,0.0,-0.0013287716663147,0.7864467853824509,0.46936227062324654,0.2809304050707103,0.7877755570487657
F06231,20,1.0,0.5,0.0,0.1260708799800207,0.7153636240047526,0.3701865702579263,0.18339114516099386,0.589292744024732
F06235,24,0.5,0.75,0.0,-0.2769325112970732,0.3961383012839273,0.06407178769438725,0.059120550568941235,0.6730708125810005
F06236,8,0.5,0.0,0.0,-0.0239384828725998,0.4166241359648385,0.1952540326367375,0.13700116348174224,0.4405626188374383
F06238,24,1.0,0.75,0.25,-1.607701469442841,-0.446917835768172,-1.115864313138537,0.1770868171626779,1.160783633674669
F06242,8,1.0,0.25,0.0,0.1282745173065921,0.5052641243852373,0.2631238961415509,0.0949338619037004,0.37698960707864515
F06244,8,0.5,0.5,0.0,-0.0332288788984713,0.4087503842144879,0.18102566328334235,0.2207740453711077,0.4419792631129592
F06245,20,0.8,0.3,0.0,-0.0712327156997201,0.692440287343729,0.24190794590372325,0.10391054105118246,0.7636730030434491
F06246,20,0.8,0.5,0.0,-0.0756934252164829,0.6581219425530109,0.19685174268233702,0.19757683664160808,0.7338153677694939
F06247,20,1.0,0.5,0.0,0.0332400879297977,0.5961037289278945,0.2902786670492231,0.2077350873377899,0.5628636409980968
F06250,24,1.0,1.0,0.0,0.2686370002581325,0.9417078128391332,0.589968484359801,0.19686982592226254,0.6730708125810008
F06251,24,1.0,0.5,0.0,-0.9477074741496538,-0.0264444603955965,-0.3985213067395944,0.23476100558096466,0.9212630137540574
F06252,8,1.0,0.5,0.0,0.5432125133261175,0.9224373745025056,0.7273944304422415,0.0456444006076921,0.3792248611763881
F06254,20,1.0,1.0,1.0,-2.4451319314150117,-1.4833880836623643,-2.0276303779434306,0.16168778997440575,0.9617438477526474
F06255,24,1.0,0.5,0.0,0.0769392297156055,0.750010042296606,0.3305493508055223,0.22438005676796516,0.6730708125810004
F06256,20,1.0,0.7,0.0,-0.7701363643812104,-0.2142107162774235,-0.5229754983341901,0.29996704770846694,0.5559256481037869
F06259,8,1.0,0.75,0.5,-1.4251215095734984,-0.5861952103325941,-1.0666569193052284,0.20020484315987255,0.8389262992409042
F06260,8,0.5,0.0,0.0,-0.1714266205549869,0.2835785110096436,0.06145473495884665,0.019875660127222902,0.4550051315646305
F06264,24,0.5,0.5,0.0,-0.3384444124119398,0.4280217630696154,0.13334333586186856,0.11914533611173002,0.7664661754815552
F06267,24,1.0,0.5,0.0,0.0168369889051878,0.8550547308638624,0.34739119935149426,0.21722063139389902,0.8382177419586746
F06268,8,1.0,0.5,0.0,0.309611414102106,0.6649988780481693,0.48269378053533557,0.08465214966805772,0.35538746394606324
F06269,24,1.0,0.5,0.0,-0.5799738472040031,-0.0225870725681545,-0.3108185871861644,0.2935554770648097,0.5573867746358486
F06270,24,0.5,0.5,0.0,-0.095161024859054,0.5779097877219468,0.18549869329420124,0.1647662218736964,0.6730708125810008
F06271,12,1.0,1.0,0.5,-1.2039705127994402,-0.5890055731274956,-0.8988430864763526,0.19936304593705417,0.6149649396719447
F06273,20,1.0,1.0,0.5,0.4464639059234904,1.0862863489340897,0.8237476998159463,0.13229922986966594,0.6398224430105993
F06274,16,1.0,1.0,0.0,0.3461737513926041,0.8056117424039517,0.5487897461136177,0.07472046833034894,0.45943799101134764
F06277,20,0.5,0.0,0.0,-0.3940970431076719,0.0781307233544251,-0.16538626532638806,0.1652627904475563,0.472227766462097
F06279,8,1.0,0.0,0.0,-0.5517695048462876,-0.1010827085420472,-0.31974130463726,0.13418812862001853,0.4506867963042404
F06280,24,1.0,0.5,0.0,0.0725716112559444,0.745642423836945,0.43515792642586315,0.3013846806419319,0.6730708125810007
F06281,8,1.0,0.0,0.0,0.0762158793810093,0.4876866961022608,0.28698095922584343,0.08772337555420123,0.4114708167212515
F06284,8,1.0,0.5,0.0,0.2976641447758509,0.742841274908797,0.547313469411342,0.0673765337256699,0.44517713013294613
F06286,24,1.0,0.5,0.0,-0.9990724901215908,-0.1380615510209858,-0.48001236003825754,0.24452476522131175,0.861010939100605
F06290,24,1.0,0.75,0.25,-1.097617340498284,-0.2335210903620839,-0.577014554897153,0.24310457956085835,0.8640962501362002
F06291,12,0.8333333333333334,0.0,0.0,-0.535636719369964,0.3423518549963339,-0.0571235020763622,0.1306454761493771,0.877988574366298
F06292,8,1.0,0.5,0.0,0.1487707771882442,0.5718895507825877,0.38268299730185673,0.12483797227597261,0.4231187735943436
F06293,16,0.5,0.0,0.0,-0.2748125598144586,0.1358576194128896,-0.06493832475872365,0.0510505361008179,0.4106701792273482
F06294,12,1.0,1.0,1.0,-1.9790452710417348,-1.1478114002215802,-1.4906908928649518,0.05278358924165097,0.8312338708201545
F06295,8,1.0,0.5,0.0,0.5037741417842468,0.9432894664733495,0.7292607020407067,0.04808414065395214,0.4395153246891027
F06297,24,1.0,1.0,0.25,0.40617809096905,1.138054435226756,0.6835616025648723,0.048598240442023585,0.7318763442577061
F06298,8,1.0,0.0,0.0,0.3166216971447803,0.7900668575947192,0.5466963854502696,0.028673038582276943,0.4734451604499389
F06299,24,1.0,0.75,0.0,0.2631436739739776,0.9228070732530044,0.5212573167300927,0.14785580548136032,0.6596633992790268
F06302,20,0.5,0.0,0.0,-0.2017895894562606,0.2543970048741595,0.018658103454071845,0.0369321052603694,0.4561865943304201
F06303,24,0.5,0.25,0.0,-0.2618602139719541,0.4112105986090463,0.07814638983393439,0.06664987948839517,0.6730708125810003
F06304,24,1.0,1.0,0.5,0.4791540610566793,1.15222487363768,0.8250198037465057,0.11902208411914877,0.6730708125810005
F06305,20,0.5,0.0,0.0,-0.2274407290374647,0.3273569947542722,0.019156174853530453,0.0377077359944003,0.554797723791737
F06306,20,1.0,0.5,0.0,0.0831009181790531,0.6064534417509327,0.3338866389800507,0.18496439153762514,0.5233525235718797
F06307,20,1.0,0.5,0.0,0.2598813489532014,0.8669826310920236,0.5087491711597304,0.11444708861497283,0.6071012821388222
F06308,24,1.0,0.75,0.0,0.1657181843774936,0.7899528693156296,0.5035678431600182,0.22418016461932727,0.6242346849381359
F06309,24,1.0,0.5,0.0,0.0448841542510993,0.8869804225564402,0.37737762787073903,0.19696308807464144,0.8420962683053409
F06310,12,1.0,0.5,0.0,0.2278398325394147,0.99350531802387,0.6764633980029063,0.12364049268101787,0.7656654854844553
F06311,24,1.0,0.75,0.0,0.2676481573744443,0.9825758123144585,0.5365573243114206,0.13941101765282765,0.7149276549400141
F06312,24,1.0,1.0,0.5,0.8336942841741366,1.604037530933759,1.1303112470209173,0.0386050828716621,0.7703432467596223
F06313,24,1.0,1.0,0.5,0.5582272326333062,1.2481339456170122,0.8146259285921287,0.05099096644665913,0.689906712983706
F06314,8,0.5,0.0,0.0,-0.0869030905787506,0.3858953103013854,0.1434365042062117,0.07385105146670724,0.472798400880136
F06315,20,1.0,1.0,0.5,0.6750863183563433,1.3675061264518296,1.1010639890316707,0.13076433856755115,0.6924198080954863
F06316,20,1.0,1.0,0.5,0.9069079268157934,1.4754923853824091,1.1617124432300627,0.04303398524696094,0.5685844585666158
F06318,12,1.0,1.0,0.0,0.4231730734638096,0.7741070094528554,0.5948554902262713,0.06157356562149961,0.35093393598904576
F06319,8,1.0,0.75,0.0,0.1417807303503998,0.6847757539155246,0.4832329190879068,0.1863721202477924,0.5429950235651249
F06321,24,1.0,1.0,1.0,-2.5183799438337537,-1.7879671738975114,-2.0646188983326015,0.021801172404483538,0.7304127699362424
F06322,16,1.0,0.4375,0.25,0.5211451650087765,1.022499681509166,0.7841111600584305,0.03989711613504469,0.5013545165003895
F06323,20,1.0,0.6,0.0,0.2861041351251407,0.9057938369392808,0.5670655873789261,0.10327309056600603,0.6196897018141401
F06324,16,1.0,0.5,0.0,0.1291150831319807,0.5458886039032511,0.33059958817182516,0.13649351731957343,0.4167735207712704
F06325,12,0.5,0.0,0.0,-0.1214205064148274,0.4590944074975561,0.19903069383568414,0.0839172201873461,0.5805149139123835
F06327,8,0.5,0.25,0.0,-0.3333267958897092,0.190669119959058,-0.1355320819625948,0.16491908062741695,0.5239959158487673
F06328,20,1.0,1.0,0.8,-1.6830479203208593,-0.8933587602691914,-1.206101481802344,0.1225485346881449,0.7896891600516679
F06334,12,0.5,0.0,0.0,-0.0254034015562738,0.3605624761047115,0.1623620479881992,0.11818701186423224,0.3859658776609853
F06339,12,1.0,0.5,0.0,0.3836824590335186,0.7887390731963111,0.5815219444568223,0.05461007903203194,0.4050566141627925
F06342,24,0.5,0.9583333333333334,0.0,-0.2594308999989431,0.380772712783845,-0.011367093568564163,0.07766275005818492,0.6402036127827881
F06343,24,0.5,0.5,0.0,-0.2343497894100009,0.4387210231709997,0.15494701885759254,0.152012373875116,0.6730708125810005
F06344,24,0.5,0.5,0.0,-0.1401290274335679,0.5329417851474327,0.14278747401629815,0.17513623849128024,0.6730708125810007
F06346,8,1.0,1.0,0.5,-1.0642078810060591,-0.6587892773994807,-0.871700555822443,0.13247998385838747,0.40541860360657844
F06347,8,0.5,0.0,0.0,-0.0393484549663526,0.3537461272936902,0.15850766404610048,0.10248202633090571,0.3930945822600428
F06348,24,0.75,0.5,0.0,-0.0079444860280189,0.6735632768757294,0.2442547348908245,0.34754545400232084,0.6815077629037483
F06349,20,0.5,0.2,0.0,-0.3284828979213615,0.3577868648968422,-0.04496101805933171,0.14752250513233509,0.6862697628182037
F06350,24,1.0,1.0,0.5,0.6194362945785233,1.3081141580993534,0.8752205658059077,0.029015049460623683,0.68867786352083
F06351,24,1.0,0.75,0.25,0.1966659139263441,1.0063456011776193,0.5129510970189511,0.11730649120754254,0.8096796872512751
F06353,8,1.0,1.0,0.25,0.5673338442781242,1.0300544856902336,0.8248391226730611,0.114687006339011,0.46272064141210945
F06354,24,1.0,1.0,1.0,-1.8075856962143508,-1.1345148836333496,-1.4942800178467752,0.021579379629978118,0.6730708125810012
F06355,8,1.0,0.25,0.0,-0.7193111669655892,-0.215840987000919,-0.43419663046402024,0.15646884356164475,0.5034701799646701
F06358,24,1.0,1.0,1.0,-1.710595717676239,-1.0375249050952386,-1.3913611043299103,0.04394273654708366,0.6730708125810003
F06359,24,1.0,0.5,0.0,-0.6583763465001299,-0.0147164613531878,-0.26600307008618185,0.2663154782397677,0.6436598851469421
F06360,20,1.0,1.0,0.5,-1.3365243918644407,-0.6665980093483281,-0.9373522519297486,0.15720756791999985,0.6699263825161126
F06361,20,1.0,1.0,0.5,-1.4682949537399534,-0.8117448209907502,-1.152699181872598,0.10754063111436792,0.6565501327492033
F06362,24,1.0,1.0,0.5,-1.5561443016292564,-0.9124844164823148,-1.211531569378956,0.0758334222903467,0.6436598851469416
F06363,24,0.75,0.25,0.0,-0.5966368902423564,0.2817482829082082,-0.2459989642001048,0.17529888062729831,0.8783851731505646
F06366,16,1.0,0.5625,0.25,-1.0670978407487,-0.3398622429955517,-0.7556334476899081,0.17308280135326812,0.7272355977531483
F06367,12,0.5,0.0,0.0,-0.5217955893971049,0.1189561052510978,-0.1510739013693122,0.14060189809155296,0.6407516946482027
F06368,20,0.8,0.0,0.0,-0.2233160516291624,0.7606166073493245,0.18821395791232037,0.05703867550262236,0.9839326589784869
F06369,8,1.0,0.5,0.5,0.6067203639777567,1.1572145239042493,0.8726454006933475,0.03510953975078915,0.5504941599264925
F06370,24,1.0,1.0,0.25,0.6027327236988321,1.5694621497960202,1.0092427181699952,0.09187310461740215,0.966729426097188
F06371,24,1.0,1.0,0.75,-1.5336909841253965,-0.8592640154746835,-1.2850321603330705,0.12886260902895594,0.674426968650713
F06373,16,1.0,1.0,0.0,0.4814297973799194,0.8840077744766873,0.6896948960862372,0.07569398744487166,0.4025779770967679
F06374,20,1.0,0.55,0.0,0.310821241257642,0.9330992028384186,0.6621142969526929,0.12960744448099137,0.6222779615807766
F06375,24,1.0,1.0,1.0,-1.7631731531126245,-1.090102340531624,-1.4253120447193803,0.06902867163468233,0.6730708125810005
F06376,24,1.0,1.0,0.5,-1.3686341789553738,-0.6888566247463235,-0.9401907413178181,0.13789400121260764,0.6797775542090503
F06379,24,1.0,1.0,0.5,-1.270306483978575,-0.5972356713975742,-0.8556970912043309,0.16657373659931604,0.6730708125810008
F06380,24,1.0,0.2916666666666667,0.0,-0.7066076875768919,-0.0325960640404531,-0.2810472152756417,0.1925091279040537,0.6740116235364387
F06381,24,1.0,1.0,0.25,-1.0480503707395326,-0.3749795581585315,-0.728561364973852,0.21739228480336356,0.673070812581001
F06382,24,1.0,1.0,1.0,2.4253951159917517,3.133037956531301,2.867771196794557,0.00013104894124120773,0.7076428405395494
F06384,24,1.0,1.0,0.5,0.6939918025027322,1.3586287650822195,0.9621736870808775,0.0467894903741243,0.6646369625794873
F06386,12,0.5,0.0,0.0,-0.3317282797567683,0.1684535397230331,-0.0674445470906611,0.10401274331240482,0.5001818194798013
F06387,12,0.5,0.5,0.0,-0.6329565917737134,0.0469389931682582,-0.1974697866635232,0.2805203781134368,0.6798955849419717
F06389,24,1.0,1.0,0.0,0.2945474591718805,0.9345849506088496,0.6268478298991715,0.13429677331061515,0.6400374914369691
F06390,24,1.0,1.0,0.25,0.430716535183463,1.0549512201215991,0.6989161408173818,0.08384378880328215,0.6242346849381362
F06392,24,1.0,1.0,0.0,0.334251686096172,0.9234063136706048,0.6271897353840055,0.14185123253121237,0.5891546275744328
F06393,24,1.0,1.0,0.5,0.5462246156716437,1.17045930060978,0.8204059337225438,0.04000134245687196,0.6242346849381364
F06394,24,1.0,1.0,0.25,0.3928637146418458,1.09097907470765,0.6533667341417171,0.09237722067114246,0.6981153600658042
F06395,24,1.0,1.0,0.25,0.4702151801814805,1.190794847713751,0.7419503534145852,0.032941568252367104,0.7205796675322707
F06396,20,1.0,0.5,0.0,0.2543647136565084,0.7759429811246851,0.48299873726956766,0.14582485477728288,0.5215782674681766
F06397,12,1.0,0.5,0.0,0.1640309812438773,0.522723203809718,0.3431290001937566,0.09740595766245709,0.35869222256584077
F06398,20,1.0,0.6,0.0,0.1663361279692169,0.7732404099140114,0.42072229997051136,0.20974757342915962,0.6069042819447945
F06400,24,1.0,1.0,0.75,0.8737912482848753,1.7254956207145216,1.2110887739666674,0.06212872490483882,0.8517043724296463
F06401,24,1.0,1.0,0.25,0.3956260151790654,1.1281874161086605,0.6733520551108321,0.057925754319216885,0.7325614009295951
F06406,24,1.0,1.0,0.0,0.309990856028113,0.9830616686091138,0.6155718140674942,0.10988746422849059,0.6730708125810008
F06408,24,1.0,1.0,0.25,0.4113720456738414,1.051409537110811,0.7306403317309156,0.19367123014218615,0.6400374914369695
F06412,8,1.0,0.75,0.75,-1.63868826657605,-0.8189661574332703,-1.1799700848650203,0.1537864291774349,0.8197221091427798
F06416,20,1.0,1.0,0.5,0.7960565789098865,1.223656020331768,1.0163891866368422,0.03049604361142675,0.42759944142188144
F06417,8,1.0,0.5,0.0,-0.7222359958627537,-0.1649488915122771,-0.46020661454419554,0.2816818604973141,0.5572871043504766
F06420,24,1.0,0.75,0.0,0.2700241049939231,0.9498567620018225,0.6984950940309034,0.2412919774219235,0.6798326570078994
F06426,4,1.0,1.0,0.5,-2.180800113452092,-1.381307080168764,-1.7810535968104277,0.1667053933404442,0.7994930332833279
F06427,24,0.5,0.5,0.0,-0.431011905762425,0.2420589068185754,-0.13780516321727004,0.2004920545484787,0.6730708125810003
F06428,20,1.0,1.0,1.0,-3.4494943708872885,-2.7117273709215084,-3.1788218067819907,0.007927072020590387,0.7377669999657801
F06429,24,0.75,0.5,0.0,-0.0629109016821615,0.6767820067278785,0.21838089198982766,0.21178219127837317,0.73969290841004
F06430,8,1.0,0.5,0.0,0.2508056662497527,0.5972944375954623,0.4281002533282131,0.1031089367896741,0.3464887713457096
F06433,24,0.5,0.25,0.0,-0.2679745658224665,0.3844627465557227,0.0020200488844253905,0.07195538061767967,0.6524373123781892
F06434,24,1.0,0.5,0.0,-0.6617035214402662,-0.03746883650213,-0.2865813512299025,0.3460324054143189,0.6242346849381363
F06435,24,1.0,0.75,0.5,-1.3055748757296255,-0.4103926074904803,-0.9465384021430838,0.29301049582398947,0.8951822682391453
F06436,16,0.5,0.0,0.0,-0.1298651987714814,0.3463994688849731,0.1066019130417461,0.06666179618434347,0.4762646676564545
F06438,20,0.5,0.5,0.0,-0.0855962178939884,0.3867474186416761,0.1588898909430403,0.15307768967291902,0.4723436365356645
F06443,8,1.0,0.0,0.0,0.7257482528285123,1.0141353165128533,0.8665568739597325,0.01347176835630347,0.28838706368434097
F06445,8,1.0,1.0,0.0,0.533317404753871,0.9556303124215284,0.7444738585876995,0.052430755825459016,0.4223129076676574
F06447,16,1.0,1.0,1.0,-1.7747653286663203,-1.1136639368387455,-1.4614999070290215,0.13805854765262898,0.6611013918275748
F06448,24,1.0,1.0,0.5,0.6904776910235508,1.2796323185979832,0.9498555840463456,0.03782977267908537,0.5891546275744324
F06449,8,1.0,0.5,0.0,0.21082160513357,0.5277573621450079,0.3654954886284611,0.0643967117232011,0.3169357570114379
F06450,8,1.0,0.5,0.0,0.1915118836391169,0.5800710937983342,0.3855881253606454,0.10500838012520335,0.38855921015921735
F06452,16,1.0,0.5,0.0,0.1172715506656311,0.5718043700991471,0.33930834651927233,0.14244353223849762,0.454532819433516
F06463,8,0.5,0.0,0.0,-0.0400286997827833,0.2662040151147644,0.1090610114663218,0.05340517677972959,0.30623271489754766
F06466,16,1.0,0.5,0.0,-0.8588490644918553,-0.2775361357778555,-0.5819646613644989,0.16603556860560356,0.5813129287139998
F06470,20,1.0,0.95,0.0,-0.9025510019732632,-0.3057835405353265,-0.5652408519955912,0.30485765986013813,0.5967674614379367
F06471,20,1.0,1.0,0.8,-1.752502039873571,-0.921172453095431,-1.2734171649949018,0.12126475400588889,0.8313295867781398
F06472,16,1.0,0.5,0.0,-0.7975708152001332,-0.1061718730694238,-0.389463043660713,0.19099590003090122,0.6913989421307094
F06479,20,0.7,0.5,0.0,-0.5573489446500777,0.0521258957089038,-0.27743677732047456,0.29915905465929477,0.6094748403589815
F06480,24,0.75,0.5,0.0,-0.8189578788847923,0.056393677319543,-0.2927274402495938,0.26183051597231954,0.8753515562043354
F06481,20,0.5,0.5,0.0,-0.2947324191032194,0.167674213589919,-0.0716672751828207,0.1865309111828031,0.4624066326931384
F06482,24,1.0,0.7083333333333334,0.0,0.1244101590244942,0.7974809716054946,0.4075260296605261,0.2797410471612728,0.6730708125810003
F06484,8,0.5,0.25,0.0,-0.0817131298411685,0.3150438218660334,0.11147832234385278,0.10179157116100447,0.39675695170720193
F06487,20,1.0,0.5,0.0,-1.0418161893323017,-0.4371115686194677,-0.6822116145908929,0.15813427478710337,0.6047046207128339
F06494,20,1.0,1.0,1.0,1.832034839219803,2.6012979379297247,2.2971932342442742,0.050746897584194,0.7692630987099218
F06496,12,1.0,0.5,0.16666666666666666,0.3334300216213171,1.0772251741248455,0.7806853725548765,0.1320950479505724,0.7437951525035285
F06503,8,1.0,0.0,0.0,-0.5272417273763301,-0.0931843292148662,-0.3029195485089128,0.11687640591011168,0.43405739816146394
F06504,20,1.0,0.5,0.0,0.039894756731682,0.6285774389896395,0.35006972551483373,0.20952201690188055,0.5886826822579575
F06505,20,1.0,1.0,0.5,0.8795110793784173,1.4323767802524017,1.1675986670859482,0.05470583280833795,0.5528657008739843
F06506,8,0.25,0.25,0.0,-0.0033603896910168,0.4891110609454679,0.268729256073002,0.12943379146339754,0.49247145063648473
F06510,24,0.5,0.5,0.0,-0.1456475804587795,0.5246876248009639,0.11567082535509071,0.08970825979092299,0.6703352052597433
F06511,16,0.75,0.5,0.0,-0.4145533007448337,0.0298051096219367,-0.20881692155144832,0.22089951805037897,0.44435841036677043
F06512,24,1.0,0.75,0.25,-1.2423274784325935,-0.3594417288326672,-0.7123299430995997,0.22592593799803448,0.8828857495999263
F06513,24,1.0,0.9583333333333334,0.25,-1.3381814237673415,-0.4239032006257704,-0.7924876516635253,0.21494014592799832,0.9142782231415711
F06514,20,1.0,0.7,0.0,0.092128617536781,0.6589521507031705,0.45058416731065254,0.2530128257457716,0.5668235331663894
F06517,20,0.3,0.5,0.0,-0.0959528370995187,0.5611873648393757,0.3312339746853284,0.12367339154398252,0.6571402019388944
F06518,8,1.0,0.5,0.0,0.2665679545847342,0.6551419902009722,0.45576680237213685,0.10800930974808487,0.388574035616238
F06519,24,1.0,1.0,0.25,0.3711327977676821,1.0442036103486825,0.6704982896543084,0.14919715209245238,0.6730708125810003
F06521,24,0.5,0.5,0.0,-0.6434206051795942,0.0960067308635899,-0.1851522766249715,0.23521187308044092,0.7394273360431841
F06525,24,1.0,1.0,1.0,-3.3930940010292696,-2.3462409176898604,-2.7811127988265345,0.08990336937593456,1.0468530833394092
F06529,24,1.0,1.0,0.25,0.3750080360849009,1.1565497328616947,0.6772242239402673,0.08566478789754514,0.7815416967767939
F06530,24,0.25,0.5,0.0,-0.1609190446896196,0.5237681441546645,0.26997921026555305,0.1725729757420992,0.6846871888442841
F06533,8,1.0,1.0,1.0,-1.8146955964641371,-1.0605321015896918,-1.374430778330209,0.14732152626718165,0.7541634948744453
F06535,24,0.75,0.5,0.0,-0.0036306619877786,0.5367027656097163,0.27542875006848183,0.1588968206647047,0.5403334275974949
F06536,16,1.0,0.5,0.0,0.2134942536456491,0.6375757024744495,0.4190671511066767,0.10330004053752359,0.4240814488288004
F06539,24,0.25,0.25,0.0,-0.3041759903290637,0.522407754339313,0.1976705425381552,0.13123598128685923,0.8265837446683766
F06540,24,1.0,1.0,0.75,0.8427870482353634,1.6970267118629816,1.3584615405822027,0.14991310287534984,0.8542396636276182
F06541,8,1.0,0.5,0.0,-0.8817611325031303,-0.3624352773219303,-0.5897463212032636,0.152791450268915,0.5193258551811999
F06546,8,1.0,0.875,0.25,0.6433919008661101,1.0213520667096063,0.82819454340112,0.04777999613849735,0.37796016584349623
F06548,4,0.5,0.0,0.0,-0.179494204197802,0.1577810983257707,-0.010856552936015645,0.03842397236174502,0.3372753025235727
F06554,24,0.5,0.5,0.0,-0.5155650943876022,0.1575057181933983,-0.09445673345066319,0.2168560187334528,0.6730708125810005
F06558,16,1.0,1.0,0.0,-0.9024453420745268,-0.3542947914812607,-0.6112196193243962,0.19652572394631201,0.548150550593266
F06559,20,0.5,0.2,0.0,-0.4423324242479354,0.3560968072160931,-0.07529270946726264,0.13328123541311607,0.7984292314640284
F06561,8,1.0,0.875,0.0,0.3476795875901943,0.7336572016910492,0.5351957656197907,0.13576340275205984,0.3859776141008549
F06567,24,0.25,0.5,0.0,-0.0307405065432585,0.7414830167664529,0.4439259156446277,0.14934727232799105,0.7722235233097114
F06568,8,1.0,1.0,0.0,-0.8810439463975203,-0.6232401000482191,-0.7491469465806597,0.14619709606236764,0.2578038463493012
F06572,20,1.0,0.1,0.0,0.2407503507347669,0.721120672317797,0.49682842533624283,0.06403927472494494,0.48037032158303006
F06575,24,1.0,1.0,1.0,1.9513773786299693,2.6244481912109707,2.2049485084868925,0.0005811667269170404,0.6730708125810014
F06577,16,1.0,0.5,0.0,0.2964609097488021,0.78711646183002,0.5364260504067722,0.1161658217811714,0.4906555520812179
F06578,20,1.0,0.5,0.0,-0.72239485700413,-0.131276856824803,-0.4688977822892859,0.30472773062067326,0.591118000179327
F06580,24,1.0,0.25,0.0,-1.1334284772884284,-0.2034898564281664,-0.5799045063252668,0.17726037467839173,0.929938620860262
F06581,16,1.0,1.0,0.5,0.620715705500112,1.0599809107576577,0.8408324669436713,0.07431179083304097,0.43926520525754564
F06590,16,1.0,1.0,0.5,0.7150710990381474,1.1542813838869892,0.9299548428298645,0.06402736411917649,0.43921028484884184
F06591,20,1.0,1.0,1.0,1.5723238456654949,2.201690820155026,1.9201139204081477,0.014226677676099544,0.6293669744895309
F06595,20,0.6,0.15,0.0,-0.6888260966868406,0.5179508611158474,-0.0182317471102991,0.155261779381917,1.206776957802688
F06596,24,0.5,0.5416666666666666,0.0,-0.2911613567364809,0.4073511036191423,0.12223147015292915,0.12249078478987803,0.6985124603556232
F06598,20,0.5,0.2,0.0,-0.3522696672436508,0.2415171725714524,-0.10444221630720206,0.13144313709151148,0.5937868398151032
F06599,20,1.0,0.8,0.3,-1.1968818518584092,-0.4181459793285912,-0.704813423702684,0.19360126349542964,0.778735872529818
F06600,24,0.75,0.16666666666666666,0.0,-0.5680884332473793,0.2910566119916011,-0.2324925972928938,0.1355986323809696,0.8591450452389804
F06601,16,1.0,0.5,0.0,0.08353652967747,0.4845808606586501,0.29046154599616003,0.17975281112087488,0.4010443309811801
F06603,8,0.5,0.0,0.0,-0.2841133135715462,0.1710377066323126,-0.04926711196893005,0.03531260745618308,0.4551510202038588
F06606,20,0.5,0.5,0.0,-0.4599549186690948,0.0249402815725559,-0.21390230283433856,0.28982028009143407,0.4848952002416507
F06609,16,0.5,0.0,0.0,-0.3065593685687831,0.1500128640470417,-0.07317958978016284,0.11560783594626257,0.4565722326158248
F06610,20,0.5,0.5,0.0,-0.1409477571118839,0.4175774776329361,0.16967940606956342,0.10170354439512336,0.55852523474482
F06612,20,1.0,0.5,0.0,-0.7033631422868707,-0.1727684872232254,-0.4724512580188038,0.22127232026746868,0.5305946550636453
F06613,8,1.0,0.75,0.0,0.3866722716786192,0.8837390837461954,0.6634047412625563,0.15232251758381404,0.4970668120675762
F06614,20,1.0,0.7,0.0,0.1106768650946551,0.8320379998270617,0.5642173000510751,0.2819174503090806,0.7213611347324066
F06617,8,0.5,0.0,0.0,-0.0416821396538596,0.3598831558640665,0.153967335827636,0.10361401239114919,0.4015652955179261
F06618,12,0.5,0.0,0.0,-0.3759951675125201,0.1620250467348196,-0.07107936992861795,0.10105262525155942,0.5380202142473397
F06619,20,0.5,0.15,0.0,-0.2431967210489358,0.2741884963910014,0.0013499415810415416,0.08318891688056299,0.5173852174399372
F06621,20,1.0,0.5,0.0,0.1138647042401959,0.5997761883646853,0.3726540739566134,0.1465625926713809,0.48591148412448937
F06622,20,0.5,0.5,0.0,-0.3577337787623002,0.1094305187553632,-0.1092016781871663,0.17459283630800512,0.4671642975176634
F06623,24,0.5,0.5,0.0,-0.1942007753567033,0.4788700372242973,0.13178772905883762,0.12874191997218415,0.6730708125810005
F06624,20,1.0,1.0,0.0,0.4577608141238658,0.9605637685275716,0.7181535370390714,0.0998106732404809,0.5028029544037058
F06625,24,1.0,0.5,0.0,0.0107787181256531,0.7393388934663518,0.286504145262972,0.2738527317073993,0.7285601753406987
F06626,8,1.0,0.125,0.0,0.3952213141240974,0.687846916767068,0.5378228311064845,0.027713201591268263,0.2926256026429706
F06629,20,1.0,1.0,0.3,0.4468117040453923,1.0004283116177572,0.7452614912823765,0.16500943743435648,0.553616607572365
F06635,8,1.0,0.5,0.0,-0.9891195751180746,-0.3897446678133178,-0.6654113605762073,0.2063914940977485,0.5993749073047567
F06644,24,1.0,1.0,0.0,0.3600356366604601,0.9642148291956668,0.6203912190993027,0.12561406771351183,0.6041791925352067
F06648,20,1.0,1.0,1.0,1.0035257427081514,1.6003114370810292,1.208050828111211,0.049731250138813694,0.5967856943728778
F06649,12,0.5,0.0,0.0,-0.2901382692494997,0.2911245541046383,0.047433877360935,0.03696832855275757,0.5812628233541379
F06651,20,1.0,1.0,0.0,0.2104032148944892,0.7448930108826645,0.45924653429317996,0.16111824925418297,0.5344897959881753
F06653,4,1.0,1.0,1.0,-2.5567904346416155,-1.89345650801599,-2.2251234713288026,0.10421203263083988,0.6633339266256255
F06655,4,0.5,0.0,0.0,-0.2906148867189482,0.3205224794340411,0.014953796357546456,0.04496491847823607,0.6111373661529893
F06656,20,1.0,1.0,0.0,0.2542303447606213,0.8531119138061465,0.5755331585321595,0.18854702201208862,0.5988815690455251
F06657,20,1.0,1.0,0.0,0.3202803541081232,0.8748030429589427,0.597841332473795,0.17771241729548415,0.5545226888508195
F06659,20,0.5,0.5,0.0,-0.4584009774453199,0.0203615856468534,-0.21377762455179225,0.27117509013813856,0.4787625630921733
F06660,24,0.75,0.08333333333333333,0.0,-0.8624267804561631,0.0144373105405992,-0.3354400744247512,0.1405242727794166,0.8768640909967622
F06663,24,1.0,1.0,0.5,0.55392224644643,1.314058514608788,0.8454357199945781,0.05281088998189395,0.760136268162358
F06664,12,0.5,0.0,0.0,-0.2171968154029913,0.403171040789722,0.05077321461249515,0.037528013564520554,0.6203678561927133
F06666,24,1.0,1.0,0.5,0.5883274295167508,1.3084882574634429,0.8598531829570659,0.02953466248548385,0.7201608279466921
F06668,20,1.0,1.0,0.5,0.6793072419828573,1.231554401650134,0.9437760845459569,0.03297906038879648,0.5522471596672768
F06669,24,1.0,1.0,0.25,0.3166576316658565,1.1111276439419493,0.6253379772708721,0.0806336069164666,0.7944700122760928
F06670,24,1.0,1.0,0.5,0.6472700528421205,1.240137633969275,0.919326052049007,0.06330009932400552,0.5928675811271544
F06671,24,1.0,0.75,0.0,0.1986610171500238,0.9295614340610184,0.5083362374859473,0.15417718502914526,0.7309004169109946
F06673,8,1.0,0.0,0.0,0.0758779587493669,0.3888381578904218,0.2363101268895358,0.10010811503990057,0.3129601991410549
F06674,8,1.0,1.0,0.0,0.4625299222285088,0.8884900577898901,0.6713514756465324,0.07464655643446193,0.4259601355613813
F06675,24,1.0,1.0,0.5,0.6207022283508371,1.3444173133468464,0.8940051103158115,0.05407034323579243,0.7237150849960093
F06676,24,1.0,1.0,0.25,0.3006048279808709,1.036251458428107,0.5798734826714582,0.09494576514365798,0.7356466304472362
F06677,24,1.0,0.75,0.0,0.1140528198154786,0.8527845039334604,0.3948640013414388,0.19354353442270059,0.7387316841179818
F06678,20,0.7,0.0,0.0,-0.4861344771530129,0.0051689141764412,-0.2544795749744361,0.14740638197168382,0.4913033913294541
F06679,24,1.0,1.0,1.0,1.028464087664908,1.651498992330096,1.3107173285213172,0.06400047551964776,0.623034904665188
F06682,24,1.0,1.0,1.0,-2.0574614316539965,-1.2267671989703777,-1.553559654779157,0.09259123123141859,0.8306942326836189
F06683,24,1.0,1.0,0.5,-1.501459748231345,-0.8283889356503442,-1.1300253718184554,0.037615299503693474,0.6730708125810008
F06684,24,1.0,1.0,0.25,0.471114661267659,1.221848961514317,0.7579271508579575,0.04795528653754519,0.7507343002466581
F06686,24,1.0,0.5,0.0,0.0242142451544289,0.5588967292944103,0.28006317384395396,0.1983307763121577,0.5346824841399813
F06687,24,0.5,0.5,0.0,-0.1107218251794125,0.5638755260446662,0.17812380562651914,0.16400630479423228,0.6745973512240787
F06688,24,0.5,0.5,0.0,-0.1968440088561702,0.4762268037248303,0.1326303736640408,0.13740476677973015,0.6730708125810005
F06689,4,1.0,0.5,0.0,-0.8009512288515473,-0.3758725496146593,-0.5884118892331034,0.1745133177237985,0.425078679236888
F06690,24,0.5,1.0,0.0,-0.2716150266522238,0.3175396009222088,0.00940821321732735,0.08749522484550393,0.5891546275744326
F06691,20,0.5,0.5,0.0,-0.4543065461656642,0.1245804915227581,-0.1448709113592177,0.21151429418941292,0.5788870376884223
F06692,24,0.5,0.75,0.0,-0.3729178591153283,0.3146529391804239,-0.11768712050048288,0.28738934513699,0.6875707982957522
F06693,8,0.5,0.0,0.0,-0.2727249540939271,0.2608456929170724,-0.031443474170835095,0.07338809923025032,0.5335706470109995
F06694,20,1.0,0.5,0.0,0.0427776213777892,0.7054379728621913,0.4148627135243693,0.33605788119008934,0.6626603514844022
F06696,24,0.5,0.5,0.0,-0.0664028817134824,0.6066679308675182,0.18166769620607431,0.2699575780051951,0.6730708125810007
F06697,8,0.5,0.0,0.0,-0.2557962140557541,0.1035465139007772,-0.0704336762275527,0.07142499482059286,0.35934272795653127
F06698,20,0.5,0.5,0.0,-0.0419638542347739,0.4885760829948755,0.20846723109855095,0.15047368649902654,0.5305399372296494
F06699,24,0.75,0.5,0.0,-0.5106083751051307,0.1624624374758699,-0.25587997837668414,0.35008689745703075,0.6730708125810005
F06700,24,0.5,0.75,0.0,-0.1788487686524689,0.5535489410623122,0.09879542567189094,0.0889184303606557,0.7323977097147811
F06703,24,0.5,0.5,0.0,-0.1983417662073786,0.376569512582008,0.05624812172517245,0.04379019781084108,0.5749112787893866
F06708,24,1.0,0.5,0.0,-0.7720672314873973,-0.0989964189063966,-0.3485915951604253,0.3668080499323273,0.6730708125810008
F06709,24,1.0,0.75,0.25,0.1622142886968294,1.0102247099917177,0.6747741598773042,0.2134035178220424,0.8480104212948882
F06710,20,1.0,1.0,1.0,-5.426649017544047,-4.734811335383221,-5.128102847390686,0.0008591487873688441,0.6918376821608261
F06711,20,1.0,0.7,0.0,0.1992191313053583,0.8414006724566644,0.5521396010907138,0.20286139754278154,0.6421815411513061
F06712,20,1.0,1.0,1.0,-2.3406942311046564,-1.6124013366806955,-1.8859707354497064,0.11206414596051852,0.7282928944239608
F06713,12,1.0,1.0,1.0,-2.524477094635247,-1.9065763484735505,-2.2230229514001136,0.05489888985751903,0.6179007461616963
F06714,24,1.0,1.0,0.5,-1.4411348940504556,-0.7680640814694548,-1.1563885297402103,0.07249545940527655,0.6730708125810008
F06715,24,0.5,0.25,0.0,-0.1807818353730497,0.5073020055623022,0.07470542456159558,0.06867556070632051,0.6880838409353519
F06720,16,1.0,0.5,0.0,0.003786179771547,0.4461914600436795,0.2297041390916415,0.16903365578838614,0.4424052802721325
F06724,16,1.0,1.0,0.5,0.726779610055715,1.2731563123477734,1.0141396245108678,0.10339722657769172,0.5463767022920584
F06727,8,0.75,0.0,0.0,-0.4200643805197764,0.3581855261242034,-0.0608546095843979,0.09727283032296075,0.7782499066439799
F06732,8,0.25,0.5,0.0,-0.0045194706159056,0.5281599461295252,0.26973581679038694,0.19441658660153824,0.5326794167454308
F06733,24,1.0,1.0,0.25,0.3820223494836539,1.0062570344217905,0.6312812565261323,0.16801985169330064,0.6242346849381366
F06735,20,1.0,1.0,0.7,0.75771808402346,1.5651908002151351,1.2632230278121126,0.1693009790606869,0.8074727161916752
F06736,8,1.0,0.5,0.5,-1.107496983398086,-0.4979886783967009,-0.8369594973519314,0.17862074524666824,0.6095083050013852
F06737,12,0.3333333333333333,0.5,0.0,-0.1312008410851766,0.4750637768805898,0.25290657565282293,0.1394369943326653,0.6062646179657665
F06739,4,1.0,1.0,0.5,-1.2571800094484058,-0.7525788616159723,-1.004879435532189,0.18665957192102964,0.5046011478324335
F06741,8,1.0,1.0,0.0,0.4856471205064956,0.8105479025382488,0.644836036226395,0.08546443259664528,0.3249007820317532
F06743,16,1.0,0.25,0.0,0.0272694762795726,0.4780277156231893,0.23553028633301828,0.12371143465538126,0.4507582393436167
F06744,24,1.0,1.0,0.5,0.511100194786295,1.156554457181025,0.7780523378640861,0.08745470171333901,0.6454542623947299
F06745,20,1.0,1.0,0.5,0.603035606912803,1.2456389929318872,0.8639322864417758,0.06287854938914476,0.6426033860190842
F06756,20,1.0,1.0,1.0,-2.673834628515185,-1.759485461291756,-2.310910422557619,0.1488421386771008,0.914349167223429
F06758,16,1.0,0.5,0.0,-0.7318670361809417,-0.3253831683505445,-0.5241802129047753,0.23344456904136676,0.40648386783039725
F06759,16,1.0,1.0,0.0,0.4231849911518742,0.8701372606191698,0.6417073356317118,0.14826181839128288,0.44695226946729566
F06762,8,1.0,1.0,0.0,0.529887052345482,0.8849270938647582,0.7029836602893834,0.07635105106432313,0.35504004151927626
F06768,24,1.0,0.5,0.0,-0.8774989346269364,-0.2044281220459357,-0.5044806235790288,0.3478830040028509,0.6730708125810008
F06769,24,1.0,0.7083333333333334,0.25,0.7603041085520328,2.046533886650162,1.3094423109360924,0.10564281752374441,1.286229778098129
F06770,24,1.0,1.0,1.0,1.5138278116161876,2.620536824301764,1.973205631293971,0.0920782872368532,1.1067090126855765
F06771,8,1.0,0.0,0.0,0.2619618466220893,0.99935446876534,0.6088898515914085,0.061828441440649216,0.7373926221432506
F06775,24,1.0,1.0,1.0,-4.996783231105296,-3.4906530391633317,-4.332272795667343,0.10736359996835391,1.5061301919419647
F06780,20,0.5,0.5,0.0,-0.6090781983618092,0.0774681806144059,-0.18795430539654295,0.22179789364487545,0.6865463789762151
F06782,24,1.0,0.25,0.0,-1.145169798814043,-0.2665144460669721,-0.6172874619074771,0.16571103044629848,0.8786553527470709
F06783,24,1.0,1.0,0.5,-1.3845144021922084,-0.6859228199963835,-1.1237732716273268,0.09814144229782618,0.698591582195825
F06784,24,1.0,0.75,0.25,-1.4530795610588625,-0.5344847438882442,-0.9052274919405225,0.16864526310150518,0.9185948171706183
F06785,24,1.0,1.0,0.5,-1.2972799921154303,-0.6242091795344298,-1.0027389843587797,0.0989770234767716,0.6730708125810005
F06786,20,1.0,0.95,0.5,-1.30313467169499,-0.5356279407170838,-0.9812298308801772,0.24464527558883126,0.7675067309779063
F06788,24,1.0,0.5,0.0,0.1656340623037638,0.7217178127037613,0.47001400001207094,0.18331593709470145,0.5560837503999976
F06789,20,1.0,0.8,0.0,0.4109400185145638,0.9719131126652724,0.6549860296610351,0.057900004928325005,0.5609730941507085
F06791,24,1.0,1.0,0.5,0.6487158926692327,1.4929906006108402,0.9822985861070059,0.02356500682751081,0.8442747079416075
F06792,24,1.0,0.5,0.0,0.090547057283984,0.7801828192155913,0.4995015349613863,0.2539589676157539,0.6896357619316072
F06793,12,0.8333333333333334,0.08333333333333333,0.0,-0.0483679897020821,0.4253677549065748,0.1666110163106147,0.11902175271289046,0.4737357446086569
F06795,20,1.0,1.0,0.0,0.3648422172877803,0.8668008043985497,0.6373148829554494,0.16680997036335105,0.5019585871107693
F06798,8,0.25,0.125,0.0,-0.0171066629016367,0.3874738392206859,0.1773563737547699,0.1405850219300751,0.4045805021223226
F06803,24,0.5,0.875,0.0,-0.3880076152587425,0.2850631973222581,-0.042007383522967345,0.11649566795238608,0.6730708125810005
F06804,4,1.0,1.0,0.5,-2.233806548491779,-1.4683515838215777,-1.8510790661566783,0.14877663272689354,0.7654549646702014
F06805,24,1.0,1.0,0.5,0.6570449897966257,1.3301158023776267,0.9087752253778549,0.028935560316071706,0.673070812581001
F06806,24,0.5,0.8333333333333334,0.0,-0.192519828177781,0.4805509844032196,0.07498596370741839,0.06775861191818552,0.6730708125810005
F06807,20,1.0,1.0,0.5,0.6966518256153508,1.32785986698197,0.9935827255126118,0.03313066359345313,0.6312080413666191
F06808,16,1.0,1.0,0.5,0.6334865696885452,1.1093881912937285,0.8663207901472945,0.03309061281803094,0.47590162160518323
F06809,24,1.0,1.0,0.0,0.3016231387376454,0.8964758317827523,0.6108870003823034,0.13078281430638464,0.5948526930451068
F06810,24,1.0,1.0,0.0,0.4056660730051376,0.9948207005795702,0.6944849386942824,0.08299207475255459,0.5891546275744326
F06811,24,1.0,0.5,0.0,0.0323789748740186,0.6923057226970258,0.2884931519695208,0.2647900843416084,0.6599267478230072
F06812,8,1.0,0.0,0.0,0.043337156047028,0.2644307702482456,0.15175317554948625,0.052872329845633136,0.22109361420121756
F06814,20,1.0,1.0,0.5,0.5909192940153568,1.0955882538461013,0.8571436629716056,0.07765152269418597,0.5046689598307444
F06815,20,1.0,1.0,0.3,0.4683234394251086,1.097782377788906,0.7060089426533442,0.08139062849870322,0.6294589383637974
F06818,20,1.0,1.0,0.3,0.5239447726288591,1.2151633542594626,0.8190233817097008,0.041313293503651954,0.6912185816306036
F06819,24,1.0,0.75,0.0,0.2645123617357413,0.9081722468826828,0.5978521526486511,0.19263242093608482,0.6436598851469415
F06820,24,1.0,1.0,0.0,0.2542914964186216,0.988721132774975,0.5497882577133997,0.08858677613520725,0.7344296363563534
F06821,24,1.0,1.0,0.0,0.2512915255331924,0.978243406168878,0.5262128053180044,0.09852823183888455,0.7269518806356856
F06822,24,1.0,1.0,0.0,0.2357996888093831,0.860034373747519,0.4840217567239855,0.13635064921386442,0.6242346849381359
F06823,24,0.25,0.5,0.0,-0.0034645977105524,0.6077598235962565,0.2577069611110104,0.2959708023374346,0.6112244213068089
F06824,20,0.5,0.0,0.0,-0.1993807316473101,0.3282504169225317,0.05166058719242486,0.033383619855482556,0.5276311485698418
F06825,24,1.0,1.0,0.0,0.2604457160354138,0.9810528188876028,0.5321946069284775,0.16188940695867748,0.720607102852189
F06826,24,1.0,1.0,0.0,0.3096604303201272,0.8882209634223523,0.5885846800793796,0.14805805976480801,0.5785605331022252
F06827,16,0.5,0.5,0.0,-0.0460386431633029,0.367756401958782,0.15604909680241671,0.11511764561313167,0.4137950451220849
F06828,24,1.0,1.0,0.5,0.5142413566338805,1.2657358428061458,0.8258520030084144,0.032821695437310915,0.7514944861722653
F06829,24,1.0,0.5,0.0,0.0102548312603805,0.683325643841381,0.3134996769140017,0.2613235864080512,0.6730708125810004
F06830,20,1.0,0.5,0.0,0.0479307955135213,0.5918232813612491,0.28804733922768283,0.2117078303906837,0.5438924858477278
F06832,12,1.0,0.5,0.0,0.19779241916393,0.6794976142740097,0.43249785129997004,0.15870115626906423,0.4817051951100797
F06834,24,1.0,1.0,0.0,0.1792834726321107,0.8523542852131114,0.4300053254387314,0.16535997534061522,0.6730708125810008
F06835,24,0.5,0.5,0.0,-0.0944056050962283,0.5786652074847722,0.20413393590413856,0.22038439575019433,0.6730708125810005
F06837,24,1.0,0.5,0.0,-0.8661011016725124,-0.2911898228831258,-0.5977612544957946,0.25094077481164595,0.5749112787893866
F06839,20,0.5,0.0,0.0,-0.3031810451243855,0.2009143426712481,-0.04269171951596286,0.0901108693741522,0.5040953877956336
F06842,24,1.0,1.0,0.5,0.6238770043899965,1.3417794764187974,0.8942735798713664,0.05880738358420402,0.7179024720288009
F06843,20,1.0,1.0,0.5,0.5744667248988717,1.067548638735487,0.8157872281692653,0.04641472121765159,0.49308191383661537
F06844,24,1.0,1.0,0.5,0.691534739201222,1.5545541163888803,1.0344897672620206,0.05058961087515594,0.8630193771876583
F06845,24,1.0,1.0,0.5,0.6629063039196195,1.1795798290182795,0.9308392479451638,0.02633449228262653,0.51667352509866
F06847,12,0.5,0.0,0.0,-0.1075159734233922,0.3144804645938985,0.10381879854767348,0.04382341175462669,0.4219964380172907
F06849,16,1.0,0.5,0.0,0.1823157265621619,0.7175948715204035,0.4055246852687606,0.10541176625246808,0.5352791449582416
F06856,20,1.0,1.0,0.5,-1.1047569036742768,-0.480955183534881,-0.8234283566187214,0.27385804157123544,0.6238017201393958
F06858,16,1.0,0.5,0.0,0.0817979152879364,0.5181873824044111,0.2951084769362299,0.19010120278242384,0.4363894671164747
F06860,24,0.5,0.7916666666666666,0.0,-0.2334883212377003,0.3146998962343843,0.02483351761948034,0.04436210183268602,0.5481882174720847
F06861,8,1.0,0.5,0.0,-0.5316337100199657,-0.0834334151847304,-0.3133322234904175,0.24508063102215,0.4482002948352353
F06864,8,1.0,0.0,0.0,0.3298342104686272,0.6586339119349127,0.4915830194218841,0.04467193818939224,0.3287997014662855
F06865,20,0.5,0.0,0.0,-0.4391062684621225,0.1234737552145117,-0.1171362086607726,0.1320435343258644,0.5625800236766342
F06869,24,1.0,1.0,1.0,1.9515514884699177,2.624622301050918,2.3082287863477875,0.006656118470346741,0.6730708125810003
F06870,20,1.0,1.0,1.0,1.4339028801478817,1.971908822192277,1.7182505218066009,0.008077571157889272,0.5380059420443952
F06871,24,1.0,1.0,0.5,0.601588729808352,1.2746595423893528,0.9133745705506643,0.03394785711164876,0.6730708125810008
F06872,12,0.3333333333333333,0.5,0.0,-0.1169612532879411,0.5524823300432993,0.27726809617720904,0.12144149820944349,0.6694435833312404
F06873,8,1.0,0.5,0.0,-0.7221479689404525,-0.0816014855915222,-0.47145809373673725,0.20519831604121,0.6405464833489303
F06874,20,1.0,0.5,0.0,0.1793175283894216,0.758444438405046,0.4346433409817359,0.1453609580585862,0.5791269100156244
F06875,20,1.0,1.0,0.2,0.504284965748496,1.0461006823903174,0.7984151775801491,0.13128695874729765,0.5418157166418214
F06877,4,1.0,0.5,0.5,-1.4772156338631046,-0.7972712976989611,-1.1372434657810329,0.15478080997507573,0.6799443361641435
F06880,20,0.5,0.0,0.0,-0.4308903169507289,0.3207505035688513,-0.12121264094840126,0.10873889286256416,0.7516408205195801
F06882,24,0.5,0.5,0.0,-0.4089759885924969,0.3039987897010321,-0.14104325997876316,0.2598873236978422,0.712974778293529
F06883,20,1.0,0.25,0.0,0.1510225603607101,0.8402510757210254,0.5081925135983218,0.13004806927604598,0.6892285153603153
F06884,24,1.0,1.0,0.0,0.2720030525131523,0.9450738650941528,0.6663411766234919,0.2061047482525478,0.6730708125810005
F06885,4,1.0,0.5,0.0,0.3100861814055544,0.6620667992163811,0.4860764903109678,0.05485678320868299,0.35198061781082673
F06888,24,1.0,0.75,0.0,0.1245636757321923,0.956939820298032,0.4766151513035136,0.14588388670742403,0.8323761445658397
F06890,12,0.8333333333333334,0.0,0.0,-0.0930200817928849,0.5400249379581008,0.1392398404095371,0.1026558333924889,0.6330450197509857
F06891,8,1.0,0.75,0.75,0.6317522258677668,1.343570876490322,1.015162489407969,0.1374475072263639,0.7118186506225552
F06893,16,0.5,0.5,0.0,-0.0906463232276613,0.3712636185192736,0.11868794691502944,0.11940218464766537,0.4619099417469349
F06895,16,1.0,0.5,0.0,-0.7506615570037165,-0.2933246142848957,-0.5170128058907703,0.17817842052628763,0.4573369427188208
F06896,16,1.0,1.0,0.75,0.9540518588704768,1.4551917629431346,1.2226729321517658,0.04700591573513397,0.5011399040726577
F06897,24,1.0,1.0,0.5,0.6881125018367399,1.5113543914655232,1.0111787861181007,0.0867363996287528,0.8232418896287833
F06898,24,1.0,0.75,0.25,0.1871658977295875,1.0051736194793333,0.684724419137491,0.28233998696796253,0.8180077217497458
F06900,24,1.0,0.625,0.0,0.1321923934387446,0.8052632060197453,0.4664472182645243,0.2388133401735847,0.6730708125810008
F06903,24,1.0,1.0,0.5,0.6119814373825224,1.2850522499635233,0.8709719962466598,0.012301036301523627,0.6730708125810009
F06905,8,0.5,0.0,0.0,-0.184957323238817,0.2565673924950171,0.012468805258272542,0.041644810139023825,0.4415247157338341
F06906,20,0.5,0.5,0.0,-0.4468256740851943,0.1722891463990954,-0.15174960668269755,0.22429427834194005,0.6191148204842897
F06907,20,1.0,0.7,0.0,0.3046529974572395,0.8897100135236508,0.6021794896285532,0.15076850698973013,0.5850570160664113
F06908,8,1.0,0.0,0.0,-0.3808828362242372,-0.0899441107197456,-0.23135902919026605,0.1341295622511193,0.29093872550449157
F06910,24,1.0,1.0,0.5,0.5978686140437534,1.2835777970033817,0.8521685449905372,0.08377095171175648,0.6857091829596283
F06911,24,1.0,1.0,0.0,0.2989648486292922,0.9390023400662616,0.6125394643315845,0.12235499298972959,0.6400374914369694
F06912,24,1.0,0.75,0.0,-0.8912591310504319,-0.2073442662054829,-0.6090761922686017,0.3233242753694136,0.6839148648449489
F06913,8,0.5,0.0,0.0,-0.1535170747741681,0.3398904214285088,0.07625816743247199,0.03710232289885428,0.4934074962026769
F06915,24,1.0,0.5,0.0,0.0522001375504996,0.6112164530951758,0.3116907836995804,0.21072302074470417,0.5590163155446762
F06916,20,1.0,0.95,0.0,0.2759715558137482,0.7732435599891156,0.5374293024791872,0.15753646161467255,0.49727200417536743
F06918,16,0.5,0.25,0.0,-0.0771554321073904,0.4305736998201163,0.14145049003608084,0.09636861509775467,0.5077291319275067
F06921,4,1.0,0.5,0.0,-0.4676767517384563,-0.0764260908417353,-0.2720514212900958,0.23255073954937383,0.391250660896721
F06922,20,0.5,0.5,0.0,-0.5164390797590096,0.071080880110768,-0.18965613784639515,0.2950467933072296,0.5875199598697776
F06923,16,1.0,0.5,0.0,0.0369927703134705,0.5956895322998643,0.33339268878175515,0.18177568037776295,0.5586967619863938
F06924,8,1.0,1.0,0.0,0.3730804667530695,0.6044361763588462,0.48625388137485825,0.10502502572741919,0.23135570960577667
F06925,24,0.5,0.75,0.0,-0.3728190011334554,0.3139831935705478,-0.11797256431448454,0.2511633806962124,0.6868021947040033
F06926,20,1.0,1.0,0.0,0.2827855587043021,0.7787222301180543,0.519225538809132,0.12253761998605696,0.4959366714137522
F06927,20,0.5,0.3,0.0,-0.4042955524550242,0.1673170907074991,-0.10922842173320911,0.12831809801801708,0.5716126431625232
F06928,20,1.0,0.5,0.0,0.1187969429228114,0.676869081193952,0.3445291195064569,0.19502342840879622,0.5580721382711405
F06929,24,0.5,0.5,0.0,-0.4902001709687397,0.1828706416122607,-0.15115969113420416,0.3475649749519968,0.6730708125810003
F06930,24,1.0,1.0,0.0,-0.9720384272831918,-0.2989676147021911,-0.5594824015032002,0.2219582815112446,0.6730708125810008
F06932,24,1.0,1.0,0.25,0.4797019565676615,1.2212479885734375,0.7619203120375191,0.08800065638308105,0.7415460320057761
F06933,24,1.0,0.75,0.25,-1.220257771919691,-0.3372369624875128,-0.690192706670571,0.2251206264373189,0.8830208094321782
F06934,24,1.0,1.0,0.25,-1.2376997475362073,-0.449283188275191,-0.7549368073726688,0.21210443976161458,0.7884165592610163
F06935,24,1.0,1.0,0.5,-1.343717260203233,-0.6706464476222319,-0.9843232714643497,0.15482693932989097,0.6730708125810011
F06939,24,1.0,0.5,0.0,0.019702791857102,0.6927736044381027,0.29086694305429855,0.30982469479091906,0.6730708125810007
F06943,20,1.0,0.5,0.0,-0.890715573632239,-0.2927946018061137,-0.6075887153733492,0.15261204039690066,0.5979209718261252
F06945,24,1.0,0.5,0.0,0.2332712695980184,0.8198543538011995,0.48853142925595666,0.1291177114738142,0.5865830842031812
F06946,12,0.5,0.16666666666666666,0.0,-0.1594211089737571,0.3617447501785968,0.12229741893521769,0.11106245923274344,0.5211658591523539
F06949,24,1.0,0.5,0.0,-0.7013652181933153,-0.0282944056123146,-0.27794114385357965,0.36111198166621045,0.6730708125810008
F06950,24,1.0,0.5,0.0,-0.7124240038397183,-0.0393531912587174,-0.40127226659497706,0.39684589236332446,0.6730708125810009
F06951,4,1.0,1.0,0.5,-1.3474779897218356,-0.880574241984528,-1.114026115853182,0.17560179329222877,0.4669037477373076
F06952,24,1.0,1.0,0.75,0.8679770525926773,1.8014125123652676,1.2803272177731304,0.1142300245776005,0.9334354597725902
F06953,20,1.0,1.0,0.0,0.4561524945535302,0.9619356146860042,0.6945226527735484,0.05571086800364699,0.5057831201324741
F06954,20,1.0,0.5,0.0,0.04950378401193,0.5689580270815804,0.3222487493559352,0.14523531918247284,0.5194542430696504
F06955,12,1.0,1.0,0.0,0.4498699940584664,0.8219332740571319,0.6416038661527714,0.03442804159952742,0.3720632799986655
F06956,8,0.5,0.0,0.0,-0.202179888020555,0.1718937568114846,0.005057743819525548,0.04492518040706888,0.37407364483203964
F06958,24,1.0,1.0,0.5,0.7546069382857551,1.4320127111744312,1.0047551641970625,0.032236057725098285,0.6774057728886761
F06960,20,1.0,1.0,0.5,-1.0609128908183112,-0.4394781057098694,-0.7863827213429337,0.24576126633569842,0.6214347851084419
F06962,24,0.5,0.5,0.0,-0.5058722185808835,0.167198594000117,-0.10477705287220905,0.21522758835418782,0.6730708125810005
F06964,20,1.0,1.0,0.0,0.2543890995668301,0.8444455002297447,0.5640635208308625,0.21884333310188622,0.5900564006629146
F06965,16,1.0,0.5,0.0,-0.586273110183271,-0.1632380602406292,-0.36976860549657237,0.21373974881988933,0.4230350499426418
F06967,4,1.0,0.0,0.0,-0.5751556644589132,-0.1902939228809139,-0.3827247936699135,0.16124362450417498,0.3848617415779993
F06968,20,1.0,0.5,0.0,0.2110079945692373,0.6931242207623323,0.4464513468154141,0.13660449844927688,0.48211622619309497
F06969,20,1.0,0.7,0.0,0.3282313933895793,0.8213948273524145,0.5873571593136885,0.11470017301507461,0.49316343396283524
F06973,24,1.0,1.0,0.0,0.2106732850060613,0.9694670998211004,0.5015155318805501,0.1280149114352122,0.758793814815039
F06974,20,0.5,0.5,0.0,-0.4654610411848706,0.1850781869143064,-0.14789233223388834,0.1984510352363743,0.650539228099177
F06975,24,0.5,1.0,0.0,-0.3844903135269225,0.288580499054078,0.026732822221466307,0.11411904921663833,0.6730708125810005
F06976,8,1.0,0.5,0.0,-0.6521202832561005,-0.1347052204687924,-0.38692269119206296,0.20693623791020385,0.5174150627873081
F06978,12,0.5,0.0,0.0,-0.040269313680626,0.3485330815953899,0.1341102223173487,0.08586232609233113,0.3888023952760159
F06979,24,0.5,0.25,0.0,-0.4322542883229408,0.260285419143917,-0.01394643462849679,0.12181622796968178,0.6925397074668578
F06980,20,1.0,1.0,1.0,-2.121362986168829,-1.2730701797574908,-1.6069882927921284,0.11690604513804803,0.848292806411338
F06981,16,1.0,1.0,0.875,-1.7747361005799374,-0.7552739161404999,-1.1613197040209355,0.15465887638762618,1.0194621844394374
F06982,20,1.0,1.0,1.0,-2.2461469997769585,-1.3686277704550374,-1.7336227577568248,0.11911031698289495,0.8775192293219212
F06985,24,1.0,0.5,0.0,0.0007822918131715,0.673853104394172,0.2761020365648602,0.22183020094078576,0.6730708125810005
F06986,4,1.0,1.0,1.0,-2.5563820893395683,-1.9238297854553117,-2.24010593739744,0.10017257504656864,0.6325523038842567
F06990,20,1.0,1.0,0.5,-1.2990828897129718,-0.6712575185459886,-1.0005787400133497,0.22228383681336633,0.6278253711669832
F06996,8,0.5,0.0,0.0,-0.3501304398639465,0.1261313354487765,-0.11075903060541649,0.1260488092243753,0.47626177531272296
F06997,20,0.7,0.5,0.0,-0.610131262122418,0.0211625384912725,-0.34829612081626543,0.3161553648980081,0.6312938006136904
F06999,20,0.5,0.3,0.0,-0.5254690283395786,0.2342555767119175,-0.05799286330501415,0.15037197888839074,0.7597246050514961
F07000,20,1.0,0.7,0.2,-1.184393610812242,-0.4521160943615576,-0.8660841315691131,0.24537429160433277,0.7322775164506843
F07002,8,1.0,0.5,0.5,0.685218528944988,1.0788944404406673,0.8773356831680279,0.01692222875612129,0.39367591149567926
F07010,24,1.0,1.0,0.5,-1.547014788330678,-0.8528660257742642,-1.1113857465194408,0.16963172640596594,0.6941487625564138
F07011,24,1.0,1.0,0.0,0.2857379315047963,0.968177242421773,0.5384029264302538,0.20884575377854742,0.6824393109169767
F07012,24,0.5,0.5,0.0,-0.2681972757144381,0.4511424841808355,0.002917943700167999,0.08728079947918112,0.7193397598952735
F07013,12,1.0,0.5,0.0,0.016393561168527,0.4376193730922904,0.22814823608513685,0.17289524971663983,0.4212258119237634
F07015,16,0.875,0.5,0.0,-0.7814133131180824,0.0165349236494358,-0.28002521112780376,0.24947515939346876,0.7979482367675181
F07017,12,0.3333333333333333,0.6666666666666666,0.0,-0.0074108889312911,0.6268577717954473,0.3526531659750327,0.2746973565553704,0.6342686607267384
F07019,24,1.0,0.5,0.0,0.074081306511053,0.7003248418722988,0.3387500293855681,0.23496583429410955,0.6262435353612458
F07020,24,1.0,1.0,1.0,1.5438999852832105,2.216123483775914,1.9517297914129603,0.019350748187987484,0.6722234984927036
F07021,20,1.0,1.0,1.0,1.5107119831130842,2.2468861168408822,1.927865018948086,0.026985572058998746,0.736174133727798
F07022,24,1.0,1.0,1.0,1.629901319177235,2.3029721317582363,1.9566797007758328,0.007269558851767086,0.6730708125810014
F07027,24,1.0,1.0,0.25,0.3397865539751201,1.0244364463602111,0.5935568396346349,0.06712534159785037,0.684649892385091
F07028,24,1.0,1.0,0.0,0.3163419600080339,0.9579787188078004,0.5905637713781704,0.09635097251037054,0.6416367587997664
F07029,12,0.5,0.0,0.0,-0.2694650349808921,0.3231364016212024,0.07412775534226707,0.047683663592939615,0.5926014366020944
F07032,8,0.75,0.0,0.0,-0.4030484819768077,0.0637719749789169,-0.2793766074076534,0.08895897054646003,0.4668204569557246
F07033,24,0.5,0.25,0.0,-0.2489554030319216,0.5092770867938337,0.05631164506495455,0.07349113147487606,0.7582324898257553
F07035,8,1.0,1.0,0.0,-0.6842692250044581,-0.4283118883632872,-0.5592950265838733,0.15782277943224557,0.2559573366411709
F07036,8,0.5,0.0,0.0,-0.1322614330965119,0.2523249263547421,0.055175226966481,0.014245694850244293,0.38458635945125397
F07039,24,0.5,0.5,0.0,-0.096471081981719,0.4636415583934362,0.15386045917825975,0.14165332781772047,0.5601126403751552
F07040,20,1.0,1.0,0.0,-0.9408576682461433,-0.3747447414192312,-0.6006643127281668,0.23578436697727975,0.566112926826912
F07041,16,1.0,1.0,0.5,0.6835833972367246,1.0603928355303052,0.8677383734010136,0.09827600212864664,0.3768094382935806
F07042,8,0.5,0.0,0.0,-0.0299975667534524,0.3571027813154007,0.15843703439711543,0.04565549410158133,0.3871003480688531
F07043,8,1.0,0.0,0.0,0.2299173618221838,0.6397448408631695,0.40745433238648476,0.04956904076836205,0.4098274790409857
F07045,4,1.0,0.5,0.0,-0.6002986873255675,-0.1843258910100136,-0.39231228916779054,0.274431413043349,0.41597279631555384
F07046,12,0.5,0.0,0.0,-0.3312405679805943,0.2841424726641025,0.04677887644253481,0.04967170508471533,0.6153830406446967
F07047,16,1.0,0.75,0.0,-0.7525756688293199,-0.3406174996259569,-0.5534151043468062,0.19973779242960743,0.41195816920336303
F07050,8,0.75,0.5,0.0,-0.3938475387062283,0.0271163557745049,-0.205353688347296,0.24709673706153498,0.4209638944807332
F07051,24,0.75,0.5,0.0,-0.0485017061629257,0.6992523785457566,0.2368206756583848,0.24109426802348902,0.7477540847086823
F07052,24,0.25,0.5,0.0,-0.0223516770620967,0.6507191355189039,0.31820492101314546,0.3661233046790793,0.6730708125810007
F07053,4,1.0,0.5,0.0,0.1809752748053076,0.4093293589720099,0.29515231688865873,0.07439195394091032,0.2283540841667023
F07054,20,0.5,0.3,0.0,-0.4946246272869918,0.1947768214573879,-0.11238248083335965,0.16831343923318354,0.6894014487443797
F07055,12,0.3333333333333333,0.4166666666666667,0.0,-0.0959928806374572,0.4653386114012723,0.2540946296149982,0.1239715947955802,0.5613314920387296
F07057,8,1.0,0.0,0.0,-0.4412512207443326,-0.183674536994221,-0.30889860533441843,0.14377116676871565,0.25757668375011156
F07058,20,1.0,1.0,0.0,0.3337202252461852,0.8878443696535003,0.6363252126306163,0.16015738593486722,0.5541241444073151
F07059,16,1.0,1.0,0.0,0.4557094232858489,0.8681225781562063,0.6655717348276697,0.07208452520319762,0.4124131548703574
F07060,12,1.0,0.5,0.0,0.3787770134973656,0.7644176374124237,0.567176173709439,0.07689010784074779,0.38564062391505816
F07063,12,1.0,0.5,0.0,0.0368602173493695,0.6777677202835182,0.4309270172359756,0.20734305738665318,0.6409075029341487
F07065,16,0.375,0.5,0.0,-0.1773948701968144,0.5061629172122912,0.27292610676126294,0.12940635428764813,0.6835577874091057
F07068,4,1.0,0.0,0.0,0.114440254165351,0.346767291682933,0.23060377292414203,0.045344546132418985,0.23232703751758202
F07070,16,1.0,1.0,0.0,0.4234496828623086,0.8763744600652308,0.6448441460006392,0.10280193651371172,0.4529247772029222
F07075,24,1.0,1.0,0.0,0.2455111822771218,0.8845758635294239,0.5088194814210701,0.13506133796000025,0.6390646812523021
F07080,12,1.0,0.6666666666666666,0.5,-1.2722891257547446,-0.7183244403342736,-1.0349553458143281,0.1712653102374072,0.5539646854204711
F07082,12,1.0,1.0,0.6666666666666666,0.8949362683397178,1.4838936811810852,1.2319576509236763,0.10784463888593109,0.5889574128413674
F07085,16,1.0,1.0,0.0,0.3992048394855935,0.8482344647017301,0.6185526507366879,0.11138866092480423,0.44902962521613665
F07086,24,1.0,1.0,0.0,0.135451429717439,0.8085222422984399,0.41450478409845837,0.1718346839477638,0.673070812581001
F07087,8,1.0,0.5,0.0,0.3261451608577137,0.7260927570630974,0.5261189589604055,0.1422185980513287,0.39994759620538367
F07090,12,0.5,0.0,0.0,-0.4815179752678816,0.2626411886427692,-0.04635829932897255,0.10040985322922016,0.7441591639106508
F07093,24,0.5,0.5,0.0,-0.4292635225914702,0.2972116612977301,-0.1545805911799007,0.2733846419852939,0.7264751838892003
F07103,8,0.5,0.0,0.0,-0.1346704246871089,0.3159153094639007,0.0815788471794955,0.06226480610362132,0.45058573415100955
F07104,8,0.5,0.0,0.0,-0.1930527131415493,0.1223074831890411,-0.035372614976254095,0.03459240120736022,0.31536019633059037
F07105,20,1.0,1.0,0.3,0.5034299382087137,1.1255021434548598,0.7548530392847146,0.08974659181139893,0.622072205246146
F07108,8,1.0,1.0,0.5,0.785785814461378,1.1639044375509688,0.9705131332236474,0.010691436032414731,0.3781186230895909
F07112,8,1.0,0.0,0.0,-0.3446816650114861,-0.0314459167998148,-0.18376724621547566,0.14983481655774866,0.3132357482116713
F07114,24,1.0,1.0,0.5,-1.2291373900200937,-0.5560665774390933,-0.8799111962476667,0.16648390307070424,0.6730708125810004
F07115,24,1.0,0.9583333333333334,0.25,-1.0212716518968523,-0.2885857019892809,-0.5663740164100358,0.2896177109481289,0.7326859499075714
F07117,8,1.0,0.375,0.0,0.2941899565003724,0.6446023362262607,0.4741124383637571,0.06618339634818385,0.35041237972588835
F07121,8,1.0,0.5,0.0,0.1486843273724334,0.4156907901390693,0.27920926780283817,0.10433685337367211,0.26700646276663587
F07125,20,1.0,1.0,0.0,0.3293271392144549,0.8881348509375621,0.5769809400224584,0.13082436989223314,0.5588077117231072
F07127,20,1.0,1.0,1.0,1.9711387212339524,2.578454598074584,2.2847708208375885,0.0045645821876794685,0.6073158768406315
F07130,20,1.0,0.5,0.0,-0.8917524223458985,-0.2106872101360643,-0.4808812638585767,0.2293105762929493,0.6810652122098342
F07131,24,1.0,0.5,0.0,0.0506842991524486,0.7237551117334493,0.41410087164775305,0.158104138318451,0.6730708125810008
F07132,20,1.0,0.7,0.2,-1.4419939362677765,-0.548330555307238,-1.0441909489465817,0.1649661604163079,0.8936633809605385
F07133,24,0.25,0.08333333333333333,0.0,-0.267130645699978,0.5857017756225469,0.24784022549431514,0.07975741574828778,0.8528324213225249
F07134,20,1.0,1.0,1.0,-3.2856766250791947,-1.978573687599004,-2.6308638721828124,0.16889669328151583,1.3071029374801906
F07136,24,1.0,0.75,0.0,0.2569929202075569,0.9300637327885576,0.624295000104965,0.17011431859793288,0.6730708125810008
F07138,8,1.0,1.0,0.5,-1.4705235151797638,-0.9235323421338568,-1.1930591893009783,0.10830804191574778,0.5469911730459069
F07139,8,0.5,0.0,0.0,-0.0448856044483223,0.38345361266632,0.16663724571274652,0.07766791358983906,0.4283392171146423
F07140,24,1.0,0.75,0.5,0.364408977129697,1.2837228525965996,0.9126205753961785,0.1531015037244949,0.9193138754669026
F07141,8,1.0,0.0,0.0,0.1917988100736511,1.0033025420519883,0.5556379498860147,0.06274079874774302,0.8115037319783373
F07142,12,1.0,1.0,1.0,-3.038229790519772,-2.39231117509164,-2.723045816142806,0.06679254853361785,0.645918615428132
F07144,24,1.0,0.5,0.0,-0.7811701670275343,-0.1920155394531018,-0.463287835975966,0.32737912678790276,0.5891546275744325
F07145,4,1.0,0.5,0.0,0.2631074424044449,0.8279679992259517,0.5455377208151982,0.13689938111671965,0.5648605568215068
F07149,20,1.0,1.0,0.0,0.4988840917026037,0.9398226762726486,0.7269144593681911,0.06123916523161481,0.44093858457004487
F07150,8,1.0,0.0,0.0,0.2667557183633112,0.5398403501592642,0.399859827243949,0.046981374390356274,0.27308463179595305
F07152,12,1.0,1.0,0.0,0.4628482333716485,0.8410894015472541,0.6326270329419802,0.059400223822570826,0.3782411681756056
F07154,20,0.5,0.25,0.0,-0.1513821439256267,0.4817785294163217,0.14924936191050925,0.07502041371620992,0.6331606733419484
F07155,24,1.0,1.0,0.0,0.2518139184624257,0.8760486034005617,0.5545053443706323,0.1385226135179142,0.6242346849381359
F07156,4,1.0,0.0,0.0,-0.4224750073039293,-0.0843054289086878,-0.2533902181063085,0.0737474416885159,0.3381695783952415
F07159,20,0.5,0.3,0.0,-0.1192507822660235,0.5048430839407636,0.13205478694187064,0.1075228920799809,0.6240938662067871
F07161,20,1.0,1.0,0.7,0.8721763449585291,1.5623440527859056,1.2760853418580251,0.09403874127890732,0.6901677078273765
F07162,20,1.0,0.5,0.0,-0.7606321312187868,-0.0990103507147515,-0.47858924201453595,0.2971003457484449,0.6616217805040353
F07163,20,1.0,1.0,0.0,0.3796666482288273,0.9517609740718134,0.6065260065368205,0.09122262438767025,0.572094325842986
F07164,20,1.0,0.5,0.0,0.1485668172861138,0.6702577150740933,0.3664698819962895,0.17052984255951906,0.5216908977879795
F07166,20,1.0,1.0,1.0,1.0143018717488423,1.5667789463345432,1.2585588618992987,0.020253325682319207,0.5524770745857008
F07170,24,1.0,0.5,0.0,-0.9803688525898524,-0.303290257027559,-0.553274894275675,0.2992764137447292,0.6770785955622933
F07176,24,1.0,0.75,0.0,0.1276548384994126,0.8377823735914741,0.5468552027570418,0.2825081039283644,0.7101275350920615
F07177,24,0.25,0.5,0.0,-0.1037005388093216,0.6808684487855216,0.3771386155211306,0.2932249056968417,0.7845689875948432
F07178,24,1.0,0.5,0.0,-0.6491696077907785,-0.0091321163538091,-0.2815522154227988,0.36278476322290554,0.6400374914369694
F07179,8,1.0,0.5,0.0,-0.5078651959419542,-0.0665536063724508,-0.28055333544750544,0.2411981398295763,0.44131158956950345
F07180,24,0.5,0.75,0.0,-0.4682650181416706,0.2494087791196429,-0.057100160474224546,0.16090249850930421,0.7176737972613135
F07181,12,1.0,0.6666666666666666,0.16666666666666666,0.4643324160869433,1.278422668560057,0.9541422510843012,0.11761965573320089,0.8140902524731137
F07182,4,1.0,0.0,0.0,-0.6174421208805521,-0.0507427241465832,-0.33409242251356763,0.12801543339302757,0.5666993967339689
F07184,8,1.0,0.5,0.0,-0.989321308119446,-0.3994881887916304,-0.6860620133148021,0.18033495920365486,0.5898331193278156
F07185,20,1.0,1.0,1.0,-1.7304399560993076,-1.0350019550553191,-1.292384699108044,0.15068502652496704,0.6954380010439885
F07186,20,1.0,1.0,0.0,0.4121075161326418,0.9965159852203848,0.7219237900676162,0.12222441053348528,0.5844084690877429
F07188,24,0.75,0.5,0.0,-0.7424473358560378,0.0396614019458154,-0.4399476274881419,0.3510613374328046,0.7821087378018532
F07189,24,0.75,0.5,0.0,-0.1653812338503386,0.6069671757276799,0.16766809393553694,0.16097528998290286,0.7723484095780184
F07193,24,0.75,0.5,0.0,-0.6721592976174875,0.0009115149635132,-0.3606791618232484,0.357905723716936,0.6730708125810007
F07194,24,0.75,0.375,0.0,-0.1456086388896527,0.6905886753142402,0.18393535767926295,0.15376106954099494,0.8361973142038929
F07199,12,1.0,0.8333333333333334,0.0,-0.9459353028093804,-0.4413703345970488,-0.6714765117870831,0.14332721345026125,0.5045649682123317
F07204,24,0.25,0.5,0.0,-0.0441524283647866,0.6748257536343287,0.40389132316780163,0.2801161350180242,0.7189781819991153
F07205,24,1.0,1.0,1.0,-2.1696297186580886,-1.3254529847596128,-1.6589866911758195,0.07595758988801878,0.8441767338984758
F07208,8,1.0,1.0,1.0,-1.7879340196872484,-1.091653514919045,-1.5292894037842473,0.1431917543108696,0.6962805047682035
F07209,8,1.0,1.0,0.0,0.4493340064517058,0.8069584259679774,0.6242489314032658,0.04438015227698451,0.3576244195162716
F07210,20,1.0,1.0,0.3,0.4327475259021542,1.002977340306626,0.6636774445408767,0.10026384683885328,0.5702298144044717
F07211,20,1.0,0.75,0.3,0.4214146335558721,1.1091942337141714,0.667097928253209,0.0974615739731097,0.6877796001582992
F07212,20,0.5,0.0,0.0,-0.1331202711521103,0.3638240987230224,0.13118554143962904,0.05588187539120953,0.4969443698751327
F07214,16,1.0,0.5,0.0,0.1348560250591297,0.5408409775418088,0.34466702141963707,0.1480367276331893,0.40598495248267913
F07215,8,1.0,0.75,0.0,0.5349014685670731,0.9856874628436508,0.7542808326684624,0.04738199907503774,0.45078599427657773
F07219,20,1.0,1.0,0.5,0.5693063813117137,1.179580115832613,0.8054982209491525,0.07351000492307076,0.6102737345208992
F07220,12,0.5,0.0,0.0,-0.1916899303241922,0.4720447845858539,0.1769799721625237,0.06897172412640634,0.6637347149100461
F07221,24,1.0,0.5,0.0,0.2271972853537287,0.9443689549395544,0.4972284596136109,0.14964716287966437,0.7171716695858257
F07222,20,0.5,0.3,0.0,-0.4603721111985552,0.1705594148408197,-0.12368627466216559,0.1662704246615885,0.6309315260393749
F07223,20,1.0,0.35,0.0,-0.6081037434201414,-0.1004751267467289,-0.36173708609586147,0.16645137184899253,0.5076286166734125
F07224,24,0.5,0.25,0.0,-0.0742247736149489,0.5988460389660517,0.2102456448884763,0.108582095663877,0.6730708125810007
F07225,20,1.0,1.0,0.5,0.7269160694444553,1.3035798620949657,1.0638416139109808,0.06510352119977013,0.5766637926505104
F07226,24,1.0,0.75,0.25,0.2755058632985027,1.051617299937897,0.5750069210851692,0.12800555740384711,0.7761114366393943
F07227,24,1.0,0.5,0.0,0.1445675897397216,0.9248200680823062,0.4461391683779833,0.16438151423286657,0.7802524783425846
F07228,8,1.0,0.625,0.0,0.4857855155587436,0.8575537434466851,0.6668239579948919,0.05916638567149041,0.3717682278879415
F07229,24,1.0,0.5,0.0,-0.75174544720163,-0.0786746346206292,-0.3528857624868953,0.4016081838356,0.6730708125810008
F07230,20,1.0,0.5,0.0,-0.939915101268548,-0.1048463492927287,-0.4178344416602664,0.26444604807129873,0.8350687519758193
F07232,8,1.0,0.75,0.0,-0.9224782017587566,-0.3357553529656967,-0.5744075759663885,0.18265929326921573,0.5867228487930599
F07233,8,1.0,1.0,1.0,1.0442146389309908,1.4120475071832863,1.2241846316082454,0.02328393896731215,0.36783286825229555
F07234,20,0.5,0.5,0.0,-0.2503232110068297,0.4191933259783923,0.13203501809940865,0.08625220721868382,0.6695165369852221
F07235,8,1.0,0.5,0.0,0.3852777226379975,0.8929613484727922,0.6311181542388954,0.13413328435760416,0.5076836258347948
F07238,8,0.5,0.0,0.0,-0.2279618770042088,0.340367334876792,0.07971273007369556,0.07167652516021668,0.5683292118810008
F07242,20,0.5,0.3,0.0,-0.2292240690375201,0.3400991583275153,0.02147937267691445,0.050663829922354166,0.5693232273650354
F07243,20,1.0,1.0,0.5,0.563217249065961,1.0780491100090133,0.8508730278030843,0.07869534719258214,0.5148318609430522
F07249,20,1.0,1.0,0.5,-1.3015046607041425,-0.5933235443193413,-0.9136391443482117,0.20667483970696549,0.7081811163848012
F07252,20,0.7,0.5,0.0,-0.6047500596110285,0.0312930659515162,-0.2742508452191264,0.28811788361737223,0.6360431255625446
F07254,12,0.8333333333333334,0.0,0.0,-0.0166084837400414,0.4242128791392555,0.1558874216057051,0.12395717632267755,0.4408213628792969
F07258,16,0.25,0.5,0.0,-0.0958784296346644,0.4706381496184592,0.20100861888624444,0.15841147679881623,0.5665165792531236
F07259,20,0.5,0.5,0.0,-0.4794247582408564,0.0533031421049146,-0.2026590629443705,0.2605977953710526,0.532727900345771
F07260,8,0.5,0.0,0.0,-0.3762574077179888,0.0801226779326945,-0.14806736489264716,0.07858998992057283,0.45638008565068333
F07263,4,0.5,0.0,0.0,-0.1563355662658171,0.3780766726719279,0.1108705532030554,0.023300182272699862,0.534412238937745
F07264,12,1.0,0.3333333333333333,0.0,-0.4905334264868528,-0.0483724229900991,-0.2595120038353501,0.18591974660812172,0.4421610034967537
F07265,20,1.0,1.0,0.5,0.7414777734469779,1.3994978257142856,0.9761252835947045,0.023272084765272892,0.6580200522673078
F07269,12,1.0,0.25,0.0,-0.6455901846252963,-0.2180700805317277,-0.4272753137155326,0.14953992520298304,0.42752010409356855
F07270,20,1.0,1.0,0.5,0.6137257314737431,1.1119400641107329,0.8750879156716712,0.09476806082863856,0.4982143326369898
F07271,20,0.3,0.2,0.0,-0.291668991523668,0.4298669474370946,0.1272796456688692,0.10990139855129287,0.7215359389607625
F07272,24,0.5,0.625,0.0,-0.4141508162994483,0.2589199962815523,-0.13462991174376615,0.251021917939105,0.6730708125810005
F07277,8,1.0,0.375,0.0,-1.1012179915086826,-0.5327458342891165,-0.7559577023369208,0.1473983386504246,0.5684721572195661
F07278,4,0.5,0.0,0.0,-0.5000114493802742,0.194599056121693,-0.15270619662929058,0.08744499824891287,0.6946105055019672
F07279,8,1.0,0.5,0.0,0.1563688969618973,0.6311834456945469,0.41743307119832956,0.12826224234801817,0.4748145487326496
F07280,8,1.0,0.0,0.0,-0.4851909321859211,-0.175778667633013,-0.33048479990946705,0.11626158430026325,0.30941226455290805
F07282,4,1.0,1.0,0.5,0.6172475152435767,1.0805468216653429,0.8488971684544597,0.08614439644051454,0.4632993064217662
F07286,20,1.0,1.0,1.0,-2.233513519877786,-1.500676227410417,-1.79900476131293,0.0886932764259651,0.732837292467369
F07288,20,0.5,0.8,0.0,-0.3680784524482155,0.3514898194267542,-0.07591916018608179,0.184644098724107,0.7195682718749697
F07290,24,1.0,0.5,0.0,0.1081819775677938,0.7812527901487943,0.3966875464630787,0.19386479986185845,0.6730708125810005
F07291,8,0.5,0.0,0.0,-0.1220226622031425,0.1896879916166255,0.029256410074483354,0.007931240827547653,0.31171065381976804
F07295,8,1.0,0.75,0.5,-1.4683978146911072,-0.831350943528467,-1.1419359988345652,0.15432973336654182,0.6370468711626402
F07296,8,1.0,0.0,0.0,-0.9793350280307916,-0.3257035300447319,-0.7394873037606878,0.13471975208491713,0.6536314979860598
F07297,24,1.0,1.0,0.75,0.994129945003067,1.5964099211014018,1.2468168882461268,0.026058629790756585,0.6022799760983348
F07298,24,0.5,0.5,0.0,-0.3075515962669202,0.3655192163140804,0.09291973780006069,0.06450773393545789,0.6730708125810005
F07299,24,1.0,1.0,0.5,-1.6455523843003068,-0.9414601697388396,-1.2049516164865424,0.20508321894750742,0.7040922145614672
F07300,12,1.0,1.0,1.0,1.164704032357548,1.6036386856228175,1.3777790481977754,0.010981205846501219,0.4389346532652696
F07301,24,1.0,1.0,0.5,0.7413119015365671,1.414382714117568,1.075978363478975,0.012950969210484662,0.6730708125810009
F07302,20,1.0,1.0,0.5,0.5298009495046602,1.0840902579068858,0.7971576894792348,0.05946798249347892,0.5542893084022257
F07303,24,1.0,0.75,0.0,0.1931788581005689,0.8662496706815691,0.48934303190943823,0.26607089855758365,0.6730708125810002
F07304,20,1.0,1.0,0.3,-1.1227334339272048,-0.4792354621653742,-0.7066219320603625,0.16554853944537715,0.6434979717618305
F07305,24,1.0,1.0,1.0,2.5848480671164515,3.2579188796974514,2.9915441128390627,0.0065026874632285155,0.6730708125809999
F07306,24,0.5,0.25,0.0,-0.2663311493151354,0.4067396632658651,0.0401944264885592,0.05845372189594785,0.6730708125810005
F07312,8,0.75,0.25,0.0,-0.6142320177547826,0.0345394931561466,-0.2670224757364075,0.20237193828616368,0.6487715109109292
F07316,24,1.0,1.0,0.25,0.4752555685630684,1.188262309674701,0.7432042785858541,0.1105620001438149,0.7130067411116325
F07320,4,1.0,1.0,1.0,-2.8800047796447235,-2.2673304362517053,-2.5736676079482144,0.10215742248428959,0.6126743433930182
F07321,16,1.0,1.0,0.875,-2.7187110814500643,-1.6436486623247348,-2.081322868032714,0.12485266696314526,1.0750624191253295
F07322,20,1.0,1.0,1.0,-3.0668909016488155,-2.147027941820668,-2.5096439107480304,0.12011849265319881,0.9198629598281474
F07324,4,1.0,1.0,1.0,-2.537475425152228,-1.8013178055823196,-2.1693966153672735,0.09516468343054373,0.7361576195699082
F07326,12,1.0,0.75,0.0,-1.9578783630588348,-0.8125939556800308,-1.3067976148984728,0.14730993312398713,1.145284407378804
F07327,24,1.0,1.0,0.5,0.567586788907222,1.2406576014882222,0.8400441809333843,0.01410172367757976,0.6730708125810002
F07328,8,1.0,0.5,0.0,0.0556574234184905,0.5335927296322291,0.2590766753149099,0.16773250794895386,0.47793530621373864
F07329,20,1.0,0.7,0.0,0.2083998505790872,0.7224371353383006,0.5040231568694054,0.18578607404576522,0.5140372847592134
F07332,24,1.0,1.0,1.0,-2.329131019139369,-1.617444665966311,-1.8847331820198097,0.011867130210016775,0.711686353173058
F07333,8,1.0,1.0,1.0,-1.8676120464627468,-1.2366585588365917,-1.5625803420236168,0.10495712225323081,0.6309534876261551
F07336,20,1.0,1.0,1.0,-4.308573611851422,-3.488725089345829,-3.975078946389257,0.001691991940259868,0.8198485225055929
F07338,8,0.5,0.0,0.0,-0.2696293412029678,0.2465432389456987,0.07664219667849612,0.047934972521637705,0.5161725801486665
F07339,24,1.0,0.75,0.0,-0.7828006676263392,-0.0419788365144032,-0.500944412603402,0.3735536617944878,0.740821831111936
F07340,24,1.0,0.75,0.0,-0.8147909591013759,-0.1041059434154787,-0.548003111791458,0.37111053286452367,0.7106850156858971
F07342,24,1.0,0.75,0.0,-0.9531883775829192,-0.2251323923269972,-0.6532969816665567,0.3174854704284359,0.728055985255922
F07344,24,0.25,0.5,0.0,-0.011429689347195,0.6286078020897742,0.3572497909119024,0.2575757513525928,0.6400374914369692
F07345,16,1.0,1.0,0.0,0.3655429447907106,0.7958433031969699,0.600804870466802,0.11896749732880538,0.43030035840625935
F07346,20,1.0,1.0,0.7,0.8823381036289664,1.462415319959204,1.2069714345787146,0.08002384613650862,0.5800772163302377
F07347,8,1.0,1.0,0.75,0.9364854236105,1.42510728962158,1.2012871860398362,0.0220573068517731,0.48862186601107993
F07348,24,0.5,0.5,0.0,-0.1557806983453497,0.5172901142356507,0.19186987445054585,0.14910013961021384,0.6730708125810004
F07350,24,0.5,0.9166666666666666,0.0,-0.2592692287678421,0.3649654561702941,0.06139569035552539,0.08724888811597278,0.6242346849381362
F07352,20,1.0,1.0,0.5,0.7834756517704994,1.318538478108043,1.038185320361516,0.044927505619153665,0.5350628263375435
F07353,12,0.3333333333333333,0.0,0.0,-0.0045317337121647,0.5630251926456986,0.297817359012006,0.09559320402574037,0.5675569263578634
F07354,20,0.7,0.5,0.0,-0.4664426909124807,0.1171232802940371,-0.22546326243265136,0.23831517806804411,0.5835659712065178
F07358,24,1.0,1.0,0.5,0.4627497665483955,1.135820579129396,0.7695984698772717,0.08577090594692661,0.6730708125810005
F07362,12,1.0,0.6666666666666666,0.5,-1.0924332440605375,-0.3999282146533903,-0.8022893733425615,0.20110131055827632,0.6925050294071473
F07364,12,1.0,0.5,0.0,0.050978965517553,0.4405783030360582,0.24116161712145345,0.1640215730430048,0.38959933751850523
F07367,16,0.5,0.5,0.0,-0.019340503577146,0.5349958388312401,0.21646025087497311,0.23507405590853264,0.5543363424083861
F07368,8,1.0,0.0,0.0,-0.4717343591995418,-0.1221755031736753,-0.29299268513842747,0.1029435602628124,0.3495588560258665
F07369,8,1.0,1.0,0.25,0.6476124619750944,1.0151589694552932,0.8267849234826323,0.025627929153116104,0.3675465074801988
F07371,16,1.0,1.0,1.0,1.4871894517209157,1.8963163996276329,1.684766035044749,0.009417976003168857,0.4091269479067172
F07372,24,0.75,0.5,0.0,-0.6434807984661097,0.0354182930245934,-0.37788044953675953,0.18264511226545552,0.6788990914907032
F07373,20,1.0,0.7,0.5,-1.1404996829516736,-0.400479422151691,-0.8494010529696333,0.2521920086315934,0.7400202607999826
F07374,24,1.0,1.0,0.25,0.349051058226166,1.1004457487295136,0.6361937429448092,0.1330319909415404,0.7513946905033476
F07375,24,0.5,0.5,0.0,-0.6610052918300622,0.0856682342528763,-0.19911386825556224,0.2990173062215694,0.7466735260829385
F07376,24,1.0,1.0,1.0,-2.7592449188957167,-1.6742923100258111,-2.1282139539277334,0.11059322975972538,1.0849526088699055
F07377,24,1.0,1.0,1.0,-2.953800833924636,-1.8661427223240636,-2.321417117591319,0.12173833214254393,1.0876581116005726
F07378,24,1.0,1.0,0.5,-1.7381599247549666,-0.8006394276595762,-1.1808450156742407,0.154073465062279,0.9375204970953904
F07379,24,1.0,1.0,0.5,0.6299812116475036,1.3030520242285042,1.0015582991421246,0.10013502127379421,0.6730708125810005
F07380,8,1.0,1.0,0.0,0.4805371372629094,0.8356252870315898,0.6535487074113081,0.04071504375097418,0.35508814976868036
F07381,24,0.5,0.5,0.0,-0.1006812369294998,0.5723895756515007,0.1700205980902495,0.1838201511308642,0.6730708125810005
F07382,24,0.5,0.75,0.0,-0.2931140662273941,0.3799567463536065,0.11864105804615031,0.12383061788889128,0.6730708125810005
F07383,12,1.0,0.5,0.0,-1.109401895351845,-0.26187440598613,-0.7757552343928187,0.23316333065776332,0.847527489365715
F07384,24,1.0,1.0,0.5,-1.4643484520544123,-0.7912776394734116,-1.1560105181122975,0.18223295677687057,0.6730708125810008
F07385,24,1.0,0.5,0.0,0.1544280198828925,0.8536421236130277,0.4154804112149294,0.22209204124323317,0.6992141037301352
F07388,4,0.5,0.0,0.0,-0.228467082277125,0.1019715571326452,-0.06324776257223991,0.08350439032487465,0.3304386394097702
F07391,24,1.0,0.5,0.0,0.0816351130237908,0.7547059256047914,0.4311064238874668,0.1813738302915529,0.6730708125810007
F07393,24,1.0,0.5,0.0,0.0407949989157447,0.7680823034826003,0.35784208316942584,0.20334675561427665,0.7272873045668556
F07394,24,1.0,1.0,0.25,0.3279017323664915,1.0009725449474924,0.5874836064280733,0.10961724417013413,0.673070812581001
F07395,8,1.0,0.0,0.0,-0.674691082336289,-0.0961353176598704,-0.35234964004065006,0.1345818297989411,0.5785557646764187
F07396,24,1.0,0.5,0.25,-1.1360492033726497,-0.0527614851127248,-0.5058506837096567,0.21347944504758498,1.083287718259925
F07402,8,1.0,0.625,0.0,0.3860491413374714,0.7029433611370564,0.5410815681757513,0.0389359638797767,0.31689421979958493
F07403,24,0.25,0.5,0.0,-0.0979262590923708,0.5751445534886299,0.2904641991776925,0.2120077866115827,0.6730708125810008
F07408,8,0.25,0.0,0.0,-0.0032899862784092,0.2989774749220323,0.14365054045781217,0.11979498273360896,0.3022674612004415
F07410,16,0.5,0.5,0.0,-0.049255294957494,0.4226136327330809,0.17059870103622166,0.17988196618939845,0.47186892769057487
F07411,20,1.0,0.5,0.0,0.040255126345816,0.5438007959188168,0.2553998456273764,0.15776289815895778,0.5035456695730008
F07413,8,0.5,0.0,0.0,-0.1394735223608658,0.2080829030372224,0.030064892584029196,0.01904787428228119,0.3475564253980882
F07421,16,1.0,0.5,0.0,-0.7297715957355786,-0.1986017738028769,-0.48253632181499617,0.20635004682626368,0.5311698219327017
F07423,20,1.0,1.0,0.5,0.8174447639043319,1.3890231320840691,1.1155137945533096,0.09290704681840825,0.5715783681797373
F07424,12,1.0,1.0,0.5,0.488590518430979,1.080376129655164,0.8279452879213238,0.1355924682743023,0.5917856112241849
F07427,24,1.0,1.0,0.25,0.3104449344110863,1.0204229412626926,0.5768792773038588,0.10062035693459907,0.7099780068516064
F07428,8,1.0,1.0,0.5,0.6983212910007816,1.0994062690263733,0.8941903503427266,0.02113370562678089,0.40108497802559173
F07429,24,1.0,1.0,0.0,0.2016378881894014,0.938063375580362,0.4812959713518511,0.12585760650159006,0.7364254873909606
F07430,20,0.7,0.2,0.0,-0.6664915152507859,0.1402934375553001,-0.3121277420068173,0.15962238427262732,0.806784952806086
F07436,16,1.0,0.5,0.0,0.3373407856416875,0.8521993885960796,0.5789807660476594,0.08952004720771657,0.514858602954392
F07439,4,1.0,0.0,0.0,0.2396357904280163,0.7189470686764879,0.4792914295522521,0.04012503085394793,0.47931127824847164
F07442,4,1.0,0.0,0.0,-1.3048925255700252,-0.5065275002225565,-0.9057100128962909,0.10543039360907851,0.7983650253474687
F07444,20,1.0,1.0,0.0,-0.98060711959602,-0.3120685971502043,-0.6663632536762226,0.23864227292590864,0.6685385224458157
F07445,24,1.0,1.0,0.25,-1.0271056109892185,-0.4028709260510822,-0.7203646604726572,0.23922713971346862,0.6242346849381363
F07446,16,1.0,0.5,0.0,0.004255100640153,0.4302209583942521,0.20976479383866053,0.21120231395970537,0.4259658577540991
F07447,20,1.0,1.0,0.5,0.6202037828941622,1.1781195229524195,0.8683596949184174,0.055324587548902175,0.5579157400582573
F07450,16,1.0,0.5,0.0,0.2078692193888139,0.6381302852216345,0.4083876616329856,0.17190133287449608,0.43026106583282064
F07451,8,0.75,0.0,0.0,-0.399037623805777,0.1047163618388626,-0.174199052019065,0.10071093934867106,0.5037539856446396
F07454,12,1.0,0.6666666666666666,0.0,0.3332598293041844,0.8257505529319005,0.6490754558556879,0.20297300606132834,0.49249072362771606
F07455,8,0.5,0.0,0.0,-0.6136518445473239,0.1451040162654614,-0.1270948406924111,0.09232414321838868,0.7587558608127853
F07456,24,1.0,0.75,0.0,0.2589104250319168,0.8851142832095585,0.6282363956029405,0.21071160437535774,0.6262038581776417
F07464,20,0.5,0.3,0.0,-0.4620364997397076,0.1955951740658754,-0.0403607952466995,0.13898615530091155,0.657631673805583
F07467,8,1.0,0.75,0.0,0.5242945097231841,0.883176134621367,0.7094954090769596,0.03369975878347845,0.35888162489818287
F07471,8,1.0,1.0,0.25,2.3738871169245224,2.8681839825775026,2.615798527351534,0.0437992040880179,0.49429686565298026
F07476,8,1.0,0.5,0.0,-0.5237979250898349,-0.0065942562950696,-0.24112996982618912,0.23476541811972895,0.5172036687947653
F07479,20,1.0,0.7,0.0,0.1898298310194525,0.8446272039610434,0.5677591992247082,0.25313688811396723,0.6547973729415909
F07480,24,0.5,0.5,0.0,-0.1737837391429516,0.5825275029334295,0.13233388193422385,0.13411660351423163,0.7563112420763811
F07483,24,0.5,0.9166666666666666,0.0,-0.1735582886377964,0.4730449819472299,0.07770534669370159,0.07189364678234915,0.6466032705850263
F07484,8,0.25,0.0,0.0,-0.0319840567023588,0.5639661936868539,0.28659019196522045,0.13003574514914282,0.5959502503892127
F07487,8,1.0,0.5,0.0,0.1996245758456522,0.5570316112308396,0.37410409673516654,0.08264042936089079,0.35740703538518737
F07492,24,0.75,0.5,0.0,-0.5772468979854153,0.1362697040807486,-0.309043257485364,0.3185300630329759,0.7135166020661639
F07493,8,1.0,1.0,0.5,0.7319086173199544,1.030219364868589,0.8857120004285162,0.04025099581673222,0.2983107475486345
F07495,20,1.0,1.0,0.3,-1.115401518289992,-0.4792409465256787,-0.7338787332075782,0.2133600276924883,0.6361605717643132
F07498,24,1.0,1.0,0.5,-1.274970131504474,-0.6507354465663384,-0.9272773609505283,0.19672017858560956,0.6242346849381355
F07499,24,1.0,1.0,0.5,-1.4257711155924586,-0.7620282976166025,-1.1423527514106384,0.22997399372889016,0.6637428179758561
F07500,20,1.0,0.5,0.0,0.0030220949282015,0.4738524924969717,0.237990258038135,0.262923981468111,0.4708303975687702
F07504,24,1.0,0.5,0.0,-0.8719527496807469,-0.2827981221063139,-0.6086443731056278,0.2939833778364919,0.589154627574433
F07506,8,1.0,0.0,0.0,-0.4636036387712876,-0.0449372696355176,-0.22861924871730477,0.1141828297212068,0.41866636913577
F07516,24,0.5,0.25,0.0,-0.2580286007778749,0.6365112162544493,0.1006866472052565,0.12526005400682308,0.8945398170323242
F07518,24,1.0,1.0,0.75,-2.469507425531635,-1.4151243054921103,-1.8537612049788414,0.11772556253231647,1.0543831200395246
F07521,24,1.0,1.0,0.75,-1.6034378666075426,-0.930367054026542,-1.3333629624769776,0.08006469299130681,0.6730708125810007
F07525,20,1.0,1.0,0.5,0.5807793784222101,1.2043435931248472,0.8618460556233574,0.13980255393990104,0.6235642147026371
F07527,24,1.0,0.5,0.0,0.1499789261093431,0.8230497386903437,0.551628689615693,0.2043737658869789,0.6730708125810005
F07528,24,1.0,1.0,0.5,0.6554634914529425,1.3285343040339432,0.909051220239219,0.01849049428967186,0.6730708125810008
F07530,24,1.0,1.0,0.25,0.327934090464095,1.0010049030450956,0.6505892973600825,0.13911148879336516,0.6730708125810005
F07531,4,1.0,0.5,0.0,0.1124469079910582,0.9892160314908192,0.5508314697409387,0.16616743151368427,0.876769123499761
F07532,24,0.75,0.5,0.0,-0.0091327254649997,0.736041983735364,0.2748999686021514,0.17152525500112395,0.7451747092003637
F07534,20,1.0,1.0,1.0,1.7403850085612271,2.305641107874864,2.0025164266896947,0.013870094012351706,0.5652560993136371
F07535,24,1.0,0.5,0.0,0.1513260947839493,0.7913635862209186,0.4533911890315858,0.19099108635393106,0.6400374914369693
F07536,24,0.5,0.2916666666666667,0.0,-0.1615557819960636,0.5498192917348605,0.10557709433636775,0.09330384651079336,0.7113750737309241
F07537,24,1.0,1.0,0.5,0.6816294868428262,1.3850805038006175,0.9448003347886911,0.08983127138719413,0.7034510169577913
F07540,20,1.0,0.5,0.0,-0.6463121070199962,-0.0007333396389814,-0.3565456853072145,0.2195085507152001,0.6455787673810148
F07543,24,0.5,0.4583333333333333,0.0,-0.4852211158346454,0.2718769490851351,-0.018117422841724393,0.1310283491692706,0.7570980649197805
F07544,12,1.0,0.5,0.0,-0.701880239647651,-0.2652121523497177,-0.47894151218895364,0.19001406269422763,0.4366680872979333
F07548,20,1.0,0.5,0.0,0.1604447606056711,0.680124002910983,0.4118427500477213,0.18136132517664957,0.5196792423053118
F07549,24,0.5,0.75,0.0,-0.3898484539928822,0.2832223585881183,-0.03963272121569644,0.16559572465570527,0.6730708125810005
F07552,16,1.0,1.0,0.0,0.3284350102621051,0.8333628187074149,0.5967713285393248,0.18844535231896217,0.5049278084453098
F07555,24,0.75,0.5,0.0,-0.8328296231210315,0.0147989565026906,-0.4975699938422011,0.26568711490367847,0.8476285796237221
F07556,12,0.3333333333333333,0.0,0.0,-0.1461638295091484,0.5016312650376785,0.24354777318375181,0.045964800785718525,0.6477950945468269
F07557,24,1.0,1.0,0.0,0.3193994571431962,0.9924702697241966,0.5981029428328823,0.18266621473070074,0.6730708125810004
F07559,24,1.0,0.75,0.0,0.2863179571426684,0.9920261036185756,0.5506173698475911,0.14827682557312263,0.7057081464759072
F07560,24,1.0,1.0,0.5,0.5789397992768132,1.252010611857814,0.8444853691004157,0.09951432153467721,0.6730708125810009
F07562,20,1.0,1.0,0.0,0.4380318747338946,0.9715762952217984,0.727251397443264,0.09546957536262868,0.5335444204879038
F07564,24,0.5,0.5,0.0,-0.4819426044324001,0.1911282081486003,-0.15819658356200839,0.265441059344394,0.6730708125810004
F07565,16,1.0,0.625,0.0,0.1222379105641962,0.918240013902267,0.6234494576022511,0.29005065401600855,0.7960021033380708
F07566,8,0.75,0.0,0.0,-0.59619644138957,0.3206694853480318,-0.22657050625166342,0.07180347844357132,0.9168659267376018
F07567,24,1.0,1.0,1.0,2.020354642064836,2.718071464583539,2.280658392791157,0.006271886006833945,0.6977168225187027
F07570,24,1.0,1.0,0.0,0.2116813017611005,0.9140506459621424,0.4743113133285908,0.1402044288991334,0.7023693442010419
F07571,24,1.0,1.0,0.5,0.6860118757517446,1.414522614462687,0.961712584574185,0.01805990767010474,0.7285107387109424
F07572,20,1.0,1.0,0.5,0.7303608580101465,1.4092075356488836,1.0184777986984965,0.06552860444664112,0.6788466776387371
F07573,24,1.0,1.0,0.5,-1.0664545673601715,-0.4102662433633373,-0.7906883643985437,0.28148275538392387,0.6561883239968342
F07574,12,1.0,0.5,0.0,0.4301353010516042,0.916662823355304,0.7161170285737408,0.06276697243318766,0.48652752230369983
F07575,8,1.0,0.5,0.0,-0.4727280015783387,-0.1136979013081684,-0.29727109889675735,0.20293264929594756,0.35903010027017035
F07576,24,0.5,1.0,0.0,-0.299251949835929,0.3738188627450715,0.0161304906639939,0.17429577738229712,0.6730708125810005
F07577,24,1.0,1.0,0.0,0.2957279284586817,0.8848825560331145,0.5902750936976494,0.11747102940595548,0.5891546275744328
F07578,20,0.3,0.5,0.0,-0.1037122014558151,0.41686450969806,0.2055114964500873,0.14990301332437747,0.520576711153875
F07579,8,1.0,0.5,0.0,-0.7587343099793713,-0.2471047528231177,-0.5270193973392588,0.1840256135892913,0.5116295571562536
F07580,24,1.0,1.0,0.75,0.9762099445023696,1.5653645720768026,1.274169507136065,0.00903974124118817,0.5891546275744329
F07581,12,1.0,0.5,0.16666666666666666,0.4393646041024929,1.04847480245035,0.7666545942664955,0.09587987620792589,0.6091101983478572
F07582,16,1.0,0.875,0.375,-1.1828153648585764,-0.3475851577992697,-0.6800753054940232,0.18926390639715798,0.8352302070593067
F07583,8,0.5,0.0,0.0,-0.1967212732927608,0.1158510091638623,-0.035838655660686454,0.059252479702458456,0.3125722824566231
F07585,16,1.0,1.0,1.0,-1.5479878212427187,-1.0273075643161167,-1.3283110582572886,0.13373229660847177,0.520680256926602
F07586,24,1.0,0.75,0.0,0.1698907515377598,0.8230720718263127,0.5606180083936347,0.22035257781840012,0.6531813202885529
F07591,4,0.5,0.0,0.0,-0.2182597998993689,0.3574229515348755,0.06958157581775332,0.03320163808058174,0.5756827514342444
F07596,20,1.0,1.0,0.0,0.3791802266233093,0.9598834081878096,0.6624535847993944,0.09751393660730062,0.5807031815645003
F07598,8,1.0,0.5,0.0,0.2515406455000563,0.5668892196383366,0.3938637786806348,0.055155415253454174,0.3153485741382803
F07599,24,1.0,0.625,0.0,0.1552225284505114,0.828293341031512,0.4231625483792739,0.1908532180846391,0.6730708125810005
F07601,20,1.0,0.5,0.0,0.1511670658005858,0.6922303121914225,0.36610970730903103,0.17254932190056205,0.5410632463908367
F07602,24,1.0,0.5,0.0,0.0449887437381667,0.7180595563191675,0.34751361579875084,0.2950056367802956,0.6730708125810008
F07603,20,1.0,1.0,1.0,1.4912903531036996,2.109633175693446,1.7922485769497443,0.040842092690729664,0.6183428225897465
F07604,24,0.25,0.5,0.0,-0.086391112016327,0.5863269409841596,0.2965644825136631,0.23962364250778184,0.6727180530004866
F07605,24,0.5,0.5416666666666666,0.0,-0.2335098684637897,0.4406776289175639,0.19213854075991782,0.16567146085639342,0.6741874973813536
F07606,20,0.5,0.5,0.0,-0.2775320060755314,0.4061884866212205,0.12160300871304935,0.1100375955455501,0.683720492696752
F07607,8,0.25,0.0,0.0,-0.1622641720587046,0.6873628050991656,0.29955839264120215,0.07115921631744615,0.8496269771578702
F07608,8,1.0,0.5,0.0,0.1177963122532292,0.4520725104498956,0.2805637967334686,0.10217026191264865,0.33427619819666643
F07611,24,1.0,0.6666666666666666,0.0,0.0544516782254613,0.7275224908064618,0.44075956319595255,0.2826889584162805,0.6730708125810005
F07612,24,1.0,0.5,0.0,0.0177232507499575,0.7156053184555912,0.455218945135805,0.2772846065071731,0.6978820677056337
F07613,4,0.5,0.0,0.0,-0.1178542636216525,0.1578287064921474,0.01998722143524745,0.005660071753147032,0.2756829701137999
F07614,12,0.5,0.5,0.0,-0.4566951687765437,0.1258321766216196,-0.10025001930073954,0.2436010966363885,0.5825273453981633
F07615,20,1.0,0.9,0.0,0.2803339793583722,0.7614342719035058,0.5347740146718153,0.15446711711745773,0.4811002925451336
F07616,12,1.0,0.5,0.0,-0.4941547145607302,-0.1255063897140446,-0.30557261382128587,0.17682194458432957,0.3686483248466856
F07617,20,1.0,0.5,0.0,0.2019853374716205,0.7335337792904241,0.4333154692897033,0.10540334331753291,0.5315484418188036
F07620,8,1.0,1.0,1.0,-1.4492196371266108,-1.001789284490035,-1.2197322102572463,0.09692634169711208,0.44743035263657593
F07621,20,1.0,0.5,0.0,0.0928590278831444,0.6730576119104906,0.41814623571844883,0.28596158594857174,0.5801985840273463
F07624,24,1.0,0.5,0.0,0.0709593301632967,0.8611342113031325,0.3774921102001839,0.1943352411398943,0.7901748811398358
F07625,16,1.0,1.0,0.5,0.5822096346232648,1.0750535113308992,0.8111245640567544,0.03524044666184213,0.4928438767076344
F07626,20,1.0,1.0,0.0,0.3961014846021214,0.959929058716668,0.7092926389628094,0.1492246839828187,0.5638275741145466
F07627,8,0.5,0.0,0.0,-0.1277383191448282,0.2343796811446503,0.06770874561201445,0.036111283900018595,0.3621180002894785
F07628,4,1.0,0.25,0.0,-0.4593736466236958,-0.0377976695714819,-0.24858565809758884,0.22908020074654997,0.4215759770522139
F07631,24,1.0,1.0,0.0,0.1750133387415224,0.848084151322523,0.4501812642750313,0.24332020543422228,0.6730708125810007
F07632,4,1.0,0.0,0.0,0.1191661104839818,0.485985534118677,0.3025758223013294,0.12937569059817075,0.3668194236346952
F07634,20,0.5,0.5,0.0,-0.165921353197347,0.4037136831434894,0.07696206495196724,0.04295774029727253,0.5696350363408363
F07635,24,1.0,0.5,0.0,0.0021536396330371,0.6752244522140378,0.4194613569339525,0.321185929114616,0.6730708125810008
F07637,24,1.0,0.5,0.0,-0.8211795641742944,-0.2201312189186913,-0.4928346912638795,0.2666982281394015,0.601048345255603
F07638,16,1.0,0.75,0.0,0.2858543062468456,0.780630851684756,0.5497822698012492,0.19238191454770048,0.4947765454379104
F07639,16,1.0,1.0,0.5,-1.420833991871575,-0.7940247784566264,-1.1213641340397884,0.1399970849775418,0.6268092134149487
F07640,24,0.5,0.3333333333333333,0.0,-0.402049768499279,0.2710210440817215,0.009685734285243205,0.1170550405120028,0.6730708125810005
F07641,24,0.5,0.75,0.0,-0.2134920672463387,0.4107426176917975,0.09581284857503601,0.08135229467723082,0.6242346849381362
F07644,24,0.5,0.6666666666666666,0.0,-0.2464189973878116,0.4266518151931889,0.0449127391713182,0.09762654595664569,0.6730708125810005
F07645,20,0.3,0.5,0.0,-0.0204758039509047,0.6780432894928506,0.38792442348821243,0.3139506494916537,0.6985190934437553
F07646,24,0.5,0.5,0.0,-0.059106737962242,0.6400610493423953,0.20192249515704594,0.18310193604558558,0.6991677873046372
F07647,24,1.0,0.5,0.0,0.1150084486125245,0.7880792611935251,0.37072328418507283,0.17384139823689979,0.6730708125810007
F07648,8,1.0,0.0,0.0,0.0920496449452858,0.4761998738281709,0.27932622261070816,0.10332999121700252,0.38415022888288514
F07650,24,0.5,0.25,0.0,-0.321588397256878,0.5317658230646168,0.016534052370838742,0.09201097924195319,0.8533542203214948
F07651,24,1.0,1.0,0.0,0.3061405714633778,0.9303752564015136,0.6332220112368506,0.15216720850136098,0.6242346849381358
F07653,24,1.0,1.0,0.25,-1.244659620307655,-0.4226286427883051,-0.7450894710149494,0.21916038410855868,0.82203097751935
F07665,20,1.0,1.0,0.5,0.6219295047928546,1.078854447830875,0.8429888708621004,0.03232401509405952,0.45692494303802045
F07668,8,1.0,0.875,0.5,0.5759148279750955,1.1907647837841682,0.9064873523328403,0.10987491825987383,0.6148499558090726
F07669,24,1.0,1.0,0.0,0.3216613546155133,0.909714058874436,0.643508407027588,0.15145071821773157,0.5880527042589228
F07671,16,1.0,0.5,0.0,0.1572961750694207,0.5634333699035301,0.36685301409518545,0.10095940641983833,0.40613719483410937
F07673,20,1.0,1.0,0.3,0.4568963982969546,1.027192213573427,0.6835433711996075,0.03987013871214766,0.5702958152764724
F07674,16,1.0,0.5,0.0,0.1663820692602124,0.779256991573949,0.5154474395890852,0.1619394425542104,0.6128749223137366
F07678,4,1.0,1.0,1.0,1.1281245589025768,1.3738415870577056,1.2509830729801412,0.015390268857222401,0.24571702815512886
F07680,8,0.5,0.0,0.0,-0.2778106971096943,0.322578009245986,0.0942783985739162,0.09255665807867974,0.6003887063556803
F07682,24,1.0,0.5,0.0,-0.9540216043011228,-0.2130137852282289,-0.4949630342316454,0.25228318766684654,0.7410078190728939
F07683,8,1.0,0.0,0.0,-0.4593840812912454,-0.0510803848375324,-0.2640799586885609,0.1728147500501451,0.408303696453713
F07684,24,1.0,1.0,0.5,-1.479165488410602,-0.5944393150183154,-0.948247741181428,0.1706819022026053,0.8847261733922867
F07685,24,1.0,1.0,0.5,-1.4189505811134988,-0.5450922368231552,-0.8934667484352963,0.20018992346091546,0.8738583442903436
F07686,24,1.0,1.0,0.5,-1.4426248978366816,-0.5735552483974581,-0.9195354125840394,0.1999850471422205,0.8690696494392235
F07687,24,1.0,1.0,0.5,-1.4646100160788624,-0.6106217023530677,-0.9490611986829346,0.20515249376150313,0.8539883137257948
F07688,24,0.75,0.25,0.0,-0.7186975473722343,0.1672433161794328,-0.18717245506336988,0.17673710262114622,0.8859408635516671
F07689,20,1.0,1.0,0.5,-1.4173462845320886,-0.6189394971996764,-0.9237803748799555,0.17856894861567565,0.7984067873324121
F07695,20,1.0,0.5,0.0,0.1062402680699521,0.6577285430327439,0.4117024661466154,0.194703823500926,0.5514882749627917
F07697,12,1.0,0.5,0.0,-0.8062479603662411,-0.3491400072146798,-0.5741917484934475,0.1830294605283773,0.45710795315156133
F07698,24,0.5,0.5,0.0,-0.0654622759878103,0.6165981947669873,0.1870132988565579,0.15129806575516377,0.6820604707547976
F07699,24,1.0,1.0,0.5,0.5199666228451182,1.0744565373124273,0.7809573906719867,0.12150247098145374,0.5544899144673091
F07702,24,0.25,0.5,0.0,-0.1567830152234596,0.5374399687087836,0.27888313727569275,0.29570323288406425,0.6942229839322432
F07703,24,1.0,1.0,0.0,0.2588162166159827,0.9318870291969832,0.661548855486934,0.2627796686144393,0.6730708125810005
F07705,16,1.0,1.0,0.5,0.5261032043348296,1.0573750875587649,0.8054806650923404,0.053762683929127954,0.5312718832239353
F07711,20,1.0,1.0,0.3,0.5143663419714398,1.0323372912313002,0.7425498585964969,0.029521686871720954,0.5179709492598604
F07715,20,0.5,0.3,0.0,-0.3854708940306131,0.2433318219069234,-0.03843520506549686,0.13197003022321094,0.6288027159375364
F07716,24,0.5,0.9583333333333334,0.0,-0.2583767730366181,0.4146940395443826,0.07070428672343049,0.10409543501487274,0.6730708125810008
F07717,24,0.5,0.5,0.0,-0.0615644550162401,0.6115063575647607,0.23013005961758148,0.2584472840963454,0.6730708125810008
F07718,20,0.5,0.6,0.0,-0.2590344485461812,0.2489899514971701,-0.020461992778596144,0.14061659482303207,0.5080244000433513
F07719,24,0.25,0.5,0.0,-0.0493217283356774,0.590715763101292,0.3227092294132445,0.28378218807801653,0.6400374914369694
F07721,20,1.0,0.5,0.0,0.1257967668737696,0.8117772571748862,0.40865050966212535,0.1474026522337069,0.6859804903011166
F07723,16,1.0,0.5,0.0,0.4758401606801146,0.8555919900820996,0.6598143162518812,0.04834899837087659,0.37975182940198504
F07724,8,1.0,0.125,0.0,0.1232328139147212,0.6226837675131727,0.3420395679755108,0.09699309815276491,0.4994509535984515
F07727,20,1.0,0.7,0.0,0.2966145944189339,0.882457319231271,0.6057516631614142,0.2233279691051225,0.5858427248123371
F07730,24,1.0,1.0,0.5,-1.4700407811581775,-0.7969699685771771,-1.16008027891666,0.04049679652139951,0.6730708125810004
F07734,20,1.0,1.0,0.5,0.4732384486548605,1.0327703402481496,0.8055048366774266,0.12339444018053373,0.5595318915932892
F07736,24,0.5,0.5,0.0,-0.4922084342023528,0.1808623783786477,-0.1730246474826386,0.1929160252503615,0.6730708125810004
F07739,8,1.0,1.0,0.0,0.5612848865882633,0.9586089925225316,0.7544891348288809,0.10474061106452466,0.39732410593426837
F07740,20,0.7,0.2,0.0,-0.4556046756849897,0.104328714855732,-0.18948271250546264,0.1688332441065519,0.5599333905407217
F07742,24,1.0,0.5,0.0,0.0137611926110385,0.6868320051920391,0.3995679217030737,0.3027551775077757,0.6730708125810007
F07743,24,0.5,0.625,0.0,-0.3190382339680437,0.4650997519906521,0.1615854195443349,0.17715124916490793,0.7841379859586959
F07744,24,1.0,1.0,0.0,0.2366875488119229,0.977114378812033,0.5183463032789472,0.10849298937770066,0.7404268300001101
F07746,24,1.0,0.75,0.0,0.3011664725531237,0.9742372851341244,0.6744663836537329,0.24220822403735429,0.6730708125810008
F07747,24,0.75,0.75,0.0,-0.7125905942337251,0.0093428476301193,-0.44017853383483346,0.39922646608946893,0.7219334418638443
F07750,20,1.0,0.5,0.0,0.1456706974630992,0.6679036637516016,0.38102467356991204,0.15813255845402954,0.5222329662885024
F07751,24,1.0,1.0,0.5,0.3706738856351852,1.0107113770721547,0.757760314950813,0.1658873818889293,0.6400374914369695
F07753,20,0.5,0.0,0.0,-0.3962770562820943,0.3116296942691151,0.047387270602187434,0.06036049770785532,0.7079067505512093
F07754,24,0.5,0.75,0.0,-0.3648081269431268,0.3082626856378737,0.020972408786230953,0.08571820209423285,0.6730708125810005
F07755,24,1.0,0.6666666666666666,0.0,0.123042321848092,0.7961131344290926,0.4423574946656039,0.24563097319575794,0.6730708125810005
F07756,16,1.0,1.0,0.5,0.8651401863871341,1.338097595209443,1.0967455947531424,0.04309748373247102,0.47295740882230886
F07757,24,0.75,0.5,0.0,-0.6945335129174929,0.1152518436189159,-0.2010861741162578,0.2416316514123448,0.8097853565364088
F07758,24,0.5,0.5,0.0,-0.4972909477983209,0.2105323133786218,-0.05482465667681885,0.1650078098938753,0.7078232611769427
F07759,24,1.0,0.5,0.25,-1.1063762643428583,-0.2053745183681199,-0.5673207308224586,0.23452722456020478,0.9010017459747384
F07762,24,1.0,1.0,0.5,-1.1569756461347116,-0.4839048335537114,-0.8741272608285164,0.22058335631077794,0.6730708125810002
F07764,8,1.0,1.0,0.0,0.5847435753321814,0.9472023148803788,0.736877294222831,0.017269639017394197,0.3624587395481974
F07767,8,1.0,0.5,0.0,0.3306300284118499,0.9246788547533472,0.63805012561075,0.13713799289525133,0.5940488263414974
F07768,20,1.0,0.95,0.2,0.3847895101869169,1.0773572807422624,0.7615670484374238,0.14266422400402362,0.6925677705553455
F07774,12,0.5,0.0,0.0,-0.1662973292013932,0.3549802930710109,0.05166792577467119,0.04628078643020568,0.5212776222724042
F07777,20,0.3,0.5,0.0,-0.1751545247726702,0.5793535352859768,0.2935127633992711,0.13585213671317756,0.754508060058647
F07779,16,1.0,1.0,0.0,0.4293751161864986,0.8988954890868509,0.6591440994408168,0.15331884829385867,0.4695203729003523
F07780,20,1.0,0.5,0.0,0.0674327319725257,0.5561742689018597,0.29943515022197276,0.3039680780586109,0.48874153692933403
F07781,24,0.5,0.5,0.0,-0.4888489201693614,0.1003057074050712,-0.19020374008109325,0.33180778015251383,0.5891546275744326
F07782,24,0.5,0.5,0.0,-0.1427621795105169,0.5495959864694778,0.15682033544973373,0.15836838540285286,0.6923581659799947
F07783,16,1.0,0.5,0.0,-0.4910687419949121,-0.0423562611125543,-0.2717174524287063,0.2851879276657545,0.44871248088235777
F07784,8,0.5,0.0,0.0,-0.2959494889473713,0.2048596175449575,-0.03504985861544979,0.0835865591351532,0.5008091064923288
F07785,8,0.25,0.375,0.0,-0.112425204154928,0.4212136127021392,0.21481081764690546,0.13396637081788446,0.5336388168570672
F07786,24,1.0,1.0,0.0,0.28239476100294,0.9224322524399096,0.5602120803849174,0.11766568889933442,0.6400374914369695
F07787,20,1.0,1.0,0.0,0.3495978002345591,0.8290176926155856,0.5878334773369727,0.18453958846468826,0.47941989238102645
F07788,20,1.0,1.0,0.5,1.0720043109870765,1.9395911310738525,1.4705466395126507,0.04683893606425929,0.867586820086776
F07789,24,1.0,1.0,0.25,0.2138344925907039,1.003234246390468,0.5199797089575554,0.11464630494022764,0.7893997537997641
F07790,20,1.0,0.5,0.0,0.0848626623630037,0.6107682462906061,0.3279584962414719,0.23362179278717413,0.5259055839276024
F07791,24,0.5,0.5,0.0,-0.3075686710317079,0.2507294009255721,-0.04343694897447424,0.16530762700826204,0.55829807195728
F07793,16,0.5,0.0,0.0,-0.2449029573612748,0.16484753334067,-0.0352396611675139,0.05433267150670492,0.4097504907019448
F07796,24,1.0,1.0,0.0,0.2326810968996393,0.8001870172163091,0.506078040266114,0.11939488524577517,0.5675059203166698
F07797,20,1.0,0.85,0.0,-0.8799452568417107,-0.2172849053573089,-0.5156002329964579,0.3054363575707958,0.6626603514844017
F07798,24,0.5,0.25,0.0,-0.2487260914221824,0.6719462966035369,0.12305544205764665,0.14763161547464485,0.9206723880257193
F07799,8,0.5,0.0,0.0,-0.2402281683889346,0.0823109802966472,-0.07493005587658244,0.10893331981833873,0.3225391486855818
F07800,20,1.0,0.5,0.0,0.0911904977194279,0.616928212195302,0.34253099935531883,0.17065690905913145,0.5257377144758741
F07801,16,0.5,0.0,0.0,-0.2043438060912629,0.2986461391071346,0.03073544738946904,0.03162878102500048,0.5029899451983975
F07802,20,1.0,0.5,0.0,0.1473940175834299,0.6947506176173414,0.38551164516748476,0.1443480340654509,0.5473566000339114
F07804,8,1.0,1.0,0.0,0.6441922391503198,0.9952398148460208,0.8046137126308244,0.06097198612269381,0.351047575695701
F07806,8,1.0,0.75,0.25,-1.3918177452523586,-0.723906398732125,-1.0497493642061644,0.14332020863542524,0.6679113465202335
F07811,16,0.75,0.0625,0.0,-0.1140176824294227,0.4874211903968943,0.16962406004654462,0.09791511802692995,0.601438872826317
F07812,24,0.5,0.5,0.0,-0.0838233788843671,0.6245682958213434,0.18181779793545755,0.22159593667020056,0.7083916747057105
F07813,8,1.0,0.5,0.0,0.2465463796239204,0.5671368568550228,0.4030162176896314,0.08812933635706018,0.3205904772311024
F07814,12,0.3333333333333333,0.5,0.0,-0.0110381559697778,0.4228927289251273,0.2294978542221022,0.1865427277506827,0.4339308848949051
F07815,24,0.5,0.25,0.0,-0.6654065248507104,0.1025144440234415,-0.1928913798806038,0.16933495492744474,0.7679209688741518
F07816,24,0.5,0.5,0.0,-0.4847185517319528,0.1883522608490477,-0.16902215317814695,0.19055650696580112,0.6730708125810004
F07817,20,1.0,0.7,0.5,-1.0717468294503971,-0.3908565115728268,-0.8061153816816238,0.3007345246664515,0.6808903178775703
F07818,20,1.0,0.5,0.0,-0.8517592440297079,-0.2181598938806652,-0.46949295963748705,0.3003965983105562,0.6335993501490427
F07819,24,1.0,1.0,0.5,-1.2409375974968024,-0.5270494253707014,-0.7954388509007211,0.1835738509518995,0.713888172126101
F07822,24,1.0,1.0,1.0,1.3726165463659656,2.0456873589469664,1.767483392349952,0.04874915386665551,0.6730708125810008
F07824,12,0.5,0.0,0.0,-0.3438642595485527,0.2985279674348073,0.03889632383448059,0.05170134821342711,0.64239222698336
F07826,24,0.5,0.5,0.0,-0.4053160276840206,0.3228196272668235,-0.1150973970246,0.26557221130326564,0.7281356549508441
F07830,16,1.0,0.5,0.0,0.2037381089040564,0.6545185341862421,0.4373618231893925,0.18947165141842479,0.45078042528218565
F07831,20,1.0,0.7,0.0,0.3324999072101406,0.886106807689051,0.6609167861944549,0.2206785774147072,0.5536069004789104
F07832,20,1.0,1.0,0.5,0.6469467327962176,1.2701856442009924,1.0011824975910697,0.1904926284350834,0.6232389114047748
F07833,16,0.5,0.5,0.0,-0.0385813954629233,0.4806503583023291,0.202677676026803,0.19410211090906265,0.5192317537652524
F07834,16,0.5,0.0,0.0,-0.2488548464034326,0.2395978366717652,0.012361350737469051,0.05696395298831777,0.48845268307519785
F07835,20,1.0,1.0,0.5,-1.1309948834804724,-0.563217862654309,-0.8957143281572045,0.20297653630775092,0.5677770208261634
F07836,20,1.0,1.0,0.0,0.3854287637608686,0.8258719686412131,0.6062641828444146,0.11699562281577369,0.44044320488034455
F07841,24,1.0,0.5,0.0,0.0249203120921978,0.6979911246731985,0.366415462595018,0.356171055263301,0.6730708125810007
F07842,12,1.0,1.0,0.3333333333333333,0.6714723238512063,1.207675672518026,0.9447296586389633,0.06312428327523845,0.5362033486668197
F07843,8,1.0,1.0,1.0,1.0546879265404148,1.536354036884885,1.3230226744164895,0.04451949198237901,0.48166611034447016
F07844,8,1.0,0.5,0.0,-0.7846467760064739,-0.3531600471672589,-0.5635426058774884,0.2555264995531866,0.431486728839215
F07845,20,1.0,1.0,0.0,0.1973740946264647,0.8886111103026815,0.46188179649636074,0.13769359031252526,0.6912370156762168
F07846,12,1.0,0.5,0.0,0.1616704519383959,0.5260175333978834,0.35007882402932716,0.09795414735254036,0.36434708145948747
F07847,20,0.3,0.0,0.0,-0.1338061340329483,0.5679262937238452,0.27612246988933686,0.07347388280175589,0.7017324277567935
F07848,8,0.25,0.0,0.0,-0.1143171879607308,0.3538614700774264,0.15975081242969374,0.05911037384050661,0.4681786580381572
F07849,20,1.0,1.0,1.0,1.083531215675917,1.5324819391271105,1.3003048635912506,0.01659646605708448,0.4489507234511936
F07850,12,0.5,0.5,0.0,-0.330126449619735,0.179540653840751,-0.08274488924079355,0.1408367499644433,0.5096671034604859
F07852,8,1.0,1.0,0.0,0.5531406247316967,0.9541253209760604,0.7469485565347995,0.0875306576066361,0.4009846962443637
F07853,20,0.5,0.5,0.0,-0.2515361831727501,0.3539048766441502,0.11079734828277205,0.10002905900028497,0.6054410598169003
F07855,8,1.0,0.0,0.0,-0.3040072680582333,-0.0167707195137572,-0.1641187608740226,0.12983881781791162,0.2872365485444761
F07857,16,1.0,1.0,0.0,0.348564337551245,0.7693997360718046,0.5542457694033458,0.12696798533191375,0.42083539852055957
F07858,8,0.5,0.0,0.0,-0.1046206892083852,0.4016484878439562,0.13612525819252197,0.06801772733382044,0.5062691770523414
F07864,24,1.0,0.5833333333333334,0.0,0.0984505282348065,0.7715213408158073,0.4976651831272464,0.2802698282839575,0.6730708125810008
F07865,8,1.0,0.0,0.0,-0.6881411191096797,-0.3944483103193846,-0.5450575410133717,0.10788565782820585,0.2936928087902951
F07866,16,1.0,1.0,0.0,0.4175616509251268,0.8363513019488116,0.6281103611727956,0.06501648146212892,0.41878965102368476
F07867,16,1.0,1.0,0.5,-1.2001933412490364,-0.7515276855158924,-0.9711794708674809,0.1469579333769803,0.448665655733144
F07871,12,0.8333333333333334,0.0,0.0,-0.5934462779314569,0.1518454877950142,-0.18858317806676175,0.15675865527817953,0.745291765726471
F07876,20,1.0,1.0,0.5,0.5733934782939212,1.1238994734296812,0.8603012131323402,0.09903438960194959,0.55050599513576
F07877,12,1.0,0.5,0.0,-0.648370314953861,-0.1222614748120494,-0.3652361806663329,0.20529478319571712,0.5261088401418116
F07883,20,1.0,1.0,0.0,0.2983870463716413,0.8705243285718306,0.5451631802443841,0.1362835283324498,0.5721372822001893
F07886,16,1.0,0.5,0.0,0.034943530845137,0.6835171071678819,0.40878510795218637,0.20269996746244742,0.6485735763227449
F07887,20,1.0,1.0,0.5,1.6546128636916997,2.403372243557255,1.9386727412667883,0.04836908046368505,0.7487593798655552
F07889,4,1.0,0.5,0.5,-1.7056573936299615,-0.9151537271303232,-1.3104055603801423,0.17889600080263085,0.7905036664996383
F07892,24,0.25,0.5,0.0,-0.0207188392446358,0.6523519733363647,0.2721035820997728,0.28979404882713233,0.6730708125810005
F07893,24,1.0,1.0,0.0,0.2547678721671607,0.9278386847481612,0.5864304569316061,0.1337846237099308,0.6730708125810005
F07895,20,1.0,1.0,1.0,1.1163087359273596,1.6660072642455095,1.3376863088171982,0.02125912596932952,0.5496985283181499
F07897,20,0.5,0.5,0.0,-0.413575557514042,0.1937403193265889,-0.07024669499833061,0.19587027011928324,0.6073158768406309
F07898,12,1.0,1.0,0.0,0.5378521003648508,0.894685827238755,0.7383180536423077,0.03990163142409631,0.35683372687390424
F07900,20,0.5,0.2,0.0,-0.2812575519818354,0.1945836007180152,-0.03593387018214561,0.11210237547391458,0.4758411526998506
F07901,8,1.0,0.0,0.0,0.2207797779527913,0.5324789890209262,0.40826961757695746,0.045688827807557134,0.31169921106813486
F07902,24,1.0,0.75,0.0,0.1515276629391147,0.8885404834517471,0.43147941266240014,0.16044180786363624,0.7370128205126324
F07903,24,1.0,0.5,0.0,0.0463342202901538,0.8144971353118045,0.3418610172679484,0.21316299022801932,0.7681629150216507
F07904,16,1.0,0.875,0.0,0.2940646476662331,0.733014466434969,0.5203303535371138,0.10510566191339932,0.43894981876873596
F07905,24,1.0,1.0,0.25,0.4119244029902287,1.0193691911868594,0.7536781795321961,0.13594772001085223,0.6074447881966307
F07906,8,1.0,1.0,0.5,0.7953643474861576,1.1929394680755372,0.989204153706468,0.04407039155975677,0.3975751205893796
F07908,16,1.0,0.0,0.0,-0.4885473656590777,-0.0633267945526155,-0.2707911251730657,0.17100167679644007,0.42522057110646216
F07909,24,1.0,1.0,0.25,0.3618849494051652,1.0392420558066318,0.6120088420728678,0.06652776002459647,0.6773571064014665
F07910,8,1.0,0.5,0.0,0.2011298602554266,0.6388300296180958,0.39903469765819893,0.1263136884530435,0.4377001693626692
F07911,24,1.0,1.0,0.5,0.6749450608360001,1.3480158734170011,0.9271562654398602,0.019089036556571643,0.673070812581001
F07912,24,1.0,0.5,0.0,0.022940333328258,0.6960111459092587,0.35354190869582414,0.24755423137804072,0.6730708125810008
F07920,12,1.0,1.0,0.0,0.4415309500586395,0.8952123195842564,0.6489012481994701,0.0416326572276138,0.4536813695256169
F07921,12,1.0,0.5,0.0,0.1222487316116211,0.5536298826080569,0.34846439822936315,0.11374203555300443,0.4313811509964358
F07922,24,1.0,1.0,0.25,0.3364441765791073,1.0095149891601083,0.6037324520353862,0.1373287363551973,0.673070812581001
F07923,12,1.0,1.0,0.0,0.431140225669688,0.8538961883814196,0.6378263787591176,0.07282095112185229,0.42275596271173155
F07925,16,0.375,0.4375,0.0,-0.0876906772029581,0.5376208054804621,0.31735269835983493,0.12364493278647934,0.6253114826834202
F07927,16,1.0,0.5,0.0,0.0893106219949204,0.5314758541703841,0.3174014603143033,0.19362369564351448,0.4421652321754637
F07930,8,1.0,1.0,0.0,0.4640749145588209,0.8299528546198318,0.6426040804270874,0.05857888345185382,0.36587794006101093
F07931,16,1.0,1.0,0.5,0.8354946143094386,1.282331871658451,1.0527226172027753,0.03925286066769745,0.4468372573490125
F07932,24,1.0,0.5,0.0,0.0659233747262311,0.7966422768478499,0.3427281652540099,0.23943684618341446,0.7307189021216188
F07933,24,0.5,0.9583333333333334,0.0,-0.3129099466248017,0.3601608659561988,0.030820964863406505,0.09409214583942702,0.6730708125810005
F07934,24,0.25,0.5,0.0,-0.1830523256385761,0.5187915625791707,0.25642427900332787,0.25577278311356455,0.7018438882177468
F07935,24,1.0,1.0,0.5,0.4718825294051093,1.14495334198611,0.7710217270133024,0.02242633279427779,0.6730708125810008
F07936,24,1.0,1.0,0.25,0.4023500507160445,1.19392065227226,0.7095806909611218,0.06494325928302312,0.7915706015562156
F07937,24,1.0,1.0,0.25,0.3630650912408469,1.140335411939743,0.6631455910572644,0.13696521249051713,0.7772703206988962
F07938,8,1.0,0.0,0.0,0.0252109393125772,0.4485132136691503,0.2072179546748601,0.11337085212306318,0.42330227435657314
F07949,12,1.0,0.5,0.0,0.1051311026142456,0.5208434950039712,0.3350469138118092,0.13502872968752766,0.41571239238972557
F07952,8,0.75,0.125,0.0,-0.5632416709934686,0.0119371363039986,-0.17951139954448506,0.18134838145753795,0.5751788072974672
F07953,20,1.0,0.5,0.0,0.2924605698024926,0.778616205488327,0.5351661083789251,0.07633551103633791,0.4861556356858344
F07955,8,1.0,0.5,0.0,0.103971791341663,0.4828789891644831,0.28895431307784386,0.11686156900081607,0.37890719782282006
F07957,16,1.0,0.5,0.0,0.1195075528761947,0.5890538885512723,0.3617197202930703,0.15264137351530685,0.4695463356750776
F07958,24,1.0,1.0,0.5,0.5962089447912445,1.1754130838298908,0.9249495575328613,0.02391673836289407,0.5792041390386463
F07962,12,1.0,0.4166666666666667,0.0,-0.450422495835299,-0.0065083033406299,-0.22239409508685187,0.2070653784198024,0.44391419249466907
F07964,8,1.0,0.5,0.0,-0.7881745657677005,-0.3289509335032182,-0.5520998863334304,0.1596317933900956,0.4592236322644823
F07966,4,1.0,0.0,0.0,0.3409660141112606,0.6515461953881734,0.496256104749717,0.023363282498071264,0.3105801812769128
F07967,8,0.5,0.0,0.0,-0.2669919206414046,0.1776622828133167,-0.0373140928050615,0.060450295750406335,0.4446542034547213
F07978,8,1.0,0.0,0.0,0.1500647734217624,0.5126480545954754,0.35689197763430525,0.06324410591513711,0.36258328117371297
F07980,16,0.5,0.0,0.0,-0.3654634795440457,0.0558549279227945,-0.14782527217231592,0.13810897796793642,0.4213184074668402
F07983,4,1.0,0.0,0.0,-0.7908393598273591,-0.1109299291367744,-0.4508846444820667,0.1430842603060951,0.6799094306905847
F07990,20,1.0,1.0,0.5,0.822931750791894,1.3039394738069512,1.0724935645481164,0.020832258628972096,0.48100772301505723
F07996,8,1.0,0.75,0.0,0.4043469983151082,0.825020244653729,0.6424146041938854,0.06950411978039384,0.42067324633862085
F08000,20,1.0,0.7,0.2,-1.093626350138246,-0.3886073790876697,-0.7826080586540576,0.2085366099805072,0.7050189710505763
F08002,24,1.0,0.9166666666666666,0.0,0.1884449378020968,0.6844064293170361,0.43035255401581496,0.18605845669556914,0.4959614915149393
F08015,16,1.0,1.0,0.0,0.2637787224732902,0.7367701608177482,0.4951421684913845,0.12096197777276821,0.47299143834445795
F08037,12,0.3333333333333333,0.3333333333333333,0.16666666666666666,-0.2118769967680821,1.172894041601003,0.3525083233463396,0.3755773595052607,1.384771038369085
F08040,8,0.5,0.0,0.0,-0.3412157614044246,0.0179866016253236,-0.15704674082690734,0.12632776332973336,0.35920236302974823
F08044,4,1.0,0.5,0.0,-0.6271013595616953,-0.1175907022977408,-0.3723460309297181,0.33567171247943994,0.5095106572639545
F08062,20,0.3,0.5,0.0,-0.1183880428419942,0.5984774812243225,0.3198124858187487,0.13702834834993885,0.7168655240663168
F08063,20,1.0,0.5,0.0,0.1187325226509518,0.6780371662608472,0.3653174441925104,0.19184356090602325,0.5593046436098954
F08068,20,0.5,0.5,0.0,-0.1430209647736909,0.4112683436285347,0.12563365736078536,0.11046160092314533,0.5542893084022256
F08070,24,1.0,1.0,0.5,0.6619871162724549,1.3350579288534554,1.0757780841037714,0.1289370673734131,0.6730708125810005
F08071,8,0.5,0.0,0.0,-0.2116942474076254,0.2761734273857066,0.05590764219344185,0.04304644465904972,0.48786767479333204
