,P1N,P1T,P2N,P2T,P3N,P3T,P4N,P4T,P5N,P5T,P6N,P6T,P7N,P7T,P8N,P8T,P9N,P9T,P10N,P10T,P11N,P11T,P12N,P12T,P13N,P13T,P14N,P14T,P15N,P15T,P16N,P16T,P17N,P17T,P18N,P18T,P19N,P19T,P20N,P20T,P21N,P21T,P22N,P22T,P23N,P23T,P24N,P24T,P25N,P25T,P26N,P26T,P27N,P27T,P28N,P28T,P29N,P29T,P30N,P30T,P31N,P31T,P32N,P32T,P33N,P33T,P34N,P34T,P35N,P35T,P36N,P36T,P37N,P37T,P38N,P38T,P39N,P39T,P40N,P40T,P41N,P41T,P42N,P42T
P1N,1.0,0.9065043252033247,0.3842163046919014,0.7824406733469064,0.6182239287009386,0.7844608052002288,0.6808361942542055,0.7162720711501896,0.5817647622333427,0.7986182660914413,0.6584773357071043,0.7950261638768357,0.6512078861703042,0.7694958331832177,0.6657185206709949,0.7969282122885621,0.7121951326047202,0.7687749336599554,0.6417840890848221,0.7998536086020517,0.5542655009339128,0.770140206883491,0.6926819799587346,0.7595958383868175,0.6451804873473928,0.7868409191719242,0.5984441395323037,0.78451801739662,0.6667421196348486,0.7678469258313179,0.6852606295225996,0.7804266771236835,0.6989061862373671,0.7570890336533466,0.4986749239697197,0.7465411127822285,0.4400196726118605,0.7325301494332402,0.5934869618609072,0.7606460721534606,0.4388694459554397,0.7274751290855779,0.7563745845731981,0.7112712008277803,0.4274036923286863,0.7916745224135634,0.6034113860075172,0.7139626220255927,0.5809594318069756,0.5814024159789634,0.6400974989287657,0.6583521235886339,0.6333408207163104,0.7553175579729818,0.5920613906989072,0.7622596095686618,0.6223944208932584,0.7862156102340501,0.6892762336188789,0.7641336999809455,0.34742760320076044,0.7390367223209532,0.7766560175507309,0.7690548630614931,0.6451439311038981,0.735375101337336,0.6669145220723741,0.760360809485804,0.6293352691023183,0.7368504581901679,0.6169980792472218,0.6927810678565819,0.5946958610150179,0.7848983797358927,0.6985543256401596,0.6862724453009384,0.609202686593665,0.7539630295997989,0.5817522312961457,0.7673262815423899,0.6016005623348623,0.7477073068815426,0.4128390663046715,0.7519686684487312
P1T,0.9065043252033247,1.0,0.40980006502473404,0.7256688949367822,0.7181071453322844,0.7530347453563396,0.6831836832275763,0.6639306679160596,0.6207506948403567,0.7258001801653903,0.6418719295623095,0.7036699933056583,0.7248614035656425,0.7196829838340588,0.6766457129303627,0.7078469562920887,0.719152876878822,0.7786149416995051,0.724699564758142,0.7385041986940417,0.5531334549913464,0.6957768174161567,0.7704943825431934,0.70895963859199,0.721921998018291,0.7336845907578798,0.6185150179385631,0.7476867709177959,0.7358888455123881,0.7083794641948457,0.7709352711693582,0.7073407224565216,0.6854094981912029,0.678920512128651,0.5189241048639648,0.6527189391246679,0.4607741852717986,0.7181829706200632,0.5991380477986656,0.6682444928000529,0.4178858942947813,0.711532515566588,0.717305721983054,0.6269567998604598,0.42061871474038365,0.7040946691870644,0.6533521537275554,0.6222652540694814,0.5943181270921265,0.5165999901094495,0.7284185343595259,0.6712286048511847,0.6840525199384416,0.658271783005021,0.6053505465007765,0.7297007341532169,0.6611464040031304,0.7417581262762568,0.7241748316406894,0.6808662649127002,0.3430014495148547,0.7118133099008174,0.7510841878874027,0.7114148915853077,0.6566839872517636,0.7310711984028809,0.753605263820123,0.7220854564132064,0.6118315200292886,0.647898092436983,0.6199250557674649,0.6368006588471675,0.5837499317695126,0.7206180683373721,0.7731418377026619,0.6549122171050417,0.5983794266459457,0.74366258389487,0.5760228175119152,0.7262789264238272,0.6450745231863955,0.7195387562579794,0.4103276775724043,0.7122465195537917
P2N,0.3842163046919014,0.40980006502473404,1.0,0.4235951197940639,0.39536979235747155,0.3851406009270805,0.6672451476783949,0.39606172189736893,0.7524662569769677,0.38235534080480393,0.5279969394670574,0.3704776260722454,0.6469824923942474,0.42297396274540017,0.6763801926866926,0.4177288526762454,0.496644793175576,0.3834070888929904,0.4552123157275291,0.37064887848243017,0.7738708419053048,0.5020627196137634,0.6101600394706472,0.436677818329832,0.5020745563519616,0.38733135035022725,0.7304174797303905,0.45865622511583204,0.5408289023673023,0.38938189913197885,0.49229426509400503,0.5900808774215168,0.4787530023089597,0.46282794914318737,0.828320998976199,0.4021251427038772,0.7980160823271478,0.3861170177430754,0.5762553991181283,0.3852050837632167,0.7189438632182484,0.4473046390904879,0.41790532736106223,0.45507113927109244,0.5953164176056388,0.3862646618307522,0.5444952487231159,0.49112022182149784,0.8093063813605081,0.48298117858821765,0.6047662061250503,0.39646071477938416,0.6935127783227463,0.3883522130482453,0.5670706974523476,0.34756947131091054,0.5258480319262532,0.3735571473534338,0.5210150764851238,0.35689508711924933,0.7200168551152235,0.36142103794219504,0.40951199512418435,0.4094619329942944,0.581123430488486,0.41240261788466925,0.6378265606431865,0.374593659890989,0.5030388635109128,0.4394670352217977,0.5406729358333227,0.4502795296463212,0.7563346037702697,0.3678383622586346,0.5901423104491668,0.43044242834661245,0.5533127627367727,0.37701743865801857,0.541889072374905,0.47172766447472225,0.75890113767715,0.36952493864526015,0.822308385817428,0.3594749602743286
P2T,0.7824406733469064,0.7256688949367822,0.4235951197940639,1.0,0.7254005302572555,0.9050993623899087,0.7398281081522073,0.8167359584915043,0.6535857043751909,0.8886531443809979,0.7558138447253919,0.864351944105004,0.7493394973159752,0.8743115658610487,0.7182620949359957,0.8344852740725232,0.7867620091272953,0.8401657125357552,0.747638707736367,0.8959959638520248,0.6046733841734194,0.8763382729445764,0.7710996331506861,0.8821511656976558,0.7320550934031245,0.8479242065046712,0.6534988467383207,0.8837507059747682,0.7350002374612011,0.8921009479829001,0.7608836035584251,0.7910651357769759,0.7919582413188021,0.8615855780222338,0.5013390711044935,0.8375164692597967,0.4545378717515279,0.8698683080451598,0.6888655230568538,0.805624942721155,0.49607360738121875,0.8639496275499542,0.760367607945454,0.8608825993080141,0.505011167736729,0.8473685496592038,0.7223772025872864,0.8388188778340215,0.6037972431471195,0.7078680638688291,0.7315013606453237,0.8255660376109295,0.7013511095777877,0.8489460348661366,0.7022683298619053,0.8688886374046731,0.7438670054539833,0.8748978964635088,0.7624593416206689,0.8867167038399049,0.4407367591258663,0.8549655124563587,0.8859918820817566,0.8850790170910471,0.7368901241106905,0.848636142098919,0.7118655939180243,0.8759356327269843,0.6657784589258304,0.8573172446020995,0.6894456334327166,0.8541922892349013,0.6589495420666346,0.8135502717860361,0.7684592776769764,0.8502395450218352,0.6716436255067739,0.8297244715952481,0.7011333448637831,0.8727053969607439,0.6691195989121964,0.8409068879180445,0.4776750637915167,0.8378651679013317
P3N,0.6182239287009386,0.7181071453322844,0.39536979235747155,0.7254005302572555,1.0,0.7856083475104975,0.7115360004904367,0.6941637154236128,0.6565498988964389,0.685884453389342,0.6974338618310988,0.6651966286238826,0.8251572580110436,0.7226317705845062,0.7050191931928301,0.6300068512506739,0.784407717231793,0.8205794030093974,0.8728874573757438,0.7302808984474287,0.5568175007030564,0.6933850000910304,0.8442588822835777,0.7182274945216771,0.8498725949409837,0.7491663353691302,0.6269168116820937,0.7494235587432896,0.8157007658992034,0.7222562736039352,0.877270889587459,0.6382590660255051,0.7890300144873106,0.6997802141712747,0.4916552613781784,0.6731610234395591,0.43916357536227507,0.7861757283801969,0.6816315081423998,0.6712980737108686,0.41675040631091076,0.7921170073113146,0.6815062557110696,0.6737372722026245,0.449697313079542,0.6847136697599513,0.7876023623170549,0.6695843881656808,0.5865284850885997,0.5742640711723626,0.8346742590889192,0.8033849185313765,0.7230158708408546,0.6483031104399893,0.7061188648152371,0.7707302913679609,0.8055908531050202,0.7705891375618431,0.7926291558843006,0.7009058603156805,0.360215095249578,0.7911877934082845,0.7743859757515005,0.7151382477333371,0.7368490200772273,0.8120777314802866,0.8109323182416398,0.7365620948185084,0.6537016291499358,0.6419620263372616,0.6767758015736031,0.6963420911468249,0.5967828201205317,0.6365712675916878,0.827943098414082,0.7456022745708657,0.6638803628943621,0.7809285399095075,0.6850795198155429,0.7427721033316445,0.680947347702509,0.7802759756364798,0.4309498652314203,0.7440188233583279
P3T,0.7844608052002288,0.7530347453563396,0.3851406009270805,0.9050993623899087,0.7856083475104975,1.0,0.7332403107327318,0.819059285935151,0.643442695601115,0.854308565447572,0.7421271681673356,0.8223863870918977,0.7638987039132437,0.8664675877438397,0.7177029984579297,0.7969714649907057,0.7868001733624002,0.896449940001449,0.7880574624082357,0.8969619170091282,0.5750015802405786,0.8441393761704362,0.79454251050035,0.8730434247581582,0.7786096448923827,0.8795064992266356,0.6245621453453346,0.8962887381637733,0.7740236312958093,0.8869767448227799,0.8119155788598258,0.7638963931552712,0.8283923653374885,0.836424784070257,0.47774255897653767,0.8193247145343745,0.4240025022650625,0.913901008817284,0.6840122301486764,0.798093154055371,0.4644005498598755,0.8952809656933748,0.7618386625494799,0.8284082419230346,0.48422876118610203,0.8424804795832243,0.7259650147229203,0.8147962460798231,0.5880792374581965,0.6553303490467607,0.759179713919992,0.8872019930482874,0.694061885066991,0.8360009002145016,0.7102931245040784,0.9045107094121735,0.7717484553544528,0.8980465986907469,0.7732987144518395,0.8783655410955615,0.3961757167610184,0.9069310992008641,0.91325126948146,0.87499124933778,0.7285607387349949,0.9009427393698939,0.7427763648525421,0.8848248247891884,0.64619007953513,0.8297823950535097,0.6619531916038436,0.8309859009070243,0.6269955193911838,0.7980544059511949,0.7944745063797644,0.8642116995332981,0.65279517282326,0.8738445776709084,0.6970406382094744,0.874265024670692,0.6678510884121732,0.8775707857365627,0.438957316494131,0.8666019222354767
P4N,0.6808361942542055,0.6831836832275763,0.6672451476783949,0.7398281081522073,0.7115360004904367,0.7332403107327318,1.0,0.748796195295666,0.8756288003012276,0.7142494332979181,0.8495693042634448,0.7228787211198004,0.8782454899409197,0.7688258307534026,0.917395208732106,0.744666816786815,0.8408365153539696,0.7350200824265842,0.7806080626125356,0.7250593678983853,0.8499830133870491,0.8097880583214211,0.8678386368145997,0.7414079971818223,0.821322069725287,0.7528281134076719,0.8633399361968283,0.7654484559131072,0.8362583969268511,0.7242333753733722,0.8128057090273911,0.8378705524423529,0.8522277345246236,0.8143496991669326,0.7052875364030312,0.7457562290926064,0.6476126479945153,0.7004072571511646,0.818356566162012,0.7288861416568377,0.7001244258905375,0.7614629129861925,0.7717044110451368,0.75247360085119,0.6462660107904302,0.7303066965764291,0.8150969375124423,0.7921278009619528,0.8307217204155676,0.7361711000535142,0.8433337386671872,0.7029695857351266,0.8751347544464896,0.6933654323848171,0.8352700169962656,0.7033752899284216,0.8296489666771444,0.747811653753016,0.8537288934683289,0.7151885133373285,0.6409556682509335,0.7274278559372302,0.7498693126085512,0.7409246166337023,0.8700042997200832,0.7511507585899634,0.8501153419444605,0.6964914339282859,0.7284022944269861,0.7277692020434521,0.7731859977377334,0.7646015930397649,0.8747031567086584,0.6764306357045291,0.8413205378923088,0.7391521806689423,0.769217552874982,0.7199335217019498,0.8209628183984877,0.8042984878634022,0.8608573683645117,0.744513081387396,0.6992912692560034,0.7105076723108094
P4T,0.7162720711501896,0.6639306679160596,0.39606172189736893,0.8167359584915043,0.6941637154236128,0.819059285935151,0.748796195295666,1.0,0.6198906569227314,0.785952012970047,0.7445804837104859,0.8326686799254699,0.7091386434725641,0.8224309270270566,0.6953488031061004,0.7808864143339928,0.7538085583957124,0.7900674806042178,0.7143158513967445,0.8212468670584216,0.5721055664829168,0.8026352154331435,0.7312842488130851,0.7950874234182788,0.6918274139956005,0.814243801852505,0.6072069854287878,0.791790881965514,0.693375747605669,0.8226174050170162,0.7321130766848484,0.7454735685622947,0.8013128689816785,0.8224752133695169,0.46530307676788724,0.8408157354480355,0.41441725040496596,0.7857089864560491,0.6562553347432042,0.7831476995401003,0.47106406620223096,0.7985124633653085,0.7599163727516448,0.7993289028740531,0.46632026837383156,0.8145958098657453,0.6919671611726881,0.7850064394651852,0.5755899767859612,0.7246857392802312,0.700088548315492,0.7615923844767537,0.6644954045930458,0.7884126633885777,0.6837206541812307,0.810304554163445,0.7276091077510627,0.8270424665676398,0.7403522808623604,0.8246959015113534,0.38897206059871064,0.8109103662447844,0.8111302978461111,0.804612081902819,0.7114236544655721,0.8037516640559788,0.682922951323164,0.8048305429598096,0.6361183887001456,0.7992586964243318,0.6582184630265631,0.8311101637703628,0.6305920323877704,0.7602431694641772,0.7245761724822917,0.8138987097534628,0.6439822707500691,0.7882311627395869,0.7280597582913504,0.8139327625068179,0.6291247182484959,0.8105436614935552,0.4495234754523268,0.792486508997063
P5N,0.5817647622333427,0.6207506948403567,0.7524662569769677,0.6535857043751909,0.6565498988964389,0.643442695601115,0.8756288003012276,0.6198906569227314,1.0,0.618314344283623,0.7914323981413691,0.6007614098948825,0.8704962324933825,0.6763522934656739,0.898321147760095,0.623863563856454,0.7707666041600478,0.6494604792753607,0.732301217228106,0.6124390735488414,0.8841172227627419,0.7228912305295258,0.84256081522045,0.6627216807725614,0.7778121048518775,0.6393567787720446,0.8790677641911879,0.6911187097854253,0.7840156586895161,0.6289489453293731,0.7587158313586646,0.7504775666148973,0.7545615997648915,0.7081363081684279,0.7603329890947956,0.6301126827610165,0.7144563151818302,0.6270375128042922,0.7915740964630046,0.60334769790608,0.7152906660406539,0.7007755431992505,0.660002834512284,0.6647125610275494,0.6548537251987561,0.6145548996996812,0.801177959777921,0.7132123054776732,0.8691600605284875,0.6528732703648928,0.8262383184895759,0.6363013764187201,0.8820429386286759,0.5923490767883818,0.8206135652916299,0.6045371857388508,0.7921919640976824,0.6393454073602657,0.7961277614880881,0.6057573458984049,0.7164782743656454,0.6344473847189894,0.6626275618405562,0.6542652254195347,0.8184497587567537,0.6700706819615861,0.8314124671893283,0.6093952366300008,0.6695371608377745,0.6386100883986288,0.7418568023462208,0.6776168276296116,0.8852036729081612,0.5755786285497921,0.8058138487150399,0.6681909360510339,0.7264703366101397,0.6232279986515034,0.7665014385498671,0.715888831724456,0.8783261654421252,0.6397132094241534,0.765358135644547,0.6117645576935781
P5T,0.7986182660914413,0.7258001801653903,0.38235534080480393,0.8886531443809979,0.685884453389342,0.854308565447572,0.7142494332979181,0.785952012970047,0.618314344283623,1.0,0.7616930938453341,0.8895710357099014,0.7021969053422102,0.8745213112862935,0.7032742107844218,0.8797823247334293,0.8133298452633071,0.8279159715117601,0.7353740378681738,0.8982862935575109,0.5824208893598097,0.8706315065590478,0.7348066316093452,0.8791974159348616,0.7181811249552892,0.8396429029127095,0.6331151703148906,0.8497214881355205,0.7245436593630742,0.8680628825030351,0.7424988028560907,0.8258989656110253,0.776691385040552,0.851069537110091,0.491656524213771,0.829867624470826,0.42365627754897367,0.8257629670181788,0.6703734165495999,0.8525599883352054,0.453962445914684,0.817598197392773,0.799404049692211,0.8368856651897156,0.5167390474734407,0.875588891631564,0.7263720868471332,0.8526728503160264,0.5772876430253079,0.6840560132005129,0.6796556886896538,0.7424779783564505,0.6732522099975488,0.8777676167345533,0.6763061640653354,0.8512689141935231,0.7174060246363538,0.8698460731079037,0.7725322781052454,0.8952861209919905,0.39136365511622007,0.8423069712065128,0.8670591959016343,0.90492273313609,0.7424696497271611,0.8015499832424349,0.6849618637187729,0.868358724139621,0.731470805155413,0.8710937963776298,0.7243470272008038,0.8356395068949628,0.6484199716889715,0.8446630513801422,0.7270696517762658,0.8094535050427887,0.714528835235223,0.8354855150929973,0.6732604996744961,0.853492030234786,0.6364512972578613,0.8367600036900523,0.4373936069554949,0.8283540537660803
P6N,0.6584773357071043,0.6418719295623095,0.5279969394670574,0.7558138447253919,0.6974338618310988,0.7421271681673356,0.8495693042634448,0.7445804837104859,0.7914323981413691,0.7616930938453341,1.0,0.7713551678958847,0.8337337891429069,0.8376864646159479,0.854593207647367,0.7865605027269452,0.8582599311919008,0.7708774527215622,0.7916485560617738,0.7597948608626304,0.7657641448139341,0.814930337765468,0.817456660201148,0.7943176363362493,0.7948768476811082,0.7848537368016547,0.8126672893132802,0.771434554376257,0.8064770241026273,0.7690621259182036,0.7865602667512754,0.7904759372448082,0.8735175302359917,0.8320738004423164,0.5740306550355719,0.782553660054985,0.5190776503244309,0.7280861186354834,0.8357790485343766,0.7613281006288322,0.6173983078685271,0.7814402711223284,0.805777146617804,0.8016850585615393,0.636342574509872,0.7765023916354419,0.8292161591671364,0.8430396281251821,0.7108883632447575,0.7328181959566471,0.7837405613431372,0.6866734343016915,0.8073077676887859,0.7448591571959663,0.84885581731779,0.7318840217067197,0.8450090003097432,0.7898478814175374,0.8619786587209542,0.7637403508582556,0.5922601122714864,0.7620548135296622,0.7685026832354306,0.7899749528944375,0.8446478807289768,0.7605698516672637,0.7629433202406459,0.7426352282290815,0.7353285643843659,0.7760749240001706,0.7837312233702993,0.7975619636430307,0.8075487100079104,0.7270202248664159,0.7845918740814881,0.7736621176693148,0.762914019782267,0.7413152194880549,0.8417988689311013,0.8103107183970482,0.7691951747943006,0.7801912103359229,0.5885555071563543,0.7302026067096578
P6T,0.7950261638768357,0.7036699933056583,0.3704776260722454,0.864351944105004,0.6651966286238826,0.8223863870918977,0.7228787211198004,0.8326686799254699,0.6007614098948825,0.8895710357099014,0.7713551678958847,1.0,0.6916921387828796,0.8619132675999872,0.6908068828617209,0.8931382922421035,0.7773596522378777,0.803289940659478,0.6988104739678004,0.8749193882755227,0.5695056901389808,0.8402093833888236,0.7167248076475032,0.8523323507050727,0.6825881325493197,0.8387912099695755,0.6158593832997115,0.8232778353516857,0.6885717725486675,0.8552620870274543,0.715041993598534,0.8123715176154347,0.7891803272865558,0.8586125486672241,0.45401866151889725,0.8652338569249679,0.3933745369446912,0.7895909277248575,0.6725946967749417,0.828317670449427,0.46818611988577385,0.7954918105124733,0.7913893008536594,0.8286829739862412,0.49595953927346015,0.8576313412344222,0.6930267358510851,0.8321535398803991,0.5600692909383163,0.7205888198374798,0.6636746299363285,0.7194622465570056,0.6504554005367418,0.861807077418319,0.6738503461130537,0.8266407795017308,0.7099565258085774,0.8473794696649241,0.7442728503019131,0.8749608496869499,0.3821666137819785,0.8234856418078341,0.8242833077963675,0.8615464756752255,0.7149436950064639,0.7906210380767964,0.6600480372746765,0.8552758798230785,0.6815280817848651,0.8508509490410675,0.6826311102409691,0.84329503879271,0.632828436390068,0.8544639705972533,0.7030657437430399,0.7997183998910814,0.6788870288666793,0.8016128043311862,0.69814998531557,0.8349772235544092,0.6087779397747205,0.821045583447671,0.430690239058402,0.8007149077049668
P7N,0.6512078861703042,0.7248614035656425,0.6469824923942474,0.7493394973159752,0.8251572580110436,0.7638987039132437,0.8782454899409197,0.7091386434725641,0.8704962324933825,0.7021969053422102,0.8337337891429069,0.6916921387828796,1.0,0.7731432257244396,0.881485299701926,0.7025264300646531,0.8461608128161588,0.7914858327906688,0.8604497428301442,0.7225115222855344,0.7998953731472281,0.7816829948593291,0.9445466539406252,0.7615151478410596,0.8824957551617796,0.7495242353191374,0.8461832827828948,0.7878730780566997,0.8850420049363735,0.7309153394975954,0.8967194316385778,0.7698734066460325,0.8485220878908052,0.7730973531612515,0.6791267894294374,0.7046255891383738,0.6295525608001002,0.7572678257725878,0.8266062253409258,0.6813229898507984,0.6530441291531148,0.8071495187798788,0.7344245910545942,0.7382626733950131,0.6371560741637216,0.6966344121500568,0.8728691155106476,0.7612440835948591,0.7792504457629068,0.680981061782903,0.9267756205505975,0.7600482448338302,0.8957023708575226,0.6707985917105109,0.8547249874628194,0.724394323277407,0.8836291252906561,0.7576295634689618,0.8819635086391596,0.7004974280783223,0.6397583601816106,0.7526764446610532,0.7704136218957933,0.7452604904370953,0.8699768575177954,0.79385579510273,0.9021782919805433,0.7280508446394152,0.7132196450148376,0.7001656342044787,0.7666449104035422,0.7489679172709544,0.8228255924960759,0.6647443903976119,0.9105350875056384,0.7629586854705639,0.7559904363793178,0.7433427968646448,0.8058930500771296,0.8040672215779568,0.8699548800466301,0.7520137975588165,0.6743032521131201,0.7216297049823844
P7T,0.7694958331832177,0.7196829838340588,0.42297396274540017,0.8743115658610487,0.7226317705845062,0.8664675877438397,0.7688258307534026,0.8224309270270566,0.6763522934656739,0.8745213112862935,0.8376864646159479,0.8619132675999872,0.7731432257244396,1.0,0.7634928977191506,0.8595394419341078,0.8437334335160225,0.8708642561830972,0.7849114952267158,0.8939372611592993,0.6372883474442246,0.8791473853188284,0.7918417791288076,0.8980805784364413,0.7581562456391857,0.8919400118843521,0.6878519947951084,0.8663631739721427,0.7634729723113439,0.8888714362721392,0.7861750807640673,0.8003910952602294,0.8615884691395375,0.8740373064179443,0.5011869245341196,0.8477735771859978,0.4471074188429296,0.8395955486141213,0.7396021007737799,0.838544088501417,0.5318407123943409,0.8831604582280862,0.8192386190073377,0.8769325594845419,0.5475443390240774,0.8787163703978558,0.770195926010892,0.8775813199041566,0.6196254970240338,0.7397151923735216,0.7477547897266266,0.7840046332921993,0.721586533600759,0.8554314865753201,0.7543136533318076,0.8544613488063034,0.786216755524364,0.9010231196146129,0.8110934174033272,0.8834001442423343,0.46748199968776216,0.868583289761594,0.8761469871332593,0.8881951704131823,0.7754395722066852,0.8650475876389567,0.7241020043592747,0.8833123657192335,0.7185797249325117,0.8731342534358558,0.7443113429402398,0.8768092141180494,0.7000219836837343,0.8398358950258745,0.7930514282460106,0.8762683213613672,0.7353872342997181,0.8459326954493752,0.760135078736081,0.8922455943848099,0.6992395121587027,0.8646634100666372,0.5046745898786111,0.8378979282005175
P8N,0.6657185206709949,0.6766457129303627,0.6763801926866926,0.7182620949359957,0.7050191931928301,0.7177029984579297,0.917395208732106,0.6953488031061004,0.898321147760095,0.7032742107844218,0.854593207647367,0.6908068828617209,0.881485299701926,0.7634928977191506,1.0,0.7368837223753277,0.8505868745565264,0.7315408913238172,0.7966942273690784,0.7072891022869536,0.8739232138082036,0.8071424811033673,0.8740246957566867,0.7378354413346475,0.8363830054090436,0.7419855960928717,0.9050163383287179,0.7565478954876237,0.8478268251340232,0.7142525589045361,0.8149843849658958,0.8320958647829564,0.8410029895601822,0.8080278155101891,0.714353150836963,0.7264100908880927,0.6577531003154498,0.6912649624342095,0.8210866342694721,0.7081670316226791,0.7003818866068234,0.7605080735701923,0.7616561521087387,0.7406359580017056,0.6524853355622319,0.7208535725664872,0.8248003661181591,0.7895949790339565,0.8489882319593961,0.7209154384120201,0.853679659161517,0.6953870143018862,0.8935145562044713,0.6908249780979994,0.8516662280222314,0.698193418538235,0.8470311866846971,0.7366604294667806,0.8508553909902092,0.7116396204552224,0.6707705821501919,0.7273213262816148,0.7440694810205667,0.7294606682712519,0.8584926315847169,0.7468423448609758,0.8607057978701289,0.6833864077402397,0.71933544382018,0.7096577733370696,0.7742145793017149,0.743169842697813,0.8885614049994208,0.6671062407700595,0.848553552152151,0.7254881500937316,0.7481674175449652,0.704346241106107,0.8185196902886938,0.7964631014669425,0.8746221036293587,0.7349819918876542,0.7214957322652212,0.7063618875150437
P8T,0.7969282122885621,0.7078469562920887,0.4177288526762454,0.8344852740725232,0.6300068512506739,0.7969714649907057,0.744666816786815,0.7808864143339928,0.623863563856454,0.8797823247334293,0.7865605027269452,0.8931382922421035,0.7025264300646531,0.8595394419341078,0.7368837223753277,1.0,0.7876139896228717,0.7887050773514463,0.6996942071244562,0.8464401742311238,0.617508531306077,0.8580012763445897,0.7168887470902393,0.8418151024710461,0.6985244657831049,0.8270401272316533,0.6586956160832839,0.8030832472905454,0.7145368592214179,0.8193205287333611,0.7153646247785402,0.8619013045389173,0.7850859792811168,0.8723984875895683,0.5036019094541851,0.8447589456013876,0.4385884682101828,0.7633317126140104,0.698212348742085,0.8333604978287477,0.5312399132928435,0.7830329317937772,0.8201390042763593,0.8207328508122697,0.5545408165595539,0.8570026238556104,0.6957765696845516,0.8513529003985361,0.5920687225050122,0.7758181591745246,0.6759096490437236,0.6954222397371475,0.6766737672023941,0.8712680236487168,0.6993964682722832,0.7898663915757108,0.7162382722103355,0.8381908763386027,0.7616555125020155,0.864510988541979,0.45168849676437794,0.798785439344456,0.8239010193235012,0.8628979406479748,0.7362517882022276,0.7767394226544745,0.6711263695167787,0.815845799733727,0.7107828294130804,0.8535742117567742,0.7009823745922455,0.8246225157689615,0.6708386726685235,0.8299421658972824,0.708301651106158,0.7580197838160654,0.6997338767666281,0.7709315100041392,0.7066748576447529,0.8468900337749746,0.6369210289851334,0.8033392236828302,0.4766504502722782,0.7851575362055078
P9N,0.7121951326047202,0.719152876878822,0.496644793175576,0.7867620091272953,0.784407717231793,0.7868001733624002,0.8408365153539696,0.7538085583957124,0.7707666041600478,0.8133298452633071,0.8582599311919008,0.7773596522378777,0.8461608128161588,0.8437334335160225,0.8505868745565264,0.7876139896228717,1.0,0.8331384236740289,0.8775651833599378,0.8173313446851082,0.7180091112168311,0.8303718491570525,0.8594644849469645,0.8017206622062273,0.8647398282596671,0.8331353276545261,0.7745916076657852,0.7987839204665064,0.8513877938119414,0.8038119234610127,0.8705094385948347,0.8099147489110844,0.8812622703600954,0.8355079822666052,0.5899657274182973,0.7895903210226921,0.5138132051260067,0.7773904991216125,0.8091203509576784,0.8057505940106519,0.5521573032442748,0.8264103730068098,0.8460435402184958,0.7943138653319383,0.6021566170139133,0.8269775647039856,0.9007809791293213,0.8312424456783084,0.7075487600813651,0.707316380037869,0.825542959804038,0.7475331919974694,0.8157707806543483,0.7702817831385054,0.822323780993522,0.7937515683214037,0.8666633695892657,0.8421158058945385,0.9325246091739515,0.800738439124328,0.4959189237392709,0.8267097723379234,0.8265042114039343,0.8221940143733523,0.9044065147725061,0.8186232808645196,0.8267573013496685,0.7851475545312052,0.8627354346109,0.7812123821431868,0.8997790747953687,0.8137259395873653,0.7794767572298249,0.7531466841171002,0.8528443192580907,0.7911409687032738,0.8595670389029623,0.8116547093894119,0.8224052056503921,0.8438407773541834,0.7839638875165656,0.8289712091035966,0.5666031091809046,0.7912537292257681
P9T,0.7687749336599554,0.7786149416995051,0.3834070888929904,0.8401657125357552,0.8205794030093974,0.896449940001449,0.7350200824265842,0.7900674806042178,0.6494604792753607,0.8279159715117601,0.7708774527215622,0.803289940659478,0.7914858327906688,0.8708642561830972,0.7315408913238172,0.7887050773514463,0.8331384236740289,1.0,0.846924530936726,0.8882153710024123,0.5741949720304728,0.8043075266813828,0.8294940424834346,0.8566300805403283,0.8282012136861022,0.8784918698598168,0.6427301366762899,0.8604107188806323,0.8076576711970948,0.8597975291333478,0.8588452342187712,0.7474306963318519,0.8435925547446336,0.8180117825722241,0.4870501509264863,0.7947277355934725,0.4276420162705629,0.8871539708366359,0.702494280554071,0.7961489556351955,0.46106804870722995,0.896676481428098,0.7791862512674208,0.7862545495182283,0.5011649298666019,0.8175004208725215,0.7661717777986431,0.779252010088597,0.5949073543986612,0.6403089924230837,0.7945216083814572,0.8545191375012617,0.7167542148474539,0.794749049620351,0.724400259783522,0.8891264987257642,0.807949258774034,0.8976287443972435,0.8101027755293507,0.8459388655756986,0.3704454703679337,0.9112124801769339,0.8865334252183702,0.8509796034864697,0.7502125457924337,0.915109616352807,0.7871435776446594,0.8760438240018251,0.6851984328064561,0.7826657347709812,0.7005334300807681,0.8145258887796802,0.6236494194298635,0.7826013228983019,0.8225009858352801,0.8446851706722397,0.6944504727089357,0.8838310678065447,0.7098032756049422,0.8735661744055361,0.6875857519853167,0.8856493895719397,0.44093538785523606,0.8575456505507308
P10N,0.6417840890848221,0.724699564758142,0.4552123157275291,0.747638707736367,0.8728874573757438,0.7880574624082357,0.7806080626125356,0.7143158513967445,0.732301217228106,0.7353740378681738,0.7916485560617738,0.6988104739678004,0.8604497428301442,0.7849114952267158,0.7966942273690784,0.6996942071244562,0.8775651833599378,0.846924530936726,1.0,0.7631865087874454,0.6625068013425567,0.7468988573712974,0.8809330239903632,0.7661506683541253,0.9090490024092766,0.7790739562025955,0.7275377787986361,0.7856581852074387,0.8838337446544892,0.7639731962887785,0.9346849418276569,0.7076045478359877,0.8598258881488059,0.7676444246216922,0.5562511945120842,0.7212536182731443,0.48109085313803746,0.7909461971018575,0.7755552139735531,0.7199250696044325,0.4944041124802265,0.8277641489275583,0.7623129655813222,0.7237970161640386,0.5613119173673105,0.7370254224469457,0.8560715065371243,0.7438613502087518,0.6501775188823069,0.6352697679588065,0.8794482261151213,0.7951150811489872,0.801605167010448,0.7038019007687214,0.80908803184729,0.7953048549794278,0.8931920400716277,0.8068174507553453,0.8872328705964222,0.7573232723321185,0.4617289095552362,0.8297738403927726,0.8211278660182939,0.7692512275523596,0.8256787201819848,0.8445625128850259,0.8530017078963495,0.7751937651307454,0.7336438305372809,0.7125426549363786,0.7744534282255383,0.7614932291662442,0.7011982216337778,0.7045503319641586,0.8760679608324541,0.7855884830000811,0.7438580404145043,0.8213562473797198,0.7795008747187951,0.8028299592018412,0.770802469552305,0.8240452369908359,0.523760017692658,0.7835290843739162
P10T,0.7998536086020517,0.7385041986940417,0.37064887848243017,0.8959959638520248,0.7302808984474287,0.8969619170091282,0.7250593678983853,0.8212468670584216,0.6124390735488414,0.8982862935575109,0.7597948608626304,0.8749193882755227,0.7225115222855344,0.8939372611592993,0.7072891022869536,0.8464401742311238,0.8173313446851082,0.8882153710024123,0.7631865087874454,1.0,0.5607197923061126,0.8642226188433032,0.7576098800900171,0.8773611132847795,0.745182147735864,0.8937685360901998,0.6127931612952969,0.8782613798369988,0.7381123038754445,0.9065168972843527,0.7703985093673843,0.7986106217685912,0.8237885267451768,0.8546404208320735,0.4713421490586222,0.8512716880331949,0.41319009240805366,0.8673215450387726,0.6727857877826895,0.8586945678663661,0.4533796953260719,0.86444833455275,0.8001247329238445,0.8514726497490341,0.4717341486741667,0.8846666231720841,0.7222132549148809,0.8301674574811775,0.5808610741787148,0.6887827987267493,0.7165517714503766,0.8154275107547941,0.6737485661388614,0.8723558729012095,0.6834256183542463,0.9043220346677227,0.7454565934994691,0.9141908314529055,0.7725889177479772,0.907734716684776,0.3620045054700022,0.9075077007088374,0.8949737613885289,0.8884857502818813,0.727706866785195,0.8722231258579867,0.7163307820167528,0.9037867443496197,0.6933798431979432,0.856358538254807,0.6982518793627496,0.8537927218989448,0.6270462237212906,0.8418394826737902,0.7579660728185139,0.856138095411317,0.6920723906970397,0.873719777486036,0.693088066040365,0.8788124829882074,0.6465574259967615,0.8824648641646425,0.43189067967304134,0.864890096887599
P11N,0.5542655009339128,0.5531334549913464,0.7738708419053048,0.6046733841734194,0.5568175007030564,0.5750015802405786,0.8499830133870491,0.5721055664829168,0.8841172227627419,0.5824208893598097,0.7657641448139341,0.5695056901389808,0.7998953731472281,0.6372883474442246,0.8739232138082036,0.617508531306077,0.7180091112168311,0.5741949720304728,0.6625068013425567,0.5607197923061126,1.0,0.7158441448415799,0.7707678134338154,0.625874128085883,0.7021690062253472,0.5980925384731429,0.9067425058545524,0.6464495615243864,0.7266863312287487,0.5947055200707928,0.6817494127999955,0.7628689256985955,0.7175788617024725,0.6873819063748752,0.7770535066001273,0.6031184899198717,0.735669697523237,0.556677612617187,0.7647709839433807,0.5873833924859694,0.7300615266052038,0.6382530737827178,0.6455895493096627,0.6452777650500455,0.650786855329778,0.594552653557792,0.7425829058357657,0.7059667244285481,0.8567950471384498,0.6497309283790894,0.7679512588846196,0.5711029483456317,0.8606415087323538,0.588619825300181,0.7938363026135585,0.5452926701222236,0.7451419053159463,0.5943988224954224,0.7362854909507918,0.5728258131254337,0.7436461017993193,0.575551164557865,0.6097993073309742,0.6174985436305357,0.7831407772300254,0.6061688177589136,0.7766099302130193,0.554655910802032,0.6437021821708603,0.6259835795480779,0.7071384010475225,0.6363950216861618,0.8982482008327001,0.5556351883876852,0.7433937859086117,0.6110683964811418,0.6854519469494341,0.5678641998099168,0.7317481176404933,0.6670226591836722,0.8484243342560941,0.5874695314108376,0.7991967964094651,0.5638972209777525
P11T,0.770140206883491,0.6957768174161567,0.5020627196137634,0.8763382729445764,0.6933850000910304,0.8441393761704362,0.8097880583214211,0.8026352154331435,0.7228912305295258,0.8706315065590478,0.814930337765468,0.8402093833888236,0.7816829948593291,0.8791473853188284,0.8071424811033673,0.8580012763445897,0.8303718491570525,0.8043075266813828,0.7468988573712974,0.8642226188433032,0.7158441448415799,1.0,0.8009095865376566,0.877484718520099,0.7535910964759897,0.8715092044916949,0.743041152211797,0.8731503370298305,0.770077075534237,0.8692715866586113,0.7644781595599344,0.8953160297768998,0.8331918215694771,0.9164909294422392,0.579144114405595,0.8435321124426476,0.5296496297757805,0.8162071776658185,0.7321552917371816,0.8706120259512545,0.5903589363700529,0.8555942162113329,0.8229893859573868,0.8908996461654971,0.5703148453979926,0.889104950307981,0.7527056624044548,0.9038104425029715,0.6970626898641924,0.7700924255727506,0.7610380041801333,0.7852947852993462,0.7610054911627827,0.8661589125568142,0.7442900468319984,0.8263569030285933,0.7596958085767347,0.8798814338548934,0.805209875952256,0.8776361044894462,0.5195974588993751,0.8409889802343352,0.8715470943651688,0.8903800430195105,0.797293107140908,0.8222546092429395,0.7647990365279642,0.8207243983775435,0.7440863543821103,0.8578533186544088,0.7434291158493473,0.8517143501192568,0.7692101798095847,0.7908375191189786,0.7846007718613479,0.8326027544343273,0.7436653910265341,0.8090904742432574,0.7388351615802867,0.8890160864159069,0.7349343799624478,0.8351981056804132,0.5646110831445788,0.8295862823720931
P12N,0.6926819799587346,0.7704943825431934,0.6101600394706472,0.7710996331506861,0.8442588822835777,0.79454251050035,0.8678386368145997,0.7312842488130851,0.84256081522045,0.7348066316093452,0.817456660201148,0.7167248076475032,0.9445466539406252,0.7918417791288076,0.8740246957566867,0.7168887470902393,0.8594644849469645,0.8294940424834346,0.8809330239903632,0.7576098800900171,0.7707678134338154,0.8009095865376566,1.0,0.7899284956505664,0.8962231289381821,0.7808903659368407,0.8246947971938178,0.8147251256752543,0.8974572268173294,0.7649971196424722,0.9170334050059442,0.7818998506799397,0.8523383269267505,0.7872912201300792,0.6720760588225221,0.7206831089747323,0.6170068333158462,0.7948098903576486,0.7959763995470553,0.7117531083798819,0.6127461860152053,0.8385719273667372,0.7526258679614904,0.7455608122381671,0.6011575188418128,0.7278709719788733,0.8517854512638735,0.7606340366457051,0.7777293906991565,0.6657416166922895,0.9271896920264082,0.7935068467429544,0.8723640658743991,0.6895549192042107,0.8132869500932757,0.7663468558399809,0.866923252688638,0.7929005548313385,0.8843522368601767,0.7248673740065374,0.5787850678533681,0.789332711092738,0.8055789134646256,0.7686348920858491,0.8549542145429635,0.8258142130502185,0.9266657495394007,0.7600187626144728,0.7270237531568278,0.706679277324984,0.7704116460382362,0.7594513531955972,0.8035241526165389,0.6938960210575167,0.9243668452911739,0.782121033802691,0.7529824699448333,0.7854844712874182,0.77823842868195,0.8260442582302899,0.8581217976628929,0.7875657520304024,0.6420725462575726,0.7569297886063846
P12T,0.7595958383868175,0.70895963859199,0.436677818329832,0.8821511656976558,0.7182274945216771,0.8730434247581582,0.7414079971818223,0.7950874234182788,0.6627216807725614,0.8791974159348616,0.7943176363362493,0.8523323507050727,0.7615151478410596,0.8980805784364413,0.7378354413346475,0.8418151024710461,0.8017206622062273,0.8566300805403283,0.7661506683541253,0.8773611132847795,0.625874128085883,0.877484718520099,0.7899284956505664,1.0,0.7577476567303086,0.8502195116872494,0.6785392543810508,0.8761693273031758,0.7607450805433801,0.8909259465978697,0.7764520123637367,0.797923582134764,0.8179839135472105,0.8592931642474465,0.5008372268156025,0.8139430980858132,0.4448670706225491,0.8597926918472065,0.7368874670946415,0.8122339842154344,0.5285627427923842,0.880473564579216,0.7650931460476792,0.8744571937825328,0.5606008139577334,0.842216561740383,0.7468857752810757,0.871817323791897,0.6158583430780713,0.7095839979383466,0.7351644292681677,0.8054648996184188,0.7083289445499933,0.8500286214564232,0.7371064320852341,0.849761612134078,0.7676420678831173,0.8737805575063187,0.7843996583052888,0.8801231490072121,0.4715954625193815,0.8564241625331197,0.8688670046193863,0.8939533641648082,0.7647589846688804,0.8498125937812826,0.7219015353071144,0.8773787934779025,0.6857325815193968,0.8586570781529727,0.7047725583327411,0.8618909116513751,0.68370445748535,0.8150544520759675,0.7760312537299201,0.8663913996233115,0.6966137859795598,0.8324013761426577,0.7170882101112842,0.8840296815394062,0.6940685303495349,0.8474241490170473,0.49333145750364804,0.8309683456671441
P13N,0.6451804873473928,0.721921998018291,0.5020745563519616,0.7320550934031245,0.8498725949409837,0.7786096448923827,0.821322069725287,0.6918274139956005,0.7778121048518775,0.7181811249552892,0.7948768476811082,0.6825881325493197,0.8824957551617796,0.7581562456391857,0.8363830054090436,0.6985244657831049,0.8647398282596671,0.8282012136861022,0.9090490024092766,0.745182147735864,0.7021690062253472,0.7535910964759897,0.8962231289381821,0.7577476567303086,1.0,0.7687282367897554,0.7623918992755577,0.7792673435000766,0.9248757433717224,0.7412357323087835,0.9194621227504938,0.7377206072617774,0.8479064060096221,0.7638178754332383,0.588610466939229,0.7085186706483181,0.5197871262397051,0.7701129219804294,0.8017040317499506,0.7042061997940205,0.5423679166709837,0.8194937188827208,0.7370664943106527,0.7150674820654674,0.6064781815192296,0.7037578346585066,0.8548691225957075,0.7349434681625785,0.7005296356488607,0.6349428470215924,0.880070579408585,0.7812328319138808,0.8251655166659908,0.6736137740599784,0.8291971610273969,0.7713836479599478,0.8774173357540784,0.7842415426223927,0.8787444872864446,0.7286504622301583,0.5106992041857158,0.7986101129143001,0.7895005262455991,0.745689777815665,0.8453231571301784,0.8214562175649184,0.8743355182419242,0.7428971777418646,0.7303827621232132,0.680354803370167,0.7525944206524247,0.7303447049791992,0.7254304910734797,0.6679403583130342,0.8763240234290548,0.75355232502261,0.7441336080561702,0.7775536196379809,0.7789854710532729,0.7971327849261182,0.7990744604375315,0.7910709936972079,0.543648688831552,0.7487910050004224
P13T,0.7868409191719242,0.7336845907578798,0.38733135035022725,0.8479242065046712,0.7491663353691302,0.8795064992266356,0.7528281134076719,0.814243801852505,0.6393567787720446,0.8396429029127095,0.7848537368016547,0.8387912099695755,0.7495242353191374,0.8919400118843521,0.7419855960928717,0.8270401272316533,0.8331353276545261,0.8784918698598168,0.7790739562025955,0.8937685360901998,0.5980925384731429,0.8715092044916949,0.7808903659368407,0.8502195116872494,0.7687282367897554,1.0,0.6423793672947026,0.855282656127717,0.7727506143703121,0.8889917835926553,0.7973258625715777,0.8034181609811432,0.870982524175898,0.8697698737437515,0.48331806284066803,0.8492082802316113,0.4178567846060113,0.8604902361732527,0.703069425558897,0.8687536246937477,0.4864521344642562,0.8756265129685865,0.8460378775880447,0.8494789816813243,0.5024664694211952,0.9045463839859017,0.7397169659923798,0.8439044998890198,0.5996870671279141,0.7142396126682542,0.7409750279044944,0.8219604617849163,0.6899381188810079,0.8542110963459357,0.717822502922976,0.8710992715860301,0.7759261623343289,0.9210739550087905,0.8002467816506372,0.8764107064179725,0.4005074583307678,0.9061999543295152,0.8811237610212617,0.8682818171864419,0.7481234860348268,0.8752062025003444,0.7404725417810034,0.8610327135374595,0.7053694872882846,0.8352446284590705,0.7066134372172838,0.8384375617888841,0.6542762990877944,0.8089709233010358,0.7845454169904654,0.8579987218132984,0.7036186730150419,0.875565924122157,0.7330532985210527,0.8692455051626444,0.6611210762618067,0.8847415878602921,0.454404098996774,0.8649255034789286
P14N,0.5984441395323037,0.6185150179385631,0.7304174797303905,0.6534988467383207,0.6269168116820937,0.6245621453453346,0.8633399361968283,0.6072069854287878,0.8790677641911879,0.6331151703148906,0.8126672893132802,0.6158593832997115,0.8461832827828948,0.6878519947951084,0.9050163383287179,0.6586956160832839,0.7745916076657852,0.6427301366762899,0.7275377787986361,0.6127931612952969,0.9067425058545524,0.743041152211797,0.8246947971938178,0.6785392543810508,0.7623918992755577,0.6423793672947026,1.0,0.6989749635302848,0.7899281989494387,0.6384646055606177,0.7464565055269444,0.7746454563776876,0.7548315882043927,0.7209962563636007,0.7395699052072154,0.6408681709393822,0.6990784606524408,0.6140047317252674,0.8023893089306801,0.6198066875133387,0.7077656322476578,0.685666553306876,0.6837640915655344,0.6768003726239944,0.660487693676803,0.6362369120337198,0.7948673520075175,0.7326232134882702,0.8389767766136051,0.6658100673735671,0.8128988876259946,0.6094760096447998,0.8923624493639286,0.6184281624469138,0.8203522731195374,0.5986324264331437,0.7900145602531125,0.6450878231188278,0.7982978967858794,0.6196495156976751,0.7081863092138958,0.6217149298958814,0.6569642032629103,0.6592361270283269,0.8262980815722748,0.658913955321359,0.8144673938374605,0.6137339684438665,0.6804485343076004,0.656021761848926,0.7367772385529185,0.665504229034998,0.8846260333106294,0.6047732161119864,0.7983260289770121,0.6528812581490971,0.7262318478325408,0.6172460687660998,0.770813377872209,0.7110940867246455,0.8553329591834791,0.6353335987762133,0.7540206532856403,0.612582164183239
P14T,0.78451801739662,0.7476867709177959,0.45865622511583204,0.8837507059747682,0.7494235587432896,0.8962887381637733,0.7654484559131072,0.791790881965514,0.6911187097854253,0.8497214881355205,0.771434554376257,0.8232778353516857,0.7878730780566997,0.8663631739721427,0.7565478954876237,0.8030832472905454,0.7987839204665064,0.8604107188806323,0.7856581852074387,0.8782613798369988,0.6464495615243864,0.8731503370298305,0.8147251256752543,0.8761693273031758,0.7792673435000766,0.855282656127717,0.6989749635302848,1.0,0.7859237582203784,0.8696503924346652,0.8089662078606442,0.8084372013538075,0.8307457548212173,0.8551975941371087,0.5368502745951408,0.8061147093782985,0.4860912080350584,0.8611573634283606,0.7098205472576993,0.8062382811264632,0.5242810418735734,0.8844063866578237,0.7589280064159468,0.8324456861406123,0.5394942380027188,0.8362154150211979,0.7445618973541338,0.8387465237046025,0.6452451743196298,0.6723935851510999,0.7778506401725852,0.8411229629258452,0.740571615250288,0.8150807649580314,0.7311585415613199,0.867444549243944,0.7716038902820952,0.8840334608338369,0.7938794759098937,0.8537598930873491,0.462461988563852,0.8671854687545011,0.8804686547636691,0.8659285451231191,0.7689260005230146,0.8713397411324343,0.7666598011661258,0.8805276983528396,0.6839838235080806,0.8275984740420868,0.6997348105730007,0.8252992576283684,0.6929549455154738,0.8142537919456945,0.8132760526228804,0.8611515266006281,0.6902127461250629,0.8576334850987177,0.7051344003258857,0.8799046654394271,0.7182351616653423,0.8464845212761831,0.5031884962537928,0.840412486842782
P15N,0.6667421196348486,0.7358888455123881,0.5408289023673023,0.7350002374612011,0.8157007658992034,0.7740236312958093,0.8362583969268511,0.693375747605669,0.7840156586895161,0.7245436593630742,0.8064770241026273,0.6885717725486675,0.8850420049363735,0.7634729723113439,0.8478268251340232,0.7145368592214179,0.8513877938119414,0.8076576711970948,0.8838337446544892,0.7381123038754445,0.7266863312287487,0.770077075534237,0.8974572268173294,0.7607450805433801,0.9248757433717224,0.7727506143703121,0.7899281989494387,0.7859237582203784,1.0,0.7423244036490844,0.9123905817078347,0.7615019113648563,0.8400580112655261,0.7750597955532663,0.6054668589507396,0.7054170586707509,0.5462231195213815,0.768183144050364,0.8245763145460226,0.7085333828307854,0.5947880192133213,0.8074069173050838,0.7475991551089776,0.7206525268169439,0.6462041284466423,0.7171409971854977,0.8508539597623483,0.7446165283816443,0.7111865714878093,0.6600286907285255,0.8756425402990277,0.7651104546950456,0.8385213677820811,0.6840024444125989,0.8305072384581432,0.7536783350793148,0.8780691762273262,0.7787653335352309,0.8781103734960095,0.7232282447469222,0.5486869189628114,0.7852481849121279,0.7884465745461001,0.7465647848746314,0.8528656457246149,0.8105879527800612,0.8604090686178133,0.7411494865545708,0.7278795258773982,0.6954490296099921,0.7450242680945729,0.7209027211615102,0.7505057851072835,0.6785412943058299,0.8843888646575276,0.7522534379141251,0.7438853562649539,0.7729382130108114,0.7856123746028615,0.8004463848103484,0.8036100891153888,0.7878300121449625,0.5754405425585641,0.7476244070830343
P15T,0.7678469258313179,0.7083794641948457,0.38938189913197885,0.8921009479829001,0.7222562736039352,0.8869767448227799,0.7242333753733722,0.8226174050170162,0.6289489453293731,0.8680628825030351,0.7690621259182036,0.8552620870274543,0.7309153394975954,0.8888714362721392,0.7142525589045361,0.8193205287333611,0.8038119234610127,0.8597975291333478,0.7639731962887785,0.9065168972843527,0.5947055200707928,0.8692715866586113,0.7649971196424722,0.8909259465978697,0.7412357323087835,0.8889917835926553,0.6384646055606177,0.8696503924346652,0.7423244036490844,1.0,0.771549238611666,0.787482123989816,0.8342237076657592,0.8712311959839504,0.4765270623433015,0.8496500994435469,0.4286380839527436,0.8767675389580091,0.6947926134745008,0.8394808103211281,0.48356636899080147,0.8838036381078171,0.7904825716431133,0.8746904831149698,0.5112550837723528,0.8860378484605215,0.7214275282709796,0.8493715190532075,0.5910900174979971,0.6989058162259528,0.7202614352801848,0.8239911364619085,0.681133694626563,0.8674402763228742,0.7093888687218258,0.8784149214599011,0.7573719005080056,0.9111842152498202,0.771590834625064,0.8987003181805862,0.41108632835019904,0.8918720228943315,0.898161482946487,0.8963884841569744,0.7322401840011101,0.8679549937737244,0.7099335739068776,0.8795348951279772,0.6821862786689991,0.8680696830922134,0.6959416419845538,0.8673525755807464,0.6537479966211024,0.8208142945958531,0.7689743399710824,0.8807591559792418,0.6762452471519936,0.8574933921967378,0.7069608693144469,0.8846549167675682,0.6611184088936849,0.8790014676900433,0.45430729046711776,0.8663380402374299
P16N,0.6852606295225996,0.7709352711693582,0.49229426509400503,0.7608836035584251,0.877270889587459,0.8119155788598258,0.8128057090273911,0.7321130766848484,0.7587158313586646,0.7424988028560907,0.7865602667512754,0.715041993598534,0.8967194316385778,0.7861750807640673,0.8149843849658958,0.7153646247785402,0.8705094385948347,0.8588452342187712,0.9346849418276569,0.7703985093673843,0.6817494127999955,0.7644781595599344,0.9170334050059442,0.7764520123637367,0.9194621227504938,0.7973258625715777,0.7464565055269444,0.8089662078606442,0.9123905817078347,0.771549238611666,1.0,0.7467851280126189,0.8646427444325199,0.7802156190490056,0.5867626249452219,0.7217492281446123,0.5129979232207489,0.8070444999278891,0.7876222650031756,0.7234998439020853,0.5270710314194363,0.8403842813258887,0.7643441239361517,0.7273272908228388,0.5791045152959217,0.7422796603276474,0.8559210557768365,0.7439165666878416,0.684365359553104,0.6489985570492163,0.9052476619044445,0.816900764353848,0.8304130193776642,0.7035979937676173,0.8129603596856725,0.8034593223873427,0.8899495832942012,0.8165054656772155,0.8954801500539267,0.7529312907342729,0.47075177396288076,0.8324005636436234,0.8317873372893455,0.780582334939481,0.8445472102055073,0.8614382944196818,0.8855597814880543,0.7804069097885916,0.7356403161982995,0.7169406853600837,0.7601481597882002,0.7552407303745592,0.720544925514199,0.7016756887167465,0.9072866248949638,0.7880718479505291,0.747641795668217,0.8244814186552366,0.7769722733147159,0.8200409221085182,0.7929848691857544,0.8233221850947392,0.5383509907037838,0.7868951391510352
P16T,0.7804266771236835,0.7073407224565216,0.5900808774215168,0.7910651357769759,0.6382590660255051,0.7638963931552712,0.8378705524423529,0.7454735685622947,0.7504775666148973,0.8258989656110253,0.7904759372448082,0.8123715176154347,0.7698734066460325,0.8003910952602294,0.8320958647829564,0.8619013045389173,0.8099147489110844,0.7474306963318519,0.7076045478359877,0.7986106217685912,0.7628689256985955,0.8953160297768998,0.7818998506799397,0.797923582134764,0.7377206072617774,0.8034181609811432,0.7746454563776876,0.8084372013538075,0.7615019113648563,0.787482123989816,0.7467851280126189,1.0,0.7964852509516472,0.8801522607142725,0.6654115962911068,0.8088507314832635,0.6001675589096382,0.7329944409794595,0.72981021947923,0.8378399603034468,0.6218216421246998,0.7658080426543282,0.8193334765177566,0.8003026150366812,0.598972361895009,0.8411110625880933,0.7268625047201188,0.8647982745579083,0.7586358673492718,0.7640996586601647,0.7465377641248686,0.6949728889254236,0.7848973162845537,0.8211437403575655,0.7293831783467853,0.7564359924144434,0.7357093947912638,0.8099871355112085,0.7935697280748262,0.8113381252063906,0.5534285228159868,0.7732140608734355,0.8004472201991679,0.8354870066290909,0.7891985030725014,0.7482897978926213,0.7857484904380015,0.7526217588568067,0.758933242959068,0.8168264773798072,0.7379687617018621,0.7858772461728908,0.8128560110585965,0.7599513086339128,0.7662068469114804,0.7368895779388843,0.7414346544934435,0.7575684711615537,0.7122109602937094,0.8388761902802297,0.7634922179733312,0.7748915964591271,0.6169203329480502,0.7658692486365173
P17N,0.6989061862373671,0.6854094981912029,0.4787530023089597,0.7919582413188021,0.7890300144873106,0.8283923653374885,0.8522277345246236,0.8013128689816785,0.7545615997648915,0.776691385040552,0.8735175302359917,0.7891803272865558,0.8485220878908052,0.8615884691395375,0.8410029895601822,0.7850859792811168,0.8812622703600954,0.8435925547446336,0.8598258881488059,0.8237885267451768,0.7175788617024725,0.8331918215694771,0.8523383269267505,0.8179839135472105,0.8479064060096221,0.870982524175898,0.7548315882043927,0.8307457548212173,0.8400580112655261,0.8342237076657592,0.8646427444325199,0.7964852509516472,1.0,0.8717854804527956,0.5557616642084305,0.8221246870399885,0.49508478801170563,0.8141535755672098,0.8181293104859937,0.8086433084475582,0.574990380094106,0.8632298466695577,0.8312836241384579,0.8306636865383888,0.5916334804811206,0.8298992930473263,0.8389776744154914,0.8508599090783728,0.6886271918524973,0.7412609817168336,0.8257616765672094,0.7944196252039518,0.7998117401092573,0.7882565334491393,0.8500929480039697,0.8160140310966636,0.8802055733888492,0.870841031184127,0.8791528627489404,0.8230209526892462,0.5131646875697864,0.8645373507293226,0.8475852920743372,0.8273433962858543,0.8536977141712447,0.8678829938097447,0.8124457631296738,0.8034046964580336,0.737771490334496,0.8053671138923882,0.7768627145211381,0.8411694690559959,0.7604853948099188,0.7554341792296899,0.8475579214017979,0.8415293689804715,0.7609676110026826,0.8408444181012827,0.8448000165174956,0.8724854326419098,0.7700204333461361,0.8626455582290079,0.5501144547435143,0.8198141892280253
P17T,0.7570890336533466,0.678920512128651,0.46282794914318737,0.8615855780222338,0.6997802141712747,0.836424784070257,0.8143496991669326,0.8224752133695169,0.7081363081684279,0.851069537110091,0.8320738004423164,0.8586125486672241,0.7730973531612515,0.8740373064179443,0.8080278155101891,0.8723984875895683,0.8355079822666052,0.8180117825722241,0.7676444246216922,0.8546404208320735,0.6873819063748752,0.9164909294422392,0.7872912201300792,0.8592931642474465,0.7638178754332383,0.8697698737437515,0.7209962563636007,0.8551975941371087,0.7750597955532663,0.8712311959839504,0.7802156190490056,0.8801522607142725,0.8717854804527956,1.0,0.5441589202705515,0.8895577441840492,0.4836450748266414,0.8142340559224994,0.7414023003514144,0.8700384471589873,0.5781813286079377,0.8548015974906182,0.8300299106286221,0.8774270538168348,0.5612905087511167,0.8904737636773636,0.7542195568233389,0.9060191667004366,0.6717934941346624,0.80675407764625,0.7589679431245989,0.7848461006345592,0.7508998003664338,0.8651181260666716,0.761320223867204,0.8322279473362687,0.7860579828412326,0.8765709600856841,0.8164108646249444,0.8972534837870437,0.5051761772096185,0.8595463926702382,0.8753163767311479,0.8866682214606272,0.7996599880833687,0.8412449798113711,0.757455818195978,0.8164415644792492,0.7255810897073083,0.8587272700214587,0.7427877111853063,0.878661570960778,0.7482055659304061,0.7890519950160233,0.7801329495936593,0.8334680322597182,0.7251143970557657,0.8166675424888388,0.7858449372722821,0.9093486726043722,0.7192899295116573,0.8604504135149943,0.5383500648209245,0.8470594944265541
P18N,0.4986749239697197,0.5189241048639648,0.828320998976199,0.5013390711044935,0.4916552613781784,0.47774255897653767,0.7052875364030312,0.46530307676788724,0.7603329890947956,0.491656524213771,0.5740306550355719,0.45401866151889725,0.6791267894294374,0.5011869245341196,0.714353150836963,0.5036019094541851,0.5899657274182973,0.4870501509264863,0.5562511945120842,0.4713421490586222,0.7770535066001273,0.579144114405595,0.6720760588225221,0.5008372268156025,0.588610466939229,0.48331806284066803,0.7395699052072154,0.5368502745951408,0.6054668589507396,0.4765270623433015,0.5867626249452219,0.6654115962911068,0.5557616642084305,0.5441589202705515,1.0,0.48607486483678536,0.8118264669280404,0.4669721816621612,0.5840014564137967,0.48426521858529453,0.656369849060687,0.5175021851784297,0.5239312010135939,0.5048710238037947,0.550710047452616,0.4889362457769042,0.6105328947937998,0.5509196937989096,0.835618108825516,0.5250957865604834,0.6682331206181392,0.4798571613594202,0.7327450833222221,0.48020638028669715,0.5981697430621569,0.44744551393710374,0.5887036273239836,0.4820494802029527,0.6102595381133363,0.45741688172240624,0.6347944259118173,0.4653963023871858,0.5090022834284446,0.5083182346643409,0.6399187469747775,0.5020424149156841,0.7082404816832335,0.45706767642229595,0.5923684436926994,0.5148474825373954,0.6207081616913662,0.5150971365258739,0.7713099403298261,0.4616163880754329,0.6509846289866004,0.4821478484662448,0.6116155414958536,0.4785505762962867,0.5577601871602489,0.5448159290954864,0.7834455503907649,0.4784894639606374,0.8014136697971989,0.45806705780809004
P18T,0.7465411127822285,0.6527189391246679,0.4021251427038772,0.8375164692597967,0.6731610234395591,0.8193247145343745,0.7457562290926064,0.8408157354480355,0.6301126827610165,0.829867624470826,0.782553660054985,0.8652338569249679,0.7046255891383738,0.8477735771859978,0.7264100908880927,0.8447589456013876,0.7895903210226921,0.7947277355934725,0.7212536182731443,0.8512716880331949,0.6031184899198717,0.8435321124426476,0.7206831089747323,0.8139430980858132,0.7085186706483181,0.8492082802316113,0.6408681709393822,0.8061147093782985,0.7054170586707509,0.8496500994435469,0.7217492281446123,0.8088507314832635,0.8221246870399885,0.8895577441840492,0.48607486483678536,1.0,0.42944302790931194,0.7924019755069359,0.6853100794837407,0.8503187126590821,0.49826730817773884,0.8019654970252332,0.8091217659158647,0.8528202891489288,0.4881363539273723,0.8755095128565049,0.709847472717982,0.8528590429653818,0.6006567076065032,0.7715429987953896,0.6952468711905253,0.7459562188724054,0.6754366108230591,0.8623672349916504,0.7072744146690803,0.8298805259487281,0.7452073833529109,0.8480467173665301,0.7522871266557593,0.882094081978174,0.42124263348296637,0.8319424546079043,0.8295293319618351,0.8325013750216465,0.7347424543966734,0.8075718225030982,0.6823632589074348,0.8026296694259787,0.6872409689778842,0.8322639302576738,0.696421935159928,0.8493457795807161,0.6664451055549846,0.792835807013564,0.7072440138175302,0.8066324829181332,0.6787566929676213,0.7854406335706814,0.7567483586252302,0.839266778213252,0.6342318688797739,0.8331696904665202,0.47085907300757174,0.812078706786179
P19N,0.4400196726118605,0.4607741852717986,0.7980160823271478,0.4545378717515279,0.43916357536227507,0.4240025022650625,0.6476126479945153,0.41441725040496596,0.7144563151818302,0.42365627754897367,0.5190776503244309,0.3933745369446912,0.6295525608001002,0.4471074188429296,0.6577531003154498,0.4385884682101828,0.5138132051260067,0.4276420162705629,0.48109085313803746,0.41319009240805366,0.735669697523237,0.5296496297757805,0.6170068333158462,0.4448670706225491,0.5197871262397051,0.4178567846060113,0.6990784606524408,0.4860912080350584,0.5462231195213815,0.4286380839527436,0.5129979232207489,0.6001675589096382,0.49508478801170563,0.4836450748266414,0.8118264669280404,0.42944302790931194,1.0,0.41858338022596725,0.5380146927140829,0.4240992129040671,0.6471462289257336,0.46936663738211293,0.4634213242782465,0.4664645758921715,0.5230134263732762,0.4340375363203158,0.5619303090620665,0.5033498252599924,0.7884982217727766,0.46257032675649334,0.6158610942605846,0.42147411706405474,0.6811225244176574,0.42466184991066636,0.5481284175768449,0.3880688438405412,0.5295762398350118,0.42683373173141426,0.543901634898054,0.3986582074112405,0.6128381977220563,0.4046943502125141,0.45666903721510266,0.4478058377505293,0.5852638849729017,0.44688584238132767,0.647541952421755,0.40039717013036297,0.5305082485895543,0.4573745371469846,0.5602795904654534,0.4650986823655311,0.7299429756244276,0.3932262758854536,0.6071532150572616,0.440321345159197,0.5620608088579591,0.42567128041224467,0.523694448155457,0.49803824396809926,0.7439216435915444,0.4215441949571081,0.7850137939013079,0.41411639950564827
P19T,0.7325301494332402,0.7181829706200632,0.3861170177430754,0.8698683080451598,0.7861757283801969,0.913901008817284,0.7004072571511646,0.7857089864560491,0.6270375128042922,0.8257629670181788,0.7280861186354834,0.7895909277248575,0.7572678257725878,0.8395955486141213,0.6912649624342095,0.7633317126140104,0.7773904991216125,0.8871539708366359,0.7909461971018575,0.8673215450387726,0.556677612617187,0.8162071776658185,0.7948098903576486,0.8597926918472065,0.7701129219804294,0.8604902361732527,0.6140047317252674,0.8611573634283606,0.768183144050364,0.8767675389580091,0.8070444999278891,0.7329944409794595,0.8141535755672098,0.8142340559224994,0.4669721816621612,0.7924019755069359,0.41858338022596725,1.0,0.6819266781961609,0.7849204019717556,0.440374375141437,0.8930911144270286,0.7386479724469176,0.8191728255855698,0.4976477523703627,0.8281147427855563,0.7336220010646564,0.7971343477643437,0.5702715135499744,0.6404122350520624,0.764411616172715,0.8937551159721354,0.6753634672173473,0.8134385951266543,0.6972996592188558,0.8901476789050192,0.7652379701592877,0.8876722059008672,0.7723315616856687,0.8535422923617417,0.3765489429713061,0.8935175290338401,0.9146687893053308,0.8772548834319368,0.7270759401965076,0.8896759306639959,0.7427093791198455,0.8696111118037604,0.6571405239208339,0.8130983019103577,0.6651541198606036,0.8175817720079754,0.6137426712996119,0.7609151190512746,0.7896997517567718,0.874143773408667,0.6627518280331788,0.8700745862408149,0.6806144046275188,0.8594715622321893,0.6575043951031166,0.8638316716280462,0.4333662342363601,0.8633188964985532
P20N,0.5934869618609072,0.5991380477986656,0.5762553991181283,0.6888655230568538,0.6816315081423998,0.6840122301486764,0.818356566162012,0.6562553347432042,0.7915740964630046,0.6703734165495999,0.8357790485343766,0.6725946967749417,0.8266062253409258,0.7396021007737799,0.8210866342694721,0.698212348742085,0.8091203509576784,0.702494280554071,0.7755552139735531,0.6727857877826895,0.7647709839433807,0.7321552917371816,0.7959763995470553,0.7368874670946415,0.8017040317499506,0.703069425558897,0.8023893089306801,0.7098205472576993,0.8245763145460226,0.6947926134745008,0.7876222650031756,0.72981021947923,0.8181293104859937,0.7414023003514144,0.5840014564137967,0.6853100794837407,0.5380146927140829,0.6819266781961609,1.0,0.6697321689254517,0.6861001880419154,0.7400397559225809,0.7167178847705844,0.7416221783742255,0.766722730688352,0.6780848828696174,0.835762950053187,0.7845116407158479,0.7114652315008438,0.6801963918556596,0.7708946325069901,0.6570131363175137,0.8000425907899055,0.6659868128620174,0.8904413995522604,0.6619524501580136,0.8427465205588592,0.7044958512779326,0.8298988722043995,0.6803995364575953,0.6673622650363354,0.6927167686347542,0.6976667767239818,0.7122164243883764,0.8442765130250236,0.6999929638864424,0.742488986765942,0.6764590907608781,0.6934252240328129,0.704404992512905,0.7395769494235329,0.7287187615594077,0.7987406366012756,0.6487880115105376,0.7882555399103028,0.72432911740676,0.7561153487404615,0.6742900077419809,0.8319137411796037,0.7418505469605831,0.7950122172596586,0.712636320641462,0.6202772755361993,0.6699954298545294
P20T,0.7606460721534606,0.6682444928000529,0.3852050837632167,0.805624942721155,0.6712980737108686,0.798093154055371,0.7288861416568377,0.7831476995401003,0.60334769790608,0.8525599883352054,0.7613281006288322,0.828317670449427,0.6813229898507984,0.838544088501417,0.7081670316226791,0.8333604978287477,0.8057505940106519,0.7961489556351955,0.7199250696044325,0.8586945678663661,0.5873833924859694,0.8706120259512545,0.7117531083798819,0.8122339842154344,0.7042061997940205,0.8687536246937477,0.6198066875133387,0.8062382811264632,0.7085333828307854,0.8394808103211281,0.7234998439020853,0.8378399603034468,0.8086433084475582,0.8700384471589873,0.48426521858529453,0.8503187126590821,0.4240992129040671,0.7849204019717556,0.6697321689254517,1.0,0.4544057141313764,0.7925577763432026,0.8629848384778074,0.8344864310372366,0.47703729626202024,0.915699034630389,0.6950200668301049,0.8476207478001198,0.5891231802201236,0.7222228467760532,0.6661545252068184,0.7267509753492356,0.6553550905218875,0.8643449688204322,0.6740848977621039,0.8168353590570783,0.7092179523647115,0.867984797758749,0.7730147753282065,0.8591870414571613,0.36543370479831455,0.8304872128451598,0.8253306861534694,0.8428149450129809,0.7342880880345785,0.7887316790935017,0.6809743183457454,0.7918239462828809,0.7495165562181331,0.8202730472535331,0.7128651733598765,0.8009410209991678,0.6517147980373055,0.7762219896534269,0.7007695057763648,0.7824856541691724,0.7184112772219542,0.8151192405629821,0.6936175979255202,0.831999472364359,0.6261716337366788,0.8310424895882497,0.4462215177782673,0.8440393401669729
P21N,0.4388694459554397,0.4178858942947813,0.7189438632182484,0.49607360738121875,0.41675040631091076,0.4644005498598755,0.7001244258905375,0.47106406620223096,0.7152906660406539,0.453962445914684,0.6173983078685271,0.46818611988577385,0.6530441291531148,0.5318407123943409,0.7003818866068234,0.5312399132928435,0.5521573032442748,0.46106804870722995,0.4944041124802265,0.4533796953260719,0.7300615266052038,0.5903589363700529,0.6127461860152053,0.5285627427923842,0.5423679166709837,0.4864521344642562,0.7077656322476578,0.5242810418735734,0.5947880192133213,0.48356636899080147,0.5270710314194363,0.6218216421246998,0.574990380094106,0.5781813286079377,0.656369849060687,0.49826730817773884,0.6471462289257336,0.440374375141437,0.6861001880419154,0.4544057141313764,1.0,0.5262193898961316,0.5017580424204481,0.5579911895602643,0.712149623098392,0.47087566774502765,0.577180958814413,0.607571089109975,0.6978708132795444,0.599964212331656,0.6057064675938754,0.4498458748216956,0.6637408537879571,0.490089524113503,0.6696874728603087,0.4283110247784436,0.5898123030592622,0.46355998465444315,0.5837504627789388,0.47608230089803705,0.7680916386491469,0.4519707255097219,0.4956391257366791,0.5030295660815367,0.6455299024528938,0.49141976694426487,0.5882015899342393,0.44924550103360195,0.5119900311480264,0.5312659793326843,0.5508051309292481,0.5388500801412891,0.7524498474231479,0.4706306553828651,0.6152416265288901,0.5115481943421424,0.580047713053559,0.4259699538507539,0.658092812468871,0.5774824415770453,0.7107567926287743,0.4664724019443693,0.7483917103108134,0.43384629285780674
P21T,0.7274751290855779,0.711532515566588,0.4473046390904879,0.8639496275499542,0.7921170073113146,0.8952809656933748,0.7614629129861925,0.7985124633653085,0.7007755431992505,0.817598197392773,0.7814402711223284,0.7954918105124733,0.8071495187798788,0.8831604582280862,0.7605080735701923,0.7830329317937772,0.8264103730068098,0.896676481428098,0.8277641489275583,0.86444833455275,0.6382530737827178,0.8555942162113329,0.8385719273667372,0.880473564579216,0.8194937188827208,0.8756265129685865,0.685666553306876,0.8844063866578237,0.8074069173050838,0.8838036381078171,0.8403842813258887,0.7658080426543282,0.8632298466695577,0.8548015974906182,0.5175021851784297,0.8019654970252332,0.46936663738211293,0.8930911144270286,0.7400397559225809,0.7925577763432026,0.5262193898961316,1.0,0.7523794126319006,0.8474637381074562,0.5486360669631445,0.8240700033143409,0.7845662020976086,0.8293492635547465,0.6403937360799431,0.6997602892265103,0.8104427852601149,0.8862988072665979,0.742701273413833,0.8100220255830626,0.7629412202293097,0.8780869439254397,0.8184256382221471,0.8952604053226338,0.8162521101817914,0.8589030058484544,0.47198998748597487,0.9064603805106787,0.8999760925122565,0.8652439243723266,0.7787316128926408,0.9173466780536333,0.7851986002575811,0.8771228484379007,0.6940140793451925,0.8180130842499355,0.7184292351578624,0.8589188062706636,0.6905621428682093,0.7758996069804843,0.8403801879923413,0.8952288564675347,0.7131413681075303,0.8664641844744938,0.7470550077864837,0.9027928472572722,0.7241670351491686,0.8869450452889978,0.5129035718600705,0.8575472935124275
P22N,0.7563745845731981,0.717305721983054,0.41790532736106223,0.760367607945454,0.6815062557110696,0.7618386625494799,0.7717044110451368,0.7599163727516448,0.660002834512284,0.799404049692211,0.805777146617804,0.7913893008536594,0.7344245910545942,0.8192386190073377,0.7616561521087387,0.8201390042763593,0.8460435402184958,0.7791862512674208,0.7623129655813222,0.8001247329238445,0.6455895493096627,0.8229893859573868,0.7526258679614904,0.7650931460476792,0.7370664943106527,0.8460378775880447,0.6837640915655344,0.7589280064159468,0.7475991551089776,0.7904825716431133,0.7643441239361517,0.8193334765177566,0.8312836241384579,0.8300299106286221,0.5239312010135939,0.8091217659158647,0.4634213242782465,0.7386479724469176,0.7167178847705844,0.8629848384778074,0.5017580424204481,0.7523794126319006,1.0,0.7878142944391048,0.5239404139008593,0.8799078480115479,0.7566480624098821,0.819812782571783,0.6306566821348341,0.7379308885651501,0.7252581729734742,0.6897572076970641,0.7280123084765118,0.8227221750467292,0.7355626362542669,0.7751945215144157,0.7698409183459792,0.8435507585360487,0.8298608355711721,0.8106296327078538,0.41618241855817945,0.8001476419894403,0.8081933085595427,0.8200779230103741,0.7746141811676652,0.7704678145301447,0.7361882156533023,0.7583571794586909,0.7567911245001574,0.7950571667833359,0.7481945629487649,0.7757618156186769,0.7004474708358404,0.7578654426711315,0.7518783070527087,0.7402891930476436,0.7245604911050065,0.7867098259204022,0.7364283946260612,0.8000958248241514,0.6793619357310989,0.8074135079284318,0.4804871631013658,0.7970137378634047
P22T,0.7112712008277803,0.6269567998604598,0.45507113927109244,0.8608825993080141,0.6737372722026245,0.8284082419230346,0.75247360085119,0.7993289028740531,0.6647125610275494,0.8368856651897156,0.8016850585615393,0.8286829739862412,0.7382626733950131,0.8769325594845419,0.7406359580017056,0.8207328508122697,0.7943138653319383,0.7862545495182283,0.7237970161640386,0.8514726497490341,0.6452777650500455,0.8908996461654971,0.7455608122381671,0.8744571937825328,0.7150674820654674,0.8494789816813243,0.6768003726239944,0.8324456861406123,0.7206525268169439,0.8746904831149698,0.7273272908228388,0.8003026150366812,0.8306636865383888,0.8774270538168348,0.5048710238037947,0.8528202891489288,0.4664645758921715,0.8191728255855698,0.7416221783742255,0.8344864310372366,0.5579911895602643,0.8474637381074562,0.7878142944391048,1.0,0.56116325474262,0.8645565339909741,0.7350842711351508,0.9030849150532713,0.6252774208957074,0.7776340822388347,0.707008316920066,0.77258110617113,0.696647102730695,0.8593960920435282,0.7466650439714488,0.8173533888208656,0.752947684369391,0.8547803576866152,0.7727056015229228,0.8779286941474735,0.4985625724224217,0.8313970707824866,0.8447393548039004,0.8600956686717607,0.766034035913433,0.8147557825386208,0.6869520546157072,0.8175428596355088,0.6973140437657022,0.872801785831462,0.7111898636587107,0.8680652843795443,0.7119225738403533,0.7998855579847024,0.7399128585763609,0.8517888587233554,0.708229635122246,0.7880013084578013,0.7643996662455397,0.8631187094835477,0.6803357929610763,0.8252257160153715,0.5208878160715755,0.8115000212636385
P23N,0.4274036923286863,0.42061871474038365,0.5953164176056388,0.505011167736729,0.449697313079542,0.48422876118610203,0.6462660107904302,0.46632026837383156,0.6548537251987561,0.5167390474734407,0.636342574509872,0.49595953927346015,0.6371560741637216,0.5475443390240774,0.6524853355622319,0.5545408165595539,0.6021566170139133,0.5011649298666019,0.5613119173673105,0.4717341486741667,0.650786855329778,0.5703148453979926,0.6011575188418128,0.5606008139577334,0.6064781815192296,0.5024664694211952,0.660487693676803,0.5394942380027188,0.6462041284466423,0.5112550837723528,0.5791045152959217,0.598972361895009,0.5916334804811206,0.5612905087511167,0.550710047452616,0.4881363539273723,0.5230134263732762,0.4976477523703627,0.766722730688352,0.47703729626202024,0.712149623098392,0.5486360669631445,0.5239404139008593,0.56116325474262,1.0,0.49150185797956897,0.6408513463190805,0.6227533337266258,0.5820588091005398,0.5526793698557185,0.584598534743986,0.4718352756669994,0.6257293727179449,0.5020282985549233,0.7114433710327233,0.45253712549678354,0.6233406730884415,0.4961593982440105,0.6321366770099033,0.49200638240847405,0.6925184688895758,0.4834882031968893,0.5067899095800671,0.5497665591554701,0.6763370746131707,0.5091707618979419,0.5601226457378404,0.4903276547837774,0.581114093797107,0.557972072259165,0.5844396185453946,0.5545693144363123,0.6777657471434407,0.4831448007077364,0.60391473679124,0.5373843720159771,0.637152582195028,0.47477372317761735,0.6362108735995892,0.569775355503803,0.6593445858888061,0.4951848585770165,0.6098037198755288,0.47637524799285125
P23T,0.7916745224135634,0.7040946691870644,0.3862646618307522,0.8473685496592038,0.6847136697599513,0.8424804795832243,0.7303066965764291,0.8145958098657453,0.6145548996996812,0.875588891631564,0.7765023916354419,0.8576313412344222,0.6966344121500568,0.8787163703978558,0.7208535725664872,0.8570026238556104,0.8269775647039856,0.8175004208725215,0.7370254224469457,0.8846666231720841,0.594552653557792,0.889104950307981,0.7278709719788733,0.842216561740383,0.7037578346585066,0.9045463839859017,0.6362369120337198,0.8362154150211979,0.7171409971854977,0.8860378484605215,0.7422796603276474,0.8411110625880933,0.8298992930473263,0.8904737636773636,0.4889362457769042,0.8755095128565049,0.4340375363203158,0.8281147427855563,0.6780848828696174,0.915699034630389,0.47087566774502765,0.8240700033143409,0.8799078480115479,0.8645565339909741,0.49150185797956897,1.0,0.7253122741706974,0.8834431339449244,0.5955153262854508,0.7428613202259917,0.6952080269322977,0.7668168854262907,0.6757114055585426,0.904844675226932,0.6929968047331927,0.8611582641360411,0.7404576368114467,0.9158585210631518,0.7890890040887952,0.9017565493592155,0.38377459644642564,0.8776441045814101,0.888404898229666,0.9030840110989317,0.7501875772499856,0.8337112681697978,0.6963001487839006,0.8432268917970273,0.7384579348249106,0.8858320458005434,0.7288337178017381,0.8547093257208112,0.6645671973583684,0.8272535847301442,0.7329552374220503,0.8235700425447104,0.70866536825887,0.8474680435075221,0.714564744183144,0.8651905644761133,0.6389473711485787,0.8728951200679329,0.45814078743496256,0.8658421220657855
P24N,0.6034113860075172,0.6533521537275554,0.5444952487231159,0.7223772025872864,0.7876023623170549,0.7259650147229203,0.8150969375124423,0.6919671611726881,0.801177959777921,0.7263720868471332,0.8292161591671364,0.6930267358510851,0.8728691155106476,0.770195926010892,0.8248003661181591,0.6957765696845516,0.9007809791293213,0.7661717777986431,0.8560715065371243,0.7222132549148809,0.7425829058357657,0.7527056624044548,0.8517854512638735,0.7468857752810757,0.8548691225957075,0.7397169659923798,0.7948673520075175,0.7445618973541338,0.8508539597623483,0.7214275282709796,0.8559210557768365,0.7268625047201188,0.8389776744154914,0.7542195568233389,0.6105328947937998,0.709847472717982,0.5619303090620665,0.7336220010646564,0.835762950053187,0.6950200668301049,0.577180958814413,0.7845662020976086,0.7566480624098821,0.7350842711351508,0.6408513463190805,0.7253122741706974,1.0,0.7823336536075075,0.7161375959738835,0.6873249248194453,0.8454404417617641,0.7238886451591757,0.8468407905490318,0.6921263377061562,0.8615607414990805,0.7193909757867477,0.8965722521171838,0.7609883472939902,0.9065200074768943,0.720098222436222,0.5806577016738658,0.7550930842607535,0.7563462440598854,0.7625920941954268,0.9118216166074159,0.7737888401810877,0.8147762903183087,0.7310510098350159,0.8020171057000548,0.7274598143930237,0.8599572120979213,0.7622733335688844,0.7894615576681069,0.6687672854510169,0.8405306964597574,0.7549501328848525,0.8415031757818893,0.7414337082789565,0.8181307067382307,0.7802033408685656,0.8031842230380051,0.7549041820023599,0.598455053118285,0.7176929075465172
P24T,0.7139626220255927,0.6222652540694814,0.49112022182149784,0.8388188778340215,0.6695843881656808,0.8147962460798231,0.7921278009619528,0.7850064394651852,0.7132123054776732,0.8526728503160264,0.8430396281251821,0.8321535398803991,0.7612440835948591,0.8775813199041566,0.7895949790339565,0.8513529003985361,0.8312424456783084,0.779252010088597,0.7438613502087518,0.8301674574811775,0.7059667244285481,0.9038104425029715,0.7606340366457051,0.871817323791897,0.7349434681625785,0.8439044998890198,0.7326232134882702,0.8387465237046025,0.7446165283816443,0.8493715190532075,0.7439165666878416,0.8647982745579083,0.8508599090783728,0.9060191667004366,0.5509196937989096,0.8528590429653818,0.5033498252599924,0.7971343477643437,0.7845116407158479,0.8476207478001198,0.607571089109975,0.8293492635547465,0.819812782571783,0.9030849150532713,0.6227533337266258,0.8834431339449244,0.7823336536075075,1.0,0.6718984279864804,0.798976114833743,0.72957994067647,0.7442130272842375,0.7428629838113182,0.873357871738285,0.7925099546909642,0.7993746383275121,0.7893622220090157,0.8571851233356178,0.8109624202727101,0.871414308950403,0.5659990971084456,0.8258324378460884,0.8437241538478033,0.8951957215281706,0.8090650112522897,0.7991618105065067,0.7178311393503864,0.8066595772258008,0.7367020134202095,0.8927151160250689,0.7525604937124953,0.8740766548504683,0.7718388648642426,0.7847990853780065,0.7520831756063265,0.8256234976686228,0.7484792868614217,0.7913094040598739,0.7821980502737425,0.8749206831593297,0.7228888131332917,0.822853536431423,0.5700717739815904,0.8037141041157566
P25N,0.5809594318069756,0.5943181270921265,0.8093063813605081,0.6037972431471195,0.5865284850885997,0.5880792374581965,0.8307217204155676,0.5755899767859612,0.8691600605284875,0.5772876430253079,0.7108883632447575,0.5600692909383163,0.7792504457629068,0.6196254970240338,0.8489882319593961,0.5920687225050122,0.7075487600813651,0.5949073543986612,0.6501775188823069,0.5808610741787148,0.8567950471384498,0.6970626898641924,0.7777293906991565,0.6158583430780713,0.7005296356488607,0.5996870671279141,0.8389767766136051,0.6452451743196298,0.7111865714878093,0.5910900174979971,0.684365359553104,0.7586358673492718,0.6886271918524973,0.6717934941346624,0.835618108825516,0.6006567076065032,0.7884982217727766,0.5702715135499744,0.7114652315008438,0.5891231802201236,0.6978708132795444,0.6403937360799431,0.6306566821348341,0.6252774208957074,0.5820588091005398,0.5955153262854508,0.7161375959738835,0.6718984279864804,1.0,0.6082695592739978,0.7692704951871013,0.5856510597863608,0.8398955188423732,0.5670914650888801,0.7229475624431213,0.5697966996228531,0.7098636290424739,0.5967056259744119,0.7232289353220367,0.5736050383210686,0.6609571264657975,0.5834605933168624,0.6159537703060934,0.6069292614346374,0.7553651063964,0.6147992632451829,0.8198264051719677,0.5643083709294462,0.6530586025410375,0.5984418644685146,0.707930025748442,0.6277377872864203,0.8825443559947421,0.5469604809002528,0.7524993921646841,0.6111946565601979,0.680589882639812,0.5821129712456486,0.6914630043864962,0.6685459721004623,0.8723440098580706,0.5946897459915744,0.8169653062803718,0.5809768140799392
P25T,0.5814024159789634,0.5165999901094495,0.48298117858821765,0.7078680638688291,0.5742640711723626,0.6553303490467607,0.7361711000535142,0.7246857392802312,0.6528732703648928,0.6840560132005129,0.7328181959566471,0.7205888198374798,0.680981061782903,0.7397151923735216,0.7209154384120201,0.7758181591745246,0.707316380037869,0.6403089924230837,0.6352697679588065,0.6887827987267493,0.6497309283790894,0.7700924255727506,0.6657416166922895,0.7095839979383466,0.6349428470215924,0.7142396126682542,0.6658100673735671,0.6723935851510999,0.6600286907285255,0.6989058162259528,0.6489985570492163,0.7640996586601647,0.7412609817168336,0.80675407764625,0.5250957865604834,0.7715429987953896,0.46257032675649334,0.6404122350520624,0.6801963918556596,0.7222228467760532,0.599964212331656,0.6997602892265103,0.7379308885651501,0.7776340822388347,0.5526793698557185,0.7428613202259917,0.6873249248194453,0.798976114833743,0.6082695592739978,1.0,0.6634434770712662,0.6346234318874262,0.6785328945114703,0.7541901537219831,0.714132078211897,0.6561926881284605,0.6995594029188688,0.7029678903042763,0.7069229760703919,0.748321084549638,0.5352235524116663,0.6770734640239637,0.7018630000851828,0.7260942890777986,0.7180117275041958,0.6871430443917128,0.630338569885775,0.6605440437491765,0.6410068663100068,0.7522298683719305,0.6590997666472559,0.7699709435881006,0.703546613913567,0.6758324135654057,0.6538505082332778,0.6940292575972187,0.6588057432213416,0.6330829026477293,0.7503300326934937,0.7480898346719101,0.6339756309316701,0.6875998790088933,0.5512716317078739,0.6661973110255669
P26N,0.6400974989287657,0.7284185343595259,0.6047662061250503,0.7315013606453237,0.8346742590889192,0.759179713919992,0.8433337386671872,0.700088548315492,0.8262383184895759,0.6796556886896538,0.7837405613431372,0.6636746299363285,0.9267756205505975,0.7477547897266266,0.853679659161517,0.6759096490437236,0.825542959804038,0.7945216083814572,0.8794482261151213,0.7165517714503766,0.7679512588846196,0.7610380041801333,0.9271896920264082,0.7351644292681677,0.880070579408585,0.7409750279044944,0.8128988876259946,0.7778506401725852,0.8756425402990277,0.7202614352801848,0.9052476619044445,0.7465377641248686,0.8257616765672094,0.7589679431245989,0.6682331206181392,0.6952468711905253,0.6158610942605846,0.764411616172715,0.7708946325069901,0.6661545252068184,0.6057064675938754,0.8104427852601149,0.7252581729734742,0.707008316920066,0.584598534743986,0.6952080269322977,0.8454404417617641,0.72957994067647,0.7692704951871013,0.6634434770712662,1.0,0.7988223879324545,0.8879102350072077,0.6688120817278087,0.8138084250808861,0.7549832942297242,0.8850385375780074,0.7685824021038362,0.8736726260349742,0.7071262075386342,0.5744050442450828,0.7770630078379401,0.79017882190785,0.7431426343088273,0.8459933738223567,0.824268428343376,0.9328533345606158,0.7389142406250465,0.7041112505437322,0.6853910115099332,0.7516784736185825,0.7360080502824626,0.7899645867864463,0.6531820277152699,0.913514780886898,0.7681523775079188,0.7261809367693678,0.764778202213776,0.7636383045027003,0.7985379014881249,0.8481950341101537,0.7661901006126608,0.6425376522045685,0.734529808740527
P26T,0.6583521235886339,0.6712286048511847,0.39646071477938416,0.8255660376109295,0.8033849185313765,0.8872019930482874,0.7029695857351266,0.7615923844767537,0.6363013764187201,0.7424779783564505,0.6866734343016915,0.7194622465570056,0.7600482448338302,0.7840046332921993,0.6953870143018862,0.6954222397371475,0.7475331919974694,0.8545191375012617,0.7951150811489872,0.8154275107547941,0.5711029483456317,0.7852947852993462,0.7935068467429544,0.8054648996184188,0.7812328319138808,0.8219604617849163,0.6094760096447998,0.8411229629258452,0.7651104546950456,0.8239911364619085,0.816900764353848,0.6949728889254236,0.7944196252039518,0.7848461006345592,0.4798571613594202,0.7459562188724054,0.42147411706405474,0.8937551159721354,0.6570131363175137,0.7267509753492356,0.4498458748216956,0.8862988072665979,0.6897572076970641,0.77258110617113,0.4718352756669994,0.7668168854262907,0.7238886451591757,0.7442130272842375,0.5856510597863608,0.6346234318874262,0.7988223879324545,1.0,0.683322398009939,0.7510345461536755,0.6962219586903822,0.8759302557977291,0.7732537961900801,0.8547591283438172,0.7606110290327343,0.8128352345720906,0.39077716655888944,0.8867270919362353,0.8742811878538267,0.808901802632279,0.7207538665184282,0.9048210949919839,0.7646887956123799,0.8315422834114469,0.6269566778396309,0.7455361351137444,0.6497265607241397,0.7888125654582371,0.6145988227289289,0.7074089873810615,0.8110487585333911,0.8640392125130346,0.630873746199042,0.8436111617533483,0.6850902069985609,0.8335791125764247,0.6704134104251127,0.8454759881087226,0.4492950870260088,0.8311377763507871
P27N,0.6333408207163104,0.6840525199384416,0.6935127783227463,0.7013511095777877,0.7230158708408546,0.694061885066991,0.8751347544464896,0.6644954045930458,0.8820429386286759,0.6732522099975488,0.8073077676887859,0.6504554005367418,0.8957023708575226,0.721586533600759,0.8935145562044713,0.6766737672023941,0.8157707806543483,0.7167542148474539,0.801605167010448,0.6737485661388614,0.8606415087323538,0.7610054911627827,0.8723640658743991,0.7083289445499933,0.8251655166659908,0.6899381188810079,0.8923624493639286,0.740571615250288,0.8385213677820811,0.681133694626563,0.8304130193776642,0.7848973162845537,0.7998117401092573,0.7508998003664338,0.7327450833222221,0.6754366108230591,0.6811225244176574,0.6753634672173473,0.8000425907899055,0.6553550905218875,0.6637408537879571,0.742701273413833,0.7280123084765118,0.696647102730695,0.6257293727179449,0.6757114055585426,0.8468407905490318,0.7428629838113182,0.8398955188423732,0.6785328945114703,0.8879102350072077,0.683322398009939,1.0,0.6592954551287554,0.8497969365318083,0.6751874683854061,0.8576421831948534,0.712185731844481,0.8524688565654779,0.6719948563396583,0.6528029947744903,0.6978819810988859,0.7283293188085933,0.7101567346968086,0.8617627512501839,0.7367972596198507,0.8830350596195703,0.6776412860274856,0.7064172641040853,0.6861530465409128,0.7616018399865359,0.7073424548990264,0.872229344523398,0.6351206879754896,0.8566291522509615,0.7029444290805004,0.7423251121739951,0.695674873574483,0.7762097817704403,0.7639035975091334,0.8743696310845457,0.7036027779991607,0.7207603033179011,0.6798397747425134
P27T,0.7553175579729818,0.658271783005021,0.3883522130482453,0.8489460348661366,0.6483031104399893,0.8360009002145016,0.6933654323848171,0.7884126633885777,0.5923490767883818,0.8777676167345533,0.7448591571959663,0.861807077418319,0.6707985917105109,0.8554314865753201,0.6908249780979994,0.8712680236487168,0.7702817831385054,0.794749049620351,0.7038019007687214,0.8723558729012095,0.588619825300181,0.8661589125568142,0.6895549192042107,0.8500286214564232,0.6736137740599784,0.8542110963459357,0.6184281624469138,0.8150807649580314,0.6840024444125989,0.8674402763228742,0.7035979937676173,0.8211437403575655,0.7882565334491393,0.8651181260666716,0.48020638028669715,0.8623672349916504,0.42466184991066636,0.8134385951266543,0.6659868128620174,0.8643449688204322,0.490089524113503,0.8100220255830626,0.8227221750467292,0.8593960920435282,0.5020282985549233,0.904844675226932,0.6921263377061562,0.873357871738285,0.5670914650888801,0.7541901537219831,0.6688120817278087,0.7510345461536755,0.6592954551287554,1.0,0.6857970177294417,0.8472138099585654,0.7228861440613146,0.8745896714328093,0.739548902822156,0.9083358174756758,0.41215895969246685,0.8560435869581688,0.8662039699819286,0.8849676878512313,0.7145887794319911,0.8116930239002383,0.6577359823709166,0.8412269079537834,0.6924514177256571,0.8827760812216643,0.680399277198847,0.8386106282793303,0.650555905049052,0.8503056100620694,0.7002315666919317,0.8145003390618889,0.6699732163868864,0.8076620298820392,0.6926647648336208,0.8471898348931759,0.6176391119407746,0.8367639386968297,0.4666015260670965,0.8381948048109468
P28N,0.5920613906989072,0.6053505465007765,0.5670706974523476,0.7022683298619053,0.7061188648152371,0.7102931245040784,0.8352700169962656,0.6837206541812307,0.8206135652916299,0.6763061640653354,0.84885581731779,0.6738503461130537,0.8547249874628194,0.7543136533318076,0.8516662280222314,0.6993964682722832,0.822323780993522,0.724400259783522,0.80908803184729,0.6834256183542463,0.7938363026135585,0.7442900468319984,0.8132869500932757,0.7371064320852341,0.8291971610273969,0.717822502922976,0.8203522731195374,0.7311585415613199,0.8305072384581432,0.7093888687218258,0.8129603596856725,0.7293831783467853,0.8500929480039697,0.761320223867204,0.5981697430621569,0.7072744146690803,0.5481284175768449,0.6972996592188558,0.8904413995522604,0.6740848977621039,0.6696874728603087,0.7629412202293097,0.7355626362542669,0.7466650439714488,0.7114433710327233,0.6929968047331927,0.8615607414990805,0.7925099546909642,0.7229475624431213,0.714132078211897,0.8138084250808861,0.6962219586903822,0.8497969365318083,0.6857970177294417,1.0,0.6877339546543847,0.8920866879117666,0.7273418371073468,0.8546235091442068,0.710512197812259,0.667428563542574,0.7191259115074479,0.7297590558298228,0.7277360977088451,0.8703145548705962,0.7442612148043504,0.7714796853083682,0.693492709457033,0.6894861621478208,0.7231051919101449,0.7500770258319969,0.7511273656784758,0.8217576548375493,0.6548984645770769,0.8140421836648479,0.7437778131134868,0.7461375425184769,0.6968416150647961,0.8615545807230426,0.7745615070362268,0.808108748375232,0.7326604486727444,0.6292373433097639,0.6980713226178908
P28T,0.7622596095686618,0.7297007341532169,0.34756947131091054,0.8688886374046731,0.7707302913679609,0.9045107094121735,0.7033752899284216,0.810304554163445,0.6045371857388508,0.8512689141935231,0.7318840217067197,0.8266407795017308,0.724394323277407,0.8544613488063034,0.698193418538235,0.7898663915757108,0.7937515683214037,0.8891264987257642,0.7953048549794278,0.9043220346677227,0.5452926701222236,0.8263569030285933,0.7663468558399809,0.849761612134078,0.7713836479599478,0.8710992715860301,0.5986324264331437,0.867444549243944,0.7536783350793148,0.8784149214599011,0.8034593223873427,0.7564359924144434,0.8160140310966636,0.8322279473362687,0.44744551393710374,0.8298805259487281,0.3880688438405412,0.8901476789050192,0.6619524501580136,0.8168353590570783,0.4283110247784436,0.8780869439254397,0.7751945215144157,0.8173533888208656,0.45253712549678354,0.8611582641360411,0.7193909757867477,0.7993746383275121,0.5697966996228531,0.6561926881284605,0.7549832942297242,0.8759302557977291,0.6751874683854061,0.8472138099585654,0.6877339546543847,1.0,0.7708850484025349,0.9116296498514664,0.7728159318529915,0.901134525175489,0.3336952132281942,0.9278289365279007,0.9214769157538116,0.8764989065461056,0.7159627946209807,0.9032541645190292,0.7398807227054035,0.8901460449802568,0.663595805854127,0.8186530854922903,0.6749330284942117,0.8338562863415007,0.6096762676441915,0.8152883259021613,0.7863797056181202,0.8690714981442547,0.6538437759879704,0.8881557442749145,0.6851175297872781,0.8640654559091581,0.642979084267122,0.8971811243787174,0.4138238220860228,0.8801214078924062
P29N,0.6223944208932584,0.6611464040031304,0.5258480319262532,0.7438670054539833,0.8055908531050202,0.7717484553544528,0.8296489666771444,0.7276091077510627,0.7921919640976824,0.7174060246363538,0.8450090003097432,0.7099565258085774,0.8836291252906561,0.786216755524364,0.8470311866846971,0.7162382722103355,0.8666633695892657,0.807949258774034,0.8931920400716277,0.7454565934994691,0.7451419053159463,0.7596958085767347,0.866923252688638,0.7676420678831173,0.8774173357540784,0.7759261623343289,0.7900145602531125,0.7716038902820952,0.8780691762273262,0.7573719005080056,0.8899495832942012,0.7357093947912638,0.8802055733888492,0.7860579828412326,0.5887036273239836,0.7452073833529109,0.5295762398350118,0.7652379701592877,0.8427465205588592,0.7092179523647115,0.5898123030592622,0.8184256382221471,0.7698409183459792,0.752947684369391,0.6233406730884415,0.7404576368114467,0.8965722521171838,0.7893622220090157,0.7098636290424739,0.6995594029188688,0.8850385375780074,0.7732537961900801,0.8576421831948534,0.7228861440613146,0.8920866879117666,0.7708850484025349,1.0,0.7984851712606439,0.896152124232825,0.762289993442359,0.5757737703818314,0.8127365084432092,0.797864796882107,0.7731597646593177,0.8793747599591307,0.8283540342769296,0.8376936310904609,0.7637643992305599,0.722020265790968,0.7394404795627464,0.7828750322201908,0.7843425729741849,0.7790233776512969,0.6929525583656041,0.8690937478018889,0.7948371583010564,0.7569473501719457,0.7776673280048699,0.8483157015960768,0.8155979906434593,0.8053698927670959,0.8098296506394391,0.5930761481008366,0.7601982485718193
P29T,0.7862156102340501,0.7417581262762568,0.3735571473534338,0.8748978964635088,0.7705891375618431,0.8980465986907469,0.747811653753016,0.8270424665676398,0.6393454073602657,0.8698460731079037,0.7898478814175374,0.8473794696649241,0.7576295634689618,0.9010231196146129,0.7366604294667806,0.8381908763386027,0.8421158058945385,0.8976287443972435,0.8068174507553453,0.9141908314529055,0.5943988224954224,0.8798814338548934,0.7929005548313385,0.8737805575063187,0.7842415426223927,0.9210739550087905,0.6450878231188278,0.8840334608338369,0.7787653335352309,0.9111842152498202,0.8165054656772155,0.8099871355112085,0.870841031184127,0.8765709600856841,0.4820494802029527,0.8480467173665301,0.42683373173141426,0.8876722059008672,0.7044958512779326,0.867984797758749,0.46355998465444315,0.8952604053226338,0.8435507585360487,0.8547803576866152,0.4961593982440105,0.9158585210631518,0.7609883472939902,0.8571851233356178,0.5967056259744119,0.7029678903042763,0.7685824021038362,0.8547591283438172,0.712185731844481,0.8745896714328093,0.7273418371073468,0.9116296498514664,0.7984851712606439,1.0,0.8280296120742057,0.9044578158188633,0.3764356022699436,0.9385705622965467,0.9292479463047211,0.9191665220816516,0.7720074291861926,0.9084450964890637,0.763262577625805,0.8999476794875582,0.7275055967666338,0.871757148365654,0.7311681009502287,0.8661034655646521,0.6500646762852352,0.8233630019718381,0.8022718657333684,0.8873466406697702,0.7151672288749971,0.9057112802713593,0.7230680201901909,0.9013205505034729,0.6750765401809949,0.9196654962743444,0.4392696103354634,0.8930161012833243
P30N,0.6892762336188789,0.7241748316406894,0.5210150764851238,0.7624593416206689,0.7926291558843006,0.7732987144518395,0.8537288934683289,0.7403522808623604,0.7961277614880881,0.7725322781052454,0.8619786587209542,0.7442728503019131,0.8819635086391596,0.8110934174033272,0.8508553909902092,0.7616555125020155,0.9325246091739515,0.8101027755293507,0.8872328705964222,0.7725889177479772,0.7362854909507918,0.805209875952256,0.8843522368601767,0.7843996583052888,0.8787444872864446,0.8002467816506372,0.7982978967858794,0.7938794759098937,0.8781103734960095,0.771590834625064,0.8954801500539267,0.7935697280748262,0.8791528627489404,0.8164108646249444,0.6102595381133363,0.7522871266557593,0.543901634898054,0.7723315616856687,0.8298988722043995,0.7730147753282065,0.5837504627789388,0.8162521101817914,0.8298608355711721,0.7727056015229228,0.6321366770099033,0.7890890040887952,0.9065200074768943,0.8109624202727101,0.7232289353220367,0.7069229760703919,0.8736726260349742,0.7606110290327343,0.8524688565654779,0.739548902822156,0.8546235091442068,0.7728159318529915,0.896152124232825,0.8280296120742057,1.0,0.774724870704392,0.5339722205623731,0.8080605356743851,0.8171445047545617,0.8090345105034707,0.9298555399638019,0.8217720703825022,0.8644474000978296,0.7711504665001824,0.8504178442505476,0.7704208699342885,0.8679151566844849,0.7912182115346004,0.7966192033345425,0.7233232136352035,0.8797663794546075,0.7894494842390968,0.8537948005208023,0.8020722261693666,0.8311467305217336,0.833134575316917,0.8118191061599606,0.8141952546912062,0.587391805271324,0.7810443640194741
P30T,0.7641336999809455,0.6808662649127002,0.35689508711924933,0.8867167038399049,0.7009058603156805,0.8783655410955615,0.7151885133373285,0.8246959015113534,0.6057573458984049,0.8952861209919905,0.7637403508582556,0.8749608496869499,0.7004974280783223,0.8834001442423343,0.7116396204552224,0.864510988541979,0.800738439124328,0.8459388655756986,0.7573232723321185,0.907734716684776,0.5728258131254337,0.8776361044894462,0.7248673740065374,0.8801231490072121,0.7286504622301583,0.8764107064179725,0.6196495156976751,0.8537598930873491,0.7232282447469222,0.8987003181805862,0.7529312907342729,0.8113381252063906,0.8230209526892462,0.8972534837870437,0.45741688172240624,0.882094081978174,0.3986582074112405,0.8535422923617417,0.6803995364575953,0.8591870414571613,0.47608230089803705,0.8589030058484544,0.8106296327078538,0.8779286941474735,0.49200638240847405,0.9017565493592155,0.720098222436222,0.871414308950403,0.5736050383210686,0.748321084549638,0.7071262075386342,0.8128352345720906,0.6719948563396583,0.9083358174756758,0.710512197812259,0.901134525175489,0.762289993442359,0.9044578158188633,0.774724870704392,1.0,0.39990102166483366,0.9047015230867136,0.9032899376599116,0.9090233747442549,0.7385396110176179,0.8680539449552694,0.6966883321045864,0.8848070295402785,0.6886410820998093,0.8920498379772581,0.7023069454657833,0.879490038872656,0.6430098052161637,0.8404704212255476,0.7425715609491464,0.8641070041369596,0.6758029792015299,0.8538085110617473,0.7223254447789503,0.8863763822881892,0.6391931157144393,0.8887491750698373,0.4384296112489489,0.872109557833236
P31N,0.34742760320076044,0.3430014495148547,0.7200168551152235,0.4407367591258663,0.360215095249578,0.3961757167610184,0.6409556682509335,0.38897206059871064,0.7164782743656454,0.39136365511622007,0.5922601122714864,0.3821666137819785,0.6397583601816106,0.46748199968776216,0.6707705821501919,0.45168849676437794,0.4959189237392709,0.3704454703679337,0.4617289095552362,0.3620045054700022,0.7436461017993193,0.5195974588993751,0.5787850678533681,0.4715954625193815,0.5106992041857158,0.4005074583307678,0.7081863092138958,0.462461988563852,0.5486869189628114,0.41108632835019904,0.47075177396288076,0.5534285228159868,0.5131646875697864,0.5051761772096185,0.6347944259118173,0.42124263348296637,0.6128381977220563,0.3765489429713061,0.6673622650363354,0.36543370479831455,0.7680916386491469,0.47198998748597487,0.41618241855817945,0.4985625724224217,0.6925184688895758,0.38377459644642564,0.5806577016738658,0.5659990971084456,0.6609571264657975,0.5352235524116663,0.5744050442450828,0.39077716655888944,0.6528029947744903,0.41215895969246685,0.667428563542574,0.3336952132281942,0.5757737703818314,0.3764356022699436,0.5339722205623731,0.39990102166483366,1.0,0.36723580314411214,0.4151365303612608,0.44527862814883906,0.6208583987916484,0.40546297984984137,0.5370811447799476,0.3830869209735231,0.44194380970052277,0.4748770996511876,0.5078420623052735,0.47612569239715374,0.7473632605384539,0.38272400728268563,0.5739994861081869,0.45487087615897487,0.5268902775570529,0.3488640461808922,0.5996408594089568,0.4951010674661629,0.6837271145236442,0.3715388791432668,0.7137855952143808,0.35256640513671406
P31T,0.7390367223209532,0.7118133099008174,0.36142103794219504,0.8549655124563587,0.7911877934082845,0.9069310992008641,0.7274278559372302,0.8109103662447844,0.6344473847189894,0.8423069712065128,0.7620548135296622,0.8234856418078341,0.7526764446610532,0.868583289761594,0.7273213262816148,0.798785439344456,0.8267097723379234,0.9112124801769339,0.8297738403927726,0.9075077007088374,0.575551164557865,0.8409889802343352,0.789332711092738,0.8564241625331197,0.7986101129143001,0.9061999543295152,0.6217149298958814,0.8671854687545011,0.7852481849121279,0.8918720228943315,0.8324005636436234,0.7732140608734355,0.8645373507293226,0.8595463926702382,0.4653963023871858,0.8319424546079043,0.4046943502125141,0.8935175290338401,0.6927167686347542,0.8304872128451598,0.4519707255097219,0.9064603805106787,0.8001476419894403,0.8313970707824866,0.4834882031968893,0.8776441045814101,0.7550930842607535,0.8258324378460884,0.5834605933168624,0.6770734640239637,0.7770630078379401,0.8867270919362353,0.6978819810988859,0.8560435869581688,0.7191259115074479,0.9278289365279007,0.8127365084432092,0.9385705622965467,0.8080605356743851,0.9047015230867136,0.36723580314411214,1.0,0.9318243515594086,0.8917544017570034,0.751363874048641,0.9321500532006901,0.772153790983877,0.8962510719373206,0.6885825932485944,0.8436205115790938,0.6999363486553523,0.8551453234343439,0.6295819327999839,0.8022695429621781,0.8062139791501561,0.8837685908357427,0.6846492761475924,0.9119999449383409,0.726263716983679,0.8917522636003884,0.6696686697451735,0.9310657261153906,0.4308561885571527,0.8953655145398766
P32N,0.7766560175507309,0.7510841878874027,0.40951199512418435,0.8859918820817566,0.7743859757515005,0.91325126948146,0.7498693126085512,0.8111302978461111,0.6626275618405562,0.8670591959016343,0.7685026832354306,0.8242833077963675,0.7704136218957933,0.8761469871332593,0.7440694810205667,0.8239010193235012,0.8265042114039343,0.8865334252183702,0.8211278660182939,0.8949737613885289,0.6097993073309742,0.8715470943651688,0.8055789134646256,0.8688670046193863,0.7895005262455991,0.8811237610212617,0.6569642032629103,0.8804686547636691,0.7884465745461001,0.898161482946487,0.8317873372893455,0.8004472201991679,0.8475852920743372,0.8753163767311479,0.5090022834284446,0.8295293319618351,0.45666903721510266,0.9146687893053308,0.6976667767239818,0.8253306861534694,0.4956391257366791,0.8999760925122565,0.8081933085595427,0.8447393548039004,0.5067899095800671,0.888404898229666,0.7563462440598854,0.8437241538478033,0.6159537703060934,0.7018630000851828,0.79017882190785,0.8742811878538267,0.7283293188085933,0.8662039699819286,0.7297590558298228,0.9214769157538116,0.797864796882107,0.9292479463047211,0.8171445047545617,0.9032899376599116,0.4151365303612608,0.9318243515594086,1.0,0.9395504453593858,0.7654017163395166,0.9178455551889813,0.7784637133371957,0.8836480451474588,0.6934413168700394,0.8689367099365407,0.7146568891976814,0.8579539985557058,0.6719661460461775,0.8118636222995131,0.8243866158369366,0.8738191230372022,0.6911389365057081,0.8915771564557562,0.7224878599088882,0.9054776520446157,0.701638300619981,0.9064985184950696,0.4756126937901443,0.8848525604345732
P32T,0.7690548630614931,0.7114148915853077,0.4094619329942944,0.8850790170910471,0.7151382477333371,0.87499124933778,0.7409246166337023,0.804612081902819,0.6542652254195347,0.90492273313609,0.7899749528944375,0.8615464756752255,0.7452604904370953,0.8881951704131823,0.7294606682712519,0.8628979406479748,0.8221940143733523,0.8509796034864697,0.7692512275523596,0.8884857502818813,0.6174985436305357,0.8903800430195105,0.7686348920858491,0.8939533641648082,0.745689777815665,0.8682818171864419,0.6592361270283269,0.8659285451231191,0.7465647848746314,0.8963884841569744,0.780582334939481,0.8354870066290909,0.8273433962858543,0.8866682214606272,0.5083182346643409,0.8325013750216465,0.4478058377505293,0.8772548834319368,0.7122164243883764,0.8428149450129809,0.5030295660815367,0.8652439243723266,0.8200779230103741,0.8600956686717607,0.5497665591554701,0.9030840110989317,0.7625920941954268,0.8951957215281706,0.6069292614346374,0.7260942890777986,0.7431426343088273,0.808901802632279,0.7101567346968086,0.8849676878512313,0.7277360977088451,0.8764989065461056,0.7731597646593177,0.9191665220816516,0.8090345105034707,0.9090233747442549,0.44527862814883906,0.8917544017570034,0.9395504453593858,1.0,0.7729600808606331,0.8618917138418755,0.7366105811302437,0.8847379516654403,0.7211951515689508,0.9095767639189435,0.728738746103298,0.881745633778065,0.6871212419834813,0.8203039718028989,0.7764786176247906,0.8578428327526976,0.7179026199684095,0.859933697178458,0.7115266670947262,0.8963194935036246,0.6845872404671499,0.8731773742163154,0.47080182488979494,0.8543894743554052
P33N,0.6451439311038981,0.6566839872517636,0.581123430488486,0.7368901241106905,0.7368490200772273,0.7285607387349949,0.8700042997200832,0.7114236544655721,0.8184497587567537,0.7424696497271611,0.8446478807289768,0.7149436950064639,0.8699768575177954,0.7754395722066852,0.8584926315847169,0.7362517882022276,0.9044065147725061,0.7502125457924337,0.8256787201819848,0.727706866785195,0.7831407772300254,0.797293107140908,0.8549542145429635,0.7647589846688804,0.8453231571301784,0.7481234860348268,0.8262980815722748,0.7689260005230146,0.8528656457246149,0.7322401840011101,0.8445472102055073,0.7891985030725014,0.8536977141712447,0.7996599880833687,0.6399187469747775,0.7347424543966734,0.5852638849729017,0.7270759401965076,0.8442765130250236,0.7342880880345785,0.6455299024528938,0.7787316128926408,0.7746141811676652,0.766034035913433,0.6763370746131707,0.7501875772499856,0.9118216166074159,0.8090650112522897,0.7553651063964,0.7180117275041958,0.8459933738223567,0.7207538665184282,0.8617627512501839,0.7145887794319911,0.8703145548705962,0.7159627946209807,0.8793747599591307,0.7720074291861926,0.9298555399638019,0.7385396110176179,0.6208583987916484,0.751363874048641,0.7654017163395166,0.7729600808606331,1.0,0.7795783378272527,0.8317294862880675,0.7305153959907827,0.8408987423597835,0.7565836339858275,0.8726165996582457,0.773830271457533,0.8386322311072157,0.6893128294916722,0.8502681333904553,0.7612689838942117,0.8645538311187031,0.7441392150928087,0.8376459834528097,0.8131689693620904,0.8263248441435687,0.7612201156852085,0.643480038957721,0.7377302087074246
P33T,0.735375101337336,0.7310711984028809,0.41240261788466925,0.848636142098919,0.8120777314802866,0.9009427393698939,0.7511507585899634,0.8037516640559788,0.6700706819615861,0.8015499832424349,0.7605698516672637,0.7906210380767964,0.79385579510273,0.8650475876389567,0.7468423448609758,0.7767394226544745,0.8186232808645196,0.915109616352807,0.8445625128850259,0.8722231258579867,0.6061688177589136,0.8222546092429395,0.8258142130502185,0.8498125937812826,0.8214562175649184,0.8752062025003444,0.658913955321359,0.8713397411324343,0.8105879527800612,0.8679549937737244,0.8614382944196818,0.7482897978926213,0.8678829938097447,0.8412449798113711,0.5020424149156841,0.8075718225030982,0.44688584238132767,0.8896759306639959,0.6999929638864424,0.7887316790935017,0.49141976694426487,0.9173466780536333,0.7704678145301447,0.8147557825386208,0.5091707618979419,0.8337112681697978,0.7737888401810877,0.7991618105065067,0.6147992632451829,0.6871430443917128,0.824268428343376,0.9048210949919839,0.7367972596198507,0.8116930239002383,0.7442612148043504,0.9032541645190292,0.8283540342769296,0.9084450964890637,0.8217720703825022,0.8680539449552694,0.40546297984984137,0.9321500532006901,0.9178455551889813,0.8618917138418755,0.7795783378272527,1.0,0.7991390428298817,0.8827116915575774,0.6810470135573574,0.8117467590648375,0.7043309370611704,0.8336954292742847,0.655653521383089,0.7822150609998738,0.8485601120340429,0.883568177302041,0.690319436795272,0.8954980265448891,0.7376714603880061,0.8999763625272389,0.7073307579250948,0.906441740384916,0.4784206257595577,0.8772727460305673
P34N,0.6669145220723741,0.753605263820123,0.6378265606431865,0.7118655939180243,0.8109323182416398,0.7427763648525421,0.8501153419444605,0.682922951323164,0.8314124671893283,0.6849618637187729,0.7629433202406459,0.6600480372746765,0.9021782919805433,0.7241020043592747,0.8607057978701289,0.6711263695167787,0.8267573013496685,0.7871435776446594,0.8530017078963495,0.7163307820167528,0.7766099302130193,0.7647990365279642,0.9266657495394007,0.7219015353071144,0.8743355182419242,0.7404725417810034,0.8144673938374605,0.7666598011661258,0.8604090686178133,0.7099335739068776,0.8855597814880543,0.7857484904380015,0.8124457631296738,0.757455818195978,0.7082404816832335,0.6823632589074348,0.647541952421755,0.7427093791198455,0.742488986765942,0.6809743183457454,0.5882015899342393,0.7851986002575811,0.7361882156533023,0.6869520546157072,0.5601226457378404,0.6963001487839006,0.8147762903183087,0.7178311393503864,0.8198264051719677,0.630338569885775,0.9328533345606158,0.7646887956123799,0.8830350596195703,0.6577359823709166,0.7714796853083682,0.7398807227054035,0.8376936310904609,0.763262577625805,0.8644474000978296,0.6966883321045864,0.5370811447799476,0.772153790983877,0.7784637133371957,0.7366105811302437,0.8317294862880675,0.7991390428298817,1.0,0.7226408112783623,0.7213695334660317,0.6692573407715938,0.754922640837668,0.720106278416591,0.8098396565676335,0.6553635460315637,0.8994963918519755,0.7335661507159552,0.7278391949993044,0.7669241910681855,0.7322301023111847,0.7908992702874738,0.8659776666321103,0.7591054222096245,0.6466289068972172,0.72756174681888
P34T,0.760360809485804,0.7220854564132064,0.374593659890989,0.8759356327269843,0.7365620948185084,0.8848248247891884,0.6964914339282859,0.8048305429598096,0.6093952366300008,0.868358724139621,0.7426352282290815,0.8552758798230785,0.7280508446394152,0.8833123657192335,0.6833864077402397,0.815845799733727,0.7851475545312052,0.8760438240018251,0.7751937651307454,0.9037867443496197,0.554655910802032,0.8207243983775435,0.7600187626144728,0.8773787934779025,0.7428971777418646,0.8610327135374595,0.6137339684438665,0.8805276983528396,0.7411494865545708,0.8795348951279772,0.7804069097885916,0.7526217588568067,0.8034046964580336,0.8164415644792492,0.45706767642229595,0.8026296694259787,0.40039717013036297,0.8696111118037604,0.6764590907608781,0.7918239462828809,0.44924550103360195,0.8771228484379007,0.7583571794586909,0.8175428596355088,0.4903276547837774,0.8432268917970273,0.7310510098350159,0.8066595772258008,0.5643083709294462,0.6605440437491765,0.7389142406250465,0.8315422834114469,0.6776412860274856,0.8412269079537834,0.693492709457033,0.8901460449802568,0.7637643992305599,0.8999476794875582,0.7711504665001824,0.8848070295402785,0.3830869209735231,0.8962510719373206,0.8836480451474588,0.8847379516654403,0.7305153959907827,0.8827116915575774,0.7226408112783623,1.0,0.6653181706496536,0.8485905437763698,0.6777642512265482,0.8439835688017899,0.6144278761095614,0.8469322526421992,0.7748565883325226,0.8727396545181999,0.6670061900024693,0.8664805369470315,0.6858376288100906,0.8671185743988256,0.6476893190517795,0.8666306107176474,0.4270127388213847,0.8555917710050098
P35N,0.6293352691023183,0.6118315200292886,0.5030388635109128,0.6657784589258304,0.6537016291499358,0.64619007953513,0.7284022944269861,0.6361183887001456,0.6695371608377745,0.731470805155413,0.7353285643843659,0.6815280817848651,0.7132196450148376,0.7185797249325117,0.71933544382018,0.7107828294130804,0.8627354346109,0.6851984328064561,0.7336438305372809,0.6933798431979432,0.6437021821708603,0.7440863543821103,0.7270237531568278,0.6857325815193968,0.7303827621232132,0.7053694872882846,0.6804485343076004,0.6839838235080806,0.7278795258773982,0.6821862786689991,0.7356403161982995,0.758933242959068,0.737771490334496,0.7255810897073083,0.5923684436926994,0.6872409689778842,0.5305082485895543,0.6571405239208339,0.6934252240328129,0.7495165562181331,0.5119900311480264,0.6940140793451925,0.7567911245001574,0.6973140437657022,0.581114093797107,0.7384579348249106,0.8020171057000548,0.7367020134202095,0.6530586025410375,0.6410068663100068,0.7041112505437322,0.6269566778396309,0.7064172641040853,0.6924514177256571,0.6894861621478208,0.663595805854127,0.722020265790968,0.7275055967666338,0.8504178442505476,0.6886410820998093,0.44194380970052277,0.6885825932485944,0.6934413168700394,0.7211951515689508,0.8408987423597835,0.6810470135573574,0.7213695334660317,0.6653181706496536,1.0,0.7021846858205995,0.9076211023390798,0.7032035697837605,0.710377747795251,0.6620462145887896,0.7232484107694946,0.6699716290466643,0.9180216258200903,0.7052387624181035,0.689955497144858,0.7239456186351994,0.693350017614713,0.698605437123776,0.5442140376800422,0.692298632599106
P35T,0.7368504581901679,0.647898092436983,0.4394670352217977,0.8573172446020995,0.6419620263372616,0.8297823950535097,0.7277692020434521,0.7992586964243318,0.6386100883986288,0.8710937963776298,0.7760749240001706,0.8508509490410675,0.7001656342044787,0.8731342534358558,0.7096577733370696,0.8535742117567742,0.7812123821431868,0.7826657347709812,0.7125426549363786,0.856358538254807,0.6259835795480779,0.8578533186544088,0.706679277324984,0.8586570781529727,0.680354803370167,0.8352446284590705,0.656021761848926,0.8275984740420868,0.6954490296099921,0.8680696830922134,0.7169406853600837,0.8168264773798072,0.8053671138923882,0.8587272700214587,0.5148474825373954,0.8322639302576738,0.4573745371469846,0.8130983019103577,0.704404992512905,0.8202730472535331,0.5312659793326843,0.8180130842499355,0.7950571667833359,0.872801785831462,0.557972072259165,0.8858320458005434,0.7274598143930237,0.8927151160250689,0.5984418644685146,0.7522298683719305,0.6853910115099332,0.7455361351137444,0.6861530465409128,0.8827760812216643,0.7231051919101449,0.8186530854922903,0.7394404795627464,0.871757148365654,0.7704208699342885,0.8920498379772581,0.4748770996511876,0.8436205115790938,0.8689367099365407,0.9095767639189435,0.7565836339858275,0.8117467590648375,0.6692573407715938,0.8485905437763698,0.7021846858205995,1.0,0.7116783621926044,0.8734191651738866,0.6951752939334442,0.8284099971378069,0.7307495169821802,0.8390945846088338,0.706524228250007,0.8223305940657863,0.7160727285568412,0.8664204502967819,0.6606822976446792,0.8291657039088948,0.502702526441539,0.8185771583359568
P36N,0.6169980792472218,0.6199250557674649,0.5406729358333227,0.6894456334327166,0.6767758015736031,0.6619531916038436,0.7731859977377334,0.6582184630265631,0.7418568023462208,0.7243470272008038,0.7837312233702993,0.6826311102409691,0.7666449104035422,0.7443113429402398,0.7742145793017149,0.7009823745922455,0.8997790747953687,0.7005334300807681,0.7744534282255383,0.6982518793627496,0.7071384010475225,0.7434291158493473,0.7704116460382362,0.7047725583327411,0.7525944206524247,0.7066134372172838,0.7367772385529185,0.6997348105730007,0.7450242680945729,0.6959416419845538,0.7601481597882002,0.7379687617018621,0.7768627145211381,0.7427877111853063,0.6207081616913662,0.696421935159928,0.5602795904654534,0.6651541198606036,0.7395769494235329,0.7128651733598765,0.5508051309292481,0.7184292351578624,0.7481945629487649,0.7111898636587107,0.5844396185453946,0.7288337178017381,0.8599572120979213,0.7525604937124953,0.707930025748442,0.6590997666472559,0.7516784736185825,0.6497265607241397,0.7616018399865359,0.680399277198847,0.7500770258319969,0.6749330284942117,0.7828750322201908,0.7311681009502287,0.8679151566844849,0.7023069454657833,0.5078420623052735,0.6999363486553523,0.7146568891976814,0.728738746103298,0.8726165996582457,0.7043309370611704,0.754922640837668,0.6777642512265482,0.9076211023390798,0.7116783621926044,1.0,0.746830861614849,0.7653026874843165,0.675993385860815,0.7682213918841713,0.7121929234788661,0.9067571818455834,0.7128412778850245,0.7599053603194175,0.7524031725814667,0.7521245558640484,0.7120132826213446,0.6043178057463855,0.6909716252706857
P36T,0.6927810678565819,0.6368006588471675,0.4502795296463212,0.8541922892349013,0.6963420911468249,0.8309859009070243,0.7646015930397649,0.8311101637703628,0.6776168276296116,0.8356395068949628,0.7975619636430307,0.84329503879271,0.7489679172709544,0.8768092141180494,0.743169842697813,0.8246225157689615,0.8137259395873653,0.8145258887796802,0.7614932291662442,0.8537927218989448,0.6363950216861618,0.8517143501192568,0.7594513531955972,0.8618909116513751,0.7303447049791992,0.8384375617888841,0.665504229034998,0.8252992576283684,0.7209027211615102,0.8673525755807464,0.7552407303745592,0.7858772461728908,0.8411694690559959,0.878661570960778,0.5150971365258739,0.8493457795807161,0.4650986823655311,0.8175817720079754,0.7287187615594077,0.8009410209991678,0.5388500801412891,0.8589188062706636,0.7757618156186769,0.8680652843795443,0.5545693144363123,0.8547093257208112,0.7622733335688844,0.8740766548504683,0.6277377872864203,0.7699709435881006,0.7360080502824626,0.7888125654582371,0.7073424548990264,0.8386106282793303,0.7511273656784758,0.8338562863415007,0.7843425729741849,0.8661034655646521,0.7912182115346004,0.879490038872656,0.47612569239715374,0.8551453234343439,0.8579539985557058,0.881745633778065,0.773830271457533,0.8336954292742847,0.720106278416591,0.8439835688017899,0.7032035697837605,0.8734191651738866,0.746830861614849,1.0,0.7112873354217478,0.8140576682999413,0.7645267982561686,0.8605331217696143,0.7172403938907014,0.8173256699668967,0.7790861601641791,0.8916741507373939,0.7019648846567254,0.8431978024265115,0.5209366964396263,0.8218090806164614
P37N,0.5946958610150179,0.5837499317695126,0.7563346037702697,0.6589495420666346,0.5967828201205317,0.6269955193911838,0.8747031567086584,0.6305920323877704,0.8852036729081612,0.6484199716889715,0.8075487100079104,0.632828436390068,0.8228255924960759,0.7000219836837343,0.8885614049994208,0.6708386726685235,0.7794767572298249,0.6236494194298635,0.7011982216337778,0.6270462237212906,0.8982482008327001,0.7692101798095847,0.8035241526165389,0.68370445748535,0.7254304910734797,0.6542762990877944,0.8846260333106294,0.6929549455154738,0.7505057851072835,0.6537479966211024,0.720544925514199,0.8128560110585965,0.7604853948099188,0.7482055659304061,0.7713099403298261,0.6664451055549846,0.7299429756244276,0.6137426712996119,0.7987406366012756,0.6517147980373055,0.7524498474231479,0.6905621428682093,0.7004474708358404,0.7119225738403533,0.6777657471434407,0.6645671973583684,0.7894615576681069,0.7718388648642426,0.8825443559947421,0.703546613913567,0.7899645867864463,0.6145988227289289,0.872229344523398,0.650555905049052,0.8217576548375493,0.6096762676441915,0.7790233776512969,0.6500646762852352,0.7966192033345425,0.6430098052161637,0.7473632605384539,0.6295819327999839,0.6719661460461775,0.6871212419834813,0.8386322311072157,0.655653521383089,0.8098396565676335,0.6144278761095614,0.710377747795251,0.6951752939334442,0.7653026874843165,0.7112873354217478,1.0,0.6301472625414483,0.7845156438058488,0.6801557304948778,0.7497254102866537,0.624509285861307,0.7763869128963646,0.7348775226657221,0.8817739607251638,0.6443102826223326,0.8142941859544265,0.6264525883588521
P37T,0.7848983797358927,0.7206180683373721,0.3678383622586346,0.8135502717860361,0.6365712675916878,0.7980544059511949,0.6764306357045291,0.7602431694641772,0.5755786285497921,0.8446630513801422,0.7270202248664159,0.8544639705972533,0.6647443903976119,0.8398358950258745,0.6671062407700595,0.8299421658972824,0.7531466841171002,0.7826013228983019,0.7045503319641586,0.8418394826737902,0.5556351883876852,0.7908375191189786,0.6938960210575167,0.8150544520759675,0.6679403583130342,0.8089709233010358,0.6047732161119864,0.8142537919456945,0.6785412943058299,0.8208142945958531,0.7016756887167465,0.7599513086339128,0.7554341792296899,0.7890519950160233,0.4616163880754329,0.792835807013564,0.3932262758854536,0.7609151190512746,0.6487880115105376,0.7762219896534269,0.4706306553828651,0.7758996069804843,0.7578654426711315,0.7998855579847024,0.4831448007077364,0.8272535847301442,0.6687672854510169,0.7847990853780065,0.5469604809002528,0.6758324135654057,0.6531820277152699,0.7074089873810615,0.6351206879754896,0.8503056100620694,0.6548984645770769,0.8152883259021613,0.6929525583656041,0.8233630019718381,0.7233232136352035,0.8404704212255476,0.38272400728268563,0.8022695429621781,0.8118636222995131,0.8203039718028989,0.6893128294916722,0.7822150609998738,0.6553635460315637,0.8469322526421992,0.6620462145887896,0.8284099971378069,0.675993385860815,0.8140576682999413,0.6301472625414483,1.0,0.7062968946994066,0.7834524534181606,0.6465990649264103,0.7923702315944601,0.667718191004965,0.8150325344676088,0.6140498520721043,0.7950432628113101,0.44601764344892886,0.7774744069962208
P38N,0.6985543256401596,0.7731418377026619,0.5901423104491668,0.7684592776769764,0.827943098414082,0.7944745063797644,0.8413205378923088,0.7245761724822917,0.8058138487150399,0.7270696517762658,0.7845918740814881,0.7030657437430399,0.9105350875056384,0.7930514282460106,0.848553552152151,0.708301651106158,0.8528443192580907,0.8225009858352801,0.8760679608324541,0.7579660728185139,0.7433937859086117,0.7846007718613479,0.9243668452911739,0.7760312537299201,0.8763240234290548,0.7845454169904654,0.7983260289770121,0.8132760526228804,0.8843888646575276,0.7689743399710824,0.9072866248949638,0.7662068469114804,0.8475579214017979,0.7801329495936593,0.6509846289866004,0.7072440138175302,0.6071532150572616,0.7896997517567718,0.7882555399103028,0.7007695057763648,0.6152416265288901,0.8403801879923413,0.7518783070527087,0.7399128585763609,0.60391473679124,0.7329552374220503,0.8405306964597574,0.7520831756063265,0.7524993921646841,0.6538505082332778,0.913514780886898,0.8110487585333911,0.8566291522509615,0.7002315666919317,0.8140421836648479,0.7863797056181202,0.8690937478018889,0.8022718657333684,0.8797663794546075,0.7425715609491464,0.5739994861081869,0.8062139791501561,0.8243866158369366,0.7764786176247906,0.8502681333904553,0.8485601120340429,0.8994963918519755,0.7748565883325226,0.7232484107694946,0.7307495169821802,0.7682213918841713,0.7645267982561686,0.7845156438058488,0.7062968946994066,1.0,0.8061526308213202,0.7481444772941176,0.8103591912712901,0.7808063725120179,0.8446350671531775,0.8573947118139174,0.8064590731620604,0.63377814324592,0.7783963563392517
P38T,0.6862724453009384,0.6549122171050417,0.43044242834661245,0.8502395450218352,0.7456022745708657,0.8642116995332981,0.7391521806689423,0.8138987097534628,0.6681909360510339,0.8094535050427887,0.7736621176693148,0.7997183998910814,0.7629586854705639,0.8762683213613672,0.7254881500937316,0.7580197838160654,0.7911409687032738,0.8446851706722397,0.7855884830000811,0.856138095411317,0.6110683964811418,0.8326027544343273,0.782121033802691,0.8663913996233115,0.75355232502261,0.8579987218132984,0.6528812581490971,0.8611515266006281,0.7522534379141251,0.8807591559792418,0.7880718479505291,0.7368895779388843,0.8415293689804715,0.8334680322597182,0.4821478484662448,0.8066324829181332,0.440321345159197,0.874143773408667,0.72432911740676,0.7824856541691724,0.5115481943421424,0.8952288564675347,0.7402891930476436,0.8517888587233554,0.5373843720159771,0.8235700425447104,0.7549501328848525,0.8256234976686228,0.6111946565601979,0.6940292575972187,0.7681523775079188,0.8640392125130346,0.7029444290805004,0.8145003390618889,0.7437778131134868,0.8690714981442547,0.7948371583010564,0.8873466406697702,0.7894494842390968,0.8641070041369596,0.45487087615897487,0.8837685908357427,0.8738191230372022,0.8578428327526976,0.7612689838942117,0.883568177302041,0.7335661507159552,0.8727396545181999,0.6699716290466643,0.8390945846088338,0.7121929234788661,0.8605331217696143,0.6801557304948778,0.7834524534181606,0.8061526308213202,1.0,0.6971136533403501,0.8648516879776554,0.741446058605397,0.8764552242137749,0.6920105304607643,0.8670214329956556,0.48869853080083975,0.8554639525141539
P39N,0.609202686593665,0.5983794266459457,0.5533127627367727,0.6716436255067739,0.6638803628943621,0.65279517282326,0.769217552874982,0.6439822707500691,0.7264703366101397,0.714528835235223,0.762914019782267,0.6788870288666793,0.7559904363793178,0.7353872342997181,0.7481674175449652,0.6997338767666281,0.8595670389029623,0.6944504727089357,0.7438580404145043,0.6920723906970397,0.6854519469494341,0.7436653910265341,0.7529824699448333,0.6966137859795598,0.7441336080561702,0.7036186730150419,0.7262318478325408,0.6902127461250629,0.7438853562649539,0.6762452471519936,0.747641795668217,0.7414346544934435,0.7609676110026826,0.7251143970557657,0.6116155414958536,0.6787566929676213,0.5620608088579591,0.6627518280331788,0.7561153487404615,0.7184112772219542,0.580047713053559,0.7131413681075303,0.7245604911050065,0.708229635122246,0.637152582195028,0.70866536825887,0.8415031757818893,0.7484792868614217,0.680589882639812,0.6588057432213416,0.7261809367693678,0.630873746199042,0.7423251121739951,0.6699732163868864,0.7461375425184769,0.6538437759879704,0.7569473501719457,0.7151672288749971,0.8537948005208023,0.6758029792015299,0.5268902775570529,0.6846492761475924,0.6911389365057081,0.7179026199684095,0.8645538311187031,0.690319436795272,0.7278391949993044,0.6670061900024693,0.9180216258200903,0.706524228250007,0.9067571818455834,0.7172403938907014,0.7497254102866537,0.6465990649264103,0.7481444772941176,0.6971136533403501,1.0,0.7073614510737718,0.7344948124075876,0.7388065226260719,0.740658733812981,0.6956546221217892,0.5963148371428391,0.6803784221953454
P39T,0.7539630295997989,0.74366258389487,0.37701743865801857,0.8297244715952481,0.7809285399095075,0.8738445776709084,0.7199335217019498,0.7882311627395869,0.6232279986515034,0.8354855150929973,0.7413152194880549,0.8016128043311862,0.7433427968646448,0.8459326954493752,0.704346241106107,0.7709315100041392,0.8116547093894119,0.8838310678065447,0.8213562473797198,0.873719777486036,0.5678641998099168,0.8090904742432574,0.7854844712874182,0.8324013761426577,0.7775536196379809,0.875565924122157,0.6172460687660998,0.8576334850987177,0.7729382130108114,0.8574933921967378,0.8244814186552366,0.7575684711615537,0.8408444181012827,0.8166675424888388,0.4785505762962867,0.7854406335706814,0.42567128041224467,0.8700745862408149,0.6742900077419809,0.8151192405629821,0.4259699538507539,0.8664641844744938,0.7867098259204022,0.7880013084578013,0.47477372317761735,0.8474680435075221,0.7414337082789565,0.7913094040598739,0.5821129712456486,0.6330829026477293,0.764778202213776,0.8436111617533483,0.695674873574483,0.8076620298820392,0.6968416150647961,0.8881557442749145,0.7776673280048699,0.9057112802713593,0.8020722261693666,0.8538085110617473,0.3488640461808922,0.9119999449383409,0.8915771564557562,0.859933697178458,0.7441392150928087,0.8954980265448891,0.7669241910681855,0.8664805369470315,0.7052387624181035,0.8223305940657863,0.7128412778850245,0.8173256699668967,0.624509285861307,0.7923702315944601,0.8103591912712901,0.8648516879776554,0.7073614510737718,1.0,0.6870518339762013,0.8712096494850378,0.6772617154844334,0.8966348783348571,0.43387718381013424,0.8905509951464106
P40N,0.5817522312961457,0.5760228175119152,0.541889072374905,0.7011333448637831,0.6850795198155429,0.6970406382094744,0.8209628183984877,0.7280597582913504,0.7665014385498671,0.6732604996744961,0.8417988689311013,0.69814998531557,0.8058930500771296,0.760135078736081,0.8185196902886938,0.7066748576447529,0.8224052056503921,0.7098032756049422,0.7795008747187951,0.693088066040365,0.7317481176404933,0.7388351615802867,0.77823842868195,0.7170882101112842,0.7789854710532729,0.7330532985210527,0.770813377872209,0.7051344003258857,0.7856123746028615,0.7069608693144469,0.7769722733147159,0.7122109602937094,0.8448000165174956,0.7858449372722821,0.5577601871602489,0.7567483586252302,0.523694448155457,0.6806144046275188,0.8319137411796037,0.6936175979255202,0.658092812468871,0.7470550077864837,0.7364283946260612,0.7643996662455397,0.6362108735995892,0.714564744183144,0.8181307067382307,0.7821980502737425,0.6914630043864962,0.7503300326934937,0.7636383045027003,0.6850902069985609,0.7762097817704403,0.6926647648336208,0.8615545807230426,0.6851175297872781,0.8483157015960768,0.7230680201901909,0.8311467305217336,0.7223254447789503,0.5996408594089568,0.726263716983679,0.7224878599088882,0.7115266670947262,0.8376459834528097,0.7376714603880061,0.7322301023111847,0.6858376288100906,0.689955497144858,0.7160727285568412,0.7599053603194175,0.7790861601641791,0.7763869128963646,0.667718191004965,0.7808063725120179,0.741446058605397,0.7344948124075876,0.6870518339762013,1.0,0.7797108501770921,0.7643149825068691,0.7433809732808596,0.6251449313695354,0.696875951611376
P40T,0.7673262815423899,0.7262789264238272,0.47172766447472225,0.8727053969607439,0.7427721033316445,0.874265024670692,0.8042984878634022,0.8139327625068179,0.715888831724456,0.853492030234786,0.8103107183970482,0.8349772235544092,0.8040672215779568,0.8922455943848099,0.7964631014669425,0.8468900337749746,0.8438407773541834,0.8735661744055361,0.8028299592018412,0.8788124829882074,0.6670226591836722,0.8890160864159069,0.8260442582302899,0.8840296815394062,0.7971327849261182,0.8692455051626444,0.7110940867246455,0.8799046654394271,0.8004463848103484,0.8846549167675682,0.8200409221085182,0.8388761902802297,0.8724854326419098,0.9093486726043722,0.5448159290954864,0.839266778213252,0.49803824396809926,0.8594715622321893,0.7418505469605831,0.831999472364359,0.5774824415770453,0.9027928472572722,0.8000958248241514,0.8631187094835477,0.569775355503803,0.8651905644761133,0.7802033408685656,0.8749206831593297,0.6685459721004623,0.7480898346719101,0.7985379014881249,0.8335791125764247,0.7639035975091334,0.8471898348931759,0.7745615070362268,0.8640654559091581,0.8155979906434593,0.9013205505034729,0.833134575316917,0.8863763822881892,0.4951010674661629,0.8917522636003884,0.9054776520446157,0.8963194935036246,0.8131689693620904,0.8999763625272389,0.7908992702874738,0.8671185743988256,0.7239456186351994,0.8664204502967819,0.7524031725814667,0.8916741507373939,0.7348775226657221,0.8150325344676088,0.8446350671531775,0.8764552242137749,0.7388065226260719,0.8712096494850378,0.7797108501770921,1.0,0.7460629680216254,0.8855962197978995,0.5374054932626169,0.878136483425602
P41N,0.6016005623348623,0.6450745231863955,0.75890113767715,0.6691195989121964,0.680947347702509,0.6678510884121732,0.8608573683645117,0.6291247182484959,0.8783261654421252,0.6364512972578613,0.7691951747943006,0.6087779397747205,0.8699548800466301,0.6992395121587027,0.8746221036293587,0.6369210289851334,0.7839638875165656,0.6875857519853167,0.770802469552305,0.6465574259967615,0.8484243342560941,0.7349343799624478,0.8581217976628929,0.6940685303495349,0.7990744604375315,0.6611210762618067,0.8553329591834791,0.7182351616653423,0.8036100891153888,0.6611184088936849,0.7929848691857544,0.7634922179733312,0.7700204333461361,0.7192899295116573,0.7834455503907649,0.6342318688797739,0.7439216435915444,0.6575043951031166,0.7950122172596586,0.6261716337366788,0.7107567926287743,0.7241670351491686,0.6793619357310989,0.6803357929610763,0.6593445858888061,0.6389473711485787,0.8031842230380051,0.7228888131332917,0.8723440098580706,0.6339756309316701,0.8481950341101537,0.6704134104251127,0.8743696310845457,0.6176391119407746,0.808108748375232,0.642979084267122,0.8053698927670959,0.6750765401809949,0.8118191061599606,0.6391931157144393,0.6837271145236442,0.6696686697451735,0.701638300619981,0.6845872404671499,0.8263248441435687,0.7073307579250948,0.8659776666321103,0.6476893190517795,0.693350017614713,0.6606822976446792,0.7521245558640484,0.7019648846567254,0.8817739607251638,0.6140498520721043,0.8573947118139174,0.6920105304607643,0.740658733812981,0.6772617154844334,0.7643149825068691,0.7460629680216254,1.0,0.6866905784363277,0.7984559228607745,0.6586337906214051
P41T,0.7477073068815426,0.7195387562579794,0.36952493864526015,0.8409068879180445,0.7802759756364798,0.8775707857365627,0.744513081387396,0.8105436614935552,0.6397132094241534,0.8367600036900523,0.7801912103359229,0.821045583447671,0.7520137975588165,0.8646634100666372,0.7349819918876542,0.8033392236828302,0.8289712091035966,0.8856493895719397,0.8240452369908359,0.8824648641646425,0.5874695314108376,0.8351981056804132,0.7875657520304024,0.8474241490170473,0.7910709936972079,0.8847415878602921,0.6353335987762133,0.8464845212761831,0.7878300121449625,0.8790014676900433,0.8233221850947392,0.7748915964591271,0.8626455582290079,0.8604504135149943,0.4784894639606374,0.8331696904665202,0.4215441949571081,0.8638316716280462,0.712636320641462,0.8310424895882497,0.4664724019443693,0.8869450452889978,0.8074135079284318,0.8252257160153715,0.4951848585770165,0.8728951200679329,0.7549041820023599,0.822853536431423,0.5946897459915744,0.6875998790088933,0.7661901006126608,0.8454759881087226,0.7036027779991607,0.8367639386968297,0.7326604486727444,0.8971811243787174,0.8098296506394391,0.9196654962743444,0.8141952546912062,0.8887491750698373,0.3715388791432668,0.9310657261153906,0.9064985184950696,0.8731773742163154,0.7612201156852085,0.906441740384916,0.7591054222096245,0.8666306107176474,0.698605437123776,0.8291657039088948,0.7120132826213446,0.8431978024265115,0.6443102826223326,0.7950432628113101,0.8064590731620604,0.8670214329956556,0.6956546221217892,0.8966348783348571,0.7433809732808596,0.8855962197978995,0.6866905784363277,1.0,0.43908967716478065,0.8980832722279769
P42N,0.4128390663046715,0.4103276775724043,0.822308385817428,0.4776750637915167,0.4309498652314203,0.438957316494131,0.6992912692560034,0.4495234754523268,0.765358135644547,0.4373936069554949,0.5885555071563543,0.430690239058402,0.6743032521131201,0.5046745898786111,0.7214957322652212,0.4766504502722782,0.5666031091809046,0.44093538785523606,0.523760017692658,0.43189067967304134,0.7991967964094651,0.5646110831445788,0.6420725462575726,0.49333145750364804,0.543648688831552,0.454404098996774,0.7540206532856403,0.5031884962537928,0.5754405425585641,0.45430729046711776,0.5383509907037838,0.6169203329480502,0.5501144547435143,0.5383500648209245,0.8014136697971989,0.47085907300757174,0.7850137939013079,0.4333662342363601,0.6202772755361993,0.4462215177782673,0.7483917103108134,0.5129035718600705,0.4804871631013658,0.5208878160715755,0.6098037198755288,0.45814078743496256,0.598455053118285,0.5700717739815904,0.8169653062803718,0.5512716317078739,0.6425376522045685,0.4492950870260088,0.7207603033179011,0.4666015260670965,0.6292373433097639,0.4138238220860228,0.5930761481008366,0.4392696103354634,0.587391805271324,0.4384296112489489,0.7137855952143808,0.4308561885571527,0.4756126937901443,0.47080182488979494,0.643480038957721,0.4784206257595577,0.6466289068972172,0.4270127388213847,0.5442140376800422,0.502702526441539,0.6043178057463855,0.5209366964396263,0.8142941859544265,0.44601764344892886,0.63377814324592,0.48869853080083975,0.5963148371428391,0.43387718381013424,0.6251449313695354,0.5374054932626169,0.7984559228607745,0.43908967716478065,1.0,0.4236384873099959
P42T,0.7519686684487312,0.7122465195537917,0.3594749602743286,0.8378651679013317,0.7440188233583279,0.8666019222354767,0.7105076723108094,0.792486508997063,0.6117645576935781,0.8283540537660803,0.7302026067096578,0.8007149077049668,0.7216297049823844,0.8378979282005175,0.7063618875150437,0.7851575362055078,0.7912537292257681,0.8575456505507308,0.7835290843739162,0.864890096887599,0.5638972209777525,0.8295862823720931,0.7569297886063846,0.8309683456671441,0.7487910050004224,0.8649255034789286,0.612582164183239,0.840412486842782,0.7476244070830343,0.8663380402374299,0.7868951391510352,0.7658692486365173,0.8198141892280253,0.8470594944265541,0.45806705780809004,0.812078706786179,0.41411639950564827,0.8633188964985532,0.6699954298545294,0.8440393401669729,0.43384629285780674,0.8575472935124275,0.7970137378634047,0.8115000212636385,0.47637524799285125,0.8658421220657855,0.7176929075465172,0.8037141041157566,0.5809768140799392,0.6661973110255669,0.734529808740527,0.8311377763507871,0.6798397747425134,0.8381948048109468,0.6980713226178908,0.8801214078924062,0.7601982485718193,0.8930161012833243,0.7810443640194741,0.872109557833236,0.35256640513671406,0.8953655145398766,0.8848525604345732,0.8543894743554052,0.7377302087074246,0.8772727460305673,0.72756174681888,0.8555917710050098,0.692298632599106,0.8185771583359568,0.6909716252706857,0.8218090806164614,0.6264525883588521,0.7774744069962208,0.7783963563392517,0.8554639525141539,0.6803784221953454,0.8905509951464106,0.696875951611376,0.878136483425602,0.6586337906214051,0.8980832722279769,0.4236384873099959,1.0
