feature_key,feature_id_original,duplicate_identifier,compound_identifier,all_abundance_missing,both_missing_pairs,N_only_pairs,T_only_pairs,both_detected_pairs,discordant_pairs,detection_fraction_T_minus_N,exact_p_value,bh_q_value
F00001,TMA7B,False,False,True,42,0,0,0,0,0.0,,
F00002,A1BG,False,False,False,0,0,0,42,0,0.0,,
F00003,A2M,False,False,False,0,0,0,42,0,0.0,,
F00004,A2ML1,False,False,False,0,1,4,37,5,0.07142857142857142,0.375,0.510833506116525
F00005,AAAS,False,False,False,0,0,7,35,7,0.16666666666666666,0.015625,0.03678117162307417
F00006,AACS,False,False,False,0,0,9,33,9,0.21428571428571427,0.00390625,0.01172410347190498
F00007,AADAC,False,False,False,31,7,2,2,9,-0.11904761904761904,0.1796875,0.2823599318344894
F00008,AAGAB,False,False,False,0,0,13,29,13,0.30952380952380953,0.000244140625,0.0012069254373589164
F00009,AAK1,False,False,False,1,0,25,16,25,0.5952380952380952,5.960464477539063e-08,2.5428734816514053e-06
F00010,AAMDC,False,False,False,1,4,0,37,4,-0.09523809523809523,0.125,0.2027277215502345
F00011,AAMP,False,False,False,1,1,23,17,24,0.5238095238095238,2.9802322387695312e-06,3.9451045565085836e-05
F00012,AAR2,False,False,False,3,0,30,9,30,0.7142857142857143,1.862645149230957e-09,4.219854700154272e-07
F00013,AARS1,False,False,False,0,0,1,41,1,0.023809523809523808,1.0,1.0
F00014,AARS2,False,False,False,1,2,13,26,15,0.2619047619047619,0.00738525390625,0.0203017230811977
F00015,AARSD1,False,False,False,0,1,8,33,9,0.16666666666666666,0.0390625,0.07848337155963303
F00016,AASDH,False,False,False,37,5,0,0,5,-0.11904761904761904,0.0625,0.11622558731955845
F00017,AASDHPPT,False,False,False,0,0,1,41,1,0.023809523809523808,1.0,1.0
F00018,AASS,False,False,False,5,15,5,17,20,-0.23809523809523808,0.04138946533203125,0.08245263409079603
F00019,AATF,False,False,False,6,2,23,11,25,0.5,1.9431114196777344e-05,0.00016998990715423056
F00020,ABAT,False,False,False,2,9,6,25,15,-0.07142857142857142,0.60723876953125,0.7455725501439567
F00021,ABCA12,False,False,False,9,1,24,8,25,0.5476190476190477,1.5497207641601562e-06,2.4955062305226046e-05
F00022,ABCA13,False,False,False,32,4,6,0,10,0.047619047619047616,0.75390625,0.8906966485344362
F00023,ABCA2,False,False,False,25,9,5,3,14,-0.09523809523809523,0.4239501953125,0.5711201113805875
F00024,ABCA8,False,False,False,4,30,0,8,30,-0.7142857142857143,1.862645149230957e-09,4.219854700154272e-07
F00025,ABCB10,False,False,False,1,3,9,29,12,0.14285714285714285,0.14599609375,0.23332384722391145
F00026,ABCB6,False,False,False,4,14,7,17,21,-0.16666666666666666,0.18924713134765625,0.2959661159138542
F00027,ABCB7,False,False,False,34,1,6,1,7,0.11904761904761904,0.125,0.2027277215502345
F00028,ABCB8,False,False,False,2,4,14,22,18,0.23809523809523808,0.0308837890625,0.06532373528475978
F00029,ABCC1,False,False,False,0,0,7,35,7,0.16666666666666666,0.015625,0.03678117162307417
F00030,ABCC4,False,False,False,2,1,24,15,25,0.5476190476190477,1.5497207641601562e-06,2.4955062305226046e-05
F00031,ABCC5,False,False,False,33,3,5,1,8,0.047619047619047616,0.7265625,0.8618009794186676
F00032,ABCC9,False,False,False,27,6,8,1,14,0.047619047619047616,0.79052734375,0.9276236200102697
F00033,ABCD1,False,False,False,6,3,18,15,21,0.35714285714285715,0.0014896392822265625,0.005365641493546336
F00034,ABCD3,False,False,False,0,0,3,39,3,0.07142857142857142,0.25,0.3572982379812921
F00035,ABCE1,False,False,False,0,0,2,40,2,0.047619047619047616,0.5,0.6282271944922547
F00036,ABCF1,False,False,False,0,0,1,41,1,0.023809523809523808,1.0,1.0
F00037,ABCF2,False,False,False,0,0,2,40,2,0.047619047619047616,0.5,0.6282271944922547
F00038,ABCF3,False,False,False,0,0,3,39,3,0.07142857142857142,0.25,0.3572982379812921
F00039,ABHD10,False,False,False,0,1,2,39,3,0.023809523809523808,1.0,1.0
F00040,ABHD11,False,False,False,0,3,1,38,4,-0.047619047619047616,0.625,0.7584503140007388
F00041,ABHD12,False,False,False,0,0,9,33,9,0.21428571428571427,0.00390625,0.01172410347190498
F00042,ABHD14B,False,False,False,0,0,0,42,0,0.0,,
F00043,ABHD16A,False,False,False,0,0,4,38,4,0.09523809523809523,0.125,0.2027277215502345
F00044,ABHD17B,False,False,False,24,2,12,4,14,0.23809523809523808,0.012939453125,0.03188754952409977
F00045,ABHD3,False,False,False,38,0,4,0,4,0.09523809523809523,0.125,0.2027277215502345
F00046,ABHD5,False,False,False,7,6,7,22,13,0.023809523809523808,1.0,1.0
F00047,ABHD6,False,False,False,16,3,20,3,23,0.40476190476190477,0.00048828125,0.002121698288690476
F00048,ABI1,False,False,False,0,0,4,38,4,0.09523809523809523,0.125,0.2027277215502345
F00049,ABI3,False,False,False,18,5,17,2,22,0.2857142857142857,0.01690053939819336,0.03958522062250637
F00050,ABI3BP,False,False,False,0,18,0,24,18,-0.42857142857142855,7.62939453125e-06,7.981707336037023e-05
F00051,ABL1,False,False,False,33,6,1,2,7,-0.11904761904761904,0.125,0.2027277215502345
F00052,ABLIM1,False,False,False,0,2,1,39,3,-0.023809523809523808,1.0,1.0
F00053,ABLIM2,False,False,False,1,16,6,19,22,-0.23809523809523808,0.052478790283203125,0.10329108812481862
F00054,ABLIM3,False,False,False,31,4,4,3,8,0.0,1.0,1.0
F00055,ABO,False,False,False,33,8,1,0,9,-0.16666666666666666,0.0390625,0.07848337155963303
F00056,ABR,False,False,False,1,1,15,25,16,0.3333333333333333,0.000518798828125,0.002199037613407258
F00057,ABRACL,False,False,False,0,0,0,42,0,0.0,,
F00058,ABRAXAS2,False,False,False,0,0,3,39,3,0.07142857142857142,0.25,0.3572982379812921
F00059,ABT1,False,False,False,20,3,18,1,21,0.35714285714285715,0.0014896392822265625,0.005365641493546336
F00060,ACAA1,False,False,False,0,0,0,42,0,0.0,,
F00061,ACAA2,False,False,False,0,0,0,42,0,0.0,,
F00062,ACACA,False,False,False,0,0,7,35,7,0.16666666666666666,0.015625,0.03678117162307417
F00063,ACACB,False,False,False,29,10,2,1,12,-0.19047619047619047,0.03857421875,0.07848337155963303
F00064,ACAD10,False,False,False,7,5,21,9,26,0.38095238095238093,0.002493917942047119,0.008159880915960942
F00065,ACAD8,False,False,False,5,12,9,16,21,-0.07142857142857142,0.6636238098144531,0.7992682732320728
F00066,ACAD9,False,False,False,0,0,0,42,0,0.0,,
F00067,ACADM,False,False,False,0,0,0,42,0,0.0,,
F00068,ACADS,False,False,False,0,2,1,39,3,-0.023809523809523808,1.0,1.0
F00069,ACADSB,False,False,False,0,11,4,27,15,-0.16666666666666666,0.11846923828125,0.2027277215502345
F00070,ACADVL,False,False,False,0,0,0,42,0,0.0,,
F00071,ACAN,False,False,False,35,4,3,0,7,-0.023809523809523808,1.0,1.0
F00072,ACAP1,False,False,False,12,2,20,8,22,0.42857142857142855,0.00012111663818359375,0.0006813950323916738
F00073,ACAP2,False,False,False,0,0,5,37,5,0.11904761904761904,0.0625,0.11622558731955845
F00074,ACAT1,False,False,False,0,0,0,42,0,0.0,,
F00075,ACAT2,False,False,False,0,0,4,38,4,0.09523809523809523,0.125,0.2027277215502345
F00076,ACBD3,False,False,False,0,0,2,40,2,0.047619047619047616,0.5,0.6282271944922547
F00077,ACBD5,False,False,False,13,1,25,3,26,0.5714285714285714,8.046627044677734e-07,1.6117786488881927e-05
F00078,ACBD6,False,False,False,24,3,15,0,18,0.2857142857142857,0.007537841796875,0.020482092976855548
F00079,ACE,False,False,False,4,9,10,19,19,0.023809523809523808,1.0,1.0
F00080,ACER1,False,False,False,20,11,7,4,18,-0.09523809523809523,0.480682373046875,0.6282271944922547
F00081,ACIN1,False,False,False,0,0,0,42,0,0.0,,
F00082,ACKR1,False,False,False,33,5,2,2,7,-0.07142857142857142,0.453125,0.6055675870964624
F00083,ACLY,False,False,False,0,0,0,42,0,0.0,,
F00084,ACO1,False,False,False,0,0,0,42,0,0.0,,
F00085,ACO2,False,False,False,0,0,0,42,0,0.0,,
F00086,ACOT1,False,False,False,18,16,3,5,19,-0.30952380952380953,0.004425048828125,0.012728796322583735
F00087,ACOT11,False,False,False,0,2,12,28,14,0.23809523809523808,0.012939453125,0.03188754952409977
F00088,ACOT13,False,False,False,0,0,3,39,3,0.07142857142857142,0.25,0.3572982379812921
F00089,ACOT2,False,False,False,32,8,2,0,10,-0.14285714285714285,0.109375,0.19126796646260313
F00090,ACOT4,False,False,False,18,7,10,7,17,0.07142857142857142,0.629058837890625,0.7611264392157286
F00091,ACOT7,False,False,False,0,0,2,40,2,0.047619047619047616,0.5,0.6282271944922547
F00092,ACOT8,False,False,False,0,0,20,22,20,0.47619047619047616,1.9073486328125e-06,2.7785544384873893e-05
F00093,ACOT9,False,False,False,0,0,0,42,0,0.0,,
F00094,ACOX1,False,False,False,0,0,6,36,6,0.14285714285714285,0.03125,0.06532373528475978
F00095,ACOX3,False,False,False,0,1,8,33,9,0.16666666666666666,0.0390625,0.07848337155963303
F00096,ACP1,False,False,False,0,0,0,42,0,0.0,,
F00097,ACP2,False,False,False,0,0,17,25,17,0.40476190476190477,1.52587890625e-05,0.0001392364501953125
F00098,ACP3,False,False,False,2,8,6,26,14,-0.047619047619047616,0.79052734375,0.9276236200102697
F00099,ACP5,False,False,False,0,1,29,12,30,0.6666666666666666,5.774199962615967e-08,2.5428734816514053e-06
F00100,ACP7,False,False,False,17,1,23,1,24,0.5238095238095238,2.9802322387695312e-06,3.9451045565085836e-05
F00101,ACSF2,False,False,False,0,8,8,26,16,0.0,1.0,1.0
F00102,ACSF3,False,False,False,3,3,13,23,16,0.23809523809523808,0.021270751953125,0.0488923947869761
F00103,ACSL1,False,False,False,0,0,0,42,0,0.0,,
F00104,ACSL3,False,False,False,0,0,1,41,1,0.023809523809523808,1.0,1.0
F00105,ACSL4,False,False,False,0,0,12,30,12,0.2857142857142857,0.00048828125,0.002121698288690476
F00106,ACSL5,False,False,False,12,3,21,6,24,0.42857142857142855,0.0002771615982055664,0.0013119248560594895
F00107,ACSS1,False,False,False,0,3,7,32,10,0.09523809523809523,0.34375,0.47586125158027814
F00108,ACSS2,False,False,False,1,6,8,27,14,0.047619047619047616,0.79052734375,0.9276236200102697
F00109,ACSS3,False,False,False,23,11,5,3,16,-0.14285714285714285,0.210113525390625,0.3264237081618364
F00110,ACTA1,False,False,False,0,0,0,42,0,0.0,,
F00111,ACTA2,False,False,True,42,0,0,0,0,0.0,,
F00112,ACTB,False,False,False,0,0,0,42,0,0.0,,
F00113,ACTBL2,False,False,False,0,0,0,42,0,0.0,,
F00114,ACTG1,False,False,False,0,0,0,42,0,0.0,,
F00115,ACTL6A,False,False,False,0,0,3,39,3,0.07142857142857142,0.25,0.3572982379812921
F00116,ACTL6B,False,False,False,36,0,6,0,6,0.14285714285714285,0.03125,0.06532373528475978
F00117,ACTN1,False,False,False,0,0,0,42,0,0.0,,
F00118,ACTN2,False,False,False,0,0,0,42,0,0.0,,
F00119,ACTN3,False,False,False,1,0,6,35,6,0.14285714285714285,0.03125,0.06532373528475978
F00120,ACTN4,False,False,False,0,0,0,42,0,0.0,,
F00121,ACTR10,False,False,False,0,0,11,31,11,0.2619047619047619,0.0009765625,0.0036371970663265306
F00122,ACTR1A,False,False,False,0,0,0,42,0,0.0,,
F00123,ACTR1B,False,False,False,1,2,2,37,4,0.0,1.0,1.0
F00124,ACTR2,False,False,False,0,0,0,42,0,0.0,,
F00125,ACTR3,False,False,False,0,0,0,42,0,0.0,,
F00126,ACTR5,False,False,False,14,5,16,7,21,0.2619047619047619,0.02660369873046875,0.0591493403245955
F00127,ACTRT3,False,False,False,17,1,22,2,23,0.5,5.7220458984375e-06,6.318292697938551e-05
F00128,ACY1,False,False,False,0,0,1,41,1,0.023809523809523808,1.0,1.0
F00129,ACYP1,False,False,False,0,0,3,39,3,0.07142857142857142,0.25,0.3572982379812921
F00130,ACYP2,False,False,False,0,0,0,42,0,0.0,,
F00131,ADA,False,False,False,0,1,10,31,11,0.21428571428571427,0.01171875,0.02986508436772692
F00132,ADA2,False,False,False,20,3,14,5,17,0.2619047619047619,0.012725830078125,0.03188754952409977
F00133,ADAM10,False,False,False,0,0,1,41,1,0.023809523809523808,1.0,1.0
F00134,ADAM15,False,False,False,20,6,15,1,21,0.21428571428571427,0.0783538818359375,0.14015382620803413
F00135,ADAM17,False,False,False,2,1,19,20,20,0.42857142857142855,4.00543212890625e-05,0.0002895015301090656
F00136,ADAM33,False,False,False,35,1,6,0,7,0.11904761904761904,0.125,0.2027277215502345
F00137,ADAM8,False,False,False,19,0,22,1,22,0.5238095238095238,4.76837158203125e-07,1.0408040296991798e-05
F00138,ADAM9,False,False,False,11,5,20,6,25,0.35714285714285715,0.004077315330505371,0.012181883456762296
F00139,ADAMTS13,False,False,False,38,0,4,0,4,0.09523809523809523,0.125,0.2027277215502345
F00140,ADAMTS4,False,False,False,4,2,12,24,14,0.23809523809523808,0.012939453125,0.03188754952409977
F00141,ADAMTSL4,False,False,False,10,18,8,6,26,-0.23809523809523808,0.07551869750022888,0.13608278732213488
F00142,ADAR,False,False,False,0,0,3,39,3,0.07142857142857142,0.25,0.3572982379812921
F00143,ADAT2,False,False,False,39,0,2,1,2,0.047619047619047616,0.5,0.6282271944922547
F00144,ADCK1,False,False,False,24,9,7,2,16,-0.047619047619047616,0.803619384765625,0.9394625192010955
F00145,ADD1,False,False,False,0,0,0,42,0,0.0,,
F00146,ADD2,False,False,False,0,4,7,31,11,0.07142857142857142,0.548828125,0.6802114282682513
F00147,ADD3,False,False,False,0,0,0,42,0,0.0,,
F00148,ADGRB1,False,False,False,32,5,3,2,8,-0.047619047619047616,0.7265625,0.8618009794186676
F00149,ADGRB2,False,False,False,3,16,9,14,25,-0.16666666666666666,0.2295229434967041,0.34761773600123236
F00150,ADGRE2,False,False,False,32,0,10,0,10,0.23809523809523808,0.001953125,0.006523655948144382
F00151,ADGRE5,False,False,False,9,2,23,8,25,0.5,1.9431114196777344e-05,0.00016998990715423056
F00152,ADGRG1,False,False,False,3,0,26,13,26,0.6190476190476191,2.9802322387695312e-08,1.6049283449767065e-06
F00153,ADGRG3,False,False,False,27,1,12,2,13,0.2619047619047619,0.00341796875,0.010703553235224024
F00154,ADGRL2,False,False,False,16,7,10,9,17,0.07142857142857142,0.629058837890625,0.7611264392157286
F00155,ADGRV1,False,False,False,23,7,10,2,17,0.07142857142857142,0.629058837890625,0.7611264392157286
F00156,ADH1B,False,False,False,0,18,0,24,18,-0.42857142857142855,7.62939453125e-06,7.981707336037023e-05
F00157,ADH1C,False,False,False,25,16,1,0,17,-0.35714285714285715,0.000274658203125,0.0013119248560594895
F00158,ADH4,False,False,False,31,6,3,2,9,-0.07142857142857142,0.5078125,0.632959234490609
F00159,ADH5,False,False,False,0,0,0,42,0,0.0,,
F00160,ADH7,False,False,False,1,6,4,31,10,-0.047619047619047616,0.75390625,0.8906966485344362
F00161,ADHFE1,False,False,False,23,15,1,3,16,-0.3333333333333333,0.000518798828125,0.002199037613407258
F00162,ADI1,False,False,False,2,2,19,19,21,0.40476190476190477,0.00022125244140625,0.0011491134703866107
F00163,ADIPOQ,False,False,False,5,16,4,17,20,-0.2857142857142857,0.01181793212890625,0.029885994644693634
F00164,ADIRF,False,False,False,0,1,1,40,2,0.0,1.0,1.0
F00165,ADISSP,False,False,False,0,0,3,39,3,0.07142857142857142,0.25,0.3572982379812921
F00166,ADK,False,False,False,0,0,0,42,0,0.0,,
F00167,ADNP,False,False,False,0,2,19,21,21,0.40476190476190477,0.00022125244140625,0.0011491134703866107
F00168,ADO,False,False,False,2,3,20,17,23,0.40476190476190477,0.00048828125,0.002121698288690476
F00169,ADPGK,False,False,False,0,0,16,26,16,0.38095238095238093,3.0517578125e-05,0.00023755982023844786
F00170,ADPRH,False,False,False,9,5,20,8,25,0.35714285714285715,0.004077315330505371,0.012181883456762296
F00171,ADPRHL1,False,False,False,4,10,6,22,16,-0.09523809523809523,0.454498291015625,0.6055675870964624
F00172,ADPRS,False,False,False,0,0,1,41,1,0.023809523809523808,1.0,1.0
F00173,ADRM1,False,False,False,0,0,0,42,0,0.0,,
F00174,ADSL,False,False,False,0,0,0,42,0,0.0,,
F00175,ADSS1,False,False,False,5,13,5,19,18,-0.19047619047619047,0.09625244140625,0.16967495037270258
F00176,ADSS2,False,False,False,0,0,5,37,5,0.11904761904761904,0.0625,0.11622558731955845
F00177,AEBP1,False,False,False,0,0,1,41,1,0.023809523809523808,1.0,1.0
F00178,AEBP2,False,False,False,31,3,7,1,10,0.09523809523809523,0.34375,0.47586125158027814
F00179,AFAP1,False,False,False,14,2,22,4,24,0.47619047619047616,3.5881996154785156e-05,0.0002719085521763996
F00180,AFAP1L2,False,False,False,0,0,9,33,9,0.21428571428571427,0.00390625,0.01172410347190498
F00181,AFDN,False,False,False,0,1,5,36,6,0.09523809523809523,0.21875,0.3337639340455179
F00182,AFF2,False,False,False,5,2,32,3,34,0.7142857142857143,6.938353180885315e-08,2.940966477317195e-06
F00183,AFF4,False,False,False,35,1,5,1,6,0.09523809523809523,0.21875,0.3337639340455179
F00184,AFG2A,False,False,False,3,1,27,11,28,0.6190476190476191,2.1606683731079102e-07,6.4820051193237305e-06
F00185,AFG2B,False,False,False,29,1,10,2,11,0.21428571428571427,0.01171875,0.02986508436772692
F00186,AFG3L2,False,False,False,0,0,1,41,1,0.023809523809523808,1.0,1.0
F00187,AFM,False,False,False,0,0,0,42,0,0.0,,
F00188,AFMID,False,False,False,38,4,0,0,4,-0.09523809523809523,0.125,0.2027277215502345
F00189,AFTPH,False,False,False,16,2,20,4,22,0.42857142857142855,0.00012111663818359375,0.0006813950323916738
F00190,AGA,False,False,False,1,3,18,20,21,0.35714285714285715,0.0014896392822265625,0.005365641493546336
F00191,AGAP3,False,False,False,15,4,15,8,19,0.2619047619047619,0.0192108154296875,0.044614725123028234
F00192,AGBL1,False,False,False,36,5,1,0,6,-0.09523809523809523,0.21875,0.3337639340455179
F00193,AGBL2,False,False,False,13,7,16,6,23,0.21428571428571427,0.0931396484375,0.1652072057868183
F00194,AGFG1,False,False,False,0,0,2,40,2,0.047619047619047616,0.5,0.6282271944922547
F00195,AGFG2,False,False,False,5,14,7,16,21,-0.16666666666666666,0.18924713134765625,0.2959661159138542
F00196,AGK,False,False,False,0,0,1,41,1,0.023809523809523808,1.0,1.0
F00197,AGL,False,False,False,0,0,0,42,0,0.0,,
F00198,AGMAT,False,False,False,31,6,5,0,11,-0.023809523809523808,1.0,1.0
F00199,AGO1,False,False,False,4,10,11,17,21,0.023809523809523808,1.0,1.0
F00200,AGO2,False,False,False,0,0,6,36,6,0.14285714285714285,0.03125,0.06532373528475978
F00201,AGO3,False,False,False,21,3,15,3,18,0.2857142857142857,0.007537841796875,0.020482092976855548
F00202,AGPAT1,False,False,False,12,4,22,4,26,0.42857142857142855,0.0005335211753845215,0.0022326331989021056
F00203,AGPAT2,False,False,False,19,4,15,4,19,0.2619047619047619,0.0192108154296875,0.044614725123028234
F00204,AGPAT3,False,False,False,0,0,4,38,4,0.09523809523809523,0.125,0.2027277215502345
F00205,AGPAT4,False,False,False,30,1,11,0,12,0.23809523809523808,0.00634765625,0.017898756035407724
F00206,AGPAT5,False,False,False,16,2,20,4,22,0.42857142857142855,0.00012111663818359375,0.0006813950323916738
F00207,AGPS,False,False,False,0,0,8,34,8,0.19047619047619047,0.0078125,0.020482092976855548
F00208,AGR2,False,False,False,0,2,7,33,9,0.11904761904761904,0.1796875,0.2823599318344894
F00209,AGR3,False,False,False,22,8,10,2,18,0.047619047619047616,0.8145294189453125,0.9495135348599544
F00210,AGRN,False,False,False,0,0,1,41,1,0.023809523809523808,1.0,1.0
F00211,AGT,False,False,False,0,0,0,42,0,0.0,,
F00212,AGTPBP1,False,False,False,38,0,3,1,3,0.07142857142857142,0.25,0.3572982379812921
F00213,AGTRAP,False,False,False,0,0,17,25,17,0.40476190476190477,1.52587890625e-05,0.0001392364501953125
F00214,AHCTF1,False,False,False,0,0,13,29,13,0.30952380952380953,0.000244140625,0.0012069254373589164
F00215,AHCY,False,False,False,0,0,0,42,0,0.0,,
F00216,AHCYL1,False,False,False,2,2,19,19,21,0.40476190476190477,0.00022125244140625,0.0011491134703866107
F00217,AHCYL2,False,False,False,0,3,7,32,10,0.09523809523809523,0.34375,0.47586125158027814
F00218,AHDC1,False,False,False,16,11,10,5,21,-0.023809523809523808,1.0,1.0
F00219,AHNAK,False,False,False,0,0,0,42,0,0.0,,
F00220,AHNAK2,False,False,False,0,0,3,39,3,0.07142857142857142,0.25,0.3572982379812921
F00221,AHR,False,False,False,27,2,12,1,14,0.23809523809523808,0.012939453125,0.03188754952409977
F00222,AHSA1,False,False,False,0,0,0,42,0,0.0,,
F00223,AHSG,False,False,False,0,0,0,42,0,0.0,,
F00224,AHSP,False,False,False,1,4,7,30,11,0.07142857142857142,0.548828125,0.6802114282682513
F00225,AIDA,False,False,False,1,3,3,35,6,0.0,1.0,1.0
F00226,AIF1,False,False,False,3,2,8,29,10,0.14285714285714285,0.109375,0.19126796646260313
F00227,AIF1L,False,False,False,4,8,5,25,13,-0.07142857142857142,0.5810546875,0.7167723050835524
F00228,AIFM1,False,False,False,0,0,0,42,0,0.0,,
F00229,AIG1,False,False,False,2,3,23,14,26,0.47619047619047616,8.797645568847656e-05,0.0005361830369882106
F00230,AIMP1,False,False,False,0,0,0,42,0,0.0,,
F00231,AIMP2,False,False,False,0,0,3,39,3,0.07142857142857142,0.25,0.3572982379812921
F00232,AIP,False,False,False,0,0,2,40,2,0.047619047619047616,0.5,0.6282271944922547
F00233,AIPL1,False,False,False,8,8,17,9,25,0.21428571428571427,0.10775214433670044,0.18964146485189443
F00234,AIRE,False,False,False,19,0,22,1,22,0.5238095238095238,4.76837158203125e-07,1.0408040296991798e-05
F00235,AJUBA,False,False,False,5,1,23,13,24,0.5238095238095238,2.9802322387695312e-06,3.9451045565085836e-05
F00236,AK1,False,False,False,0,0,0,42,0,0.0,,
F00237,AK2,False,False,False,0,0,0,42,0,0.0,,
F00238,AK3,False,False,False,0,0,0,42,0,0.0,,
F00239,AK4,False,False,False,0,1,0,41,1,-0.023809523809523808,1.0,1.0
F00240,AK6,False,False,False,32,1,8,1,9,0.16666666666666666,0.0390625,0.07848337155963303
F00241,AK9,False,False,False,29,8,4,1,12,-0.09523809523809523,0.3876953125,0.5249707755822342
F00242,AKAP1,False,False,False,1,5,19,17,24,0.3333333333333333,0.006610751152038574,0.018521379560295707
F00243,AKAP12,False,False,False,0,1,0,41,1,-0.023809523809523808,1.0,1.0
F00244,AKAP13,False,False,False,0,0,5,37,5,0.11904761904761904,0.0625,0.11622558731955845
F00245,AKAP17A,False,False,False,15,5,18,4,23,0.30952380952380953,0.010622024536132812,0.027605498893351496
F00246,AKAP2,False,False,False,1,1,8,32,9,0.16666666666666666,0.0390625,0.07848337155963303
F00247,AKAP8,False,False,False,2,0,16,24,16,0.38095238095238093,3.0517578125e-05,0.00023755982023844786
F00248,AKAP8L,False,False,False,0,2,24,16,26,0.5238095238095238,1.049041748046875e-05,0.00010522449289569418
F00249,AKAP9,False,False,False,4,5,15,18,20,0.23809523809523808,0.04138946533203125,0.08245263409079603
F00250,AKIP1,False,False,False,34,1,7,0,8,0.14285714285714285,0.0703125,0.12687534331227684
F00251,AKR1A1,False,False,False,0,0,0,42,0,0.0,,
F00252,AKR1B1,False,False,False,0,0,0,42,0,0.0,,
F00253,AKR1B10,False,False,False,0,0,5,37,5,0.11904761904761904,0.0625,0.11622558731955845
F00254,AKR1B15,False,False,False,37,0,5,0,5,0.11904761904761904,0.0625,0.11622558731955845
F00255,AKR1C1,False,False,False,12,3,16,11,19,0.30952380952380953,0.004425048828125,0.012728796322583735
F00256,AKR1C2,False,False,False,1,6,2,33,8,-0.09523809523809523,0.2890625,0.40597277148354
F00257,AKR1C3,False,False,False,1,5,3,33,8,-0.047619047619047616,0.7265625,0.8618009794186676
F00258,AKR1D1,False,False,False,0,2,4,36,6,0.047619047619047616,0.6875,0.8218477074235808
F00259,AKR7A2,False,False,False,0,0,0,42,0,0.0,,
F00260,AKT1,False,False,False,0,0,13,29,13,0.30952380952380953,0.000244140625,0.0012069254373589164
F00261,AKT1S1,False,False,False,0,0,5,37,5,0.11904761904761904,0.0625,0.11622558731955845
F00262,AKT2,False,False,False,1,2,14,25,16,0.2857142857142857,0.004180908203125,0.012350974323080598
F00263,AKTIP,False,False,False,24,7,10,1,17,0.07142857142857142,0.629058837890625,0.7611264392157286
F00264,ALAD,False,False,False,0,0,0,42,0,0.0,,
F00265,ALB,False,False,False,0,0,0,42,0,0.0,,
F00266,ALCAM,False,False,False,2,0,9,31,9,0.21428571428571427,0.00390625,0.01172410347190498
F00267,ALDH16A1,False,False,False,0,0,0,42,0,0.0,,
F00268,ALDH18A1,False,False,False,0,0,5,37,5,0.11904761904761904,0.0625,0.11622558731955845
F00269,ALDH1A1,False,False,False,0,0,0,42,0,0.0,,
F00270,ALDH1A3,False,False,False,0,1,5,36,6,0.09523809523809523,0.21875,0.3337639340455179
F00271,ALDH1B1,False,False,False,0,4,3,35,7,-0.023809523809523808,1.0,1.0
F00272,ALDH1L1,False,False,False,6,22,4,10,26,-0.42857142857142855,0.0005335211753845215,0.0022326331989021056
F00273,ALDH1L2,False,False,False,1,1,3,37,4,0.047619047619047616,0.625,0.7584503140007388
F00274,ALDH2,False,False,False,0,0,0,42,0,0.0,,
F00275,ALDH3A1,False,False,False,1,7,1,33,8,-0.14285714285714285,0.0703125,0.12687534331227684
F00276,ALDH3A2,False,False,False,0,0,0,42,0,0.0,,
F00277,ALDH3B1,False,False,False,25,0,16,1,16,0.38095238095238093,3.0517578125e-05,0.00023755982023844786
F00278,ALDH4A1,False,False,False,0,0,0,42,0,0.0,,
F00279,ALDH5A1,False,False,False,2,15,5,20,20,-0.23809523809523808,0.04138946533203125,0.08245263409079603
F00280,ALDH6A1,False,False,False,0,4,0,38,4,-0.09523809523809523,0.125,0.2027277215502345
F00281,ALDH7A1,False,False,False,0,0,0,42,0,0.0,,
F00282,ALDH9A1,False,False,False,0,0,0,42,0,0.0,,
F00283,ALDOA,False,False,False,0,0,0,42,0,0.0,,
F00284,ALDOC,False,False,False,0,0,0,42,0,0.0,,
F00285,ALG1,False,False,False,0,0,16,26,16,0.38095238095238093,3.0517578125e-05,0.00023755982023844786
F00286,ALG10;ALG10B,False,True,True,42,0,0,0,0,0.0,,
F00287,ALG11,False,False,False,4,1,23,14,24,0.5238095238095238,2.9802322387695312e-06,3.9451045565085836e-05
F00288,ALG12,False,False,False,1,1,19,21,20,0.42857142857142855,4.00543212890625e-05,0.0002895015301090656
F00289,ALG13,False,False,False,2,2,12,26,14,0.23809523809523808,0.012939453125,0.03188754952409977
F00290,ALG2,False,False,False,1,0,15,26,15,0.35714285714285715,6.103515625e-05,0.0004117053147458932
F00291,ALG3,False,False,False,0,0,23,19,23,0.5476190476190477,2.384185791015625e-07,6.66557474339262e-06
F00292,ALG5,False,False,False,0,0,5,37,5,0.11904761904761904,0.0625,0.11622558731955845
F00293,ALG6,False,False,False,1,3,22,16,25,0.4523809523809524,0.00015652179718017578,0.0008387832034859338
F00294,ALG9,False,False,False,12,7,15,8,22,0.19047619047619047,0.13380050659179688,0.21625321729596692
F00295,ALKBH5,False,False,False,15,6,13,8,19,0.16666666666666666,0.1670684814453125,0.2655794636089289
F00296,ALKBH8,False,False,False,29,2,8,3,10,0.14285714285714285,0.109375,0.19126796646260313
F00297,ALLC,False,False,False,5,21,4,12,25,-0.40476190476190477,0.0009105205535888672,0.0036371970663265306
F00298,ALOX12,False,False,False,12,7,6,17,13,-0.023809523809523808,1.0,1.0
F00299,ALOX12B,False,False,False,4,6,20,12,26,0.3333333333333333,0.009355306625366211,0.02447804242479331
F00300,ALOX15,False,False,False,19,1,19,3,20,0.42857142857142855,4.00543212890625e-05,0.0002895015301090656
F00301,ALOX15B,False,False,False,6,7,15,14,22,0.19047619047619047,0.13380050659179688,0.21625321729596692
F00302,ALOX5,False,False,False,0,0,18,24,18,0.42857142857142855,7.62939453125e-06,7.981707336037023e-05
F00303,ALOX5AP,False,False,False,0,0,4,38,4,0.09523809523809523,0.125,0.2027277215502345
F00304,ALOXE3,False,False,False,28,4,10,0,14,0.14285714285714285,0.1795654296875,0.2823599318344894
F00305,ALPK3,False,False,False,24,6,9,3,15,0.07142857142857142,0.60723876953125,0.7455725501439567
F00306,ALPL,False,False,False,11,2,19,10,21,0.40476190476190477,0.00022125244140625,0.0011491134703866107
F00307,ALS2CL,False,False,False,26,4,11,1,15,0.16666666666666666,0.11846923828125,0.2027277215502345
F00308,ALYREF,False,False,False,0,0,4,38,4,0.09523809523809523,0.125,0.2027277215502345
F00309,AMACR,False,False,False,14,4,9,15,13,0.11904761904761904,0.266845703125,0.37808416422929697
F00310,AMBP,False,False,False,0,0,0,42,0,0.0,,
F00311,AMDHD2,False,False,False,0,6,13,23,19,0.16666666666666666,0.1670684814453125,0.2655794636089289
F00312,AMER1,False,False,False,11,6,10,15,16,0.09523809523809523,0.454498291015625,0.6055675870964624
F00313,AMER2,False,False,False,38,2,0,2,2,-0.047619047619047616,0.5,0.6282271944922547
F00314,AMFR,False,False,False,41,0,1,0,1,0.023809523809523808,1.0,1.0
F00315,AMMECR1,False,False,False,26,1,14,1,15,0.30952380952380953,0.0009765625,0.0036371970663265306
F00316,AMOT,False,False,False,23,1,17,1,18,0.38095238095238093,0.00014495849609375,0.000789045003592326
F00317,AMOTL1,False,False,False,24,1,16,1,17,0.35714285714285715,0.000274658203125,0.0013119248560594895
F00318,AMPD1,False,False,False,11,15,9,7,24,-0.14285714285714285,0.30745625495910645,0.4293278629290817
F00319,AMPD2,False,False,False,0,0,2,40,2,0.047619047619047616,0.5,0.6282271944922547
F00320,AMPD3,False,False,False,0,0,5,37,5,0.11904761904761904,0.0625,0.11622558731955845
F00321,AMPH,False,False,False,39,1,2,0,3,0.023809523809523808,1.0,1.0
F00322,AMY1B;AMY1C;AMY1A,False,True,True,42,0,0,0,0,0.0,,
F00323,ANAPC1,False,False,False,1,0,17,24,17,0.40476190476190477,1.52587890625e-05,0.0001392364501953125
F00324,ANAPC15,False,False,False,0,1,19,22,20,0.42857142857142855,4.00543212890625e-05,0.0002895015301090656
F00325,ANAPC16,False,False,False,25,14,2,1,16,-0.2857142857142857,0.004180908203125,0.012350974323080598
F00326,ANAPC4,False,False,False,6,3,26,7,29,0.5476190476190477,1.5236437320709229e-05,0.0001392364501953125
F00327,ANAPC5,False,False,False,6,4,26,6,30,0.5238095238095238,5.947612226009369e-05,0.0004117053147458932
F00328,ANAPC7,False,False,False,0,1,19,22,20,0.42857142857142855,4.00543212890625e-05,0.0002895015301090656
F00329,ANG,False,False,False,0,2,2,38,4,0.0,1.0,1.0
F00330,ANGPT1,False,False,False,15,3,20,4,23,0.40476190476190477,0.00048828125,0.002121698288690476
F00331,ANGPTL2,False,False,False,6,6,12,18,18,0.14285714285714285,0.237884521484375,0.3572982379812921
F00332,ANK1,False,False,False,0,1,0,41,1,-0.023809523809523808,1.0,1.0
F00333,ANK2,False,False,False,0,18,1,23,19,-0.40476190476190477,7.62939453125e-05,0.0004760220519497863
F00334,ANK3,False,False,False,0,1,1,40,2,0.0,1.0,1.0
F00335,ANKEF1,False,False,False,12,5,15,10,20,0.23809523809523808,0.04138946533203125,0.08245263409079603
F00336,ANKFY1,False,False,False,0,0,1,41,1,0.023809523809523808,1.0,1.0
F00337,ANKHD1,False,False,False,0,2,17,23,19,0.35714285714285715,0.000728607177734375,0.0029843822679020224
F00338,ANKLE2,False,False,False,6,0,29,7,29,0.6904761904761905,3.725290298461914e-09,6.275681348947378e-07
F00339,ANKRD1,False,False,False,34,4,4,0,8,0.0,1.0,1.0
F00340,ANKRD11,False,False,False,37,0,4,1,4,0.09523809523809523,0.125,0.2027277215502345
F00341,ANKRD13A,False,False,False,0,1,25,16,26,0.5714285714285714,8.046627044677734e-07,1.6117786488881927e-05
F00342,ANKRD17,False,False,False,2,0,21,19,21,0.5,9.5367431640625e-07,1.6797963160292393e-05
F00343,ANKRD2,False,False,False,5,9,7,21,16,-0.047619047619047616,0.803619384765625,0.9394625192010955
F00344,ANKRD22,False,False,False,0,0,9,33,9,0.21428571428571427,0.00390625,0.01172410347190498
F00345,ANKRD28,False,False,False,35,1,4,2,5,0.07142857142857142,0.375,0.510833506116525
F00346,ANKRD33,False,False,False,8,2,19,13,21,0.40476190476190477,0.00022125244140625,0.0011491134703866107
F00347,ANKRD35,False,False,False,1,5,4,32,9,-0.023809523809523808,1.0,1.0
F00348,ANKRD44,False,False,False,6,4,21,11,25,0.40476190476190477,0.0009105205535888672,0.0036371970663265306
F00349,ANKS1A,False,False,False,2,0,20,20,20,0.47619047619047616,1.9073486328125e-06,2.7785544384873893e-05
F00350,ANKZF1,False,False,False,9,6,16,11,22,0.23809523809523808,0.052478790283203125,0.10329108812481862
F00351,ANLN,False,False,False,11,0,25,6,25,0.5952380952380952,5.960464477539063e-08,2.5428734816514053e-06
F00352,ANO1,False,False,False,10,5,23,4,28,0.42857142857142855,0.0009122341871261597,0.0036371970663265306
F00353,ANO10,False,False,False,0,0,8,34,8,0.19047619047619047,0.0078125,0.020482092976855548
F00354,ANO6,False,False,False,0,0,10,32,10,0.23809523809523808,0.001953125,0.006523655948144382
F00355,ANOS1,False,False,False,41,0,1,0,1,0.023809523809523808,1.0,1.0
F00356,ANP32A,False,False,False,0,0,1,41,1,0.023809523809523808,1.0,1.0
F00357,ANP32B,False,False,False,0,0,3,39,3,0.07142857142857142,0.25,0.3572982379812921
F00358,ANP32E,False,False,False,0,0,0,42,0,0.0,,
F00359,ANPEP,False,False,False,0,0,1,41,1,0.023809523809523808,1.0,1.0
F00360,ANTXR1,False,False,False,22,1,18,1,19,0.40476190476190477,7.62939453125e-05,0.0004760220519497863
F00361,ANTXR2,False,False,False,12,1,25,4,26,0.5714285714285714,8.046627044677734e-07,1.6117786488881927e-05
F00362,ANXA1,False,False,False,0,0,0,42,0,0.0,,
F00363,ANXA11,False,False,False,0,0,0,42,0,0.0,,
F00364,ANXA2,False,False,False,0,0,0,42,0,0.0,,
F00365,ANXA3,False,False,False,0,0,0,42,0,0.0,,
F00366,ANXA4,False,False,False,0,0,0,42,0,0.0,,
F00367,ANXA5,False,False,False,0,0,0,42,0,0.0,,
F00368,ANXA6,False,False,False,0,0,0,42,0,0.0,,
F00369,ANXA7,False,False,False,0,0,0,42,0,0.0,,
F00370,ANXA8,False,False,False,1,0,9,32,9,0.21428571428571427,0.00390625,0.01172410347190498
F00371,ANXA8L1,False,False,False,0,1,9,32,10,0.19047619047619047,0.021484375,0.0488923947869761
F00372,ANXA9,False,False,False,12,8,8,14,16,0.0,1.0,1.0
F00373,AOC3,False,False,False,0,6,1,35,7,-0.11904761904761904,0.125,0.2027277215502345
F00374,AOX1,False,False,False,40,2,0,0,2,-0.047619047619047616,0.5,0.6282271944922547
F00375,AP1B1,False,False,False,0,0,0,42,0,0.0,,
F00376,AP1G1,False,False,False,0,0,2,40,2,0.047619047619047616,0.5,0.6282271944922547
F00377,AP1G2,False,False,False,0,0,10,32,10,0.23809523809523808,0.001953125,0.006523655948144382
F00378,AP1M1,False,False,False,0,0,2,40,2,0.047619047619047616,0.5,0.6282271944922547
F00379,AP1M2,False,False,False,0,1,8,33,9,0.16666666666666666,0.0390625,0.07848337155963303
F00380,AP1S1,False,False,False,0,0,6,36,6,0.14285714285714285,0.03125,0.06532373528475978
F00381,AP1S2,False,False,False,3,3,26,10,29,0.5476190476190477,1.5236437320709229e-05,0.0001392364501953125
F00382,AP1S3,False,False,False,18,6,16,2,22,0.23809523809523808,0.052478790283203125,0.10329108812481862
F00383,AP2A1,False,False,False,0,0,0,42,0,0.0,,
F00384,AP2A2,False,False,False,0,0,1,41,1,0.023809523809523808,1.0,1.0
F00385,AP2B1,False,False,False,0,0,1,41,1,0.023809523809523808,1.0,1.0
F00386,AP2M1,False,False,False,0,0,0,42,0,0.0,,
F00387,AP2S1,False,False,False,0,0,0,42,0,0.0,,
F00388,AP3B1,False,False,False,0,0,1,41,1,0.023809523809523808,1.0,1.0
F00389,AP3D1,False,False,False,0,0,6,36,6,0.14285714285714285,0.03125,0.06532373528475978
F00390,AP3M1,False,False,False,0,0,9,33,9,0.21428571428571427,0.00390625,0.01172410347190498
F00391,AP3M2,False,False,False,22,1,19,0,20,0.42857142857142855,4.00543212890625e-05,0.0002895015301090656
F00392,AP3S1,False,False,False,0,0,1,41,1,0.023809523809523808,1.0,1.0
F00393,AP4M1,False,False,False,5,1,28,8,29,0.6428571428571429,1.1175870895385742e-07,3.896542449495685e-06
F00394,AP4S1,False,False,False,0,0,20,22,20,0.47619047619047616,1.9073486328125e-06,2.7785544384873893e-05
F00395,AP5B1,False,False,False,0,1,20,21,21,0.4523809523809524,2.09808349609375e-05,0.0001751513160017273
F00396,AP5Z1,False,False,False,9,3,30,0,33,0.6428571428571429,1.4011748135089874e-06,2.454858273267746e-05
F00397,APAF1,False,False,False,1,0,16,25,16,0.38095238095238093,3.0517578125e-05,0.00023755982023844786
F00398,APBA1,False,False,False,0,0,4,38,4,0.09523809523809523,0.125,0.2027277215502345
F00399,APBA2,False,False,False,35,2,4,1,6,0.047619047619047616,0.6875,0.8218477074235808
F00400,APBB1IP,False,False,False,5,2,17,18,19,0.35714285714285715,0.000728607177734375,0.0029843822679020224
F00401,APCS,False,False,False,0,0,0,42,0,0.0,,
F00402,APEH,False,False,False,0,0,0,42,0,0.0,,
F00403,APEX1,False,False,False,0,0,0,42,0,0.0,,
F00404,APH1A,False,False,False,19,3,19,1,22,0.38095238095238093,0.0008554458618164062,0.0034628954480183543
F00405,API5,False,False,False,0,0,2,40,2,0.047619047619047616,0.5,0.6282271944922547
F00406,APIP,False,False,False,2,4,21,15,25,0.40476190476190477,0.0009105205535888672,0.0036371970663265306
F00407,APLP2,False,False,False,16,2,22,2,24,0.47619047619047616,3.5881996154785156e-05,0.0002719085521763996
F00408,APMAP,False,False,False,0,0,0,42,0,0.0,,
F00409,APOA1,False,False,False,0,0,0,42,0,0.0,,
F00410,APOA2,False,False,False,0,0,0,42,0,0.0,,
F00411,APOA4,False,False,False,0,0,0,42,0,0.0,,
F00412,APOA5,False,False,False,40,0,2,0,2,0.047619047619047616,0.5,0.6282271944922547
F00413,APOB,False,False,False,0,0,0,42,0,0.0,,
F00414,APOBEC2,False,False,False,7,15,5,15,20,-0.23809523809523808,0.04138946533203125,0.08245263409079603
F00415,APOBEC3A,False,False,False,3,2,30,7,32,0.6666666666666666,2.4633482098579407e-07,6.6876850160192855e-06
F00416,APOBEC3B,False,False,False,38,0,4,0,4,0.09523809523809523,0.125,0.2027277215502345
F00417,APOBEC3C,False,False,False,0,2,10,30,12,0.19047619047619047,0.03857421875,0.07848337155963303
F00418,APOBEC3F,False,False,True,42,0,0,0,0,0.0,,
F00419,APOBEC3G,False,False,False,24,1,17,0,18,0.38095238095238093,0.00014495849609375,0.000789045003592326
F00420,APOBR,False,False,False,0,0,22,20,22,0.5238095238095238,4.76837158203125e-07,1.0408040296991798e-05
F00421,APOC1,False,False,False,0,0,0,42,0,0.0,,
F00422,APOC2,False,False,False,0,0,2,40,2,0.047619047619047616,0.5,0.6282271944922547
F00423,APOC3,False,False,False,0,0,0,42,0,0.0,,
F00424,APOC4,False,False,False,2,11,8,21,19,-0.07142857142857142,0.6476058959960938,0.7818395326523955
F00425,APOD,False,False,False,0,0,0,42,0,0.0,,
F00426,APOE,False,False,False,0,0,0,42,0,0.0,,
F00427,APOF,False,False,False,0,0,5,37,5,0.11904761904761904,0.0625,0.11622558731955845
F00428,APOH,False,False,False,0,0,0,42,0,0.0,,
F00429,APOL1,False,False,False,0,0,0,42,0,0.0,,
F00430,APOL2,False,False,False,0,0,2,40,2,0.047619047619047616,0.5,0.6282271944922547
F00431,APOL3,False,False,False,21,3,16,2,19,0.30952380952380953,0.004425048828125,0.012728796322583735
F00432,APOM,False,False,False,0,0,0,42,0,0.0,,
F00433,APOO,False,False,False,0,0,3,39,3,0.07142857142857142,0.25,0.3572982379812921
F00434,APOOL,False,False,False,0,1,0,41,1,-0.023809523809523808,1.0,1.0
F00435,APP,False,False,False,0,0,12,30,12,0.2857142857142857,0.00048828125,0.002121698288690476
F00436,APPL1,False,False,False,0,0,0,42,0,0.0,,
F00437,APPL2,False,False,False,3,0,13,26,13,0.30952380952380953,0.000244140625,0.0012069254373589164
F00438,APRT,False,False,False,0,0,0,42,0,0.0,,
F00439,AQP1,False,False,False,31,9,2,0,11,-0.16666666666666666,0.0654296875,0.11997573175411666
F00440,AQP3,False,False,False,20,2,10,10,12,0.19047619047619047,0.03857421875,0.07848337155963303
F00441,AQP4,False,False,False,39,2,1,0,3,-0.023809523809523808,1.0,1.0
F00442,AQP5,False,False,False,33,7,2,0,9,-0.11904761904761904,0.1796875,0.2823599318344894
F00443,AQR,False,False,False,2,0,20,20,20,0.47619047619047616,1.9073486328125e-06,2.7785544384873893e-05
F00444,ARAF,False,False,False,0,0,7,35,7,0.16666666666666666,0.015625,0.03678117162307417
F00445,ARAP1,False,False,False,0,0,3,39,3,0.07142857142857142,0.25,0.3572982379812921
F00446,ARAP2,False,False,False,20,4,16,2,20,0.2857142857142857,0.01181793212890625,0.029885994644693634
F00447,ARCN1,False,False,False,0,0,0,42,0,0.0,,
F00448,ARF1,False,False,False,1,3,12,26,15,0.21428571428571427,0.03515625,0.07256568096135721
F00449,ARF4,False,False,False,0,0,0,42,0,0.0,,
F00450,ARF5,False,False,False,0,0,1,41,1,0.023809523809523808,1.0,1.0
F00451,ARF6,False,False,False,0,0,6,36,6,0.14285714285714285,0.03125,0.06532373528475978
F00452,ARFGAP1,False,False,False,0,0,12,30,12,0.2857142857142857,0.00048828125,0.002121698288690476
F00453,ARFGAP2,False,False,False,0,0,4,38,4,0.09523809523809523,0.125,0.2027277215502345
F00454,ARFGAP3,False,False,False,1,0,19,22,19,0.4523809523809524,3.814697265625e-06,4.684590847692757e-05
F00455,ARFGEF1,False,False,False,0,0,8,34,8,0.19047619047619047,0.0078125,0.020482092976855548
F00456,ARFGEF2,False,False,False,2,2,16,22,18,0.3333333333333333,0.001312255859375,0.0048191844584090275
F00457,ARFGEF3,False,False,False,32,7,3,0,10,-0.09523809523809523,0.34375,0.47586125158027814
F00458,ARFIP1,False,False,False,0,0,4,38,4,0.09523809523809523,0.125,0.2027277215502345
F00459,ARFIP2,False,False,False,1,0,11,30,11,0.2619047619047619,0.0009765625,0.0036371970663265306
F00460,ARFRP1,False,False,False,4,2,21,15,23,0.4523809523809524,6.604194641113281e-05,0.00042917466658866723
F00461,ARG1,False,False,False,0,0,10,32,10,0.23809523809523808,0.001953125,0.006523655948144382
F00462,ARG2,False,False,False,31,5,5,1,10,0.0,1.0,1.0
F00463,ARGLU1,False,False,False,0,1,10,31,11,0.21428571428571427,0.01171875,0.02986508436772692
F00464,ARHGAP1,False,False,False,0,0,0,42,0,0.0,,
F00465,ARHGAP10,False,False,False,4,2,19,17,21,0.40476190476190477,0.00022125244140625,0.0011491134703866107
F00466,ARHGAP17,False,False,False,0,0,1,41,1,0.023809523809523808,1.0,1.0
F00467,ARHGAP18,False,False,False,0,1,9,32,10,0.19047619047619047,0.021484375,0.0488923947869761
F00468,ARHGAP21,False,False,False,23,4,11,4,15,0.16666666666666666,0.11846923828125,0.2027277215502345
F00469,ARHGAP25,False,False,False,2,3,19,18,22,0.38095238095238093,0.0008554458618164062,0.0034628954480183543
F00470,ARHGAP27,False,False,False,1,2,20,19,22,0.42857142857142855,0.00012111663818359375,0.0006813950323916738
F00471,ARHGAP30,False,False,False,13,0,20,9,20,0.47619047619047616,1.9073486328125e-06,2.7785544384873893e-05
F00472,ARHGAP32,False,False,False,19,4,12,7,16,0.19047619047619047,0.076812744140625,0.13784750860527348
F00473,ARHGAP35,False,False,False,4,4,15,19,19,0.2619047619047619,0.0192108154296875,0.044614725123028234
F00474,ARHGAP4,False,False,False,4,2,17,19,19,0.35714285714285715,0.000728607177734375,0.0029843822679020224
F00475,ARHGAP45,False,False,False,0,2,14,26,16,0.2857142857142857,0.004180908203125,0.012350974323080598
F00476,ARHGAP5,False,False,False,7,1,24,10,25,0.5476190476190477,1.5497207641601562e-06,2.4955062305226046e-05
F00477,ARHGAP9,False,False,False,4,3,15,20,18,0.2857142857142857,0.007537841796875,0.020482092976855548
F00478,ARHGDIA,False,False,False,0,0,0,42,0,0.0,,
F00479,ARHGDIB,False,False,False,0,0,0,42,0,0.0,,
F00480,ARHGEF1,False,False,False,0,0,3,39,3,0.07142857142857142,0.25,0.3572982379812921
F00481,ARHGEF10L,False,False,False,0,1,7,34,8,0.14285714285714285,0.0703125,0.12687534331227684
F00482,ARHGEF11,False,False,False,12,2,22,6,24,0.47619047619047616,3.5881996154785156e-05,0.0002719085521763996
F00483,ARHGEF12,False,False,False,3,1,15,23,16,0.3333333333333333,0.000518798828125,0.002199037613407258
F00484,ARHGEF16,False,False,False,17,11,9,5,20,-0.047619047619047616,0.8238029479980469,0.958962680430044
F00485,ARHGEF17,False,False,False,8,2,24,8,26,0.5238095238095238,1.049041748046875e-05,0.00010522449289569418
F00486,ARHGEF18,False,False,False,28,4,10,0,14,0.14285714285714285,0.1795654296875,0.2823599318344894
F00487,ARHGEF2,False,False,False,0,0,4,38,4,0.09523809523809523,0.125,0.2027277215502345
F00488,ARHGEF35,False,False,False,39,0,3,0,3,0.07142857142857142,0.25,0.3572982379812921
F00489,ARHGEF37,False,False,False,9,9,12,12,21,0.07142857142857142,0.6636238098144531,0.7992682732320728
F00490,ARHGEF39,False,False,False,41,0,1,0,1,0.023809523809523808,1.0,1.0
F00491,ARHGEF40,False,False,False,32,1,9,0,10,0.19047619047619047,0.021484375,0.0488923947869761
F00492,ARHGEF5,False,False,False,1,0,16,25,16,0.38095238095238093,3.0517578125e-05,0.00023755982023844786
F00493,ARHGEF6,False,False,False,11,1,22,8,23,0.5,5.7220458984375e-06,6.318292697938551e-05
F00494,ARHGEF7,False,False,False,0,0,12,30,12,0.2857142857142857,0.00048828125,0.002121698288690476
F00495,ARID1A,False,False,False,1,0,16,25,16,0.38095238095238093,3.0517578125e-05,0.00023755982023844786
F00496,ARID1B,False,False,False,2,0,27,13,27,0.6428571428571429,1.4901161193847656e-08,1.2943592782203968e-06
F00497,ARID2,False,False,False,13,0,25,4,25,0.5952380952380952,5.960464477539063e-08,2.5428734816514053e-06
F00498,ARID3A,False,False,False,14,4,16,8,20,0.2857142857142857,0.01181793212890625,0.029885994644693634
F00499,ARID4A,False,False,False,16,1,17,8,18,0.38095238095238093,0.00014495849609375,0.000789045003592326
F00500,ARID4B,False,False,False,2,6,7,27,13,0.023809523809523808,1.0,1.0
F00501,ARID5B,False,False,False,41,1,0,0,1,-0.023809523809523808,1.0,1.0
F00502,ARIH1,False,False,False,0,1,12,29,13,0.2619047619047619,0.00341796875,0.010703553235224024
F00503,ARIH2,False,False,False,3,1,11,27,12,0.23809523809523808,0.00634765625,0.017898756035407724
F00504,ARK2N,False,False,False,40,1,0,1,1,-0.023809523809523808,1.0,1.0
F00505,ARL1,False,False,False,0,0,1,41,1,0.023809523809523808,1.0,1.0
F00506,ARL15,False,False,False,1,0,15,26,15,0.35714285714285715,6.103515625e-05,0.0004117053147458932
F00507,ARL2,False,False,False,0,0,2,40,2,0.047619047619047616,0.5,0.6282271944922547
F00508,ARL2BP,False,False,False,13,4,20,5,24,0.38095238095238093,0.001543879508972168,0.005491764143988708
F00509,ARL3,False,False,False,0,0,0,42,0,0.0,,
F00510,ARL6,False,False,False,31,1,8,2,9,0.16666666666666666,0.0390625,0.07848337155963303
F00511,ARL6IP1,False,False,False,0,0,19,23,19,0.4523809523809524,3.814697265625e-06,4.684590847692757e-05
F00512,ARL6IP4,False,False,False,13,4,18,7,22,0.3333333333333333,0.004343509674072266,0.012688687665031029
F00513,ARL6IP5,False,False,False,0,0,0,42,0,0.0,,
F00514,ARL8A,False,False,False,0,0,10,32,10,0.23809523809523808,0.001953125,0.006523655948144382
F00515,ARL8B,False,False,False,0,0,4,38,4,0.09523809523809523,0.125,0.2027277215502345
F00516,ARMC1,False,False,False,1,0,6,35,6,0.14285714285714285,0.03125,0.06532373528475978
F00517,ARMC10,False,False,False,0,1,10,31,11,0.21428571428571427,0.01171875,0.02986508436772692
F00518,ARMC6,False,False,False,3,1,18,20,19,0.40476190476190477,7.62939453125e-05,0.0004760220519497863
F00519,ARMC8,False,False,False,0,0,3,39,3,0.07142857142857142,0.25,0.3572982379812921
F00520,ARMC9,False,False,False,15,2,20,5,22,0.42857142857142855,0.00012111663818359375,0.0006813950323916738
F00521,ARMCX2,False,False,False,25,12,2,3,14,-0.23809523809523808,0.012939453125,0.03188754952409977
F00522,ARMCX3,False,False,False,3,2,16,21,18,0.3333333333333333,0.001312255859375,0.0048191844584090275
F00523,ARMH3,False,False,False,0,1,19,22,20,0.42857142857142855,4.00543212890625e-05,0.0002895015301090656
F00524,ARMT1,False,False,False,0,0,4,38,4,0.09523809523809523,0.125,0.2027277215502345
F00525,ARNT,False,False,False,24,2,15,1,17,0.30952380952380953,0.002349853515625,0.007711557241586538
F00526,ARPC1A,False,False,False,0,0,0,42,0,0.0,,
F00527,ARPC1B,False,False,False,0,0,0,42,0,0.0,,
F00528,ARPC2,False,False,False,0,0,0,42,0,0.0,,
F00529,ARPC3,False,False,False,0,0,0,42,0,0.0,,
F00530,ARPC4,False,False,False,0,0,0,42,0,0.0,,
F00531,ARPC5,False,False,False,0,0,0,42,0,0.0,,
F00532,ARPC5L,False,False,False,0,0,0,42,0,0.0,,
F00533,ARPIN,False,False,False,4,2,13,23,15,0.2619047619047619,0.00738525390625,0.0203017230811977
F00534,ARPP19,False,False,False,0,0,4,38,4,0.09523809523809523,0.125,0.2027277215502345
F00535,ARRB1,False,False,False,0,1,1,40,2,0.0,1.0,1.0
F00536,ARRB2,False,False,False,0,0,10,32,10,0.23809523809523808,0.001953125,0.006523655948144382
F00537,ARRDC1,False,False,False,5,2,20,15,22,0.42857142857142855,0.00012111663818359375,0.0006813950323916738
F00538,ARSA,False,False,False,1,0,11,30,11,0.2619047619047619,0.0009765625,0.0036371970663265306
F00539,ARSB,False,False,False,10,3,23,6,26,0.47619047619047616,8.797645568847656e-05,0.0005361830369882106
F00540,ARSD,False,False,False,26,6,7,3,13,0.023809523809523808,1.0,1.0
F00541,ART3,False,False,False,28,11,2,1,13,-0.21428571428571427,0.0224609375,0.050450721153846155
F00542,ASAH1,False,False,False,0,0,0,42,0,0.0,,
F00543,ASAP1,False,False,False,3,1,27,11,28,0.6190476190476191,2.1606683731079102e-07,6.4820051193237305e-06
F00544,ASB5,False,False,False,2,0,20,20,20,0.47619047619047616,1.9073486328125e-06,2.7785544384873893e-05
F00545,ASB6,False,False,False,21,0,20,1,20,0.47619047619047616,1.9073486328125e-06,2.7785544384873893e-05
F00546,ASB9,False,False,False,36,6,0,0,6,-0.14285714285714285,0.03125,0.06532373528475978
F00547,ASCC2,False,False,False,0,0,11,31,11,0.2619047619047619,0.0009765625,0.0036371970663265306
F00548,ASCC3,False,False,False,0,0,9,33,9,0.21428571428571427,0.00390625,0.01172410347190498
F00549,ASCL5,False,False,False,26,12,4,0,16,-0.19047619047619047,0.076812744140625,0.13784750860527348
F00550,ASDURF,False,False,False,25,1,13,3,14,0.2857142857142857,0.0018310546875,0.006378594537049311
F00551,ASF1A,False,False,False,2,2,15,23,17,0.30952380952380953,0.002349853515625,0.007711557241586538
F00552,ASH2L,False,False,False,0,1,12,29,13,0.2619047619047619,0.00341796875,0.010703553235224024
F00553,ASL,False,False,False,0,0,12,30,12,0.2857142857142857,0.00048828125,0.002121698288690476
F00554,ASMTL,False,False,False,4,3,21,14,24,0.42857142857142855,0.0002771615982055664,0.0013119248560594895
F00555,ASNS,False,False,False,0,0,14,28,14,0.3333333333333333,0.0001220703125,0.0006813950323916738
F00556,ASPH,False,False,False,0,0,0,42,0,0.0,,
F00557,ASPM,False,False,False,33,8,0,1,8,-0.19047619047619047,0.0078125,0.020482092976855548
F00558,ASPN,False,False,False,0,0,0,42,0,0.0,,
F00559,ASPRV1,False,False,False,12,3,20,7,23,0.40476190476190477,0.00048828125,0.002121698288690476
F00560,ASPSCR1,False,False,False,0,1,5,36,6,0.09523809523809523,0.21875,0.3337639340455179
F00561,ASRGL1,False,False,False,36,5,1,0,6,-0.09523809523809523,0.21875,0.3337639340455179
F00562,ASS1,False,False,False,0,1,0,41,1,-0.023809523809523808,1.0,1.0
F00563,ASXL2,False,False,False,17,5,18,2,23,0.30952380952380953,0.010622024536132812,0.027605498893351496
F00564,ATAD1,False,False,False,0,0,11,31,11,0.2619047619047619,0.0009765625,0.0036371970663265306
F00565,ATAD2;ATAD2B,False,True,True,42,0,0,0,0,0.0,,
F00566,ATAD3A,False,False,False,0,0,3,39,3,0.07142857142857142,0.25,0.3572982379812921
F00567,ATAD3B,False,False,False,2,1,20,19,21,0.4523809523809524,2.09808349609375e-05,0.0001751513160017273
F00568,ATAD5,False,False,False,32,0,8,2,8,0.19047619047619047,0.0078125,0.020482092976855548
F00569,ATE1,False,False,False,35,1,5,1,6,0.09523809523809523,0.21875,0.3337639340455179
F00570,ATF7IP,False,False,False,4,6,18,14,24,0.2857142857142857,0.022655844688415527,0.0506978540881778
F00571,ATG13,False,False,False,33,3,5,1,8,0.047619047619047616,0.7265625,0.8618009794186676
F00572,ATG2B,False,False,False,26,2,13,1,15,0.2619047619047619,0.00738525390625,0.0203017230811977
F00573,ATG3,False,False,False,0,0,0,42,0,0.0,,
F00574,ATG4B,False,False,False,9,5,14,14,19,0.21428571428571427,0.063568115234375,0.1175464444384587
F00575,ATG4C,False,False,False,36,1,4,1,5,0.07142857142857142,0.375,0.510833506116525
F00576,ATG5,False,False,False,28,2,10,2,12,0.19047619047619047,0.03857421875,0.07848337155963303
F00577,ATG7,False,False,False,0,0,7,35,7,0.16666666666666666,0.015625,0.03678117162307417
F00578,ATG9A,False,False,False,1,0,13,28,13,0.30952380952380953,0.000244140625,0.0012069254373589164
F00579,ATIC,False,False,False,0,0,0,42,0,0.0,,
F00580,ATL1,False,False,False,5,15,6,16,21,-0.21428571428571427,0.0783538818359375,0.14015382620803413
F00581,ATL2,False,False,False,0,0,3,39,3,0.07142857142857142,0.25,0.3572982379812921
F00582,ATL3,False,False,False,0,0,1,41,1,0.023809523809523808,1.0,1.0
F00583,ATM,False,False,False,4,3,21,14,24,0.42857142857142855,0.0002771615982055664,0.0013119248560594895
F00584,ATOX1,False,False,False,0,0,14,28,14,0.3333333333333333,0.0001220703125,0.0006813950323916738
F00585,ATP11A,False,False,False,6,1,30,5,31,0.6904761904761905,2.9802322387695312e-08,1.6049283449767065e-06
F00586,ATP11B,False,False,False,0,1,24,17,25,0.5476190476190477,1.5497207641601562e-06,2.4955062305226046e-05
F00587,ATP11C,False,False,False,38,2,2,0,4,0.0,1.0,1.0
F00588,ATP12A,False,False,False,0,4,5,33,9,0.023809523809523808,1.0,1.0
F00589,ATP13A1,False,False,False,0,0,0,42,0,0.0,,
F00590,ATP13A4,False,False,False,17,18,2,5,20,-0.38095238095238093,0.0004024505615234375,0.0018425785290654944
F00591,ATP1A1,False,False,False,0,0,0,42,0,0.0,,
F00592,ATP1A2,False,False,False,0,0,3,39,3,0.07142857142857142,0.25,0.3572982379812921
F00593,ATP1A3,False,False,False,30,8,4,0,12,-0.09523809523809523,0.3876953125,0.5249707755822342
F00594,ATP1B1,False,False,False,0,0,0,42,0,0.0,,
F00595,ATP1B2,False,False,False,40,2,0,0,2,-0.047619047619047616,0.5,0.6282271944922547
F00596,ATP1B3,False,False,False,0,0,1,41,1,0.023809523809523808,1.0,1.0
F00597,ATP2A1,False,False,False,1,4,3,34,7,-0.023809523809523808,1.0,1.0
F00598,ATP2A2,False,False,False,0,0,0,42,0,0.0,,
F00599,ATP2A3,False,False,False,0,0,8,34,8,0.19047619047619047,0.0078125,0.020482092976855548
F00600,ATP2B1,False,False,False,0,0,9,33,9,0.21428571428571427,0.00390625,0.01172410347190498
F00601,ATP2B4,False,False,False,0,0,0,42,0,0.0,,
F00602,ATP2C1,False,False,False,0,0,12,30,12,0.2857142857142857,0.00048828125,0.002121698288690476
F00603,ATP2C2,False,False,False,38,3,1,0,4,-0.047619047619047616,0.625,0.7584503140007388
F00604,ATP5F1A,False,False,False,0,0,0,42,0,0.0,,
F00605,ATP5F1B,False,False,False,0,0,0,42,0,0.0,,
F00606,ATP5F1C,False,False,False,0,0,0,42,0,0.0,,
F00607,ATP5F1D,False,False,False,0,0,0,42,0,0.0,,
F00608,ATP5F1E;ATP5F1EP2,False,True,True,42,0,0,0,0,0.0,,
F00609,ATP5ME,False,False,False,0,0,0,42,0,0.0,,
F00610,ATP5MF,False,False,False,0,0,0,42,0,0.0,,
F00611,ATP5MG,False,False,False,0,0,0,42,0,0.0,,
F00612,ATP5MJ,False,False,False,0,1,3,38,4,0.047619047619047616,0.625,0.7584503140007388
F00613,ATP5MK,False,False,False,0,0,0,42,0,0.0,,
F00614,ATP5PB,False,False,False,0,0,0,42,0,0.0,,
F00615,ATP5PD,False,False,False,0,0,0,42,0,0.0,,
F00616,ATP5PF,False,False,False,0,0,0,42,0,0.0,,
F00617,ATP5PO,False,False,False,0,0,0,42,0,0.0,,
F00618,ATP6AP1,False,False,False,0,0,17,25,17,0.40476190476190477,1.52587890625e-05,0.0001392364501953125
F00619,ATP6AP2,False,False,False,0,0,14,28,14,0.3333333333333333,0.0001220703125,0.0006813950323916738
F00620,ATP6V0A1,False,False,False,0,0,7,35,7,0.16666666666666666,0.015625,0.03678117162307417
F00621,ATP6V0A2,False,False,False,3,0,26,13,26,0.6190476190476191,2.9802322387695312e-08,1.6049283449767065e-06
F00622,ATP6V0A4,False,False,False,17,8,12,5,20,0.09523809523809523,0.5034446716308594,0.6302651472207976
F00623,ATP6V0D1,False,False,False,0,0,5,37,5,0.11904761904761904,0.0625,0.11622558731955845
F00624,ATP6V0D2,False,False,False,0,0,26,16,26,0.6190476190476191,2.9802322387695312e-08,1.6049283449767065e-06
F00625,ATP6V1A,False,False,False,0,0,0,42,0,0.0,,
F00626,ATP6V1B2,False,False,False,0,0,0,42,0,0.0,,
F00627,ATP6V1C1,False,False,False,0,0,1,41,1,0.023809523809523808,1.0,1.0
F00628,ATP6V1C2,False,False,False,27,7,6,2,13,-0.023809523809523808,1.0,1.0
F00629,ATP6V1D,False,False,False,0,0,4,38,4,0.09523809523809523,0.125,0.2027277215502345
F00630,ATP6V1E1,False,False,False,0,0,0,42,0,0.0,,
F00631,ATP6V1F,False,False,False,0,0,3,39,3,0.07142857142857142,0.25,0.3572982379812921
F00632,ATP6V1G1,False,False,False,0,0,0,42,0,0.0,,
F00633,ATP6V1H,False,False,False,0,0,0,42,0,0.0,,
F00634,ATP7A,False,False,False,21,8,9,4,17,0.023809523809523808,1.0,1.0
F00635,ATP8A1,False,False,False,22,3,11,6,14,0.19047619047619047,0.057373046875,0.11175242157389564
F00636,ATP9A,False,False,False,14,8,14,6,22,0.14285714285714285,0.28627872467041016,0.4047452595404766
F00637,ATPAF1,False,False,False,6,9,7,20,16,-0.047619047619047616,0.803619384765625,0.9394625192010955
F00638,ATPAF2,False,False,False,7,10,14,11,24,0.09523809523809523,0.5412561893463135,0.6736224974436976
F00639,ATR,False,False,False,9,1,28,4,29,0.6428571428571429,1.1175870895385742e-07,3.896542449495685e-06
F00640,ATRN,False,False,False,0,0,3,39,3,0.07142857142857142,0.25,0.3572982379812921
F00641,ATRX,False,False,False,6,2,24,10,26,0.5238095238095238,1.049041748046875e-05,0.00010522449289569418
F00642,ATXN10,False,False,False,0,0,3,39,3,0.07142857142857142,0.25,0.3572982379812921
F00643,ATXN2,False,False,False,10,2,26,4,28,0.5714285714285714,3.032386302947998e-06,3.9451045565085836e-05
F00644,ATXN2L,False,False,False,0,0,3,39,3,0.07142857142857142,0.25,0.3572982379812921
F00645,AUH,False,False,False,5,9,9,19,18,0.0,1.0,1.0
F00646,AUP1,False,False,False,0,0,6,36,6,0.14285714285714285,0.03125,0.06532373528475978
F00647,AURKB,False,False,False,26,1,12,3,13,0.2619047619047619,0.00341796875,0.010703553235224024
F00648,AUTS2,False,False,False,32,2,7,1,9,0.11904761904761904,0.1796875,0.2823599318344894
F00649,AVIL,False,False,False,40,0,1,1,1,0.023809523809523808,1.0,1.0
F00650,AVL9,False,False,False,13,6,20,3,26,0.3333333333333333,0.009355306625366211,0.02447804242479331
F00651,AVPI1,False,False,False,16,16,8,2,24,-0.19047619047619047,0.15158963203430176,0.24208650521763794
F00652,AXDND1,False,False,False,34,2,6,0,8,0.09523809523809523,0.2890625,0.40597277148354
F00653,AXIN2,False,False,False,29,9,3,1,12,-0.14285714285714285,0.14599609375,0.23332384722391145
F00654,AXL,False,False,False,38,1,3,0,4,0.047619047619047616,0.625,0.7584503140007388
F00655,AZGP1,False,False,False,0,0,0,42,0,0.0,,
F00656,AZU1,False,False,False,0,0,0,42,0,0.0,,
F00657,B2M,False,False,False,0,0,0,42,0,0.0,,
F00658,B3GALT5,False,False,False,35,5,1,1,6,-0.09523809523809523,0.21875,0.3337639340455179
F00659,B3GAT3,False,False,False,9,2,26,5,28,0.5714285714285714,3.032386302947998e-06,3.9451045565085836e-05
F00660,B3GLCT,False,False,False,15,3,20,4,23,0.40476190476190477,0.00048828125,0.002121698288690476
F00661,B3GNT3,False,False,False,23,4,10,5,14,0.14285714285714285,0.1795654296875,0.2823599318344894
F00662,B3GNT6,False,False,False,35,6,1,0,7,-0.11904761904761904,0.125,0.2027277215502345
F00663,B3GNT8,False,False,False,25,4,10,3,14,0.14285714285714285,0.1795654296875,0.2823599318344894
F00664,B4GALNT4,False,False,False,31,0,11,0,11,0.2619047619047619,0.0009765625,0.0036371970663265306
F00665,B4GALT1,False,False,False,1,2,14,25,16,0.2857142857142857,0.004180908203125,0.012350974323080598
F00666,B4GALT7,False,False,False,1,1,25,15,26,0.5714285714285714,8.046627044677734e-07,1.6117786488881927e-05
F00667,BABAM2,False,False,False,0,0,6,36,6,0.14285714285714285,0.03125,0.06532373528475978
F00668,BACH1,False,False,False,6,0,31,5,31,0.7380952380952381,9.313225746154785e-10,3.220415429065102e-07
F00669,BAD,False,False,False,27,3,12,0,15,0.21428571428571427,0.03515625,0.07256568096135721
F00670,BAG1,False,False,False,2,4,8,28,12,0.09523809523809523,0.3876953125,0.5249707755822342
F00671,BAG2,False,False,False,0,0,4,38,4,0.09523809523809523,0.125,0.2027277215502345
F00672,BAG3,False,False,False,0,0,0,42,0,0.0,,
F00673,BAG4,False,False,False,31,3,8,0,11,0.11904761904761904,0.2265625,0.3435300311562428
F00674,BAG5,False,False,False,0,0,3,39,3,0.07142857142857142,0.25,0.3572982379812921
F00675,BAG6,False,False,False,0,0,1,41,1,0.023809523809523808,1.0,1.0
F00676,BAIAP2,False,False,False,0,0,4,38,4,0.09523809523809523,0.125,0.2027277215502345
F00677,BAIAP2L1,False,False,False,0,0,12,30,12,0.2857142857142857,0.00048828125,0.002121698288690476
F00678,BAK1,False,False,False,1,1,26,14,27,0.5952380952380952,4.172325134277344e-07,1.0305329373008326e-05
F00679,BANF1,False,False,False,0,0,0,42,0,0.0,,
F00680,BANK1,False,False,False,37,2,3,0,5,0.023809523809523808,1.0,1.0
F00681,BAP18,False,False,False,0,0,5,37,5,0.11904761904761904,0.0625,0.11622558731955845
F00682,BARX2,False,False,False,7,5,16,14,21,0.2619047619047619,0.02660369873046875,0.0591493403245955
F00683,BASP1,False,False,False,0,0,0,42,0,0.0,,
F00684,BAX,False,False,False,0,0,2,40,2,0.047619047619047616,0.5,0.6282271944922547
F00685,BAZ1A,False,False,False,0,1,20,21,21,0.4523809523809524,2.09808349609375e-05,0.0001751513160017273
F00686,BAZ1B,False,False,False,0,0,11,31,11,0.2619047619047619,0.0009765625,0.0036371970663265306
F00687,BAZ2A,False,False,False,23,3,14,2,17,0.2619047619047619,0.012725830078125,0.03188754952409977
F00688,BBLN,False,False,False,23,5,12,2,17,0.16666666666666666,0.143463134765625,0.23067860876411067
F00689,BBOX1,False,False,False,4,11,7,20,18,-0.09523809523809523,0.480682373046875,0.6282271944922547
F00690,BBS1,False,False,False,31,5,4,2,9,-0.023809523809523808,1.0,1.0
F00691,BCAM,False,False,False,0,0,0,42,0,0.0,,
F00692,BCAN,False,False,False,8,2,18,14,20,0.38095238095238093,0.0004024505615234375,0.0018425785290654944
F00693,BCAP29,False,False,False,19,3,13,7,16,0.23809523809523808,0.021270751953125,0.0488923947869761
F00694,BCAP31,False,False,False,0,0,0,42,0,0.0,,
F00695,BCAR1,False,False,False,2,0,30,10,30,0.7142857142857143,1.862645149230957e-09,4.219854700154272e-07
F00696,BCAS1,False,False,False,13,14,7,8,21,-0.16666666666666666,0.18924713134765625,0.2959661159138542
F00697,BCAS2,False,False,False,0,0,4,38,4,0.09523809523809523,0.125,0.2027277215502345
F00698,BCAS4,False,False,False,35,3,4,0,7,0.023809523809523808,1.0,1.0
F00699,BCAT1,False,False,False,6,3,22,11,25,0.4523809523809524,0.00015652179718017578,0.0008387832034859338
F00700,BCAT2,False,False,False,0,0,4,38,4,0.09523809523809523,0.125,0.2027277215502345
F00701,BCCIP,False,False,False,0,0,13,29,13,0.30952380952380953,0.000244140625,0.0012069254373589164
F00702,BCKDHA,False,False,False,3,9,0,30,9,-0.21428571428571427,0.00390625,0.01172410347190498
F00703,BCKDHB,False,False,False,3,12,7,20,19,-0.11904761904761904,0.359283447265625,0.4963188075136998
F00704,BCKDK,False,False,False,0,2,5,35,7,0.07142857142857142,0.453125,0.6055675870964624
F00705,BCL10,False,False,False,0,1,12,29,13,0.2619047619047619,0.00341796875,0.010703553235224024
F00706,BCL11A,False,False,False,41,0,0,1,0,0.0,,
F00707,BCL2,False,False,False,33,5,4,0,9,-0.023809523809523808,1.0,1.0
F00708,BCL2L1,False,False,False,2,2,18,20,20,0.38095238095238093,0.0004024505615234375,0.0018425785290654944
F00709,BCL2L13,False,False,False,0,0,1,41,1,0.023809523809523808,1.0,1.0
F00710,BCL6B,False,False,False,30,7,4,1,11,-0.07142857142857142,0.548828125,0.6802114282682513
F00711,BCL7C,False,False,False,4,2,10,26,12,0.19047619047619047,0.03857421875,0.07848337155963303
F00712,BCLAF1,False,False,False,0,0,0,42,0,0.0,,
F00713,BCR,False,False,False,0,0,11,31,11,0.2619047619047619,0.0009765625,0.0036371970663265306
F00714,BCS1L,False,False,False,0,4,4,34,8,0.0,1.0,1.0
F00715,BDH1,False,False,False,0,1,1,40,2,0.0,1.0,1.0
F00716,BDH2,False,False,False,0,4,0,38,4,-0.09523809523809523,0.125,0.2027277215502345
F00717,BECN1,False,False,False,6,2,29,5,31,0.6428571428571429,4.628673195838928e-07,1.0408040296991798e-05
F00718,BEGAIN,False,False,False,9,5,25,3,30,0.47619047619047616,0.00032491423189640045,0.001530241221189499
F00719,BET1,False,False,False,6,0,28,8,28,0.6666666666666666,7.450580596923828e-09,8.741127593176705e-07
F00720,BET1L,False,False,False,0,0,21,21,21,0.5,9.5367431640625e-07,1.6797963160292393e-05
F00721,BFSP1,False,False,False,8,24,4,6,28,-0.47619047619047616,0.00017999112606048584,0.0009606350107371177
F00722,BGN,False,False,False,0,0,0,42,0,0.0,,
F00723,BICD2,False,False,False,0,0,4,38,4,0.09523809523809523,0.125,0.2027277215502345
F00724,BICDL1,False,False,False,41,0,1,0,1,0.023809523809523808,1.0,1.0
F00725,BICDL2,False,False,False,0,6,12,24,18,0.14285714285714285,0.237884521484375,0.3572982379812921
F00726,BID,False,False,False,0,0,3,39,3,0.07142857142857142,0.25,0.3572982379812921
F00727,BIN1,False,False,False,0,3,0,39,3,-0.07142857142857142,0.25,0.3572982379812921
F00728,BIN2,False,False,False,0,1,12,29,13,0.2619047619047619,0.00341796875,0.010703553235224024
F00729,BIN3,False,False,False,17,12,9,4,21,-0.07142857142857142,0.6636238098144531,0.7992682732320728
F00730,BIRC2,False,False,False,19,2,18,3,20,0.38095238095238093,0.0004024505615234375,0.0018425785290654944
F00731,BIRC5,False,False,False,26,1,13,2,14,0.2857142857142857,0.0018310546875,0.006378594537049311
F00732,BIRC6,False,False,False,1,0,18,23,18,0.42857142857142855,7.62939453125e-06,7.981707336037023e-05
F00733,BLM,False,False,False,39,2,0,1,2,-0.047619047619047616,0.5,0.6282271944922547
F00734,BLMH,False,False,False,0,0,0,42,0,0.0,,
F00735,BLOC1S1,False,False,False,1,1,10,30,11,0.21428571428571427,0.01171875,0.02986508436772692
F00736,BLOC1S2,False,False,False,0,2,4,36,6,0.047619047619047616,0.6875,0.8218477074235808
F00737,BLOC1S3,False,False,False,4,1,27,10,28,0.6190476190476191,2.1606683731079102e-07,6.4820051193237305e-06
F00738,BLOC1S4,False,False,False,23,3,15,1,18,0.2857142857142857,0.007537841796875,0.020482092976855548
F00739,BLOC1S5,False,False,False,25,5,11,1,16,0.14285714285714285,0.210113525390625,0.3264237081618364
F00740,BLOC1S6,False,False,False,15,7,15,5,22,0.19047619047619047,0.13380050659179688,0.21625321729596692
F00741,BLTP2,False,False,False,41,0,0,1,0,0.0,,
F00742,BLVRA,False,False,False,0,0,0,42,0,0.0,,
F00743,BLVRB,False,False,False,0,0,0,42,0,0.0,,
F00744,BLZF1,False,False,False,16,3,17,6,20,0.3333333333333333,0.0025768280029296875,0.008286544849778888
F00745,BMAL1,False,False,False,40,1,1,0,2,0.0,1.0,1.0
F00746,BMI1,False,False,False,34,1,6,1,7,0.11904761904761904,0.125,0.2027277215502345
F00747,BMP1,False,False,False,22,0,20,0,20,0.47619047619047616,1.9073486328125e-06,2.7785544384873893e-05
F00748,BMP2K,False,False,False,2,0,26,14,26,0.6190476190476191,2.9802322387695312e-08,1.6049283449767065e-06
F00749,BMP7,False,False,False,28,14,0,0,14,-0.3333333333333333,0.0001220703125,0.0006813950323916738
F00750,BMS1,False,False,False,0,0,18,24,18,0.42857142857142855,7.62939453125e-06,7.981707336037023e-05
F00751,BNC1,False,False,False,32,0,10,0,10,0.23809523809523808,0.001953125,0.006523655948144382
F00752,BNC2,False,False,False,15,11,12,4,23,0.023809523809523808,1.0,1.0
F00753,BNIP1,False,False,False,11,5,20,6,25,0.35714285714285715,0.004077315330505371,0.012181883456762296
F00754,BNIP2,False,False,False,18,2,20,2,22,0.42857142857142855,0.00012111663818359375,0.0006813950323916738
F00755,BNIP3,False,False,False,3,2,17,20,19,0.35714285714285715,0.000728607177734375,0.0029843822679020224
F00756,BNIP3L,False,False,False,30,0,11,1,11,0.2619047619047619,0.0009765625,0.0036371970663265306
F00757,BNIPL,False,False,False,8,8,10,16,18,0.047619047619047616,0.8145294189453125,0.9495135348599544
F00758,BOD1L1,False,False,False,13,4,20,5,24,0.38095238095238093,0.001543879508972168,0.005491764143988708
F00759,BOD1L2;BOD1,False,True,True,42,0,0,0,0,0.0,,
F00760,BOLA1,False,False,False,37,2,2,1,4,0.0,1.0,1.0
F00761,BOLA2,False,False,False,0,0,0,42,0,0.0,,
F00762,BOP1,False,False,False,0,0,13,29,13,0.30952380952380953,0.000244140625,0.0012069254373589164
F00763,BORCS5,False,False,False,6,6,12,18,18,0.14285714285714285,0.237884521484375,0.3572982379812921
F00764,BORCS6,False,False,False,34,2,6,0,8,0.09523809523809523,0.2890625,0.40597277148354
F00765,BORCS7,False,False,False,21,5,13,3,18,0.19047619047619047,0.09625244140625,0.16967495037270258
F00766,BPGM,False,False,False,0,0,0,42,0,0.0,,
F00767,BPHL,False,False,False,2,10,6,24,16,-0.09523809523809523,0.454498291015625,0.6055675870964624
F00768,BPI,False,False,False,1,0,17,24,17,0.40476190476190477,1.52587890625e-05,0.0001392364501953125
F00769,BPIFA1,False,False,False,31,7,3,1,10,-0.09523809523809523,0.34375,0.47586125158027814
F00770,BPIFA2,False,False,False,20,6,10,6,16,0.09523809523809523,0.454498291015625,0.6055675870964624
F00771,BPIFB1,False,False,False,13,11,7,11,18,-0.09523809523809523,0.480682373046875,0.6282271944922547
F00772,BPIFB2,False,False,False,12,11,9,10,20,-0.047619047619047616,0.8238029479980469,0.958962680430044
F00773,BPIFB6,False,False,False,34,2,5,1,7,0.07142857142857142,0.453125,0.6055675870964624
F00774,BPNT1,False,False,False,0,0,7,35,7,0.16666666666666666,0.015625,0.03678117162307417
F00775,BPNT2,False,False,False,1,2,21,18,23,0.4523809523809524,6.604194641113281e-05,0.00042917466658866723
F00776,BPTF,False,False,False,4,5,11,22,16,0.14285714285714285,0.210113525390625,0.3264237081618364
F00777,BRAP,False,False,False,32,0,9,1,9,0.21428571428571427,0.00390625,0.01172410347190498
F00778,BRAT1,False,False,False,5,2,21,14,23,0.4523809523809524,6.604194641113281e-05,0.00042917466658866723
F00779,BRCA2,False,False,False,33,0,9,0,9,0.21428571428571427,0.00390625,0.01172410347190498
F00780,BRCC3,False,False,False,0,1,13,28,14,0.2857142857142857,0.0018310546875,0.006378594537049311
F00781,BRD1,False,False,False,9,8,13,12,21,0.11904761904761904,0.38331031799316406,0.5209658231723392
F00782,BRD2,False,False,False,14,1,25,2,26,0.5714285714285714,8.046627044677734e-07,1.6117786488881927e-05
F00783,BRD3,False,False,False,35,1,5,1,6,0.09523809523809523,0.21875,0.3337639340455179
F00784,BRD4,False,False,False,2,1,18,21,19,0.40476190476190477,7.62939453125e-05,0.0004760220519497863
F00785,BRD7,False,False,False,13,7,16,6,23,0.21428571428571427,0.0931396484375,0.1652072057868183
F00786,BRI3,False,False,False,7,2,22,11,24,0.47619047619047616,3.5881996154785156e-05,0.0002719085521763996
F00787,BRI3BP,False,False,False,0,0,6,36,6,0.14285714285714285,0.03125,0.06532373528475978
F00788,BRIX1,False,False,False,0,0,7,35,7,0.16666666666666666,0.015625,0.03678117162307417
F00789,BRK1,False,False,False,0,0,5,37,5,0.11904761904761904,0.0625,0.11622558731955845
F00790,BROX,False,False,False,0,2,3,37,5,0.023809523809523808,1.0,1.0
F00791,BRPF3,False,False,False,41,0,1,0,1,0.023809523809523808,1.0,1.0
F00792,BSDC1,False,False,False,0,1,18,23,19,0.40476190476190477,7.62939453125e-05,0.0004760220519497863
F00793,BSG,False,False,False,0,0,0,42,0,0.0,,
F00794,BSPRY,False,False,False,26,5,11,0,16,0.14285714285714285,0.210113525390625,0.3264237081618364
F00795,BST1,False,False,False,1,5,6,30,11,0.023809523809523808,1.0,1.0
F00796,BST2,False,False,False,0,0,3,39,3,0.07142857142857142,0.25,0.3572982379812921
F00797,BTAF1,False,False,False,1,3,26,12,29,0.5476190476190477,1.5236437320709229e-05,0.0001392364501953125
F00798,BTBD16,False,False,False,40,0,2,0,2,0.047619047619047616,0.5,0.6282271944922547
F00799,BTBD7,False,False,False,41,0,1,0,1,0.023809523809523808,1.0,1.0
F00800,BTD,False,False,False,7,15,9,11,24,-0.14285714285714285,0.30745625495910645,0.4293278629290817
F00801,BTF3,False,False,False,0,0,4,38,4,0.09523809523809523,0.125,0.2027277215502345
F00802,BTF3L4,False,False,False,0,0,4,38,4,0.09523809523809523,0.125,0.2027277215502345
F00803,BTK,False,False,False,20,2,17,3,19,0.35714285714285715,0.000728607177734375,0.0029843822679020224
F00804,BTN2A1,False,False,False,30,3,7,2,10,0.09523809523809523,0.34375,0.47586125158027814
F00805,BTN3A3,False,False,False,21,6,15,0,21,0.21428571428571427,0.0783538818359375,0.14015382620803413
F00806,BUB1,False,False,False,2,5,12,23,17,0.16666666666666666,0.143463134765625,0.23067860876411067
F00807,BUB3,False,False,False,0,0,1,41,1,0.023809523809523808,1.0,1.0
F00808,BUD13,False,False,False,40,2,0,0,2,-0.047619047619047616,0.5,0.6282271944922547
F00809,BUD23,False,False,False,29,3,9,1,12,0.14285714285714285,0.14599609375,0.23332384722391145
F00810,BUD31,False,False,False,0,1,7,34,8,0.14285714285714285,0.0703125,0.12687534331227684
F00811,BYSL,False,False,False,0,0,6,36,6,0.14285714285714285,0.03125,0.06532373528475978
F00812,BZW1,False,False,False,0,0,4,38,4,0.09523809523809523,0.125,0.2027277215502345
F00813,BZW2,False,False,False,0,0,0,42,0,0.0,,
F00814,C10orf67,False,False,False,0,0,0,42,0,0.0,,
F00815,C10orf82,False,False,False,33,3,4,2,7,0.023809523809523808,1.0,1.0
F00816,C11orf40,False,False,False,5,3,12,22,15,0.21428571428571427,0.03515625,0.07256568096135721
F00817,C11orf54,False,False,False,0,0,0,42,0,0.0,,
F00818,C11orf68,False,False,False,0,0,2,40,2,0.047619047619047616,0.5,0.6282271944922547
F00819,C11orf96,False,False,False,34,1,6,1,7,0.11904761904761904,0.125,0.2027277215502345
F00820,C12orf56,False,False,False,35,1,6,0,7,0.11904761904761904,0.125,0.2027277215502345
F00821,C12orf57,False,False,False,0,4,7,31,11,0.07142857142857142,0.548828125,0.6802114282682513
F00822,C16orf54,False,False,False,41,0,1,0,1,0.023809523809523808,1.0,1.0
F00823,C17orf58,False,False,False,38,4,0,0,4,-0.09523809523809523,0.125,0.2027277215502345
F00824,C17orf75,False,False,False,5,4,19,14,23,0.35714285714285715,0.002599477767944336,0.008286544849778888
F00825,C19orf12,False,False,False,19,11,8,4,19,-0.07142857142857142,0.6476058959960938,0.7818395326523955
F00826,C19orf25,False,False,False,11,4,21,6,25,0.40476190476190477,0.0009105205535888672,0.0036371970663265306
F00827,C1GALT1,False,False,False,21,2,14,5,16,0.2857142857142857,0.004180908203125,0.012350974323080598
F00828,C1GALT1C1,False,False,False,27,1,11,3,12,0.23809523809523808,0.00634765625,0.017898756035407724
F00829,C1orf122,False,False,False,2,1,33,6,34,0.7619047619047619,4.0745362639427185e-09,6.373738870024681e-07
F00830,C1orf198,False,False,False,22,7,9,4,16,0.047619047619047616,0.803619384765625,0.9394625192010955
F00831,C1orf226,False,False,False,24,1,16,1,17,0.35714285714285715,0.000274658203125,0.0013119248560594895
F00832,C1orf52,False,False,False,33,0,9,0,9,0.21428571428571427,0.00390625,0.01172410347190498
F00833,C1QA,False,False,False,0,0,0,42,0,0.0,,
F00834,C1QB,False,False,False,0,0,1,41,1,0.023809523809523808,1.0,1.0
F00835,C1QBP,False,False,False,0,0,0,42,0,0.0,,
F00836,C1QC,False,False,False,0,0,0,42,0,0.0,,
F00837,C1QTNF3,False,False,False,41,0,1,0,1,0.023809523809523808,1.0,1.0
F00838,C1R,False,False,False,0,0,0,42,0,0.0,,
F00839,C1RL,False,False,False,30,7,3,2,10,-0.09523809523809523,0.34375,0.47586125158027814
F00840,C1S,False,False,False,0,0,0,42,0,0.0,,
F00841,C2,False,False,False,0,0,0,42,0,0.0,,
F00842,C2CD2,False,False,False,31,6,5,0,11,-0.023809523809523808,1.0,1.0
F00843,C2CD5,False,False,False,38,1,3,0,4,0.047619047619047616,0.625,0.7584503140007388
F00844,C2orf42,False,False,False,18,7,16,1,23,0.21428571428571427,0.0931396484375,0.1652072057868183
F00845,C2orf49,False,False,False,35,0,6,1,6,0.14285714285714285,0.03125,0.06532373528475978
F00846,C3,False,False,False,0,0,0,42,0,0.0,,
F00847,C3orf49,False,False,False,35,0,7,0,7,0.16666666666666666,0.015625,0.03678117162307417
F00848,C4A,False,False,False,0,0,0,42,0,0.0,,
F00849,C4B,False,False,False,0,0,0,42,0,0.0,,
F00850,C4BPA,False,False,False,0,0,0,42,0,0.0,,
F00851,C4BPB,False,False,False,0,0,6,36,6,0.14285714285714285,0.03125,0.06532373528475978
F00852,C4orf51,False,False,False,27,11,2,2,13,-0.21428571428571427,0.0224609375,0.050450721153846155
F00853,C4orf54,False,False,False,41,1,0,0,1,-0.023809523809523808,1.0,1.0
F00854,C5,False,False,False,0,0,0,42,0,0.0,,
F00855,C5AR1,False,False,False,10,2,25,5,27,0.5476190476190477,5.647540092468262e-06,6.318292697938551e-05
F00856,C5orf22,False,False,False,31,0,10,1,10,0.23809523809523808,0.001953125,0.006523655948144382
F00857,C6,False,False,False,0,0,0,42,0,0.0,,
F00858,C6orf120,False,False,False,13,4,22,3,26,0.42857142857142855,0.0005335211753845215,0.0022326331989021056
F00859,C6orf132,False,False,False,0,5,10,27,15,0.11904761904761904,0.3017578125,0.4219086674026389
F00860,C6orf136,False,False,False,34,8,0,0,8,-0.19047619047619047,0.0078125,0.020482092976855548
F00861,C6orf15,False,False,False,30,6,4,2,10,-0.047619047619047616,0.75390625,0.8906966485344362
F00862,C6orf47,False,False,False,38,0,4,0,4,0.09523809523809523,0.125,0.2027277215502345
F00863,C6orf89,False,False,False,38,0,4,0,4,0.09523809523809523,0.125,0.2027277215502345
F00864,C7,False,False,False,0,0,0,42,0,0.0,,
F00865,C7orf50,False,False,False,0,0,10,32,10,0.23809523809523808,0.001953125,0.006523655948144382
F00866,C8A,False,False,False,0,0,0,42,0,0.0,,
F00867,C8B,False,False,False,0,0,0,42,0,0.0,,
F00868,C8G,False,False,False,0,0,0,42,0,0.0,,
F00869,C8orf33,False,False,False,9,2,22,9,24,0.47619047619047616,3.5881996154785156e-05,0.0002719085521763996
F00870,C8orf82,False,False,False,2,6,7,27,13,0.023809523809523808,1.0,1.0
F00871,C9,False,False,False,0,0,0,42,0,0.0,,
F00872,C9orf152,False,False,False,40,2,0,0,2,-0.047619047619047616,0.5,0.6282271944922547
F00873,C9orf50,False,False,False,30,1,11,0,12,0.23809523809523808,0.00634765625,0.017898756035407724
F00874,C9orf78,False,False,False,27,3,11,1,14,0.19047619047619047,0.057373046875,0.11175242157389564
F00875,CA1,False,False,False,0,0,0,42,0,0.0,,
F00876,CA12,False,False,False,1,2,15,24,17,0.30952380952380953,0.002349853515625,0.007711557241586538
F00877,CA2,False,False,False,0,0,0,42,0,0.0,,
F00878,CA3,False,False,False,0,0,0,42,0,0.0,,
F00879,CA4,False,False,False,9,9,14,10,23,0.11904761904761904,0.4048728942871094,0.5474408140494564
F00880,CA6,False,False,False,33,5,4,0,9,-0.023809523809523808,1.0,1.0
F00881,CA9,False,False,False,21,1,17,3,18,0.38095238095238093,0.00014495849609375,0.000789045003592326
F00882,CAAP1,False,False,False,9,7,15,11,22,0.19047619047619047,0.13380050659179688,0.21625321729596692
F00883,CAB39,False,False,False,0,0,0,42,0,0.0,,
F00884,CAB39L,False,False,False,0,4,3,35,7,-0.023809523809523808,1.0,1.0
F00885,CACNA1D,False,False,False,39,2,1,0,3,-0.023809523809523808,1.0,1.0
F00886,CACNA1G,False,False,False,6,5,18,13,23,0.30952380952380953,0.010622024536132812,0.027605498893351496
F00887,CACNA1S,False,False,False,23,15,2,2,17,-0.30952380952380953,0.002349853515625,0.007711557241586538
F00888,CACNA2D1,False,False,False,0,9,0,33,9,-0.21428571428571427,0.00390625,0.01172410347190498
F00889,CACNB1,False,False,False,11,14,11,6,25,-0.07142857142857142,0.6900379657745361,0.8244316121365162
F00890,CACNG6,False,False,False,0,0,2,40,2,0.047619047619047616,0.5,0.6282271944922547
F00891,CACTIN,False,False,False,18,2,18,4,20,0.38095238095238093,0.0004024505615234375,0.0018425785290654944
F00892,CACYBP,False,False,False,0,0,2,40,2,0.047619047619047616,0.5,0.6282271944922547
F00893,CAD,False,False,False,0,0,0,42,0,0.0,,
F00894,CADM1,False,False,False,19,12,6,5,18,-0.14285714285714285,0.237884521484375,0.3572982379812921
F00895,CADM3,False,False,False,24,17,1,0,18,-0.38095238095238093,0.00014495849609375,0.000789045003592326
F00896,CADM4,False,False,False,29,8,3,2,11,-0.11904761904761904,0.2265625,0.3435300311562428
F00897,CADPS2,False,False,False,21,9,10,2,19,0.023809523809523808,1.0,1.0
F00898,CALB2,False,False,False,9,3,17,13,20,0.3333333333333333,0.0025768280029296875,0.008286544849778888
F00899,CALCOCO1,False,False,False,19,2,19,2,21,0.40476190476190477,0.00022125244140625,0.0011491134703866107
F00900,CALCOCO2,False,False,False,8,5,24,5,29,0.4523809523809524,0.0005461126565933228,0.00228096640420733
F00901,CALD1,False,False,False,0,0,0,42,0,0.0,,
F00902,CALHM5,False,False,False,33,3,5,1,8,0.047619047619047616,0.7265625,0.8618009794186676
F00903,CALHM6,False,False,False,32,2,8,0,10,0.14285714285714285,0.109375,0.19126796646260313
F00904,CALM1;CALM2;CALM3,False,True,True,42,0,0,0,0,0.0,,
F00905,CALML3,False,False,False,0,0,0,42,0,0.0,,
F00906,CALML5,False,False,False,0,0,3,39,3,0.07142857142857142,0.25,0.3572982379812921
F00907,CALR,False,False,False,0,0,0,42,0,0.0,,
F00908,CALU,False,False,False,0,0,0,42,0,0.0,,
F00909,CAMK1,False,False,False,22,4,11,5,15,0.16666666666666666,0.11846923828125,0.2027277215502345
F00910,CAMK1D,False,False,False,5,7,13,17,20,0.14285714285714285,0.26317596435546875,0.3745810411211936
F00911,CAMK2A,False,False,False,17,18,4,3,22,-0.3333333333333333,0.004343509674072266,0.012688687665031029
F00912,CAMK2B,False,False,False,19,18,3,2,21,-0.35714285714285715,0.0014896392822265625,0.005365641493546336
F00913,CAMK2D,False,False,False,0,0,0,42,0,0.0,,
F00914,CAMK2G,False,False,False,0,0,2,40,2,0.047619047619047616,0.5,0.6282271944922547
F00915,CAMK4,False,False,False,37,2,3,0,5,0.023809523809523808,1.0,1.0
F00916,CAMKV,False,False,False,40,0,1,1,1,0.023809523809523808,1.0,1.0
F00917,CAMP,False,False,False,0,0,3,39,3,0.07142857142857142,0.25,0.3572982379812921
F00918,CAMSAP2,False,False,False,6,1,29,6,30,0.6666666666666666,5.774199962615967e-08,2.5428734816514053e-06
F00919,CAMSAP3,False,False,False,5,3,11,23,14,0.19047619047619047,0.057373046875,0.11175242157389564
F00920,CAND1,False,False,False,0,0,0,42,0,0.0,,
F00921,CAND2,False,False,False,1,7,6,28,13,-0.023809523809523808,1.0,1.0
F00922,CANT1,False,False,False,0,3,16,23,19,0.30952380952380953,0.004425048828125,0.012728796322583735
F00923,CANX,False,False,False,0,0,0,42,0,0.0,,
F00924,CAP1,False,False,False,0,0,0,42,0,0.0,,
F00925,CAP2,False,False,False,0,6,5,31,11,-0.023809523809523808,1.0,1.0
F00926,CAPG,False,False,False,0,0,0,42,0,0.0,,
F00927,CAPN1,False,False,False,0,0,0,42,0,0.0,,
F00928,CAPN2,False,False,False,0,0,0,42,0,0.0,,
F00929,CAPN3,False,False,False,6,12,8,16,20,-0.09523809523809523,0.5034446716308594,0.6302651472207976
F00930,CAPN5,False,False,False,23,14,3,2,17,-0.2619047619047619,0.012725830078125,0.03188754952409977
F00931,CAPN7,False,False,False,1,6,9,26,15,0.07142857142857142,0.60723876953125,0.7455725501439567
F00932,CAPNS1,False,False,False,0,0,0,42,0,0.0,,
F00933,CAPNS2,False,False,False,1,5,10,26,15,0.11904761904761904,0.3017578125,0.4219086674026389
F00934,CAPRIN1,False,False,False,0,0,5,37,5,0.11904761904761904,0.0625,0.11622558731955845
F00935,CAPS,False,False,False,22,17,1,2,18,-0.38095238095238093,0.00014495849609375,0.000789045003592326
F00936,CAPS2,False,False,False,22,4,15,1,19,0.2619047619047619,0.0192108154296875,0.044614725123028234
F00937,CAPZA1,False,False,False,0,0,0,42,0,0.0,,
F00938,CAPZA2,False,False,False,0,0,0,42,0,0.0,,
F00939,CAPZB,False,False,False,0,0,0,42,0,0.0,,
F00940,CARD16,False,False,False,3,1,24,14,25,0.5476190476190477,1.5497207641601562e-06,2.4955062305226046e-05
F00941,CARD17P,False,False,False,37,0,5,0,5,0.11904761904761904,0.0625,0.11622558731955845
F00942,CARD18,False,False,False,14,3,17,8,20,0.3333333333333333,0.0025768280029296875,0.008286544849778888
F00943,CARD19,False,False,False,6,6,16,14,22,0.23809523809523808,0.052478790283203125,0.10329108812481862
F00944,CARD6,False,False,False,11,2,23,6,25,0.5,1.9431114196777344e-05,0.00016998990715423056
F00945,CARD9,False,False,False,17,4,11,10,15,0.16666666666666666,0.11846923828125,0.2027277215502345
F00946,CARHSP1,False,False,False,0,0,1,41,1,0.023809523809523808,1.0,1.0
F00947,CARM1,False,False,False,0,0,1,41,1,0.023809523809523808,1.0,1.0
F00948,CARMIL1,False,False,False,1,2,15,24,17,0.30952380952380953,0.002349853515625,0.007711557241586538
F00949,CARMIL2,False,False,False,28,4,10,0,14,0.14285714285714285,0.1795654296875,0.2823599318344894
F00950,CARS1,False,False,False,0,0,2,40,2,0.047619047619047616,0.5,0.6282271944922547
F00951,CARS2,False,False,False,6,1,11,24,12,0.23809523809523808,0.00634765625,0.017898756035407724
F00952,CASD1,False,False,False,25,2,12,3,14,0.23809523809523808,0.012939453125,0.03188754952409977
F00953,CASK,False,False,False,1,0,9,32,9,0.21428571428571427,0.00390625,0.01172410347190498
F00954,CASP1,False,False,False,0,0,1,41,1,0.023809523809523808,1.0,1.0
F00955,CASP10,False,False,False,3,2,29,8,31,0.6428571428571429,4.628673195838928e-07,1.0408040296991798e-05
F00956,CASP14,False,False,False,1,3,19,19,22,0.38095238095238093,0.0008554458618164062,0.0034628954480183543
F00957,CASP3,False,False,False,0,1,9,32,10,0.19047619047619047,0.021484375,0.0488923947869761
F00958,CASP4,False,False,False,0,1,15,26,16,0.3333333333333333,0.000518798828125,0.002199037613407258
F00959,CASP6,False,False,False,0,0,26,16,26,0.6190476190476191,2.9802322387695312e-08,1.6049283449767065e-06
F00960,CASP7,False,False,False,0,0,5,37,5,0.11904761904761904,0.0625,0.11622558731955845
F00961,CASP8,False,False,False,4,3,23,12,26,0.47619047619047616,8.797645568847656e-05,0.0005361830369882106
F00962,CASQ1,False,False,False,3,2,2,35,4,0.0,1.0,1.0
F00963,CASQ2,False,False,False,3,9,8,22,17,-0.023809523809523808,1.0,1.0
F00964,CAST,False,False,False,0,0,0,42,0,0.0,,
F00965,CASTOR1,False,False,False,26,12,4,0,16,-0.19047619047619047,0.076812744140625,0.13784750860527348
F00966,CASTOR2,False,False,False,37,2,2,1,4,0.0,1.0,1.0
F00967,CASZ1,False,False,False,24,9,5,4,14,-0.09523809523809523,0.4239501953125,0.5711201113805875
F00968,CAT,False,False,False,0,0,0,42,0,0.0,,
F00969,CAV1,False,False,False,0,0,0,42,0,0.0,,
F00970,CAV2,False,False,False,5,4,5,28,9,0.023809523809523808,1.0,1.0
F00971,CAV3,False,False,False,14,16,7,5,23,-0.21428571428571427,0.0931396484375,0.1652072057868183
F00972,CAVIN1,False,False,False,0,0,0,42,0,0.0,,
F00973,CAVIN2,False,False,False,0,0,0,42,0,0.0,,
F00974,CAVIN3,False,False,False,0,0,0,42,0,0.0,,
F00975,CAVIN4,False,False,False,7,12,6,17,18,-0.14285714285714285,0.237884521484375,0.3572982379812921
F00976,CBFB,False,False,False,0,0,5,37,5,0.11904761904761904,0.0625,0.11622558731955845
F00977,CBL,False,False,False,1,1,23,17,24,0.5238095238095238,2.9802322387695312e-06,3.9451045565085836e-05
F00978,CBLC,False,False,False,8,3,24,7,27,0.5,4.9233436584472656e-05,0.0003504481889057263
F00979,CBLL1,False,False,False,41,1,0,0,1,-0.023809523809523808,1.0,1.0
F00980,CBR1,False,False,False,0,0,0,42,0,0.0,,
F00981,CBR3,False,False,False,0,1,4,37,5,0.07142857142857142,0.375,0.510833506116525
F00982,CBR4,False,False,False,13,13,9,7,22,-0.09523809523809523,0.5234670639038086,0.6521006086173725
F00983,CBS,False,False,False,22,3,14,3,17,0.2619047619047619,0.012725830078125,0.03188754952409977
F00984,CBX1,False,False,False,0,0,3,39,3,0.07142857142857142,0.25,0.3572982379812921
F00985,CBX3,False,False,False,0,0,1,41,1,0.023809523809523808,1.0,1.0
F00986,CBX5,False,False,False,0,1,8,33,9,0.16666666666666666,0.0390625,0.07848337155963303
F00987,CBX8,False,False,False,33,4,4,1,8,0.0,1.0,1.0
F00988,CC2D1A,False,False,False,0,0,3,39,3,0.07142857142857142,0.25,0.3572982379812921
F00989,CC2D1B,False,False,False,1,3,15,23,18,0.2857142857142857,0.007537841796875,0.020482092976855548
F00990,CCAR1,False,False,False,0,0,4,38,4,0.09523809523809523,0.125,0.2027277215502345
F00991,CCAR2,False,False,False,0,0,1,41,1,0.023809523809523808,1.0,1.0
F00992,CCDC115,False,False,False,1,1,18,22,19,0.40476190476190477,7.62939453125e-05,0.0004760220519497863
F00993,CCDC117,False,False,False,36,0,4,2,4,0.09523809523809523,0.125,0.2027277215502345
F00994,CCDC12,False,False,False,14,4,16,8,20,0.2857142857142857,0.01181793212890625,0.029885994644693634
F00995,CCDC124,False,False,False,0,0,5,37,5,0.11904761904761904,0.0625,0.11622558731955845
F00996,CCDC127,False,False,False,22,6,12,2,18,0.14285714285714285,0.237884521484375,0.3572982379812921
F00997,CCDC134,False,False,False,3,2,25,12,27,0.5476190476190477,5.647540092468262e-06,6.318292697938551e-05
F00998,CCDC136,False,False,False,27,0,14,1,14,0.3333333333333333,0.0001220703125,0.0006813950323916738
F00999,CCDC137,False,False,False,17,2,21,2,23,0.4523809523809524,6.604194641113281e-05,0.00042917466658866723
F01000,CCDC144CP,False,False,False,24,5,10,3,15,0.11904761904761904,0.3017578125,0.4219086674026389
F01001,CCDC168,False,False,False,39,0,3,0,3,0.07142857142857142,0.25,0.3572982379812921
F01002,CCDC171,False,False,False,21,6,14,1,20,0.19047619047619047,0.11531829833984375,0.20069966095172806
F01003,CCDC178,False,False,False,13,8,15,6,23,0.16666666666666666,0.21003961563110352,0.3264237081618364
F01004,CCDC18,False,False,False,38,3,0,1,3,-0.07142857142857142,0.25,0.3572982379812921
F01005,CCDC180,False,False,False,27,12,3,0,15,-0.21428571428571427,0.03515625,0.07256568096135721
F01006,CCDC186,False,False,False,6,18,3,15,21,-0.35714285714285715,0.0014896392822265625,0.005365641493546336
F01007,CCDC22,False,False,False,0,0,2,40,2,0.047619047619047616,0.5,0.6282271944922547
F01008,CCDC43,False,False,False,2,2,19,19,21,0.40476190476190477,0.00022125244140625,0.0011491134703866107
F01009,CCDC47,False,False,False,0,0,2,40,2,0.047619047619047616,0.5,0.6282271944922547
F01010,CCDC50,False,False,False,0,1,19,22,20,0.42857142857142855,4.00543212890625e-05,0.0002895015301090656
F01011,CCDC51,False,False,False,8,10,17,7,27,0.16666666666666666,0.24778856337070465,0.3572982379812921
F01012,CCDC59,False,False,False,38,0,3,1,3,0.07142857142857142,0.25,0.3572982379812921
F01013,CCDC6,False,False,False,0,0,6,36,6,0.14285714285714285,0.03125,0.06532373528475978
F01014,CCDC65,False,False,False,0,3,6,33,9,0.07142857142857142,0.5078125,0.632959234490609
F01015,CCDC8,False,False,False,34,1,6,1,7,0.11904761904761904,0.125,0.2027277215502345
F01016,CCDC80,False,False,False,28,2,11,1,13,0.21428571428571427,0.0224609375,0.050450721153846155
F01017,CCDC85C,False,False,False,26,1,14,1,15,0.30952380952380953,0.0009765625,0.0036371970663265306
F01018,CCDC86,False,False,False,1,0,22,19,22,0.5238095238095238,4.76837158203125e-07,1.0408040296991798e-05
F01019,CCDC87,False,False,False,39,0,3,0,3,0.07142857142857142,0.25,0.3572982379812921
F01020,CCDC88A,False,False,False,37,0,4,1,4,0.09523809523809523,0.125,0.2027277215502345
F01021,CCDC88B,False,False,False,0,0,6,36,6,0.14285714285714285,0.03125,0.06532373528475978
F01022,CCDC9,False,False,False,0,1,13,28,14,0.2857142857142857,0.0018310546875,0.006378594537049311
F01023,CCDC90B,False,False,False,22,6,11,3,17,0.11904761904761904,0.332305908203125,0.4625529273081634
F01024,CCDC93,False,False,False,0,0,6,36,6,0.14285714285714285,0.03125,0.06532373528475978
F01025,CCL18,False,False,False,34,1,5,2,6,0.09523809523809523,0.21875,0.3337639340455179
F01026,CCL19,False,False,False,40,2,0,0,2,-0.047619047619047616,0.5,0.6282271944922547
F01027,CCL21,False,False,False,35,4,3,0,7,-0.023809523809523808,1.0,1.0
F01028,CCL28,False,False,False,37,5,0,0,5,-0.11904761904761904,0.0625,0.11622558731955845
F01029,CCL5,False,False,False,31,0,10,1,10,0.23809523809523808,0.001953125,0.006523655948144382
F01030,CCM2,False,False,False,27,1,12,2,13,0.2619047619047619,0.00341796875,0.010703553235224024
F01031,CCN1,False,False,False,21,2,15,4,17,0.30952380952380953,0.002349853515625,0.007711557241586538
F01032,CCNDBP1,False,False,False,18,1,21,2,22,0.47619047619047616,1.0967254638671875e-05,0.00010627560910925401
F01033,CCNF,False,False,False,25,10,7,0,17,-0.07142857142857142,0.629058837890625,0.7611264392157286
F01034,CCNH,False,False,False,39,0,2,1,2,0.047619047619047616,0.5,0.6282271944922547
F01035,CCNK,False,False,False,0,0,6,36,6,0.14285714285714285,0.03125,0.06532373528475978
F01036,CCNP,False,False,False,35,3,4,0,7,0.023809523809523808,1.0,1.0
F01037,CCNT1,False,False,False,27,6,7,2,13,0.023809523809523808,1.0,1.0
F01038,CCNY,False,False,False,15,6,14,7,20,0.19047619047619047,0.11531829833984375,0.20069966095172806
F01039,CCNYL1,False,False,False,8,5,23,6,28,0.42857142857142855,0.0009122341871261597,0.0036371970663265306
F01040,CCS,False,False,False,0,0,0,42,0,0.0,,
F01041,CCT2,False,False,False,0,0,0,42,0,0.0,,
F01042,CCT3,False,False,False,0,0,0,42,0,0.0,,
F01043,CCT4,False,False,False,0,0,0,42,0,0.0,,
F01044,CCT5,False,False,False,0,0,0,42,0,0.0,,
F01045,CCT6A,False,False,False,0,0,0,42,0,0.0,,
F01046,CCT6B,False,False,False,0,3,8,31,11,0.11904761904761904,0.2265625,0.3435300311562428
F01047,CCT7,False,False,False,0,0,0,42,0,0.0,,
F01048,CCT8,False,False,False,0,0,0,42,0,0.0,,
F01049,CCZ1B;CCZ1,False,True,True,42,0,0,0,0,0.0,,
F01050,CD101,False,False,False,25,9,6,2,15,-0.07142857142857142,0.60723876953125,0.7455725501439567
F01051,CD109,False,False,False,0,0,3,39,3,0.07142857142857142,0.25,0.3572982379812921
F01052,CD14,False,False,False,0,0,0,42,0,0.0,,
F01053,CD151,False,False,False,1,0,13,28,13,0.30952380952380953,0.000244140625,0.0012069254373589164
F01054,CD163,False,False,False,1,1,5,35,6,0.09523809523809523,0.21875,0.3337639340455179
F01055,CD163L1,False,False,False,32,3,7,0,10,0.09523809523809523,0.34375,0.47586125158027814
F01056,CD177,False,False,False,3,2,22,15,24,0.47619047619047616,3.5881996154785156e-05,0.0002719085521763996
F01057,CD180,False,False,False,30,5,6,1,11,0.023809523809523808,1.0,1.0
F01058,CD19,False,False,False,33,6,3,0,9,-0.07142857142857142,0.5078125,0.632959234490609
F01059,CD2,False,False,False,37,1,4,0,5,0.07142857142857142,0.375,0.510833506116525
F01060,CD207,False,False,False,19,13,7,3,20,-0.14285714285714285,0.26317596435546875,0.3745810411211936
F01061,CD209,False,False,False,13,8,12,9,20,0.09523809523809523,0.5034446716308594,0.6302651472207976
F01062,CD22,False,False,False,27,9,5,1,14,-0.09523809523809523,0.4239501953125,0.5711201113805875
F01063,CD248,False,False,False,3,9,6,24,15,-0.07142857142857142,0.60723876953125,0.7455725501439567
F01064,CD27,False,False,False,25,5,11,1,16,0.14285714285714285,0.210113525390625,0.3264237081618364
F01065,CD276,False,False,False,1,0,32,9,32,0.7619047619047619,4.656612873077393e-10,2.5494955480098724e-07
F01066,CD2AP,False,False,False,0,0,0,42,0,0.0,,
F01067,CD2BP2,False,False,False,1,2,23,16,25,0.5,1.9431114196777344e-05,0.00016998990715423056
F01068,CD34,False,False,False,32,10,0,0,10,-0.23809523809523808,0.001953125,0.006523655948144382
F01069,CD36,False,False,False,0,0,4,38,4,0.09523809523809523,0.125,0.2027277215502345
F01070,CD37,False,False,False,35,1,4,2,5,0.07142857142857142,0.375,0.510833506116525
F01071,CD38,False,False,False,1,6,8,27,14,0.047619047619047616,0.79052734375,0.9276236200102697
F01072,CD3D,False,False,False,38,1,3,0,4,0.047619047619047616,0.625,0.7584503140007388
F01073,CD3E,False,False,False,17,7,11,7,18,0.09523809523809523,0.480682373046875,0.6282271944922547
F01074,CD4,False,False,False,34,3,5,0,8,0.047619047619047616,0.7265625,0.8618009794186676
F01075,CD40,False,False,False,9,2,27,4,29,0.5952380952380952,1.6242265701293945e-06,2.5468182734487163e-05
F01076,CD44,False,False,False,0,0,0,42,0,0.0,,
F01077,CD46,False,False,False,4,2,12,24,14,0.23809523809523808,0.012939453125,0.03188754952409977
F01078,CD47,False,False,False,0,0,0,42,0,0.0,,
F01079,CD48,False,False,False,9,6,12,15,18,0.14285714285714285,0.237884521484375,0.3572982379812921
F01080,CD5,False,False,False,31,2,9,0,11,0.16666666666666666,0.0654296875,0.11997573175411666
F01081,CD53,False,False,False,19,1,20,2,21,0.4523809523809524,2.09808349609375e-05,0.0001751513160017273
F01082,CD55,False,False,False,0,2,4,36,6,0.047619047619047616,0.6875,0.8218477074235808
F01083,CD58,False,False,False,0,0,11,31,11,0.2619047619047619,0.0009765625,0.0036371970663265306
F01084,CD59,False,False,False,0,0,0,42,0,0.0,,
F01085,CD5L,False,False,False,0,0,0,42,0,0.0,,
F01086,CD6,False,False,False,31,3,8,0,11,0.11904761904761904,0.2265625,0.3435300311562428
F01087,CD63,False,False,False,4,3,17,18,20,0.3333333333333333,0.0025768280029296875,0.008286544849778888
F01088,CD72,False,False,False,38,2,2,0,4,0.0,1.0,1.0
F01089,CD74,False,False,False,0,0,7,35,7,0.16666666666666666,0.015625,0.03678117162307417
F01090,CD81,False,False,False,0,0,0,42,0,0.0,,
F01091,CD82,False,False,False,0,0,5,37,5,0.11904761904761904,0.0625,0.11622558731955845
F01092,CD83,False,False,False,5,1,17,19,18,0.38095238095238093,0.00014495849609375,0.000789045003592326
F01093,CD84,False,False,False,34,1,6,1,7,0.11904761904761904,0.125,0.2027277215502345
F01094,CD8A,False,False,False,31,2,8,1,10,0.14285714285714285,0.109375,0.19126796646260313
F01095,CD9,False,False,False,0,0,1,41,1,0.023809523809523808,1.0,1.0
F01096,CD99,False,False,False,4,8,10,20,18,0.047619047619047616,0.8145294189453125,0.9495135348599544
F01097,CD99L2,False,False,False,36,3,3,0,6,0.0,1.0,1.0
F01098,CDA,False,False,False,0,0,11,31,11,0.2619047619047619,0.0009765625,0.0036371970663265306
F01099,CDC123,False,False,False,2,2,34,4,36,0.7619047619047619,1.941225491464138e-08,1.6049283449767065e-06
F01100,CDC16,False,False,False,1,0,24,17,24,0.5714285714285714,1.1920928955078125e-07,3.896542449495685e-06
F01101,CDC23,False,False,False,0,2,17,23,19,0.35714285714285715,0.000728607177734375,0.0029843822679020224
F01102,CDC26,False,False,False,40,0,1,1,1,0.023809523809523808,1.0,1.0
F01103,CDC27,False,False,False,38,0,3,1,3,0.07142857142857142,0.25,0.3572982379812921
F01104,CDC37,False,False,False,0,0,0,42,0,0.0,,
F01105,CDC37L1,False,False,False,4,5,19,14,24,0.3333333333333333,0.006610751152038574,0.018521379560295707
F01106,CDC40,False,False,False,0,0,15,27,15,0.35714285714285715,6.103515625e-05,0.0004117053147458932
F01107,CDC42,False,False,False,0,0,0,42,0,0.0,,
F01108,CDC42BPA,False,False,False,12,8,20,2,28,0.2857142857142857,0.03569813817739487,0.07361480471609676
F01109,CDC42BPB,False,False,False,0,0,6,36,6,0.14285714285714285,0.03125,0.06532373528475978
F01110,CDC42BPG,False,False,False,7,5,15,15,20,0.23809523809523808,0.04138946533203125,0.08245263409079603
F01111,CDC42EP1,False,False,False,4,1,24,13,25,0.5476190476190477,1.5497207641601562e-06,2.4955062305226046e-05
F01112,CDC42EP2,False,False,False,28,0,14,0,14,0.3333333333333333,0.0001220703125,0.0006813950323916738
F01113,CDC42EP3,False,False,False,41,0,0,1,0,0.0,,
F01114,CDC42EP4,False,False,False,1,2,11,28,13,0.21428571428571427,0.0224609375,0.050450721153846155
F01115,CDC42EP5,False,False,False,31,5,5,1,10,0.0,1.0,1.0
F01116,CDC42SE1,False,False,False,13,5,16,8,21,0.2619047619047619,0.02660369873046875,0.0591493403245955
F01117,CDC5L,False,False,False,0,0,1,41,1,0.023809523809523808,1.0,1.0
F01118,CDC7,False,False,False,34,5,3,0,8,-0.047619047619047616,0.7265625,0.8618009794186676
F01119,CDC73,False,False,False,0,0,7,35,7,0.16666666666666666,0.015625,0.03678117162307417
F01120,CDCA3,False,False,False,40,1,0,1,1,-0.023809523809523808,1.0,1.0
F01121,CDCA5,False,False,False,35,0,6,1,6,0.14285714285714285,0.03125,0.06532373528475978
F01122,CDCA8,False,False,False,33,1,7,1,8,0.14285714285714285,0.0703125,0.12687534331227684
F01123,CDCP1,False,False,False,0,0,5,37,5,0.11904761904761904,0.0625,0.11622558731955845
F01124,CDH1,False,False,False,0,1,5,36,6,0.09523809523809523,0.21875,0.3337639340455179
F01125,CDH11,False,False,False,9,4,16,13,20,0.2857142857142857,0.01181793212890625,0.029885994644693634
F01126,CDH13,False,False,False,0,0,0,42,0,0.0,,
F01127,CDH16,False,False,False,31,0,11,0,11,0.2619047619047619,0.0009765625,0.0036371970663265306
F01128,CDH3,False,False,False,0,1,16,25,17,0.35714285714285715,0.000274658203125,0.0013119248560594895
F01129,CDH5,False,False,False,39,2,1,0,3,-0.023809523809523808,1.0,1.0
F01130,CDIPT,False,False,False,0,1,4,37,5,0.07142857142857142,0.375,0.510833506116525
F01131,CDK1,False,False,False,0,0,15,27,15,0.35714285714285715,6.103515625e-05,0.0004117053147458932
F01132,CDK11B,False,False,False,11,2,25,4,27,0.5476190476190477,5.647540092468262e-06,6.318292697938551e-05
F01133,CDK12,False,False,False,2,1,30,9,31,0.6904761904761905,2.9802322387695312e-08,1.6049283449767065e-06
F01134,CDK2,False,False,False,2,0,24,16,24,0.5714285714285714,1.1920928955078125e-07,3.896542449495685e-06
F01135,CDK2AP1,False,False,False,1,3,12,26,15,0.21428571428571427,0.03515625,0.07256568096135721
F01136,CDK4,False,False,False,18,4,15,5,19,0.2619047619047619,0.0192108154296875,0.044614725123028234
F01137,CDK5,False,False,False,0,0,14,28,14,0.3333333333333333,0.0001220703125,0.0006813950323916738
F01138,CDK5RAP1,False,False,False,30,3,8,1,11,0.11904761904761904,0.2265625,0.3435300311562428
F01139,CDK5RAP3,False,False,False,0,0,0,42,0,0.0,,
F01140,CDK6,False,False,False,1,1,18,22,19,0.40476190476190477,7.62939453125e-05,0.0004760220519497863
F01141,CDK7,False,False,False,6,2,15,19,17,0.30952380952380953,0.002349853515625,0.007711557241586538
F01142,CDK8,False,False,False,37,0,5,0,5,0.11904761904761904,0.0625,0.11622558731955845
F01143,CDK9,False,False,False,0,0,12,30,12,0.2857142857142857,0.00048828125,0.002121698288690476
F01144,CDKAL1,False,False,False,24,0,17,1,17,0.40476190476190477,1.52587890625e-05,0.0001392364501953125
F01145,CDKL5,False,False,False,33,3,5,1,8,0.047619047619047616,0.7265625,0.8618009794186676
F01146,CDKN1B,False,False,False,10,12,10,10,22,-0.047619047619047616,0.8318119049072266,0.9670862175261863
F01147,CDKN2A,True,False,False,37,0,5,0,5,0.11904761904761904,0.0625,0.11622558731955845
F01148,CDKN2A,True,False,False,23,1,16,2,17,0.35714285714285715,0.000274658203125,0.0013119248560594895
F01149,CDKN2AIP,False,False,False,0,0,8,34,8,0.19047619047619047,0.0078125,0.020482092976855548
F01150,CDKN2AIPNL,False,False,False,7,2,17,16,19,0.35714285714285715,0.000728607177734375,0.0029843822679020224
F01151,CDKN2B,False,False,False,16,2,21,3,23,0.4523809523809524,6.604194641113281e-05,0.00042917466658866723
F01152,CDKN2C,False,False,False,35,1,5,1,6,0.09523809523809523,0.21875,0.3337639340455179
F01153,CDS2,False,False,False,0,0,0,42,0,0.0,,
F01154,CDSN,False,False,False,9,2,20,11,22,0.42857142857142855,0.00012111663818359375,0.0006813950323916738
F01155,CDV3,False,False,False,0,0,5,37,5,0.11904761904761904,0.0625,0.11622558731955845
F01156,CEACAM1,False,False,False,4,10,9,19,19,-0.023809523809523808,1.0,1.0
F01157,CEACAM5,False,False,False,1,9,7,25,16,-0.047619047619047616,0.803619384765625,0.9394625192010955
F01158,CEACAM6,False,False,False,6,7,14,15,21,0.16666666666666666,0.18924713134765625,0.2959661159138542
F01159,CEACAM7,False,False,False,22,15,3,2,18,-0.2857142857142857,0.007537841796875,0.020482092976855548
F01160,CEACAM8,False,False,False,1,1,19,21,20,0.42857142857142855,4.00543212890625e-05,0.0002895015301090656
F01161,CEBPB,False,False,False,0,0,18,24,18,0.42857142857142855,7.62939453125e-06,7.981707336037023e-05
F01162,CEBPD,False,False,False,8,1,30,3,31,0.6904761904761905,2.9802322387695312e-08,1.6049283449767065e-06
F01163,CEBPZ,False,False,False,0,0,23,19,23,0.5476190476190477,2.384185791015625e-07,6.66557474339262e-06
F01164,CELF1,False,False,False,0,1,13,28,14,0.2857142857142857,0.0018310546875,0.006378594537049311
F01165,CELF2,False,False,False,8,7,13,14,20,0.14285714285714285,0.26317596435546875,0.3745810411211936
F01166,CELSR1,False,False,False,10,8,19,5,27,0.2619047619047619,0.052238985896110535,0.10329108812481862
F01167,CELSR2,False,False,False,31,5,5,1,10,0.0,1.0,1.0
F01168,CEMIP,False,False,False,4,1,16,21,17,0.35714285714285715,0.000274658203125,0.0013119248560594895
F01169,CEMIP2,False,False,False,4,3,29,6,32,0.6190476190476191,2.5560148060321808e-06,3.690773027611303e-05
F01170,CENPA,False,False,False,37,1,4,0,5,0.07142857142857142,0.375,0.510833506116525
F01171,CENPB,False,False,False,18,0,22,2,22,0.5238095238095238,4.76837158203125e-07,1.0408040296991798e-05
F01172,CENPC,False,False,False,27,2,12,1,14,0.23809523809523808,0.012939453125,0.03188754952409977
F01173,CENPF,False,False,False,12,4,22,4,26,0.42857142857142855,0.0005335211753845215,0.0022326331989021056
F01174,CENPT,False,False,False,31,0,9,2,9,0.21428571428571427,0.00390625,0.01172410347190498
F01175,CENPV,False,False,False,7,10,12,13,22,0.047619047619047616,0.8318119049072266,0.9670862175261863
F01176,CEP135,False,False,False,17,2,21,2,23,0.4523809523809524,6.604194641113281e-05,0.00042917466658866723
F01177,CEP164,False,False,False,40,2,0,0,2,-0.047619047619047616,0.5,0.6282271944922547
F01178,CEP170,False,False,False,4,1,27,10,28,0.6190476190476191,2.1606683731079102e-07,6.4820051193237305e-06
F01179,CEP170B,False,False,False,4,1,17,20,18,0.38095238095238093,0.00014495849609375,0.000789045003592326
F01180,CEP295,False,False,False,0,4,13,25,17,0.21428571428571427,0.049041748046875,0.09713725796441626
F01181,CEP41,False,False,False,16,4,21,1,25,0.40476190476190477,0.0009105205535888672,0.0036371970663265306
F01182,CEP43,False,False,False,29,2,10,1,12,0.19047619047619047,0.03857421875,0.07848337155963303
F01183,CEP57,False,False,False,41,0,1,0,1,0.023809523809523808,1.0,1.0
F01184,CEPT1,False,False,False,0,0,4,38,4,0.09523809523809523,0.125,0.2027277215502345
F01185,CERS2,False,False,False,3,0,29,10,29,0.6904761904761905,3.725290298461914e-09,6.275681348947378e-07
F01186,CERS3,False,False,False,1,2,12,27,14,0.23809523809523808,0.012939453125,0.03188754952409977
F01187,CERS4,False,False,False,5,4,10,23,14,0.14285714285714285,0.1795654296875,0.2823599318344894
F01188,CERS5,False,False,False,20,2,19,1,21,0.40476190476190477,0.00022125244140625,0.0011491134703866107
F01189,CERS6,False,False,False,13,2,21,6,23,0.4523809523809524,6.604194641113281e-05,0.00042917466658866723
F01190,CERT1,False,False,False,0,0,8,34,8,0.19047619047619047,0.0078125,0.020482092976855548
F01191,CES1,False,False,False,0,9,0,33,9,-0.21428571428571427,0.00390625,0.01172410347190498
F01192,CES2,False,False,False,0,1,6,35,7,0.11904761904761904,0.125,0.2027277215502345
F01193,CES3,False,False,False,40,2,0,0,2,-0.047619047619047616,0.5,0.6282271944922547
F01194,CETN2,False,False,False,1,2,15,24,17,0.30952380952380953,0.002349853515625,0.007711557241586538
F01195,CETP,False,False,False,23,7,11,1,18,0.09523809523809523,0.480682373046875,0.6282271944922547
F01196,CFAP157,False,False,False,39,3,0,0,3,-0.07142857142857142,0.25,0.3572982379812921
F01197,CFAP20,False,False,False,0,2,7,33,9,0.11904761904761904,0.1796875,0.2823599318344894
F01198,CFAP299,False,False,False,29,3,10,0,13,0.16666666666666666,0.09228515625,0.1641791163180341
F01199,CFAP91,False,False,False,26,8,5,3,13,-0.07142857142857142,0.5810546875,0.7167723050835524
F01200,CFB,False,False,False,0,0,0,42,0,0.0,,
F01201,CFD,False,False,False,0,0,0,42,0,0.0,,
F01202,CFDP1,False,False,False,2,2,18,20,20,0.38095238095238093,0.0004024505615234375,0.0018425785290654944
F01203,CFH,False,False,False,0,0,0,42,0,0.0,,
F01204,CFHR1,False,False,False,3,0,6,33,6,0.14285714285714285,0.03125,0.06532373528475978
F01205,CFHR2,False,False,False,2,2,11,27,13,0.21428571428571427,0.0224609375,0.050450721153846155
F01206,CFHR4,False,False,False,15,10,14,3,24,0.09523809523809523,0.5412561893463135,0.6736224974436976
F01207,CFHR5,False,False,False,5,6,14,17,20,0.19047619047619047,0.11531829833984375,0.20069966095172806
F01208,CFI,False,False,False,0,0,0,42,0,0.0,,
F01209,CFL1,False,False,False,0,0,0,42,0,0.0,,
F01210,CFL2,False,False,False,0,1,0,41,1,-0.023809523809523808,1.0,1.0
F01211,CFP,False,False,False,5,0,23,14,23,0.5476190476190477,2.384185791015625e-07,6.66557474339262e-06
F01212,CGAS,False,False,False,5,1,34,2,35,0.7857142857142857,2.0954757928848267e-09,4.4410567610494554e-07
F01213,CGGBP1,False,False,False,5,4,6,27,10,0.047619047619047616,0.75390625,0.8906966485344362
F01214,CGN,False,False,False,0,6,6,30,12,0.0,1.0,1.0
F01215,CGNL1,False,False,False,15,14,9,4,23,-0.11904761904761904,0.4048728942871094,0.5474408140494564
F01216,CGREF1,False,False,False,32,8,1,1,9,-0.16666666666666666,0.0390625,0.07848337155963303
F01217,CHAD,False,False,False,25,10,6,1,16,-0.09523809523809523,0.454498291015625,0.6055675870964624
F01218,CHAF1A,False,False,False,34,2,5,1,7,0.07142857142857142,0.453125,0.6055675870964624
F01219,CHAF1B,False,False,False,30,0,10,2,10,0.23809523809523808,0.001953125,0.006523655948144382
F01220,CHAMP1,False,False,False,1,1,11,29,12,0.23809523809523808,0.00634765625,0.017898756035407724
F01221,CHCHD1,False,False,False,12,5,19,6,24,0.3333333333333333,0.006610751152038574,0.018521379560295707
F01222,CHCHD10,False,False,False,36,4,1,1,5,-0.07142857142857142,0.375,0.510833506116525
F01223,CHCHD2,False,False,False,0,2,16,24,18,0.3333333333333333,0.001312255859375,0.0048191844584090275
F01224,CHCHD3,False,False,False,0,0,0,42,0,0.0,,
F01225,CHCHD4,False,False,False,4,9,21,8,30,0.2857142857142857,0.04277394525706768,0.08518485005727028
F01226,CHCHD6,False,False,False,10,7,11,14,18,0.09523809523809523,0.480682373046875,0.6282271944922547
F01227,CHCHD7,False,False,False,37,4,1,0,5,-0.07142857142857142,0.375,0.510833506116525
F01228,CHD1L,False,False,False,26,3,12,1,15,0.21428571428571427,0.03515625,0.07256568096135721
F01229,CHD2,False,False,False,3,0,28,11,28,0.6666666666666666,7.450580596923828e-09,8.741127593176705e-07
F01230,CHD3,False,False,False,15,6,14,7,20,0.19047619047619047,0.11531829833984375,0.20069966095172806
F01231,CHD4,False,False,False,0,0,7,35,7,0.16666666666666666,0.015625,0.03678117162307417
F01232,CHD6,False,False,False,38,2,2,0,4,0.0,1.0,1.0
F01233,CHD8,False,False,False,13,7,13,9,20,0.14285714285714285,0.26317596435546875,0.3745810411211936
F01234,CHDH,False,False,False,11,15,8,8,23,-0.16666666666666666,0.21003961563110352,0.3264237081618364
F01235,CHEK2,False,False,False,26,3,12,1,15,0.21428571428571427,0.03515625,0.07256568096135721
F01236,CHERP,False,False,False,0,0,11,31,11,0.2619047619047619,0.0009765625,0.0036371970663265306
F01237,CHI3L1,False,False,False,1,4,24,13,28,0.47619047619047616,0.00017999112606048584,0.0009606350107371177
F01238,CHID1,False,False,False,0,1,0,41,1,-0.023809523809523808,1.0,1.0
F01239,CHIT1,False,False,False,21,2,15,4,17,0.30952380952380953,0.002349853515625,0.007711557241586538
F01240,CHKB,False,False,False,15,10,10,7,20,0.0,1.0,1.0
F01241,CHL1,False,False,False,11,22,4,5,26,-0.42857142857142855,0.0005335211753845215,0.0022326331989021056
F01242,CHMP1A,False,False,False,0,1,12,29,13,0.2619047619047619,0.00341796875,0.010703553235224024
F01243,CHMP1B,False,False,False,0,1,0,41,1,-0.023809523809523808,1.0,1.0
F01244,CHMP2A,False,False,False,0,0,0,42,0,0.0,,
F01245,CHMP2B,False,False,False,1,2,10,29,12,0.19047619047619047,0.03857421875,0.07848337155963303
F01246,CHMP3,False,False,False,0,0,6,36,6,0.14285714285714285,0.03125,0.06532373528475978
F01247,CHMP4A,False,False,False,0,0,8,34,8,0.19047619047619047,0.0078125,0.020482092976855548
F01248,CHMP4B,False,False,False,0,0,0,42,0,0.0,,
F01249,CHMP4C,False,False,False,6,3,11,22,14,0.19047619047619047,0.057373046875,0.11175242157389564
F01250,CHMP5,False,False,False,0,0,10,32,10,0.23809523809523808,0.001953125,0.006523655948144382
F01251,CHMP6,False,False,False,1,5,16,20,21,0.2619047619047619,0.02660369873046875,0.0591493403245955
F01252,CHMP7,False,False,False,14,5,19,4,24,0.3333333333333333,0.006610751152038574,0.018521379560295707
F01253,CHORDC1,False,False,False,0,0,6,36,6,0.14285714285714285,0.03125,0.06532373528475978
F01254,CHP1,False,False,False,0,0,1,41,1,0.023809523809523808,1.0,1.0
F01255,CHPF,False,False,False,12,2,24,4,26,0.5238095238095238,1.049041748046875e-05,0.00010522449289569418
F01256,CHPF2,False,False,False,19,2,19,2,21,0.40476190476190477,0.00022125244140625,0.0011491134703866107
F01257,CHRAC1,False,False,False,0,1,12,29,13,0.2619047619047619,0.00341796875,0.010703553235224024
F01258,CHST2,False,False,False,35,0,7,0,7,0.16666666666666666,0.015625,0.03678117162307417
F01259,CHST4,False,False,False,33,6,3,0,9,-0.07142857142857142,0.5078125,0.632959234490609
F01260,CHST6,False,False,False,32,7,3,0,10,-0.09523809523809523,0.34375,0.47586125158027814
F01261,CHTF18,False,False,False,22,1,18,1,19,0.40476190476190477,7.62939453125e-05,0.0004760220519497863
F01262,CHTOP,False,False,False,0,3,16,23,19,0.30952380952380953,0.004425048828125,0.012728796322583735
F01263,CHUK,False,False,False,1,0,17,24,17,0.40476190476190477,1.52587890625e-05,0.0001392364501953125
F01264,CIAO1,False,False,False,2,3,11,26,14,0.19047619047619047,0.057373046875,0.11175242157389564
F01265,CIAO2B,False,False,False,0,1,4,37,5,0.07142857142857142,0.375,0.510833506116525
F01266,CIAPIN1,False,False,False,0,0,3,39,3,0.07142857142857142,0.25,0.3572982379812921
F01267,CIB1,False,False,False,10,4,20,8,24,0.38095238095238093,0.001543879508972168,0.005491764143988708
F01268,CIC,False,False,False,40,0,2,0,2,0.047619047619047616,0.5,0.6282271944922547
F01269,CIDEC,False,False,False,7,5,10,20,15,0.11904761904761904,0.3017578125,0.4219086674026389
F01270,CILP,False,False,False,0,11,1,30,12,-0.23809523809523808,0.00634765625,0.017898756035407724
F01271,CILP2,False,False,False,21,8,8,5,16,0.0,1.0,1.0
F01272,CIP2A,False,False,False,21,2,17,2,19,0.35714285714285715,0.000728607177734375,0.0029843822679020224
F01273,CIRBP,False,False,False,0,0,1,41,1,0.023809523809523808,1.0,1.0
F01274,CISD1,False,False,False,0,0,0,42,0,0.0,,
F01275,CISD2,False,False,False,0,0,4,38,4,0.09523809523809523,0.125,0.2027277215502345
F01276,CISD3,False,False,False,16,5,16,5,21,0.2619047619047619,0.02660369873046875,0.0591493403245955
F01277,CIT,False,False,False,19,9,9,5,18,0.0,1.0,1.0
F01278,CIZ1,False,False,False,27,0,14,1,14,0.3333333333333333,0.0001220703125,0.0006813950323916738
F01279,CKAP2,False,False,False,15,0,26,1,26,0.6190476190476191,2.9802322387695312e-08,1.6049283449767065e-06
F01280,CKAP4,False,False,False,0,0,0,42,0,0.0,,
F01281,CKAP5,False,False,False,0,0,5,37,5,0.11904761904761904,0.0625,0.11622558731955845
F01282,CKB,False,False,False,0,0,0,42,0,0.0,,
F01283,CKM,False,False,False,0,0,0,42,0,0.0,,
F01284,CKMT1A,False,False,False,0,0,1,41,1,0.023809523809523808,1.0,1.0
F01285,CKMT2,False,False,False,2,11,3,26,14,-0.19047619047619047,0.057373046875,0.11175242157389564
F01286,CKS2,False,False,False,41,0,0,1,0,0.0,,
F01287,CLASP1,False,False,False,0,0,8,34,8,0.19047619047619047,0.0078125,0.020482092976855548
F01288,CLASP2,False,False,False,4,2,18,18,20,0.38095238095238093,0.0004024505615234375,0.0018425785290654944
F01289,CLC,False,False,False,4,2,21,15,23,0.4523809523809524,6.604194641113281e-05,0.00042917466658866723
F01290,CLCA2,False,False,False,0,2,15,25,17,0.30952380952380953,0.002349853515625,0.007711557241586538
F01291,CLCA4,False,False,False,3,17,4,18,21,-0.30952380952380953,0.007197380065917969,0.019985962397751925
F01292,CLCC1,False,False,False,0,1,12,29,13,0.2619047619047619,0.00341796875,0.010703553235224024
F01293,CLCN3,False,False,False,39,2,1,0,3,-0.023809523809523808,1.0,1.0
F01294,CLDN1,False,False,False,9,2,26,5,28,0.5714285714285714,3.032386302947998e-06,3.9451045565085836e-05
F01295,CLDN10,False,False,False,34,6,2,0,8,-0.09523809523809523,0.2890625,0.40597277148354
F01296,CLDN3,False,False,False,26,9,5,2,14,-0.09523809523809523,0.4239501953125,0.5711201113805875
F01297,CLDN4,False,False,False,3,7,14,18,21,0.16666666666666666,0.18924713134765625,0.2959661159138542
F01298,CLDND1,False,False,False,9,2,16,15,18,0.3333333333333333,0.001312255859375,0.0048191844584090275
F01299,CLEC11A,False,False,False,29,1,11,1,12,0.23809523809523808,0.00634765625,0.017898756035407724
F01300,CLEC12A,False,False,False,35,2,5,0,7,0.07142857142857142,0.453125,0.6055675870964624
F01301,CLEC14A,False,False,False,37,2,3,0,5,0.023809523809523808,1.0,1.0
F01302,CLEC2B,False,False,False,28,0,14,0,14,0.3333333333333333,0.0001220703125,0.0006813950323916738
F01303,CLEC3B,False,False,False,0,0,0,42,0,0.0,,
F01304,CLEC4M,False,False,False,0,1,7,34,8,0.14285714285714285,0.0703125,0.12687534331227684
F01305,CLEC5A,False,False,False,37,0,5,0,5,0.11904761904761904,0.0625,0.11622558731955845
F01306,CLGN,False,False,False,40,1,0,1,1,-0.023809523809523808,1.0,1.0
F01307,CLIC1,False,False,False,0,0,0,42,0,0.0,,
F01308,CLIC2,False,False,False,0,0,4,38,4,0.09523809523809523,0.125,0.2027277215502345
F01309,CLIC3,False,False,False,0,3,5,34,8,0.047619047619047616,0.7265625,0.8618009794186676
F01310,CLIC4,False,False,False,0,0,0,42,0,0.0,,
F01311,CLIC6,False,False,False,14,16,5,7,21,-0.2619047619047619,0.02660369873046875,0.0591493403245955
F01312,CLINT1,False,False,False,0,0,1,41,1,0.023809523809523808,1.0,1.0
F01313,CLIP1,False,False,False,0,0,0,42,0,0.0,,
F01314,CLIP2,False,False,False,3,2,23,14,25,0.5,1.9431114196777344e-05,0.00016998990715423056
F01315,CLMN,False,False,False,28,5,7,2,12,0.047619047619047616,0.7744140625,0.9121370366842955
F01316,CLN3,False,False,False,18,2,20,2,22,0.42857142857142855,0.00012111663818359375,0.0006813950323916738
F01317,CLN5,False,False,False,13,3,23,3,26,0.47619047619047616,8.797645568847656e-05,0.0005361830369882106
F01318,CLN6,False,False,False,6,1,29,6,30,0.6666666666666666,5.774199962615967e-08,2.5428734816514053e-06
F01319,CLN8,False,False,False,36,2,3,1,5,0.023809523809523808,1.0,1.0
F01320,CLNS1A,False,False,False,0,0,6,36,6,0.14285714285714285,0.03125,0.06532373528475978
F01321,CLPB,False,False,False,3,2,26,11,28,0.5714285714285714,3.032386302947998e-06,3.9451045565085836e-05
F01322,CLPP,False,False,False,2,1,13,26,14,0.2857142857142857,0.0018310546875,0.006378594537049311
F01323,CLPTM1,False,False,False,0,0,3,39,3,0.07142857142857142,0.25,0.3572982379812921
F01324,CLPTM1L,False,False,False,1,0,23,18,23,0.5476190476190477,2.384185791015625e-07,6.66557474339262e-06
F01325,CLPX,False,False,False,0,0,11,31,11,0.2619047619047619,0.0009765625,0.0036371970663265306
F01326,CLSTN1,False,False,False,0,3,25,14,28,0.5238095238095238,2.744048833847046e-05,0.0002256370568006895
F01327,CLTA,False,False,False,0,0,0,42,0,0.0,,
F01328,CLTB,False,False,False,0,0,1,41,1,0.023809523809523808,1.0,1.0
F01329,CLTC,False,False,False,0,0,0,42,0,0.0,,
F01330,CLU,False,False,False,0,0,0,42,0,0.0,,
F01331,CLUH,False,False,False,0,0,3,39,3,0.07142857142857142,0.25,0.3572982379812921
F01332,CLYBL,False,False,False,12,20,7,3,27,-0.30952380952380953,0.0191572904586792,0.044614725123028234
F01333,CMA1,False,False,False,0,3,1,38,4,-0.047619047619047616,0.625,0.7584503140007388
F01334,CMAS,False,False,False,0,0,3,39,3,0.07142857142857142,0.25,0.3572982379812921
F01335,CMBL,False,False,False,0,0,0,42,0,0.0,,
F01336,CMC1,False,False,False,22,6,9,5,15,0.07142857142857142,0.60723876953125,0.7455725501439567
F01337,CMC2,False,False,False,17,2,19,4,21,0.40476190476190477,0.00022125244140625,0.0011491134703866107
F01338,CMIP,False,False,False,13,3,24,2,27,0.5,4.9233436584472656e-05,0.0003504481889057263
F01339,CMPK1,False,False,False,0,0,0,42,0,0.0,,
F01340,CMPK2,False,False,False,2,4,19,17,23,0.35714285714285715,0.002599477767944336,0.008286544849778888
F01341,CMSS1,False,False,False,17,2,20,3,22,0.42857142857142855,0.00012111663818359375,0.0006813950323916738
F01342,CMTM3,False,False,False,27,1,14,0,15,0.30952380952380953,0.0009765625,0.0036371970663265306
F01343,CMTM6,False,False,False,37,0,5,0,5,0.11904761904761904,0.0625,0.11622558731955845
F01344,CMTR1,False,False,False,4,1,26,11,27,0.5952380952380952,4.172325134277344e-07,1.0305329373008326e-05
F01345,CMYA5,False,False,False,24,8,7,3,15,-0.023809523809523808,1.0,1.0
F01346,CNBP,False,False,False,0,0,1,41,1,0.023809523809523808,1.0,1.0
F01347,CNDP2,False,False,False,0,0,0,42,0,0.0,,
F01348,CNEP1R1,False,False,False,20,2,19,1,21,0.40476190476190477,0.00022125244140625,0.0011491134703866107
F01349,CNFN,False,False,False,6,4,16,16,20,0.2857142857142857,0.01181793212890625,0.029885994644693634
F01350,CNN1,False,False,False,0,3,2,37,5,-0.023809523809523808,1.0,1.0
F01351,CNN2,False,False,False,0,0,3,39,3,0.07142857142857142,0.25,0.3572982379812921
F01352,CNN3,False,False,False,0,0,2,40,2,0.047619047619047616,0.5,0.6282271944922547
F01353,CNNM3,False,False,False,24,6,10,2,16,0.09523809523809523,0.454498291015625,0.6055675870964624
F01354,CNNM4,False,False,False,29,0,13,0,13,0.30952380952380953,0.000244140625,0.0012069254373589164
F01355,CNOT1,False,False,False,0,0,2,40,2,0.047619047619047616,0.5,0.6282271944922547
F01356,CNOT10,False,False,False,0,1,18,23,19,0.40476190476190477,7.62939453125e-05,0.0004760220519497863
F01357,CNOT2,False,False,False,2,1,24,15,25,0.5476190476190477,1.5497207641601562e-06,2.4955062305226046e-05
F01358,CNOT3,False,False,False,2,0,18,22,18,0.42857142857142855,7.62939453125e-06,7.981707336037023e-05
F01359,CNOT6L,False,False,False,29,8,3,2,11,-0.11904761904761904,0.2265625,0.3435300311562428
F01360,CNOT7,False,False,False,2,2,19,19,21,0.40476190476190477,0.00022125244140625,0.0011491134703866107
F01361,CNOT8,False,False,False,21,2,17,2,19,0.35714285714285715,0.000728607177734375,0.0029843822679020224
F01362,CNOT9,False,False,False,0,0,13,29,13,0.30952380952380953,0.000244140625,0.0012069254373589164
F01363,CNP,False,False,False,0,0,0,42,0,0.0,,
F01364,CNPY2,False,False,False,0,0,1,41,1,0.023809523809523808,1.0,1.0
F01365,CNPY3,False,False,False,1,0,14,27,14,0.3333333333333333,0.0001220703125,0.0006813950323916738
F01366,CNPY4,False,False,False,3,3,24,12,27,0.5,4.9233436584472656e-05,0.0003504481889057263
F01367,CNRIP1,False,False,False,2,0,1,39,1,0.023809523809523808,1.0,1.0
F01368,CNTFR,False,False,False,21,15,3,3,18,-0.2857142857142857,0.007537841796875,0.020482092976855548
F01369,CNTN1,False,False,False,0,1,4,37,5,0.07142857142857142,0.375,0.510833506116525
F01370,CNTRL,False,False,False,19,2,19,2,21,0.40476190476190477,0.00022125244140625,0.0011491134703866107
F01371,COA1,False,False,False,40,1,0,1,1,-0.023809523809523808,1.0,1.0
F01372,COA3,False,False,False,0,1,5,36,6,0.09523809523809523,0.21875,0.3337639340455179
F01373,COA4,False,False,False,0,3,7,32,10,0.09523809523809523,0.34375,0.47586125158027814
F01374,COA6,False,False,False,0,1,5,36,6,0.09523809523809523,0.21875,0.3337639340455179
F01375,COA7,False,False,False,3,4,18,17,22,0.3333333333333333,0.004343509674072266,0.012688687665031029
F01376,COASY,False,False,False,0,0,1,41,1,0.023809523809523808,1.0,1.0
F01377,COBL,False,False,False,9,17,3,13,20,-0.3333333333333333,0.0025768280029296875,0.008286544849778888
F01378,COBLL1,False,False,False,0,0,5,37,5,0.11904761904761904,0.0625,0.11622558731955845
F01379,COCH,False,False,False,27,4,11,0,15,0.16666666666666666,0.11846923828125,0.2027277215502345
F01380,COG1,False,False,False,1,0,16,25,16,0.38095238095238093,3.0517578125e-05,0.00023755982023844786
F01381,COG2,False,False,False,0,0,11,31,11,0.2619047619047619,0.0009765625,0.0036371970663265306
F01382,COG3,False,False,False,0,0,1,41,1,0.023809523809523808,1.0,1.0
F01383,COG4,False,False,False,0,0,15,27,15,0.35714285714285715,6.103515625e-05,0.0004117053147458932
F01384,COG5,False,False,False,1,0,12,29,12,0.2857142857142857,0.00048828125,0.002121698288690476
F01385,COG6,False,False,False,2,0,14,26,14,0.3333333333333333,0.0001220703125,0.0006813950323916738
F01386,COG7,False,False,False,0,0,14,28,14,0.3333333333333333,0.0001220703125,0.0006813950323916738
F01387,COG8,False,False,False,1,1,26,14,27,0.5952380952380952,4.172325134277344e-07,1.0305329373008326e-05
F01388,COIL,False,False,False,0,0,19,23,19,0.4523809523809524,3.814697265625e-06,4.684590847692757e-05
F01389,COL10A1,False,False,False,0,11,1,30,12,-0.23809523809523808,0.00634765625,0.017898756035407724
F01390,COL11A1,False,False,False,8,0,19,15,19,0.4523809523809524,3.814697265625e-06,4.684590847692757e-05
F01391,COL12A1,False,False,False,0,0,0,42,0,0.0,,
F01392,COL14A1,False,False,False,0,0,0,42,0,0.0,,
F01393,COL15A1,False,False,False,0,2,1,39,3,-0.023809523809523808,1.0,1.0
F01394,COL16A1,False,False,False,1,3,7,31,10,0.09523809523809523,0.34375,0.47586125158027814
F01395,COL17A1,False,False,False,0,1,4,37,5,0.07142857142857142,0.375,0.510833506116525
F01396,COL18A1,False,False,False,0,0,0,42,0,0.0,,
F01397,COL19A1,False,False,False,29,7,5,1,12,-0.047619047619047616,0.7744140625,0.9121370366842955
F01398,COL1A1,False,False,False,0,0,0,42,0,0.0,,
F01399,COL1A2,False,False,False,0,0,0,42,0,0.0,,
F01400,COL21A1,False,False,False,3,35,1,3,36,-0.8095238095238095,1.076841726899147e-09,3.3689762598701887e-07
F01401,COL22A1,False,False,False,21,5,14,2,19,0.21428571428571427,0.063568115234375,0.1175464444384587
F01402,COL26A1,False,False,False,38,3,1,0,4,-0.047619047619047616,0.625,0.7584503140007388
F01403,COL27A1,False,False,False,33,3,6,0,9,0.07142857142857142,0.5078125,0.632959234490609
F01404,COL28A1,False,False,False,2,28,2,10,30,-0.6190476190476191,8.67992639541626e-07,1.6797963160292393e-05
F01405,COL2A1,False,False,False,0,0,0,42,0,0.0,,
F01406,COL3A1,False,False,False,0,0,0,42,0,0.0,,
F01407,COL4A1,False,False,False,0,0,1,41,1,0.023809523809523808,1.0,1.0
F01408,COL4A2,False,False,False,0,0,1,41,1,0.023809523809523808,1.0,1.0
F01409,COL4A3,False,False,False,0,0,1,41,1,0.023809523809523808,1.0,1.0
F01410,COL4A6,False,False,False,15,4,13,10,17,0.21428571428571427,0.049041748046875,0.09713725796441626
F01411,COL5A1,False,False,False,0,2,1,39,3,-0.023809523809523808,1.0,1.0
F01412,COL5A2,False,False,False,0,4,2,36,6,-0.047619047619047616,0.6875,0.8218477074235808
F01413,COL5A3,False,False,False,0,1,1,40,2,0.0,1.0,1.0
F01414,COL6A1,False,False,False,0,0,0,42,0,0.0,,
F01415,COL6A2,False,False,False,0,0,0,42,0,0.0,,
F01416,COL6A3,False,False,False,0,0,0,42,0,0.0,,
F01417,COL6A5,False,False,False,27,11,3,1,14,-0.19047619047619047,0.057373046875,0.11175242157389564
F01418,COL6A6,False,False,False,0,6,2,34,8,-0.09523809523809523,0.2890625,0.40597277148354
F01419,COL7A1,False,False,False,0,0,0,42,0,0.0,,
F01420,COL8A1,False,False,False,5,8,7,22,15,-0.023809523809523808,1.0,1.0
F01421,COLEC12,False,False,False,25,3,10,4,13,0.16666666666666666,0.09228515625,0.1641791163180341
F01422,COLGALT1,False,False,False,0,0,0,42,0,0.0,,
F01423,COMMD10,False,False,False,0,0,8,34,8,0.19047619047619047,0.0078125,0.020482092976855548
F01424,COMMD2,False,False,False,0,0,2,40,2,0.047619047619047616,0.5,0.6282271944922547
F01425,COMMD3,False,False,False,0,0,3,39,3,0.07142857142857142,0.25,0.3572982379812921
F01426,COMMD4,False,False,False,9,4,20,9,24,0.38095238095238093,0.001543879508972168,0.005491764143988708
F01427,COMMD5,False,False,False,1,2,22,17,24,0.47619047619047616,3.5881996154785156e-05,0.0002719085521763996
F01428,COMMD6,False,False,False,2,3,16,21,19,0.30952380952380953,0.004425048828125,0.012728796322583735
F01429,COMMD7,False,False,False,1,0,21,20,21,0.5,9.5367431640625e-07,1.6797963160292393e-05
F01430,COMMD8,False,False,False,0,4,19,19,23,0.35714285714285715,0.002599477767944336,0.008286544849778888
F01431,COMMD9,False,False,False,0,0,5,37,5,0.11904761904761904,0.0625,0.11622558731955845
F01432,COMP,False,False,False,4,9,3,26,12,-0.14285714285714285,0.14599609375,0.23332384722391145
F01433,COMT,False,False,False,0,0,0,42,0,0.0,,
F01434,COMTD1,False,False,False,0,3,6,33,9,0.07142857142857142,0.5078125,0.632959234490609
F01435,COPA,False,False,False,0,0,0,42,0,0.0,,
F01436,COPB1,False,False,False,0,0,0,42,0,0.0,,
F01437,COPB2,False,False,False,0,0,2,40,2,0.047619047619047616,0.5,0.6282271944922547
F01438,COPE,False,False,False,0,0,1,41,1,0.023809523809523808,1.0,1.0
F01439,COPG1,False,False,False,0,0,0,42,0,0.0,,
F01440,COPG2,False,False,False,0,0,4,38,4,0.09523809523809523,0.125,0.2027277215502345
F01441,COPRS,False,False,False,16,3,22,1,25,0.4523809523809524,0.00015652179718017578,0.0008387832034859338
F01442,COPS2,False,False,False,0,0,0,42,0,0.0,,
F01443,COPS3,False,False,False,0,0,0,42,0,0.0,,
F01444,COPS4,False,False,False,0,0,0,42,0,0.0,,
F01445,COPS5,False,False,False,0,0,0,42,0,0.0,,
F01446,COPS6,False,False,False,0,0,0,42,0,0.0,,
F01447,COPS7A,False,False,False,0,0,2,40,2,0.047619047619047616,0.5,0.6282271944922547
F01448,COPS7B,False,False,False,1,2,26,13,28,0.5714285714285714,3.032386302947998e-06,3.9451045565085836e-05
F01449,COPS8,False,False,False,0,0,0,42,0,0.0,,
F01450,COPZ1,False,False,False,0,0,0,42,0,0.0,,
F01451,COPZ2,False,False,False,5,0,30,7,30,0.7142857142857143,1.862645149230957e-09,4.219854700154272e-07
F01452,COQ10A,False,False,False,20,18,3,1,21,-0.35714285714285715,0.0014896392822265625,0.005365641493546336
F01453,COQ3,False,False,False,2,8,7,25,15,-0.023809523809523808,1.0,1.0
F01454,COQ5,False,False,False,0,2,2,38,4,0.0,1.0,1.0
F01455,COQ6,False,False,False,0,10,1,31,11,-0.21428571428571427,0.01171875,0.02986508436772692
F01456,COQ7,False,False,False,16,19,3,4,22,-0.38095238095238093,0.0008554458618164062,0.0034628954480183543
F01457,COQ8A,False,False,False,0,13,2,27,15,-0.2619047619047619,0.00738525390625,0.0203017230811977
F01458,COQ9,False,False,False,0,2,1,39,3,-0.023809523809523808,1.0,1.0
F01459,CORO1A,False,False,False,0,0,0,42,0,0.0,,
F01460,CORO1B,False,False,False,0,0,0,42,0,0.0,,
F01461,CORO1C,False,False,False,0,0,0,42,0,0.0,,
F01462,CORO2A,False,False,False,13,5,20,4,25,0.35714285714285715,0.004077315330505371,0.012181883456762296
F01463,CORO2B,False,False,False,41,0,0,1,0,0.0,,
F01464,CORO6,False,False,False,19,14,5,4,19,-0.21428571428571427,0.063568115234375,0.1175464444384587
F01465,CORO7,False,False,False,0,0,1,41,1,0.023809523809523808,1.0,1.0
F01466,COTL1,False,False,False,0,0,0,42,0,0.0,,
F01467,COX11,False,False,False,21,8,9,4,17,0.023809523809523808,1.0,1.0
F01468,COX17,False,False,False,0,0,3,39,3,0.07142857142857142,0.25,0.3572982379812921
F01469,COX19,False,False,False,15,3,18,6,21,0.35714285714285715,0.0014896392822265625,0.005365641493546336
F01470,COX20,False,False,False,0,1,9,32,10,0.19047619047619047,0.021484375,0.0488923947869761
F01471,COX4I1,False,False,False,0,0,0,42,0,0.0,,
F01472,COX5A,False,False,False,0,0,0,42,0,0.0,,
F01473,COX5B,False,False,False,0,0,0,42,0,0.0,,
F01474,COX6A1,False,False,False,3,8,12,19,20,0.09523809523809523,0.5034446716308594,0.6302651472207976
F01475,COX6A2,False,False,False,23,14,3,2,17,-0.2619047619047619,0.012725830078125,0.03188754952409977
F01476,COX6B1,False,False,False,0,0,0,42,0,0.0,,
F01477,COX6C,False,False,False,0,0,0,42,0,0.0,,
F01478,COX7A1,False,False,False,0,8,0,34,8,-0.19047619047619047,0.0078125,0.020482092976855548
F01479,COX7A2,False,False,False,0,0,0,42,0,0.0,,
F01480,COX7A2L,False,False,False,1,0,7,34,7,0.16666666666666666,0.015625,0.03678117162307417
F01481,COX7C,False,False,False,0,0,3,39,3,0.07142857142857142,0.25,0.3572982379812921
F01482,CP,False,False,False,0,0,0,42,0,0.0,,
F01483,CPA3,False,False,False,0,2,1,39,3,-0.023809523809523808,1.0,1.0
F01484,CPA4,False,False,False,6,1,25,10,26,0.5714285714285714,8.046627044677734e-07,1.6117786488881927e-05
F01485,CPB2,False,False,False,0,0,2,40,2,0.047619047619047616,0.5,0.6282271944922547
F01486,CPD,False,False,False,0,0,14,28,14,0.3333333333333333,0.0001220703125,0.0006813950323916738
F01487,CPE,False,False,False,23,5,9,5,14,0.09523809523809523,0.4239501953125,0.5711201113805875
F01488,CPEB4;CPEB2;CPEB3,False,True,True,42,0,0,0,0,0.0,,
F01489,CPM,False,False,False,1,2,11,28,13,0.21428571428571427,0.0224609375,0.050450721153846155
F01490,CPN1,False,False,False,2,4,6,30,10,0.047619047619047616,0.75390625,0.8906966485344362
F01491,CPN2,False,False,False,0,0,2,40,2,0.047619047619047616,0.5,0.6282271944922547
F01492,CPNE1,False,False,False,0,0,0,42,0,0.0,,
F01493,CPNE2,False,False,False,7,1,20,14,21,0.4523809523809524,2.09808349609375e-05,0.0001751513160017273
F01494,CPNE3,False,False,False,0,0,0,42,0,0.0,,
F01495,CPNE8,False,False,False,27,0,14,1,14,0.3333333333333333,0.0001220703125,0.0006813950323916738
F01496,CPO,False,False,False,12,9,9,12,18,0.0,1.0,1.0
F01497,CPOX,False,False,False,0,0,1,41,1,0.023809523809523808,1.0,1.0
F01498,CPPED1,False,False,False,0,0,2,40,2,0.047619047619047616,0.5,0.6282271944922547
F01499,CPQ,False,False,False,0,2,2,38,4,0.0,1.0,1.0
F01500,CPS1,False,False,False,31,2,9,0,11,0.16666666666666666,0.0654296875,0.11997573175411666
F01501,CPSF1,False,False,False,0,0,6,36,6,0.14285714285714285,0.03125,0.06532373528475978
F01502,CPSF2,False,False,False,0,0,10,32,10,0.23809523809523808,0.001953125,0.006523655948144382
F01503,CPSF3,False,False,False,0,0,4,38,4,0.09523809523809523,0.125,0.2027277215502345
F01504,CPSF4,False,False,False,39,2,1,0,3,-0.023809523809523808,1.0,1.0
F01505,CPSF6,False,False,False,0,0,2,40,2,0.047619047619047616,0.5,0.6282271944922547
F01506,CPSF7,False,False,False,0,0,4,38,4,0.09523809523809523,0.125,0.2027277215502345
F01507,CPT1A,False,False,False,0,0,6,36,6,0.14285714285714285,0.03125,0.06532373528475978
F01508,CPT1B,False,False,False,5,6,7,24,13,0.023809523809523808,1.0,1.0
F01509,CPT2,False,False,False,0,0,0,42,0,0.0,,
F01510,CPTP,False,False,False,13,8,17,4,25,0.21428571428571427,0.10775214433670044,0.18964146485189443
F01511,CPVL,False,False,False,0,0,3,39,3,0.07142857142857142,0.25,0.3572982379812921
F01512,CPXCR1,False,False,False,37,2,3,0,5,0.023809523809523808,1.0,1.0
F01513,CPXM1,False,False,False,24,1,15,2,16,0.3333333333333333,0.000518798828125,0.002199037613407258
F01514,CPXM2,False,False,False,34,5,3,0,8,-0.047619047619047616,0.7265625,0.8618009794186676
F01515,CPZ,False,False,False,38,1,3,0,4,0.047619047619047616,0.625,0.7584503140007388
F01516,CR1,False,False,False,11,4,16,11,20,0.2857142857142857,0.01181793212890625,0.029885994644693634
F01517,CR2,False,False,False,35,1,5,1,6,0.09523809523809523,0.21875,0.3337639340455179
F01518,CRABP1,False,False,False,9,15,9,9,24,-0.14285714285714285,0.30745625495910645,0.4293278629290817
F01519,CRABP2,False,False,False,0,1,3,38,4,0.047619047619047616,0.625,0.7584503140007388
F01520,CRACR2A,False,False,False,37,5,0,0,5,-0.11904761904761904,0.0625,0.11622558731955845
F01521,CRADD,False,False,False,23,6,10,3,16,0.09523809523809523,0.454498291015625,0.6055675870964624
F01522,CRAT,False,False,False,0,2,0,40,2,-0.047619047619047616,0.5,0.6282271944922547
F01523,CRB3,False,False,False,15,10,10,7,20,0.0,1.0,1.0
F01524,CRCT1,False,False,False,22,7,10,3,17,0.07142857142857142,0.629058837890625,0.7611264392157286
F01525,CREB1,False,False,False,0,1,12,29,13,0.2619047619047619,0.00341796875,0.010703553235224024
F01526,CREBBP,False,False,False,3,2,27,10,29,0.5952380952380952,1.6242265701293945e-06,2.5468182734487163e-05
F01527,CREG1,False,False,False,1,3,5,33,8,0.047619047619047616,0.7265625,0.8618009794186676
F01528,CRELD1,False,False,False,19,4,14,5,18,0.23809523809523808,0.0308837890625,0.06532373528475978
F01529,CRELD2,False,False,False,2,0,27,13,27,0.6428571428571429,1.4901161193847656e-08,1.2943592782203968e-06
F01530,CRIP1,False,False,False,0,0,3,39,3,0.07142857142857142,0.25,0.3572982379812921
F01531,CRIP2,False,False,False,0,0,0,42,0,0.0,,
F01532,CRIPT,False,False,False,32,1,8,1,9,0.16666666666666666,0.0390625,0.07848337155963303
F01533,CRISP3,False,False,False,2,1,10,29,11,0.21428571428571427,0.01171875,0.02986508436772692
F01534,CRISPLD2,False,False,False,37,1,4,0,5,0.07142857142857142,0.375,0.510833506116525
F01535,CRK,False,False,False,0,0,0,42,0,0.0,,
F01536,CRKL,False,False,False,0,0,0,42,0,0.0,,
F01537,CRLF3,False,False,False,0,0,8,34,8,0.19047619047619047,0.0078125,0.020482092976855548
F01538,CRMP1,False,False,False,6,12,11,13,23,-0.023809523809523808,1.0,1.0
F01539,CRNKL1,False,False,False,0,0,12,30,12,0.2857142857142857,0.00048828125,0.002121698288690476
F01540,CRNN,False,False,False,0,1,1,40,2,0.0,1.0,1.0
F01541,CROCC,False,False,False,11,12,11,8,23,-0.023809523809523808,1.0,1.0
F01542,CROT,False,False,False,1,1,9,31,10,0.19047619047619047,0.021484375,0.0488923947869761
F01543,CRP,False,False,False,11,3,9,19,12,0.14285714285714285,0.14599609375,0.23332384722391145
F01544,CRTAP,False,False,False,0,0,12,30,12,0.2857142857142857,0.00048828125,0.002121698288690476
F01545,CRYAB,False,False,False,0,0,0,42,0,0.0,,
F01546,CRYBG1,False,False,False,0,0,5,37,5,0.11904761904761904,0.0625,0.11622558731955845
F01547,CRYBG2,False,False,False,0,1,7,34,8,0.14285714285714285,0.0703125,0.12687534331227684
F01548,CRYBG3,False,False,False,14,5,14,9,19,0.21428571428571427,0.063568115234375,0.1175464444384587
F01549,CRYL1,False,False,False,1,13,1,27,14,-0.2857142857142857,0.0018310546875,0.006378594537049311
F01550,CRYM,False,False,False,8,24,7,3,31,-0.40476190476190477,0.003326892852783203,0.01060023571425104
F01551,CRYZ,False,False,False,0,0,0,42,0,0.0,,
F01552,CRYZL1,False,False,False,8,5,17,12,22,0.2857142857142857,0.01690053939819336,0.03958522062250637
F01553,CS,False,False,False,0,0,0,42,0,0.0,,
F01554,CSDE1,False,False,False,0,0,0,42,0,0.0,,
F01555,CSE1L,False,False,False,0,0,0,42,0,0.0,,
F01556,CSF1R,False,False,False,37,1,4,0,5,0.07142857142857142,0.375,0.510833506116525
F01557,CSF2RA,False,False,False,31,5,6,0,11,0.023809523809523808,1.0,1.0
F01558,CSGALNACT2,False,False,False,23,1,18,0,19,0.40476190476190477,7.62939453125e-05,0.0004760220519497863
F01559,CSK,False,False,False,0,0,2,40,2,0.047619047619047616,0.5,0.6282271944922547
F01560,CSMD1,False,False,False,34,2,6,0,8,0.09523809523809523,0.2890625,0.40597277148354
F01561,CSMD3,False,False,False,15,6,12,9,18,0.14285714285714285,0.237884521484375,0.3572982379812921
F01562,CSNK1A1,False,False,False,0,0,3,39,3,0.07142857142857142,0.25,0.3572982379812921
F01563,CSNK1D,False,False,False,0,1,22,19,23,0.5,5.7220458984375e-06,6.318292697938551e-05
F01564,CSNK1E,False,False,False,16,0,19,7,19,0.4523809523809524,3.814697265625e-06,4.684590847692757e-05
F01565,CSNK1G2;CSNK1G1;CSNK1G3,False,True,True,42,0,0,0,0,0.0,,
F01566,CSNK2A1,False,False,False,1,0,26,15,26,0.6190476190476191,2.9802322387695312e-08,1.6049283449767065e-06
F01567,CSNK2A2,False,False,False,0,0,5,37,5,0.11904761904761904,0.0625,0.11622558731955845
F01568,CSNK2B,False,False,False,0,0,1,41,1,0.023809523809523808,1.0,1.0
F01569,CSPG4,False,False,False,0,0,3,39,3,0.07142857142857142,0.25,0.3572982379812921
F01570,CSRP1,False,False,False,0,0,0,42,0,0.0,,
F01571,CSRP2,False,False,False,0,1,4,37,5,0.07142857142857142,0.375,0.510833506116525
F01572,CSRP3,False,False,False,5,6,8,23,14,0.047619047619047616,0.79052734375,0.9276236200102697
F01573,CST3,False,False,False,0,0,4,38,4,0.09523809523809523,0.125,0.2027277215502345
F01574,CST4,False,False,False,41,1,0,0,1,-0.023809523809523808,1.0,1.0
F01575,CST6,False,False,False,15,6,16,5,22,0.23809523809523808,0.052478790283203125,0.10329108812481862
F01576,CSTA,False,False,False,0,0,0,42,0,0.0,,
F01577,CSTB,False,False,False,0,0,0,42,0,0.0,,
F01578,CSTF1,False,False,False,0,0,9,33,9,0.21428571428571427,0.00390625,0.01172410347190498
F01579,CSTF2,False,False,False,0,0,12,30,12,0.2857142857142857,0.00048828125,0.002121698288690476
F01580,CSTF2T,False,False,False,8,3,19,12,22,0.38095238095238093,0.0008554458618164062,0.0034628954480183543
F01581,CSTF3,False,False,False,1,0,11,30,11,0.2619047619047619,0.0009765625,0.0036371970663265306
F01582,CT45A6,False,False,True,42,0,0,0,0,0.0,,
F01583,CTAGE15,False,False,True,42,0,0,0,0,0.0,,
F01584,CTBP1,False,False,False,0,0,0,42,0,0.0,,
F01585,CTBP2,False,False,False,0,1,13,28,14,0.2857142857142857,0.0018310546875,0.006378594537049311
F01586,CTCF,False,False,False,8,3,18,13,21,0.35714285714285715,0.0014896392822265625,0.005365641493546336
F01587,CTDP1,False,False,False,3,4,22,13,26,0.42857142857142855,0.0005335211753845215,0.0022326331989021056
F01588,CTDSP1,False,False,False,5,2,25,10,27,0.5476190476190477,5.647540092468262e-06,6.318292697938551e-05
F01589,CTDSPL2,False,False,False,6,1,23,12,24,0.5238095238095238,2.9802322387695312e-06,3.9451045565085836e-05
F01590,CTH,False,False,False,24,6,10,2,16,0.09523809523809523,0.454498291015625,0.6055675870964624
F01591,CTHRC1,False,False,False,3,0,21,18,21,0.5,9.5367431640625e-07,1.6797963160292393e-05
F01592,CTNNA1,False,False,False,0,0,0,42,0,0.0,,
F01593,CTNNA2,False,False,False,0,2,7,33,9,0.11904761904761904,0.1796875,0.2823599318344894
F01594,CTNNA3,False,False,False,30,6,6,0,12,0.0,1.0,1.0
F01595,CTNNAL1,False,False,False,28,5,8,1,13,0.07142857142857142,0.5810546875,0.7167723050835524
F01596,CTNNB1,False,False,False,0,0,0,42,0,0.0,,
F01597,CTNNBIP1,False,False,False,8,7,11,16,18,0.09523809523809523,0.480682373046875,0.6282271944922547
F01598,CTNNBL1,False,False,False,0,0,2,40,2,0.047619047619047616,0.5,0.6282271944922547
F01599,CTNND1,False,False,False,0,0,0,42,0,0.0,,
F01600,CTNND2,False,False,False,3,6,13,20,19,0.16666666666666666,0.1670684814453125,0.2655794636089289
F01601,CTPS1,False,False,False,0,0,4,38,4,0.09523809523809523,0.125,0.2027277215502345
F01602,CTPS2,False,False,False,3,2,10,27,12,0.19047619047619047,0.03857421875,0.07848337155963303
F01603,CTR9,False,False,False,16,3,20,3,23,0.40476190476190477,0.00048828125,0.002121698288690476
F01604,CTSA,False,False,False,0,0,6,36,6,0.14285714285714285,0.03125,0.06532373528475978
F01605,CTSB,False,False,False,0,0,0,42,0,0.0,,
F01606,CTSC,False,False,False,0,0,0,42,0,0.0,,
F01607,CTSD,False,False,False,0,0,0,42,0,0.0,,
F01608,CTSG,False,False,False,0,0,0,42,0,0.0,,
F01609,CTSH,False,False,False,2,0,14,26,14,0.3333333333333333,0.0001220703125,0.0006813950323916738
F01610,CTSK,False,False,False,3,2,26,11,28,0.5714285714285714,3.032386302947998e-06,3.9451045565085836e-05
F01611,CTSL,False,False,False,0,1,22,19,23,0.5,5.7220458984375e-06,6.318292697938551e-05
F01612,CTSS,False,False,False,0,0,11,31,11,0.2619047619047619,0.0009765625,0.0036371970663265306
F01613,CTSV,False,False,False,8,2,18,14,20,0.38095238095238093,0.0004024505615234375,0.0018425785290654944
F01614,CTSZ,False,False,False,0,0,0,42,0,0.0,,
F01615,CTTN,False,False,False,0,0,0,42,0,0.0,,
F01616,CTTNBP2NL,False,False,False,0,0,10,32,10,0.23809523809523808,0.001953125,0.006523655948144382
F01617,CTU2,False,False,False,25,3,12,2,15,0.21428571428571427,0.03515625,0.07256568096135721
F01618,CUEDC1,False,False,False,31,5,6,0,11,0.023809523809523808,1.0,1.0
F01619,CUEDC2,False,False,False,40,0,1,1,1,0.023809523809523808,1.0,1.0
F01620,CUL1,False,False,False,0,0,1,41,1,0.023809523809523808,1.0,1.0
F01621,CUL2,False,False,False,0,0,4,38,4,0.09523809523809523,0.125,0.2027277215502345
F01622,CUL3,False,False,False,0,0,0,42,0,0.0,,
F01623,CUL4A,False,False,False,0,0,2,40,2,0.047619047619047616,0.5,0.6282271944922547
F01624,CUL4B,False,False,False,0,0,11,31,11,0.2619047619047619,0.0009765625,0.0036371970663265306
F01625,CUL5,False,False,False,0,0,2,40,2,0.047619047619047616,0.5,0.6282271944922547
F01626,CUSTOS,False,False,False,7,0,26,9,26,0.6190476190476191,2.9802322387695312e-08,1.6049283449767065e-06
F01627,CUTA,False,False,False,0,0,1,41,1,0.023809523809523808,1.0,1.0
F01628,CUX1,True,False,False,9,2,25,6,27,0.5476190476190477,5.647540092468262e-06,6.318292697938551e-05
F01629,CUX1,True,False,False,10,4,22,6,26,0.42857142857142855,0.0005335211753845215,0.0022326331989021056
F01630,CWC15,False,False,False,0,1,16,25,17,0.35714285714285715,0.000274658203125,0.0013119248560594895
F01631,CWC22,False,False,False,2,3,30,7,33,0.6428571428571429,1.4011748135089874e-06,2.454858273267746e-05
F01632,CWC27,False,False,False,2,1,28,11,29,0.6428571428571429,1.1175870895385742e-07,3.896542449495685e-06
F01633,CWF19L1,False,False,False,4,2,27,9,29,0.5952380952380952,1.6242265701293945e-06,2.5468182734487163e-05
F01634,CWF19L2,False,False,False,4,5,15,18,20,0.23809523809523808,0.04138946533203125,0.08245263409079603
F01635,CWH43,False,False,False,18,7,8,9,15,0.023809523809523808,1.0,1.0
F01636,CXADR,False,False,False,2,2,12,26,14,0.23809523809523808,0.012939453125,0.03188754952409977
F01637,CXCL10,False,False,False,22,1,18,1,19,0.40476190476190477,7.62939453125e-05,0.0004760220519497863
F01638,CXCL12,False,False,False,37,5,0,0,5,-0.11904761904761904,0.0625,0.11622558731955845
F01639,CXCL13,False,False,False,16,2,23,1,25,0.5,1.9431114196777344e-05,0.00016998990715423056
F01640,CXCL14,False,False,False,15,4,15,8,19,0.2619047619047619,0.0192108154296875,0.044614725123028234
F01641,CXCL5,False,False,False,27,2,10,3,12,0.19047619047619047,0.03857421875,0.07848337155963303
F01642,CXCL8,False,False,False,35,0,7,0,7,0.16666666666666666,0.015625,0.03678117162307417
F01643,CXCR2,False,False,False,9,3,24,6,27,0.5,4.9233436584472656e-05,0.0003504481889057263
F01644,CXorf38,False,False,False,8,2,23,9,25,0.5,1.9431114196777344e-05,0.00016998990715423056
F01645,CXXC1,False,False,False,3,2,28,9,30,0.6190476190476191,8.67992639541626e-07,1.6797963160292393e-05
F01646,CYB561,False,False,False,33,5,3,1,8,-0.047619047619047616,0.7265625,0.8618009794186676
F01647,CYB561D2,False,False,False,8,4,21,9,25,0.40476190476190477,0.0009105205535888672,0.0036371970663265306
F01648,CYB5A,False,False,False,0,0,0,42,0,0.0,,
F01649,CYB5B,False,False,False,0,0,0,42,0,0.0,,
F01650,CYB5R1,False,False,False,0,0,0,42,0,0.0,,
F01651,CYB5R2,False,False,False,1,1,12,28,13,0.2619047619047619,0.00341796875,0.010703553235224024
F01652,CYB5R3,False,False,False,0,0,0,42,0,0.0,,
F01653,CYB5R4,False,False,False,36,1,5,0,6,0.09523809523809523,0.21875,0.3337639340455179
F01654,CYBA,False,False,False,0,0,10,32,10,0.23809523809523808,0.001953125,0.006523655948144382
F01655,CYBB,False,False,False,0,0,2,40,2,0.047619047619047616,0.5,0.6282271944922547
F01656,CYBC1,False,False,False,1,1,9,31,10,0.19047619047619047,0.021484375,0.0488923947869761
F01657,CYBRD1,False,False,False,0,1,0,41,1,-0.023809523809523808,1.0,1.0
F01658,CYC1,False,False,False,0,0,0,42,0,0.0,,
F01659,CYCS,False,False,False,0,0,0,42,0,0.0,,
F01660,CYFIP1,False,False,False,0,0,0,42,0,0.0,,
F01661,CYFIP2,False,False,False,2,0,26,14,26,0.6190476190476191,2.9802322387695312e-08,1.6049283449767065e-06
F01662,CYGB,False,False,False,15,6,14,7,20,0.19047619047619047,0.11531829833984375,0.20069966095172806
F01663,CYP20A1,False,False,False,1,4,14,23,18,0.23809523809523808,0.0308837890625,0.06532373528475978
F01664,CYP27A1,False,False,False,6,9,3,24,12,-0.14285714285714285,0.14599609375,0.23332384722391145
F01665,CYP2C18,False,False,False,25,11,4,2,15,-0.16666666666666666,0.11846923828125,0.2027277215502345
F01666,CYP2D7,False,False,True,42,0,0,0,0,0.0,,
F01667,CYP2R1,False,False,False,11,12,10,9,22,-0.047619047619047616,0.8318119049072266,0.9670862175261863
F01668,CYP2S1,False,False,False,0,2,12,28,14,0.23809523809523808,0.012939453125,0.03188754952409977
F01669,CYP3A4,False,False,False,40,2,0,0,2,-0.047619047619047616,0.5,0.6282271944922547
F01670,CYP3A5,False,False,False,15,10,10,7,20,0.0,1.0,1.0
F01671,CYP4F11,False,False,False,28,1,10,3,11,0.21428571428571427,0.01171875,0.02986508436772692
F01672,CYP4F2,False,False,False,8,1,26,7,27,0.5952380952380952,4.172325134277344e-07,1.0305329373008326e-05
F01673,CYP4F22,False,False,False,8,12,8,14,20,-0.09523809523809523,0.5034446716308594,0.6302651472207976
F01674,CYP4F3,False,False,False,8,5,22,7,27,0.40476190476190477,0.0015137195587158203,0.005431533315545025
F01675,CYP4X1,False,False,False,10,8,17,7,25,0.21428571428571427,0.10775214433670044,0.18964146485189443
F01676,CYP51A1,False,False,False,0,0,6,36,6,0.14285714285714285,0.03125,0.06532373528475978
F01677,CYP7B1,False,False,False,1,0,6,35,6,0.14285714285714285,0.03125,0.06532373528475978
F01678,CYRIA,False,False,False,2,1,19,20,20,0.42857142857142855,4.00543212890625e-05,0.0002895015301090656
F01679,CYRIB,False,False,False,0,0,0,42,0,0.0,,
F01680,CYSRT1,False,False,False,2,14,9,17,23,-0.11904761904761904,0.4048728942871094,0.5474408140494564
F01681,CYSTM1,False,False,False,0,3,11,28,14,0.19047619047619047,0.057373046875,0.11175242157389564
F01682,CYTH1,False,False,False,19,2,19,2,21,0.40476190476190477,0.00022125244140625,0.0011491134703866107
F01683,CYTH3,False,False,True,42,0,0,0,0,0.0,,
F01684,CZIB,False,False,False,0,0,0,42,0,0.0,,
F01685,D2HGDH,False,False,False,37,4,0,1,4,-0.09523809523809523,0.125,0.2027277215502345
F01686,DAAM1,False,False,False,8,1,21,12,22,0.47619047619047616,1.0967254638671875e-05,0.00010627560910925401
F01687,DAAM2,False,False,False,4,1,11,26,12,0.23809523809523808,0.00634765625,0.017898756035407724
F01688,DAB2,False,False,False,4,4,6,28,10,0.047619047619047616,0.75390625,0.8906966485344362
F01689,DAB2IP,False,False,False,13,1,26,2,27,0.5952380952380952,4.172325134277344e-07,1.0305329373008326e-05
F01690,DACH1,False,False,False,4,8,9,21,17,0.023809523809523808,1.0,1.0
F01691,DAD1,False,False,False,0,0,0,42,0,0.0,,
F01692,DAG1,False,False,False,0,4,1,37,5,-0.07142857142857142,0.375,0.510833506116525
F01693,DAGLB,False,False,False,1,1,30,10,31,0.6904761904761905,2.9802322387695312e-08,1.6049283449767065e-06
F01694,DAP3,False,False,False,0,0,4,38,4,0.09523809523809523,0.125,0.2027277215502345
F01695,DAPK3,False,False,False,7,2,22,11,24,0.47619047619047616,3.5881996154785156e-05,0.0002719085521763996
F01696,DAPL1,False,False,False,13,21,1,7,22,-0.47619047619047616,1.0967254638671875e-05,0.00010627560910925401
F01697,DAPP1,False,False,False,1,3,23,15,26,0.47619047619047616,8.797645568847656e-05,0.0005361830369882106
F01698,DARS1,False,False,False,0,0,0,42,0,0.0,,
F01699,DARS2,False,False,False,0,0,1,41,1,0.023809523809523808,1.0,1.0
F01700,DAXX,False,False,False,33,1,7,1,8,0.14285714285714285,0.0703125,0.12687534331227684
F01701,DAZAP1,False,False,False,0,0,0,42,0,0.0,,
F01702,DAZL,False,False,False,41,0,1,0,1,0.023809523809523808,1.0,1.0
F01703,DBI,False,False,False,0,0,0,42,0,0.0,,
F01704,DBN1,False,False,False,0,0,0,42,0,0.0,,
F01705,DBNL,False,False,False,0,0,0,42,0,0.0,,
F01706,DBP;HLF,False,True,True,42,0,0,0,0,0.0,,
F01707,DBR1,False,False,False,5,2,26,9,28,0.5714285714285714,3.032386302947998e-06,3.9451045565085836e-05
F01708,DBT,False,False,False,0,0,0,42,0,0.0,,
F01709,DCAF1,False,False,False,8,7,20,7,27,0.30952380952380953,0.0191572904586792,0.044614725123028234
F01710,DCAF10,False,False,False,41,1,0,0,1,-0.023809523809523808,1.0,1.0
F01711,DCAF11,False,False,False,17,14,9,2,23,-0.11904761904761904,0.4048728942871094,0.5474408140494564
F01712,DCAF13,False,False,False,2,2,31,7,33,0.6904761904761905,1.3085082173347473e-07,4.2141661705339655e-06
F01713,DCAF4,False,False,False,3,12,5,22,17,-0.16666666666666666,0.143463134765625,0.23067860876411067
F01714,DCAF5,False,False,False,31,1,10,0,11,0.21428571428571427,0.01171875,0.02986508436772692
F01715,DCAF6,False,False,False,15,6,12,9,18,0.14285714285714285,0.237884521484375,0.3572982379812921
F01716,DCAF7,False,False,False,0,2,1,39,3,-0.023809523809523808,1.0,1.0
F01717,DCAKD,False,False,False,0,5,7,30,12,0.047619047619047616,0.7744140625,0.9121370366842955
F01718,DCD,False,False,False,0,0,0,42,0,0.0,,
F01719,DCDC1,False,False,False,16,11,9,6,20,-0.047619047619047616,0.8238029479980469,0.958962680430044
F01720,DCHS1,False,False,False,40,0,2,0,2,0.047619047619047616,0.5,0.6282271944922547
F01721,DCK,False,False,False,4,1,23,14,24,0.5238095238095238,2.9802322387695312e-06,3.9451045565085836e-05
F01722,DCLK1,False,False,False,25,9,4,4,13,-0.11904761904761904,0.266845703125,0.37808416422929697
F01723,DCN,False,False,False,0,0,0,42,0,0.0,,
F01724,DCP1A,False,False,False,17,7,17,1,24,0.23809523809523808,0.06391465663909912,0.11792173381602955
F01725,DCP1B,False,False,False,33,1,7,1,8,0.14285714285714285,0.0703125,0.12687534331227684
F01726,DCPS,False,False,False,0,0,2,40,2,0.047619047619047616,0.5,0.6282271944922547
F01727,DCST1,False,False,False,12,19,4,7,23,-0.35714285714285715,0.002599477767944336,0.008286544849778888
F01728,DCTD,False,False,False,1,2,13,26,15,0.2619047619047619,0.00738525390625,0.0203017230811977
F01729,DCTN1,False,False,False,0,0,0,42,0,0.0,,
F01730,DCTN2,False,False,False,0,0,0,42,0,0.0,,
F01731,DCTN3,False,False,False,0,0,0,42,0,0.0,,
F01732,DCTN4,False,False,False,0,0,6,36,6,0.14285714285714285,0.03125,0.06532373528475978
F01733,DCTN5,False,False,False,0,0,1,41,1,0.023809523809523808,1.0,1.0
F01734,DCTN6,False,False,False,32,1,7,2,8,0.14285714285714285,0.0703125,0.12687534331227684
F01735,DCTPP1,False,False,False,0,1,6,35,7,0.11904761904761904,0.125,0.2027277215502345
F01736,DCUN1D1,False,False,False,0,0,10,32,10,0.23809523809523808,0.001953125,0.006523655948144382
F01737,DCUN1D5,False,False,False,6,3,29,4,32,0.6190476190476191,2.5560148060321808e-06,3.690773027611303e-05
F01738,DCX,False,False,False,3,3,22,14,25,0.4523809523809524,0.00015652179718017578,0.0008387832034859338
F01739,DCXR,False,False,False,0,0,0,42,0,0.0,,
F01740,DDA1,False,False,False,35,2,4,1,6,0.047619047619047616,0.6875,0.8218477074235808
F01741,DDAH1,False,False,False,3,15,2,22,17,-0.30952380952380953,0.002349853515625,0.007711557241586538
F01742,DDAH2,False,False,False,0,0,0,42,0,0.0,,
F01743,DDB1,False,False,False,0,0,0,42,0,0.0,,
F01744,DDB2,False,False,False,2,2,9,29,11,0.16666666666666666,0.0654296875,0.11997573175411666
F01745,DDHD1,False,False,False,41,0,0,1,0,0.0,,
F01746,DDHD2,False,False,False,36,2,3,1,5,0.023809523809523808,1.0,1.0
F01747,DDI2,False,False,False,0,0,0,42,0,0.0,,
F01748,DDOST,False,False,False,0,0,0,42,0,0.0,,
F01749,DDRGK1,False,False,False,0,0,0,42,0,0.0,,
F01750,DDT,False,False,False,0,0,0,42,0,0.0,,
F01751,DDX1,False,False,False,0,0,0,42,0,0.0,,
F01752,DDX10,False,False,False,5,2,28,7,30,0.6190476190476191,8.67992639541626e-07,1.6797963160292393e-05
F01753,DDX17,False,False,False,0,0,0,42,0,0.0,,
F01754,DDX18,False,False,False,0,0,10,32,10,0.23809523809523808,0.001953125,0.006523655948144382
F01755,DDX19A,False,False,False,0,1,18,23,19,0.40476190476190477,7.62939453125e-05,0.0004760220519497863
F01756,DDX19B,False,False,False,22,9,10,1,19,0.023809523809523808,1.0,1.0
F01757,DDX20,False,False,False,1,1,19,21,20,0.42857142857142855,4.00543212890625e-05,0.0002895015301090656
F01758,DDX21,False,False,False,0,0,3,39,3,0.07142857142857142,0.25,0.3572982379812921
F01759,DDX23,False,False,False,0,0,4,38,4,0.09523809523809523,0.125,0.2027277215502345
F01760,DDX24,False,False,False,0,0,8,34,8,0.19047619047619047,0.0078125,0.020482092976855548
F01761,DDX27,False,False,False,0,0,12,30,12,0.2857142857142857,0.00048828125,0.002121698288690476
F01762,DDX28,False,False,False,30,3,8,1,11,0.11904761904761904,0.2265625,0.3435300311562428
F01763,DDX31,False,False,False,6,0,24,12,24,0.5714285714285714,1.1920928955078125e-07,3.896542449495685e-06
F01764,DDX39A,False,False,False,0,0,1,41,1,0.023809523809523808,1.0,1.0
F01765,DDX39B,False,False,False,0,0,0,42,0,0.0,,
F01766,DDX3X,False,False,False,0,0,0,42,0,0.0,,
F01767,DDX3Y,False,False,False,2,3,17,20,20,0.3333333333333333,0.0025768280029296875,0.008286544849778888
F01768,DDX41,False,False,False,5,2,28,7,30,0.6190476190476191,8.67992639541626e-07,1.6797963160292393e-05
F01769,DDX42,False,False,False,0,0,4,38,4,0.09523809523809523,0.125,0.2027277215502345
F01770,DDX43,False,False,False,26,8,4,4,12,-0.09523809523809523,0.3876953125,0.5249707755822342
F01771,DDX46,False,False,False,0,0,1,41,1,0.023809523809523808,1.0,1.0
F01772,DDX47,False,False,False,0,0,13,29,13,0.30952380952380953,0.000244140625,0.0012069254373589164
F01773,DDX49,False,False,False,25,1,15,1,16,0.3333333333333333,0.000518798828125,0.002199037613407258
F01774,DDX5,False,False,False,0,0,0,42,0,0.0,,
F01775,DDX50,False,False,False,1,0,22,19,22,0.5238095238095238,4.76837158203125e-07,1.0408040296991798e-05
F01776,DDX51,False,False,False,10,1,17,14,18,0.38095238095238093,0.00014495849609375,0.000789045003592326
F01777,DDX52,False,False,False,4,3,26,9,29,0.5476190476190477,1.5236437320709229e-05,0.0001392364501953125
F01778,DDX54,False,False,False,1,3,14,24,17,0.2619047619047619,0.012725830078125,0.03188754952409977
F01779,DDX55,False,False,False,1,2,12,27,14,0.23809523809523808,0.012939453125,0.03188754952409977
F01780,DDX56,False,False,False,1,0,21,20,21,0.5,9.5367431640625e-07,1.6797963160292393e-05
F01781,DDX6,False,False,False,0,0,0,42,0,0.0,,
F01782,DDX60,False,False,False,0,0,19,23,19,0.4523809523809524,3.814697265625e-06,4.684590847692757e-05
F01783,DDX60L,False,False,False,19,1,22,0,23,0.5,5.7220458984375e-06,6.318292697938551e-05
F01784,DECR1,False,False,False,0,0,0,42,0,0.0,,
F01785,DEF6,False,False,False,1,3,24,14,27,0.5,4.9233436584472656e-05,0.0003504481889057263
F01786,DEFA1,False,False,False,36,1,5,0,6,0.09523809523809523,0.21875,0.3337639340455179
F01787,DEFA3,False,False,False,22,1,14,5,15,0.30952380952380953,0.0009765625,0.0036371970663265306
F01788,DEFA4,False,False,False,23,3,16,0,19,0.30952380952380953,0.004425048828125,0.012728796322583735
F01789,DEFB1,False,False,False,31,4,7,0,11,0.07142857142857142,0.548828125,0.6802114282682513
F01790,DEFB103A,False,False,False,13,1,25,3,26,0.5714285714285714,8.046627044677734e-07,1.6117786488881927e-05
F01791,DEFB128,False,False,False,35,2,5,0,7,0.07142857142857142,0.453125,0.6055675870964624
F01792,DEFB4A,False,False,False,8,1,22,11,23,0.5,5.7220458984375e-06,6.318292697938551e-05
F01793,DEGS1,False,False,False,0,0,19,23,19,0.4523809523809524,3.814697265625e-06,4.684590847692757e-05
F01794,DEGS2,False,False,False,37,2,3,0,5,0.023809523809523808,1.0,1.0
F01795,DEK,False,False,False,0,0,0,42,0,0.0,,
F01796,DENND10P1;DENND10,False,True,True,42,0,0,0,0,0.0,,
F01797,DENND11,False,False,False,31,6,4,1,10,-0.047619047619047616,0.75390625,0.8906966485344362
F01798,DENND1B;DENND1C,False,True,True,42,0,0,0,0,0.0,,
F01799,DENND2A,False,False,False,33,4,5,0,9,0.023809523809523808,1.0,1.0
F01800,DENND2B,False,False,False,12,2,25,3,27,0.5476190476190477,5.647540092468262e-06,6.318292697938551e-05
F01801,DENND2D,False,False,False,11,10,13,8,23,0.07142857142857142,0.6776394844055176,0.8158496266344604
F01802,DENND3,False,False,False,30,2,10,0,12,0.19047619047619047,0.03857421875,0.07848337155963303
F01803,DENND4A,False,False,False,41,0,0,1,0,0.0,,
F01804,DENND4B,False,False,False,34,1,7,0,8,0.14285714285714285,0.0703125,0.12687534331227684
F01805,DENND4C,False,False,False,2,4,7,29,11,0.07142857142857142,0.548828125,0.6802114282682513
F01806,DENR,False,False,False,0,0,0,42,0,0.0,,
F01807,DEPDC1,False,False,False,14,12,11,5,23,-0.023809523809523808,1.0,1.0
F01808,DEPTOR,False,False,False,25,14,3,0,17,-0.2619047619047619,0.012725830078125,0.03188754952409977
F01809,DERA,False,False,False,0,0,0,42,0,0.0,,
F01810,DERL1,False,False,False,0,0,2,40,2,0.047619047619047616,0.5,0.6282271944922547
F01811,DERL2,False,False,False,24,4,14,0,18,0.23809523809523808,0.0308837890625,0.06532373528475978
F01812,DERL3,False,False,False,4,3,25,10,28,0.5238095238095238,2.744048833847046e-05,0.0002256370568006895
F01813,DERPC,False,False,False,12,4,18,8,22,0.3333333333333333,0.004343509674072266,0.012688687665031029
F01814,DES,False,False,False,0,0,0,42,0,0.0,,
F01815,DESI1,False,False,False,8,0,27,7,27,0.6428571428571429,1.4901161193847656e-08,1.2943592782203968e-06
F01816,DFFA,False,False,False,0,0,5,37,5,0.11904761904761904,0.0625,0.11622558731955845
F01817,DGAT1,False,False,False,0,0,7,35,7,0.16666666666666666,0.015625,0.03678117162307417
F01818,DGKA,False,False,False,0,0,7,35,7,0.16666666666666666,0.015625,0.03678117162307417
F01819,DGKB,False,False,False,35,3,3,1,6,0.0,1.0,1.0
F01820,DGKE,False,False,False,35,2,4,1,6,0.047619047619047616,0.6875,0.8218477074235808
F01821,DGKQ,False,False,False,20,15,3,4,18,-0.2857142857142857,0.007537841796875,0.020482092976855548
F01822,DGKZ,False,False,False,22,3,13,4,16,0.23809523809523808,0.021270751953125,0.0488923947869761
F01823,DGLUCY,False,False,False,2,7,0,33,7,-0.16666666666666666,0.015625,0.03678117162307417
F01824,DHCR24,False,False,False,0,1,5,36,6,0.09523809523809523,0.21875,0.3337639340455179
F01825,DHCR7,False,False,False,0,0,6,36,6,0.14285714285714285,0.03125,0.06532373528475978
F01826,DHODH,False,False,False,0,1,5,36,6,0.09523809523809523,0.21875,0.3337639340455179
F01827,DHPS,False,False,False,3,0,29,10,29,0.6904761904761905,3.725290298461914e-09,6.275681348947378e-07
F01828,DHRS1,False,False,False,0,0,9,33,9,0.21428571428571427,0.00390625,0.01172410347190498
F01829,DHRS11,False,False,False,29,7,5,1,12,-0.047619047619047616,0.7744140625,0.9121370366842955
F01830,DHRS2,False,False,False,31,3,6,2,9,0.07142857142857142,0.5078125,0.632959234490609
F01831,DHRS3,False,False,False,10,6,20,6,26,0.3333333333333333,0.009355306625366211,0.02447804242479331
F01832,DHRS4,False,False,False,0,0,7,35,7,0.16666666666666666,0.015625,0.03678117162307417
F01833,DHRS7,False,False,False,0,0,0,42,0,0.0,,
F01834,DHRS7B,False,False,False,0,1,5,36,6,0.09523809523809523,0.21875,0.3337639340455179
F01835,DHRS7C,False,False,False,18,16,3,5,19,-0.30952380952380953,0.004425048828125,0.012728796322583735
F01836,DHRS9,False,False,False,1,3,17,21,20,0.3333333333333333,0.0025768280029296875,0.008286544849778888
F01837,DHTKD1,False,False,False,1,7,11,23,18,0.09523809523809523,0.480682373046875,0.6282271944922547
F01838,DHX15,False,False,False,0,0,0,42,0,0.0,,
F01839,DHX16,False,False,False,0,0,25,17,25,0.5952380952380952,5.960464477539063e-08,2.5428734816514053e-06
F01840,DHX29,False,False,False,0,0,16,26,16,0.38095238095238093,3.0517578125e-05,0.00023755982023844786
F01841,DHX30,False,False,False,0,1,8,33,9,0.16666666666666666,0.0390625,0.07848337155963303
F01842,DHX32,False,False,False,2,1,20,19,21,0.4523809523809524,2.09808349609375e-05,0.0001751513160017273
F01843,DHX35,False,False,False,11,8,20,3,28,0.2857142857142857,0.03569813817739487,0.07361480471609676
F01844,DHX36,False,False,False,0,0,13,29,13,0.30952380952380953,0.000244140625,0.0012069254373589164
F01845,DHX37,False,False,False,19,5,16,2,21,0.2619047619047619,0.02660369873046875,0.0591493403245955
F01846,DHX38,False,False,False,0,0,12,30,12,0.2857142857142857,0.00048828125,0.002121698288690476
F01847,DHX40,False,False,False,17,2,18,5,20,0.38095238095238093,0.0004024505615234375,0.0018425785290654944
F01848,DHX57,False,False,False,0,0,19,23,19,0.4523809523809524,3.814697265625e-06,4.684590847692757e-05
F01849,DHX58,False,False,False,37,0,5,0,5,0.11904761904761904,0.0625,0.11622558731955845
F01850,DHX8,False,False,False,9,5,23,5,28,0.42857142857142855,0.0009122341871261597,0.0036371970663265306
F01851,DHX9,False,False,False,0,0,0,42,0,0.0,,
F01852,DIABLO,False,False,False,0,0,0,42,0,0.0,,
F01853,DIAPH1,False,False,False,0,0,2,40,2,0.047619047619047616,0.5,0.6282271944922547
F01854,DIAPH2,False,False,False,1,5,4,32,9,-0.023809523809523808,1.0,1.0
F01855,DIAPH3,False,False,False,34,5,3,0,8,-0.047619047619047616,0.7265625,0.8618009794186676
F01856,DICER1,False,False,False,0,1,10,31,11,0.21428571428571427,0.01171875,0.02986508436772692
F01857,DIDO1,False,False,False,0,0,27,15,27,0.6428571428571429,1.4901161193847656e-08,1.2943592782203968e-06
F01858,DIMT1,False,False,False,11,1,23,7,24,0.5238095238095238,2.9802322387695312e-06,3.9451045565085836e-05
F01859,DIP2A,False,False,False,23,7,8,4,15,0.023809523809523808,1.0,1.0
F01860,DIP2B,False,False,False,0,0,6,36,6,0.14285714285714285,0.03125,0.06532373528475978
F01861,DIPK2A,False,False,False,15,5,18,4,23,0.30952380952380953,0.010622024536132812,0.027605498893351496
F01862,DIRAS1,False,False,False,16,5,14,7,19,0.21428571428571427,0.063568115234375,0.1175464444384587
F01863,DIS3,False,False,False,0,0,9,33,9,0.21428571428571427,0.00390625,0.01172410347190498
F01864,DIS3L2,False,False,False,7,8,17,10,25,0.21428571428571427,0.10775214433670044,0.18964146485189443
F01865,DKC1,False,False,False,0,0,4,38,4,0.09523809523809523,0.125,0.2027277215502345
F01866,DKK3,False,False,False,2,4,7,29,11,0.07142857142857142,0.548828125,0.6802114282682513
F01867,DLAT,False,False,False,0,0,0,42,0,0.0,,
F01868,DLD,False,False,False,0,0,0,42,0,0.0,,
F01869,DLG1,False,False,False,0,1,4,37,5,0.07142857142857142,0.375,0.510833506116525
F01870,DLG3,False,False,False,25,11,3,3,14,-0.19047619047619047,0.057373046875,0.11175242157389564
F01871,DLG5,False,False,False,3,0,12,27,12,0.2857142857142857,0.00048828125,0.002121698288690476
F01872,DLGAP4,False,False,False,1,0,21,20,21,0.5,9.5367431640625e-07,1.6797963160292393e-05
F01873,DLGAP5,False,False,False,39,1,1,1,2,0.0,1.0,1.0
F01874,DLST,False,False,False,0,0,0,42,0,0.0,,
F01875,DMAC2,False,False,False,13,11,5,13,16,-0.14285714285714285,0.210113525390625,0.3264237081618364
F01876,DMAC2L,False,False,False,5,7,7,23,14,0.0,1.0,1.0
F01877,DMAP1,False,False,False,3,1,25,13,26,0.5714285714285714,8.046627044677734e-07,1.6117786488881927e-05
F01878,DMBT1,False,False,False,2,6,13,21,19,0.16666666666666666,0.1670684814453125,0.2655794636089289
F01879,DMD,False,False,False,0,2,1,39,3,-0.023809523809523808,1.0,1.0
F01880,DMKN,False,False,False,2,3,10,27,13,0.16666666666666666,0.09228515625,0.1641791163180341
F01881,DMPK,False,False,False,37,5,0,0,5,-0.11904761904761904,0.0625,0.11622558731955845
F01882,DMTN,False,False,False,5,6,5,26,11,-0.023809523809523808,1.0,1.0
F01883,DMXL1,False,False,False,23,9,8,2,17,-0.023809523809523808,1.0,1.0
F01884,DNAAF10,False,False,False,26,2,12,2,14,0.23809523809523808,0.012939453125,0.03188754952409977
F01885,DNAAF5,False,False,False,0,1,12,29,13,0.2619047619047619,0.00341796875,0.010703553235224024
F01886,DNAH1,False,False,False,25,7,9,1,16,0.047619047619047616,0.803619384765625,0.9394625192010955
F01887,DNAH14,False,False,False,30,1,9,2,10,0.19047619047619047,0.021484375,0.0488923947869761
F01888,DNAH17,False,False,False,6,10,6,20,16,-0.09523809523809523,0.454498291015625,0.6055675870964624
F01889,DNAH5,False,False,False,34,1,6,1,7,0.11904761904761904,0.125,0.2027277215502345
F01890,DNAH8,False,False,False,36,2,3,1,5,0.023809523809523808,1.0,1.0
F01891,DNAH9,False,False,False,29,4,7,2,11,0.07142857142857142,0.548828125,0.6802114282682513
F01892,DNAJA1,False,False,False,0,0,2,40,2,0.047619047619047616,0.5,0.6282271944922547
F01893,DNAJA2,False,False,False,0,0,0,42,0,0.0,,
F01894,DNAJA3,False,False,False,0,0,1,41,1,0.023809523809523808,1.0,1.0
F01895,DNAJA4,False,False,False,1,6,6,29,12,0.0,1.0,1.0
F01896,DNAJB1,False,False,False,0,0,0,42,0,0.0,,
F01897,DNAJB11,False,False,False,0,0,1,41,1,0.023809523809523808,1.0,1.0
F01898,DNAJB12,False,False,False,0,0,13,29,13,0.30952380952380953,0.000244140625,0.0012069254373589164
F01899,DNAJB2,False,False,False,0,1,2,39,3,0.023809523809523808,1.0,1.0
F01900,DNAJB4,False,False,False,0,1,3,38,4,0.047619047619047616,0.625,0.7584503140007388
F01901,DNAJB6,False,False,False,0,0,13,29,13,0.30952380952380953,0.000244140625,0.0012069254373589164
F01902,DNAJB7,False,False,False,6,3,18,15,21,0.35714285714285715,0.0014896392822265625,0.005365641493546336
F01903,DNAJB9,False,False,False,20,12,5,5,17,-0.16666666666666666,0.143463134765625,0.23067860876411067
F01904,DNAJC1,False,False,False,3,0,22,17,22,0.5238095238095238,4.76837158203125e-07,1.0408040296991798e-05
F01905,DNAJC10,False,False,False,0,0,7,35,7,0.16666666666666666,0.015625,0.03678117162307417
F01906,DNAJC11,False,False,False,0,0,0,42,0,0.0,,
F01907,DNAJC13,False,False,False,0,0,0,42,0,0.0,,
F01908,DNAJC17,False,False,False,3,0,16,23,16,0.38095238095238093,3.0517578125e-05,0.00023755982023844786
F01909,DNAJC19,False,False,False,0,1,7,34,8,0.14285714285714285,0.0703125,0.12687534331227684
F01910,DNAJC2,False,False,False,0,0,7,35,7,0.16666666666666666,0.015625,0.03678117162307417
F01911,DNAJC21,False,False,False,3,4,14,21,18,0.23809523809523808,0.0308837890625,0.06532373528475978
F01912,DNAJC25,False,False,False,31,1,7,3,8,0.14285714285714285,0.0703125,0.12687534331227684
F01913,DNAJC3,False,False,False,0,0,7,35,7,0.16666666666666666,0.015625,0.03678117162307417
F01914,DNAJC5,False,False,False,0,0,8,34,8,0.19047619047619047,0.0078125,0.020482092976855548
F01915,DNAJC7,False,False,False,0,0,8,34,8,0.19047619047619047,0.0078125,0.020482092976855548
F01916,DNAJC8,False,False,False,0,0,5,37,5,0.11904761904761904,0.0625,0.11622558731955845
F01917,DNAJC9,False,False,False,0,0,2,40,2,0.047619047619047616,0.5,0.6282271944922547
F01918,DNALI1,False,False,False,32,8,2,0,10,-0.14285714285714285,0.109375,0.19126796646260313
F01919,DNASE1L1,False,False,False,5,5,9,23,14,0.09523809523809523,0.4239501953125,0.5711201113805875
F01920,DNASE2,False,False,False,0,1,18,23,19,0.40476190476190477,7.62939453125e-05,0.0004760220519497863
F01921,DNM1,False,False,False,11,5,17,9,22,0.2857142857142857,0.01690053939819336,0.03958522062250637
F01922,DNM1L,False,False,False,0,0,0,42,0,0.0,,
F01923,DNM2,False,False,False,0,0,0,42,0,0.0,,
F01924,DNMBP,False,False,False,9,0,22,11,22,0.5238095238095238,4.76837158203125e-07,1.0408040296991798e-05
F01925,DNMT1,False,False,False,0,0,14,28,14,0.3333333333333333,0.0001220703125,0.0006813950323916738
F01926,DNMT3A,False,False,False,32,0,9,1,9,0.21428571428571427,0.00390625,0.01172410347190498
F01927,DNPEP,False,False,False,0,0,0,42,0,0.0,,
F01928,DNPH1,False,False,False,0,0,0,42,0,0.0,,
F01929,DNTTIP2,False,False,False,1,0,19,22,19,0.4523809523809524,3.814697265625e-06,4.684590847692757e-05
F01930,DOCK1,False,False,False,12,2,15,13,17,0.30952380952380953,0.002349853515625,0.007711557241586538
F01931,DOCK10,False,False,False,12,7,20,3,27,0.30952380952380953,0.0191572904586792,0.044614725123028234
F01932,DOCK11,False,False,False,19,2,18,3,20,0.38095238095238093,0.0004024505615234375,0.0018425785290654944
F01933,DOCK2,False,False,False,1,0,10,31,10,0.23809523809523808,0.001953125,0.006523655948144382
F01934,DOCK3,False,False,False,34,1,7,0,8,0.14285714285714285,0.0703125,0.12687534331227684
F01935,DOCK5,False,False,False,0,1,4,37,5,0.07142857142857142,0.375,0.510833506116525
F01936,DOCK6,False,False,False,12,2,24,4,26,0.5238095238095238,1.049041748046875e-05,0.00010522449289569418
F01937,DOCK7,False,False,False,0,0,16,26,16,0.38095238095238093,3.0517578125e-05,0.00023755982023844786
F01938,DOCK8,False,False,False,4,1,19,18,20,0.42857142857142855,4.00543212890625e-05,0.0002895015301090656
F01939,DOCK9,False,False,False,1,0,8,33,8,0.19047619047619047,0.0078125,0.020482092976855548
F01940,DOHH,False,False,False,1,1,18,22,19,0.40476190476190477,7.62939453125e-05,0.0004760220519497863
F01941,DOK2,False,False,False,11,3,22,6,25,0.4523809523809524,0.00015652179718017578,0.0008387832034859338
F01942,DOK3,False,False,False,2,0,19,21,19,0.4523809523809524,3.814697265625e-06,4.684590847692757e-05
F01943,DOK7,False,False,False,8,7,19,8,26,0.2857142857142857,0.028959274291992188,0.06432130902582443
F01944,DOLK,False,False,False,21,3,16,2,19,0.30952380952380953,0.004425048828125,0.012728796322583735
F01945,DOP1B,False,False,False,2,2,9,29,11,0.16666666666666666,0.0654296875,0.11997573175411666
F01946,DPAGT1,False,False,False,8,0,28,6,28,0.6666666666666666,7.450580596923828e-09,8.741127593176705e-07
F01947,DPCD,False,False,False,0,0,1,41,1,0.023809523809523808,1.0,1.0
F01948,DPEP1,False,False,False,37,2,3,0,5,0.023809523809523808,1.0,1.0
F01949,DPF2,False,False,False,0,0,8,34,8,0.19047619047619047,0.0078125,0.020482092976855548
F01950,DPH1,False,False,False,0,0,17,25,17,0.40476190476190477,1.52587890625e-05,0.0001392364501953125
F01951,DPH2,False,False,False,35,0,6,1,6,0.14285714285714285,0.03125,0.06532373528475978
F01952,DPM1,False,False,False,0,0,0,42,0,0.0,,
F01953,DPM3,False,False,False,0,0,8,34,8,0.19047619047619047,0.0078125,0.020482092976855548
F01954,DPP3,False,False,False,0,0,0,42,0,0.0,,
F01955,DPP4,False,False,False,2,4,21,15,25,0.40476190476190477,0.0009105205535888672,0.0036371970663265306
F01956,DPP7,False,False,False,0,2,7,33,9,0.11904761904761904,0.1796875,0.2823599318344894
F01957,DPP8,False,False,False,12,3,24,3,27,0.5,4.9233436584472656e-05,0.0003504481889057263
F01958,DPP9,False,False,False,0,0,14,28,14,0.3333333333333333,0.0001220703125,0.0006813950323916738
F01959,DPT,False,False,False,0,1,0,41,1,-0.023809523809523808,1.0,1.0
F01960,DPY19L1,False,False,False,6,7,17,12,24,0.23809523809523808,0.06391465663909912,0.11792173381602955
F01961,DPY19L3,False,False,False,35,6,1,0,7,-0.11904761904761904,0.125,0.2027277215502345
F01962,DPY30,False,False,False,0,0,0,42,0,0.0,,
F01963,DPYD,False,False,False,0,1,5,36,6,0.09523809523809523,0.21875,0.3337639340455179
F01964,DPYS,False,False,False,40,1,1,0,2,0.0,1.0,1.0
F01965,DPYSL2,False,False,False,0,0,0,42,0,0.0,,
F01966,DPYSL3,False,False,False,0,0,0,42,0,0.0,,
F01967,DPYSL4,False,False,False,39,2,1,0,3,-0.023809523809523808,1.0,1.0
F01968,DPYSL5,False,False,False,1,11,5,25,16,-0.14285714285714285,0.210113525390625,0.3264237081618364
F01969,DR1,False,False,False,0,0,4,38,4,0.09523809523809523,0.125,0.2027277215502345
F01970,DRAP1,False,False,False,0,0,6,36,6,0.14285714285714285,0.03125,0.06532373528475978
F01971,DRG1,False,False,False,0,1,4,37,5,0.07142857142857142,0.375,0.510833506116525
F01972,DRG2,False,False,False,0,0,5,37,5,0.11904761904761904,0.0625,0.11622558731955845
F01973,DSC1,False,False,False,1,2,12,27,14,0.23809523809523808,0.012939453125,0.03188754952409977
F01974,DSC2,False,False,False,0,1,2,39,3,0.023809523809523808,1.0,1.0
F01975,DSC3,False,False,False,0,1,3,38,4,0.047619047619047616,0.625,0.7584503140007388
F01976,DSCC1,False,False,False,39,3,0,0,3,-0.07142857142857142,0.25,0.3572982379812921
F01977,DSG1,False,False,False,0,1,2,39,3,0.023809523809523808,1.0,1.0
F01978,DSG2,False,False,False,0,0,7,35,7,0.16666666666666666,0.015625,0.03678117162307417
F01979,DSG3,False,False,False,0,1,3,38,4,0.047619047619047616,0.625,0.7584503140007388
F01980,DSG4,False,False,False,37,1,4,0,5,0.07142857142857142,0.375,0.510833506116525
F01981,DSP,False,False,False,0,0,0,42,0,0.0,,
F01982,DST,False,False,False,0,0,3,39,3,0.07142857142857142,0.25,0.3572982379812921
F01983,DSTN,False,False,False,0,0,0,42,0,0.0,,
F01984,DSTYK,False,False,False,35,1,6,0,7,0.11904761904761904,0.125,0.2027277215502345
F01985,DTD1,False,False,False,0,0,6,36,6,0.14285714285714285,0.03125,0.06532373528475978
F01986,DTD2,False,False,False,7,3,17,15,20,0.3333333333333333,0.0025768280029296875,0.008286544849778888
F01987,DTNA,False,False,False,13,21,3,5,24,-0.42857142857142855,0.0002771615982055664,0.0013119248560594895
F01988,DTNB,False,False,False,19,5,13,5,18,0.19047619047619047,0.09625244140625,0.16967495037270258
F01989,DTNBP1,False,False,False,5,3,22,12,25,0.4523809523809524,0.00015652179718017578,0.0008387832034859338
F01990,DTX3L,False,False,False,0,0,5,37,5,0.11904761904761904,0.0625,0.11622558731955845
F01991,DTYMK,False,False,False,0,0,0,42,0,0.0,,
F01992,DUOX1,False,False,False,0,0,7,35,7,0.16666666666666666,0.015625,0.03678117162307417
F01993,DUOX2,False,False,False,41,0,1,0,1,0.023809523809523808,1.0,1.0
F01994,DUOXA1,False,False,False,8,8,10,16,18,0.047619047619047616,0.8145294189453125,0.9495135348599544
F01995,DUS2,False,False,False,8,3,24,7,27,0.5,4.9233436584472656e-05,0.0003504481889057263
F01996,DUS3L,False,False,False,17,1,22,2,23,0.5,5.7220458984375e-06,6.318292697938551e-05
F01997,DUSP12,False,False,False,22,4,15,1,19,0.2619047619047619,0.0192108154296875,0.044614725123028234
F01998,DUSP14,False,False,False,1,2,23,16,25,0.5,1.9431114196777344e-05,0.00016998990715423056
F01999,DUSP22,False,False,False,11,6,14,11,20,0.19047619047619047,0.11531829833984375,0.20069966095172806
F02000,DUSP23,False,False,False,0,0,2,40,2,0.047619047619047616,0.5,0.6282271944922547
F02001,DUSP3,False,False,False,0,0,0,42,0,0.0,,
F02002,DUSP9,False,False,False,37,0,4,1,4,0.09523809523809523,0.125,0.2027277215502345
F02003,DUT,False,False,False,0,1,3,38,4,0.047619047619047616,0.625,0.7584503140007388
F02004,DVL2,False,False,False,0,2,11,29,13,0.21428571428571427,0.0224609375,0.050450721153846155
F02005,DYM,False,False,False,2,3,23,14,26,0.47619047619047616,8.797645568847656e-05,0.0005361830369882106
F02006,DYNC1H1,False,False,False,0,0,0,42,0,0.0,,
F02007,DYNC1I2,False,False,False,0,0,0,42,0,0.0,,
F02008,DYNC1LI1,False,False,False,0,0,0,42,0,0.0,,
F02009,DYNC1LI2,False,False,False,0,0,0,42,0,0.0,,
F02010,DYNC2I2,False,False,False,28,3,11,0,14,0.19047619047619047,0.057373046875,0.11175242157389564
F02011,DYNLL1,False,False,False,14,4,11,13,15,0.16666666666666666,0.11846923828125,0.2027277215502345
F02012,DYNLL2,False,False,False,0,0,0,42,0,0.0,,
F02013,DYNLRB1,False,False,False,0,0,4,38,4,0.09523809523809523,0.125,0.2027277215502345
F02014,DYNLT1,False,False,False,0,0,9,33,9,0.21428571428571427,0.00390625,0.01172410347190498
F02015,DYNLT3,False,False,False,3,5,11,23,16,0.14285714285714285,0.210113525390625,0.3264237081618364
F02016,DYNLT5,False,False,False,0,0,0,42,0,0.0,,
F02017,DYSF,False,False,False,0,0,0,42,0,0.0,,
F02018,E2F4,False,False,False,11,4,22,5,26,0.42857142857142855,0.0005335211753845215,0.0022326331989021056
F02019,EARS2,False,False,False,1,2,7,32,9,0.11904761904761904,0.1796875,0.2823599318344894
F02020,EBNA1BP2,False,False,False,0,0,10,32,10,0.23809523809523808,0.001953125,0.006523655948144382
F02021,EBP,False,False,False,0,0,8,34,8,0.19047619047619047,0.0078125,0.020482092976855548
F02022,ECD,False,False,False,28,1,12,1,13,0.2619047619047619,0.00341796875,0.010703553235224024
F02023,ECE1,False,False,False,2,2,19,19,21,0.40476190476190477,0.00022125244140625,0.0011491134703866107
F02024,ECH1,False,False,False,0,0,0,42,0,0.0,,
F02025,ECHDC1,False,False,False,0,0,2,40,2,0.047619047619047616,0.5,0.6282271944922547
F02026,ECHDC2,False,False,False,17,24,0,1,24,-0.5714285714285714,1.1920928955078125e-07,3.896542449495685e-06
F02027,ECHDC3,False,False,False,12,25,1,4,26,-0.5714285714285714,8.046627044677734e-07,1.6117786488881927e-05
F02028,ECHS1,False,False,False,0,0,0,42,0,0.0,,
F02029,ECI1,False,False,False,0,0,0,42,0,0.0,,
F02030,ECI2,False,False,False,0,2,2,38,4,0.0,1.0,1.0
F02031,ECM1,False,False,False,0,0,0,42,0,0.0,,
F02032,ECPAS,False,False,False,0,0,0,42,0,0.0,,
F02033,ECSIT,False,False,False,7,6,14,15,20,0.19047619047619047,0.11531829833984375,0.20069966095172806
F02034,ECT2,False,False,False,20,6,15,1,21,0.21428571428571427,0.0783538818359375,0.14015382620803413
F02035,EDARADD,False,False,False,25,3,14,0,17,0.2619047619047619,0.012725830078125,0.03188754952409977
F02036,EDC3,False,False,False,1,1,22,18,23,0.5,5.7220458984375e-06,6.318292697938551e-05
F02037,EDC4,False,False,False,0,0,2,40,2,0.047619047619047616,0.5,0.6282271944922547
F02038,EDEM1,False,False,False,35,0,7,0,7,0.16666666666666666,0.015625,0.03678117162307417
F02039,EDF1,False,False,False,0,0,0,42,0,0.0,,
F02040,EEA1,False,False,False,0,0,3,39,3,0.07142857142857142,0.25,0.3572982379812921
F02041,EED,False,False,False,12,3,23,4,26,0.47619047619047616,8.797645568847656e-05,0.0005361830369882106
F02042,EEF1A1,False,False,True,42,0,0,0,0,0.0,,
F02043,EEF1A2,False,False,False,0,0,0,42,0,0.0,,
F02044,EEF1AKMT4;EEF1AKMT4-ECE2,False,True,True,42,0,0,0,0,0.0,,
F02045,EEF1B2,False,False,False,0,0,0,42,0,0.0,,
F02046,EEF1D,False,False,False,0,0,0,42,0,0.0,,
F02047,EEF1E1,False,False,False,0,0,0,42,0,0.0,,
F02048,EEF1G,False,False,False,0,0,0,42,0,0.0,,
F02049,EEF2,False,False,False,0,0,0,42,0,0.0,,
F02050,EEF2K,False,False,False,22,7,10,3,17,0.07142857142857142,0.629058837890625,0.7611264392157286
F02051,EEFSEC,False,False,False,1,0,15,26,15,0.35714285714285715,6.103515625e-05,0.0004117053147458932
F02052,EEPD1,False,False,False,39,2,1,0,3,-0.023809523809523808,1.0,1.0
F02053,EFCAB14,False,False,False,16,3,19,4,22,0.38095238095238093,0.0008554458618164062,0.0034628954480183543
F02054,EFCAB5,False,False,False,0,0,9,33,9,0.21428571428571427,0.00390625,0.01172410347190498
F02055,EFCAB6,False,False,False,15,9,8,10,17,-0.023809523809523808,1.0,1.0
F02056,EFCC1,False,False,False,9,9,12,12,21,0.07142857142857142,0.6636238098144531,0.7992682732320728
F02057,EFEMP1,False,False,False,0,0,1,41,1,0.023809523809523808,1.0,1.0
F02058,EFEMP2,False,False,False,11,3,16,12,19,0.30952380952380953,0.004425048828125,0.012728796322583735
F02059,EFHD1,False,False,False,34,6,2,0,8,-0.09523809523809523,0.2890625,0.40597277148354
F02060,EFHD2,False,False,False,0,0,0,42,0,0.0,,
F02061,EFL1,False,False,False,0,0,4,38,4,0.09523809523809523,0.125,0.2027277215502345
F02062,EFNB1,False,False,False,2,1,21,18,22,0.47619047619047616,1.0967254638671875e-05,0.00010627560910925401
F02063,EFR3A,False,False,False,24,3,12,3,15,0.21428571428571427,0.03515625,0.07256568096135721
F02064,EFTUD2,False,False,False,0,0,1,41,1,0.023809523809523808,1.0,1.0
F02065,EGFR,False,False,False,0,0,2,40,2,0.047619047619047616,0.5,0.6282271944922547
F02066,EGLN1,False,False,False,5,5,14,18,19,0.21428571428571427,0.063568115234375,0.1175464444384587
F02067,EHBP1,False,False,False,2,2,15,23,17,0.30952380952380953,0.002349853515625,0.007711557241586538
F02068,EHBP1L1,False,False,False,0,0,1,41,1,0.023809523809523808,1.0,1.0
F02069,EHD1,False,False,False,0,0,0,42,0,0.0,,
F02070,EHD2,False,False,False,0,0,0,42,0,0.0,,
F02071,EHD3,False,False,False,12,7,9,14,16,0.047619047619047616,0.803619384765625,0.9394625192010955
F02072,EHD4,False,False,False,0,0,0,42,0,0.0,,
F02073,EHF,False,False,False,37,2,3,0,5,0.023809523809523808,1.0,1.0
F02074,EHHADH,False,False,False,0,0,5,37,5,0.11904761904761904,0.0625,0.11622558731955845
F02075,EHMT1,False,False,False,9,5,25,3,30,0.47619047619047616,0.00032491423189640045,0.001530241221189499
F02076,EHMT2,False,False,False,13,4,18,7,22,0.3333333333333333,0.004343509674072266,0.012688687665031029
F02077,EI24,False,False,False,1,1,10,30,11,0.21428571428571427,0.01171875,0.02986508436772692
F02078,EIF1,False,False,False,0,1,2,39,3,0.023809523809523808,1.0,1.0
F02079,EIF1AD,False,False,False,8,4,23,7,27,0.4523809523809524,0.000310748815536499,0.0014656279383164384
F02080,EIF1AX,False,False,False,7,3,21,11,24,0.42857142857142855,0.0002771615982055664,0.0013119248560594895
F02081,EIF1AY,False,False,False,13,1,19,9,20,0.42857142857142855,4.00543212890625e-05,0.0002895015301090656
F02082,EIF1B,False,False,False,16,2,17,7,19,0.35714285714285715,0.000728607177734375,0.0029843822679020224
F02083,EIF2A,False,False,False,0,0,1,41,1,0.023809523809523808,1.0,1.0
F02084,EIF2AK2,False,False,False,0,0,1,41,1,0.023809523809523808,1.0,1.0
F02085,EIF2AK4,False,False,False,22,7,7,6,14,0.0,1.0,1.0
F02086,EIF2B1,False,False,False,0,0,5,37,5,0.11904761904761904,0.0625,0.11622558731955845
F02087,EIF2B2,False,False,False,1,0,16,25,16,0.38095238095238093,3.0517578125e-05,0.00023755982023844786
F02088,EIF2B3,False,False,False,0,0,3,39,3,0.07142857142857142,0.25,0.3572982379812921
F02089,EIF2B4,False,False,False,0,0,6,36,6,0.14285714285714285,0.03125,0.06532373528475978
F02090,EIF2B5,False,False,False,0,0,6,36,6,0.14285714285714285,0.03125,0.06532373528475978
F02091,EIF2D,False,False,False,2,2,17,21,19,0.35714285714285715,0.000728607177734375,0.0029843822679020224
F02092,EIF2S1,False,False,False,0,0,0,42,0,0.0,,
F02093,EIF2S2,False,False,False,0,0,0,42,0,0.0,,
F02094,EIF2S3,False,False,False,0,0,1,41,1,0.023809523809523808,1.0,1.0
F02095,EIF3A,False,False,False,0,0,0,42,0,0.0,,
F02096,EIF3B,False,False,False,0,0,0,42,0,0.0,,
F02097,EIF3C,False,False,False,0,0,13,29,13,0.30952380952380953,0.000244140625,0.0012069254373589164
F02098,EIF3D,False,False,False,0,0,1,41,1,0.023809523809523808,1.0,1.0
F02099,EIF3E,False,False,False,0,0,0,42,0,0.0,,
F02100,EIF3F,False,False,False,0,0,0,42,0,0.0,,
F02101,EIF3G,False,False,False,0,0,0,42,0,0.0,,
F02102,EIF3H,False,False,False,0,0,3,39,3,0.07142857142857142,0.25,0.3572982379812921
F02103,EIF3I,False,False,False,0,0,0,42,0,0.0,,
F02104,EIF3J,False,False,False,0,0,1,41,1,0.023809523809523808,1.0,1.0
F02105,EIF3K,False,False,False,0,0,1,41,1,0.023809523809523808,1.0,1.0
F02106,EIF3L,False,False,False,0,0,0,42,0,0.0,,
F02107,EIF3M,False,False,False,0,0,0,42,0,0.0,,
F02108,EIF4A1,False,False,False,0,0,0,42,0,0.0,,
F02109,EIF4A2,False,False,False,0,0,0,42,0,0.0,,
F02110,EIF4A3,False,False,False,0,0,1,41,1,0.023809523809523808,1.0,1.0
F02111,EIF4B,False,False,False,0,0,1,41,1,0.023809523809523808,1.0,1.0
F02112,EIF4E,False,False,False,0,0,4,38,4,0.09523809523809523,0.125,0.2027277215502345
F02113,EIF4E2,False,False,False,0,1,19,22,20,0.42857142857142855,4.00543212890625e-05,0.0002895015301090656
F02114,EIF4EBP1,False,False,False,0,0,8,34,8,0.19047619047619047,0.0078125,0.020482092976855548
F02115,EIF4EBP2,False,False,False,24,8,10,0,18,0.047619047619047616,0.8145294189453125,0.9495135348599544
F02116,EIF4ENIF1,False,False,False,12,1,24,5,25,0.5476190476190477,1.5497207641601562e-06,2.4955062305226046e-05
F02117,EIF4G1,False,False,False,0,0,0,42,0,0.0,,
F02118,EIF4G2,False,False,False,0,0,1,41,1,0.023809523809523808,1.0,1.0
F02119,EIF4G3,False,False,False,0,0,13,29,13,0.30952380952380953,0.000244140625,0.0012069254373589164
F02120,EIF4H,False,False,False,0,0,0,42,0,0.0,,
F02121,EIF5,False,False,False,0,0,0,42,0,0.0,,
F02122,EIF5A,False,False,False,0,0,0,42,0,0.0,,
F02123,EIF5B,False,False,False,0,0,3,39,3,0.07142857142857142,0.25,0.3572982379812921
F02124,EIF6,False,False,False,0,0,0,42,0,0.0,,
F02125,EIPR1,False,False,False,2,3,8,29,11,0.11904761904761904,0.2265625,0.3435300311562428
F02126,ELAC2,False,False,False,1,2,21,18,23,0.4523809523809524,6.604194641113281e-05,0.00042917466658866723
F02127,ELANE,False,False,False,0,0,0,42,0,0.0,,
F02128,ELAPOR1,False,False,False,31,8,1,2,9,-0.16666666666666666,0.0390625,0.07848337155963303
F02129,ELAVL1,False,False,False,0,0,0,42,0,0.0,,
F02130,ELAVL2,False,False,False,34,1,7,0,8,0.14285714285714285,0.0703125,0.12687534331227684
F02131,ELF1,False,False,False,7,6,20,9,26,0.3333333333333333,0.009355306625366211,0.02447804242479331
F02132,ELMO1,False,False,False,2,0,10,30,10,0.23809523809523808,0.001953125,0.006523655948144382
F02133,ELMO2,False,False,False,0,0,16,26,16,0.38095238095238093,3.0517578125e-05,0.00023755982023844786
F02134,ELMO3,False,False,False,8,3,18,13,21,0.35714285714285715,0.0014896392822265625,0.005365641493546336
F02135,ELMOD2,False,False,False,0,0,15,27,15,0.35714285714285715,6.103515625e-05,0.0004117053147458932
F02136,ELN,False,False,False,1,14,0,27,14,-0.3333333333333333,0.0001220703125,0.0006813950323916738
F02137,ELOA,False,False,False,8,1,25,8,26,0.5714285714285714,8.046627044677734e-07,1.6117786488881927e-05
F02138,ELOB,False,False,False,0,0,0,42,0,0.0,,
F02139,ELOC,False,False,False,0,0,7,35,7,0.16666666666666666,0.015625,0.03678117162307417
F02140,ELOVL1,False,False,False,0,0,8,34,8,0.19047619047619047,0.0078125,0.020482092976855548
F02141,ELOVL5,False,False,False,30,2,10,0,12,0.19047619047619047,0.03857421875,0.07848337155963303
F02142,ELOVL7,False,False,False,20,4,17,1,21,0.30952380952380953,0.007197380065917969,0.019985962397751925
F02143,ELP1,False,False,False,1,0,5,36,5,0.11904761904761904,0.0625,0.11622558731955845
F02144,ELP2,False,False,False,3,1,23,15,24,0.5238095238095238,2.9802322387695312e-06,3.9451045565085836e-05
F02145,ELP3,False,False,False,1,1,14,26,15,0.30952380952380953,0.0009765625,0.0036371970663265306
F02146,ELP4,False,False,False,10,2,25,5,27,0.5476190476190477,5.647540092468262e-06,6.318292697938551e-05
F02147,EMC1,False,False,False,0,0,3,39,3,0.07142857142857142,0.25,0.3572982379812921
F02148,EMC10,False,False,False,0,0,22,20,22,0.5238095238095238,4.76837158203125e-07,1.0408040296991798e-05
F02149,EMC2,False,False,False,0,0,1,41,1,0.023809523809523808,1.0,1.0
F02150,EMC3,False,False,False,0,0,14,28,14,0.3333333333333333,0.0001220703125,0.0006813950323916738
F02151,EMC4,False,False,False,1,0,21,20,21,0.5,9.5367431640625e-07,1.6797963160292393e-05
F02152,EMC6,False,False,False,0,0,19,23,19,0.4523809523809524,3.814697265625e-06,4.684590847692757e-05
F02153,EMC7,False,False,False,0,0,4,38,4,0.09523809523809523,0.125,0.2027277215502345
F02154,EMC8,False,False,False,3,1,24,14,25,0.5476190476190477,1.5497207641601562e-06,2.4955062305226046e-05
F02155,EMC9,False,False,False,22,1,17,2,18,0.38095238095238093,0.00014495849609375,0.000789045003592326
F02156,EMD,False,False,False,0,0,0,42,0,0.0,,
F02157,EMG1,False,False,False,1,0,13,28,13,0.30952380952380953,0.000244140625,0.0012069254373589164
F02158,EMID1,False,False,False,39,3,0,0,3,-0.07142857142857142,0.25,0.3572982379812921
F02159,EMILIN1,False,False,False,0,0,1,41,1,0.023809523809523808,1.0,1.0
F02160,EMILIN2,False,False,False,0,3,2,37,5,-0.023809523809523808,1.0,1.0
F02161,EML1,False,False,False,6,6,17,13,23,0.2619047619047619,0.03468966484069824,0.07226096956353438
F02162,EML2,False,False,False,0,0,0,42,0,0.0,,
F02163,EML3,False,False,False,0,0,8,34,8,0.19047619047619047,0.0078125,0.020482092976855548
F02164,EML4,False,False,False,0,0,5,37,5,0.11904761904761904,0.0625,0.11622558731955845
F02165,ENAH,False,False,False,0,0,13,29,13,0.30952380952380953,0.000244140625,0.0012069254373589164
F02166,ENDOD1,False,False,False,0,0,0,42,0,0.0,,
F02167,ENDOG,False,False,False,0,10,6,26,16,-0.09523809523809523,0.454498291015625,0.6055675870964624
F02168,ENDOU,False,False,False,3,11,7,21,18,-0.09523809523809523,0.480682373046875,0.6282271944922547
F02169,ENG,False,False,False,0,0,23,19,23,0.5476190476190477,2.384185791015625e-07,6.66557474339262e-06
F02170,ENO1,False,False,False,0,0,0,42,0,0.0,,
F02171,ENO2,False,False,False,0,0,0,42,0,0.0,,
F02172,ENO3,False,False,False,0,1,0,41,1,-0.023809523809523808,1.0,1.0
F02173,ENOPH1,False,False,False,0,0,1,41,1,0.023809523809523808,1.0,1.0
F02174,ENOSF1,False,False,False,18,3,11,10,14,0.19047619047619047,0.057373046875,0.11175242157389564
F02175,ENPEP,False,False,False,9,1,26,6,27,0.5952380952380952,4.172325134277344e-07,1.0305329373008326e-05
F02176,ENPP1,False,False,False,28,10,2,2,12,-0.19047619047619047,0.03857421875,0.07848337155963303
F02177,ENPP2,False,False,False,0,0,4,38,4,0.09523809523809523,0.125,0.2027277215502345
F02178,ENPP4,False,False,False,22,6,12,2,18,0.14285714285714285,0.237884521484375,0.3572982379812921
F02179,ENPP6,False,False,False,31,6,5,0,11,-0.023809523809523808,1.0,1.0
F02180,ENSA,False,False,False,0,0,1,41,1,0.023809523809523808,1.0,1.0
F02181,ENTPD1,False,False,False,0,1,6,35,7,0.11904761904761904,0.125,0.2027277215502345
F02182,ENTPD3,False,False,False,27,8,5,2,13,-0.07142857142857142,0.5810546875,0.7167723050835524
F02183,ENTPD4,False,False,False,18,5,14,5,19,0.21428571428571427,0.063568115234375,0.1175464444384587
F02184,ENTPD8,False,False,False,0,0,1,41,1,0.023809523809523808,1.0,1.0
F02185,ENY2,False,False,False,0,0,12,30,12,0.2857142857142857,0.00048828125,0.002121698288690476
F02186,EOGT,False,False,False,3,1,28,10,29,0.6428571428571429,1.1175870895385742e-07,3.896542449495685e-06
F02187,EP300,False,False,False,24,1,13,4,14,0.2857142857142857,0.0018310546875,0.006378594537049311
F02188,EP400,False,False,False,37,1,3,1,4,0.047619047619047616,0.625,0.7584503140007388
F02189,EPB41,False,False,False,0,0,0,42,0,0.0,,
F02190,EPB41L1,False,False,False,2,1,6,33,7,0.11904761904761904,0.125,0.2027277215502345
F02191,EPB41L2,False,False,False,0,0,0,42,0,0.0,,
F02192,EPB41L3,False,False,False,1,3,3,35,6,0.0,1.0,1.0
F02193,EPB41L4B;EPB41L5,False,True,True,42,0,0,0,0,0.0,,
F02194,EPB42,False,False,False,0,1,0,41,1,-0.023809523809523808,1.0,1.0
F02195,EPC1,False,False,False,40,0,1,1,1,0.023809523809523808,1.0,1.0
F02196,EPCAM,False,False,False,17,7,15,3,22,0.19047619047619047,0.13380050659179688,0.21625321729596692
F02197,EPDR1,False,False,False,16,16,3,7,19,-0.30952380952380953,0.004425048828125,0.012728796322583735
F02198,EPG5,False,False,False,23,2,12,5,14,0.23809523809523808,0.012939453125,0.03188754952409977
F02199,EPHA1,False,False,False,11,12,13,6,25,0.023809523809523808,1.0,1.0
F02200,EPHA2,False,False,False,1,1,8,32,9,0.16666666666666666,0.0390625,0.07848337155963303
F02201,EPHA5,False,False,False,14,10,15,3,25,0.11904761904761904,0.42435622215270996,0.5715498933053105
F02202,EPHB2,False,False,False,7,5,23,7,28,0.42857142857142855,0.0009122341871261597,0.0036371970663265306
F02203,EPHB3,False,False,False,10,3,16,13,19,0.30952380952380953,0.004425048828125,0.012728796322583735
F02204,EPHB4,False,False,False,31,1,10,0,11,0.21428571428571427,0.01171875,0.02986508436772692
F02205,EPHX1,False,False,False,0,0,0,42,0,0.0,,
F02206,EPHX2,False,False,False,3,7,3,29,10,-0.09523809523809523,0.34375,0.47586125158027814
F02207,EPHX3,False,False,False,40,1,1,0,2,0.0,1.0,1.0
F02208,EPM2A,False,False,False,17,23,1,1,24,-0.5238095238095238,2.9802322387695312e-06,3.9451045565085836e-05
F02209,EPM2AIP1,False,False,False,8,9,12,13,21,0.07142857142857142,0.6636238098144531,0.7992682732320728
F02210,EPN1,False,False,False,1,3,9,29,12,0.14285714285714285,0.14599609375,0.23332384722391145
F02211,EPN2,False,False,False,0,1,12,29,13,0.2619047619047619,0.00341796875,0.010703553235224024
F02212,EPN3,False,False,False,12,4,16,10,20,0.2857142857142857,0.01181793212890625,0.029885994644693634
F02213,EPPK1,False,False,False,0,0,0,42,0,0.0,,
F02214,EPRS1,False,False,False,0,0,0,42,0,0.0,,
F02215,EPS15,False,False,False,0,0,1,41,1,0.023809523809523808,1.0,1.0
F02216,EPS15L1,False,False,False,0,0,2,40,2,0.047619047619047616,0.5,0.6282271944922547
F02217,EPS8,False,False,False,22,12,3,5,15,-0.21428571428571427,0.03515625,0.07256568096135721
F02218,EPS8L1,False,False,False,0,4,9,29,13,0.11904761904761904,0.266845703125,0.37808416422929697
F02219,EPS8L2,False,False,False,0,1,6,35,7,0.11904761904761904,0.125,0.2027277215502345
F02220,EPSTI1,False,False,False,10,1,30,1,31,0.6904761904761905,2.9802322387695312e-08,1.6049283449767065e-06
F02221,EPX,False,False,False,0,0,3,39,3,0.07142857142857142,0.25,0.3572982379812921
F02222,EPYC,False,False,False,11,4,19,8,23,0.35714285714285715,0.002599477767944336,0.008286544849778888
F02223,ERAL1,False,False,False,25,1,14,2,15,0.30952380952380953,0.0009765625,0.0036371970663265306
F02224,ERAP1,False,False,False,0,0,0,42,0,0.0,,
F02225,ERAP2,False,False,False,3,0,13,26,13,0.30952380952380953,0.000244140625,0.0012069254373589164
F02226,ERBIN,False,False,False,2,4,18,18,22,0.3333333333333333,0.004343509674072266,0.012688687665031029
F02227,ERC1,False,False,False,0,0,10,32,10,0.23809523809523808,0.001953125,0.006523655948144382
F02228,ERCC2,False,False,False,2,1,28,11,29,0.6428571428571429,1.1175870895385742e-07,3.896542449495685e-06
F02229,ERCC3,False,False,False,25,2,14,1,16,0.2857142857142857,0.004180908203125,0.012350974323080598
F02230,ERCC4,False,False,False,32,2,8,0,10,0.14285714285714285,0.109375,0.19126796646260313
F02231,ERG28,False,False,False,0,0,11,31,11,0.2619047619047619,0.0009765625,0.0036371970663265306
F02232,ERGIC1,False,False,False,0,0,0,42,0,0.0,,
F02233,ERGIC2,False,False,False,0,0,10,32,10,0.23809523809523808,0.001953125,0.006523655948144382
F02234,ERGIC3,False,False,False,0,1,9,32,10,0.19047619047619047,0.021484375,0.0488923947869761
F02235,ERH,False,False,False,0,0,0,42,0,0.0,,
F02236,ERI1,False,False,False,28,1,12,1,13,0.2619047619047619,0.00341796875,0.010703553235224024
F02237,ERI3,False,False,False,16,4,17,5,21,0.30952380952380953,0.007197380065917969,0.019985962397751925
F02238,ERLEC1,False,False,False,0,0,15,27,15,0.35714285714285715,6.103515625e-05,0.0004117053147458932
F02239,ERLIN1,False,False,False,0,0,2,40,2,0.047619047619047616,0.5,0.6282271944922547
F02240,ERLIN2,False,False,False,0,0,1,41,1,0.023809523809523808,1.0,1.0
F02241,ERMP1,False,False,False,0,0,4,38,4,0.09523809523809523,0.125,0.2027277215502345
F02242,ERO1A,False,False,False,0,0,0,42,0,0.0,,
F02243,ERP29,False,False,False,0,0,0,42,0,0.0,,
F02244,ERP44,False,False,False,0,0,0,42,0,0.0,,
F02245,ERVFC1,False,False,False,8,9,10,15,19,0.023809523809523808,1.0,1.0
F02246,ERVK-18,False,False,False,9,13,13,7,26,0.0,1.0,1.0
F02247,ERVW-1,False,False,False,26,7,6,3,13,-0.023809523809523808,1.0,1.0
F02248,ESD,False,False,False,0,0,0,42,0,0.0,,
F02249,ESF1,False,False,False,22,1,14,5,15,0.30952380952380953,0.0009765625,0.0036371970663265306
F02250,ESPN,False,False,False,21,8,9,4,17,0.023809523809523808,1.0,1.0
F02251,ESRP1,False,False,False,1,0,6,35,6,0.14285714285714285,0.03125,0.06532373528475978
F02252,ESRP2,False,False,False,0,0,1,41,1,0.023809523809523808,1.0,1.0
F02253,ESRRA,False,False,False,28,2,8,4,10,0.14285714285714285,0.109375,0.19126796646260313
F02254,ESS2,False,False,False,30,0,11,1,11,0.2619047619047619,0.0009765625,0.0036371970663265306
F02255,ESYT1,False,False,False,0,0,0,42,0,0.0,,
F02256,ESYT2,False,False,False,0,0,0,42,0,0.0,,
F02257,ETF1,False,False,False,0,0,0,42,0,0.0,,
F02258,ETFA,False,False,False,0,0,0,42,0,0.0,,
F02259,ETFB,False,False,False,0,0,0,42,0,0.0,,
F02260,ETFBKMT,False,False,False,2,3,12,25,15,0.21428571428571427,0.03515625,0.07256568096135721
F02261,ETFDH,False,False,False,0,0,1,41,1,0.023809523809523808,1.0,1.0
F02262,ETFRF1,False,False,False,10,13,6,13,19,-0.16666666666666666,0.1670684814453125,0.2655794636089289
F02263,ETHE1,False,False,False,0,0,0,42,0,0.0,,
F02264,ETNK1,False,False,False,40,0,1,1,1,0.023809523809523808,1.0,1.0
F02265,ETS1,False,False,False,39,1,2,0,3,0.023809523809523808,1.0,1.0
F02266,EVC,False,False,False,14,12,7,9,19,-0.11904761904761904,0.359283447265625,0.4963188075136998
F02267,EVI2B,False,False,False,5,4,28,5,32,0.5714285714285714,1.9301194697618484e-05,0.00016998990715423056
F02268,EVL,False,False,False,1,0,2,39,2,0.047619047619047616,0.5,0.6282271944922547
F02269,EVPL,False,False,False,0,0,0,42,0,0.0,,
F02270,EWSR1,False,False,False,0,0,2,40,2,0.047619047619047616,0.5,0.6282271944922547
F02271,EXD2,False,False,False,0,3,12,27,15,0.21428571428571427,0.03515625,0.07256568096135721
F02272,EXOC1,False,False,False,0,0,3,39,3,0.07142857142857142,0.25,0.3572982379812921
F02273,EXOC1L,False,False,False,25,10,5,2,15,-0.11904761904761904,0.3017578125,0.4219086674026389
F02274,EXOC2,False,False,False,0,0,3,39,3,0.07142857142857142,0.25,0.3572982379812921
F02275,EXOC3,False,False,False,0,0,6,36,6,0.14285714285714285,0.03125,0.06532373528475978
F02276,EXOC3L2,False,False,False,11,12,13,6,25,0.023809523809523808,1.0,1.0
F02277,EXOC4,False,False,False,0,0,2,40,2,0.047619047619047616,0.5,0.6282271944922547
F02278,EXOC5,False,False,False,0,0,7,35,7,0.16666666666666666,0.015625,0.03678117162307417
F02279,EXOC6,False,False,False,37,2,2,1,4,0.0,1.0,1.0
F02280,EXOC6B,False,False,False,1,0,9,32,9,0.21428571428571427,0.00390625,0.01172410347190498
F02281,EXOC7,False,False,False,0,0,4,38,4,0.09523809523809523,0.125,0.2027277215502345
F02282,EXOC8,False,False,False,0,0,11,31,11,0.2619047619047619,0.0009765625,0.0036371970663265306
F02283,EXOG,False,False,False,5,0,22,15,22,0.5238095238095238,4.76837158203125e-07,1.0408040296991798e-05
F02284,EXOSC1,False,False,False,0,1,17,24,18,0.38095238095238093,0.00014495849609375,0.000789045003592326
F02285,EXOSC10,False,False,False,1,0,8,33,8,0.19047619047619047,0.0078125,0.020482092976855548
F02286,EXOSC2,False,False,False,1,0,20,21,20,0.47619047619047616,1.9073486328125e-06,2.7785544384873893e-05
F02287,EXOSC3,False,False,False,0,0,8,34,8,0.19047619047619047,0.0078125,0.020482092976855548
F02288,EXOSC4,False,False,False,0,0,8,34,8,0.19047619047619047,0.0078125,0.020482092976855548
F02289,EXOSC5,False,False,False,2,2,13,25,15,0.2619047619047619,0.00738525390625,0.0203017230811977
F02290,EXOSC6,False,False,False,0,0,9,33,9,0.21428571428571427,0.00390625,0.01172410347190498
F02291,EXOSC7,False,False,False,0,0,10,32,10,0.23809523809523808,0.001953125,0.006523655948144382
F02292,EXOSC8,False,False,False,0,1,21,20,22,0.47619047619047616,1.0967254638671875e-05,0.00010627560910925401
F02293,EXOSC9,False,False,False,0,0,18,24,18,0.42857142857142855,7.62939453125e-06,7.981707336037023e-05
F02294,EXPH5,False,False,False,25,4,9,4,13,0.11904761904761904,0.266845703125,0.37808416422929697
F02295,EXT1,False,False,False,25,1,16,0,17,0.35714285714285715,0.000274658203125,0.0013119248560594895
F02296,EYA3,False,False,False,8,2,27,5,29,0.5952380952380952,1.6242265701293945e-06,2.5468182734487163e-05
F02297,EZH2,False,False,False,35,0,7,0,7,0.16666666666666666,0.015625,0.03678117162307417
F02298,EZR,False,False,False,0,0,0,42,0,0.0,,
F02299,F10,False,False,False,0,0,1,41,1,0.023809523809523808,1.0,1.0
F02300,F11,False,False,False,2,3,20,17,23,0.40476190476190477,0.00048828125,0.002121698288690476
F02301,F11R,False,False,False,0,0,1,41,1,0.023809523809523808,1.0,1.0
F02302,F12,False,False,False,0,0,1,41,1,0.023809523809523808,1.0,1.0
F02303,F13A1,False,False,False,0,0,0,42,0,0.0,,
F02304,F13B,False,False,False,1,1,6,34,7,0.11904761904761904,0.125,0.2027277215502345
F02305,F2,False,False,False,0,0,0,42,0,0.0,,
F02306,F2RL1,False,False,False,4,5,15,18,20,0.23809523809523808,0.04138946533203125,0.08245263409079603
F02307,F3,False,False,False,2,1,11,28,12,0.23809523809523808,0.00634765625,0.017898756035407724
F02308,F5,False,False,False,0,1,10,31,11,0.21428571428571427,0.01171875,0.02986508436772692
F02309,F7,False,False,False,27,0,12,3,12,0.2857142857142857,0.00048828125,0.002121698288690476
F02310,F8A1,False,False,False,7,2,14,19,16,0.2857142857142857,0.004180908203125,0.012350974323080598
F02311,F9,False,False,False,0,0,5,37,5,0.11904761904761904,0.0625,0.11622558731955845
F02312,FAAH,False,False,False,34,7,1,0,8,-0.14285714285714285,0.0703125,0.12687534331227684
F02313,FABP3,False,False,False,0,0,0,42,0,0.0,,
F02314,FABP4,False,False,False,0,3,0,39,3,-0.07142857142857142,0.25,0.3572982379812921
F02315,FABP5,False,False,False,0,0,0,42,0,0.0,,
F02316,FABP7,False,False,False,31,4,6,1,10,0.047619047619047616,0.75390625,0.8906966485344362
F02317,FADD,False,False,False,3,3,26,10,29,0.5476190476190477,1.5236437320709229e-05,0.0001392364501953125
F02318,FADS1,False,False,False,21,4,12,5,16,0.19047619047619047,0.076812744140625,0.13784750860527348
F02319,FADS2,False,False,False,22,2,14,4,16,0.2857142857142857,0.004180908203125,0.012350974323080598
F02320,FADS3,False,False,False,39,0,3,0,3,0.07142857142857142,0.25,0.3572982379812921
F02321,FAF1,False,False,False,0,0,3,39,3,0.07142857142857142,0.25,0.3572982379812921
F02322,FAF2,False,False,False,0,0,5,37,5,0.11904761904761904,0.0625,0.11622558731955845
F02323,FAH,False,False,False,0,0,0,42,0,0.0,,
F02324,FAHD1,False,False,False,0,0,2,40,2,0.047619047619047616,0.5,0.6282271944922547
F02325,FAHD2A,False,False,False,0,2,1,39,3,-0.023809523809523808,1.0,1.0
F02326,FAM107B,False,False,False,1,4,22,15,26,0.42857142857142855,0.0005335211753845215,0.0022326331989021056
F02327,FAM114A1,False,False,False,0,0,1,41,1,0.023809523809523808,1.0,1.0
F02328,FAM114A2,False,False,False,0,0,6,36,6,0.14285714285714285,0.03125,0.06532373528475978
F02329,FAM118A,False,False,False,33,2,6,1,8,0.09523809523809523,0.2890625,0.40597277148354
F02330,FAM120A,False,False,False,0,0,0,42,0,0.0,,
F02331,FAM120B,False,False,False,0,2,20,20,22,0.42857142857142855,0.00012111663818359375,0.0006813950323916738
F02332,FAM120C,False,False,False,4,6,11,21,17,0.11904761904761904,0.332305908203125,0.4625529273081634
F02333,FAM136A,False,False,False,0,3,8,31,11,0.11904761904761904,0.2265625,0.3435300311562428
F02334,FAM162A,False,False,False,0,0,0,42,0,0.0,,
F02335,FAM168A,False,False,False,28,1,12,1,13,0.2619047619047619,0.00341796875,0.010703553235224024
F02336,FAM174B,False,False,False,40,2,0,0,2,-0.047619047619047616,0.5,0.6282271944922547
F02337,FAM177A1,False,False,False,16,4,18,4,22,0.3333333333333333,0.004343509674072266,0.012688687665031029
F02338,FAM180B,False,False,False,38,4,0,0,4,-0.09523809523809523,0.125,0.2027277215502345
F02339,FAM184B,False,False,False,41,1,0,0,1,-0.023809523809523808,1.0,1.0
F02340,FAM186A,False,False,False,8,6,16,12,22,0.23809523809523808,0.052478790283203125,0.10329108812481862
F02341,FAM20B,False,False,False,27,1,14,0,15,0.30952380952380953,0.0009765625,0.0036371970663265306
F02342,FAM210A,False,False,False,7,3,12,20,15,0.21428571428571427,0.03515625,0.07256568096135721
F02343,FAM210B,False,False,False,6,3,22,11,25,0.4523809523809524,0.00015652179718017578,0.0008387832034859338
F02344,FAM240C,False,False,False,16,20,2,4,22,-0.42857142857142855,0.00012111663818359375,0.0006813950323916738
F02345,FAM25A,False,False,True,42,0,0,0,0,0.0,,
F02346,FAM3B,False,False,False,17,21,3,1,24,-0.42857142857142855,0.0002771615982055664,0.0013119248560594895
F02347,FAM3C,False,False,False,0,0,5,37,5,0.11904761904761904,0.0625,0.11622558731955845
F02348,FAM3D,False,False,False,5,19,7,11,26,-0.2857142857142857,0.028959274291992188,0.06432130902582443
F02349,FAM50A,False,False,False,28,0,10,4,10,0.23809523809523808,0.001953125,0.006523655948144382
F02350,FAM50B,False,False,False,38,1,3,0,4,0.047619047619047616,0.625,0.7584503140007388
F02351,FAM53C,False,False,False,22,4,14,2,18,0.23809523809523808,0.0308837890625,0.06532373528475978
F02352,FAM83A,False,False,False,1,1,21,19,22,0.47619047619047616,1.0967254638671875e-05,0.00010627560910925401
F02353,FAM83B,False,False,False,1,0,11,30,11,0.2619047619047619,0.0009765625,0.0036371970663265306
F02354,FAM83C,False,False,False,4,5,15,18,20,0.23809523809523808,0.04138946533203125,0.08245263409079603
F02355,FAM83E,False,False,False,39,3,0,0,3,-0.07142857142857142,0.25,0.3572982379812921
F02356,FAM83F,False,False,False,6,5,17,14,22,0.2857142857142857,0.01690053939819336,0.03958522062250637
F02357,FAM83G,False,False,False,1,1,10,30,11,0.21428571428571427,0.01171875,0.02986508436772692
F02358,FAM83H,False,False,False,0,1,3,38,4,0.047619047619047616,0.625,0.7584503140007388
F02359,FAM8A1,False,False,False,24,3,13,2,16,0.23809523809523808,0.021270751953125,0.0488923947869761
F02360,FAM91A1,False,False,False,0,0,20,22,20,0.47619047619047616,1.9073486328125e-06,2.7785544384873893e-05
F02361,FAM98A,False,False,False,0,1,6,35,7,0.11904761904761904,0.125,0.2027277215502345
F02362,FAM98B,False,False,False,0,0,5,37,5,0.11904761904761904,0.0625,0.11622558731955845
F02363,FAM98C,False,False,False,9,12,11,10,23,-0.023809523809523808,1.0,1.0
F02364,FANCD2,False,False,False,36,0,5,1,5,0.11904761904761904,0.0625,0.11622558731955845
F02365,FANCI,False,False,False,10,1,20,11,21,0.4523809523809524,2.09808349609375e-05,0.0001751513160017273
F02366,FANK1,False,False,False,36,1,5,0,6,0.09523809523809523,0.21875,0.3337639340455179
F02367,FAP,False,False,False,1,0,26,15,26,0.6190476190476191,2.9802322387695312e-08,1.6049283449767065e-06
F02368,FAR1,False,False,False,27,0,13,2,13,0.30952380952380953,0.000244140625,0.0012069254373589164
F02369,FARP1,False,False,False,0,2,12,28,14,0.23809523809523808,0.012939453125,0.03188754952409977
F02370,FARS2,False,False,False,8,5,18,11,23,0.30952380952380953,0.010622024536132812,0.027605498893351496
F02371,FARSA,False,False,False,0,0,0,42,0,0.0,,
F02372,FARSB,False,False,False,0,0,0,42,0,0.0,,
F02373,FAS,False,False,False,16,1,22,3,23,0.5,5.7220458984375e-06,6.318292697938551e-05
F02374,FASN,False,False,False,0,0,0,42,0,0.0,,
F02375,FASTK,False,False,False,35,0,7,0,7,0.16666666666666666,0.015625,0.03678117162307417
F02376,FASTKD2,False,False,False,15,6,17,4,23,0.2619047619047619,0.03468966484069824,0.07226096956353438
F02377,FASTKD5,False,False,False,4,0,24,14,24,0.5714285714285714,1.1920928955078125e-07,3.896542449495685e-06
F02378,FAT1,False,False,False,25,0,15,2,15,0.35714285714285715,6.103515625e-05,0.0004117053147458932
F02379,FAT2,False,False,False,11,4,21,6,25,0.40476190476190477,0.0009105205535888672,0.0036371970663265306
F02380,FAT4,False,False,False,40,1,1,0,2,0.0,1.0,1.0
F02381,FAU,False,False,False,0,0,1,41,1,0.023809523809523808,1.0,1.0
F02382,FBL,False,False,False,0,0,0,42,0,0.0,,
F02383,FBLIM1,False,False,False,1,1,20,20,21,0.4523809523809524,2.09808349609375e-05,0.0001751513160017273
F02384,FBLN1,False,False,False,0,0,0,42,0,0.0,,
F02385,FBLN2,False,False,False,0,0,1,41,1,0.023809523809523808,1.0,1.0
F02386,FBLN5,False,False,False,0,1,1,40,2,0.0,1.0,1.0
F02387,FBLN7,False,False,False,31,8,2,1,10,-0.14285714285714285,0.109375,0.19126796646260313
F02388,FBN1,False,False,False,0,0,0,42,0,0.0,,
F02389,FBN2,False,False,False,3,1,24,14,25,0.5476190476190477,1.5497207641601562e-06,2.4955062305226046e-05
F02390,FBP1,False,False,False,3,0,5,34,5,0.11904761904761904,0.0625,0.11622558731955845
F02391,FBP2,False,False,False,4,16,9,13,25,-0.16666666666666666,0.2295229434967041,0.34761773600123236
F02392,FBRSL1,False,False,False,40,1,0,1,1,-0.023809523809523808,1.0,1.0
F02393,FBXL13,False,False,False,26,3,13,0,16,0.23809523809523808,0.021270751953125,0.0488923947869761
F02394,FBXL15,False,False,False,18,4,18,2,22,0.3333333333333333,0.004343509674072266,0.012688687665031029
F02395,FBXL18,False,False,False,1,2,11,28,13,0.21428571428571427,0.0224609375,0.050450721153846155
F02396,FBXL20,False,False,False,3,1,24,14,25,0.5476190476190477,1.5497207641601562e-06,2.4955062305226046e-05
F02397,FBXL8,False,False,False,21,3,12,6,15,0.21428571428571427,0.03515625,0.07256568096135721
F02398,FBXO15,False,False,False,36,6,0,0,6,-0.14285714285714285,0.03125,0.06532373528475978
F02399,FBXO16,False,False,False,26,7,7,2,14,0.0,1.0,1.0
F02400,FBXO2,False,False,False,5,1,16,20,17,0.35714285714285715,0.000274658203125,0.0013119248560594895
F02401,FBXO22,False,False,False,1,0,15,26,15,0.35714285714285715,6.103515625e-05,0.0004117053147458932
F02402,FBXO28,False,False,False,41,0,0,1,0,0.0,,
F02403,FBXO3,False,False,False,1,0,11,30,11,0.2619047619047619,0.0009765625,0.0036371970663265306
F02404,FBXO4,False,False,False,23,5,12,2,17,0.16666666666666666,0.143463134765625,0.23067860876411067
F02405,FBXO45,False,False,False,27,2,12,1,14,0.23809523809523808,0.012939453125,0.03188754952409977
F02406,FBXO6,False,False,False,3,1,29,9,30,0.6666666666666666,5.774199962615967e-08,2.5428734816514053e-06
F02407,FBXO7,False,False,False,1,0,1,40,1,0.023809523809523808,1.0,1.0
F02408,FBXW10B,False,False,True,42,0,0,0,0,0.0,,
F02409,FCAR,False,False,False,22,1,16,3,17,0.35714285714285715,0.000274658203125,0.0013119248560594895
F02410,FCER1G,False,False,False,0,0,24,18,24,0.5714285714285714,1.1920928955078125e-07,3.896542449495685e-06
F02411,FCER2,False,False,False,35,4,3,0,7,-0.023809523809523808,1.0,1.0
F02412,FCF1,False,False,False,22,3,15,2,18,0.2857142857142857,0.007537841796875,0.020482092976855548
F02413,FCGBP,False,False,False,1,1,4,36,5,0.07142857142857142,0.375,0.510833506116525
F02414,FCGR1A,False,False,False,34,1,7,0,8,0.14285714285714285,0.0703125,0.12687534331227684
F02415,FCGR2A,False,False,False,13,2,26,1,28,0.5714285714285714,3.032386302947998e-06,3.9451045565085836e-05
F02416,FCGR2C,False,False,True,42,0,0,0,0,0.0,,
F02417,FCGR3A,False,False,False,5,3,14,20,17,0.2619047619047619,0.012725830078125,0.03188754952409977
F02418,FCGRT,False,False,False,0,1,2,39,3,0.023809523809523808,1.0,1.0
F02419,FCHO2,False,False,False,0,1,10,31,11,0.21428571428571427,0.01171875,0.02986508436772692
F02420,FCHSD1,False,False,False,18,2,19,3,21,0.40476190476190477,0.00022125244140625,0.0011491134703866107
F02421,FCN1,False,False,False,1,2,22,17,24,0.47619047619047616,3.5881996154785156e-05,0.0002719085521763996
F02422,FCN3,False,False,False,1,2,3,36,5,0.023809523809523808,1.0,1.0
F02423,FDCSP,False,False,False,36,4,2,0,6,-0.047619047619047616,0.6875,0.8218477074235808
F02424,FDFT1,False,False,False,10,5,19,8,24,0.3333333333333333,0.006610751152038574,0.018521379560295707
F02425,FDPS,False,False,False,0,0,0,42,0,0.0,,
F02426,FDX1,False,False,False,3,3,11,25,14,0.19047619047619047,0.057373046875,0.11175242157389564
F02427,FDXR,False,False,False,0,0,0,42,0,0.0,,
F02428,FECH,False,False,False,1,4,8,29,12,0.09523809523809523,0.3876953125,0.5249707755822342
F02429,FEM1B,False,False,False,16,2,21,3,23,0.4523809523809524,6.604194641113281e-05,0.00042917466658866723
F02430,FEN1,False,False,False,0,0,6,36,6,0.14285714285714285,0.03125,0.06532373528475978
F02431,FERMT1,False,False,False,1,0,12,29,12,0.2857142857142857,0.00048828125,0.002121698288690476
F02432,FERMT2,False,False,False,0,0,1,41,1,0.023809523809523808,1.0,1.0
F02433,FERMT3,False,False,False,0,0,0,42,0,0.0,,
F02434,FES,False,False,False,29,2,11,0,13,0.21428571428571427,0.0224609375,0.050450721153846155
F02435,FETUB,False,False,False,0,2,0,40,2,-0.047619047619047616,0.5,0.6282271944922547
F02436,FEZ1,False,False,False,35,0,7,0,7,0.16666666666666666,0.015625,0.03678117162307417
F02437,FGA,False,False,False,0,0,0,42,0,0.0,,
F02438,FGB,False,False,False,0,0,0,42,0,0.0,,
F02439,FGD2,False,False,False,0,0,15,27,15,0.35714285714285715,6.103515625e-05,0.0004117053147458932
F02440,FGD4,False,False,False,20,4,9,9,13,0.11904761904761904,0.266845703125,0.37808416422929697
F02441,FGF2,False,False,False,19,21,0,2,21,-0.5,9.5367431640625e-07,1.6797963160292393e-05
F02442,FGFBP1,False,False,False,0,3,9,30,12,0.14285714285714285,0.14599609375,0.23332384722391145
F02443,FGFR1;FGFR3,False,True,True,42,0,0,0,0,0.0,,
F02444,FGG,False,False,False,0,0,0,42,0,0.0,,
F02445,FGL1,False,False,False,30,5,4,3,9,-0.023809523809523808,1.0,1.0
F02446,FGL2,False,False,False,0,2,5,35,7,0.07142857142857142,0.453125,0.6055675870964624
F02447,FGR,False,False,False,4,2,25,11,27,0.5476190476190477,5.647540092468262e-06,6.318292697938551e-05
F02448,FH,False,False,False,0,0,0,42,0,0.0,,
F02449,FHIP1A,False,False,False,14,5,14,9,19,0.21428571428571427,0.063568115234375,0.1175464444384587
F02450,FHIP2A,False,False,False,0,0,15,27,15,0.35714285714285715,6.103515625e-05,0.0004117053147458932
F02451,FHIP2B,False,False,False,31,5,4,2,9,-0.023809523809523808,1.0,1.0
F02452,FHL1,False,False,False,0,0,0,42,0,0.0,,
F02453,FHL2,False,False,False,0,0,2,40,2,0.047619047619047616,0.5,0.6282271944922547
F02454,FHL3,False,False,False,0,0,2,40,2,0.047619047619047616,0.5,0.6282271944922547
F02455,FHL5,False,False,False,41,1,0,0,1,-0.023809523809523808,1.0,1.0
F02456,FHOD1,False,False,False,0,0,4,38,4,0.09523809523809523,0.125,0.2027277215502345
F02457,FIBP,False,False,False,17,5,13,7,18,0.19047619047619047,0.09625244140625,0.16967495037270258
F02458,FILIP1,False,False,False,19,11,10,2,21,-0.023809523809523808,1.0,1.0
F02459,FILIP1L,False,False,False,10,1,28,3,29,0.6428571428571429,1.1175870895385742e-07,3.896542449495685e-06
F02460,FIP1L1,False,False,False,0,0,2,40,2,0.047619047619047616,0.5,0.6282271944922547
F02461,FIS1,False,False,False,0,0,0,42,0,0.0,,
F02462,FITM1,False,False,False,25,14,3,0,17,-0.2619047619047619,0.012725830078125,0.03188754952409977
F02463,FKBP10,False,False,False,0,0,10,32,10,0.23809523809523808,0.001953125,0.006523655948144382
F02464,FKBP11,False,False,False,0,0,9,33,9,0.21428571428571427,0.00390625,0.01172410347190498
F02465,FKBP14,False,False,False,12,0,29,1,29,0.6904761904761905,3.725290298461914e-09,6.275681348947378e-07
F02466,FKBP15,False,False,False,0,0,5,37,5,0.11904761904761904,0.0625,0.11622558731955845
F02467,FKBP1A,False,False,False,0,0,0,42,0,0.0,,
F02468,FKBP2,False,False,False,0,0,0,42,0,0.0,,
F02469,FKBP3,False,False,False,0,0,0,42,0,0.0,,
F02470,FKBP4,False,False,False,0,0,0,42,0,0.0,,
F02471,FKBP5,False,False,False,0,1,6,35,7,0.11904761904761904,0.125,0.2027277215502345
F02472,FKBP7,False,False,False,5,1,9,27,10,0.19047619047619047,0.021484375,0.0488923947869761
F02473,FKBP8,False,False,False,0,0,5,37,5,0.11904761904761904,0.0625,0.11622558731955845
F02474,FKBP9,False,False,False,0,0,2,40,2,0.047619047619047616,0.5,0.6282271944922547
F02475,FLAD1,False,False,False,0,0,8,34,8,0.19047619047619047,0.0078125,0.020482092976855548
F02476,FLG,False,False,False,0,0,7,35,7,0.16666666666666666,0.015625,0.03678117162307417
F02477,FLG2,False,False,False,0,0,3,39,3,0.07142857142857142,0.25,0.3572982379812921
F02478,FLII,False,False,False,0,0,0,42,0,0.0,,
F02479,FLNA,False,False,False,0,0,0,42,0,0.0,,
F02480,FLNB,False,False,False,0,0,0,42,0,0.0,,
F02481,FLNC,False,False,False,0,0,0,42,0,0.0,,
F02482,FLOT1,False,False,False,0,0,0,42,0,0.0,,
F02483,FLOT2,False,False,False,0,0,0,42,0,0.0,,
F02484,FLRT2,False,False,False,36,1,3,2,4,0.047619047619047616,0.625,0.7584503140007388
F02485,FLRT3,False,False,False,25,1,16,0,17,0.35714285714285715,0.000274658203125,0.0013119248560594895
F02486,FLVCR1,False,False,False,37,1,3,1,4,0.047619047619047616,0.625,0.7584503140007388
F02487,FLVCR2,False,False,False,13,4,21,4,25,0.40476190476190477,0.0009105205535888672,0.0036371970663265306
F02488,FLYWCH1,False,False,False,32,4,6,0,10,0.047619047619047616,0.75390625,0.8906966485344362
F02489,FLYWCH2,False,False,False,1,1,10,30,11,0.21428571428571427,0.01171875,0.02986508436772692
F02490,FMC1,False,False,False,18,14,5,5,19,-0.21428571428571427,0.063568115234375,0.1175464444384587
F02491,FMNL1,False,False,False,0,1,10,31,11,0.21428571428571427,0.01171875,0.02986508436772692
F02492,FMNL2,False,False,False,21,1,15,5,16,0.3333333333333333,0.000518798828125,0.002199037613407258
F02493,FMNL3,False,False,False,17,5,15,5,20,0.23809523809523808,0.04138946533203125,0.08245263409079603
F02494,FMO1,False,False,False,26,11,1,4,12,-0.23809523809523808,0.00634765625,0.017898756035407724
F02495,FMO3,False,False,False,19,8,12,3,20,0.09523809523809523,0.5034446716308594,0.6302651472207976
F02496,FMO5,False,False,False,41,1,0,0,1,-0.023809523809523808,1.0,1.0
F02497,FMOD,False,False,False,0,0,2,40,2,0.047619047619047616,0.5,0.6282271944922547
F02498,FMR1,False,False,False,0,0,11,31,11,0.2619047619047619,0.0009765625,0.0036371970663265306
F02499,FN1,False,False,False,0,0,0,42,0,0.0,,
F02500,FN3K,False,False,False,7,16,5,14,21,-0.2619047619047619,0.02660369873046875,0.0591493403245955
F02501,FN3KRP,False,False,False,0,1,2,39,3,0.023809523809523808,1.0,1.0
F02502,FNBP1,False,False,False,0,1,13,28,14,0.2857142857142857,0.0018310546875,0.006378594537049311
F02503,FNBP1L,False,False,False,18,10,9,5,19,-0.023809523809523808,1.0,1.0
F02504,FNBP4,False,False,False,8,2,23,9,25,0.5,1.9431114196777344e-05,0.00016998990715423056
F02505,FNDC1,False,False,False,39,1,2,0,3,0.023809523809523808,1.0,1.0
F02506,FNDC10,False,False,False,39,3,0,0,3,-0.07142857142857142,0.25,0.3572982379812921
F02507,FNDC3A,False,False,False,0,0,13,29,13,0.30952380952380953,0.000244140625,0.0012069254373589164
F02508,FNDC3B,False,False,False,0,0,30,12,30,0.7142857142857143,1.862645149230957e-09,4.219854700154272e-07
F02509,FNTA,False,False,False,0,0,0,42,0,0.0,,
F02510,FNTB,False,False,False,0,1,8,33,9,0.16666666666666666,0.0390625,0.07848337155963303
F02511,FOCAD,False,False,False,28,1,13,0,14,0.2857142857142857,0.0018310546875,0.006378594537049311
F02512,FOLR2,False,False,False,3,6,11,22,17,0.11904761904761904,0.332305908203125,0.4625529273081634
F02513,FOLR3,False,False,False,38,0,3,1,3,0.07142857142857142,0.25,0.3572982379812921
F02514,FOS,False,False,False,19,3,15,5,18,0.2857142857142857,0.007537841796875,0.020482092976855548
F02515,FOSB,False,False,False,29,2,10,1,12,0.19047619047619047,0.03857421875,0.07848337155963303
F02516,FOSL1,False,False,False,24,1,16,1,17,0.35714285714285715,0.000274658203125,0.0013119248560594895
F02517,FOSL2,False,False,False,3,0,25,14,25,0.5952380952380952,5.960464477539063e-08,2.5428734816514053e-06
F02518,FOXK1,False,False,False,0,0,6,36,6,0.14285714285714285,0.03125,0.06532373528475978
F02519,FOXL1,False,False,False,17,3,16,6,19,0.30952380952380953,0.004425048828125,0.012728796322583735
F02520,FOXO3,False,False,False,8,2,23,9,25,0.5,1.9431114196777344e-05,0.00016998990715423056
F02521,FOXR2,False,False,False,1,1,6,34,7,0.11904761904761904,0.125,0.2027277215502345
F02522,FOXRED1,False,False,False,10,2,21,9,23,0.4523809523809524,6.604194641113281e-05,0.00042917466658866723
F02523,FPR1,False,False,False,4,4,26,8,30,0.5238095238095238,5.947612226009369e-05,0.0004117053147458932
F02524,FRAS1,False,False,False,39,1,2,0,3,0.023809523809523808,1.0,1.0
F02525,FREM2,False,False,False,9,14,4,15,18,-0.23809523809523808,0.0308837890625,0.06532373528475978
F02526,FRG1,False,False,False,0,1,8,33,9,0.16666666666666666,0.0390625,0.07848337155963303
F02527,FRMD6,False,False,False,25,5,11,1,16,0.14285714285714285,0.210113525390625,0.3264237081618364
F02528,FRMD8,False,False,False,2,0,14,26,14,0.3333333333333333,0.0001220703125,0.0006813950323916738
F02529,FRMPD2,False,False,False,40,0,1,1,1,0.023809523809523808,1.0,1.0
F02530,FRS2,False,False,False,41,0,1,0,1,0.023809523809523808,1.0,1.0
F02531,FRY,False,False,False,0,0,2,40,2,0.047619047619047616,0.5,0.6282271944922547
F02532,FRYL,False,False,False,0,0,25,17,25,0.5952380952380952,5.960464477539063e-08,2.5428734816514053e-06
F02533,FSCN1,False,False,False,0,0,0,42,0,0.0,,
F02534,FSHR,False,False,False,21,1,18,2,19,0.40476190476190477,7.62939453125e-05,0.0004760220519497863
F02535,FSIP2,False,False,False,21,3,17,1,20,0.3333333333333333,0.0025768280029296875,0.008286544849778888
F02536,FST,False,False,False,19,2,19,2,21,0.40476190476190477,0.00022125244140625,0.0011491134703866107
F02537,FSTL1,False,False,False,3,0,24,15,24,0.5714285714285714,1.1920928955078125e-07,3.896542449495685e-06
F02538,FTH1,False,False,False,0,0,0,42,0,0.0,,
F02539,FTL,False,False,False,0,0,1,41,1,0.023809523809523808,1.0,1.0
F02540,FTO,False,False,False,0,0,1,41,1,0.023809523809523808,1.0,1.0
F02541,FTSJ3,False,False,False,0,0,9,33,9,0.21428571428571427,0.00390625,0.01172410347190498
F02542,FUBP1,False,False,False,0,0,0,42,0,0.0,,
F02543,FUBP3,False,False,False,0,0,3,39,3,0.07142857142857142,0.25,0.3572982379812921
F02544,FUCA1,False,False,False,1,1,2,38,3,0.023809523809523808,1.0,1.0
F02545,FUCA2,False,False,False,26,5,8,3,13,0.07142857142857142,0.5810546875,0.7167723050835524
F02546,FUNDC2,False,False,False,0,0,1,41,1,0.023809523809523808,1.0,1.0
F02547,FUOM,False,False,False,29,3,8,2,11,0.11904761904761904,0.2265625,0.3435300311562428
F02548,FURIN,False,False,False,39,2,1,0,3,-0.023809523809523808,1.0,1.0
F02549,FUS,False,False,False,0,0,2,40,2,0.047619047619047616,0.5,0.6282271944922547
F02550,FUT2,False,False,False,29,8,5,0,13,-0.07142857142857142,0.5810546875,0.7167723050835524
F02551,FUT3,False,False,False,28,9,4,1,13,-0.11904761904761904,0.266845703125,0.37808416422929697
F02552,FUT6,False,False,False,28,7,3,4,10,-0.09523809523809523,0.34375,0.47586125158027814
F02553,FUT8,False,False,False,37,1,4,0,5,0.07142857142857142,0.375,0.510833506116525
F02554,FXN,False,False,False,23,5,9,5,14,0.09523809523809523,0.4239501953125,0.5711201113805875
F02555,FXR1,False,False,False,0,0,1,41,1,0.023809523809523808,1.0,1.0
F02556,FXR2,False,False,False,3,2,17,20,19,0.35714285714285715,0.000728607177734375,0.0029843822679020224
F02557,FXYD1,False,False,False,16,18,3,5,21,-0.35714285714285715,0.0014896392822265625,0.005365641493546336
F02558,FXYD3,False,False,False,2,1,18,21,19,0.40476190476190477,7.62939453125e-05,0.0004760220519497863
F02559,FYB1,False,False,False,4,1,23,14,24,0.5238095238095238,2.9802322387695312e-06,3.9451045565085836e-05
F02560,FYCO1,False,False,False,0,0,1,41,1,0.023809523809523808,1.0,1.0
F02561,FYTTD1,False,False,False,0,2,12,28,14,0.23809523809523808,0.012939453125,0.03188754952409977
F02562,FZD7,False,False,False,34,2,5,1,7,0.07142857142857142,0.453125,0.6055675870964624
F02563,FZD9,False,False,False,26,12,3,1,15,-0.21428571428571427,0.03515625,0.07256568096135721
F02564,G3BP1,False,False,False,0,0,0,42,0,0.0,,
F02565,G3BP2,False,False,False,0,0,1,41,1,0.023809523809523808,1.0,1.0
F02566,G6PD,False,False,False,0,0,0,42,0,0.0,,
F02567,GAA,False,False,False,0,0,0,42,0,0.0,,
F02568,GAB1,False,False,False,30,5,6,1,11,0.023809523809523808,1.0,1.0
F02569,GAB2,False,False,False,3,7,15,17,22,0.19047619047619047,0.13380050659179688,0.21625321729596692
F02570,GABARAP,False,False,False,9,10,18,5,28,0.19047619047619047,0.1849333420395851,0.29046427377482054
F02571,GABARAPL2,False,False,False,0,1,0,41,1,-0.023809523809523808,1.0,1.0
F02572,GABPA,False,False,False,5,1,23,13,24,0.5238095238095238,2.9802322387695312e-06,3.9451045565085836e-05
F02573,GABRA4,False,False,False,39,3,0,0,3,-0.07142857142857142,0.25,0.3572982379812921
F02574,GABRB1,False,False,False,35,4,2,1,6,-0.047619047619047616,0.6875,0.8218477074235808
F02575,GADD45GIP1,False,False,False,6,5,20,11,25,0.35714285714285715,0.004077315330505371,0.012181883456762296
F02576,GAGE1,False,False,False,40,0,2,0,2,0.047619047619047616,0.5,0.6282271944922547
F02577,GAK,False,False,False,0,0,6,36,6,0.14285714285714285,0.03125,0.06532373528475978
F02578,GAL3ST2,False,False,False,25,10,6,1,16,-0.09523809523809523,0.454498291015625,0.6055675870964624
F02579,GALE,False,False,False,1,1,13,27,14,0.2857142857142857,0.0018310546875,0.006378594537049311
F02580,GALK1,False,False,False,0,0,1,41,1,0.023809523809523808,1.0,1.0
F02581,GALK2,False,False,False,0,2,21,19,23,0.4523809523809524,6.604194641113281e-05,0.00042917466658866723
F02582,GALM,False,False,False,0,3,3,36,6,0.0,1.0,1.0
F02583,GALNS,False,False,False,1,1,14,26,15,0.30952380952380953,0.0009765625,0.0036371970663265306
F02584,GALNT1,False,False,False,0,0,17,25,17,0.40476190476190477,1.52587890625e-05,0.0001392364501953125
F02585,GALNT12,False,False,False,20,7,9,6,16,0.047619047619047616,0.803619384765625,0.9394625192010955
F02586,GALNT2,False,False,False,0,0,11,31,11,0.2619047619047619,0.0009765625,0.0036371970663265306
F02587,GALNT3,False,False,False,1,1,11,29,12,0.23809523809523808,0.00634765625,0.017898756035407724
F02588,GALNT4,False,False,False,18,4,13,7,17,0.21428571428571427,0.049041748046875,0.09713725796441626
F02589,GALNT5,False,False,False,20,4,8,10,12,0.09523809523809523,0.3876953125,0.5249707755822342
F02590,GALNT6,False,False,False,3,1,26,12,27,0.5952380952380952,4.172325134277344e-07,1.0305329373008326e-05
F02591,GALNT7,False,False,False,2,0,15,25,15,0.35714285714285715,6.103515625e-05,0.0004117053147458932
F02592,GALT,False,False,False,2,5,16,19,21,0.2619047619047619,0.02660369873046875,0.0591493403245955
F02593,GAMT,False,False,False,21,14,4,3,18,-0.23809523809523808,0.0308837890625,0.06532373528475978
F02594,GAN,False,False,False,0,0,11,31,11,0.2619047619047619,0.0009765625,0.0036371970663265306
F02595,GANAB,False,False,False,0,0,0,42,0,0.0,,
F02596,GANC,False,False,False,16,4,12,10,16,0.19047619047619047,0.076812744140625,0.13784750860527348
F02597,GAP43,False,False,False,20,6,10,6,16,0.09523809523809523,0.454498291015625,0.6055675870964624
F02598,GAPDH,False,False,False,0,0,0,42,0,0.0,,
F02599,GAPDHS,False,False,False,35,7,0,0,7,-0.16666666666666666,0.015625,0.03678117162307417
F02600,GAPVD1,False,False,False,0,0,2,40,2,0.047619047619047616,0.5,0.6282271944922547
F02601,GAR1,False,False,False,0,0,5,37,5,0.11904761904761904,0.0625,0.11622558731955845
F02602,GARIN4,False,False,False,32,10,0,0,10,-0.23809523809523808,0.001953125,0.006523655948144382
F02603,GARS1,False,False,False,0,0,0,42,0,0.0,,
F02604,GART,False,False,False,0,0,1,41,1,0.023809523809523808,1.0,1.0
F02605,GAS6,False,False,False,18,3,15,6,18,0.2857142857142857,0.007537841796875,0.020482092976855548
F02606,GAST,False,False,False,41,0,1,0,1,0.023809523809523808,1.0,1.0
F02607,GATAD2A,False,False,False,2,1,15,24,16,0.3333333333333333,0.000518798828125,0.002199037613407258
F02608,GATAD2B,False,False,False,1,1,16,24,17,0.35714285714285715,0.000274658203125,0.0013119248560594895
F02609,GATB,False,False,False,36,0,5,1,5,0.11904761904761904,0.0625,0.11622558731955845
F02610,GATC,False,False,False,31,2,8,1,10,0.14285714285714285,0.109375,0.19126796646260313
F02611,GATD1,False,False,False,0,0,5,37,5,0.11904761904761904,0.0625,0.11622558731955845
F02612,GATD3B,False,False,True,42,0,0,0,0,0.0,,
F02613,GATM,False,False,False,11,14,6,11,20,-0.19047619047619047,0.11531829833984375,0.20069966095172806
F02614,GBA1,False,False,False,0,0,7,35,7,0.16666666666666666,0.015625,0.03678117162307417
F02615,GBE1,False,False,False,0,0,0,42,0,0.0,,
F02616,GBF1,False,False,False,0,0,5,37,5,0.11904761904761904,0.0625,0.11622558731955845
F02617,GBP1,False,False,False,0,0,2,40,2,0.047619047619047616,0.5,0.6282271944922547
F02618,GBP2,False,False,False,0,0,2,40,2,0.047619047619047616,0.5,0.6282271944922547
F02619,GBP4,False,False,False,6,3,16,17,19,0.30952380952380953,0.004425048828125,0.012728796322583735
F02620,GBP5,False,False,False,2,2,27,11,29,0.5952380952380952,1.6242265701293945e-06,2.5468182734487163e-05
F02621,GBP6,False,False,False,0,0,1,41,1,0.023809523809523808,1.0,1.0
F02622,GBP7,False,False,False,23,13,3,3,16,-0.23809523809523808,0.021270751953125,0.0488923947869761
F02623,GC,False,False,False,0,0,0,42,0,0.0,,
F02624,GCA,False,False,False,0,0,0,42,0,0.0,,
F02625,GCAT,False,False,False,36,4,1,1,5,-0.07142857142857142,0.375,0.510833506116525
F02626,GCC1,False,False,False,29,3,7,3,10,0.09523809523809523,0.34375,0.47586125158027814
F02627,GCC2,False,False,False,0,4,18,20,22,0.3333333333333333,0.004343509674072266,0.012688687665031029
F02628,GCDH,False,False,False,0,1,2,39,3,0.023809523809523808,1.0,1.0
F02629,GCFC2,False,False,False,37,1,3,1,4,0.047619047619047616,0.625,0.7584503140007388
F02630,GCHFR,False,False,False,20,10,8,4,18,-0.047619047619047616,0.8145294189453125,0.9495135348599544
F02631,GCLC,False,False,False,0,2,2,38,4,0.0,1.0,1.0
F02632,GCLM,False,False,False,0,0,0,42,0,0.0,,
F02633,GCN1,False,False,False,0,0,0,42,0,0.0,,
F02634,GCNT3,False,False,False,31,11,0,0,11,-0.2619047619047619,0.0009765625,0.0036371970663265306
F02635,GCSH,False,False,False,2,4,12,24,16,0.19047619047619047,0.076812744140625,0.13784750860527348
F02636,GDA,False,False,False,34,7,1,0,8,-0.14285714285714285,0.0703125,0.12687534331227684
F02637,GDAP1,False,False,False,5,3,16,18,19,0.30952380952380953,0.004425048828125,0.012728796322583735
F02638,GDAP2,False,False,False,5,3,16,18,19,0.30952380952380953,0.004425048828125,0.012728796322583735
F02639,GDE1,False,False,False,26,2,11,3,13,0.21428571428571427,0.0224609375,0.050450721153846155
F02640,GDI1,False,False,False,0,0,0,42,0,0.0,,
F02641,GDI2,False,False,False,0,0,0,42,0,0.0,,
F02642,GDPD2,False,False,False,34,0,8,0,8,0.19047619047619047,0.0078125,0.020482092976855548
F02643,GDPD3,False,False,False,2,7,8,25,15,0.023809523809523808,1.0,1.0
F02644,GEMIN4,False,False,False,11,3,25,3,28,0.5238095238095238,2.744048833847046e-05,0.0002256370568006895
F02645,GEMIN5,False,False,False,0,1,18,23,19,0.40476190476190477,7.62939453125e-05,0.0004760220519497863
F02646,GEMIN6,False,False,False,13,1,23,5,24,0.5238095238095238,2.9802322387695312e-06,3.9451045565085836e-05
F02647,GEMIN8,False,False,False,10,6,19,7,25,0.30952380952380953,0.01463329792022705,0.03602126914046149
F02648,GET3,False,False,False,0,0,0,42,0,0.0,,
F02649,GET4,False,False,False,0,4,10,28,14,0.14285714285714285,0.1795654296875,0.2823599318344894
F02650,GFAP,False,False,False,2,5,11,24,16,0.14285714285714285,0.210113525390625,0.3264237081618364
F02651,GFM1,False,False,False,0,0,2,40,2,0.047619047619047616,0.5,0.6282271944922547
F02652,GFM2,False,False,False,4,6,18,14,24,0.2857142857142857,0.022655844688415527,0.0506978540881778
F02653,GFPT1,False,False,False,0,0,2,40,2,0.047619047619047616,0.5,0.6282271944922547
F02654,GFPT2,False,False,False,37,0,5,0,5,0.11904761904761904,0.0625,0.11622558731955845
F02655,GFRA1,False,False,False,40,1,0,1,1,-0.023809523809523808,1.0,1.0
F02656,GFUS,False,False,False,0,0,0,42,0,0.0,,
F02657,GGA1,False,False,False,3,5,19,15,24,0.3333333333333333,0.006610751152038574,0.018521379560295707
F02658,GGA2,False,False,False,10,6,24,2,30,0.42857142857142855,0.001430906355381012,0.005249053464463009
F02659,GGA3,False,False,False,28,6,8,0,14,0.047619047619047616,0.79052734375,0.9276236200102697
F02660,GGACT,False,False,False,9,6,11,16,17,0.11904761904761904,0.332305908203125,0.4625529273081634
F02661,GGCT,False,False,False,0,0,0,42,0,0.0,,
F02662,GGCX,False,False,False,0,1,22,19,23,0.5,5.7220458984375e-06,6.318292697938551e-05
F02663,GGH,False,False,False,0,0,3,39,3,0.07142857142857142,0.25,0.3572982379812921
F02664,GGPS1,False,False,False,1,0,11,30,11,0.2619047619047619,0.0009765625,0.0036371970663265306
F02665,GGT3P,False,False,True,42,0,0,0,0,0.0,,
F02666,GGT5,False,False,False,0,1,1,40,2,0.0,1.0,1.0
F02667,GGT6,False,False,False,34,4,4,0,8,0.0,1.0,1.0
F02668,GH1,False,False,False,39,2,0,1,2,-0.047619047619047616,0.5,0.6282271944922547
F02669,GHDC,False,False,False,0,0,1,41,1,0.023809523809523808,1.0,1.0
F02670,GHITM,False,False,False,0,0,5,37,5,0.11904761904761904,0.0625,0.11622558731955845
F02671,GID8,False,False,False,2,2,12,26,14,0.23809523809523808,0.012939453125,0.03188754952409977
F02672,GIGYF1,False,False,False,11,4,22,5,26,0.42857142857142855,0.0005335211753845215,0.0022326331989021056
F02673,GIGYF2,False,False,False,0,0,5,37,5,0.11904761904761904,0.0625,0.11622558731955845
F02674,GIMAP1,False,False,False,0,2,3,37,5,0.023809523809523808,1.0,1.0
F02675,GIMAP4,False,False,False,0,0,1,41,1,0.023809523809523808,1.0,1.0
F02676,GIMAP5,False,False,False,12,5,16,9,21,0.2619047619047619,0.02660369873046875,0.0591493403245955
F02677,GIMAP7,False,False,False,11,9,11,11,20,0.047619047619047616,0.8238029479980469,0.958962680430044
F02678,GIMAP8,False,False,False,12,7,16,7,23,0.21428571428571427,0.0931396484375,0.1652072057868183
F02679,GINS2,False,False,False,18,1,15,8,16,0.3333333333333333,0.000518798828125,0.002199037613407258
F02680,GINS3,False,False,False,7,2,24,9,26,0.5238095238095238,1.049041748046875e-05,0.00010522449289569418
F02681,GINS4,False,False,False,38,2,1,1,3,-0.023809523809523808,1.0,1.0
F02682,GIPC1,False,False,False,0,0,1,41,1,0.023809523809523808,1.0,1.0
F02683,GIPC2,False,False,False,25,15,0,2,15,-0.35714285714285715,6.103515625e-05,0.0004117053147458932
F02684,GIT1,False,False,False,0,0,4,38,4,0.09523809523809523,0.125,0.2027277215502345
F02685,GIT2,False,False,False,2,4,9,27,13,0.11904761904761904,0.266845703125,0.37808416422929697
F02686,GJA1,False,False,False,0,0,15,27,15,0.35714285714285715,6.103515625e-05,0.0004117053147458932
F02687,GJB2,False,False,False,0,2,14,26,16,0.2857142857142857,0.004180908203125,0.012350974323080598
F02688,GJB3,False,False,False,19,4,13,6,17,0.21428571428571427,0.049041748046875,0.09713725796441626
F02689,GJB6,False,False,False,17,3,22,0,25,0.4523809523809524,0.00015652179718017578,0.0008387832034859338
F02690,GK,False,False,False,22,7,9,4,16,0.047619047619047616,0.803619384765625,0.9394625192010955
F02691,GK2,False,False,False,29,10,3,0,13,-0.16666666666666666,0.09228515625,0.1641791163180341
F02692,GLA,False,False,False,0,1,16,25,17,0.35714285714285715,0.000274658203125,0.0013119248560594895
F02693,GLB1,False,False,False,0,0,10,32,10,0.23809523809523808,0.001953125,0.006523655948144382
F02694,GLB1L2,False,False,False,39,3,0,0,3,-0.07142857142857142,0.25,0.3572982379812921
F02695,GLCE,False,False,False,16,5,15,6,20,0.23809523809523808,0.04138946533203125,0.08245263409079603
F02696,GLDC,False,False,False,19,3,18,2,21,0.35714285714285715,0.0014896392822265625,0.005365641493546336
F02697,GLE1,False,False,False,22,0,18,2,18,0.42857142857142855,7.62939453125e-06,7.981707336037023e-05
F02698,GLG1,False,False,False,0,0,3,39,3,0.07142857142857142,0.25,0.3572982379812921
F02699,GLIPR1,False,False,False,18,0,24,0,24,0.5714285714285714,1.1920928955078125e-07,3.896542449495685e-06
F02700,GLIPR2,False,False,False,0,0,0,42,0,0.0,,
F02701,GLMN,False,False,False,0,1,14,27,15,0.30952380952380953,0.0009765625,0.0036371970663265306
F02702,GLO1,False,False,False,0,0,0,42,0,0.0,,
F02703,GLOD4,False,False,False,0,0,0,42,0,0.0,,
F02704,GLRX,False,False,False,0,0,0,42,0,0.0,,
F02705,GLRX3,False,False,False,0,0,0,42,0,0.0,,
F02706,GLRX5,False,False,False,0,0,1,41,1,0.023809523809523808,1.0,1.0
F02707,GLS,False,False,False,0,0,8,34,8,0.19047619047619047,0.0078125,0.020482092976855548
F02708,GLS2,False,False,False,41,1,0,0,1,-0.023809523809523808,1.0,1.0
F02709,GLT8D1,False,False,False,11,0,20,11,20,0.47619047619047616,1.9073486328125e-06,2.7785544384873893e-05
F02710,GLTP,False,False,False,0,0,1,41,1,0.023809523809523808,1.0,1.0
F02711,GLUD1,False,False,False,0,0,0,42,0,0.0,,
F02712,GLUL,False,False,False,0,0,3,39,3,0.07142857142857142,0.25,0.3572982379812921
F02713,GLYATL2,False,False,False,36,5,1,0,6,-0.09523809523809523,0.21875,0.3337639340455179
F02714,GLYR1,False,False,False,0,0,7,35,7,0.16666666666666666,0.015625,0.03678117162307417
F02715,GM2A,False,False,False,0,0,7,35,7,0.16666666666666666,0.015625,0.03678117162307417
F02716,GMDS,False,False,False,0,0,3,39,3,0.07142857142857142,0.25,0.3572982379812921
F02717,GMFB,False,False,False,0,0,0,42,0,0.0,,
F02718,GMFG,False,False,False,0,0,2,40,2,0.047619047619047616,0.5,0.6282271944922547
F02719,GMIP,False,False,False,0,0,20,22,20,0.47619047619047616,1.9073486328125e-06,2.7785544384873893e-05
F02720,GMNN,False,False,False,41,0,0,1,0,0.0,,
F02721,GMPPA,False,False,False,0,0,1,41,1,0.023809523809523808,1.0,1.0
F02722,GMPPB,False,False,False,0,0,1,41,1,0.023809523809523808,1.0,1.0
F02723,GMPR,False,False,False,13,10,12,7,22,0.047619047619047616,0.8318119049072266,0.9670862175261863
F02724,GMPR2,False,False,False,1,3,12,26,15,0.21428571428571427,0.03515625,0.07256568096135721
F02725,GMPS,False,False,False,0,0,2,40,2,0.047619047619047616,0.5,0.6282271944922547
F02726,GNA11,False,False,False,0,0,0,42,0,0.0,,
F02727,GNA13,False,False,False,0,0,2,40,2,0.047619047619047616,0.5,0.6282271944922547
F02728,GNA15,False,False,False,0,0,12,30,12,0.2857142857142857,0.00048828125,0.002121698288690476
F02729,GNAI1,False,False,False,0,0,6,36,6,0.14285714285714285,0.03125,0.06532373528475978
F02730,GNAI2,False,False,False,0,0,0,42,0,0.0,,
F02731,GNAI3,False,False,False,0,0,0,42,0,0.0,,
F02732,GNAO1,False,False,False,0,1,7,34,8,0.14285714285714285,0.0703125,0.12687534331227684
F02733,GNAQ,False,False,False,0,0,0,42,0,0.0,,
F02734,GNAS,False,False,False,36,6,0,0,6,-0.14285714285714285,0.03125,0.06532373528475978
F02735,GNB1,False,False,False,0,0,0,42,0,0.0,,
F02736,GNB1L,False,False,False,13,2,22,5,24,0.47619047619047616,3.5881996154785156e-05,0.0002719085521763996
F02737,GNB2,False,False,False,0,0,0,42,0,0.0,,
F02738,GNB4,False,False,False,0,0,14,28,14,0.3333333333333333,0.0001220703125,0.0006813950323916738
F02739,GNE,False,False,False,17,6,15,4,21,0.21428571428571427,0.0783538818359375,0.14015382620803413
F02740,GNG10,False,False,False,1,2,11,28,13,0.21428571428571427,0.0224609375,0.050450721153846155
F02741,GNG12,False,False,False,0,0,0,42,0,0.0,,
F02742,GNG2,False,False,False,0,0,2,40,2,0.047619047619047616,0.5,0.6282271944922547
F02743,GNG4,False,False,False,31,4,5,2,9,0.023809523809523808,1.0,1.0
F02744,GNG5,False,False,False,1,0,11,30,11,0.2619047619047619,0.0009765625,0.0036371970663265306
F02745,GNGT1,False,False,False,41,0,0,1,0,0.0,,
F02746,GNL1,False,False,False,0,0,2,40,2,0.047619047619047616,0.5,0.6282271944922547
F02747,GNL2,False,False,False,1,1,17,23,18,0.38095238095238093,0.00014495849609375,0.000789045003592326
F02748,GNL3,False,False,False,0,0,11,31,11,0.2619047619047619,0.0009765625,0.0036371970663265306
F02749,GNL3L,False,False,False,34,0,7,1,7,0.16666666666666666,0.015625,0.03678117162307417
F02750,GNMT,False,False,False,36,5,1,0,6,-0.09523809523809523,0.21875,0.3337639340455179
F02751,GNPAT,False,False,False,5,1,25,11,26,0.5714285714285714,8.046627044677734e-07,1.6117786488881927e-05
F02752,GNPDA1,False,False,False,0,0,3,39,3,0.07142857142857142,0.25,0.3572982379812921
F02753,GNPDA2,False,False,False,22,7,9,4,16,0.047619047619047616,0.803619384765625,0.9394625192010955
F02754,GNPNAT1,False,False,False,0,0,15,27,15,0.35714285714285715,6.103515625e-05,0.0004117053147458932
F02755,GNS,False,False,False,0,0,4,38,4,0.09523809523809523,0.125,0.2027277215502345
F02756,GOLGA1,False,False,False,7,0,24,11,24,0.5714285714285714,1.1920928955078125e-07,3.896542449495685e-06
F02757,GOLGA2,False,False,False,0,0,4,38,4,0.09523809523809523,0.125,0.2027277215502345
F02758,GOLGA3,False,False,False,0,0,5,37,5,0.11904761904761904,0.0625,0.11622558731955845
F02759,GOLGA4,False,False,False,0,0,10,32,10,0.23809523809523808,0.001953125,0.006523655948144382
F02760,GOLGA5,False,False,False,0,1,17,24,18,0.38095238095238093,0.00014495849609375,0.000789045003592326
F02761,GOLGA7,False,False,False,2,1,11,28,12,0.23809523809523808,0.00634765625,0.017898756035407724
F02762,GOLGA7B,False,False,False,18,1,22,1,23,0.5,5.7220458984375e-06,6.318292697938551e-05
F02763,GOLGB1,False,False,False,0,0,0,42,0,0.0,,
F02764,GOLIM4,False,False,False,0,0,12,30,12,0.2857142857142857,0.00048828125,0.002121698288690476
F02765,GOLM1,False,False,False,0,1,17,24,18,0.38095238095238093,0.00014495849609375,0.000789045003592326
F02766,GOLM2,False,False,False,3,2,29,8,31,0.6428571428571429,4.628673195838928e-07,1.0408040296991798e-05
F02767,GOLPH3,False,False,False,0,0,10,32,10,0.23809523809523808,0.001953125,0.006523655948144382
F02768,GOLPH3L,False,False,False,3,6,16,17,22,0.23809523809523808,0.052478790283203125,0.10329108812481862
F02769,GOLT1B,False,False,False,0,0,1,41,1,0.023809523809523808,1.0,1.0
F02770,GON7,False,False,False,7,4,11,20,15,0.16666666666666666,0.11846923828125,0.2027277215502345
F02771,GOPC,False,False,False,0,0,5,37,5,0.11904761904761904,0.0625,0.11622558731955845
F02772,GORASP1,False,False,False,30,7,3,2,10,-0.09523809523809523,0.34375,0.47586125158027814
F02773,GORASP2,False,False,False,0,0,4,38,4,0.09523809523809523,0.125,0.2027277215502345
F02774,GOSR1,False,False,False,0,0,8,34,8,0.19047619047619047,0.0078125,0.020482092976855548
F02775,GOSR2,False,False,False,0,1,15,26,16,0.3333333333333333,0.000518798828125,0.002199037613407258
F02776,GOT1,False,False,False,0,0,0,42,0,0.0,,
F02777,GOT2,False,False,False,0,0,0,42,0,0.0,,
F02778,GP1BA,False,False,False,5,4,12,21,16,0.19047619047619047,0.076812744140625,0.13784750860527348
F02779,GP1BB,False,False,False,1,5,14,22,19,0.21428571428571427,0.063568115234375,0.1175464444384587
F02780,GP2,False,False,False,41,1,0,0,1,-0.023809523809523808,1.0,1.0
F02781,GP5,False,False,False,26,2,13,1,15,0.2619047619047619,0.00738525390625,0.0203017230811977
F02782,GP6,False,False,False,41,0,1,0,1,0.023809523809523808,1.0,1.0
F02783,GP9,False,False,False,6,5,17,14,22,0.2857142857142857,0.01690053939819336,0.03958522062250637
F02784,GPAA1,False,False,False,0,0,11,31,11,0.2619047619047619,0.0009765625,0.0036371970663265306
F02785,GPATCH4,False,False,False,19,3,17,3,20,0.3333333333333333,0.0025768280029296875,0.008286544849778888
F02786,GPATCH8,False,False,False,6,3,23,10,26,0.47619047619047616,8.797645568847656e-05,0.0005361830369882106
F02787,GPC1,False,False,False,0,1,4,37,5,0.07142857142857142,0.375,0.510833506116525
F02788,GPC4,False,False,False,34,3,3,2,6,0.0,1.0,1.0
F02789,GPCPD1,False,False,False,27,4,9,2,13,0.11904761904761904,0.266845703125,0.37808416422929697
F02790,GPD1,False,False,False,3,16,3,20,19,-0.30952380952380953,0.004425048828125,0.012728796322583735
F02791,GPD1L,False,False,False,0,5,0,37,5,-0.11904761904761904,0.0625,0.11622558731955845
F02792,GPD2,False,False,False,0,0,0,42,0,0.0,,
F02793,GPHN,False,False,False,0,4,5,33,9,0.023809523809523808,1.0,1.0
F02794,GPI,False,False,False,0,0,0,42,0,0.0,,
F02795,GPKOW,False,False,False,0,0,14,28,14,0.3333333333333333,0.0001220703125,0.0006813950323916738
F02796,GPLD1,False,False,False,2,4,3,33,7,-0.023809523809523808,1.0,1.0
F02797,GPM6A,False,False,False,34,2,5,1,7,0.07142857142857142,0.453125,0.6055675870964624
F02798,GPN1,False,False,False,0,1,17,24,18,0.38095238095238093,0.00014495849609375,0.000789045003592326
F02799,GPNMB,False,False,False,0,0,0,42,0,0.0,,
F02800,GPR107,False,False,False,29,4,8,1,12,0.09523809523809523,0.3876953125,0.5249707755822342
F02801,GPR108,False,False,False,10,10,16,6,26,0.14285714285714285,0.32693958282470703,0.4564371141432905
F02802,GPR15LG,False,False,False,7,6,9,20,15,0.07142857142857142,0.60723876953125,0.7455725501439567
F02803,GPR180,False,False,False,13,2,26,1,28,0.5714285714285714,3.032386302947998e-06,3.9451045565085836e-05
F02804,GPR89A,False,False,True,42,0,0,0,0,0.0,,
F02805,GPRC5A,False,False,False,29,1,10,2,11,0.21428571428571427,0.01171875,0.02986508436772692
F02806,GPRIN1,False,False,False,40,0,1,1,1,0.023809523809523808,1.0,1.0
F02807,GPRIN3,False,False,False,0,2,9,31,11,0.16666666666666666,0.0654296875,0.11997573175411666
F02808,GPS1,False,False,False,0,0,1,41,1,0.023809523809523808,1.0,1.0
F02809,GPSM1,False,False,False,12,7,14,9,21,0.16666666666666666,0.18924713134765625,0.2959661159138542
F02810,GPSM3,False,False,False,3,1,9,29,10,0.19047619047619047,0.021484375,0.0488923947869761
F02811,GPT,False,False,False,12,26,1,3,27,-0.5952380952380952,4.172325134277344e-07,1.0305329373008326e-05
F02812,GPT2,False,False,False,7,12,14,9,26,0.047619047619047616,0.8450189828872681,0.9819198297788029
F02813,GPX1,False,False,False,0,0,0,42,0,0.0,,
F02814,GPX2,False,False,False,12,8,8,14,16,0.0,1.0,1.0
F02815,GPX3,False,False,False,0,0,0,42,0,0.0,,
F02816,GPX4,False,False,False,0,0,0,42,0,0.0,,
F02817,GPX7,False,False,False,0,3,2,37,5,-0.023809523809523808,1.0,1.0
F02818,GPX8,False,False,False,11,0,24,7,24,0.5714285714285714,1.1920928955078125e-07,3.896542449495685e-06
F02819,GRAMD4,False,False,False,26,1,13,2,14,0.2857142857142857,0.0018310546875,0.006378594537049311
F02820,GRAP,False,False,False,39,1,2,0,3,0.023809523809523808,1.0,1.0
F02821,GRAP2,False,False,False,9,8,16,9,24,0.19047619047619047,0.15158963203430176,0.24208650521763794
F02822,GRB10,False,False,False,41,1,0,0,1,-0.023809523809523808,1.0,1.0
F02823,GRB14,False,False,False,30,10,1,1,11,-0.21428571428571427,0.01171875,0.02986508436772692
F02824,GRB2,False,False,False,0,0,0,42,0,0.0,,
F02825,GRB7,False,False,False,4,3,20,15,23,0.40476190476190477,0.00048828125,0.002121698288690476
F02826,GREM1,False,False,False,8,0,31,3,31,0.7380952380952381,9.313225746154785e-10,3.220415429065102e-07
F02827,GRHL1,False,False,False,5,10,12,15,22,0.047619047619047616,0.8318119049072266,0.9670862175261863
F02828,GRHPR,False,False,False,0,0,0,42,0,0.0,,
F02829,GRIP1,False,False,False,17,13,6,6,19,-0.16666666666666666,0.1670684814453125,0.2655794636089289
F02830,GRIPAP1,False,False,False,0,0,9,33,9,0.21428571428571427,0.00390625,0.01172410347190498
F02831,GRK2,False,False,False,0,0,8,34,8,0.19047619047619047,0.0078125,0.020482092976855548
F02832,GRK4,False,False,False,31,5,4,2,9,-0.023809523809523808,1.0,1.0
F02833,GRK6,False,False,False,16,2,17,7,19,0.35714285714285715,0.000728607177734375,0.0029843822679020224
F02834,GRK7,False,False,False,27,6,8,1,14,0.047619047619047616,0.79052734375,0.9276236200102697
F02835,GRN,False,False,False,0,0,7,35,7,0.16666666666666666,0.015625,0.03678117162307417
F02836,GRPEL1,False,False,False,0,0,0,42,0,0.0,,
F02837,GRPEL2,False,False,False,31,2,7,2,9,0.11904761904761904,0.1796875,0.2823599318344894
F02838,GRSF1,False,False,False,1,0,4,37,4,0.09523809523809523,0.125,0.2027277215502345
F02839,GRWD1,False,False,False,0,1,8,33,9,0.16666666666666666,0.0390625,0.07848337155963303
F02840,GSDMA,False,False,False,1,3,19,19,22,0.38095238095238093,0.0008554458618164062,0.0034628954480183543
F02841,GSDMB,False,False,False,34,1,7,0,8,0.14285714285714285,0.0703125,0.12687534331227684
F02842,GSDMC,False,False,False,1,1,18,22,19,0.40476190476190477,7.62939453125e-05,0.0004760220519497863
F02843,GSDMD,False,False,False,0,0,6,36,6,0.14285714285714285,0.03125,0.06532373528475978
F02844,GSDME,False,False,False,0,1,19,22,20,0.42857142857142855,4.00543212890625e-05,0.0002895015301090656
F02845,GSE1,False,False,False,34,1,6,1,7,0.11904761904761904,0.125,0.2027277215502345
F02846,GSK3A,False,False,False,0,3,11,28,14,0.19047619047619047,0.057373046875,0.11175242157389564
F02847,GSK3B,False,False,False,0,0,11,31,11,0.2619047619047619,0.0009765625,0.0036371970663265306
F02848,GSKIP,False,False,False,1,1,14,26,15,0.30952380952380953,0.0009765625,0.0036371970663265306
F02849,GSN,False,False,False,0,0,0,42,0,0.0,,
F02850,GSN-AS1,False,False,False,35,1,5,1,6,0.09523809523809523,0.21875,0.3337639340455179
F02851,GSPT1,False,False,False,0,0,0,42,0,0.0,,
F02852,GSPT2,False,False,False,0,0,1,41,1,0.023809523809523808,1.0,1.0
F02853,GSR,False,False,False,0,0,0,42,0,0.0,,
F02854,GSS,False,False,False,0,0,0,42,0,0.0,,
F02855,GSTA1,False,False,False,35,6,1,0,7,-0.11904761904761904,0.125,0.2027277215502345
F02856,GSTA2,False,False,False,35,2,5,0,7,0.07142857142857142,0.453125,0.6055675870964624
F02857,GSTA4,False,False,False,14,6,11,11,17,0.11904761904761904,0.332305908203125,0.4625529273081634
F02858,GSTCD,False,False,False,41,0,0,1,0,0.0,,
F02859,GSTK1,False,False,False,0,0,0,42,0,0.0,,
F02860,GSTM1,False,False,False,10,6,0,26,6,-0.14285714285714285,0.03125,0.06532373528475978
F02861,GSTM2,False,False,False,0,1,0,41,1,-0.023809523809523808,1.0,1.0
F02862,GSTM3,False,False,False,0,2,0,40,2,-0.047619047619047616,0.5,0.6282271944922547
F02863,GSTM4,False,False,False,28,1,3,10,4,0.047619047619047616,0.625,0.7584503140007388
F02864,GSTO1,False,False,False,0,0,0,42,0,0.0,,
F02865,GSTP1,False,False,False,0,0,0,42,0,0.0,,
F02866,GSTT1,False,False,False,5,9,0,28,9,-0.21428571428571427,0.00390625,0.01172410347190498
F02867,GSTZ1,False,False,False,4,6,5,27,11,-0.023809523809523808,1.0,1.0
F02868,GTF2A1,False,False,False,0,0,10,32,10,0.23809523809523808,0.001953125,0.006523655948144382
F02869,GTF2A2,False,False,False,4,4,18,16,22,0.3333333333333333,0.004343509674072266,0.012688687665031029
F02870,GTF2B,False,False,False,1,2,17,22,19,0.35714285714285715,0.000728607177734375,0.0029843822679020224
F02871,GTF2E1,False,False,False,2,0,18,22,18,0.42857142857142855,7.62939453125e-06,7.981707336037023e-05
F02872,GTF2E2,False,False,False,6,2,25,9,27,0.5476190476190477,5.647540092468262e-06,6.318292697938551e-05
F02873,GTF2F1,False,False,False,0,0,10,32,10,0.23809523809523808,0.001953125,0.006523655948144382
F02874,GTF2F2,False,False,False,0,0,11,31,11,0.2619047619047619,0.0009765625,0.0036371970663265306
F02875,GTF2H2;GTF2H2C,False,True,True,42,0,0,0,0,0.0,,
F02876,GTF2H4,False,False,False,27,1,14,0,15,0.30952380952380953,0.0009765625,0.0036371970663265306
F02877,GTF2I,False,False,False,0,0,1,41,1,0.023809523809523808,1.0,1.0
F02878,GTF2IRD2B;GTF2IRD2,False,True,True,42,0,0,0,0,0.0,,
F02879,GTF3C1,False,False,False,0,1,7,34,8,0.14285714285714285,0.0703125,0.12687534331227684
F02880,GTF3C2,False,False,False,9,5,22,6,27,0.40476190476190477,0.0015137195587158203,0.005431533315545025
F02881,GTF3C3,False,False,False,1,1,7,33,8,0.14285714285714285,0.0703125,0.12687534331227684
F02882,GTF3C4,False,False,False,0,0,14,28,14,0.3333333333333333,0.0001220703125,0.0006813950323916738
F02883,GTF3C5,False,False,False,0,0,5,37,5,0.11904761904761904,0.0625,0.11622558731955845
F02884,GTPBP1,False,False,False,0,0,1,41,1,0.023809523809523808,1.0,1.0
F02885,GTPBP10,False,False,False,5,6,23,8,29,0.40476190476190477,0.002315700054168701,0.007711557241586538
F02886,GTPBP2,False,False,False,32,0,9,1,9,0.21428571428571427,0.00390625,0.01172410347190498
F02887,GTPBP4,False,False,False,0,0,10,32,10,0.23809523809523808,0.001953125,0.006523655948144382
F02888,GTPBP6,False,False,False,28,2,10,2,12,0.19047619047619047,0.03857421875,0.07848337155963303
F02889,GTSE1,False,False,False,41,0,0,1,0,0.0,,
F02890,GTSF1,False,False,False,31,0,11,0,11,0.2619047619047619,0.0009765625,0.0036371970663265306
F02891,GUCY1A1,False,False,False,21,1,19,1,20,0.42857142857142855,4.00543212890625e-05,0.0002895015301090656
F02892,GUCY1B1,False,False,False,2,0,22,18,22,0.5238095238095238,4.76837158203125e-07,1.0408040296991798e-05
F02893,GUF1,False,False,False,12,6,18,6,24,0.2857142857142857,0.022655844688415527,0.0506978540881778
F02894,GUK1,False,False,False,0,0,1,41,1,0.023809523809523808,1.0,1.0
F02895,GUSB,False,False,False,0,0,2,40,2,0.047619047619047616,0.5,0.6282271944922547
F02896,GYG1,False,False,False,0,0,0,42,0,0.0,,
F02897,GYPC,False,False,False,12,15,6,9,21,-0.21428571428571427,0.0783538818359375,0.14015382620803413
F02898,GYS1,False,False,False,0,0,0,42,0,0.0,,
F02899,GZMA,False,False,False,8,2,20,12,22,0.42857142857142855,0.00012111663818359375,0.0006813950323916738
F02900,GZMH,False,False,False,20,6,10,6,16,0.09523809523809523,0.454498291015625,0.6055675870964624
F02901,GZMK,False,False,False,17,1,18,6,19,0.40476190476190477,7.62939453125e-05,0.0004760220519497863
F02902,H1-0,False,False,False,0,0,0,42,0,0.0,,
F02903,H1-1,False,False,False,2,0,9,31,9,0.21428571428571427,0.00390625,0.01172410347190498
F02904,H1-10,False,False,False,0,0,0,42,0,0.0,,
F02905,H1-2,False,False,False,0,0,0,42,0,0.0,,
F02906,H1-3,False,False,False,0,0,0,42,0,0.0,,
F02907,H1-4,False,False,False,0,0,0,42,0,0.0,,
F02908,H1-5,False,False,False,0,0,0,42,0,0.0,,
F02909,H2AC11,False,False,True,42,0,0,0,0,0.0,,
F02910,H2AC20;H2AC18,False,True,True,42,0,0,0,0,0.0,,
F02911,H2AC21,False,False,False,0,0,0,42,0,0.0,,
F02912,H2AC4,False,False,True,42,0,0,0,0,0.0,,
F02913,H2AZ1,False,False,True,42,0,0,0,0,0.0,,
F02914,H2BC11,False,False,True,42,0,0,0,0,0.0,,
F02915,H2BC12,False,False,True,42,0,0,0,0,0.0,,
F02916,H3-7,False,False,False,0,0,0,42,0,0.0,,
F02917,H3C1;H3-3A;H3-4;H3C15,False,True,True,42,0,0,0,0,0.0,,
F02918,H3Y2,False,False,False,25,8,8,1,16,0.0,1.0,1.0
F02919,H4C1,False,False,False,0,0,0,42,0,0.0,,
F02920,H6PD,False,False,False,0,0,0,42,0,0.0,,
F02921,HAAO,False,False,False,30,10,1,1,11,-0.21428571428571427,0.01171875,0.02986508436772692
F02922,HABP2,False,False,False,0,0,1,41,1,0.023809523809523808,1.0,1.0
F02923,HACD2,False,False,False,0,0,5,37,5,0.11904761904761904,0.0625,0.11622558731955845
F02924,HACD3,False,False,False,0,0,0,42,0,0.0,,
F02925,HACD4,False,False,False,6,1,30,5,31,0.6904761904761905,2.9802322387695312e-08,1.6049283449767065e-06
F02926,HACL1,False,False,False,35,1,5,1,6,0.09523809523809523,0.21875,0.3337639340455179
F02927,HADH,False,False,False,0,0,0,42,0,0.0,,
F02928,HADHA,False,False,False,0,0,0,42,0,0.0,,
F02929,HADHB,False,False,False,0,0,0,42,0,0.0,,
F02930,HAGH,False,False,False,0,0,0,42,0,0.0,,
F02931,HAL,False,False,False,7,8,18,9,26,0.23809523809523808,0.07551869750022888,0.13608278732213488
F02932,HAPLN1,False,False,False,37,1,4,0,5,0.07142857142857142,0.375,0.510833506116525
F02933,HAPLN3,False,False,False,28,1,13,0,14,0.2857142857142857,0.0018310546875,0.006378594537049311
F02934,HARBI1,False,False,False,33,5,3,1,8,-0.047619047619047616,0.7265625,0.8618009794186676
F02935,HARS1,False,False,False,0,0,2,40,2,0.047619047619047616,0.5,0.6282271944922547
F02936,HARS2,False,False,False,27,3,11,1,14,0.19047619047619047,0.057373046875,0.11175242157389564
F02937,HAS3,False,False,False,31,0,11,0,11,0.2619047619047619,0.0009765625,0.0036371970663265306
F02938,HAT1,False,False,False,2,1,22,17,23,0.5,5.7220458984375e-06,6.318292697938551e-05
F02939,HAX1,False,False,False,1,5,15,21,20,0.23809523809523808,0.04138946533203125,0.08245263409079603
F02940,HBA1,False,False,False,0,0,0,42,0,0.0,,
F02941,HBB,False,False,False,0,0,0,42,0,0.0,,
F02942,HBD,False,False,False,0,0,0,42,0,0.0,,
F02943,HBE1,False,False,False,0,0,0,42,0,0.0,,
F02944,HBG1,False,False,False,5,9,4,24,13,-0.11904761904761904,0.266845703125,0.37808416422929697
F02945,HBG2,False,False,False,16,5,10,11,15,0.11904761904761904,0.3017578125,0.4219086674026389
F02946,HBM,False,False,False,16,5,10,11,15,0.11904761904761904,0.3017578125,0.4219086674026389
F02947,HBQ1,False,False,False,16,8,8,10,16,0.0,1.0,1.0
F02948,HBS1L,False,False,False,0,1,9,32,10,0.19047619047619047,0.021484375,0.0488923947869761
F02949,HBZ,False,False,False,11,3,10,18,13,0.16666666666666666,0.09228515625,0.1641791163180341
F02950,HCCS,False,False,False,0,0,6,36,6,0.14285714285714285,0.03125,0.06532373528475978
F02951,HCFC1,False,False,False,0,0,0,42,0,0.0,,
F02952,HCFC2,False,False,False,1,4,23,14,27,0.4523809523809524,0.000310748815536499,0.0014656279383164384
F02953,HCK,False,False,False,6,2,20,14,22,0.42857142857142855,0.00012111663818359375,0.0006813950323916738
F02954,HCLS1,False,False,False,0,0,5,37,5,0.11904761904761904,0.0625,0.11622558731955845
F02955,HDAC1,False,False,False,0,0,11,31,11,0.2619047619047619,0.0009765625,0.0036371970663265306
F02956,HDAC2,False,False,False,0,0,13,29,13,0.30952380952380953,0.000244140625,0.0012069254373589164
F02957,HDAC3,False,False,False,17,5,14,6,19,0.21428571428571427,0.063568115234375,0.1175464444384587
F02958,HDAC4,False,False,False,21,4,14,3,18,0.23809523809523808,0.0308837890625,0.06532373528475978
F02959,HDAC6,False,False,False,27,3,9,3,12,0.14285714285714285,0.14599609375,0.23332384722391145
F02960,HDDC2,False,False,False,0,0,4,38,4,0.09523809523809523,0.125,0.2027277215502345
F02961,HDDC3,False,False,False,0,4,6,32,10,0.047619047619047616,0.75390625,0.8906966485344362
F02962,HDGF,False,False,False,0,0,0,42,0,0.0,,
F02963,HDGFL2,False,False,False,0,0,1,41,1,0.023809523809523808,1.0,1.0
F02964,HDGFL3,False,False,False,0,5,10,27,15,0.11904761904761904,0.3017578125,0.4219086674026389
F02965,HDHD2,False,False,False,0,0,1,41,1,0.023809523809523808,1.0,1.0
F02966,HDHD3,False,False,False,3,1,14,24,15,0.30952380952380953,0.0009765625,0.0036371970663265306
F02967,HDHD5,False,False,False,0,0,5,37,5,0.11904761904761904,0.0625,0.11622558731955845
F02968,HDLBP,False,False,False,0,0,0,42,0,0.0,,
F02969,HEATR1,False,False,False,0,0,3,39,3,0.07142857142857142,0.25,0.3572982379812921
F02970,HEATR3,False,False,False,1,0,9,32,9,0.21428571428571427,0.00390625,0.01172410347190498
F02971,HEATR5A,False,False,False,24,0,15,3,15,0.35714285714285715,6.103515625e-05,0.0004117053147458932
F02972,HEATR5B,False,False,False,0,0,16,26,16,0.38095238095238093,3.0517578125e-05,0.00023755982023844786
F02973,HEATR6,False,False,False,5,1,21,15,22,0.47619047619047616,1.0967254638671875e-05,0.00010627560910925401
F02974,HEATR9,False,False,False,28,3,9,2,12,0.14285714285714285,0.14599609375,0.23332384722391145
F02975,HEBP1,False,False,False,0,0,0,42,0,0.0,,
F02976,HEBP2,False,False,False,0,0,0,42,0,0.0,,
F02977,HECA,False,False,False,16,2,17,7,19,0.35714285714285715,0.000728607177734375,0.0029843822679020224
F02978,HECTD1,False,False,False,0,0,5,37,5,0.11904761904761904,0.0625,0.11622558731955845
F02979,HECTD3,False,False,False,0,0,7,35,7,0.16666666666666666,0.015625,0.03678117162307417
F02980,HECW2,False,False,False,31,1,9,1,10,0.19047619047619047,0.021484375,0.0488923947869761
F02981,HELLS,False,False,False,37,0,4,1,4,0.09523809523809523,0.125,0.2027277215502345
F02982,HELZ,False,False,False,12,7,13,10,20,0.14285714285714285,0.26317596435546875,0.3745810411211936
F02983,HELZ2,False,False,False,0,0,22,20,22,0.5238095238095238,4.76837158203125e-07,1.0408040296991798e-05
F02984,HEPACAM,False,False,False,41,1,0,0,1,-0.023809523809523808,1.0,1.0
F02985,HEPHL1,False,False,False,3,1,20,18,21,0.4523809523809524,2.09808349609375e-05,0.0001751513160017273
F02986,HERC1,False,False,False,41,0,1,0,1,0.023809523809523808,1.0,1.0
F02987,HERC2,False,False,False,17,2,20,3,22,0.42857142857142855,0.00012111663818359375,0.0006813950323916738
F02988,HERC4,False,False,False,0,2,10,30,12,0.19047619047619047,0.03857421875,0.07848337155963303
F02989,HERC6,False,False,False,9,2,26,5,28,0.5714285714285714,3.032386302947998e-06,3.9451045565085836e-05
F02990,HERPUD1,False,False,False,2,2,27,11,29,0.5952380952380952,1.6242265701293945e-06,2.5468182734487163e-05
F02991,HEXA,False,False,False,0,0,4,38,4,0.09523809523809523,0.125,0.2027277215502345
F02992,HEXB,False,False,False,0,0,1,41,1,0.023809523809523808,1.0,1.0
F02993,HEXD,False,False,False,30,5,5,2,10,0.0,1.0,1.0
F02994,HEXIM1,False,False,False,1,1,18,22,19,0.40476190476190477,7.62939453125e-05,0.0004760220519497863
F02995,HGFAC,False,False,False,33,6,3,0,9,-0.07142857142857142,0.5078125,0.632959234490609
F02996,HGH1,False,False,False,0,0,10,32,10,0.23809523809523808,0.001953125,0.006523655948144382
F02997,HGS,False,False,False,0,0,1,41,1,0.023809523809523808,1.0,1.0
F02998,HHATL,False,False,False,11,18,7,6,25,-0.2619047619047619,0.043285250663757324,0.08617699904875321
F02999,HIBADH,False,False,False,0,0,0,42,0,0.0,,
F03000,HIBCH,False,False,False,0,0,0,42,0,0.0,,
F03001,HID1,False,False,False,4,5,10,23,15,0.11904761904761904,0.3017578125,0.4219086674026389
F03002,HIDE1,False,False,False,34,1,5,2,6,0.09523809523809523,0.21875,0.3337639340455179
F03003,HIF1AN,False,False,False,8,2,14,18,16,0.2857142857142857,0.004180908203125,0.012350974323080598
F03004,HIGD1A,False,False,False,0,0,2,40,2,0.047619047619047616,0.5,0.6282271944922547
F03005,HIGD2A,False,False,False,4,8,19,11,27,0.2619047619047619,0.052238985896110535,0.10329108812481862
F03006,HIKESHI,False,False,False,1,1,26,14,27,0.5952380952380952,4.172325134277344e-07,1.0305329373008326e-05
F03007,HINT1,False,False,False,0,0,0,42,0,0.0,,
F03008,HINT2,False,False,False,0,0,0,42,0,0.0,,
F03009,HINT3,False,False,False,1,1,3,37,4,0.047619047619047616,0.625,0.7584503140007388
F03010,HIP1,False,False,False,2,1,11,28,12,0.23809523809523808,0.00634765625,0.017898756035407724
F03011,HIP1R,False,False,False,1,0,13,28,13,0.30952380952380953,0.000244140625,0.0012069254373589164
F03012,HIRA,False,False,False,32,0,8,2,8,0.19047619047619047,0.0078125,0.020482092976855548
F03013,HK1,False,False,False,0,0,0,42,0,0.0,,
F03014,HK2,False,False,False,0,0,1,41,1,0.023809523809523808,1.0,1.0
F03015,HK3,False,False,False,0,1,17,24,18,0.38095238095238093,0.00014495849609375,0.000789045003592326
F03016,HLA-A,False,False,False,0,0,0,42,0,0.0,,
F03017,HLA-B,False,False,False,0,0,0,42,0,0.0,,
F03018,HLA-C,False,False,False,0,0,3,39,3,0.07142857142857142,0.25,0.3572982379812921
F03019,HLA-DMA,False,False,False,38,0,3,1,3,0.07142857142857142,0.25,0.3572982379812921
F03020,HLA-DMB,False,False,False,14,4,19,5,23,0.35714285714285715,0.002599477767944336,0.008286544849778888
F03021,HLA-DOA,False,False,False,39,1,2,0,3,0.023809523809523808,1.0,1.0
F03022,HLA-DPA1,False,False,False,0,0,8,34,8,0.19047619047619047,0.0078125,0.020482092976855548
F03023,HLA-DPB1,False,False,False,6,1,25,10,26,0.5714285714285714,8.046627044677734e-07,1.6117786488881927e-05
F03024,HLA-DQA1,False,False,False,23,2,11,6,13,0.21428571428571427,0.0224609375,0.050450721153846155
F03025,HLA-DQB1,False,False,False,8,2,20,12,22,0.42857142857142855,0.00012111663818359375,0.0006813950323916738
F03026,HLA-DRA,False,False,False,0,0,1,41,1,0.023809523809523808,1.0,1.0
F03027,HLA-DRB1,False,False,False,5,1,8,28,9,0.16666666666666666,0.0390625,0.07848337155963303
F03028,HLA-DRB3,False,False,False,16,2,13,11,15,0.2619047619047619,0.00738525390625,0.0203017230811977
F03029,HLA-DRB4,False,False,False,11,0,13,18,13,0.30952380952380953,0.000244140625,0.0012069254373589164
F03030,HLA-DRB5,False,False,False,15,2,7,18,9,0.11904761904761904,0.1796875,0.2823599318344894
F03031,HLA-E,False,False,False,0,0,13,29,13,0.30952380952380953,0.000244140625,0.0012069254373589164
F03032,HLA-F,False,False,False,3,0,22,17,22,0.5238095238095238,4.76837158203125e-07,1.0408040296991798e-05
F03033,HLA-H,False,False,False,4,0,24,14,24,0.5714285714285714,1.1920928955078125e-07,3.896542449495685e-06
F03034,HLTF,False,False,False,39,0,2,1,2,0.047619047619047616,0.5,0.6282271944922547
F03035,HM13,False,False,False,0,0,4,38,4,0.09523809523809523,0.125,0.2027277215502345
F03036,HMBOX1,False,False,False,39,0,2,1,2,0.047619047619047616,0.5,0.6282271944922547
F03037,HMBS,False,False,False,0,0,0,42,0,0.0,,
F03038,HMCES,False,False,False,5,1,22,14,23,0.5,5.7220458984375e-06,6.318292697938551e-05
F03039,HMCN1,False,False,False,1,0,11,30,11,0.2619047619047619,0.0009765625,0.0036371970663265306
F03040,HMCN2,False,False,False,13,6,21,2,27,0.35714285714285715,0.005924612283706665,0.017027429004353802
F03041,HMG20A,False,False,False,4,3,20,15,23,0.40476190476190477,0.00048828125,0.002121698288690476
F03042,HMGA1,False,False,False,0,0,2,40,2,0.047619047619047616,0.5,0.6282271944922547
F03043,HMGA2,False,False,False,6,0,34,2,34,0.8095238095238095,1.1641532182693481e-10,1.0926409491470882e-07
F03044,HMGB1,False,False,False,0,0,0,42,0,0.0,,
F03045,HMGB2,False,False,False,0,0,0,42,0,0.0,,
F03046,HMGB3,False,False,False,0,0,10,32,10,0.23809523809523808,0.001953125,0.006523655948144382
F03047,HMGCL,False,False,False,0,0,0,42,0,0.0,,
F03048,HMGCS1,False,False,False,1,1,7,33,8,0.14285714285714285,0.0703125,0.12687534331227684
F03049,HMGCS2,False,False,False,13,12,8,9,20,-0.09523809523809523,0.5034446716308594,0.6302651472207976
F03050,HMGN1,False,False,False,0,0,5,37,5,0.11904761904761904,0.0625,0.11622558731955845
F03051,HMGN2,False,False,False,12,12,6,12,18,-0.14285714285714285,0.237884521484375,0.3572982379812921
F03052,HMGN4,False,False,False,5,11,3,23,14,-0.19047619047619047,0.057373046875,0.11175242157389564
F03053,HMGN5,False,False,False,4,9,12,17,21,0.07142857142857142,0.6636238098144531,0.7992682732320728
F03054,HMGXB3,False,False,False,7,3,14,18,17,0.2619047619047619,0.012725830078125,0.03188754952409977
F03055,HMMR,False,False,False,32,6,4,0,10,-0.047619047619047616,0.75390625,0.8906966485344362
F03056,HMOX1,False,False,False,0,0,17,25,17,0.40476190476190477,1.52587890625e-05,0.0001392364501953125
F03057,HMOX2,False,False,False,0,0,3,39,3,0.07142857142857142,0.25,0.3572982379812921
F03058,HNMT,False,False,False,7,12,7,16,19,-0.11904761904761904,0.359283447265625,0.4963188075136998
F03059,HNRNPA0,False,False,False,0,0,0,42,0,0.0,,
F03060,HNRNPA1,False,False,False,0,0,0,42,0,0.0,,
F03061,HNRNPA2B1,False,False,False,0,0,0,42,0,0.0,,
F03062,HNRNPA3,False,False,False,0,0,0,42,0,0.0,,
F03063,HNRNPAB,False,False,False,0,0,0,42,0,0.0,,
F03064,HNRNPC,False,False,False,0,0,0,42,0,0.0,,
F03065,HNRNPCL3,False,False,True,42,0,0,0,0,0.0,,
F03066,HNRNPD,False,False,False,0,0,0,42,0,0.0,,
F03067,HNRNPDL,False,False,False,0,0,1,41,1,0.023809523809523808,1.0,1.0
F03068,HNRNPF,False,False,False,0,0,0,42,0,0.0,,
F03069,HNRNPH1,False,False,False,0,0,1,41,1,0.023809523809523808,1.0,1.0
F03070,HNRNPH2,False,False,False,0,1,5,36,6,0.09523809523809523,0.21875,0.3337639340455179
F03071,HNRNPH3,False,False,False,0,0,0,42,0,0.0,,
F03072,HNRNPK,False,False,False,0,0,0,42,0,0.0,,
F03073,HNRNPL,False,False,False,0,0,0,42,0,0.0,,
F03074,HNRNPLL,False,False,False,0,0,11,31,11,0.2619047619047619,0.0009765625,0.0036371970663265306
F03075,HNRNPM,False,False,False,0,0,0,42,0,0.0,,
F03076,HNRNPR,False,False,False,0,0,0,42,0,0.0,,
F03077,HNRNPU,False,False,False,0,0,0,42,0,0.0,,
F03078,HNRNPUL1,False,False,False,0,0,1,41,1,0.023809523809523808,1.0,1.0
F03079,HNRNPUL2,False,False,False,0,0,0,42,0,0.0,,
F03080,HOGA1,False,False,False,14,2,15,11,17,0.30952380952380953,0.002349853515625,0.007711557241586538
F03081,HOMER1,False,False,False,33,2,7,0,9,0.11904761904761904,0.1796875,0.2823599318344894
F03082,HOMER3,False,False,False,0,1,30,11,31,0.6904761904761905,2.9802322387695312e-08,1.6049283449767065e-06
F03083,HOOK1,False,False,False,0,4,7,31,11,0.07142857142857142,0.548828125,0.6802114282682513
F03084,HOOK2,False,False,False,35,5,1,1,6,-0.09523809523809523,0.21875,0.3337639340455179
F03085,HOOK3,False,False,False,0,0,2,40,2,0.047619047619047616,0.5,0.6282271944922547
F03086,HOPX,False,False,False,0,7,7,28,14,0.0,1.0,1.0
F03087,HP,False,False,False,0,0,0,42,0,0.0,,
F03088,HP1BP3,False,False,False,0,0,0,42,0,0.0,,
F03089,HPCA,False,False,False,31,5,3,3,8,-0.047619047619047616,0.7265625,0.8618009794186676
F03090,HPCAL1,False,False,False,10,2,23,7,25,0.5,1.9431114196777344e-05,0.00016998990715423056
F03091,HPDL,False,False,False,25,6,10,1,16,0.09523809523809523,0.454498291015625,0.6055675870964624
F03092,HPF1,False,False,False,8,2,21,11,23,0.4523809523809524,6.604194641113281e-05,0.00042917466658866723
F03093,HPGD,False,False,False,19,8,11,4,19,0.07142857142857142,0.6476058959960938,0.7818395326523955
F03094,HPGDS,False,False,False,33,4,4,1,8,0.0,1.0,1.0
F03095,HPR,False,False,False,0,0,0,42,0,0.0,,
F03096,HPRT1,False,False,False,0,0,0,42,0,0.0,,
F03097,HPS5,False,False,False,18,6,14,4,20,0.19047619047619047,0.11531829833984375,0.20069966095172806
F03098,HPSE,False,False,False,8,4,26,4,30,0.5238095238095238,5.947612226009369e-05,0.0004117053147458932
F03099,HPX,False,False,False,0,0,0,42,0,0.0,,
F03100,HR,False,False,False,34,4,4,0,8,0.0,1.0,1.0
F03101,HRAS,False,False,False,5,5,16,16,21,0.2619047619047619,0.02660369873046875,0.0591493403245955
F03102,HRC,False,False,False,10,17,6,9,23,-0.2619047619047619,0.03468966484069824,0.07226096956353438
F03103,HRG,False,False,False,0,0,0,42,0,0.0,,
F03104,HRNR,False,False,False,0,0,0,42,0,0.0,,
F03105,HROB,False,False,False,34,4,4,0,8,0.0,1.0,1.0
F03106,HS1BP3,False,False,False,0,0,7,35,7,0.16666666666666666,0.015625,0.03678117162307417
F03107,HS2ST1,False,False,False,1,0,25,16,25,0.5952380952380952,5.960464477539063e-08,2.5428734816514053e-06
F03108,HS3ST6,False,False,False,31,11,0,0,11,-0.2619047619047619,0.0009765625,0.0036371970663265306
F03109,HS6ST3,False,False,False,36,0,6,0,6,0.14285714285714285,0.03125,0.06532373528475978
F03110,HSBP1,False,False,False,2,2,7,31,9,0.11904761904761904,0.1796875,0.2823599318344894
F03111,HSD11B1,False,False,False,36,0,6,0,6,0.14285714285714285,0.03125,0.06532373528475978
F03112,HSD17B10,False,False,False,0,0,0,42,0,0.0,,
F03113,HSD17B11,False,False,False,0,0,6,36,6,0.14285714285714285,0.03125,0.06532373528475978
F03114,HSD17B12,False,False,False,0,0,0,42,0,0.0,,
F03115,HSD17B2,False,False,False,25,3,11,3,14,0.19047619047619047,0.057373046875,0.11175242157389564
F03116,HSD17B4,False,False,False,0,0,0,42,0,0.0,,
F03117,HSD17B7,False,False,False,34,4,3,1,7,-0.023809523809523808,1.0,1.0
F03118,HSD17B8,False,False,False,0,5,2,35,7,-0.07142857142857142,0.453125,0.6055675870964624
F03119,HSDL1,False,False,False,0,3,9,30,12,0.14285714285714285,0.14599609375,0.23332384722391145
F03120,HSDL2,False,False,False,0,0,0,42,0,0.0,,
F03121,HSF1,False,False,False,29,4,8,1,12,0.09523809523809523,0.3876953125,0.5249707755822342
F03122,HSP90AA1,False,False,False,0,0,0,42,0,0.0,,
F03123,HSP90AA2P,False,False,False,3,4,20,15,24,0.38095238095238093,0.001543879508972168,0.005491764143988708
F03124,HSP90AA4P,False,False,False,12,9,15,6,24,0.14285714285714285,0.30745625495910645,0.4293278629290817
F03125,HSP90AB1,False,False,False,0,0,0,42,0,0.0,,
F03126,HSP90AB2P,False,False,False,0,6,1,35,7,-0.11904761904761904,0.125,0.2027277215502345
F03127,HSP90AB3P,False,False,False,5,2,13,22,15,0.2619047619047619,0.00738525390625,0.0203017230811977
F03128,HSP90AB4P,False,False,False,0,0,3,39,3,0.07142857142857142,0.25,0.3572982379812921
F03129,HSP90B1,False,False,False,0,0,0,42,0,0.0,,
F03130,HSPA12A,False,False,False,2,4,0,36,4,-0.09523809523809523,0.125,0.2027277215502345
F03131,HSPA12B,False,False,False,1,25,2,14,27,-0.5476190476190477,5.647540092468262e-06,6.318292697938551e-05
F03132,HSPA13,False,False,False,1,0,16,25,16,0.38095238095238093,3.0517578125e-05,0.00023755982023844786
F03133,HSPA14,False,False,False,1,1,15,25,16,0.3333333333333333,0.000518798828125,0.002199037613407258
F03134,HSPA1A,False,False,True,42,0,0,0,0,0.0,,
F03135,HSPA1L,False,False,False,0,0,2,40,2,0.047619047619047616,0.5,0.6282271944922547
F03136,HSPA2,False,False,False,0,0,0,42,0,0.0,,
F03137,HSPA4,False,False,False,0,0,0,42,0,0.0,,
F03138,HSPA4L,False,False,False,0,0,4,38,4,0.09523809523809523,0.125,0.2027277215502345
F03139,HSPA5,False,False,False,0,0,0,42,0,0.0,,
F03140,HSPA6,False,False,False,35,3,3,1,6,0.0,1.0,1.0
F03141,HSPA8,False,False,False,0,0,0,42,0,0.0,,
F03142,HSPA9,False,False,False,0,0,0,42,0,0.0,,
F03143,HSPB1,False,False,False,0,0,0,42,0,0.0,,
F03144,HSPB2,False,False,False,11,14,6,11,20,-0.19047619047619047,0.11531829833984375,0.20069966095172806
F03145,HSPB3,False,False,False,15,16,5,6,21,-0.2619047619047619,0.02660369873046875,0.0591493403245955
F03146,HSPB6,False,False,False,0,2,1,39,3,-0.023809523809523808,1.0,1.0
F03147,HSPB7,False,False,False,3,9,6,24,15,-0.07142857142857142,0.60723876953125,0.7455725501439567
F03148,HSPB8,False,False,False,0,1,0,41,1,-0.023809523809523808,1.0,1.0
F03149,HSPBP1,False,False,False,0,0,6,36,6,0.14285714285714285,0.03125,0.06532373528475978
F03150,HSPD1,False,False,False,0,0,0,42,0,0.0,,
F03151,HSPE1,False,False,False,0,0,0,42,0,0.0,,
F03152,HSPG2,False,False,False,0,0,0,42,0,0.0,,
F03153,HSPH1,False,False,False,0,0,0,42,0,0.0,,
F03154,HTATIP2,False,False,False,0,0,8,34,8,0.19047619047619047,0.0078125,0.020482092976855548
F03155,HTATSF1,False,False,False,1,1,15,25,16,0.3333333333333333,0.000518798828125,0.002199037613407258
F03156,HTN3,False,False,False,34,3,3,2,6,0.0,1.0,1.0
F03157,HTRA1,False,False,False,0,0,4,38,4,0.09523809523809523,0.125,0.2027277215502345
F03158,HTRA2,False,False,False,0,0,0,42,0,0.0,,
F03159,HTRA3,False,False,False,19,1,19,3,20,0.42857142857142855,4.00543212890625e-05,0.0002895015301090656
F03160,HTT,False,False,False,0,0,3,39,3,0.07142857142857142,0.25,0.3572982379812921
F03161,HUS1,False,False,False,39,0,2,1,2,0.047619047619047616,0.5,0.6282271944922547
F03162,HUWE1,False,False,False,0,0,0,42,0,0.0,,
F03163,HVCN1,False,False,False,1,0,18,23,18,0.42857142857142855,7.62939453125e-06,7.981707336037023e-05
F03164,HYCC1,False,False,False,40,0,1,1,1,0.023809523809523808,1.0,1.0
F03165,HYDIN,False,False,False,1,7,7,27,14,0.0,1.0,1.0
F03166,HYI,False,False,False,18,15,4,5,19,-0.2619047619047619,0.0192108154296875,0.044614725123028234
F03167,HYOU1,False,False,False,0,0,0,42,0,0.0,,
F03168,HYPK,False,False,False,0,2,22,18,24,0.47619047619047616,3.5881996154785156e-05,0.0002719085521763996
F03169,IAH1,False,False,False,0,0,2,40,2,0.047619047619047616,0.5,0.6282271944922547
F03170,IARS1,False,False,False,0,0,2,40,2,0.047619047619047616,0.5,0.6282271944922547
F03171,IARS2,False,False,False,0,0,2,40,2,0.047619047619047616,0.5,0.6282271944922547
F03172,IBA57,False,False,False,0,1,5,36,6,0.09523809523809523,0.21875,0.3337639340455179
F03173,ICA1,False,False,False,37,5,0,0,5,-0.11904761904761904,0.0625,0.11622558731955845
F03174,ICAM1,False,False,False,0,0,4,38,4,0.09523809523809523,0.125,0.2027277215502345
F03175,ICAM2,False,False,False,27,2,12,1,14,0.23809523809523808,0.012939453125,0.03188754952409977
F03176,ICAM3,False,False,False,0,1,13,28,14,0.2857142857142857,0.0018310546875,0.006378594537049311
F03177,ICMT,False,False,False,1,3,8,30,11,0.11904761904761904,0.2265625,0.3435300311562428
F03178,ICOSLG,False,False,False,16,24,1,1,25,-0.5476190476190477,1.5497207641601562e-06,2.4955062305226046e-05
F03179,ID1,False,False,False,28,2,10,2,12,0.19047619047619047,0.03857421875,0.07848337155963303
F03180,IDE,False,False,False,0,0,1,41,1,0.023809523809523808,1.0,1.0
F03181,IDH1,False,False,False,0,0,0,42,0,0.0,,
F03182,IDH2,False,False,False,0,0,0,42,0,0.0,,
F03183,IDH3A,False,False,False,0,0,0,42,0,0.0,,
F03184,IDH3B,False,False,False,0,0,2,40,2,0.047619047619047616,0.5,0.6282271944922547
F03185,IDH3G,False,False,False,0,0,0,42,0,0.0,,
F03186,IDI1,False,False,False,0,0,11,31,11,0.2619047619047619,0.0009765625,0.0036371970663265306
F03187,IDO1,False,False,False,17,1,20,4,21,0.4523809523809524,2.09808349609375e-05,0.0001751513160017273
F03188,IDS,False,False,False,25,3,13,1,16,0.23809523809523808,0.021270751953125,0.0488923947869761
F03189,IDUA,False,False,False,5,4,17,16,21,0.30952380952380953,0.007197380065917969,0.019985962397751925
F03190,IER3IP1,False,False,False,9,5,12,16,17,0.16666666666666666,0.143463134765625,0.23067860876411067
F03191,IFFO2,False,False,False,5,2,30,5,32,0.6666666666666666,2.4633482098579407e-07,6.6876850160192855e-06
F03192,IFI16,False,False,False,0,0,0,42,0,0.0,,
F03193,IFI27,False,False,False,15,1,25,1,26,0.5714285714285714,8.046627044677734e-07,1.6117786488881927e-05
F03194,IFI30,False,False,False,2,1,27,12,28,0.6190476190476191,2.1606683731079102e-07,6.4820051193237305e-06
F03195,IFI35,False,False,False,0,0,9,33,9,0.21428571428571427,0.00390625,0.01172410347190498
F03196,IFI44,False,False,False,6,0,28,8,28,0.6666666666666666,7.450580596923828e-09,8.741127593176705e-07
F03197,IFI44L,False,False,False,17,2,19,4,21,0.40476190476190477,0.00022125244140625,0.0011491134703866107
F03198,IFIH1,False,False,False,1,1,22,18,23,0.5,5.7220458984375e-06,6.318292697938551e-05
F03199,IFIT1,False,False,False,1,1,7,33,8,0.14285714285714285,0.0703125,0.12687534331227684
F03200,IFIT1B,False,False,False,28,14,0,0,14,-0.3333333333333333,0.0001220703125,0.0006813950323916738
F03201,IFIT2,False,False,False,1,1,14,26,15,0.30952380952380953,0.0009765625,0.0036371970663265306
F03202,IFIT3,False,False,False,0,1,10,31,11,0.21428571428571427,0.01171875,0.02986508436772692
F03203,IFIT5,False,False,False,1,0,16,25,16,0.38095238095238093,3.0517578125e-05,0.00023755982023844786
F03204,IFITM3,False,False,False,5,1,33,3,34,0.7619047619047619,4.0745362639427185e-09,6.373738870024681e-07
F03205,IFNGR1,False,False,False,26,1,13,2,14,0.2857142857142857,0.0018310546875,0.006378594537049311
F03206,IFRD1,False,False,False,29,2,10,1,12,0.19047619047619047,0.03857421875,0.07848337155963303
F03207,IFRD2,False,False,False,8,3,20,11,23,0.40476190476190477,0.00048828125,0.002121698288690476
F03208,IFT20,False,False,False,36,4,2,0,6,-0.047619047619047616,0.6875,0.8218477074235808
F03209,IFT25,False,False,False,0,2,24,16,26,0.5238095238095238,1.049041748046875e-05,0.00010522449289569418
F03210,IFT27,False,False,False,1,3,16,22,19,0.30952380952380953,0.004425048828125,0.012728796322583735
F03211,IGBP1,False,False,False,0,0,7,35,7,0.16666666666666666,0.015625,0.03678117162307417
F03212,IGF1R,False,False,False,16,2,20,4,22,0.42857142857142855,0.00012111663818359375,0.0006813950323916738
F03213,IGF2BP1,False,False,False,25,1,13,3,14,0.2857142857142857,0.0018310546875,0.006378594537049311
F03214,IGF2BP2,False,False,False,0,0,24,18,24,0.5714285714285714,1.1920928955078125e-07,3.896542449495685e-06
F03215,IGF2BP3,False,False,False,0,1,18,23,19,0.40476190476190477,7.62939453125e-05,0.0004760220519497863
F03216,IGF2R,False,False,False,0,0,0,42,0,0.0,,
F03217,IGFALS,False,False,False,0,0,0,42,0,0.0,,
F03218,IGFBP2,False,False,False,5,7,14,16,21,0.16666666666666666,0.18924713134765625,0.2959661159138542
F03219,IGFBP3,False,False,False,1,5,13,23,18,0.19047619047619047,0.09625244140625,0.16967495037270258
F03220,IGFBP4,False,False,False,19,8,7,8,15,-0.023809523809523808,1.0,1.0
F03221,IGFBP5,False,False,False,35,4,3,0,7,-0.023809523809523808,1.0,1.0
F03222,IGFBP6,False,False,False,17,4,19,2,23,0.35714285714285715,0.002599477767944336,0.008286544849778888
F03223,IGFBP7,False,False,False,0,1,13,28,14,0.2857142857142857,0.0018310546875,0.006378594537049311
F03224,IGFL1,False,False,False,24,7,9,2,16,0.047619047619047616,0.803619384765625,0.9394625192010955
F03225,IGHA1,False,False,False,0,0,0,42,0,0.0,,
F03226,IGHG1,False,False,True,42,0,0,0,0,0.0,,
F03227,IGHG2,False,False,False,0,0,0,42,0,0.0,,
F03228,IGHG3,False,False,False,0,0,0,42,0,0.0,,
F03229,IGHG4,False,False,False,0,0,1,41,1,0.023809523809523808,1.0,1.0
F03230,IGHM,False,False,False,0,0,1,41,1,0.023809523809523808,1.0,1.0
F03231,IGHMBP2,False,False,False,31,3,8,0,11,0.11904761904761904,0.2265625,0.3435300311562428
F03232,IGHV1-18,False,False,False,6,13,5,18,18,-0.19047619047619047,0.09625244140625,0.16967495037270258
F03233,IGHV1-2,False,False,False,29,6,2,5,8,-0.09523809523809523,0.2890625,0.40597277148354
F03234,IGHV1-3,False,False,False,31,7,0,4,7,-0.16666666666666666,0.015625,0.03678117162307417
F03235,IGHV1-46,False,False,False,24,7,6,5,13,-0.023809523809523808,1.0,1.0
F03236,IGHV1-69,False,False,False,17,11,4,10,15,-0.16666666666666666,0.11846923828125,0.2027277215502345
F03237,IGHV1-8,False,False,False,25,5,7,5,12,0.047619047619047616,0.7744140625,0.9121370366842955
F03238,IGHV2-26,False,False,False,8,9,6,19,15,-0.07142857142857142,0.60723876953125,0.7455725501439567
F03239,IGHV2-5,False,False,False,7,7,8,20,15,0.023809523809523808,1.0,1.0
F03240,IGHV3-13,False,False,False,2,1,11,28,12,0.23809523809523808,0.00634765625,0.017898756035407724
F03241,IGHV3-15,False,False,False,2,1,5,34,6,0.09523809523809523,0.21875,0.3337639340455179
F03242,IGHV3-20,False,False,False,35,2,3,2,5,0.023809523809523808,1.0,1.0
F03243,IGHV3-30,False,False,True,42,0,0,0,0,0.0,,
F03244,IGHV3-35,False,False,False,14,7,10,11,17,0.07142857142857142,0.629058837890625,0.7611264392157286
F03245,IGHV3-38,False,False,False,5,3,4,30,7,0.023809523809523808,1.0,1.0
F03246,IGHV3-43,False,False,False,1,2,1,38,3,-0.023809523809523808,1.0,1.0
F03247,IGHV3-49,False,False,False,0,0,0,42,0,0.0,,
F03248,IGHV3-64D,False,False,False,13,10,6,13,16,-0.09523809523809523,0.454498291015625,0.6055675870964624
F03249,IGHV3-7,False,False,False,0,0,0,42,0,0.0,,
F03250,IGHV3-72,False,False,False,0,2,4,36,6,0.047619047619047616,0.6875,0.8218477074235808
F03251,IGHV3-73,False,False,False,41,0,1,0,1,0.023809523809523808,1.0,1.0
F03252,IGHV3-74,False,False,False,0,1,0,41,1,-0.023809523809523808,1.0,1.0
F03253,IGHV3-9,False,False,True,42,0,0,0,0,0.0,,
F03254,IGHV4-28,False,False,False,8,7,4,23,11,-0.07142857142857142,0.548828125,0.6802114282682513
F03255,IGHV4-4,False,False,False,38,2,2,0,4,0.0,1.0,1.0
F03256,IGHV4-59,False,False,False,31,1,10,0,11,0.21428571428571427,0.01171875,0.02986508436772692
F03257,IGHV5-10-1,False,False,False,17,7,2,16,9,-0.11904761904761904,0.1796875,0.2823599318344894
F03258,IGHV5-51,False,False,False,9,10,5,18,15,-0.11904761904761904,0.3017578125,0.4219086674026389
F03259,IGHV6-1,False,False,False,0,2,1,39,3,-0.023809523809523808,1.0,1.0
F03260,IGKC,False,False,False,0,0,0,42,0,0.0,,
F03261,IGKV1-12,False,False,True,42,0,0,0,0,0.0,,
F03262,IGKV1-16,False,False,False,3,6,8,25,14,0.047619047619047616,0.79052734375,0.9276236200102697
F03263,IGKV1-17,False,False,False,27,13,1,1,14,-0.2857142857142857,0.0018310546875,0.006378594537049311
F03264,IGKV1-27,False,False,False,18,7,8,9,15,0.023809523809523808,1.0,1.0
F03265,IGKV1-39,False,False,True,42,0,0,0,0,0.0,,
F03266,IGKV1-5,False,False,False,0,2,3,37,5,0.023809523809523808,1.0,1.0
F03267,IGKV1-8,False,False,True,42,0,0,0,0,0.0,,
F03268,IGKV1D-13,False,False,True,42,0,0,0,0,0.0,,
F03269,IGKV1D-16,False,False,False,7,3,8,24,11,0.11904761904761904,0.2265625,0.3435300311562428
F03270,IGKV1D-33,False,False,True,42,0,0,0,0,0.0,,
F03271,IGKV1D-8,False,False,False,20,15,4,3,19,-0.2619047619047619,0.0192108154296875,0.044614725123028234
F03272,IGKV2-28,False,False,True,42,0,0,0,0,0.0,,
F03273,IGKV2-30,False,False,False,31,8,1,2,9,-0.16666666666666666,0.0390625,0.07848337155963303
F03274,IGKV2D-24,False,False,True,42,0,0,0,0,0.0,,
F03275,IGKV2D-29,False,False,True,42,0,0,0,0,0.0,,
F03276,IGKV3-15,False,False,True,42,0,0,0,0,0.0,,
F03277,IGKV3-20,False,False,False,0,0,0,42,0,0.0,,
F03278,IGKV3D-11,False,False,True,42,0,0,0,0,0.0,,
F03279,IGKV3D-15,False,False,False,0,0,0,42,0,0.0,,
F03280,IGKV3D-20,False,False,False,0,0,0,42,0,0.0,,
F03281,IGKV3D-7,False,False,False,41,0,1,0,1,0.023809523809523808,1.0,1.0
F03282,IGKV4-1,False,False,False,0,0,0,42,0,0.0,,
F03283,IGKV6-21,False,False,False,17,15,3,7,18,-0.2857142857142857,0.007537841796875,0.020482092976855548
F03284,IGKV6D-21,False,False,True,42,0,0,0,0,0.0,,
F03285,IGLC2,False,False,True,42,0,0,0,0,0.0,,
F03286,IGLL1,False,False,False,0,0,0,42,0,0.0,,
F03287,IGLL5,False,False,True,42,0,0,0,0,0.0,,
F03288,IGLV1-36,False,False,False,23,12,3,4,15,-0.21428571428571427,0.03515625,0.07256568096135721
F03289,IGLV1-40,False,False,False,1,6,5,30,11,-0.023809523809523808,1.0,1.0
F03290,IGLV1-47,False,False,False,0,2,0,40,2,-0.047619047619047616,0.5,0.6282271944922547
F03291,IGLV1-51,False,False,False,2,4,0,36,4,-0.09523809523809523,0.125,0.2027277215502345
F03292,IGLV2-11,False,False,False,25,11,3,3,14,-0.19047619047619047,0.057373046875,0.11175242157389564
F03293,IGLV2-14,False,False,False,28,5,3,6,8,-0.047619047619047616,0.7265625,0.8618009794186676
F03294,IGLV2-18,False,False,False,25,9,3,5,12,-0.14285714285714285,0.14599609375,0.23332384722391145
F03295,IGLV2-33,False,False,False,33,4,1,4,5,-0.07142857142857142,0.375,0.510833506116525
F03296,IGLV2-8,False,False,False,24,9,2,7,11,-0.16666666666666666,0.0654296875,0.11997573175411666
F03297,IGLV3-1,False,False,False,40,1,1,0,2,0.0,1.0,1.0
F03298,IGLV3-10,False,False,False,18,6,9,9,15,0.07142857142857142,0.60723876953125,0.7455725501439567
F03299,IGLV3-19,False,False,False,0,0,0,42,0,0.0,,
F03300,IGLV3-21,False,False,False,9,0,4,29,4,0.09523809523809523,0.125,0.2027277215502345
F03301,IGLV3-25,False,False,False,28,5,3,6,8,-0.047619047619047616,0.7265625,0.8618009794186676
F03302,IGLV3-27,False,False,False,41,0,1,0,1,0.023809523809523808,1.0,1.0
F03303,IGLV3-9,False,False,False,17,6,11,8,17,0.11904761904761904,0.332305908203125,0.4625529273081634
F03304,IGLV4-69,False,False,False,37,4,1,0,5,-0.07142857142857142,0.375,0.510833506116525
F03305,IGLV6-57,False,False,False,8,5,8,21,13,0.07142857142857142,0.5810546875,0.7167723050835524
F03306,IGLV7-43,False,False,False,34,5,1,2,6,-0.09523809523809523,0.21875,0.3337639340455179
F03307,IGLV7-46,False,False,False,29,4,4,5,8,0.0,1.0,1.0
F03308,IGLV8-61,False,False,False,2,1,2,37,3,0.023809523809523808,1.0,1.0
F03309,IGLV9-49,False,False,False,24,1,8,9,9,0.16666666666666666,0.0390625,0.07848337155963303
F03310,IGSF3,False,False,False,2,1,14,25,15,0.30952380952380953,0.0009765625,0.0036371970663265306
F03311,IGSF8,False,False,False,17,4,16,5,20,0.2857142857142857,0.01181793212890625,0.029885994644693634
F03312,IGSF9B,False,False,False,41,0,1,0,1,0.023809523809523808,1.0,1.0
F03313,IK,False,False,False,0,0,2,40,2,0.047619047619047616,0.5,0.6282271944922547
F03314,IKBIP,False,False,False,0,0,9,33,9,0.21428571428571427,0.00390625,0.01172410347190498
F03315,IKBKB,False,False,False,0,2,12,28,14,0.23809523809523808,0.012939453125,0.03188754952409977
F03316,IKBKG,False,False,False,1,0,9,32,9,0.21428571428571427,0.00390625,0.01172410347190498
F03317,IKZF1,False,False,False,34,5,3,0,8,-0.047619047619047616,0.7265625,0.8618009794186676
F03318,IKZF3,False,False,False,39,1,2,0,3,0.023809523809523808,1.0,1.0
F03319,IL13RA2,False,False,False,39,1,2,0,3,0.023809523809523808,1.0,1.0
F03320,IL16,False,False,False,1,1,10,30,11,0.21428571428571427,0.01171875,0.02986508436772692
F03321,IL17REL,False,False,False,11,9,15,7,24,0.14285714285714285,0.30745625495910645,0.4293278629290817
F03322,IL18,False,False,False,0,0,6,36,6,0.14285714285714285,0.03125,0.06532373528475978
F03323,IL1A,False,False,False,27,4,9,2,13,0.11904761904761904,0.266845703125,0.37808416422929697
F03324,IL1B,False,False,False,29,1,12,0,13,0.2619047619047619,0.00341796875,0.010703553235224024
F03325,IL1F10,False,False,False,20,2,17,3,19,0.35714285714285715,0.000728607177734375,0.0029843822679020224
F03326,IL1R2,False,False,False,31,2,9,0,11,0.16666666666666666,0.0654296875,0.11997573175411666
F03327,IL1RAP,False,False,False,3,2,28,9,30,0.6190476190476191,8.67992639541626e-07,1.6797963160292393e-05
F03328,IL1RN,False,False,False,0,0,5,37,5,0.11904761904761904,0.0625,0.11622558731955845
F03329,IL36A,False,False,False,7,15,7,13,22,-0.19047619047619047,0.13380050659179688,0.21625321729596692
F03330,IL36G,False,False,False,2,0,18,22,18,0.42857142857142855,7.62939453125e-06,7.981707336037023e-05
F03331,IL36RN,False,False,False,2,3,17,20,20,0.3333333333333333,0.0025768280029296875,0.008286544849778888
F03332,IL4I1,False,False,False,1,1,31,9,32,0.7142857142857143,1.5366822481155396e-08,1.2943592782203968e-06
F03333,ILF2,False,False,False,0,0,0,42,0,0.0,,
F03334,ILF3,False,False,False,0,0,0,42,0,0.0,,
F03335,ILK,False,False,False,0,0,0,42,0,0.0,,
F03336,ILKAP,False,False,False,0,0,7,35,7,0.16666666666666666,0.015625,0.03678117162307417
F03337,ILVBL,False,False,False,0,0,2,40,2,0.047619047619047616,0.5,0.6282271944922547
F03338,IMMT,False,False,False,0,0,0,42,0,0.0,,
F03339,IMP3,False,False,False,2,1,10,29,11,0.21428571428571427,0.01171875,0.02986508436772692
F03340,IMP4,False,False,False,1,2,26,13,28,0.5714285714285714,3.032386302947998e-06,3.9451045565085836e-05
F03341,IMPA1,False,False,False,0,0,0,42,0,0.0,,
F03342,IMPA2,False,False,False,0,0,4,38,4,0.09523809523809523,0.125,0.2027277215502345
F03343,IMPACT,False,False,False,2,5,13,22,18,0.19047619047619047,0.09625244140625,0.16967495037270258
F03344,IMPDH1,False,False,False,0,0,14,28,14,0.3333333333333333,0.0001220703125,0.0006813950323916738
F03345,IMPDH2,False,False,False,0,0,0,42,0,0.0,,
F03346,IMPG2,False,False,False,26,3,11,2,14,0.19047619047619047,0.057373046875,0.11175242157389564
F03347,IMUP,False,False,False,15,6,7,14,13,0.023809523809523808,1.0,1.0
F03348,INA,False,False,False,8,13,7,14,20,-0.14285714285714285,0.26317596435546875,0.3745810411211936
F03349,INCENP,False,False,False,34,4,3,1,7,-0.023809523809523808,1.0,1.0
F03350,INF2,False,False,False,0,0,1,41,1,0.023809523809523808,1.0,1.0
F03351,INHBE,False,False,False,34,8,0,0,8,-0.19047619047619047,0.0078125,0.020482092976855548
F03352,INO80C,False,False,False,24,3,10,5,13,0.16666666666666666,0.09228515625,0.1641791163180341
F03353,INPP1,False,False,False,0,0,3,39,3,0.07142857142857142,0.25,0.3572982379812921
F03354,INPP4B,False,False,False,17,2,19,4,21,0.40476190476190477,0.00022125244140625,0.0011491134703866107
F03355,INPP5B,False,False,False,30,3,9,0,12,0.14285714285714285,0.14599609375,0.23332384722391145
F03356,INPP5D,False,False,False,3,2,10,27,12,0.19047619047619047,0.03857421875,0.07848337155963303
F03357,INPP5K,False,False,False,7,3,20,12,23,0.40476190476190477,0.00048828125,0.002121698288690476
F03358,INPPL1,False,False,False,18,1,16,7,17,0.35714285714285715,0.000274658203125,0.0013119248560594895
F03359,INSC,False,False,False,34,2,6,0,8,0.09523809523809523,0.2890625,0.40597277148354
F03360,INSR,False,False,False,40,2,0,0,2,-0.047619047619047616,0.5,0.6282271944922547
F03361,INTS1,False,False,False,0,0,0,42,0,0.0,,
F03362,INTS10,False,False,False,25,2,12,3,14,0.23809523809523808,0.012939453125,0.03188754952409977
F03363,INTS11,False,False,False,0,0,21,21,21,0.5,9.5367431640625e-07,1.6797963160292393e-05
F03364,INTS12,False,False,False,0,5,7,30,12,0.047619047619047616,0.7744140625,0.9121370366842955
F03365,INTS13,False,False,False,4,1,28,9,29,0.6428571428571429,1.1175870895385742e-07,3.896542449495685e-06
F03366,INTS14,False,False,False,5,1,25,11,26,0.5714285714285714,8.046627044677734e-07,1.6117786488881927e-05
F03367,INTS2,False,False,False,1,3,18,20,21,0.35714285714285715,0.0014896392822265625,0.005365641493546336
F03368,INTS3,False,False,False,0,0,14,28,14,0.3333333333333333,0.0001220703125,0.0006813950323916738
F03369,INTS4,False,False,False,0,1,27,14,28,0.6190476190476191,2.1606683731079102e-07,6.4820051193237305e-06
F03370,INTS5,False,False,False,1,0,21,20,21,0.5,9.5367431640625e-07,1.6797963160292393e-05
F03371,INTS6,False,False,False,13,0,21,8,21,0.5,9.5367431640625e-07,1.6797963160292393e-05
F03372,INTS7,False,False,False,3,0,21,18,21,0.5,9.5367431640625e-07,1.6797963160292393e-05
F03373,INTS8,False,False,False,26,3,11,2,14,0.19047619047619047,0.057373046875,0.11175242157389564
F03374,INTS9,False,False,False,27,4,10,1,14,0.14285714285714285,0.1795654296875,0.2823599318344894
F03375,IPO11,False,False,False,1,0,23,18,23,0.5476190476190477,2.384185791015625e-07,6.66557474339262e-06
F03376,IPO13,False,False,False,24,6,10,2,16,0.09523809523809523,0.454498291015625,0.6055675870964624
F03377,IPO4,False,False,False,0,0,1,41,1,0.023809523809523808,1.0,1.0
F03378,IPO5,False,False,False,0,0,0,42,0,0.0,,
F03379,IPO7,False,False,False,0,0,0,42,0,0.0,,
F03380,IPO8,False,False,False,2,1,16,23,17,0.35714285714285715,0.000274658203125,0.0013119248560594895
F03381,IPO9,False,False,False,0,0,0,42,0,0.0,,
F03382,IQCC,False,False,False,28,2,11,1,13,0.21428571428571427,0.0224609375,0.050450721153846155
F03383,IQGAP1,False,False,False,0,0,0,42,0,0.0,,
F03384,IQGAP2,False,False,False,0,0,0,42,0,0.0,,
F03385,IRAG2,False,False,False,22,6,14,0,20,0.19047619047619047,0.11531829833984375,0.20069966095172806
F03386,IREB2,False,False,False,0,1,9,32,10,0.19047619047619047,0.021484375,0.0488923947869761
F03387,IRF2BP1,False,False,False,1,1,10,30,11,0.21428571428571427,0.01171875,0.02986508436772692
F03388,IRF2BP2,False,False,False,0,0,6,36,6,0.14285714285714285,0.03125,0.06532373528475978
F03389,IRF2BPL,False,False,False,0,1,11,30,12,0.23809523809523808,0.00634765625,0.017898756035407724
F03390,IRF3,False,False,False,1,1,15,25,16,0.3333333333333333,0.000518798828125,0.002199037613407258
F03391,IRF4,False,False,False,19,7,16,0,23,0.21428571428571427,0.0931396484375,0.1652072057868183
F03392,IRF6,False,False,False,0,1,6,35,7,0.11904761904761904,0.125,0.2027277215502345
F03393,IRF8,False,False,False,36,3,3,0,6,0.0,1.0,1.0
F03394,IRF9,False,False,False,4,1,30,7,31,0.6904761904761905,2.9802322387695312e-08,1.6049283449767065e-06
F03395,IRGQ,False,False,False,0,0,4,38,4,0.09523809523809523,0.125,0.2027277215502345
F03396,IRS1,False,False,False,37,0,5,0,5,0.11904761904761904,0.0625,0.11622558731955845
F03397,IRS2,False,False,False,40,0,2,0,2,0.047619047619047616,0.5,0.6282271944922547
F03398,ISCA1,False,False,False,41,0,0,1,0,0.0,,
F03399,ISG15,False,False,False,0,2,5,35,7,0.07142857142857142,0.453125,0.6055675870964624
F03400,ISG20,False,False,False,0,0,15,27,15,0.35714285714285715,6.103515625e-05,0.0004117053147458932
F03401,ISLR,False,False,False,3,9,12,18,21,0.07142857142857142,0.6636238098144531,0.7992682732320728
F03402,ISOC1,False,False,False,0,0,2,40,2,0.047619047619047616,0.5,0.6282271944922547
F03403,ISOC2,False,False,False,0,0,0,42,0,0.0,,
F03404,IST1,False,False,False,0,0,1,41,1,0.023809523809523808,1.0,1.0
F03405,ISY1,False,False,False,5,2,26,9,28,0.5714285714285714,3.032386302947998e-06,3.9451045565085836e-05
F03406,ISYNA1,False,False,False,1,10,3,28,13,-0.16666666666666666,0.09228515625,0.1641791163180341
F03407,ITCH,False,False,False,0,0,11,31,11,0.2619047619047619,0.0009765625,0.0036371970663265306
F03408,ITFG1,False,False,False,0,6,19,17,25,0.30952380952380953,0.01463329792022705,0.03602126914046149
F03409,ITGA1,False,False,False,0,0,3,39,3,0.07142857142857142,0.25,0.3572982379812921
F03410,ITGA11,False,False,False,0,1,17,24,18,0.38095238095238093,0.00014495849609375,0.000789045003592326
F03411,ITGA2,False,False,False,0,0,6,36,6,0.14285714285714285,0.03125,0.06532373528475978
F03412,ITGA2B,False,False,False,0,1,4,37,5,0.07142857142857142,0.375,0.510833506116525
F03413,ITGA3,False,False,False,0,0,6,36,6,0.14285714285714285,0.03125,0.06532373528475978
F03414,ITGA4,False,False,False,26,2,12,2,14,0.23809523809523808,0.012939453125,0.03188754952409977
F03415,ITGA5,False,False,False,0,0,3,39,3,0.07142857142857142,0.25,0.3572982379812921
F03416,ITGA6,False,False,False,0,0,0,42,0,0.0,,
F03417,ITGA7,False,False,False,3,28,4,7,32,-0.5714285714285714,1.9301194697618484e-05,0.00016998990715423056
F03418,ITGAE,False,False,False,16,4,14,8,18,0.23809523809523808,0.0308837890625,0.06532373528475978
F03419,ITGAL,False,False,False,4,7,15,16,22,0.19047619047619047,0.13380050659179688,0.21625321729596692
F03420,ITGAM,False,False,False,0,0,2,40,2,0.047619047619047616,0.5,0.6282271944922547
F03421,ITGAV,False,False,False,0,0,2,40,2,0.047619047619047616,0.5,0.6282271944922547
F03422,ITGAX,False,False,False,6,1,25,10,26,0.5714285714285714,8.046627044677734e-07,1.6117786488881927e-05
F03423,ITGB1,False,False,False,0,0,0,42,0,0.0,,
F03424,ITGB1BP2,False,False,False,34,7,1,0,8,-0.14285714285714285,0.0703125,0.12687534331227684
F03425,ITGB2,False,False,False,0,0,3,39,3,0.07142857142857142,0.25,0.3572982379812921
F03426,ITGB3,False,False,False,0,1,4,37,5,0.07142857142857142,0.375,0.510833506116525
F03427,ITGB4,False,False,False,0,0,0,42,0,0.0,,
F03428,ITGB5,False,False,False,2,0,7,33,7,0.16666666666666666,0.015625,0.03678117162307417
F03429,ITGB6,False,False,False,5,1,25,11,26,0.5714285714285714,8.046627044677734e-07,1.6117786488881927e-05
F03430,ITGB8,False,False,False,30,1,10,1,11,0.21428571428571427,0.01171875,0.02986508436772692
F03431,ITIH1,False,False,False,0,0,0,42,0,0.0,,
F03432,ITIH2,False,False,False,0,0,0,42,0,0.0,,
F03433,ITIH3,False,False,False,0,0,3,39,3,0.07142857142857142,0.25,0.3572982379812921
F03434,ITIH4,False,False,False,0,0,0,42,0,0.0,,
F03435,ITIH5,False,False,False,7,26,3,6,29,-0.5476190476190477,1.5236437320709229e-05,0.0001392364501953125
F03436,ITLN1,False,False,False,30,10,2,0,12,-0.19047619047619047,0.03857421875,0.07848337155963303
F03437,ITM2B,False,False,False,0,0,9,33,9,0.21428571428571427,0.00390625,0.01172410347190498
F03438,ITPA,False,False,False,0,0,4,38,4,0.09523809523809523,0.125,0.2027277215502345
F03439,ITPKB,False,False,False,39,2,1,0,3,-0.023809523809523808,1.0,1.0
F03440,ITPKC,False,False,False,1,2,20,19,22,0.42857142857142855,0.00012111663818359375,0.0006813950323916738
F03441,ITPR1,False,False,False,16,7,13,6,20,0.14285714285714285,0.26317596435546875,0.3745810411211936
F03442,ITPR2,False,False,False,0,0,10,32,10,0.23809523809523808,0.001953125,0.006523655948144382
F03443,ITPR3,False,False,False,0,0,9,33,9,0.21428571428571427,0.00390625,0.01172410347190498
F03444,ITPRID2,False,False,False,1,2,11,28,13,0.21428571428571427,0.0224609375,0.050450721153846155
F03445,ITPRIP,False,False,False,1,1,21,19,22,0.47619047619047616,1.0967254638671875e-05,0.00010627560910925401
F03446,ITSN2,False,False,False,3,4,14,21,18,0.23809523809523808,0.0308837890625,0.06532373528475978
F03447,IVD,False,False,False,0,0,0,42,0,0.0,,
F03448,IVL,False,False,False,0,1,2,39,3,0.023809523809523808,1.0,1.0
F03449,IVNS1ABP,False,False,False,4,0,28,10,28,0.6666666666666666,7.450580596923828e-09,8.741127593176705e-07
F03450,IWS1,False,False,False,3,0,20,19,20,0.47619047619047616,1.9073486328125e-06,2.7785544384873893e-05
F03451,JADE3,False,False,False,28,2,11,1,13,0.21428571428571427,0.0224609375,0.050450721153846155
F03452,JAG1,False,False,False,1,2,16,23,18,0.3333333333333333,0.001312255859375,0.0048191844584090275
F03453,JAGN1,False,False,False,0,0,8,34,8,0.19047619047619047,0.0078125,0.020482092976855548
F03454,JAK1,False,False,False,3,5,17,17,22,0.2857142857142857,0.01690053939819336,0.03958522062250637
F03455,JAM3,False,False,False,9,6,14,13,20,0.19047619047619047,0.11531829833984375,0.20069966095172806
F03456,JCHAIN,False,False,False,0,0,0,42,0,0.0,,
F03457,JHY,False,False,False,2,4,16,20,20,0.2857142857142857,0.01181793212890625,0.029885994644693634
F03458,JMJD1C,False,False,False,27,1,13,1,14,0.2857142857142857,0.0018310546875,0.006378594537049311
F03459,JMJD6,False,False,False,9,1,28,4,29,0.6428571428571429,1.1175870895385742e-07,3.896542449495685e-06
F03460,JMJD7,False,False,False,1,3,5,33,8,0.047619047619047616,0.7265625,0.8618009794186676
F03461,JMY,False,False,False,33,2,6,1,8,0.09523809523809523,0.2890625,0.40597277148354
F03462,JPH1,False,False,False,19,15,3,5,18,-0.2857142857142857,0.007537841796875,0.020482092976855548
F03463,JPH2,False,False,False,18,18,2,4,20,-0.38095238095238093,0.0004024505615234375,0.0018425785290654944
F03464,JPT1,False,False,False,0,0,4,38,4,0.09523809523809523,0.125,0.2027277215502345
F03465,JPT2,False,False,False,0,0,6,36,6,0.14285714285714285,0.03125,0.06532373528475978
F03466,JSRP1,False,False,False,13,16,7,6,23,-0.21428571428571427,0.0931396484375,0.1652072057868183
F03467,JTB,False,False,False,9,1,27,5,28,0.6190476190476191,2.1606683731079102e-07,6.4820051193237305e-06
F03468,JUN,False,False,False,7,0,30,5,30,0.7142857142857143,1.862645149230957e-09,4.219854700154272e-07
F03469,JUNB,False,False,False,1,0,14,27,14,0.3333333333333333,0.0001220703125,0.0006813950323916738
F03470,JUP,False,False,False,0,0,0,42,0,0.0,,
F03471,KALRN,False,False,False,31,3,6,2,9,0.07142857142857142,0.5078125,0.632959234490609
F03472,KANK1,False,False,False,11,6,14,11,20,0.19047619047619047,0.11531829833984375,0.20069966095172806
F03473,KANK2,False,False,False,0,1,1,40,2,0.0,1.0,1.0
F03474,KANK4,False,False,False,29,1,11,1,12,0.23809523809523808,0.00634765625,0.017898756035407724
F03475,KANSL2,False,False,False,21,8,11,2,19,0.07142857142857142,0.6476058959960938,0.7818395326523955
F03476,KARS1,False,False,False,0,0,2,40,2,0.047619047619047616,0.5,0.6282271944922547
F03477,KAT2B,False,False,False,9,6,19,8,25,0.30952380952380953,0.01463329792022705,0.03602126914046149
F03478,KAT5,False,False,False,37,2,3,0,5,0.023809523809523808,1.0,1.0
F03479,KAT7,False,False,False,12,3,20,7,23,0.40476190476190477,0.00048828125,0.002121698288690476
F03480,KATNA1,False,False,False,36,2,1,3,3,-0.023809523809523808,1.0,1.0
F03481,KATNB1,False,False,False,22,2,17,1,19,0.35714285714285715,0.000728607177734375,0.0029843822679020224
F03482,KATNIP,False,False,False,7,7,14,14,21,0.16666666666666666,0.18924713134765625,0.2959661159138542
F03483,KBTBD11,False,False,False,6,14,9,13,23,-0.11904761904761904,0.4048728942871094,0.5474408140494564
F03484,KBTBD8,False,False,False,41,1,0,0,1,-0.023809523809523808,1.0,1.0
F03485,KCMF1,False,False,False,0,0,3,39,3,0.07142857142857142,0.25,0.3572982379812921
F03486,KCNAB2,False,False,False,5,1,22,14,23,0.5,5.7220458984375e-06,6.318292697938551e-05
F03487,KCNB1,False,False,False,23,2,14,3,16,0.2857142857142857,0.004180908203125,0.012350974323080598
F03488,KCNC4,False,False,False,40,0,1,1,1,0.023809523809523808,1.0,1.0
F03489,KCNK1,False,False,False,22,0,17,3,17,0.40476190476190477,1.52587890625e-05,0.0001392364501953125
F03490,KCNK6,False,False,False,9,1,27,5,28,0.6190476190476191,2.1606683731079102e-07,6.4820051193237305e-06
F03491,KCNN4,False,False,False,29,8,5,0,13,-0.07142857142857142,0.5810546875,0.7167723050835524
F03492,KCNQ2,False,False,True,42,0,0,0,0,0.0,,
F03493,KCTD12,False,False,False,0,0,0,42,0,0.0,,
F03494,KCTD14,False,False,False,29,3,8,2,11,0.11904761904761904,0.2265625,0.3435300311562428
F03495,KCTD15,False,False,False,40,0,1,1,1,0.023809523809523808,1.0,1.0
F03496,KCTD16,False,False,False,1,2,0,39,2,-0.047619047619047616,0.5,0.6282271944922547
F03497,KCTD21;KCTD1,False,True,True,42,0,0,0,0,0.0,,
F03498,KCTD5,False,False,False,33,0,9,0,9,0.21428571428571427,0.00390625,0.01172410347190498
F03499,KCTD6,False,False,False,39,2,1,0,3,-0.023809523809523808,1.0,1.0
F03500,KDELR1,False,False,False,29,3,8,2,11,0.11904761904761904,0.2265625,0.3435300311562428
F03501,KDELR2,False,False,False,26,1,12,3,13,0.2619047619047619,0.00341796875,0.010703553235224024
F03502,KDELR3,False,False,False,18,5,15,4,20,0.23809523809523808,0.04138946533203125,0.08245263409079603
F03503,KDM1A,False,False,False,0,0,6,36,6,0.14285714285714285,0.03125,0.06532373528475978
F03504,KDM1B,False,False,False,35,1,5,1,6,0.09523809523809523,0.21875,0.3337639340455179
F03505,KDM2A,False,False,False,4,3,23,12,26,0.47619047619047616,8.797645568847656e-05,0.0005361830369882106
F03506,KDM3B,False,False,False,1,2,15,24,17,0.30952380952380953,0.002349853515625,0.007711557241586538
F03507,KDM4B,False,False,False,6,8,10,18,18,0.047619047619047616,0.8145294189453125,0.9495135348599544
F03508,KDM5C,False,False,False,41,0,1,0,1,0.023809523809523808,1.0,1.0
F03509,KDM6A,False,False,False,24,2,10,6,12,0.19047619047619047,0.03857421875,0.07848337155963303
F03510,KDSR,False,False,False,0,0,7,35,7,0.16666666666666666,0.015625,0.03678117162307417
F03511,KEAP1,False,False,False,1,0,11,30,11,0.2619047619047619,0.0009765625,0.0036371970663265306
F03512,KERA,False,False,False,30,8,4,0,12,-0.09523809523809523,0.3876953125,0.5249707755822342
F03513,KHDRBS1,False,False,False,0,0,0,42,0,0.0,,
F03514,KHDRBS3,False,False,False,38,1,3,0,4,0.047619047619047616,0.625,0.7584503140007388
F03515,KHNYN,False,False,False,36,0,6,0,6,0.14285714285714285,0.03125,0.06532373528475978
F03516,KHSRP,False,False,False,0,0,0,42,0,0.0,,
F03517,KIAA0319,False,False,False,17,3,11,11,14,0.19047619047619047,0.057373046875,0.11175242157389564
F03518,KIAA0513,False,False,False,32,1,7,2,8,0.14285714285714285,0.0703125,0.12687534331227684
F03519,KIAA1143,False,False,False,27,3,12,0,15,0.21428571428571427,0.03515625,0.07256568096135721
F03520,KIAA1210,False,False,False,36,1,5,0,6,0.09523809523809523,0.21875,0.3337639340455179
F03521,KIAA1217,False,False,False,1,0,5,36,5,0.11904761904761904,0.0625,0.11622558731955845
F03522,KIAA1522,False,False,False,0,4,7,31,11,0.07142857142857142,0.548828125,0.6802114282682513
F03523,KIAA1671,False,False,False,11,7,14,10,21,0.16666666666666666,0.18924713134765625,0.2959661159138542
F03524,KIAA1755,False,False,False,15,3,23,1,26,0.47619047619047616,8.797645568847656e-05,0.0005361830369882106
F03525,KIAA2013,False,False,False,1,0,15,26,15,0.35714285714285715,6.103515625e-05,0.0004117053147458932
F03526,KIDINS220,False,False,False,5,1,32,4,33,0.7380952380952381,7.916241884231567e-09,8.967191237827827e-07
F03527,KIF11,False,False,False,20,3,17,2,20,0.3333333333333333,0.0025768280029296875,0.008286544849778888
F03528,KIF12,False,False,False,33,6,3,0,9,-0.07142857142857142,0.5078125,0.632959234490609
F03529,KIF13A,False,False,False,0,2,14,26,16,0.2857142857142857,0.004180908203125,0.012350974323080598
F03530,KIF13B,False,False,False,0,1,6,35,7,0.11904761904761904,0.125,0.2027277215502345
F03531,KIF14,False,False,False,37,4,1,0,5,-0.07142857142857142,0.375,0.510833506116525
F03532,KIF15,False,False,False,26,11,3,2,14,-0.19047619047619047,0.057373046875,0.11175242157389564
F03533,KIF1B,False,False,False,22,3,15,2,18,0.2857142857142857,0.007537841796875,0.020482092976855548
F03534,KIF1C,False,False,False,12,9,12,9,21,0.07142857142857142,0.6636238098144531,0.7992682732320728
F03535,KIF20A,False,False,False,39,0,2,1,2,0.047619047619047616,0.5,0.6282271944922547
F03536,KIF21A,False,False,False,15,4,15,8,19,0.2619047619047619,0.0192108154296875,0.044614725123028234
F03537,KIF21B,False,False,False,17,6,12,7,18,0.14285714285714285,0.237884521484375,0.3572982379812921
F03538,KIF22,False,False,False,23,0,18,1,18,0.42857142857142855,7.62939453125e-06,7.981707336037023e-05
F03539,KIF23,False,False,False,5,5,18,14,23,0.30952380952380953,0.010622024536132812,0.027605498893351496
F03540,KIF26B,False,False,False,26,16,0,0,16,-0.38095238095238093,3.0517578125e-05,0.00023755982023844786
F03541,KIF2A,False,False,False,0,0,3,39,3,0.07142857142857142,0.25,0.3572982379812921
F03542,KIF2C,False,False,False,26,1,14,1,15,0.30952380952380953,0.0009765625,0.0036371970663265306
F03543,KIF4A,False,False,False,27,0,13,2,13,0.30952380952380953,0.000244140625,0.0012069254373589164
F03544,KIF5A,False,False,False,26,2,13,1,15,0.2619047619047619,0.00738525390625,0.0203017230811977
F03545,KIF5B,False,False,False,0,0,0,42,0,0.0,,
F03546,KIF7,False,False,False,40,0,2,0,2,0.047619047619047616,0.5,0.6282271944922547
F03547,KIF9,False,False,False,39,0,3,0,3,0.07142857142857142,0.25,0.3572982379812921
F03548,KIFAP3,False,False,False,13,2,20,7,22,0.42857142857142855,0.00012111663818359375,0.0006813950323916738
F03549,KIFBP,False,False,False,2,3,16,21,19,0.30952380952380953,0.004425048828125,0.012728796322583735
F03550,KIFC1,False,False,False,19,0,20,3,20,0.47619047619047616,1.9073486328125e-06,2.7785544384873893e-05
F03551,KIFC3,False,False,False,14,2,18,8,20,0.38095238095238093,0.0004024505615234375,0.0018425785290654944
F03552,KIN,False,False,False,17,1,23,1,24,0.5238095238095238,2.9802322387695312e-06,3.9451045565085836e-05
F03553,KIR2DL5A;KIR2DL5B,False,True,True,42,0,0,0,0,0.0,,
F03554,KIRREL1,False,False,False,17,0,22,3,22,0.5238095238095238,4.76837158203125e-07,1.0408040296991798e-05
F03555,KIZ,False,False,False,21,1,20,0,21,0.4523809523809524,2.09808349609375e-05,0.0001751513160017273
F03556,KL,False,False,False,34,3,3,2,6,0.0,1.0,1.0
F03557,KLC1,False,False,False,0,0,3,39,3,0.07142857142857142,0.25,0.3572982379812921
F03558,KLC2,False,False,False,1,0,22,19,22,0.5238095238095238,4.76837158203125e-07,1.0408040296991798e-05
F03559,KLC3,False,False,False,0,2,12,28,14,0.23809523809523808,0.012939453125,0.03188754952409977
F03560,KLC4,False,False,False,0,0,2,40,2,0.047619047619047616,0.5,0.6282271944922547
F03561,KLF4,False,False,False,6,8,13,15,21,0.11904761904761904,0.38331031799316406,0.5209658231723392
F03562,KLF5,False,False,False,31,5,5,1,10,0.0,1.0,1.0
F03563,KLHDC4,False,False,False,16,3,17,6,20,0.3333333333333333,0.0025768280029296875,0.008286544849778888
F03564,KLHDC7B,False,False,False,16,3,22,1,25,0.4523809523809524,0.00015652179718017578,0.0008387832034859338
F03565,KLHL10,False,False,False,22,3,15,2,18,0.2857142857142857,0.007537841796875,0.020482092976855548
F03566,KLHL20,False,False,False,11,12,6,13,18,-0.14285714285714285,0.237884521484375,0.3572982379812921
F03567,KLHL21,False,False,False,35,2,5,0,7,0.07142857142857142,0.453125,0.6055675870964624
F03568,KLHL40,False,False,False,11,15,5,11,20,-0.23809523809523808,0.04138946533203125,0.08245263409079603
F03569,KLHL41,False,False,False,3,5,8,26,13,0.07142857142857142,0.5810546875,0.7167723050835524
F03570,KLHL8,False,False,False,24,15,2,1,17,-0.30952380952380953,0.002349853515625,0.007711557241586538
F03571,KLK10,False,False,False,0,4,7,31,11,0.07142857142857142,0.548828125,0.6802114282682513
F03572,KLK11,False,False,False,19,11,5,7,16,-0.14285714285714285,0.210113525390625,0.3264237081618364
F03573,KLK12,False,False,False,10,8,13,11,21,0.11904761904761904,0.38331031799316406,0.5209658231723392
F03574,KLK13,False,False,False,6,9,8,19,17,-0.023809523809523808,1.0,1.0
F03575,KLK14,False,False,False,6,4,20,12,24,0.38095238095238093,0.001543879508972168,0.005491764143988708
F03576,KLK5,False,False,False,22,0,19,1,19,0.4523809523809524,3.814697265625e-06,4.684590847692757e-05
F03577,KLK6,False,False,False,2,6,20,14,26,0.3333333333333333,0.009355306625366211,0.02447804242479331
F03578,KLK7,False,False,False,3,1,24,14,25,0.5476190476190477,1.5497207641601562e-06,2.4955062305226046e-05
F03579,KLK8,False,False,False,16,3,12,11,15,0.21428571428571427,0.03515625,0.07256568096135721
F03580,KLK9,False,False,False,6,3,18,15,21,0.35714285714285715,0.0014896392822265625,0.005365641493546336
F03581,KLKB1,False,False,False,0,0,0,42,0,0.0,,
F03582,KLRG2,False,False,False,34,0,7,1,7,0.16666666666666666,0.015625,0.03678117162307417
F03583,KMT2A,False,False,False,3,1,22,16,23,0.5,5.7220458984375e-06,6.318292697938551e-05
F03584,KMT2C,False,False,False,41,1,0,0,1,-0.023809523809523808,1.0,1.0
F03585,KMT2D,False,False,False,28,2,11,1,13,0.21428571428571427,0.0224609375,0.050450721153846155
F03586,KNG1,False,False,False,0,0,0,42,0,0.0,,
F03587,KNOP1,False,False,False,16,1,23,2,24,0.5238095238095238,2.9802322387695312e-06,3.9451045565085836e-05
F03588,KNTC1,False,False,False,14,0,23,5,23,0.5476190476190477,2.384185791015625e-07,6.66557474339262e-06
F03589,KPNA1,False,False,False,0,0,3,39,3,0.07142857142857142,0.25,0.3572982379812921
F03590,KPNA2,False,False,False,0,0,8,34,8,0.19047619047619047,0.0078125,0.020482092976855548
F03591,KPNA3,False,False,False,0,0,1,41,1,0.023809523809523808,1.0,1.0
F03592,KPNA4,False,False,False,0,0,0,42,0,0.0,,
F03593,KPNA6,False,False,False,0,0,7,35,7,0.16666666666666666,0.015625,0.03678117162307417
F03594,KPNA7,False,False,False,1,0,36,5,36,0.8571428571428571,2.9103830456733704e-11,6.373738870024681e-08
F03595,KPNB1,False,False,False,0,0,0,42,0,0.0,,
F03596,KPRP,False,False,False,7,3,19,13,22,0.38095238095238093,0.0008554458618164062,0.0034628954480183543
F03597,KRAS,False,False,False,0,0,3,39,3,0.07142857142857142,0.25,0.3572982379812921
F03598,KRBA2,False,False,False,41,0,1,0,1,0.023809523809523808,1.0,1.0
F03599,KREMEN2,False,False,False,19,22,0,1,22,-0.5238095238095238,4.76837158203125e-07,1.0408040296991798e-05
F03600,KRI1,False,False,False,1,3,27,11,30,0.5714285714285714,8.430331945419312e-06,8.749965384108195e-05
F03601,KRR1,False,False,False,0,0,11,31,11,0.2619047619047619,0.0009765625,0.0036371970663265306
F03602,KRT1,False,False,False,0,0,0,42,0,0.0,,
F03603,KRT10,False,False,False,0,0,0,42,0,0.0,,
F03604,KRT12,False,False,False,39,3,0,0,3,-0.07142857142857142,0.25,0.3572982379812921
F03605,KRT13,False,False,False,0,0,0,42,0,0.0,,
F03606,KRT14,False,False,False,0,0,0,42,0,0.0,,
F03607,KRT15,False,False,False,0,0,0,42,0,0.0,,
F03608,KRT16,False,False,False,0,0,0,42,0,0.0,,
F03609,KRT17,False,False,False,0,0,0,42,0,0.0,,
F03610,KRT18,False,False,False,0,0,1,41,1,0.023809523809523808,1.0,1.0
F03611,KRT19,False,False,False,0,0,0,42,0,0.0,,
F03612,KRT2,False,False,False,0,0,0,42,0,0.0,,
F03613,KRT23,False,False,False,1,1,13,27,14,0.2857142857142857,0.0018310546875,0.006378594537049311
F03614,KRT24,False,False,False,0,0,6,36,6,0.14285714285714285,0.03125,0.06532373528475978
F03615,KRT3,False,False,False,0,0,4,38,4,0.09523809523809523,0.125,0.2027277215502345
F03616,KRT31,False,False,False,12,15,5,10,20,-0.23809523809523808,0.04138946533203125,0.08245263409079603
F03617,KRT33B,False,False,False,17,9,11,5,20,0.047619047619047616,0.8238029479980469,0.958962680430044
F03618,KRT34,False,False,False,11,10,10,11,20,0.0,1.0,1.0
F03619,KRT35,False,False,False,13,3,13,13,16,0.23809523809523808,0.021270751953125,0.0488923947869761
F03620,KRT36,False,False,False,0,0,9,33,9,0.21428571428571427,0.00390625,0.01172410347190498
F03621,KRT39,False,False,False,40,1,1,0,2,0.0,1.0,1.0
F03622,KRT4,False,False,False,0,0,0,42,0,0.0,,
F03623,KRT5,False,False,False,0,0,0,42,0,0.0,,
F03624,KRT6A,False,False,False,0,0,0,42,0,0.0,,
F03625,KRT6B,False,False,False,0,0,0,42,0,0.0,,
F03626,KRT6C,False,False,False,0,0,0,42,0,0.0,,
F03627,KRT7,False,False,False,0,1,4,37,5,0.07142857142857142,0.375,0.510833506116525
F03628,KRT71,False,False,False,0,1,6,35,7,0.11904761904761904,0.125,0.2027277215502345
F03629,KRT72,False,False,False,0,1,4,37,5,0.07142857142857142,0.375,0.510833506116525
F03630,KRT73,False,False,False,0,0,1,41,1,0.023809523809523808,1.0,1.0
F03631,KRT75,False,False,False,0,1,3,38,4,0.047619047619047616,0.625,0.7584503140007388
F03632,KRT76,False,False,False,0,1,2,39,3,0.023809523809523808,1.0,1.0
F03633,KRT77,False,False,False,3,5,14,20,19,0.21428571428571427,0.063568115234375,0.1175464444384587
F03634,KRT78,False,False,False,0,1,0,41,1,-0.023809523809523808,1.0,1.0
F03635,KRT79,False,False,False,1,1,12,28,13,0.2619047619047619,0.00341796875,0.010703553235224024
F03636,KRT8,False,False,False,0,0,0,42,0,0.0,,
F03637,KRT80,False,False,False,0,1,6,35,7,0.11904761904761904,0.125,0.2027277215502345
F03638,KRT81,False,False,False,32,4,6,0,10,0.047619047619047616,0.75390625,0.8906966485344362
F03639,KRT83,False,False,False,38,3,1,0,4,-0.047619047619047616,0.625,0.7584503140007388
F03640,KRT84,False,False,False,0,1,9,32,10,0.19047619047619047,0.021484375,0.0488923947869761
F03641,KRT85,False,False,False,8,21,5,8,26,-0.38095238095238093,0.002493917942047119,0.008159880915960942
F03642,KRT86,False,False,False,39,3,0,0,3,-0.07142857142857142,0.25,0.3572982379812921
F03643,KRT9,False,False,False,0,0,0,42,0,0.0,,
F03644,KRTAP11-1,False,False,False,39,1,2,0,3,0.023809523809523808,1.0,1.0
F03645,KRTAP13-1,False,False,False,34,6,2,0,8,-0.09523809523809523,0.2890625,0.40597277148354
F03646,KRTAP13-2,False,False,False,24,7,9,2,16,0.047619047619047616,0.803619384765625,0.9394625192010955
F03647,KRTAP13-4,False,False,False,41,1,0,0,1,-0.023809523809523808,1.0,1.0
F03648,KRTAP1-4,False,False,True,42,0,0,0,0,0.0,,
F03649,KRTAP19-1,False,False,False,41,1,0,0,1,-0.023809523809523808,1.0,1.0
F03650,KRTAP19-6,False,False,False,40,2,0,0,2,-0.047619047619047616,0.5,0.6282271944922547
F03651,KRTAP20-1,False,False,False,41,1,0,0,1,-0.023809523809523808,1.0,1.0
F03652,KRTAP20-2,False,False,False,41,1,0,0,1,-0.023809523809523808,1.0,1.0
F03653,KRTAP21-2,False,False,False,41,1,0,0,1,-0.023809523809523808,1.0,1.0
F03654,KRTAP2-2;KRTAP2-1,False,True,True,42,0,0,0,0,0.0,,
F03655,KRTAP2-3,False,False,True,42,0,0,0,0,0.0,,
F03656,KRTAP3-1,False,False,False,39,3,0,0,3,-0.07142857142857142,0.25,0.3572982379812921
F03657,KRTAP3-2,False,False,False,38,4,0,0,4,-0.09523809523809523,0.125,0.2027277215502345
F03658,KRTAP3-3,False,False,False,39,3,0,0,3,-0.07142857142857142,0.25,0.3572982379812921
F03659,KRTAP4-1,False,False,False,41,1,0,0,1,-0.023809523809523808,1.0,1.0
F03660,KRTAP4-11,False,False,False,41,1,0,0,1,-0.023809523809523808,1.0,1.0
F03661,KRTAP4-3,False,False,False,39,1,2,0,3,0.023809523809523808,1.0,1.0
F03662,KRTAP4-4,False,False,False,41,1,0,0,1,-0.023809523809523808,1.0,1.0
F03663,KRTAP4-6,False,False,False,41,1,0,0,1,-0.023809523809523808,1.0,1.0
F03664,KRTAP4-7,False,False,False,38,2,2,0,4,0.0,1.0,1.0
F03665,KRTAP4-8,False,False,False,40,2,0,0,2,-0.047619047619047616,0.5,0.6282271944922547
F03666,KRTAP4-9,False,False,False,41,1,0,0,1,-0.023809523809523808,1.0,1.0
F03667,KRTAP6-1,False,False,False,40,2,0,0,2,-0.047619047619047616,0.5,0.6282271944922547
F03668,KRTAP8-1,False,False,False,41,1,0,0,1,-0.023809523809523808,1.0,1.0
F03669,KRTAP9-7,False,False,True,42,0,0,0,0,0.0,,
F03670,KRTCAP2,False,False,False,3,0,28,11,28,0.6666666666666666,7.450580596923828e-09,8.741127593176705e-07
F03671,KRTDAP,False,False,False,1,4,10,27,14,0.14285714285714285,0.1795654296875,0.2823599318344894
F03672,KSR1,False,False,False,4,13,12,13,25,-0.023809523809523808,1.0,1.0
F03673,KTI12,False,False,False,20,2,19,1,21,0.40476190476190477,0.00022125244140625,0.0011491134703866107
F03674,KTN1,False,False,False,0,0,0,42,0,0.0,,
F03675,KYAT3,False,False,False,3,5,7,27,12,0.047619047619047616,0.7744140625,0.9121370366842955
F03676,KYNU,False,False,False,1,2,22,17,24,0.47619047619047616,3.5881996154785156e-05,0.0002719085521763996
F03677,L1CAM,False,False,False,23,13,3,3,16,-0.23809523809523808,0.021270751953125,0.0488923947869761
F03678,L1RE1,False,False,False,1,0,26,15,26,0.6190476190476191,2.9802322387695312e-08,1.6049283449767065e-06
F03679,L1TD1,False,False,False,41,1,0,0,1,-0.023809523809523808,1.0,1.0
F03680,L2HGDH,False,False,False,1,8,7,26,15,-0.023809523809523808,1.0,1.0
F03681,L3HYPDH,False,False,False,7,5,20,10,25,0.35714285714285715,0.004077315330505371,0.012181883456762296
F03682,L3MBTL3,False,False,False,33,2,6,1,8,0.09523809523809523,0.2890625,0.40597277148354
F03683,LACC1,False,False,False,25,2,12,3,14,0.23809523809523808,0.012939453125,0.03188754952409977
F03684,LACTB,False,False,False,0,0,4,38,4,0.09523809523809523,0.125,0.2027277215502345
F03685,LACTB2,False,False,False,0,0,3,39,3,0.07142857142857142,0.25,0.3572982379812921
F03686,LAD1,False,False,False,0,0,4,38,4,0.09523809523809523,0.125,0.2027277215502345
F03687,LAGE3,False,False,False,36,1,5,0,6,0.09523809523809523,0.21875,0.3337639340455179
F03688,LAMA1,False,False,False,13,7,13,9,20,0.14285714285714285,0.26317596435546875,0.3745810411211936
F03689,LAMA2,False,False,False,0,0,0,42,0,0.0,,
F03690,LAMA3,False,False,False,0,0,0,42,0,0.0,,
F03691,LAMA4,False,False,False,0,0,1,41,1,0.023809523809523808,1.0,1.0
F03692,LAMA5,False,False,False,0,0,0,42,0,0.0,,
F03693,LAMB1,False,False,False,0,0,0,42,0,0.0,,
F03694,LAMB2,False,False,False,0,0,0,42,0,0.0,,
F03695,LAMB3,False,False,False,0,0,2,40,2,0.047619047619047616,0.5,0.6282271944922547
F03696,LAMC1,False,False,False,0,0,0,42,0,0.0,,
F03697,LAMC2,False,False,False,0,1,5,36,6,0.09523809523809523,0.21875,0.3337639340455179
F03698,LAMC3,False,False,False,34,8,0,0,8,-0.19047619047619047,0.0078125,0.020482092976855548
F03699,LAMP1,False,False,False,0,0,0,42,0,0.0,,
F03700,LAMP2,False,False,False,0,0,0,42,0,0.0,,
F03701,LAMTOR1,False,False,False,0,0,0,42,0,0.0,,
F03702,LAMTOR2,False,False,False,0,0,6,36,6,0.14285714285714285,0.03125,0.06532373528475978
F03703,LAMTOR3,False,False,False,0,0,0,42,0,0.0,,
F03704,LAMTOR4,False,False,False,0,1,4,37,5,0.07142857142857142,0.375,0.510833506116525
F03705,LAMTOR5,False,False,False,0,1,2,39,3,0.023809523809523808,1.0,1.0
F03706,LANCL1,False,False,False,0,0,0,42,0,0.0,,
F03707,LANCL2,False,False,False,0,0,13,29,13,0.30952380952380953,0.000244140625,0.0012069254373589164
F03708,LAP3,False,False,False,0,0,0,42,0,0.0,,
F03709,LAPTM4B,False,False,False,23,6,9,4,15,0.07142857142857142,0.60723876953125,0.7455725501439567
F03710,LARGE2,False,False,False,15,17,6,4,23,-0.2619047619047619,0.03468966484069824,0.07226096956353438
F03711,LARP1,False,False,False,0,0,4,38,4,0.09523809523809523,0.125,0.2027277215502345
F03712,LARP4,False,False,False,0,0,18,24,18,0.42857142857142855,7.62939453125e-06,7.981707336037023e-05
F03713,LARP4B,False,False,False,2,1,19,20,20,0.42857142857142855,4.00543212890625e-05,0.0002895015301090656
F03714,LARP7,False,False,False,0,0,17,25,17,0.40476190476190477,1.52587890625e-05,0.0001392364501953125
F03715,LARS1,False,False,False,0,0,1,41,1,0.023809523809523808,1.0,1.0
F03716,LARS2,False,False,False,15,4,17,6,21,0.30952380952380953,0.007197380065917969,0.019985962397751925
F03717,LAS1L,False,False,False,0,0,17,25,17,0.40476190476190477,1.52587890625e-05,0.0001392364501953125
F03718,LASP1,False,False,False,0,0,0,42,0,0.0,,
F03719,LAT2,False,False,False,33,3,5,1,8,0.047619047619047616,0.7265625,0.8618009794186676
F03720,LATS1,False,False,False,9,3,19,11,22,0.38095238095238093,0.0008554458618164062,0.0034628954480183543
F03721,LBH,False,False,False,25,2,13,2,15,0.2619047619047619,0.00738525390625,0.0203017230811977
F03722,LBP,False,False,False,0,0,0,42,0,0.0,,
F03723,LBR,False,False,False,0,0,4,38,4,0.09523809523809523,0.125,0.2027277215502345
F03724,LCAT,False,False,False,21,12,8,1,20,-0.09523809523809523,0.5034446716308594,0.6302651472207976
F03725,LCE2A,False,False,False,38,0,4,0,4,0.09523809523809523,0.125,0.2027277215502345
F03726,LCE2B,False,False,True,42,0,0,0,0,0.0,,
F03727,LCE3A,False,False,False,32,2,8,0,10,0.14285714285714285,0.109375,0.19126796646260313
F03728,LCK,False,False,False,30,1,9,2,10,0.19047619047619047,0.021484375,0.0488923947869761
F03729,LCLAT1,False,False,False,2,0,16,24,16,0.38095238095238093,3.0517578125e-05,0.00023755982023844786
F03730,LCMT1,False,False,False,2,3,25,12,28,0.5238095238095238,2.744048833847046e-05,0.0002256370568006895
F03731,LCN1,False,False,False,20,13,5,4,18,-0.19047619047619047,0.09625244140625,0.16967495037270258
F03732,LCN2,False,False,False,0,0,1,41,1,0.023809523809523808,1.0,1.0
F03733,LCP1,False,False,False,0,0,0,42,0,0.0,,
F03734,LCP2,False,False,False,1,1,15,25,16,0.3333333333333333,0.000518798828125,0.002199037613407258
F03735,LDAF1,False,False,False,8,10,6,18,16,-0.09523809523809523,0.454498291015625,0.6055675870964624
F03736,LDAH,False,False,False,0,0,10,32,10,0.23809523809523808,0.001953125,0.006523655948144382
F03737,LDB3,False,False,False,0,6,0,36,6,-0.14285714285714285,0.03125,0.06532373528475978
F03738,LDHA,False,False,False,0,0,0,42,0,0.0,,
F03739,LDHAL6B,False,False,False,0,1,2,39,3,0.023809523809523808,1.0,1.0
F03740,LDHB,False,False,False,0,0,0,42,0,0.0,,
F03741,LDHD,False,False,False,22,13,4,3,17,-0.21428571428571427,0.049041748046875,0.09713725796441626
F03742,LDLR,False,False,False,2,3,16,21,19,0.30952380952380953,0.004425048828125,0.012728796322583735
F03743,LDLRAP1,False,False,False,9,1,22,10,23,0.5,5.7220458984375e-06,6.318292697938551e-05
F03744,LEF1,False,False,False,24,4,12,2,16,0.19047619047619047,0.076812744140625,0.13784750860527348
F03745,LEG1,False,False,False,20,6,10,6,16,0.09523809523809523,0.454498291015625,0.6055675870964624
F03746,LEMD2,False,False,False,0,0,0,42,0,0.0,,
F03747,LEMD3,False,False,False,0,0,17,25,17,0.40476190476190477,1.52587890625e-05,0.0001392364501953125
F03748,LEO1,False,False,False,4,3,19,16,22,0.38095238095238093,0.0008554458618164062,0.0034628954480183543
F03749,LEPROT,False,False,False,1,0,24,17,24,0.5714285714285714,1.1920928955078125e-07,3.896542449495685e-06
F03750,LETM1,False,False,False,0,0,0,42,0,0.0,,
F03751,LETMD1,False,False,False,22,6,9,5,15,0.07142857142857142,0.60723876953125,0.7455725501439567
F03752,LEXM,False,False,False,40,2,0,0,2,-0.047619047619047616,0.5,0.6282271944922547
F03753,LGALS1,False,False,False,0,0,0,42,0,0.0,,
F03754,LGALS13,False,False,False,0,0,2,40,2,0.047619047619047616,0.5,0.6282271944922547
F03755,LGALS3,False,False,False,0,0,0,42,0,0.0,,
F03756,LGALS3BP,False,False,False,0,0,0,42,0,0.0,,
F03757,LGALS7,False,False,False,0,0,0,42,0,0.0,,
F03758,LGALS8,False,False,False,0,4,22,16,26,0.42857142857142855,0.0005335211753845215,0.0022326331989021056
F03759,LGALS9,False,False,False,3,1,29,9,30,0.6666666666666666,5.774199962615967e-08,2.5428734816514053e-06
F03760,LGALSL,False,False,False,0,1,7,34,8,0.14285714285714285,0.0703125,0.12687534331227684
F03761,LGMN,False,False,False,0,0,0,42,0,0.0,,
F03762,LHPP,False,False,False,0,0,1,41,1,0.023809523809523808,1.0,1.0
F03763,LIG1,False,False,False,2,6,6,28,12,0.0,1.0,1.0
F03764,LIG3,False,False,False,0,0,9,33,9,0.21428571428571427,0.00390625,0.01172410347190498
F03765,LIG4,False,False,False,25,1,14,2,15,0.30952380952380953,0.0009765625,0.0036371970663265306
F03766,LILRA6,False,False,False,40,0,2,0,2,0.047619047619047616,0.5,0.6282271944922547
F03767,LILRB2,False,False,True,42,0,0,0,0,0.0,,
F03768,LILRB5,False,False,False,34,4,4,0,8,0.0,1.0,1.0
F03769,LIMA1,False,False,False,0,0,0,42,0,0.0,,
F03770,LIMCH1,False,False,False,4,19,3,16,22,-0.38095238095238093,0.0008554458618164062,0.0034628954480183543
F03771,LIMD1,False,False,False,5,4,18,15,22,0.3333333333333333,0.004343509674072266,0.012688687665031029
F03772,LIMD2,False,False,False,19,4,18,1,22,0.3333333333333333,0.004343509674072266,0.012688687665031029
F03773,LIME1,False,False,False,40,1,1,0,2,0.0,1.0,1.0
F03774,LIMS1,False,False,False,0,1,2,39,3,0.023809523809523808,1.0,1.0
F03775,LIN7C,False,False,False,0,1,5,36,6,0.09523809523809523,0.21875,0.3337639340455179
F03776,LINC01600,False,False,False,25,4,11,2,15,0.16666666666666666,0.11846923828125,0.2027277215502345
F03777,LINC02902,False,False,False,40,2,0,0,2,-0.047619047619047616,0.5,0.6282271944922547
F03778,LIPA,False,False,False,5,1,26,10,27,0.5952380952380952,4.172325134277344e-07,1.0305329373008326e-05
F03779,LIPE,False,False,False,6,16,3,17,19,-0.30952380952380953,0.004425048828125,0.012728796322583735
F03780,LIPG,False,False,False,40,1,1,0,2,0.0,1.0,1.0
F03781,LLGL1,False,False,False,0,0,11,31,11,0.2619047619047619,0.0009765625,0.0036371970663265306
F03782,LLGL2,False,False,False,3,6,9,24,15,0.07142857142857142,0.60723876953125,0.7455725501439567
F03783,LLPH,False,False,False,32,2,7,1,9,0.11904761904761904,0.1796875,0.2823599318344894
F03784,LMAN1,False,False,False,0,0,0,42,0,0.0,,
F03785,LMAN2,False,False,False,0,0,0,42,0,0.0,,
F03786,LMAN2L,False,False,False,11,3,18,10,21,0.35714285714285715,0.0014896392822265625,0.005365641493546336
F03787,LMCD1,False,False,False,0,0,0,42,0,0.0,,
F03788,LMF1,False,False,False,29,5,7,1,12,0.047619047619047616,0.7744140625,0.9121370366842955
F03789,LMF2,False,False,False,0,0,6,36,6,0.14285714285714285,0.03125,0.06532373528475978
F03790,LMNA,False,False,False,0,0,0,42,0,0.0,,
F03791,LMNB1,False,False,False,0,0,0,42,0,0.0,,
F03792,LMNB2,False,False,False,0,0,0,42,0,0.0,,
F03793,LMO7,False,False,False,0,0,0,42,0,0.0,,
F03794,LMOD1,False,False,False,1,7,0,34,7,-0.16666666666666666,0.015625,0.03678117162307417
F03795,LMOD2,False,False,False,11,12,9,10,21,-0.07142857142857142,0.6636238098144531,0.7992682732320728
F03796,LMOD3,False,False,False,24,15,1,2,16,-0.3333333333333333,0.000518798828125,0.002199037613407258
F03797,LNPEP,False,False,False,0,0,3,39,3,0.07142857142857142,0.25,0.3572982379812921
F03798,LNPK,False,False,False,0,0,1,41,1,0.023809523809523808,1.0,1.0
F03799,LONP1,False,False,False,0,0,0,42,0,0.0,,
F03800,LONP2,False,False,False,38,0,2,2,2,0.047619047619047616,0.5,0.6282271944922547
F03801,LONRF3,False,False,False,5,1,35,1,36,0.8095238095238095,1.076841726899147e-09,3.3689762598701887e-07
F03802,LORICRIN,False,False,False,35,3,2,2,5,-0.023809523809523808,1.0,1.0
F03803,LOX,False,False,False,23,4,11,4,15,0.16666666666666666,0.11846923828125,0.2027277215502345
F03804,LOXL1,False,False,False,24,3,10,5,13,0.16666666666666666,0.09228515625,0.1641791163180341
F03805,LOXL2,False,False,False,13,0,28,1,28,0.6666666666666666,7.450580596923828e-09,8.741127593176705e-07
F03806,LPA,False,False,False,0,0,1,41,1,0.023809523809523808,1.0,1.0
F03807,LPAR1,False,False,False,4,7,15,16,22,0.19047619047619047,0.13380050659179688,0.21625321729596692
F03808,LPCAT1,False,False,False,0,1,30,11,31,0.6904761904761905,2.9802322387695312e-08,1.6049283449767065e-06
F03809,LPCAT2,False,False,False,0,0,5,37,5,0.11904761904761904,0.0625,0.11622558731955845
F03810,LPCAT3,False,False,False,0,0,5,37,5,0.11904761904761904,0.0625,0.11622558731955845
F03811,LPCAT4,False,False,False,10,3,21,8,24,0.42857142857142855,0.0002771615982055664,0.0013119248560594895
F03812,LPGAT1,False,False,False,0,1,6,35,7,0.11904761904761904,0.125,0.2027277215502345
F03813,LPIN1,False,False,False,28,9,3,2,12,-0.14285714285714285,0.14599609375,0.23332384722391145
F03814,LPL,False,False,False,41,1,0,0,1,-0.023809523809523808,1.0,1.0
F03815,LPO,False,False,False,26,9,4,3,13,-0.11904761904761904,0.266845703125,0.37808416422929697
F03816,LPP,False,False,False,0,0,0,42,0,0.0,,
F03817,LPXN,False,False,False,0,1,20,21,21,0.4523809523809524,2.09808349609375e-05,0.0001751513160017273
F03818,LRATD2,False,False,False,23,5,8,6,13,0.07142857142857142,0.5810546875,0.7167723050835524
F03819,LRBA,False,False,False,0,0,2,40,2,0.047619047619047616,0.5,0.6282271944922547
F03820,LRCH1,False,False,False,5,0,25,12,25,0.5952380952380952,5.960464477539063e-08,2.5428734816514053e-06
F03821,LRCH3,False,False,False,21,2,18,1,20,0.38095238095238093,0.0004024505615234375,0.0018425785290654944
F03822,LRCH4,False,False,False,2,1,16,23,17,0.35714285714285715,0.000274658203125,0.0013119248560594895
F03823,LRG1,False,False,False,0,0,0,42,0,0.0,,
F03824,LRMDA,False,False,False,3,1,19,19,20,0.42857142857142855,4.00543212890625e-05,0.0002895015301090656
F03825,LRP1,False,False,False,0,0,0,42,0,0.0,,
F03826,LRP10,False,False,False,8,3,25,6,28,0.5238095238095238,2.744048833847046e-05,0.0002256370568006895
F03827,LRPAP1,False,False,False,0,0,1,41,1,0.023809523809523808,1.0,1.0
F03828,LRPPRC,False,False,False,0,0,0,42,0,0.0,,
F03829,LRRC1,False,False,False,0,0,12,30,12,0.2857142857142857,0.00048828125,0.002121698288690476
F03830,LRRC15,False,False,False,10,5,11,16,16,0.14285714285714285,0.210113525390625,0.3264237081618364
F03831,LRRC17,False,False,False,34,1,7,0,8,0.14285714285714285,0.0703125,0.12687534331227684
F03832,LRRC2,False,False,False,35,6,1,0,7,-0.11904761904761904,0.125,0.2027277215502345
F03833,LRRC20,False,False,False,15,15,8,4,23,-0.16666666666666666,0.21003961563110352,0.3264237081618364
F03834,LRRC25,False,False,False,5,2,27,8,29,0.5952380952380952,1.6242265701293945e-06,2.5468182734487163e-05
F03835,LRRC26,False,False,False,38,4,0,0,4,-0.09523809523809523,0.125,0.2027277215502345
F03836,LRRC32,False,False,False,32,9,1,0,10,-0.19047619047619047,0.021484375,0.0488923947869761
F03837,LRRC40,False,False,False,0,0,2,40,2,0.047619047619047616,0.5,0.6282271944922547
F03838,LRRC41,False,False,False,5,2,19,16,21,0.40476190476190477,0.00022125244140625,0.0011491134703866107
F03839,LRRC47,False,False,False,0,0,0,42,0,0.0,,
F03840,LRRC57,False,False,False,0,0,6,36,6,0.14285714285714285,0.03125,0.06532373528475978
F03841,LRRC59,False,False,False,0,0,0,42,0,0.0,,
F03842,LRRC8A,False,False,False,1,0,21,20,21,0.5,9.5367431640625e-07,1.6797963160292393e-05
F03843,LRRC8C,False,False,False,4,1,29,8,30,0.6666666666666666,5.774199962615967e-08,2.5428734816514053e-06
F03844,LRRC8D,False,False,False,24,1,17,0,18,0.38095238095238093,0.00014495849609375,0.000789045003592326
F03845,LRRC8E,False,False,False,4,2,22,14,24,0.47619047619047616,3.5881996154785156e-05,0.0002719085521763996
F03846,LRRC9,False,False,False,27,9,6,0,15,-0.07142857142857142,0.60723876953125,0.7455725501439567
F03847,LRRFIP1,False,False,False,0,0,4,38,4,0.09523809523809523,0.125,0.2027277215502345
F03848,LRRFIP2,False,False,False,0,0,7,35,7,0.16666666666666666,0.015625,0.03678117162307417
F03849,LRRK2,False,False,False,37,1,3,1,4,0.047619047619047616,0.625,0.7584503140007388
F03850,LRSAM1,False,False,False,1,3,17,21,20,0.3333333333333333,0.0025768280029296875,0.008286544849778888
F03851,LRWD1,False,False,False,8,3,21,10,24,0.42857142857142855,0.0002771615982055664,0.0013119248560594895
F03852,LSAMP,False,False,False,30,7,5,0,12,-0.047619047619047616,0.7744140625,0.9121370366842955
F03853,LSG1,False,False,False,1,0,19,22,19,0.4523809523809524,3.814697265625e-06,4.684590847692757e-05
F03854,LSM1,False,False,False,0,1,8,33,9,0.16666666666666666,0.0390625,0.07848337155963303
F03855,LSM12,False,False,False,0,0,17,25,17,0.40476190476190477,1.52587890625e-05,0.0001392364501953125
F03856,LSM14A,False,False,False,0,0,5,37,5,0.11904761904761904,0.0625,0.11622558731955845
F03857,LSM14B,False,False,False,6,5,18,13,23,0.30952380952380953,0.010622024536132812,0.027605498893351496
F03858,LSM2,False,False,False,0,1,20,21,21,0.4523809523809524,2.09808349609375e-05,0.0001751513160017273
F03859,LSM3,False,False,False,0,0,1,41,1,0.023809523809523808,1.0,1.0
F03860,LSM4,False,False,False,0,1,13,28,14,0.2857142857142857,0.0018310546875,0.006378594537049311
F03861,LSM5,False,False,False,3,4,19,16,23,0.35714285714285715,0.002599477767944336,0.008286544849778888
F03862,LSM6,False,False,False,0,0,11,31,11,0.2619047619047619,0.0009765625,0.0036371970663265306
F03863,LSM7,False,False,False,0,3,9,30,12,0.14285714285714285,0.14599609375,0.23332384722391145
F03864,LSM8,False,False,False,0,0,6,36,6,0.14285714285714285,0.03125,0.06532373528475978
F03865,LSMEM2,False,False,False,33,3,4,2,7,0.023809523809523808,1.0,1.0
F03866,LSP1,False,False,False,0,0,2,40,2,0.047619047619047616,0.5,0.6282271944922547
F03867,LSR,False,False,False,1,2,20,19,22,0.42857142857142855,0.00012111663818359375,0.0006813950323916738
F03868,LSS,False,False,False,0,0,1,41,1,0.023809523809523808,1.0,1.0
F03869,LST1,False,False,False,30,2,10,0,12,0.19047619047619047,0.03857421875,0.07848337155963303
F03870,LTA4H,False,False,False,0,0,0,42,0,0.0,,
F03871,LTB4R,False,False,False,0,0,0,42,0,0.0,,
F03872,LTBP1,False,False,False,0,0,9,33,9,0.21428571428571427,0.00390625,0.01172410347190498
F03873,LTBP2,False,False,False,1,2,2,37,4,0.0,1.0,1.0
F03874,LTBP3,False,False,False,34,0,8,0,8,0.19047619047619047,0.0078125,0.020482092976855548
F03875,LTBP4,False,False,False,4,11,4,23,15,-0.16666666666666666,0.11846923828125,0.2027277215502345
F03876,LTBR,False,False,False,21,0,20,1,20,0.47619047619047616,1.9073486328125e-06,2.7785544384873893e-05
F03877,LTC4S,False,False,False,9,17,8,8,25,-0.21428571428571427,0.10775214433670044,0.18964146485189443
F03878,LTF,False,False,False,0,0,0,42,0,0.0,,
F03879,LTN1,False,False,False,0,0,10,32,10,0.23809523809523808,0.001953125,0.006523655948144382
F03880,LTV1,False,False,False,23,2,16,1,18,0.3333333333333333,0.001312255859375,0.0048191844584090275
F03881,LUC7L,False,False,False,7,2,23,10,25,0.5,1.9431114196777344e-05,0.00016998990715423056
F03882,LUC7L2,False,False,False,0,0,1,41,1,0.023809523809523808,1.0,1.0
F03883,LUC7L3,False,False,False,0,0,4,38,4,0.09523809523809523,0.125,0.2027277215502345
F03884,LUM,False,False,False,0,0,0,42,0,0.0,,
F03885,LUZP1,False,False,False,0,0,10,32,10,0.23809523809523808,0.001953125,0.006523655948144382
F03886,LXN,False,False,False,0,0,0,42,0,0.0,,
F03887,LY6D,False,False,False,0,2,7,33,9,0.11904761904761904,0.1796875,0.2823599318344894
F03888,LY6G6C,False,False,False,13,6,9,14,15,0.07142857142857142,0.60723876953125,0.7455725501439567
F03889,LY6G6F,False,False,False,37,1,4,0,5,0.07142857142857142,0.375,0.510833506116525
F03890,LY6K,False,False,False,39,0,3,0,3,0.07142857142857142,0.25,0.3572982379812921
F03891,LYAR,False,False,False,0,0,9,33,9,0.21428571428571427,0.00390625,0.01172410347190498
F03892,LYN,False,False,False,0,0,14,28,14,0.3333333333333333,0.0001220703125,0.0006813950323916738
F03893,LYPD2,False,False,False,14,9,10,9,19,0.023809523809523808,1.0,1.0
F03894,LYPD3,False,False,False,0,2,7,33,9,0.11904761904761904,0.1796875,0.2823599318344894
F03895,LYPD5,False,False,False,22,2,16,2,18,0.3333333333333333,0.001312255859375,0.0048191844584090275
F03896,LYPLA1,False,False,False,0,0,1,41,1,0.023809523809523808,1.0,1.0
F03897,LYPLA2,False,False,False,0,0,4,38,4,0.09523809523809523,0.125,0.2027277215502345
F03898,LYPLAL1,False,False,False,0,1,4,37,5,0.07142857142857142,0.375,0.510833506116525
F03899,LYRM1,False,False,False,39,1,2,0,3,0.023809523809523808,1.0,1.0
F03900,LYRM4,False,False,False,36,0,5,1,5,0.11904761904761904,0.0625,0.11622558731955845
F03901,LYRM7,False,False,False,10,9,14,9,23,0.11904761904761904,0.4048728942871094,0.5474408140494564
F03902,LYSMD1,False,False,False,39,0,2,1,2,0.047619047619047616,0.5,0.6282271944922547
F03903,LYZ,False,False,False,0,0,0,42,0,0.0,,
F03904,LZIC,False,False,False,0,0,0,42,0,0.0,,
F03905,LZTFL1,False,False,False,1,4,8,29,12,0.09523809523809523,0.3876953125,0.5249707755822342
F03906,LZTR1,False,False,False,30,3,7,2,10,0.09523809523809523,0.34375,0.47586125158027814
F03907,M6PR,False,False,False,0,0,5,37,5,0.11904761904761904,0.0625,0.11622558731955845
F03908,MAB21L1;MAB21L2,False,True,True,42,0,0,0,0,0.0,,
F03909,MAB21L4,False,False,False,1,10,7,24,17,-0.07142857142857142,0.629058837890625,0.7611264392157286
F03910,MACF1,False,False,False,0,0,0,42,0,0.0,,
F03911,MACROD1,False,False,False,0,6,2,34,8,-0.09523809523809523,0.2890625,0.40597277148354
F03912,MACROH2A1,False,False,False,0,0,0,42,0,0.0,,
F03913,MACROH2A2,False,False,False,0,0,2,40,2,0.047619047619047616,0.5,0.6282271944922547
F03914,MAD1L1,False,False,False,0,0,16,26,16,0.38095238095238093,3.0517578125e-05,0.00023755982023844786
F03915,MAD2L1,False,False,False,18,3,19,2,22,0.38095238095238093,0.0008554458618164062,0.0034628954480183543
F03916,MAEA,False,False,False,18,5,17,2,22,0.2857142857142857,0.01690053939819336,0.03958522062250637
F03917,MAFB,False,False,False,40,0,2,0,2,0.047619047619047616,0.5,0.6282271944922547
F03918,MAFF,False,False,False,27,3,10,2,13,0.16666666666666666,0.09228515625,0.1641791163180341
F03919,MAFG,False,False,False,41,0,0,1,0,0.0,,
F03920,MAG,False,False,False,34,6,2,0,8,-0.09523809523809523,0.2890625,0.40597277148354
F03921,MAGEA1,False,False,False,40,0,2,0,2,0.047619047619047616,0.5,0.6282271944922547
F03922,MAGEA10,False,False,False,40,0,2,0,2,0.047619047619047616,0.5,0.6282271944922547
F03923,MAGEA4,False,False,False,28,1,11,2,12,0.23809523809523808,0.00634765625,0.017898756035407724
F03924,MAGEA6,False,False,False,40,0,2,0,2,0.047619047619047616,0.5,0.6282271944922547
F03925,MAGEA9,False,False,False,31,2,9,0,11,0.16666666666666666,0.0654296875,0.11997573175411666
F03926,MAGEB2,False,False,False,36,0,6,0,6,0.14285714285714285,0.03125,0.06532373528475978
F03927,MAGEC1,False,False,False,33,2,7,0,9,0.11904761904761904,0.1796875,0.2823599318344894
F03928,MAGED1,False,False,False,25,2,12,3,14,0.23809523809523808,0.012939453125,0.03188754952409977
F03929,MAGED2,False,False,False,0,0,15,27,15,0.35714285714285715,6.103515625e-05,0.0004117053147458932
F03930,MAGI1,False,False,False,25,3,13,1,16,0.23809523809523808,0.021270751953125,0.0488923947869761
F03931,MAGI2,False,False,False,3,7,15,17,22,0.19047619047619047,0.13380050659179688,0.21625321729596692
F03932,MAGOH,False,False,False,13,6,18,5,24,0.2857142857142857,0.022655844688415527,0.0506978540881778
F03933,MAGOHB,False,False,False,0,0,8,34,8,0.19047619047619047,0.0078125,0.020482092976855548
F03934,MAGT1,False,False,False,0,0,4,38,4,0.09523809523809523,0.125,0.2027277215502345
F03935,MAIP1,False,False,False,0,2,16,24,18,0.3333333333333333,0.001312255859375,0.0048191844584090275
F03936,MAK16,False,False,False,2,1,23,16,24,0.5238095238095238,2.9802322387695312e-06,3.9451045565085836e-05
F03937,MAL2,False,False,False,0,2,6,34,8,0.09523809523809523,0.2890625,0.40597277148354
F03938,MALSU1,False,False,False,12,7,17,6,24,0.23809523809523808,0.06391465663909912,0.11792173381602955
F03939,MALT1,False,False,False,0,3,14,25,17,0.2619047619047619,0.012725830078125,0.03188754952409977
F03940,MAMDC2,False,False,False,11,20,3,8,23,-0.40476190476190477,0.00048828125,0.002121698288690476
F03941,MAN1A1,False,False,False,2,2,23,15,25,0.5,1.9431114196777344e-05,0.00016998990715423056
F03942,MAN1A2,False,False,False,6,2,17,17,19,0.35714285714285715,0.000728607177734375,0.0029843822679020224
F03943,MAN1B1,False,False,False,0,0,21,21,21,0.5,9.5367431640625e-07,1.6797963160292393e-05
F03944,MAN2A1,False,False,False,0,0,9,33,9,0.21428571428571427,0.00390625,0.01172410347190498
F03945,MAN2B1,False,False,False,0,0,10,32,10,0.23809523809523808,0.001953125,0.006523655948144382
F03946,MAN2B2,False,False,False,23,4,13,2,17,0.21428571428571427,0.049041748046875,0.09713725796441626
F03947,MAN2C1,False,False,False,0,0,1,41,1,0.023809523809523808,1.0,1.0
F03948,MANBA,False,False,False,11,2,21,8,23,0.4523809523809524,6.604194641113281e-05,0.00042917466658866723
F03949,MANBAL,False,False,False,1,2,23,16,25,0.5,1.9431114196777344e-05,0.00016998990715423056
F03950,MANF,False,False,False,0,0,2,40,2,0.047619047619047616,0.5,0.6282271944922547
F03951,MANSC1,False,False,False,28,7,4,3,11,-0.07142857142857142,0.548828125,0.6802114282682513
F03952,MAOA,False,False,False,0,0,0,42,0,0.0,,
F03953,MAOB,False,False,False,0,5,0,37,5,-0.11904761904761904,0.0625,0.11622558731955845
F03954,MAP1A,False,False,False,1,6,12,23,18,0.14285714285714285,0.237884521484375,0.3572982379812921
F03955,MAP1B,False,False,False,0,1,0,41,1,-0.023809523809523808,1.0,1.0
F03956,MAP1LC3B2,False,False,True,42,0,0,0,0,0.0,,
F03957,MAP1S,False,False,False,0,1,0,41,1,-0.023809523809523808,1.0,1.0
F03958,MAP2,False,False,False,3,4,11,24,15,0.16666666666666666,0.11846923828125,0.2027277215502345
F03959,MAP2K1,False,False,False,0,0,2,40,2,0.047619047619047616,0.5,0.6282271944922547
F03960,MAP2K2,False,False,False,0,0,1,41,1,0.023809523809523808,1.0,1.0
F03961,MAP2K3,False,False,False,0,0,3,39,3,0.07142857142857142,0.25,0.3572982379812921
F03962,MAP2K4,False,False,False,0,1,4,37,5,0.07142857142857142,0.375,0.510833506116525
F03963,MAP2K6,False,False,False,14,13,3,12,16,-0.23809523809523808,0.021270751953125,0.0488923947869761
F03964,MAP2K7,False,False,False,33,1,6,2,7,0.11904761904761904,0.125,0.2027277215502345
F03965,MAP3K20,False,False,False,0,0,8,34,8,0.19047619047619047,0.0078125,0.020482092976855548
F03966,MAP3K3;MAP3K2,False,True,True,42,0,0,0,0,0.0,,
F03967,MAP3K4,False,False,False,13,4,13,12,17,0.21428571428571427,0.049041748046875,0.09713725796441626
F03968,MAP3K6,False,False,False,19,3,16,4,19,0.30952380952380953,0.004425048828125,0.012728796322583735
F03969,MAP3K7,False,False,False,20,4,16,2,20,0.2857142857142857,0.01181793212890625,0.029885994644693634
F03970,MAP4,False,False,False,0,0,0,42,0,0.0,,
F03971,MAP4K4,False,False,False,0,0,5,37,5,0.11904761904761904,0.0625,0.11622558731955845
F03972,MAP4K5,False,False,False,29,1,11,1,12,0.23809523809523808,0.00634765625,0.017898756035407724
F03973,MAP7,False,False,False,0,1,8,33,9,0.16666666666666666,0.0390625,0.07848337155963303
F03974,MAP7D1,False,False,False,0,0,1,41,1,0.023809523809523808,1.0,1.0
F03975,MAPK1,False,False,False,0,0,0,42,0,0.0,,
F03976,MAPK13,False,False,False,1,2,3,36,5,0.023809523809523808,1.0,1.0
F03977,MAPK14,False,False,False,0,0,0,42,0,0.0,,
F03978,MAPK1IP1L,False,False,False,0,0,2,40,2,0.047619047619047616,0.5,0.6282271944922547
F03979,MAPK3,False,False,False,0,0,0,42,0,0.0,,
F03980,MAPK8IP1,False,False,False,23,5,12,2,17,0.16666666666666666,0.143463134765625,0.23067860876411067
F03981,MAPK9,False,False,False,4,7,14,17,21,0.16666666666666666,0.18924713134765625,0.2959661159138542
F03982,MAPKAP1,False,False,False,6,9,16,11,25,0.16666666666666666,0.2295229434967041,0.34761773600123236
F03983,MAPKAPK2,False,False,False,5,1,22,14,23,0.5,5.7220458984375e-06,6.318292697938551e-05
F03984,MAPKAPK3,False,False,False,10,6,13,13,19,0.16666666666666666,0.1670684814453125,0.2655794636089289
F03985,MAPKBP1,False,False,False,36,1,5,0,6,0.09523809523809523,0.21875,0.3337639340455179
F03986,MAPRE1,False,False,False,0,0,0,42,0,0.0,,
F03987,MAPRE2,False,False,False,0,0,1,41,1,0.023809523809523808,1.0,1.0
F03988,MAPRE3,False,False,False,1,3,6,32,9,0.07142857142857142,0.5078125,0.632959234490609
F03989,MAPT,False,False,False,7,23,5,7,28,-0.42857142857142855,0.0009122341871261597,0.0036371970663265306
F03990,MARCHF5,False,False,False,1,1,19,21,20,0.42857142857142855,4.00543212890625e-05,0.0002895015301090656
F03991,MARCKS,False,False,False,0,0,0,42,0,0.0,,
F03992,MARCKSL1,False,False,False,0,0,3,39,3,0.07142857142857142,0.25,0.3572982379812921
F03993,MARF1,False,False,False,36,3,3,0,6,0.0,1.0,1.0
F03994,MARK2,False,False,False,0,0,10,32,10,0.23809523809523808,0.001953125,0.006523655948144382
F03995,MARK3,False,False,False,5,0,25,12,25,0.5952380952380952,5.960464477539063e-08,2.5428734816514053e-06
F03996,MARS1,False,False,False,0,0,1,41,1,0.023809523809523808,1.0,1.0
F03997,MARS2,False,False,False,31,2,7,2,9,0.11904761904761904,0.1796875,0.2823599318344894
F03998,MASP1,False,False,False,41,0,1,0,1,0.023809523809523808,1.0,1.0
F03999,MASP2,False,False,False,16,19,2,5,21,-0.40476190476190477,0.00022125244140625,0.0011491134703866107
F04000,MAST2,False,False,False,35,4,3,0,7,-0.023809523809523808,1.0,1.0
F04001,MAST4,False,False,False,9,10,10,13,20,0.0,1.0,1.0
F04002,MASTL,False,False,False,27,5,9,1,14,0.09523809523809523,0.4239501953125,0.5711201113805875
F04003,MAT2A,False,False,False,0,0,2,40,2,0.047619047619047616,0.5,0.6282271944922547
F04004,MAT2B,False,False,False,0,0,0,42,0,0.0,,
F04005,MATCAP1,False,False,False,39,1,2,0,3,0.023809523809523808,1.0,1.0
F04006,MATN2,False,False,False,1,11,2,28,13,-0.21428571428571427,0.0224609375,0.050450721153846155
F04007,MATR3,False,False,False,0,0,0,42,0,0.0,,
F04008,MAU2,False,False,False,7,5,26,4,31,0.5,0.00019219517707824707,0.0010241056880811706
F04009,MAVS,False,False,False,0,0,1,41,1,0.023809523809523808,1.0,1.0
F04010,MAX,False,False,False,1,1,14,26,15,0.30952380952380953,0.0009765625,0.0036371970663265306
F04011,MAZ,False,False,False,9,5,22,6,27,0.40476190476190477,0.0015137195587158203,0.005431533315545025
F04012,MB,False,False,False,0,0,0,42,0,0.0,,
F04013,MBD1,False,False,False,27,4,11,0,15,0.16666666666666666,0.11846923828125,0.2027277215502345
F04014,MBD2,False,False,False,0,0,7,35,7,0.16666666666666666,0.015625,0.03678117162307417
F04015,MBD3,False,False,False,15,2,17,8,19,0.35714285714285715,0.000728607177734375,0.0029843822679020224
F04016,MBL2,False,False,False,21,5,9,7,14,0.09523809523809523,0.4239501953125,0.5711201113805875
F04017,MBLAC2,False,False,False,19,12,8,3,20,-0.09523809523809523,0.5034446716308594,0.6302651472207976
F04018,MBNL1,False,False,False,0,0,2,40,2,0.047619047619047616,0.5,0.6282271944922547
F04019,MBNL2,False,False,False,8,3,23,8,26,0.47619047619047616,8.797645568847656e-05,0.0005361830369882106
F04020,MBOAT2,False,False,False,0,0,13,29,13,0.30952380952380953,0.000244140625,0.0012069254373589164
F04021,MBOAT7,False,False,False,0,0,6,36,6,0.14285714285714285,0.03125,0.06532373528475978
F04022,MBP,False,False,False,1,18,1,22,19,-0.40476190476190477,7.62939453125e-05,0.0004760220519497863
F04023,MBTD1,False,False,False,29,6,6,1,12,0.0,1.0,1.0
F04024,MCAM,False,False,False,0,0,1,41,1,0.023809523809523808,1.0,1.0
F04025,MCAT,False,False,False,22,7,11,2,18,0.09523809523809523,0.480682373046875,0.6282271944922547
F04026,MCC,False,False,False,26,0,14,2,14,0.3333333333333333,0.0001220703125,0.0006813950323916738
F04027,MCCC1,False,False,False,0,1,1,40,2,0.0,1.0,1.0
F04028,MCCC2,False,False,False,0,0,2,40,2,0.047619047619047616,0.5,0.6282271944922547
F04029,MCEE,False,False,False,3,14,8,17,22,-0.14285714285714285,0.28627872467041016,0.4047452595404766
F04030,MCEMP1,False,False,False,13,3,16,10,19,0.30952380952380953,0.004425048828125,0.012728796322583735
F04031,MCFD2,False,False,False,0,0,7,35,7,0.16666666666666666,0.015625,0.03678117162307417
F04032,MCL1,False,False,False,17,3,20,2,23,0.40476190476190477,0.00048828125,0.002121698288690476
F04033,MCM2,False,False,False,0,0,10,32,10,0.23809523809523808,0.001953125,0.006523655948144382
F04034,MCM3,False,False,False,0,0,1,41,1,0.023809523809523808,1.0,1.0
F04035,MCM3AP,False,False,False,21,2,16,3,18,0.3333333333333333,0.001312255859375,0.0048191844584090275
F04036,MCM4,False,False,False,1,0,13,28,13,0.30952380952380953,0.000244140625,0.0012069254373589164
F04037,MCM5,False,False,False,0,0,5,37,5,0.11904761904761904,0.0625,0.11622558731955845
F04038,MCM6,False,False,False,0,0,10,32,10,0.23809523809523808,0.001953125,0.006523655948144382
F04039,MCM7,False,False,False,0,0,7,35,7,0.16666666666666666,0.015625,0.03678117162307417
F04040,MCMBP,False,False,False,4,2,28,8,30,0.6190476190476191,8.67992639541626e-07,1.6797963160292393e-05
F04041,MCOLN3,False,False,False,10,1,27,4,28,0.6190476190476191,2.1606683731079102e-07,6.4820051193237305e-06
F04042,MCRIP1,False,False,False,10,2,26,4,28,0.5714285714285714,3.032386302947998e-06,3.9451045565085836e-05
F04043,MCTP2,False,False,False,9,3,21,9,24,0.42857142857142855,0.0002771615982055664,0.0013119248560594895
F04044,MCTS1,False,False,False,0,0,9,33,9,0.21428571428571427,0.00390625,0.01172410347190498
F04045,MCU,False,False,False,0,0,3,39,3,0.07142857142857142,0.25,0.3572982379812921
F04046,MDC1,False,False,False,4,3,24,11,27,0.5,4.9233436584472656e-05,0.0003504481889057263
F04047,MDH1,False,False,False,0,0,0,42,0,0.0,,
F04048,MDH2,False,False,False,0,0,0,42,0,0.0,,
F04049,MDK,False,False,False,18,4,14,6,18,0.23809523809523808,0.0308837890625,0.06532373528475978
F04050,MDN1,False,False,False,1,5,13,23,18,0.19047619047619047,0.09625244140625,0.16967495037270258
F04051,MDP1,False,False,False,0,2,8,32,10,0.14285714285714285,0.109375,0.19126796646260313
F04052,ME1,False,False,False,0,0,1,41,1,0.023809523809523808,1.0,1.0
F04053,ME2,False,False,False,0,0,0,42,0,0.0,,
F04054,ME3,False,False,False,10,8,13,11,21,0.11904761904761904,0.38331031799316406,0.5209658231723392
F04055,MEAF6,False,False,False,23,8,8,3,16,0.0,1.0,1.0
F04056,MEAK7,False,False,False,0,0,7,35,7,0.16666666666666666,0.015625,0.03678117162307417
F04057,MECP2,False,False,False,0,0,0,42,0,0.0,,
F04058,MECR,False,False,False,0,1,3,38,4,0.047619047619047616,0.625,0.7584503140007388
F04059,MED1,False,False,False,1,0,18,23,18,0.42857142857142855,7.62939453125e-06,7.981707336037023e-05
F04060,MED12,False,False,False,16,1,20,5,21,0.4523809523809524,2.09808349609375e-05,0.0001751513160017273
F04061,MED12L,False,False,False,35,3,4,0,7,0.023809523809523808,1.0,1.0
F04062,MED15,False,False,False,4,2,30,6,32,0.6666666666666666,2.4633482098579407e-07,6.6876850160192855e-06
F04063,MED18,False,False,False,12,1,25,4,26,0.5714285714285714,8.046627044677734e-07,1.6117786488881927e-05
F04064,MED20,False,False,False,6,3,28,5,31,0.5952380952380952,4.649162292480469e-06,5.6669751876802744e-05
F04065,MED21,False,False,False,17,4,18,3,22,0.3333333333333333,0.004343509674072266,0.012688687665031029
F04066,MED23,False,False,False,0,0,2,40,2,0.047619047619047616,0.5,0.6282271944922547
F04067,MED24,False,False,False,12,1,20,9,21,0.4523809523809524,2.09808349609375e-05,0.0001751513160017273
F04068,MED29,False,False,False,36,0,5,1,5,0.11904761904761904,0.0625,0.11622558731955845
F04069,MED31,False,False,False,19,1,21,1,22,0.47619047619047616,1.0967254638671875e-05,0.00010627560910925401
F04070,MED4,False,False,False,1,0,19,22,19,0.4523809523809524,3.814697265625e-06,4.684590847692757e-05
F04071,MEF2C,False,False,False,38,2,2,0,4,0.0,1.0,1.0
F04072,MEF2D,False,False,False,30,1,10,1,11,0.21428571428571427,0.01171875,0.02986508436772692
F04073,MEMO1,False,False,False,0,0,10,32,10,0.23809523809523808,0.001953125,0.006523655948144382
F04074,MEPCE,False,False,False,14,5,19,4,24,0.3333333333333333,0.006610751152038574,0.018521379560295707
F04075,MESD,False,False,False,0,0,1,41,1,0.023809523809523808,1.0,1.0
F04076,MEST,False,False,False,10,6,17,9,23,0.2619047619047619,0.03468966484069824,0.07226096956353438
F04077,MET,False,False,False,13,5,21,3,26,0.38095238095238093,0.002493917942047119,0.008159880915960942
F04078,METAP1,False,False,False,0,0,9,33,9,0.21428571428571427,0.00390625,0.01172410347190498
F04079,METAP2,False,False,False,0,0,0,42,0,0.0,,
F04080,METTL1,False,False,False,2,2,28,10,30,0.6190476190476191,8.67992639541626e-07,1.6797963160292393e-05
F04081,METTL13,False,False,False,0,1,10,31,11,0.21428571428571427,0.01171875,0.02986508436772692
F04082,METTL14,False,False,False,0,3,18,21,21,0.35714285714285715,0.0014896392822265625,0.005365641493546336
F04083,METTL26,False,False,False,4,5,11,22,16,0.14285714285714285,0.210113525390625,0.3264237081618364
F04084,METTL2B,False,False,False,15,0,24,3,24,0.5714285714285714,1.1920928955078125e-07,3.896542449495685e-06
F04085,METTL3,False,False,False,2,2,23,15,25,0.5,1.9431114196777344e-05,0.00016998990715423056
F04086,METTL9,False,False,False,36,1,3,2,4,0.047619047619047616,0.625,0.7584503140007388
F04087,MEX3A,False,False,False,41,0,0,1,0,0.0,,
F04088,MFAP1,False,False,False,1,1,15,25,16,0.3333333333333333,0.000518798828125,0.002199037613407258
F04089,MFAP2,False,False,False,0,0,2,40,2,0.047619047619047616,0.5,0.6282271944922547
F04090,MFAP4,False,False,False,1,19,0,22,19,-0.4523809523809524,3.814697265625e-06,4.684590847692757e-05
F04091,MFAP5,False,False,False,0,1,1,40,2,0.0,1.0,1.0
F04092,MFF,False,False,False,0,0,3,39,3,0.07142857142857142,0.25,0.3572982379812921
F04093,MFGE8,False,False,False,0,0,1,41,1,0.023809523809523808,1.0,1.0
F04094,MFN1,False,False,False,0,1,5,36,6,0.09523809523809523,0.21875,0.3337639340455179
F04095,MFN2,False,False,False,0,0,3,39,3,0.07142857142857142,0.25,0.3572982379812921
F04096,MFSD10,False,False,False,0,0,0,42,0,0.0,,
F04097,MFSD4A,False,False,False,38,4,0,0,4,-0.09523809523809523,0.125,0.2027277215502345
F04098,MFSD5,False,False,False,27,5,7,3,12,0.047619047619047616,0.7744140625,0.9121370366842955
F04099,MFSD6,False,False,False,11,3,20,8,23,0.40476190476190477,0.00048828125,0.002121698288690476
F04100,MGAM,False,False,False,11,3,23,5,26,0.47619047619047616,8.797645568847656e-05,0.0005361830369882106
F04101,MGAT1,False,False,False,0,0,7,35,7,0.16666666666666666,0.015625,0.03678117162307417
F04102,MGAT2,False,False,False,5,0,27,10,27,0.6428571428571429,1.4901161193847656e-08,1.2943592782203968e-06
F04103,MGAT3,False,False,False,0,0,4,38,4,0.09523809523809523,0.125,0.2027277215502345
F04104,MGAT4A,False,False,False,39,3,0,0,3,-0.07142857142857142,0.25,0.3572982379812921
F04105,MGLL,False,False,False,0,0,1,41,1,0.023809523809523808,1.0,1.0
F04106,MGME1,False,False,False,34,1,6,1,7,0.11904761904761904,0.125,0.2027277215502345
F04107,MGMT,False,False,False,2,5,9,26,14,0.09523809523809523,0.4239501953125,0.5711201113805875
F04108,MGP,False,False,False,5,21,3,13,24,-0.42857142857142855,0.0002771615982055664,0.0013119248560594895
F04109,MGST1,False,False,False,8,15,8,11,23,-0.16666666666666666,0.21003961563110352,0.3264237081618364
F04110,MGST2,False,False,False,0,0,0,42,0,0.0,,
F04111,MGST3,False,False,False,0,0,0,42,0,0.0,,
F04112,MIA2,False,False,False,1,1,16,24,17,0.35714285714285715,0.000274658203125,0.0013119248560594895
F04113,MIA3,False,False,False,0,0,5,37,5,0.11904761904761904,0.0625,0.11622558731955845
F04114,MICAL1,False,False,False,0,0,12,30,12,0.2857142857142857,0.00048828125,0.002121698288690476
F04115,MICAL2,False,False,False,17,1,23,1,24,0.5238095238095238,2.9802322387695312e-06,3.9451045565085836e-05
F04116,MICAL3,False,False,False,33,0,9,0,9,0.21428571428571427,0.00390625,0.01172410347190498
F04117,MICALL1,False,False,False,1,0,7,34,7,0.16666666666666666,0.015625,0.03678117162307417
F04118,MICALL2,False,False,False,24,3,15,0,18,0.2857142857142857,0.007537841796875,0.020482092976855548
F04119,MICOS10,False,False,False,0,0,9,33,9,0.21428571428571427,0.00390625,0.01172410347190498
F04120,MICOS13,False,False,False,0,4,6,32,10,0.047619047619047616,0.75390625,0.8906966485344362
F04121,MICU1,False,False,False,18,6,16,2,22,0.23809523809523808,0.052478790283203125,0.10329108812481862
F04122,MICU2,False,False,False,0,0,19,23,19,0.4523809523809524,3.814697265625e-06,4.684590847692757e-05
F04123,MID1,False,False,False,2,4,16,20,20,0.2857142857142857,0.01181793212890625,0.029885994644693634
F04124,MIDEAS,False,False,False,11,5,21,5,26,0.38095238095238093,0.002493917942047119,0.008159880915960942
F04125,MIEF1,False,False,False,30,0,11,1,11,0.2619047619047619,0.0009765625,0.0036371970663265306
F04126,MIEN1,False,False,False,6,4,18,14,22,0.3333333333333333,0.004343509674072266,0.012688687665031029
F04127,MIER1,False,False,False,23,2,16,1,18,0.3333333333333333,0.001312255859375,0.0048191844584090275
F04128,MIF,False,False,False,0,0,0,42,0,0.0,,
F04129,MINDY1,False,False,False,16,11,12,3,23,0.023809523809523808,1.0,1.0
F04130,MINDY2,False,False,False,38,3,0,1,3,-0.07142857142857142,0.25,0.3572982379812921
F04131,MINDY3,False,False,False,21,20,0,1,20,-0.47619047619047616,1.9073486328125e-06,2.7785544384873893e-05
F04132,MINK1,False,False,False,0,1,7,34,8,0.14285714285714285,0.0703125,0.12687534331227684
F04133,MINPP1,False,False,False,1,4,11,26,15,0.16666666666666666,0.11846923828125,0.2027277215502345
F04134,MIOS,False,False,False,2,4,12,24,16,0.19047619047619047,0.076812744140625,0.13784750860527348
F04135,MIPEP,False,False,False,1,2,11,28,13,0.21428571428571427,0.0224609375,0.050450721153846155
F04136,MISP,False,False,False,10,1,28,3,29,0.6428571428571429,1.1175870895385742e-07,3.896542449495685e-06
F04137,MIX23,False,False,False,0,0,7,35,7,0.16666666666666666,0.015625,0.03678117162307417
F04138,MKI67,False,False,False,0,0,12,30,12,0.2857142857142857,0.00048828125,0.002121698288690476
F04139,MKRN1,False,False,False,39,1,2,0,3,0.023809523809523808,1.0,1.0
F04140,MKRN2,False,False,False,9,9,15,9,24,0.14285714285714285,0.30745625495910645,0.4293278629290817
F04141,MKS1,False,False,False,13,3,23,3,26,0.47619047619047616,8.797645568847656e-05,0.0005361830369882106
F04142,MLC1,False,False,False,25,5,8,4,13,0.07142857142857142,0.5810546875,0.7167723050835524
F04143,MLEC,False,False,False,0,0,0,42,0,0.0,,
F04144,MLF2,False,False,False,4,8,5,25,13,-0.07142857142857142,0.5810546875,0.7167723050835524
F04145,MLH1,False,False,False,24,1,17,0,18,0.38095238095238093,0.00014495849609375,0.000789045003592326
F04146,MLH3,False,False,False,40,2,0,0,2,-0.047619047619047616,0.5,0.6282271944922547
F04147,MLIP,False,False,False,14,17,4,7,21,-0.30952380952380953,0.007197380065917969,0.019985962397751925
F04148,MLKL,False,False,False,5,1,25,11,26,0.5714285714285714,8.046627044677734e-07,1.6117786488881927e-05
F04149,MLPH,False,False,False,25,6,9,2,15,0.07142857142857142,0.60723876953125,0.7455725501439567
F04150,MLST8,False,False,False,28,2,10,2,12,0.19047619047619047,0.03857421875,0.07848337155963303
F04151,MLXIPL,False,False,False,41,1,0,0,1,-0.023809523809523808,1.0,1.0
F04152,MLYCD,False,False,False,15,9,12,6,21,0.07142857142857142,0.6636238098144531,0.7992682732320728
F04153,MMAA,False,False,False,3,3,9,27,12,0.14285714285714285,0.14599609375,0.23332384722391145
F04154,MMAB,False,False,False,0,1,1,40,2,0.0,1.0,1.0
F04155,MME,False,False,False,6,6,12,18,18,0.14285714285714285,0.237884521484375,0.3572982379812921
F04156,MMGT1,False,False,False,1,0,10,31,10,0.23809523809523808,0.001953125,0.006523655948144382
F04157,MMP1,False,False,False,1,2,30,9,32,0.6666666666666666,2.4633482098579407e-07,6.6876850160192855e-06
F04158,MMP10,False,False,False,1,0,31,10,31,0.7380952380952381,9.313225746154785e-10,3.220415429065102e-07
F04159,MMP12,False,False,False,16,0,22,4,22,0.5238095238095238,4.76837158203125e-07,1.0408040296991798e-05
F04160,MMP13,False,False,False,1,5,12,24,17,0.16666666666666666,0.143463134765625,0.23067860876411067
F04161,MMP14,False,False,False,0,0,15,27,15,0.35714285714285715,6.103515625e-05,0.0004117053147458932
F04162,MMP2,False,False,False,1,3,9,29,12,0.14285714285714285,0.14599609375,0.23332384722391145
F04163,MMP23B,False,False,False,37,5,0,0,5,-0.11904761904761904,0.0625,0.11622558731955845
F04164,MMP24OS,False,False,False,6,5,16,15,21,0.2619047619047619,0.02660369873046875,0.0591493403245955
F04165,MMP25,False,False,False,34,1,5,2,6,0.09523809523809523,0.21875,0.3337639340455179
F04166,MMP3,False,False,False,14,2,24,2,26,0.5238095238095238,1.049041748046875e-05,0.00010522449289569418
F04167,MMP7,False,False,False,24,3,12,3,15,0.21428571428571427,0.03515625,0.07256568096135721
F04168,MMP8,False,False,False,0,1,11,30,12,0.23809523809523808,0.00634765625,0.017898756035407724
F04169,MMP9,False,False,False,0,0,1,41,1,0.023809523809523808,1.0,1.0
F04170,MMRN1,False,False,False,0,0,0,42,0,0.0,,
F04171,MMRN2,False,False,False,0,0,3,39,3,0.07142857142857142,0.25,0.3572982379812921
F04172,MMS19,False,False,False,0,0,4,38,4,0.09523809523809523,0.125,0.2027277215502345
F04173,MMS22L,False,False,False,39,1,2,0,3,0.023809523809523808,1.0,1.0
F04174,MMTAG2,False,False,False,1,1,15,25,16,0.3333333333333333,0.000518798828125,0.002199037613407258
F04175,MMUT,False,False,False,0,0,1,41,1,0.023809523809523808,1.0,1.0
F04176,MNAT1,False,False,False,15,2,21,4,23,0.4523809523809524,6.604194641113281e-05,0.00042917466658866723
F04177,MNDA,False,False,False,0,0,0,42,0,0.0,,
F04178,MNT,False,False,False,22,11,6,3,17,-0.11904761904761904,0.332305908203125,0.4625529273081634
F04179,MOB1B;MOB1A,False,True,True,42,0,0,0,0,0.0,,
F04180,MOB2,False,False,False,1,1,14,26,15,0.30952380952380953,0.0009765625,0.0036371970663265306
F04181,MOB4,False,False,False,0,0,16,26,16,0.38095238095238093,3.0517578125e-05,0.00023755982023844786
F04182,MOCS2,True,False,False,14,5,12,11,17,0.16666666666666666,0.143463134765625,0.23067860876411067
F04183,MOCS2,True,False,False,36,4,1,1,5,-0.07142857142857142,0.375,0.510833506116525
F04184,MOCS3,False,False,False,6,4,24,8,28,0.47619047619047616,0.00017999112606048584,0.0009606350107371177
F04185,MOG,False,False,False,40,2,0,0,2,-0.047619047619047616,0.5,0.6282271944922547
F04186,MOGS,False,False,False,0,0,2,40,2,0.047619047619047616,0.5,0.6282271944922547
F04187,MON2,False,False,False,0,0,6,36,6,0.14285714285714285,0.03125,0.06532373528475978
F04188,MORC2,False,False,False,14,2,21,5,23,0.4523809523809524,6.604194641113281e-05,0.00042917466658866723
F04189,MORC3,False,False,False,12,3,24,3,27,0.5,4.9233436584472656e-05,0.0003504481889057263
F04190,MORF4L1,False,False,False,24,2,16,0,18,0.3333333333333333,0.001312255859375,0.0048191844584090275
F04191,MORF4L2,False,False,False,11,2,22,7,24,0.47619047619047616,3.5881996154785156e-05,0.0002719085521763996
F04192,MOSPD2,False,False,False,3,1,24,14,25,0.5476190476190477,1.5497207641601562e-06,2.4955062305226046e-05
F04193,MOSPD3,False,False,False,32,8,1,1,9,-0.16666666666666666,0.0390625,0.07848337155963303
F04194,MOV10,False,False,False,1,0,10,31,10,0.23809523809523808,0.001953125,0.006523655948144382
F04195,MOV10L1,False,False,False,37,1,4,0,5,0.07142857142857142,0.375,0.510833506116525
F04196,MOXD1,False,False,False,12,13,7,10,20,-0.14285714285714285,0.26317596435546875,0.3745810411211936
F04197,MPC1,False,False,False,34,7,1,0,8,-0.14285714285714285,0.0703125,0.12687534331227684
F04198,MPC2,False,False,False,2,10,8,22,18,-0.047619047619047616,0.8145294189453125,0.9495135348599544
F04199,MPDU1,False,False,False,0,0,4,38,4,0.09523809523809523,0.125,0.2027277215502345
F04200,MPEG1,False,False,False,27,6,7,2,13,0.023809523809523808,1.0,1.0
F04201,MPG,False,False,False,1,0,9,32,9,0.21428571428571427,0.00390625,0.01172410347190498
F04202,MPHOSPH10,False,False,False,4,1,28,9,29,0.6428571428571429,1.1175870895385742e-07,3.896542449495685e-06
F04203,MPHOSPH8,False,False,False,24,5,10,3,15,0.11904761904761904,0.3017578125,0.4219086674026389
F04204,MPI,False,False,False,0,0,2,40,2,0.047619047619047616,0.5,0.6282271944922547
F04205,MPIG6B,False,False,False,32,2,7,1,9,0.11904761904761904,0.1796875,0.2823599318344894
F04206,MPLKIP,False,False,False,22,3,16,1,19,0.30952380952380953,0.004425048828125,0.012728796322583735
F04207,MPO,False,False,False,0,0,0,42,0,0.0,,
F04208,MPP1,False,False,False,0,0,1,41,1,0.023809523809523808,1.0,1.0
F04209,MPP7,False,False,False,1,10,5,26,15,-0.11904761904761904,0.3017578125,0.4219086674026389
F04210,MPRIP,False,False,False,1,1,10,30,11,0.21428571428571427,0.01171875,0.02986508436772692
F04211,MPST,False,False,False,0,0,0,42,0,0.0,,
F04212,MPV17,False,False,False,14,3,10,15,13,0.16666666666666666,0.09228515625,0.1641791163180341
F04213,MPZ,False,False,False,1,21,1,19,22,-0.47619047619047616,1.0967254638671875e-05,0.00010627560910925401
F04214,MPZL1,False,False,False,3,1,18,20,19,0.40476190476190477,7.62939453125e-05,0.0004760220519497863
F04215,MPZL2,False,False,False,1,3,11,27,14,0.19047619047619047,0.057373046875,0.11175242157389564
F04216,MRC1,False,False,False,0,0,2,40,2,0.047619047619047616,0.5,0.6282271944922547
F04217,MRC2,False,False,False,0,1,1,40,2,0.0,1.0,1.0
F04218,MRE11,False,False,False,0,0,2,40,2,0.047619047619047616,0.5,0.6282271944922547
F04219,MRFAP1,False,False,False,40,1,1,0,2,0.0,1.0,1.0
F04220,MRGBP,False,False,False,1,0,17,24,17,0.40476190476190477,1.52587890625e-05,0.0001392364501953125
F04221,MRGPRF,False,False,False,7,17,2,16,19,-0.35714285714285715,0.000728607177734375,0.0029843822679020224
F04222,MRI1,False,False,False,1,1,8,32,9,0.16666666666666666,0.0390625,0.07848337155963303
F04223,MRM1,False,False,False,33,1,7,1,8,0.14285714285714285,0.0703125,0.12687534331227684
F04224,MRM2,False,False,False,41,0,0,1,0,0.0,,
F04225,MRM3,False,False,False,34,0,7,1,7,0.16666666666666666,0.015625,0.03678117162307417
F04226,MROH1,False,False,False,0,0,17,25,17,0.40476190476190477,1.52587890625e-05,0.0001392364501953125
F04227,MRPL1,False,False,False,0,4,9,29,13,0.11904761904761904,0.266845703125,0.37808416422929697
F04228,MRPL10,False,False,False,18,2,15,7,17,0.30952380952380953,0.002349853515625,0.007711557241586538
F04229,MRPL11,False,False,False,0,2,4,36,6,0.047619047619047616,0.6875,0.8218477074235808
F04230,MRPL12,False,False,False,0,0,1,41,1,0.023809523809523808,1.0,1.0
F04231,MRPL13,False,False,False,0,0,2,40,2,0.047619047619047616,0.5,0.6282271944922547
F04232,MRPL14,False,False,False,1,4,12,25,16,0.19047619047619047,0.076812744140625,0.13784750860527348
F04233,MRPL15,False,False,False,0,0,3,39,3,0.07142857142857142,0.25,0.3572982379812921
F04234,MRPL16,False,False,False,1,0,6,35,6,0.14285714285714285,0.03125,0.06532373528475978
F04235,MRPL17,False,False,False,0,0,0,42,0,0.0,,
F04236,MRPL18,False,False,False,0,1,4,37,5,0.07142857142857142,0.375,0.510833506116525
F04237,MRPL19,False,False,False,0,0,5,37,5,0.11904761904761904,0.0625,0.11622558731955845
F04238,MRPL2,False,False,False,0,2,3,37,5,0.023809523809523808,1.0,1.0
F04239,MRPL20,False,False,False,30,5,4,3,9,-0.023809523809523808,1.0,1.0
F04240,MRPL21,False,False,False,1,4,6,31,10,0.047619047619047616,0.75390625,0.8906966485344362
F04241,MRPL22,False,False,False,27,3,11,1,14,0.19047619047619047,0.057373046875,0.11175242157389564
F04242,MRPL23,False,False,False,0,1,1,40,2,0.0,1.0,1.0
F04243,MRPL24,False,False,False,1,4,8,29,12,0.09523809523809523,0.3876953125,0.5249707755822342
F04244,MRPL27,False,False,False,25,1,11,5,12,0.23809523809523808,0.00634765625,0.017898756035407724
F04245,MRPL28,False,False,False,0,2,10,30,12,0.19047619047619047,0.03857421875,0.07848337155963303
F04246,MRPL3,False,False,False,1,2,9,30,11,0.16666666666666666,0.0654296875,0.11997573175411666
F04247,MRPL30,False,False,False,3,3,12,24,15,0.21428571428571427,0.03515625,0.07256568096135721
F04248,MRPL32,False,False,False,35,0,6,1,6,0.14285714285714285,0.03125,0.06532373528475978
F04249,MRPL33,False,False,False,6,6,14,16,20,0.19047619047619047,0.11531829833984375,0.20069966095172806
F04250,MRPL34,False,False,False,24,10,3,5,13,-0.16666666666666666,0.09228515625,0.1641791163180341
F04251,MRPL35,False,False,False,41,1,0,0,1,-0.023809523809523808,1.0,1.0
F04252,MRPL37,False,False,False,0,0,2,40,2,0.047619047619047616,0.5,0.6282271944922547
F04253,MRPL38,False,False,False,0,1,4,37,5,0.07142857142857142,0.375,0.510833506116525
F04254,MRPL39,False,False,False,0,0,3,39,3,0.07142857142857142,0.25,0.3572982379812921
F04255,MRPL4,False,False,False,0,0,4,38,4,0.09523809523809523,0.125,0.2027277215502345
F04256,MRPL40,False,False,False,0,3,4,35,7,0.023809523809523808,1.0,1.0
F04257,MRPL41,False,False,False,0,1,2,39,3,0.023809523809523808,1.0,1.0
F04258,MRPL43,False,False,False,0,1,2,39,3,0.023809523809523808,1.0,1.0
F04259,MRPL44,False,False,False,0,0,8,34,8,0.19047619047619047,0.0078125,0.020482092976855548
F04260,MRPL45,False,False,False,0,1,12,29,13,0.2619047619047619,0.00341796875,0.010703553235224024
F04261,MRPL46,False,False,False,0,0,3,39,3,0.07142857142857142,0.25,0.3572982379812921
F04262,MRPL47,False,False,False,0,1,5,36,6,0.09523809523809523,0.21875,0.3337639340455179
F04263,MRPL48,False,False,False,0,2,9,31,11,0.16666666666666666,0.0654296875,0.11997573175411666
F04264,MRPL49,False,False,False,0,0,1,41,1,0.023809523809523808,1.0,1.0
F04265,MRPL50,False,False,False,0,1,6,35,7,0.11904761904761904,0.125,0.2027277215502345
F04266,MRPL53,False,False,False,4,1,17,20,18,0.38095238095238093,0.00014495849609375,0.000789045003592326
F04267,MRPL55,False,False,False,35,1,5,1,6,0.09523809523809523,0.21875,0.3337639340455179
F04268,MRPL57,False,False,False,19,7,11,5,18,0.09523809523809523,0.480682373046875,0.6282271944922547
F04269,MRPL58,False,False,False,0,1,6,35,7,0.11904761904761904,0.125,0.2027277215502345
F04270,MRPL9,False,False,False,0,1,5,36,6,0.09523809523809523,0.21875,0.3337639340455179
F04271,MRPS10,False,False,False,12,2,16,12,18,0.3333333333333333,0.001312255859375,0.0048191844584090275
F04272,MRPS11,False,False,False,7,5,14,16,19,0.21428571428571427,0.063568115234375,0.1175464444384587
F04273,MRPS12,False,False,False,1,5,22,14,27,0.40476190476190477,0.0015137195587158203,0.005431533315545025
F04274,MRPS14,False,False,False,24,5,9,4,14,0.09523809523809523,0.4239501953125,0.5711201113805875
F04275,MRPS15,False,False,False,10,2,23,7,25,0.5,1.9431114196777344e-05,0.00016998990715423056
F04276,MRPS16,False,False,False,0,2,6,34,8,0.09523809523809523,0.2890625,0.40597277148354
F04277,MRPS17,False,False,False,0,0,2,40,2,0.047619047619047616,0.5,0.6282271944922547
F04278,MRPS18A,False,False,False,10,10,10,12,20,0.0,1.0,1.0
F04279,MRPS18B,False,False,False,0,1,11,30,12,0.23809523809523808,0.00634765625,0.017898756035407724
F04280,MRPS2,False,False,False,0,1,7,34,8,0.14285714285714285,0.0703125,0.12687534331227684
F04281,MRPS22,False,False,False,0,1,2,39,3,0.023809523809523808,1.0,1.0
F04282,MRPS23,False,False,False,0,0,1,41,1,0.023809523809523808,1.0,1.0
F04283,MRPS24,False,False,False,0,3,17,22,20,0.3333333333333333,0.0025768280029296875,0.008286544849778888
F04284,MRPS25,False,False,False,3,5,15,19,20,0.23809523809523808,0.04138946533203125,0.08245263409079603
F04285,MRPS26,False,False,False,13,7,17,5,24,0.23809523809523808,0.06391465663909912,0.11792173381602955
F04286,MRPS27,False,False,False,0,0,3,39,3,0.07142857142857142,0.25,0.3572982379812921
F04287,MRPS28,False,False,False,0,1,9,32,10,0.19047619047619047,0.021484375,0.0488923947869761
F04288,MRPS30,False,False,False,3,3,16,20,19,0.30952380952380953,0.004425048828125,0.012728796322583735
F04289,MRPS31,False,False,False,0,3,4,35,7,0.023809523809523808,1.0,1.0
F04290,MRPS33,False,False,False,11,6,16,9,22,0.23809523809523808,0.052478790283203125,0.10329108812481862
F04291,MRPS34,False,False,False,0,0,3,39,3,0.07142857142857142,0.25,0.3572982379812921
F04292,MRPS35,False,False,False,1,1,9,31,10,0.19047619047619047,0.021484375,0.0488923947869761
F04293,MRPS36,False,False,False,0,0,1,41,1,0.023809523809523808,1.0,1.0
F04294,MRPS5,False,False,False,1,5,9,27,14,0.09523809523809523,0.4239501953125,0.5711201113805875
F04295,MRPS6,False,False,False,4,4,16,18,20,0.2857142857142857,0.01181793212890625,0.029885994644693634
F04296,MRPS7,False,False,False,0,1,6,35,7,0.11904761904761904,0.125,0.2027277215502345
F04297,MRPS9,False,False,False,0,0,6,36,6,0.14285714285714285,0.03125,0.06532373528475978
F04298,MRRF,False,False,False,5,1,19,17,20,0.42857142857142855,4.00543212890625e-05,0.0002895015301090656
F04299,MRTFB,False,False,False,16,4,19,3,23,0.35714285714285715,0.002599477767944336,0.008286544849778888
F04300,MRTO4,False,False,False,0,0,2,40,2,0.047619047619047616,0.5,0.6282271944922547
F04301,MS4A1,False,False,False,11,7,12,12,19,0.11904761904761904,0.359283447265625,0.4963188075136998
F04302,MSH2,False,False,False,0,1,14,27,15,0.30952380952380953,0.0009765625,0.0036371970663265306
F04303,MSH3,False,False,False,22,3,15,2,18,0.2857142857142857,0.007537841796875,0.020482092976855548
F04304,MSH5,False,False,False,35,6,1,0,7,-0.11904761904761904,0.125,0.2027277215502345
F04305,MSH6,False,False,False,0,2,10,30,12,0.19047619047619047,0.03857421875,0.07848337155963303
F04306,MSI1,False,False,False,38,0,3,1,3,0.07142857142857142,0.25,0.3572982379812921
F04307,MSI2,False,False,False,1,2,6,33,8,0.09523809523809523,0.2890625,0.40597277148354
F04308,MSLN,False,False,False,28,4,7,3,11,0.07142857142857142,0.548828125,0.6802114282682513
F04309,MSMO1,False,False,False,0,0,5,37,5,0.11904761904761904,0.0625,0.11622558731955845
F04310,MSN,False,False,False,0,0,0,42,0,0.0,,
F04311,MSRA,False,False,False,20,4,13,5,17,0.21428571428571427,0.049041748046875,0.09713725796441626
F04312,MSRB2,False,False,False,19,9,9,5,18,0.0,1.0,1.0
F04313,MST1,False,False,False,30,6,3,3,9,-0.07142857142857142,0.5078125,0.632959234490609
F04314,MST1L,False,False,False,0,0,0,42,0,0.0,,
F04315,MST1R,False,False,False,16,2,20,4,22,0.42857142857142855,0.00012111663818359375,0.0006813950323916738
F04316,MSTO1,False,False,False,8,2,24,8,26,0.5238095238095238,1.049041748046875e-05,0.00010522449289569418
F04317,MT1F,False,False,False,27,2,13,0,15,0.2619047619047619,0.00738525390625,0.0203017230811977
F04318,MT2A,False,False,False,41,0,1,0,1,0.023809523809523808,1.0,1.0
F04319,MT3,False,False,False,39,1,2,0,3,0.023809523809523808,1.0,1.0
F04320,MTA1,False,False,False,4,7,17,14,24,0.23809523809523808,0.06391465663909912,0.11792173381602955
F04321,MTA2,False,False,False,0,0,6,36,6,0.14285714285714285,0.03125,0.06532373528475978
F04322,MTA3,False,False,False,33,1,7,1,8,0.14285714285714285,0.0703125,0.12687534331227684
F04323,MTAP,False,False,False,0,0,0,42,0,0.0,,
F04324,MTARC2,False,False,False,3,17,3,19,20,-0.3333333333333333,0.0025768280029296875,0.008286544849778888
F04325,MT-ATP6,False,False,False,0,0,2,40,2,0.047619047619047616,0.5,0.6282271944922547
F04326,MT-ATP8,False,False,False,0,1,0,41,1,-0.023809523809523808,1.0,1.0
F04327,MTBP,False,False,False,36,5,1,0,6,-0.09523809523809523,0.21875,0.3337639340455179
F04328,MTCH1,False,False,False,3,3,17,19,20,0.3333333333333333,0.0025768280029296875,0.008286544849778888
F04329,MTCH2,False,False,False,0,0,0,42,0,0.0,,
F04330,MT-CO1,False,False,False,8,4,13,17,17,0.21428571428571427,0.049041748046875,0.09713725796441626
F04331,MT-CO2,False,False,False,0,0,0,42,0,0.0,,
F04332,MT-CO3,False,False,False,0,0,3,39,3,0.07142857142857142,0.25,0.3572982379812921
F04333,MT-CYB,False,False,False,10,15,6,11,21,-0.21428571428571427,0.0783538818359375,0.14015382620803413
F04334,MTDH,False,False,False,0,0,3,39,3,0.07142857142857142,0.25,0.3572982379812921
F04335,MTFP1,False,False,False,20,1,19,2,20,0.42857142857142855,4.00543212890625e-05,0.0002895015301090656
F04336,MTFR1L,False,False,False,4,11,5,22,16,-0.14285714285714285,0.210113525390625,0.3264237081618364
F04337,MTG1,False,False,False,21,2,15,4,17,0.30952380952380953,0.002349853515625,0.007711557241586538
F04338,MTHFD1,False,False,False,0,0,0,42,0,0.0,,
F04339,MTHFD1L,False,False,False,0,0,21,21,21,0.5,9.5367431640625e-07,1.6797963160292393e-05
F04340,MTHFD2,False,False,False,4,0,24,14,24,0.5714285714285714,1.1920928955078125e-07,3.896542449495685e-06
F04341,MTHFSD,False,False,False,25,1,15,1,16,0.3333333333333333,0.000518798828125,0.002199037613407258
F04342,MTIF2,False,False,False,1,2,10,29,12,0.19047619047619047,0.03857421875,0.07848337155963303
F04343,MTM1,False,False,False,2,6,16,18,22,0.23809523809523808,0.052478790283203125,0.10329108812481862
F04344,MTMR1,False,False,False,5,3,22,12,25,0.4523809523809524,0.00015652179718017578,0.0008387832034859338
F04345,MTMR12,False,False,False,34,2,5,1,7,0.07142857142857142,0.453125,0.6055675870964624
F04346,MTMR14,False,False,False,16,1,19,6,20,0.42857142857142855,4.00543212890625e-05,0.0002895015301090656
F04347,MTMR3,False,False,False,19,5,17,1,22,0.2857142857142857,0.01690053939819336,0.03958522062250637
F04348,MTMR6,False,False,False,2,1,17,22,18,0.38095238095238093,0.00014495849609375,0.000789045003592326
F04349,MT-ND1,False,False,False,7,11,4,20,15,-0.16666666666666666,0.11846923828125,0.2027277215502345
F04350,MT-ND2,False,False,False,0,1,4,37,5,0.07142857142857142,0.375,0.510833506116525
F04351,MT-ND3,False,False,False,17,10,11,4,21,0.023809523809523808,1.0,1.0
F04352,MT-ND4,False,False,False,0,1,4,37,5,0.07142857142857142,0.375,0.510833506116525
F04353,MT-ND5,False,False,False,1,5,5,31,10,0.0,1.0,1.0
F04354,MTO1,False,False,False,24,4,12,2,16,0.19047619047619047,0.076812744140625,0.13784750860527348
F04355,MTOR,False,False,False,0,0,5,37,5,0.11904761904761904,0.0625,0.11622558731955845
F04356,MTPAP,False,False,False,11,4,15,12,19,0.2619047619047619,0.0192108154296875,0.044614725123028234
F04357,MTPN,False,False,False,0,0,0,42,0,0.0,,
F04358,MTR,False,False,False,39,0,2,1,2,0.047619047619047616,0.5,0.6282271944922547
F04359,MTREX,False,False,False,0,0,5,37,5,0.11904761904761904,0.0625,0.11622558731955845
F04360,MTRF1L,False,False,False,37,2,2,1,4,0.0,1.0,1.0
F04361,MTSS1,False,False,False,7,1,26,8,27,0.5952380952380952,4.172325134277344e-07,1.0305329373008326e-05
F04362,MTURN,False,False,False,38,3,1,0,4,-0.047619047619047616,0.625,0.7584503140007388
F04363,MTX1,False,False,False,0,0,1,41,1,0.023809523809523808,1.0,1.0
F04364,MTX2,False,False,False,0,0,6,36,6,0.14285714285714285,0.03125,0.06532373528475978
F04365,MTX3,False,False,False,8,5,19,10,24,0.3333333333333333,0.006610751152038574,0.018521379560295707
F04366,MUC1,False,False,False,25,7,7,3,14,0.0,1.0,1.0
F04367,MUC16,False,False,False,26,7,9,0,16,0.047619047619047616,0.803619384765625,0.9394625192010955
F04368,MUC21,False,False,False,7,28,3,4,31,-0.5952380952380952,4.649162292480469e-06,5.6669751876802744e-05
F04369,MUC4,False,False,False,32,4,6,0,10,0.047619047619047616,0.75390625,0.8906966485344362
F04370,MUC5AC,False,False,False,32,6,4,0,10,-0.047619047619047616,0.75390625,0.8906966485344362
F04371,MUC5B,False,False,False,0,1,2,39,3,0.023809523809523808,1.0,1.0
F04372,MUC7,False,False,False,27,8,7,0,15,-0.023809523809523808,1.0,1.0
F04373,MUCL1,False,False,False,14,3,14,11,17,0.2619047619047619,0.012725830078125,0.03188754952409977
F04374,MUSTN1,False,False,False,0,26,1,15,27,-0.5952380952380952,4.172325134277344e-07,1.0305329373008326e-05
F04375,MVB12A,False,False,False,3,2,15,22,17,0.30952380952380953,0.002349853515625,0.007711557241586538
F04376,MVD,False,False,False,0,1,8,33,9,0.16666666666666666,0.0390625,0.07848337155963303
F04377,MVK,False,False,False,0,1,10,31,11,0.21428571428571427,0.01171875,0.02986508436772692
F04378,MVP,False,False,False,0,0,0,42,0,0.0,,
F04379,MX1,False,False,False,0,1,1,40,2,0.0,1.0,1.0
F04380,MX2,False,False,False,0,0,19,23,19,0.4523809523809524,3.814697265625e-06,4.684590847692757e-05
F04381,MXRA5,False,False,False,2,1,15,24,16,0.3333333333333333,0.000518798828125,0.002199037613407258
F04382,MXRA7,False,False,False,0,0,0,42,0,0.0,,
F04383,MYADM,False,False,False,0,0,1,41,1,0.023809523809523808,1.0,1.0
F04384,MYBBP1A,False,False,False,0,0,4,38,4,0.09523809523809523,0.125,0.2027277215502345
F04385,MYBPC1,False,False,False,0,4,5,33,9,0.023809523809523808,1.0,1.0
F04386,MYBPC2,False,False,False,1,2,5,34,7,0.07142857142857142,0.453125,0.6055675870964624
F04387,MYBPH,False,False,False,11,12,8,11,20,-0.09523809523809523,0.5034446716308594,0.6302651472207976
F04388,MYCBP,False,False,False,0,0,6,36,6,0.14285714285714285,0.03125,0.06532373528475978
F04389,MYCBP2,False,False,False,0,0,13,29,13,0.30952380952380953,0.000244140625,0.0012069254373589164
F04390,MYD88,False,False,False,0,0,19,23,19,0.4523809523809524,3.814697265625e-06,4.684590847692757e-05
F04391,MYDGF,False,False,False,0,0,1,41,1,0.023809523809523808,1.0,1.0
F04392,MYEF2,False,False,False,34,3,3,2,6,0.0,1.0,1.0
F04393,MYG1,False,False,False,0,0,2,40,2,0.047619047619047616,0.5,0.6282271944922547
F04394,MYH1,False,False,False,2,5,3,32,8,-0.047619047619047616,0.7265625,0.8618009794186676
F04395,MYH10,False,False,False,0,0,0,42,0,0.0,,
F04396,MYH11,False,False,False,0,0,0,42,0,0.0,,
F04397,MYH13,False,False,False,2,8,6,26,14,-0.047619047619047616,0.79052734375,0.9276236200102697
F04398,MYH14,False,False,False,0,0,0,42,0,0.0,,
F04399,MYH15,False,False,False,4,10,9,19,19,-0.023809523809523808,1.0,1.0
F04400,MYH16,False,False,False,37,5,0,0,5,-0.11904761904761904,0.0625,0.11622558731955845
F04401,MYH2,False,False,False,0,0,0,42,0,0.0,,
F04402,MYH3,False,False,False,0,2,9,31,11,0.16666666666666666,0.0654296875,0.11997573175411666
F04403,MYH4,False,False,False,2,5,5,30,10,0.0,1.0,1.0
F04404,MYH6,False,False,False,6,19,5,12,24,-0.3333333333333333,0.006610751152038574,0.018521379560295707
F04405,MYH7,False,False,False,0,0,0,42,0,0.0,,
F04406,MYH7B,False,False,False,33,5,3,1,8,-0.047619047619047616,0.7265625,0.8618009794186676
F04407,MYH8,False,False,False,6,11,7,18,18,-0.09523809523809523,0.480682373046875,0.6282271944922547
F04408,MYH9,False,False,False,0,0,0,42,0,0.0,,
F04409,MYL1,False,False,False,0,1,0,41,1,-0.023809523809523808,1.0,1.0
F04410,MYL11,False,False,False,0,3,0,39,3,-0.07142857142857142,0.25,0.3572982379812921
F04411,MYL12B,False,False,True,42,0,0,0,0,0.0,,
F04412,MYL2,False,False,False,0,1,2,39,3,0.023809523809523808,1.0,1.0
F04413,MYL3,False,False,False,0,0,0,42,0,0.0,,
F04414,MYL4,False,False,False,0,0,0,42,0,0.0,,
F04415,MYL5,False,False,False,18,20,2,2,22,-0.42857142857142855,0.00012111663818359375,0.0006813950323916738
F04416,MYL6,False,False,False,0,0,0,42,0,0.0,,
F04417,MYL6B,False,False,False,0,2,4,36,6,0.047619047619047616,0.6875,0.8218477074235808
F04418,MYL9,False,False,False,0,0,1,41,1,0.023809523809523808,1.0,1.0
F04419,MYLK,False,False,False,0,0,1,41,1,0.023809523809523808,1.0,1.0
F04420,MYLK2,False,False,False,10,12,8,12,20,-0.09523809523809523,0.5034446716308594,0.6302651472207976
F04421,MYLK3,False,False,False,22,16,4,0,20,-0.2857142857142857,0.01181793212890625,0.029885994644693634
F04422,MYO16,False,False,False,25,6,9,2,15,0.07142857142857142,0.60723876953125,0.7455725501439567
F04423,MYO18A,False,False,False,0,0,0,42,0,0.0,,
F04424,MYO18B,False,False,False,14,4,19,5,23,0.35714285714285715,0.002599477767944336,0.008286544849778888
F04425,MYO19,False,False,False,33,5,3,1,8,-0.047619047619047616,0.7265625,0.8618009794186676
F04426,MYO1B,False,False,False,0,0,3,39,3,0.07142857142857142,0.25,0.3572982379812921
F04427,MYO1C,False,False,False,0,0,0,42,0,0.0,,
F04428,MYO1D,False,False,False,0,0,2,40,2,0.047619047619047616,0.5,0.6282271944922547
F04429,MYO1E,False,False,False,0,0,10,32,10,0.23809523809523808,0.001953125,0.006523655948144382
F04430,MYO1F,False,False,False,0,0,5,37,5,0.11904761904761904,0.0625,0.11622558731955845
F04431,MYO1G,False,False,False,0,0,11,31,11,0.2619047619047619,0.0009765625,0.0036371970663265306
F04432,MYO5A,False,False,False,0,0,16,26,16,0.38095238095238093,3.0517578125e-05,0.00023755982023844786
F04433,MYO5B,False,False,False,2,5,13,22,18,0.19047619047619047,0.09625244140625,0.16967495037270258
F04434,MYO5C,False,False,False,11,20,2,9,22,-0.42857142857142855,0.00012111663818359375,0.0006813950323916738
F04435,MYO6,False,False,False,0,1,7,34,8,0.14285714285714285,0.0703125,0.12687534331227684
F04436,MYO9B,False,False,False,1,0,28,13,28,0.6666666666666666,7.450580596923828e-09,8.741127593176705e-07
F04437,MYOC,False,False,False,11,22,3,6,25,-0.4523809523809524,0.00015652179718017578,0.0008387832034859338
F04438,MYOF,False,False,False,0,0,0,42,0,0.0,,
F04439,MYOM1,False,False,False,0,1,3,38,4,0.047619047619047616,0.625,0.7584503140007388
F04440,MYOM2,False,False,False,0,5,3,34,8,-0.047619047619047616,0.7265625,0.8618009794186676
F04441,MYOM3,False,False,False,2,0,2,38,2,0.047619047619047616,0.5,0.6282271944922547
F04442,MYOT,False,False,False,2,8,8,24,16,0.0,1.0,1.0
F04443,MYOZ1,False,False,False,1,9,7,25,16,-0.047619047619047616,0.803619384765625,0.9394625192010955
F04444,MYOZ2,False,False,False,13,18,6,5,24,-0.2857142857142857,0.022655844688415527,0.0506978540881778
F04445,MYOZ3,False,False,False,13,17,4,8,21,-0.30952380952380953,0.007197380065917969,0.019985962397751925
F04446,MYPN,False,False,False,0,3,4,35,7,0.023809523809523808,1.0,1.0
F04447,MYZAP,False,False,False,33,8,1,0,9,-0.16666666666666666,0.0390625,0.07848337155963303
F04448,MZB1,False,False,False,0,2,10,30,12,0.19047619047619047,0.03857421875,0.07848337155963303
F04449,MZT2B,False,False,False,26,2,13,1,15,0.2619047619047619,0.00738525390625,0.0203017230811977
F04450,N4BP1,False,False,False,0,0,20,22,20,0.47619047619047616,1.9073486328125e-06,2.7785544384873893e-05
F04451,N6AMT1,False,False,False,4,9,16,13,25,0.16666666666666666,0.2295229434967041,0.34761773600123236
F04452,NAA10,False,False,False,0,0,14,28,14,0.3333333333333333,0.0001220703125,0.0006813950323916738
F04453,NAA15,False,False,False,0,0,6,36,6,0.14285714285714285,0.03125,0.06532373528475978
F04454,NAA20,False,False,False,2,2,12,26,14,0.23809523809523808,0.012939453125,0.03188754952409977
F04455,NAA25,False,False,False,0,0,14,28,14,0.3333333333333333,0.0001220703125,0.0006813950323916738
F04456,NAA30,False,False,False,6,0,21,15,21,0.5,9.5367431640625e-07,1.6797963160292393e-05
F04457,NAA35,False,False,False,13,10,12,7,22,0.047619047619047616,0.8318119049072266,0.9670862175261863
F04458,NAA38,False,False,False,36,0,5,1,5,0.11904761904761904,0.0625,0.11622558731955845
F04459,NAA40,False,False,False,25,2,12,3,14,0.23809523809523808,0.012939453125,0.03188754952409977
F04460,NAA50,False,False,False,0,0,5,37,5,0.11904761904761904,0.0625,0.11622558731955845
F04461,NAAA,False,False,False,7,6,17,12,23,0.2619047619047619,0.03468966484069824,0.07226096956353438
F04462,NAB1,False,False,False,33,0,8,1,8,0.19047619047619047,0.0078125,0.020482092976855548
F04463,NACA,False,False,False,11,10,9,12,19,-0.023809523809523808,1.0,1.0
F04464,NACC1,False,False,False,2,1,14,25,15,0.30952380952380953,0.0009765625,0.0036371970663265306
F04465,NADK2,False,False,False,1,0,2,39,2,0.047619047619047616,0.5,0.6282271944922547
F04466,NADSYN1,False,False,False,1,3,16,22,19,0.30952380952380953,0.004425048828125,0.012728796322583735
F04467,NAE1,False,False,False,0,0,1,41,1,0.023809523809523808,1.0,1.0
F04468,NAF1,False,False,False,39,1,1,1,2,0.0,1.0,1.0
F04469,NAGA,False,False,False,0,0,3,39,3,0.07142857142857142,0.25,0.3572982379812921
F04470,NAGK,False,False,False,0,0,0,42,0,0.0,,
F04471,NAGLU,False,False,False,1,0,21,20,21,0.5,9.5367431640625e-07,1.6797963160292393e-05
F04472,NAGS,False,False,False,8,1,20,13,21,0.4523809523809524,2.09808349609375e-05,0.0001751513160017273
F04473,NAIP,False,False,False,8,6,13,15,19,0.16666666666666666,0.1670684814453125,0.2655794636089289
F04474,NAMPT,False,False,False,0,0,0,42,0,0.0,,
F04475,NANP,False,False,False,15,13,7,7,20,-0.14285714285714285,0.26317596435546875,0.3745810411211936
F04476,NANS,False,False,False,0,0,0,42,0,0.0,,
F04477,NAP1L1,False,False,False,0,0,0,42,0,0.0,,
F04478,NAP1L4,False,False,False,0,0,0,42,0,0.0,,
F04479,NAPA,False,False,False,0,0,0,42,0,0.0,,
F04480,NAPG,False,False,False,0,0,0,42,0,0.0,,
F04481,NAPRT,False,False,False,0,0,1,41,1,0.023809523809523808,1.0,1.0
F04482,NARS1,False,False,False,0,0,0,42,0,0.0,,
F04483,NARS2,False,False,False,2,1,12,27,13,0.2619047619047619,0.00341796875,0.010703553235224024
F04484,NASP,False,False,False,0,0,0,42,0,0.0,,
F04485,NAT10,False,False,False,0,0,7,35,7,0.16666666666666666,0.015625,0.03678117162307417
F04486,NAT16,False,False,False,24,4,11,3,15,0.16666666666666666,0.11846923828125,0.2027277215502345
F04487,NAT2,False,False,False,21,7,12,2,19,0.11904761904761904,0.359283447265625,0.4963188075136998
F04488,NAV1,False,False,False,2,1,32,7,33,0.7380952380952381,7.916241884231567e-09,8.967191237827827e-07
F04489,NAXD,False,False,False,4,8,6,24,14,-0.047619047619047616,0.79052734375,0.9276236200102697
F04490,NAXE,False,False,False,0,0,0,42,0,0.0,,
F04491,NBAS,False,False,False,0,0,1,41,1,0.023809523809523808,1.0,1.0
F04492,NBEA,False,False,False,34,3,5,0,8,0.047619047619047616,0.7265625,0.8618009794186676
F04493,NBEAL1,False,False,False,9,1,25,7,26,0.5714285714285714,8.046627044677734e-07,1.6117786488881927e-05
F04494,NBEAL2,False,False,False,0,0,6,36,6,0.14285714285714285,0.03125,0.06532373528475978
F04495,NBN,False,False,False,0,0,16,26,16,0.38095238095238093,3.0517578125e-05,0.00023755982023844786
F04496,NCALD,False,False,False,24,6,9,3,15,0.07142857142857142,0.60723876953125,0.7455725501439567
F04497,NCAM1,False,False,False,10,11,12,9,23,0.023809523809523808,1.0,1.0
F04498,NCAN,False,False,False,40,1,1,0,2,0.0,1.0,1.0
F04499,NCAPD2,False,False,False,0,0,7,35,7,0.16666666666666666,0.015625,0.03678117162307417
F04500,NCAPD3,False,False,False,33,2,7,0,9,0.11904761904761904,0.1796875,0.2823599318344894
F04501,NCAPG,False,False,False,0,0,35,7,35,0.8333333333333334,5.820766091346741e-11,9.560608305037022e-08
F04502,NCAPG2,False,False,False,26,8,4,4,12,-0.09523809523809523,0.3876953125,0.5249707755822342
F04503,NCAPH,False,False,False,10,4,22,6,26,0.42857142857142855,0.0005335211753845215,0.0022326331989021056
F04504,NCBP1,False,False,False,0,0,17,25,17,0.40476190476190477,1.52587890625e-05,0.0001392364501953125
F04505,NCBP2,False,False,False,0,1,20,21,21,0.4523809523809524,2.09808349609375e-05,0.0001751513160017273
F04506,NCBP3,False,False,False,0,0,14,28,14,0.3333333333333333,0.0001220703125,0.0006813950323916738
F04507,NCCRP1,False,False,False,1,2,6,33,8,0.09523809523809523,0.2890625,0.40597277148354
F04508,NCDN,False,False,False,0,0,16,26,16,0.38095238095238093,3.0517578125e-05,0.00023755982023844786
F04509,NCEH1,False,False,False,0,0,6,36,6,0.14285714285714285,0.03125,0.06532373528475978
F04510,NCF1,False,False,False,35,1,6,0,7,0.11904761904761904,0.125,0.2027277215502345
F04511,NCF2,False,False,False,0,0,12,30,12,0.2857142857142857,0.00048828125,0.002121698288690476
F04512,NCF4,False,False,False,0,0,6,36,6,0.14285714285714285,0.03125,0.06532373528475978
F04513,NCK1,False,False,False,0,0,2,40,2,0.047619047619047616,0.5,0.6282271944922547
F04514,NCK2,False,False,False,0,1,1,40,2,0.0,1.0,1.0
F04515,NCKAP1,False,False,False,0,0,1,41,1,0.023809523809523808,1.0,1.0
F04516,NCKAP1L,False,False,False,4,2,25,11,27,0.5476190476190477,5.647540092468262e-06,6.318292697938551e-05
F04517,NCKIPSD,False,False,False,34,3,5,0,8,0.047619047619047616,0.7265625,0.8618009794186676
F04518,NCL,False,False,False,0,0,0,42,0,0.0,,
F04519,NCLN,False,False,False,0,0,5,37,5,0.11904761904761904,0.0625,0.11622558731955845
F04520,NCOA5,False,False,False,1,2,16,23,18,0.3333333333333333,0.001312255859375,0.0048191844584090275
F04521,NCOR1,False,False,False,32,2,7,1,9,0.11904761904761904,0.1796875,0.2823599318344894
F04522,NCOR2,False,False,False,10,2,25,5,27,0.5476190476190477,5.647540092468262e-06,6.318292697938551e-05
F04523,NCS1,False,False,False,27,0,14,1,14,0.3333333333333333,0.0001220703125,0.0006813950323916738
F04524,NCSTN,False,False,False,0,0,3,39,3,0.07142857142857142,0.25,0.3572982379812921
F04525,NDC1,False,False,False,37,0,4,1,4,0.09523809523809523,0.125,0.2027277215502345
F04526,NDE1,False,False,False,1,0,29,12,29,0.6904761904761905,3.725290298461914e-09,6.275681348947378e-07
F04527,NDEL1,False,False,False,9,2,22,9,24,0.47619047619047616,3.5881996154785156e-05,0.0002719085521763996
F04528,NDFIP1,False,False,False,7,2,19,14,21,0.40476190476190477,0.00022125244140625,0.0011491134703866107
F04529,NDFIP2,False,False,False,22,0,20,0,20,0.47619047619047616,1.9073486328125e-06,2.7785544384873893e-05
F04530,NDRG1,False,False,False,0,0,0,42,0,0.0,,
F04531,NDRG2,False,False,False,0,1,0,41,1,-0.023809523809523808,1.0,1.0
F04532,NDRG3,False,False,False,0,0,8,34,8,0.19047619047619047,0.0078125,0.020482092976855548
F04533,NDRG4,False,False,False,26,6,10,0,16,0.09523809523809523,0.454498291015625,0.6055675870964624
F04534,NDST1,False,False,False,6,14,8,14,22,-0.14285714285714285,0.28627872467041016,0.4047452595404766
F04535,NDST3,False,False,True,42,0,0,0,0,0.0,,
F04536,NDUFA1,False,False,False,37,3,2,0,5,-0.023809523809523808,1.0,1.0
F04537,NDUFA10,False,False,False,0,0,0,42,0,0.0,,
F04538,NDUFA11,False,False,False,0,0,2,40,2,0.047619047619047616,0.5,0.6282271944922547
F04539,NDUFA12,False,False,False,0,0,0,42,0,0.0,,
F04540,NDUFA13,False,False,False,0,0,0,42,0,0.0,,
F04541,NDUFA2,False,False,False,0,0,0,42,0,0.0,,
F04542,NDUFA3,False,False,False,0,0,4,38,4,0.09523809523809523,0.125,0.2027277215502345
F04543,NDUFA4,False,False,False,0,0,0,42,0,0.0,,
F04544,NDUFA4L2,False,False,False,6,2,12,22,14,0.23809523809523808,0.012939453125,0.03188754952409977
F04545,NDUFA5,False,False,False,0,0,0,42,0,0.0,,
F04546,NDUFA6,False,False,False,0,0,0,42,0,0.0,,
F04547,NDUFA7,False,False,False,0,0,1,41,1,0.023809523809523808,1.0,1.0
F04548,NDUFA8,False,False,False,0,0,0,42,0,0.0,,
F04549,NDUFA9,False,False,False,0,0,0,42,0,0.0,,
F04550,NDUFAB1,False,False,False,0,0,1,41,1,0.023809523809523808,1.0,1.0
F04551,NDUFAF2,False,False,False,2,1,12,27,13,0.2619047619047619,0.00341796875,0.010703553235224024
F04552,NDUFAF3,False,False,False,2,5,16,19,21,0.2619047619047619,0.02660369873046875,0.0591493403245955
F04553,NDUFAF4,False,False,False,0,0,6,36,6,0.14285714285714285,0.03125,0.06532373528475978
F04554,NDUFAF6,False,False,False,33,3,6,0,9,0.07142857142857142,0.5078125,0.632959234490609
F04555,NDUFAF7,False,False,False,35,4,2,1,6,-0.047619047619047616,0.6875,0.8218477074235808
F04556,NDUFB1,False,False,False,0,0,0,42,0,0.0,,
F04557,NDUFB10,False,False,False,0,0,0,42,0,0.0,,
F04558,NDUFB11,False,False,False,0,0,0,42,0,0.0,,
F04559,NDUFB2,False,False,False,0,3,7,32,10,0.09523809523809523,0.34375,0.47586125158027814
F04560,NDUFB3,False,False,False,0,6,6,30,12,0.0,1.0,1.0
F04561,NDUFB4,False,False,False,0,0,0,42,0,0.0,,
F04562,NDUFB5,False,False,False,0,1,4,37,5,0.07142857142857142,0.375,0.510833506116525
F04563,NDUFB6,False,False,False,0,0,0,42,0,0.0,,
F04564,NDUFB7,False,False,False,0,0,5,37,5,0.11904761904761904,0.0625,0.11622558731955845
F04565,NDUFB8,False,False,False,0,0,3,39,3,0.07142857142857142,0.25,0.3572982379812921
F04566,NDUFB9,False,False,False,0,0,0,42,0,0.0,,
F04567,NDUFC2,False,False,False,0,5,7,30,12,0.047619047619047616,0.7744140625,0.9121370366842955
F04568,NDUFS1,False,False,False,0,0,0,42,0,0.0,,
F04569,NDUFS2,False,False,False,0,0,0,42,0,0.0,,
F04570,NDUFS3,False,False,False,0,0,0,42,0,0.0,,
F04571,NDUFS4,False,False,False,0,0,0,42,0,0.0,,
F04572,NDUFS5,False,False,False,0,0,0,42,0,0.0,,
F04573,NDUFS6,False,False,False,0,0,0,42,0,0.0,,
F04574,NDUFS7,False,False,False,0,0,0,42,0,0.0,,
F04575,NDUFS8,False,False,False,0,0,0,42,0,0.0,,
F04576,NDUFV1,False,False,False,0,0,0,42,0,0.0,,
F04577,NDUFV2,False,False,False,0,0,0,42,0,0.0,,
F04578,NDUFV3,False,False,False,13,17,6,6,23,-0.2619047619047619,0.03468966484069824,0.07226096956353438
F04579,NEB,False,False,False,0,0,0,42,0,0.0,,
F04580,NEBL,False,False,False,5,5,12,20,17,0.16666666666666666,0.143463134765625,0.23067860876411067
F04581,NECAP1,False,False,False,9,3,19,11,22,0.38095238095238093,0.0008554458618164062,0.0034628954480183543
F04582,NECAP2,False,False,False,0,0,8,34,8,0.19047619047619047,0.0078125,0.020482092976855548
F04583,NECTIN1,False,False,False,1,0,8,33,8,0.19047619047619047,0.0078125,0.020482092976855548
F04584,NECTIN2,False,False,False,0,0,5,37,5,0.11904761904761904,0.0625,0.11622558731955845
F04585,NECTIN4,False,False,False,0,4,9,29,13,0.11904761904761904,0.266845703125,0.37808416422929697
F04586,NEDD1,False,False,False,2,0,37,3,37,0.8809523809523809,1.4551915228366852e-11,4.780304152518511e-08
F04587,NEDD4,False,False,False,8,4,23,7,27,0.4523809523809524,0.000310748815536499,0.0014656279383164384
F04588,NEDD4L,False,False,False,0,1,17,24,18,0.38095238095238093,0.00014495849609375,0.000789045003592326
F04589,NEDD8,False,False,False,0,0,0,42,0,0.0,,
F04590,NEFH,False,False,False,11,23,3,5,26,-0.47619047619047616,8.797645568847656e-05,0.0005361830369882106
F04591,NEFL,False,False,False,0,7,1,34,8,-0.14285714285714285,0.0703125,0.12687534331227684
F04592,NEFM,False,False,False,2,21,2,17,23,-0.4523809523809524,6.604194641113281e-05,0.00042917466658866723
F04593,NEGR1,False,False,False,25,16,1,0,17,-0.35714285714285715,0.000274658203125,0.0013119248560594895
F04594,NEK7,False,False,False,0,1,16,25,17,0.35714285714285715,0.000274658203125,0.0013119248560594895
F04595,NEK9,False,False,False,0,0,1,41,1,0.023809523809523808,1.0,1.0
F04596,NELFA,False,False,False,0,3,17,22,20,0.3333333333333333,0.0025768280029296875,0.008286544849778888
F04597,NELFB,False,False,False,0,0,5,37,5,0.11904761904761904,0.0625,0.11622558731955845
F04598,NELFCD,False,False,False,1,2,15,24,17,0.30952380952380953,0.002349853515625,0.007711557241586538
F04599,NELFE,False,False,False,0,0,17,25,17,0.40476190476190477,1.52587890625e-05,0.0001392364501953125
F04600,NEMF,False,False,False,0,0,10,32,10,0.23809523809523808,0.001953125,0.006523655948144382
F04601,NENF,False,False,False,0,0,3,39,3,0.07142857142857142,0.25,0.3572982379812921
F04602,NEPRO,False,False,False,30,2,10,0,12,0.19047619047619047,0.03857421875,0.07848337155963303
F04603,NES,False,False,False,0,0,0,42,0,0.0,,
F04604,NEU1,False,False,False,20,2,19,1,21,0.40476190476190477,0.00022125244140625,0.0011491134703866107
F04605,NEU2,False,False,False,37,1,3,1,4,0.047619047619047616,0.625,0.7584503140007388
F04606,NEURL1B,False,False,False,34,1,6,1,7,0.11904761904761904,0.125,0.2027277215502345
F04607,NEUROD1,False,False,False,41,0,0,1,0,0.0,,
F04608,NEXN,False,False,False,1,4,8,29,12,0.09523809523809523,0.3876953125,0.5249707755822342
F04609,NF1,False,False,False,3,1,19,19,20,0.42857142857142855,4.00543212890625e-05,0.0002895015301090656
F04610,NF2,False,False,False,37,1,3,1,4,0.047619047619047616,0.625,0.7584503140007388
F04611,NFASC,False,False,False,36,5,1,0,6,-0.09523809523809523,0.21875,0.3337639340455179
F04612,NFATC1,False,False,False,35,1,6,0,7,0.11904761904761904,0.125,0.2027277215502345
F04613,NFATC2IP,False,False,False,19,1,20,2,21,0.4523809523809524,2.09808349609375e-05,0.0001751513160017273
F04614,NFIA,False,False,False,32,7,2,1,9,-0.11904761904761904,0.1796875,0.2823599318344894
F04615,NFIB,False,False,False,5,21,3,13,24,-0.42857142857142855,0.0002771615982055664,0.0013119248560594895
F04616,NFIC,False,False,False,2,7,8,25,15,0.023809523809523808,1.0,1.0
F04617,NFIX,False,False,False,22,18,0,2,18,-0.42857142857142855,7.62939453125e-06,7.981707336037023e-05
F04618,NFKB1,False,False,False,0,0,6,36,6,0.14285714285714285,0.03125,0.06532373528475978
F04619,NFKB2,False,False,False,0,0,12,30,12,0.2857142857142857,0.00048828125,0.002121698288690476
F04620,NFKBIA,False,False,False,21,3,16,2,19,0.30952380952380953,0.004425048828125,0.012728796322583735
F04621,NFKBIB,False,False,False,29,1,11,1,12,0.23809523809523808,0.00634765625,0.017898756035407724
F04622,NFKBIE,False,False,False,29,2,11,0,13,0.21428571428571427,0.0224609375,0.050450721153846155
F04623,NFRKB,False,False,False,41,1,0,0,1,-0.023809523809523808,1.0,1.0
F04624,NFS1,False,False,False,0,1,5,36,6,0.09523809523809523,0.21875,0.3337639340455179
F04625,NFU1,False,False,False,1,2,11,28,13,0.21428571428571427,0.0224609375,0.050450721153846155
F04626,NFXL1,False,False,False,19,3,18,2,21,0.35714285714285715,0.0014896392822265625,0.005365641493546336
F04627,NFYB,False,False,False,36,1,4,1,5,0.07142857142857142,0.375,0.510833506116525
F04628,NFYC,False,False,False,7,3,24,8,27,0.5,4.9233436584472656e-05,0.0003504481889057263
F04629,NGDN,False,False,False,0,2,8,32,10,0.14285714285714285,0.109375,0.19126796646260313
F04630,NGFR,False,False,False,20,10,6,6,16,-0.09523809523809523,0.454498291015625,0.6055675870964624
F04631,NGLY1,False,False,False,6,12,8,16,20,-0.09523809523809523,0.5034446716308594,0.6302651472207976
F04632,NHEJ1,False,False,False,25,4,12,1,16,0.19047619047619047,0.076812744140625,0.13784750860527348
F04633,NHERF1,False,False,False,0,0,1,41,1,0.023809523809523808,1.0,1.0
F04634,NHERF2,False,False,False,0,2,4,36,6,0.047619047619047616,0.6875,0.8218477074235808
F04635,NHLRC2,False,False,False,0,2,7,33,9,0.11904761904761904,0.1796875,0.2823599318344894
F04636,NHLRC3,False,False,False,12,3,23,4,26,0.47619047619047616,8.797645568847656e-05,0.0005361830369882106
F04637,NHP2,False,False,False,0,0,5,37,5,0.11904761904761904,0.0625,0.11622558731955845
F04638,NHSL2,False,False,False,36,6,0,0,6,-0.14285714285714285,0.03125,0.06532373528475978
F04639,NIBAN1,False,False,False,0,0,0,42,0,0.0,,
F04640,NIBAN2,False,False,False,0,0,0,42,0,0.0,,
F04641,NID1,False,False,False,0,0,0,42,0,0.0,,
F04642,NID2,False,False,False,0,0,1,41,1,0.023809523809523808,1.0,1.0
F04643,NIF3L1,False,False,False,0,1,0,41,1,-0.023809523809523808,1.0,1.0
F04644,NIFK,False,False,False,0,0,16,26,16,0.38095238095238093,3.0517578125e-05,0.00023755982023844786
F04645,NIM1K,False,False,False,28,9,3,2,12,-0.14285714285714285,0.14599609375,0.23332384722391145
F04646,NINJ1,False,False,False,26,0,13,3,13,0.30952380952380953,0.000244140625,0.0012069254373589164
F04647,NIP7,False,False,False,2,1,24,15,25,0.5476190476190477,1.5497207641601562e-06,2.4955062305226046e-05
F04648,NIPA1,False,False,False,9,6,18,9,24,0.2857142857142857,0.022655844688415527,0.0506978540881778
F04649,NIPAL4,False,False,False,0,0,0,42,0,0.0,,
F04650,NIPBL,False,False,False,2,1,19,20,20,0.42857142857142855,4.00543212890625e-05,0.0002895015301090656
F04651,NIPSNAP1,False,False,False,0,0,1,41,1,0.023809523809523808,1.0,1.0
F04652,NIPSNAP2,False,False,False,0,0,0,42,0,0.0,,
F04653,NIPSNAP3A,False,False,False,0,0,0,42,0,0.0,,
F04654,NIPSNAP3B,False,False,False,17,17,7,1,24,-0.23809523809523808,0.06391465663909912,0.11792173381602955
F04655,NISCH,False,False,False,14,6,16,6,22,0.23809523809523808,0.052478790283203125,0.10329108812481862
F04656,NIT1,False,False,False,0,0,0,42,0,0.0,,
F04657,NIT2,False,False,False,0,0,0,42,0,0.0,,
F04658,NKAP,False,False,False,34,0,7,1,7,0.16666666666666666,0.015625,0.03678117162307417
F04659,NKIRAS2,False,False,False,2,1,13,26,14,0.2857142857142857,0.0018310546875,0.006378594537049311
F04660,NKRF,False,False,False,27,0,12,3,12,0.2857142857142857,0.00048828125,0.002121698288690476
F04661,NKTR,False,False,False,25,7,9,1,16,0.047619047619047616,0.803619384765625,0.9394625192010955
F04662,NLE1,False,False,False,0,2,19,21,21,0.40476190476190477,0.00022125244140625,0.0011491134703866107
F04663,NLN,False,False,False,1,3,4,34,7,0.023809523809523808,1.0,1.0
F04664,NLRC4,False,False,False,39,0,3,0,3,0.07142857142857142,0.25,0.3572982379812921
F04665,NLRP10,False,False,False,24,2,15,1,17,0.30952380952380953,0.002349853515625,0.007711557241586538
F04666,NLRP13,False,False,False,31,5,5,1,10,0.0,1.0,1.0
F04667,NLRP2,False,False,False,20,5,14,3,19,0.21428571428571427,0.063568115234375,0.1175464444384587
F04668,NLRP6,False,False,False,25,7,9,1,16,0.047619047619047616,0.803619384765625,0.9394625192010955
F04669,NLRX1,False,False,False,0,0,0,42,0,0.0,,
F04670,NMD3,False,False,False,0,0,15,27,15,0.35714285714285715,6.103515625e-05,0.0004117053147458932
F04671,NME1,False,False,False,0,0,0,42,0,0.0,,
F04672,NME2,False,False,False,0,0,0,42,0,0.0,,
F04673,NME3,False,False,False,0,0,2,40,2,0.047619047619047616,0.5,0.6282271944922547
F04674,NME4,False,False,False,34,2,4,2,6,0.047619047619047616,0.6875,0.8218477074235808
F04675,NME7,False,False,False,23,1,15,3,16,0.3333333333333333,0.000518798828125,0.002199037613407258
F04676,NMES1,False,False,False,0,1,12,29,13,0.2619047619047619,0.00341796875,0.010703553235224024
F04677,NMI,False,False,False,0,1,19,22,20,0.42857142857142855,4.00543212890625e-05,0.0002895015301090656
F04678,NMNAT1,False,False,False,1,3,15,23,18,0.2857142857142857,0.007537841796875,0.020482092976855548
F04679,NMRAL1,False,False,False,12,5,16,9,21,0.2619047619047619,0.02660369873046875,0.0591493403245955
F04680,NMT1,False,False,False,0,0,1,41,1,0.023809523809523808,1.0,1.0
F04681,NNMT,False,False,False,0,0,1,41,1,0.023809523809523808,1.0,1.0
F04682,NNT,False,False,False,0,0,0,42,0,0.0,,
F04683,NOA1,False,False,False,23,1,15,3,16,0.3333333333333333,0.000518798828125,0.002199037613407258
F04684,NOB1,False,False,False,3,0,21,18,21,0.5,9.5367431640625e-07,1.6797963160292393e-05
F04685,NOC2L,False,False,False,0,0,19,23,19,0.4523809523809524,3.814697265625e-06,4.684590847692757e-05
F04686,NOC3L,False,False,False,0,0,15,27,15,0.35714285714285715,6.103515625e-05,0.0004117053147458932
F04687,NOC4L,False,False,False,0,0,21,21,21,0.5,9.5367431640625e-07,1.6797963160292393e-05
F04688,NOCT,False,False,False,18,6,13,5,19,0.16666666666666666,0.1670684814453125,0.2655794636089289
F04689,NOD1,False,False,False,0,0,5,37,5,0.11904761904761904,0.0625,0.11622558731955845
F04690,NOL10,False,False,False,6,3,27,6,30,0.5714285714285714,8.430331945419312e-06,8.749965384108195e-05
F04691,NOL11,False,False,False,0,1,31,10,32,0.7142857142857143,1.5366822481155396e-08,1.2943592782203968e-06
F04692,NOL3,False,False,False,0,1,3,38,4,0.047619047619047616,0.625,0.7584503140007388
F04693,NOL6,False,False,False,0,3,18,21,21,0.35714285714285715,0.0014896392822265625,0.005365641493546336
F04694,NOL7,False,False,False,10,0,29,3,29,0.6904761904761905,3.725290298461914e-09,6.275681348947378e-07
F04695,NOL9,False,False,False,6,3,28,5,31,0.5952380952380952,4.649162292480469e-06,5.6669751876802744e-05
F04696,NOLC1,False,False,False,0,0,1,41,1,0.023809523809523808,1.0,1.0
F04697,NOM1,False,False,False,3,3,3,33,6,0.0,1.0,1.0
F04698,NOMO1,False,False,False,3,0,34,5,34,0.8095238095238095,1.1641532182693481e-10,1.0926409491470882e-07
F04699,NOMO2,False,False,False,25,1,15,1,16,0.3333333333333333,0.000518798828125,0.002199037613407258
F04700,NONO,False,False,False,0,0,0,42,0,0.0,,
F04701,NOP10,False,False,False,3,4,22,13,26,0.42857142857142855,0.0005335211753845215,0.0022326331989021056
F04702,NOP14,False,False,False,6,2,25,9,27,0.5476190476190477,5.647540092468262e-06,6.318292697938551e-05
F04703,NOP16,False,False,False,1,2,17,22,19,0.35714285714285715,0.000728607177734375,0.0029843822679020224
F04704,NOP2,False,False,False,0,0,1,41,1,0.023809523809523808,1.0,1.0
F04705,NOP53,False,False,False,16,2,20,4,22,0.42857142857142855,0.00012111663818359375,0.0006813950323916738
F04706,NOP56,False,False,False,0,0,1,41,1,0.023809523809523808,1.0,1.0
F04707,NOP58,False,False,False,0,0,1,41,1,0.023809523809523808,1.0,1.0
F04708,NOP9,False,False,False,0,0,7,35,7,0.16666666666666666,0.015625,0.03678117162307417
F04709,NOPCHAP1,False,False,False,40,0,1,1,1,0.023809523809523808,1.0,1.0
F04710,NOS1,False,False,False,14,17,9,2,26,-0.19047619047619047,0.16863754391670227,0.26794405405870225
F04711,NOS1AP,False,False,False,3,5,11,23,16,0.14285714285714285,0.210113525390625,0.3264237081618364
F04712,NOSIP,False,False,False,1,0,13,28,13,0.30952380952380953,0.000244140625,0.0012069254373589164
F04713,NOSTRIN,False,False,False,26,11,5,0,16,-0.14285714285714285,0.210113525390625,0.3264237081618364
F04714,NOTCH3,False,False,False,17,5,13,7,18,0.19047619047619047,0.09625244140625,0.16967495037270258
F04715,NOX1,False,False,False,1,1,26,14,27,0.5952380952380952,4.172325134277344e-07,1.0305329373008326e-05
F04716,NOXRED1,False,False,False,7,15,7,13,22,-0.19047619047619047,0.13380050659179688,0.21625321729596692
F04717,NPC1,False,False,False,0,0,20,22,20,0.47619047619047616,1.9073486328125e-06,2.7785544384873893e-05
F04718,NPC2,False,False,False,0,0,5,37,5,0.11904761904761904,0.0625,0.11622558731955845
F04719,NPDC1,False,False,False,33,2,7,0,9,0.11904761904761904,0.1796875,0.2823599318344894
F04720,NPEPL1,False,False,False,1,0,4,37,4,0.09523809523809523,0.125,0.2027277215502345
F04721,NPEPPS,False,False,False,0,0,0,42,0,0.0,,
F04722,NPL,False,False,False,5,6,18,13,24,0.2857142857142857,0.022655844688415527,0.0506978540881778
F04723,NPLOC4,False,False,False,0,0,0,42,0,0.0,,
F04724,NPM1,False,False,False,0,0,0,42,0,0.0,,
F04725,NPM3,False,False,False,0,0,10,32,10,0.23809523809523808,0.001953125,0.006523655948144382
F04726,NPNT,False,False,False,29,6,6,1,12,0.0,1.0,1.0
F04727,NPR2,False,False,False,4,11,10,17,21,-0.023809523809523808,1.0,1.0
F04728,NPTN,False,False,False,0,0,6,36,6,0.14285714285714285,0.03125,0.06532373528475978
F04729,NQO1,False,False,False,3,3,5,31,8,0.047619047619047616,0.7265625,0.8618009794186676
F04730,NQO2,False,False,False,1,2,3,36,5,0.023809523809523808,1.0,1.0
F04731,NR1I3,False,False,False,0,0,14,28,14,0.3333333333333333,0.0001220703125,0.0006813950323916738
F04732,NR2C2,False,False,False,18,5,14,5,19,0.21428571428571427,0.063568115234375,0.1175464444384587
F04733,NR2C2AP,False,False,False,18,5,12,7,17,0.16666666666666666,0.143463134765625,0.23067860876411067
F04734,NR3C1,False,False,False,6,6,26,4,32,0.47619047619047616,0.0005350527353584766,0.002237617104586373
F04735,NRAP,False,False,False,0,1,0,41,1,-0.023809523809523808,1.0,1.0
F04736,NRAS,False,False,False,0,1,15,26,16,0.3333333333333333,0.000518798828125,0.002199037613407258
F04737,NRBF2,False,False,False,1,0,28,13,28,0.6666666666666666,7.450580596923828e-09,8.741127593176705e-07
F04738,NRBP1,False,False,False,0,0,1,41,1,0.023809523809523808,1.0,1.0
F04739,NRCAM,False,False,False,36,3,2,1,5,-0.023809523809523808,1.0,1.0
F04740,NRDC,False,False,False,0,0,1,41,1,0.023809523809523808,1.0,1.0
F04741,NRDE2,False,False,False,12,5,15,10,20,0.23809523809523808,0.04138946533203125,0.08245263409079603
F04742,NRF1,False,False,False,9,4,15,14,19,0.2619047619047619,0.0192108154296875,0.044614725123028234
F04743,NRG1,False,False,False,39,0,3,0,3,0.07142857142857142,0.25,0.3572982379812921
F04744,NRGN,False,False,False,35,4,3,0,7,-0.023809523809523808,1.0,1.0
F04745,NRM,False,False,False,0,0,8,34,8,0.19047619047619047,0.0078125,0.020482092976855548
F04746,NRP1,False,False,False,0,0,2,40,2,0.047619047619047616,0.5,0.6282271944922547
F04747,NRP2,False,False,False,30,0,10,2,10,0.23809523809523808,0.001953125,0.006523655948144382
F04748,NRXN2,False,False,False,37,3,1,1,4,-0.047619047619047616,0.625,0.7584503140007388
F04749,NSA2,False,False,False,4,2,21,15,23,0.4523809523809524,6.604194641113281e-05,0.00042917466658866723
F04750,NSD2,False,False,False,31,8,2,1,10,-0.14285714285714285,0.109375,0.19126796646260313
F04751,NSD3,False,False,False,2,3,21,16,24,0.42857142857142855,0.0002771615982055664,0.0013119248560594895
F04752,NSDHL,False,False,False,0,0,1,41,1,0.023809523809523808,1.0,1.0
F04753,NSF,False,False,False,0,0,0,42,0,0.0,,
F04754,NSFL1C,False,False,False,0,0,0,42,0,0.0,,
F04755,NSL1,False,False,False,27,6,9,0,15,0.07142857142857142,0.60723876953125,0.7455725501439567
F04756,NSMCE3,False,False,False,2,1,23,16,24,0.5238095238095238,2.9802322387695312e-06,3.9451045565085836e-05
F04757,NSMCE4A,False,False,False,26,4,11,1,15,0.16666666666666666,0.11846923828125,0.2027277215502345
F04758,NSUN2,False,False,False,0,0,2,40,2,0.047619047619047616,0.5,0.6282271944922547
F04759,NSUN4,False,False,False,6,2,21,13,23,0.4523809523809524,6.604194641113281e-05,0.00042917466658866723
F04760,NSUN5,False,False,False,12,1,26,3,27,0.5952380952380952,4.172325134277344e-07,1.0305329373008326e-05
F04761,NSUN7,False,False,False,14,4,20,4,24,0.38095238095238093,0.001543879508972168,0.005491764143988708
F04762,NT5C,False,False,False,0,0,1,41,1,0.023809523809523808,1.0,1.0
F04763,NT5C1A,False,False,False,14,20,7,1,27,-0.30952380952380953,0.0191572904586792,0.044614725123028234
F04764,NT5C2,False,False,False,0,0,3,39,3,0.07142857142857142,0.25,0.3572982379812921
F04765,NT5C3A,False,False,False,0,0,1,41,1,0.023809523809523808,1.0,1.0
F04766,NT5DC1,False,False,False,0,0,8,34,8,0.19047619047619047,0.0078125,0.020482092976855548
F04767,NT5DC2,False,False,False,6,8,12,16,20,0.09523809523809523,0.5034446716308594,0.6302651472207976
F04768,NT5DC3,False,False,False,30,0,10,2,10,0.23809523809523808,0.001953125,0.006523655948144382
F04769,NT5E,False,False,False,0,0,2,40,2,0.047619047619047616,0.5,0.6282271944922547
F04770,NTMT1,False,False,False,0,0,7,35,7,0.16666666666666666,0.015625,0.03678117162307417
F04771,NTN3,False,False,False,41,0,0,1,0,0.0,,
F04772,NTPCR,False,False,False,0,1,3,38,4,0.047619047619047616,0.625,0.7584503140007388
F04773,NUB1,False,False,False,0,2,14,26,16,0.2857142857142857,0.004180908203125,0.012350974323080598
F04774,NUBP1,False,False,False,0,0,1,41,1,0.023809523809523808,1.0,1.0
F04775,NUBP2,False,False,False,0,0,4,38,4,0.09523809523809523,0.125,0.2027277215502345
F04776,NUBPL,False,False,False,3,5,12,22,17,0.16666666666666666,0.143463134765625,0.23067860876411067
F04777,NUCB1,False,False,False,0,0,0,42,0,0.0,,
F04778,NUCB2,False,False,False,0,0,1,41,1,0.023809523809523808,1.0,1.0
F04779,NUCKS1,False,False,False,0,0,10,32,10,0.23809523809523808,0.001953125,0.006523655948144382
F04780,NUDC,False,False,False,0,0,1,41,1,0.023809523809523808,1.0,1.0
F04781,NUDCD1,False,False,False,0,0,20,22,20,0.47619047619047616,1.9073486328125e-06,2.7785544384873893e-05
F04782,NUDCD2,False,False,False,0,0,3,39,3,0.07142857142857142,0.25,0.3572982379812921
F04783,NUDCD3,False,False,False,1,0,9,32,9,0.21428571428571427,0.00390625,0.01172410347190498
F04784,NUDT1,False,False,False,2,0,17,23,17,0.40476190476190477,1.52587890625e-05,0.0001392364501953125
F04785,NUDT14,False,False,False,28,6,7,1,13,0.023809523809523808,1.0,1.0
F04786,NUDT15,False,False,False,19,7,11,5,18,0.09523809523809523,0.480682373046875,0.6282271944922547
F04787,NUDT16,False,False,False,0,0,5,37,5,0.11904761904761904,0.0625,0.11622558731955845
F04788,NUDT16L1,False,False,False,22,3,11,6,14,0.19047619047619047,0.057373046875,0.11175242157389564
F04789,NUDT19,False,False,False,1,0,5,36,5,0.11904761904761904,0.0625,0.11622558731955845
F04790,NUDT2,False,False,False,0,2,3,37,5,0.023809523809523808,1.0,1.0
F04791,NUDT21,False,False,False,0,0,1,41,1,0.023809523809523808,1.0,1.0
F04792,NUDT22,False,False,False,37,0,4,1,4,0.09523809523809523,0.125,0.2027277215502345
F04793,NUDT3,False,False,False,19,6,13,4,19,0.16666666666666666,0.1670684814453125,0.2655794636089289
F04794,NUDT4,False,False,False,20,5,12,5,17,0.16666666666666666,0.143463134765625,0.23067860876411067
F04795,NUDT5,False,False,False,0,0,3,39,3,0.07142857142857142,0.25,0.3572982379812921
F04796,NUDT8,False,False,False,3,11,4,24,15,-0.16666666666666666,0.11846923828125,0.2027277215502345
F04797,NUDT9,False,False,False,3,5,16,18,21,0.2619047619047619,0.02660369873046875,0.0591493403245955
F04798,NUF2,False,False,False,31,10,1,0,11,-0.21428571428571427,0.01171875,0.02986508436772692
F04799,NUFIP2,False,False,False,0,0,8,34,8,0.19047619047619047,0.0078125,0.020482092976855548
F04800,NUMA1,False,False,False,0,0,0,42,0,0.0,,
F04801,NUMB,False,False,False,0,0,10,32,10,0.23809523809523808,0.001953125,0.006523655948144382
F04802,NUMBL,False,False,False,35,1,6,0,7,0.11904761904761904,0.125,0.2027277215502345
F04803,NUP107,False,False,False,0,0,4,38,4,0.09523809523809523,0.125,0.2027277215502345
F04804,NUP133,False,False,False,0,0,4,38,4,0.09523809523809523,0.125,0.2027277215502345
F04805,NUP153,False,False,False,0,0,4,38,4,0.09523809523809523,0.125,0.2027277215502345
F04806,NUP155,False,False,False,0,0,3,39,3,0.07142857142857142,0.25,0.3572982379812921
F04807,NUP160,False,False,False,0,0,6,36,6,0.14285714285714285,0.03125,0.06532373528475978
F04808,NUP188,False,False,False,0,0,5,37,5,0.11904761904761904,0.0625,0.11622558731955845
F04809,NUP205,False,False,False,0,0,0,42,0,0.0,,
F04810,NUP210,False,False,False,0,1,10,31,11,0.21428571428571427,0.01171875,0.02986508436772692
F04811,NUP214,False,False,False,0,0,5,37,5,0.11904761904761904,0.0625,0.11622558731955845
F04812,NUP35,False,False,False,0,0,8,34,8,0.19047619047619047,0.0078125,0.020482092976855548
F04813,NUP37,False,False,False,0,0,13,29,13,0.30952380952380953,0.000244140625,0.0012069254373589164
F04814,NUP42,False,False,False,31,2,8,1,10,0.14285714285714285,0.109375,0.19126796646260313
F04815,NUP43,False,False,False,1,2,8,31,10,0.14285714285714285,0.109375,0.19126796646260313
F04816,NUP50,False,False,False,0,0,7,35,7,0.16666666666666666,0.015625,0.03678117162307417
F04817,NUP54,False,False,False,0,0,4,38,4,0.09523809523809523,0.125,0.2027277215502345
F04818,NUP58,False,False,False,1,1,20,20,21,0.4523809523809524,2.09808349609375e-05,0.0001751513160017273
F04819,NUP62,False,False,False,0,0,3,39,3,0.07142857142857142,0.25,0.3572982379812921
F04820,NUP85,False,False,False,0,0,8,34,8,0.19047619047619047,0.0078125,0.020482092976855548
F04821,NUP88,False,False,False,0,0,8,34,8,0.19047619047619047,0.0078125,0.020482092976855548
F04822,NUP93,False,False,False,0,0,2,40,2,0.047619047619047616,0.5,0.6282271944922547
F04823,NUP98,False,False,False,0,0,4,38,4,0.09523809523809523,0.125,0.2027277215502345
F04824,NUSAP1,False,False,False,29,1,10,2,11,0.21428571428571427,0.01171875,0.02986508436772692
F04825,NUTF2,False,False,False,0,0,0,42,0,0.0,,
F04826,NVL,False,False,False,39,0,2,1,2,0.047619047619047616,0.5,0.6282271944922547
F04827,NXF1,False,False,False,0,0,16,26,16,0.38095238095238093,3.0517578125e-05,0.00023755982023844786
F04828,NXN,False,False,False,0,0,1,41,1,0.023809523809523808,1.0,1.0
F04829,NXT2;NXT1,False,True,True,42,0,0,0,0,0.0,,
F04830,NYNRIN,False,False,False,40,0,2,0,2,0.047619047619047616,0.5,0.6282271944922547
F04831,OARD1,False,False,False,31,4,5,2,9,0.023809523809523808,1.0,1.0
F04832,OAS1,False,False,False,1,1,12,28,13,0.2619047619047619,0.00341796875,0.010703553235224024
F04833,OAS2,False,False,False,0,0,7,35,7,0.16666666666666666,0.015625,0.03678117162307417
F04834,OAS3,False,False,False,0,0,3,39,3,0.07142857142857142,0.25,0.3572982379812921
F04835,OASL,False,False,False,0,0,22,20,22,0.5238095238095238,4.76837158203125e-07,1.0408040296991798e-05
F04836,OAT,False,False,False,0,0,4,38,4,0.09523809523809523,0.125,0.2027277215502345
F04837,OBSCN,False,False,False,0,4,5,33,9,0.023809523809523808,1.0,1.0
F04838,OBSL1,False,False,False,29,3,8,2,11,0.11904761904761904,0.2265625,0.3435300311562428
F04839,OCC1,False,False,False,22,1,18,1,19,0.40476190476190477,7.62939453125e-05,0.0004760220519497863
F04840,OCIAD1,False,False,False,0,0,1,41,1,0.023809523809523808,1.0,1.0
F04841,OCIAD2,False,False,False,0,0,13,29,13,0.30952380952380953,0.000244140625,0.0012069254373589164
F04842,OCLN,False,False,False,13,12,9,8,21,-0.07142857142857142,0.6636238098144531,0.7992682732320728
F04843,OCRL,False,False,False,7,3,18,14,21,0.35714285714285715,0.0014896392822265625,0.005365641493546336
F04844,ODC1,False,False,False,41,0,1,0,1,0.023809523809523808,1.0,1.0
F04845,ODF2,False,False,False,36,2,4,0,6,0.047619047619047616,0.6875,0.8218477074235808
F04846,ODF3L1,False,False,False,39,0,3,0,3,0.07142857142857142,0.25,0.3572982379812921
F04847,ODR4,False,False,False,2,0,23,17,23,0.5476190476190477,2.384185791015625e-07,6.66557474339262e-06
F04848,OFD1,False,False,False,41,1,0,0,1,-0.023809523809523808,1.0,1.0
F04849,OGA,False,False,False,0,0,10,32,10,0.23809523809523808,0.001953125,0.006523655948144382
F04850,OGDH,False,False,False,0,0,0,42,0,0.0,,
F04851,OGFOD1,False,False,False,17,0,24,1,24,0.5714285714285714,1.1920928955078125e-07,3.896542449495685e-06
F04852,OGFR,False,False,False,0,0,13,29,13,0.30952380952380953,0.000244140625,0.0012069254373589164
F04853,OGN,False,False,False,0,0,0,42,0,0.0,,
F04854,OGT,False,False,False,0,0,5,37,5,0.11904761904761904,0.0625,0.11622558731955845
F04855,OIP5,False,False,False,27,3,6,6,9,0.07142857142857142,0.5078125,0.632959234490609
F04856,OLA1,False,False,False,0,0,0,42,0,0.0,,
F04857,OLFM1,False,False,False,40,2,0,0,2,-0.047619047619047616,0.5,0.6282271944922547
F04858,OLFM3,False,False,False,41,1,0,0,1,-0.023809523809523808,1.0,1.0
F04859,OLFM4,False,False,False,2,1,20,19,21,0.4523809523809524,2.09808349609375e-05,0.0001751513160017273
F04860,OLFML1,False,False,False,0,9,1,32,10,-0.19047619047619047,0.021484375,0.0488923947869761
F04861,OLFML2A,False,False,False,38,0,4,0,4,0.09523809523809523,0.125,0.2027277215502345
F04862,OLFML3,False,False,False,2,14,0,26,14,-0.3333333333333333,0.0001220703125,0.0006813950323916738
F04863,OLR1,False,False,False,33,0,9,0,9,0.21428571428571427,0.00390625,0.01172410347190498
F04864,OMA1,False,False,False,24,12,4,2,16,-0.19047619047619047,0.076812744140625,0.13784750860527348
F04865,OMD,False,False,False,18,5,16,3,21,0.2619047619047619,0.02660369873046875,0.0591493403245955
F04866,OPA1,False,False,False,0,0,0,42,0,0.0,,
F04867,OPA3,False,False,False,0,0,1,41,1,0.023809523809523808,1.0,1.0
F04868,OPLAH,False,False,False,0,1,2,39,3,0.023809523809523808,1.0,1.0
F04869,OPTN,False,False,False,0,0,1,41,1,0.023809523809523808,1.0,1.0
F04870,OR2A7,False,False,False,38,4,0,0,4,-0.09523809523809523,0.125,0.2027277215502345
F04871,OR2T12,False,False,False,14,4,17,7,21,0.30952380952380953,0.007197380065917969,0.019985962397751925
F04872,OR6P1,False,False,False,24,6,8,4,14,0.047619047619047616,0.79052734375,0.9276236200102697
F04873,OR8B4,False,False,False,24,2,15,1,17,0.30952380952380953,0.002349853515625,0.007711557241586538
F04874,OR8D2,False,False,False,9,21,6,6,27,-0.35714285714285715,0.005924612283706665,0.017027429004353802
F04875,OR9A2,False,False,False,23,0,18,1,18,0.42857142857142855,7.62939453125e-06,7.981707336037023e-05
F04876,ORC2,False,False,False,18,4,16,4,20,0.2857142857142857,0.01181793212890625,0.029885994644693634
F04877,ORC3,False,False,False,5,2,18,17,20,0.38095238095238093,0.0004024505615234375,0.0018425785290654944
F04878,ORC4,False,False,False,30,1,10,1,11,0.21428571428571427,0.01171875,0.02986508436772692
F04879,ORM1,False,False,False,0,0,0,42,0,0.0,,
F04880,ORM2,False,False,False,0,0,0,42,0,0.0,,
F04881,ORMDL2,False,False,False,36,0,6,0,6,0.14285714285714285,0.03125,0.06532373528475978
F04882,ORMDL3,False,False,False,23,1,12,6,13,0.2619047619047619,0.00341796875,0.010703553235224024
F04883,OS9,False,False,False,0,0,16,26,16,0.38095238095238093,3.0517578125e-05,0.00023755982023844786
F04884,OSBP,False,False,False,0,0,1,41,1,0.023809523809523808,1.0,1.0
F04885,OSBP2,False,False,False,36,0,6,0,6,0.14285714285714285,0.03125,0.06532373528475978
F04886,OSBPL10,False,False,False,7,4,22,9,26,0.42857142857142855,0.0005335211753845215,0.0022326331989021056
F04887,OSBPL11,False,False,False,0,0,16,26,16,0.38095238095238093,3.0517578125e-05,0.00023755982023844786
F04888,OSBPL1A,False,False,False,4,5,10,23,15,0.11904761904761904,0.3017578125,0.4219086674026389
F04889,OSBPL2,False,False,False,0,2,20,20,22,0.42857142857142855,0.00012111663818359375,0.0006813950323916738
F04890,OSBPL3,False,False,False,3,1,31,7,32,0.7142857142857143,1.5366822481155396e-08,1.2943592782203968e-06
F04891,OSBPL5,False,False,False,23,0,17,2,17,0.40476190476190477,1.52587890625e-05,0.0001392364501953125
F04892,OSBPL8,False,False,False,0,0,6,36,6,0.14285714285714285,0.03125,0.06532373528475978
F04893,OSBPL9,False,False,False,0,0,10,32,10,0.23809523809523808,0.001953125,0.006523655948144382
F04894,OSCAR,False,False,False,28,4,7,3,11,0.07142857142857142,0.548828125,0.6802114282682513
F04895,OSGEP,False,False,False,0,0,10,32,10,0.23809523809523808,0.001953125,0.006523655948144382
F04896,OSTC,False,False,False,0,0,2,40,2,0.047619047619047616,0.5,0.6282271944922547
F04897,OSTF1,False,False,False,0,0,0,42,0,0.0,,
F04898,OTC,False,False,False,28,11,3,0,14,-0.19047619047619047,0.057373046875,0.11175242157389564
F04899,OTUB1,False,False,False,0,0,0,42,0,0.0,,
F04900,OTUB2,False,False,False,16,0,25,1,25,0.5952380952380952,5.960464477539063e-08,2.5428734816514053e-06
F04901,OTUD4,False,False,False,2,1,21,18,22,0.47619047619047616,1.0967254638671875e-05,0.00010627560910925401
F04902,OTUD6B,False,False,False,1,1,21,19,22,0.47619047619047616,1.0967254638671875e-05,0.00010627560910925401
F04903,OTULIN,False,False,False,1,1,23,17,24,0.5238095238095238,2.9802322387695312e-06,3.9451045565085836e-05
F04904,OTX2,False,False,False,39,0,2,1,2,0.047619047619047616,0.5,0.6282271944922547
F04905,OVCA2,False,False,False,0,0,19,23,19,0.4523809523809524,3.814697265625e-06,4.684590847692757e-05
F04906,OXA1L,False,False,False,0,0,6,36,6,0.14285714285714285,0.03125,0.06532373528475978
F04907,OXCT1,False,False,False,0,0,0,42,0,0.0,,
F04908,OXR1,False,False,False,0,2,11,29,13,0.21428571428571427,0.0224609375,0.050450721153846155
F04909,OXSM,False,False,False,9,12,14,7,26,0.047619047619047616,0.8450189828872681,0.9819198297788029
F04910,OXSR1,False,False,False,0,0,0,42,0,0.0,,
F04911,P2RX4,False,False,False,19,3,18,2,21,0.35714285714285715,0.0014896392822265625,0.005365641493546336
F04912,P3H1,False,False,False,0,0,0,42,0,0.0,,
F04913,P3H2,False,False,False,11,2,25,4,27,0.5476190476190477,5.647540092468262e-06,6.318292697938551e-05
F04914,P3H3,False,False,False,2,1,30,9,31,0.6904761904761905,2.9802322387695312e-08,1.6049283449767065e-06
F04915,P3H4,False,False,False,13,1,27,1,28,0.6190476190476191,2.1606683731079102e-07,6.4820051193237305e-06
F04916,P4HA1,False,False,False,0,0,5,37,5,0.11904761904761904,0.0625,0.11622558731955845
F04917,P4HA2,False,False,False,0,0,15,27,15,0.35714285714285715,6.103515625e-05,0.0004117053147458932
F04918,P4HB,False,False,False,0,0,0,42,0,0.0,,
F04919,PA2G4,False,False,False,0,0,0,42,0,0.0,,
F04920,PAAF1,False,False,False,0,0,12,30,12,0.2857142857142857,0.00048828125,0.002121698288690476
F04921,PABPC1,False,False,False,0,0,4,38,4,0.09523809523809523,0.125,0.2027277215502345
F04922,PABPC3,False,False,False,27,1,14,0,15,0.30952380952380953,0.0009765625,0.0036371970663265306
F04923,PABPC4,False,False,False,0,0,0,42,0,0.0,,
F04924,PABPN1,False,False,False,0,0,2,40,2,0.047619047619047616,0.5,0.6282271944922547
F04925,PACS1,False,False,False,1,0,18,23,18,0.42857142857142855,7.62939453125e-06,7.981707336037023e-05
F04926,PACSIN1,False,False,False,36,3,2,1,5,-0.023809523809523808,1.0,1.0
F04927,PACSIN2,False,False,False,0,0,0,42,0,0.0,,
F04928,PACSIN3,False,False,False,0,0,0,42,0,0.0,,
F04929,PADI1,False,False,False,4,20,3,15,23,-0.40476190476190477,0.00048828125,0.002121698288690476
F04930,PADI2,False,False,False,0,0,3,39,3,0.07142857142857142,0.25,0.3572982379812921
F04931,PADI3,False,False,False,36,1,5,0,6,0.09523809523809523,0.21875,0.3337639340455179
F04932,PADI4,False,False,False,1,1,10,30,11,0.21428571428571427,0.01171875,0.02986508436772692
F04933,PAF1,False,False,False,1,0,24,17,24,0.5714285714285714,1.1920928955078125e-07,3.896542449495685e-06
F04934,PAFAH1B1,False,False,False,0,0,0,42,0,0.0,,
F04935,PAFAH1B2,False,False,False,0,0,0,42,0,0.0,,
F04936,PAFAH1B3,False,False,False,0,0,0,42,0,0.0,,
F04937,PAG1,False,False,False,25,3,14,0,17,0.2619047619047619,0.012725830078125,0.03188754952409977
F04938,PAGE2B;PAGE2,False,True,True,42,0,0,0,0,0.0,,
F04939,PAICS,False,False,False,0,0,1,41,1,0.023809523809523808,1.0,1.0
F04940,PAIP1,False,False,False,0,0,6,36,6,0.14285714285714285,0.03125,0.06532373528475978
F04941,PAIP2,False,False,False,0,1,15,26,16,0.3333333333333333,0.000518798828125,0.002199037613407258
F04942,PAK1,False,False,False,0,0,4,38,4,0.09523809523809523,0.125,0.2027277215502345
F04943,PAK1IP1,False,False,False,2,1,30,9,31,0.6904761904761905,2.9802322387695312e-08,1.6049283449767065e-06
F04944,PAK2,False,False,False,0,0,1,41,1,0.023809523809523808,1.0,1.0
F04945,PAK4,False,False,False,21,6,12,3,18,0.14285714285714285,0.237884521484375,0.3572982379812921
F04946,PAK6,False,False,False,20,15,2,5,17,-0.30952380952380953,0.002349853515625,0.007711557241586538
F04947,PALD1,False,False,False,41,0,0,1,0,0.0,,
F04948,PALLD,False,False,False,0,0,0,42,0,0.0,,
F04949,PALM,False,False,False,2,25,2,13,27,-0.5476190476190477,5.647540092468262e-06,6.318292697938551e-05
F04950,PALM2,False,False,False,26,4,12,0,16,0.19047619047619047,0.076812744140625,0.13784750860527348
F04951,PALMD,False,False,False,0,2,0,40,2,-0.047619047619047616,0.5,0.6282271944922547
F04952,PALS1,False,False,False,4,13,9,16,22,-0.09523809523809523,0.5234670639038086,0.6521006086173725
F04953,PALS2,False,False,False,9,7,17,9,24,0.23809523809523808,0.06391465663909912,0.11792173381602955
F04954,PAM,False,False,False,35,5,1,1,6,-0.09523809523809523,0.21875,0.3337639340455179
F04955,PAM16,False,False,False,6,2,23,11,25,0.5,1.9431114196777344e-05,0.00016998990715423056
F04956,PAN2,False,False,False,40,1,0,1,1,-0.023809523809523808,1.0,1.0
F04957,PANK1,False,False,False,37,1,4,0,5,0.07142857142857142,0.375,0.510833506116525
F04958,PANK2,False,False,False,10,5,15,12,20,0.23809523809523808,0.04138946533203125,0.08245263409079603
F04959,PANK4,False,False,False,0,0,1,41,1,0.023809523809523808,1.0,1.0
F04960,PANX1,False,False,False,1,1,30,10,31,0.6904761904761905,2.9802322387695312e-08,1.6049283449767065e-06
F04961,PAPLN,False,False,False,15,16,6,5,22,-0.23809523809523808,0.052478790283203125,0.10329108812481862
F04962,PAPOLA,False,False,False,16,1,22,3,23,0.5,5.7220458984375e-06,6.318292697938551e-05
F04963,PAPOLG,False,False,False,38,0,3,1,3,0.07142857142857142,0.25,0.3572982379812921
F04964,PAPPA,False,False,False,41,1,0,0,1,-0.023809523809523808,1.0,1.0
F04965,PAPPA2,False,False,False,39,3,0,0,3,-0.07142857142857142,0.25,0.3572982379812921
F04966,PAPSS1,False,False,False,0,0,6,36,6,0.14285714285714285,0.03125,0.06532373528475978
F04967,PAPSS2,False,False,False,0,0,16,26,16,0.38095238095238093,3.0517578125e-05,0.00023755982023844786
F04968,PAQR7,False,False,False,41,0,1,0,1,0.023809523809523808,1.0,1.0
F04969,PARD3,False,False,False,4,6,16,16,22,0.23809523809523808,0.052478790283203125,0.10329108812481862
F04970,PARD6B,False,False,False,25,2,13,2,15,0.2619047619047619,0.00738525390625,0.0203017230811977
F04971,PARG,False,False,False,38,0,3,1,3,0.07142857142857142,0.25,0.3572982379812921
F04972,PARK7,False,False,False,0,0,0,42,0,0.0,,
F04973,PARL,False,False,False,27,3,11,1,14,0.19047619047619047,0.057373046875,0.11175242157389564
F04974,PARN,False,False,False,3,2,16,21,18,0.3333333333333333,0.001312255859375,0.0048191844584090275
F04975,PARP1,False,False,False,0,0,0,42,0,0.0,,
F04976,PARP10,False,False,False,2,3,26,11,29,0.5476190476190477,1.5236437320709229e-05,0.0001392364501953125
F04977,PARP12,False,False,False,1,0,23,18,23,0.5476190476190477,2.384185791015625e-07,6.66557474339262e-06
F04978,PARP14,False,False,False,0,0,11,31,11,0.2619047619047619,0.0009765625,0.0036371970663265306
F04979,PARP16,False,False,False,37,1,4,0,5,0.07142857142857142,0.375,0.510833506116525
F04980,PARP4,False,False,False,0,0,4,38,4,0.09523809523809523,0.125,0.2027277215502345
F04981,PARP9,False,False,False,0,0,10,32,10,0.23809523809523808,0.001953125,0.006523655948144382
F04982,PARVA,False,False,False,0,0,0,42,0,0.0,,
F04983,PARVB,False,False,False,0,2,2,38,4,0.0,1.0,1.0
F04984,PARVG,False,False,False,22,6,10,4,16,0.09523809523809523,0.454498291015625,0.6055675870964624
F04985,PATJ,False,False,False,20,8,13,1,21,0.11904761904761904,0.38331031799316406,0.5209658231723392
F04986,PATL1,False,False,False,2,2,21,17,23,0.4523809523809524,6.604194641113281e-05,0.00042917466658866723
F04987,PAWR,False,False,False,0,0,3,39,3,0.07142857142857142,0.25,0.3572982379812921
F04988,PAXBP1,False,False,False,16,2,19,5,21,0.40476190476190477,0.00022125244140625,0.0011491134703866107
F04989,PAXX,False,False,False,0,1,12,29,13,0.2619047619047619,0.00341796875,0.010703553235224024
F04990,PBDC1,False,False,False,0,0,1,41,1,0.023809523809523808,1.0,1.0
F04991,PBK,False,False,False,31,2,8,1,10,0.14285714285714285,0.109375,0.19126796646260313
F04992,PBRM1,False,False,False,0,1,7,34,8,0.14285714285714285,0.0703125,0.12687534331227684
F04993,PBX1,False,False,False,41,0,1,0,1,0.023809523809523808,1.0,1.0
F04994,PBXIP1,False,False,False,0,0,0,42,0,0.0,,
F04995,PC,False,False,False,0,0,3,39,3,0.07142857142857142,0.25,0.3572982379812921
F04996,PCBD1,False,False,False,0,0,0,42,0,0.0,,
F04997,PCBD2,False,False,False,1,20,1,20,21,-0.4523809523809524,2.09808349609375e-05,0.0001751513160017273
F04998,PCBP1,False,False,False,0,0,0,42,0,0.0,,
F04999,PCBP2,False,False,False,0,0,0,42,0,0.0,,
F05000,PCBP3,False,False,False,14,2,14,12,16,0.2857142857142857,0.004180908203125,0.012350974323080598
F05001,PCBP4,False,False,False,29,6,6,1,12,0.0,1.0,1.0
F05002,PCCA,False,False,False,0,4,0,38,4,-0.09523809523809523,0.125,0.2027277215502345
F05003,PCCB,False,False,False,0,2,1,39,3,-0.023809523809523808,1.0,1.0
F05004,PCDH1,False,False,False,1,11,5,25,16,-0.14285714285714285,0.210113525390625,0.3264237081618364
F05005,PCDH18,False,False,False,41,1,0,0,1,-0.023809523809523808,1.0,1.0
F05006,PCDH7,False,False,False,15,1,26,0,27,0.5952380952380952,4.172325134277344e-07,1.0305329373008326e-05
F05007,PCDHB5,False,False,False,28,10,2,2,12,-0.19047619047619047,0.03857421875,0.07848337155963303
F05008,PCDHGA12,False,False,True,42,0,0,0,0,0.0,,
F05009,PCF11,False,False,False,34,3,5,0,8,0.047619047619047616,0.7265625,0.8618009794186676
F05010,PCID2,False,False,False,5,4,19,14,23,0.35714285714285715,0.002599477767944336,0.008286544849778888
F05011,PCIF1,False,False,False,15,5,19,3,24,0.3333333333333333,0.006610751152038574,0.018521379560295707
F05012,PCK1,False,False,False,38,1,3,0,4,0.047619047619047616,0.625,0.7584503140007388
F05013,PCK2,False,False,False,0,0,5,37,5,0.11904761904761904,0.0625,0.11622558731955845
F05014,PCLAF,False,False,False,21,0,17,4,17,0.40476190476190477,1.52587890625e-05,0.0001392364501953125
F05015,PCM1,False,False,False,1,3,5,33,8,0.047619047619047616,0.7265625,0.8618009794186676
F05016,PCMT1,False,False,False,0,0,0,42,0,0.0,,
F05017,PCMTD1,False,False,False,33,3,6,0,9,0.07142857142857142,0.5078125,0.632959234490609
F05018,PCNA,False,False,False,0,0,4,38,4,0.09523809523809523,0.125,0.2027277215502345
F05019,PCNP,False,False,False,0,0,4,38,4,0.09523809523809523,0.125,0.2027277215502345
F05020,PCOLCE,False,False,False,0,0,1,41,1,0.023809523809523808,1.0,1.0
F05021,PCOLCE2,False,False,False,33,7,0,2,7,-0.16666666666666666,0.015625,0.03678117162307417
F05022,PCP4,False,False,False,41,1,0,0,1,-0.023809523809523808,1.0,1.0
F05023,PCSK1N,False,False,False,39,1,1,1,2,0.0,1.0,1.0
F05024,PCYOX1,False,False,False,0,0,0,42,0,0.0,,
F05025,PCYOX1L,False,False,False,7,1,14,20,15,0.30952380952380953,0.0009765625,0.0036371970663265306
F05026,PCYT1A,False,False,False,0,0,2,40,2,0.047619047619047616,0.5,0.6282271944922547
F05027,PCYT2,False,False,False,2,9,8,23,17,-0.023809523809523808,1.0,1.0
F05028,PDAP1,False,False,False,0,0,0,42,0,0.0,,
F05029,PDCD10,False,False,False,0,0,2,40,2,0.047619047619047616,0.5,0.6282271944922547
F05030,PDCD11,False,False,False,0,0,12,30,12,0.2857142857142857,0.00048828125,0.002121698288690476
F05031,PDCD2,False,False,False,41,0,0,1,0,0.0,,
F05032,PDCD2L,False,False,False,3,2,16,21,18,0.3333333333333333,0.001312255859375,0.0048191844584090275
F05033,PDCD4,False,False,False,0,1,3,38,4,0.047619047619047616,0.625,0.7584503140007388
F05034,PDCD5,False,False,False,0,0,0,42,0,0.0,,
F05035,PDCD6,False,False,False,0,0,0,42,0,0.0,,
F05036,PDCD6IP,False,False,False,0,0,0,42,0,0.0,,
F05037,PDCL,False,False,False,35,2,5,0,7,0.07142857142857142,0.453125,0.6055675870964624
F05038,PDCL3,False,False,False,0,1,9,32,10,0.19047619047619047,0.021484375,0.0488923947869761
F05039,PDE11A,False,False,False,3,5,19,15,24,0.3333333333333333,0.006610751152038574,0.018521379560295707
F05040,PDE12,False,False,False,0,0,2,40,2,0.047619047619047616,0.5,0.6282271944922547
F05041,PDE3B,False,False,False,40,0,1,1,1,0.023809523809523808,1.0,1.0
F05042,PDE4DIP,False,False,False,36,3,2,1,5,-0.023809523809523808,1.0,1.0
F05043,PDE6A,False,False,False,41,0,0,1,0,0.0,,
F05044,PDE6D,False,False,False,2,2,23,15,25,0.5,1.9431114196777344e-05,0.00016998990715423056
F05045,PDE9A,False,False,False,13,3,13,13,16,0.23809523809523808,0.021270751953125,0.0488923947869761
F05046,PDF,False,False,False,16,11,9,6,20,-0.047619047619047616,0.8238029479980469,0.958962680430044
F05047,PDGFRB,False,False,False,1,3,9,29,12,0.14285714285714285,0.14599609375,0.23332384722391145
F05048,PDHA1,False,False,False,0,0,0,42,0,0.0,,
F05049,PDHB,False,False,False,0,0,0,42,0,0.0,,
F05050,PDHX,False,False,False,0,0,0,42,0,0.0,,
F05051,PDIA3,False,False,False,0,0,0,42,0,0.0,,
F05052,PDIA4,False,False,False,0,0,0,42,0,0.0,,
F05053,PDIA5,False,False,False,0,0,7,35,7,0.16666666666666666,0.015625,0.03678117162307417
F05054,PDIA6,False,False,False,0,0,0,42,0,0.0,,
F05055,PDILT,False,False,False,15,4,14,9,18,0.23809523809523808,0.0308837890625,0.06532373528475978
F05056,PDK1,False,False,False,0,3,10,29,13,0.16666666666666666,0.09228515625,0.1641791163180341
F05057,PDK2,False,False,False,17,11,5,9,16,-0.14285714285714285,0.210113525390625,0.3264237081618364
F05058,PDK3,False,False,False,4,3,18,17,21,0.35714285714285715,0.0014896392822265625,0.005365641493546336
F05059,PDK4,False,False,False,38,4,0,0,4,-0.09523809523809523,0.125,0.2027277215502345
F05060,PDLIM1,False,False,False,0,0,0,42,0,0.0,,
F05061,PDLIM2,False,False,False,0,0,7,35,7,0.16666666666666666,0.015625,0.03678117162307417
F05062,PDLIM3,False,False,False,0,4,1,37,5,-0.07142857142857142,0.375,0.510833506116525
F05063,PDLIM4,False,False,False,0,0,3,39,3,0.07142857142857142,0.25,0.3572982379812921
F05064,PDLIM5,False,False,False,0,0,0,42,0,0.0,,
F05065,PDLIM7,False,False,False,0,0,0,42,0,0.0,,
F05066,PDP1,False,False,False,0,1,1,40,2,0.0,1.0,1.0
F05067,PDPK1,False,False,False,7,1,21,13,22,0.47619047619047616,1.0967254638671875e-05,0.00010627560910925401
F05068,PDPN,False,False,False,39,0,3,0,3,0.07142857142857142,0.25,0.3572982379812921
F05069,PDPR,False,False,False,0,0,3,39,3,0.07142857142857142,0.25,0.3572982379812921
F05070,PDS5A,False,False,False,0,0,5,37,5,0.11904761904761904,0.0625,0.11622558731955845
F05071,PDS5B,False,False,False,0,0,1,41,1,0.023809523809523808,1.0,1.0
F05072,PDXDC1,False,False,False,0,1,9,32,10,0.19047619047619047,0.021484375,0.0488923947869761
F05073,PDXK,False,False,False,0,0,1,41,1,0.023809523809523808,1.0,1.0
F05074,PDXP,False,False,False,13,9,7,13,16,-0.047619047619047616,0.803619384765625,0.9394625192010955
F05075,PDZD11,False,False,False,2,5,13,22,18,0.19047619047619047,0.09625244140625,0.16967495037270258
F05076,PDZD8,False,False,False,3,1,22,16,23,0.5,5.7220458984375e-06,6.318292697938551e-05
F05077,PDZK1IP1,False,False,False,2,1,20,19,21,0.4523809523809524,2.09808349609375e-05,0.0001751513160017273
F05078,PEA15,False,False,False,0,0,0,42,0,0.0,,
F05079,PEAK3,False,False,False,34,1,7,0,8,0.14285714285714285,0.0703125,0.12687534331227684
F05080,PEBP1,False,False,False,0,0,0,42,0,0.0,,
F05081,PECAM1,False,False,False,0,0,1,41,1,0.023809523809523808,1.0,1.0
F05082,PEDS1,False,False,False,2,0,26,14,26,0.6190476190476191,2.9802322387695312e-08,1.6049283449767065e-06
F05083,PEF1,False,False,False,0,0,11,31,11,0.2619047619047619,0.0009765625,0.0036371970663265306
F05084,PEG10,False,False,False,38,0,3,1,3,0.07142857142857142,0.25,0.3572982379812921
F05085,PELO,False,False,False,0,0,5,37,5,0.11904761904761904,0.0625,0.11622558731955845
F05086,PELP1,False,False,False,0,0,8,34,8,0.19047619047619047,0.0078125,0.020482092976855548
F05087,PEPD,False,False,False,0,0,0,42,0,0.0,,
F05088,PERM1,False,False,False,29,11,1,1,12,-0.23809523809523808,0.00634765625,0.017898756035407724
F05089,PERP,False,False,False,8,1,18,15,19,0.40476190476190477,7.62939453125e-05,0.0004760220519497863
F05090,PES1,False,False,False,0,0,6,36,6,0.14285714285714285,0.03125,0.06532373528475978
F05091,PET100,False,False,False,21,12,7,2,19,-0.11904761904761904,0.359283447265625,0.4963188075136998
F05092,PEX11B,False,False,False,0,0,18,24,18,0.42857142857142855,7.62939453125e-06,7.981707336037023e-05
F05093,PEX11G,False,False,False,14,14,10,4,24,-0.09523809523809523,0.5412561893463135,0.6736224974436976
F05094,PEX13,False,False,False,11,0,27,4,27,0.6428571428571429,1.4901161193847656e-08,1.2943592782203968e-06
F05095,PEX14,False,False,False,0,0,15,27,15,0.35714285714285715,6.103515625e-05,0.0004117053147458932
F05096,PEX16,False,False,False,28,5,9,0,14,0.09523809523809523,0.4239501953125,0.5711201113805875
F05097,PEX19,False,False,False,0,0,7,35,7,0.16666666666666666,0.015625,0.03678117162307417
F05098,PEX5,False,False,False,22,2,16,2,18,0.3333333333333333,0.001312255859375,0.0048191844584090275
F05099,PF4,False,False,False,2,3,10,27,13,0.16666666666666666,0.09228515625,0.1641791163180341
F05100,PFAS,False,False,False,0,0,0,42,0,0.0,,
F05101,PFDN1,False,False,False,0,0,2,40,2,0.047619047619047616,0.5,0.6282271944922547
F05102,PFDN2,False,False,False,0,0,0,42,0,0.0,,
F05103,PFDN4,False,False,False,0,0,3,39,3,0.07142857142857142,0.25,0.3572982379812921
F05104,PFDN5,False,False,False,0,0,0,42,0,0.0,,
F05105,PFDN6,False,False,False,0,0,0,42,0,0.0,,
F05106,PFKFB1,False,False,False,40,2,0,0,2,-0.047619047619047616,0.5,0.6282271944922547
F05107,PFKFB2,False,False,False,0,0,15,27,15,0.35714285714285715,6.103515625e-05,0.0004117053147458932
F05108,PFKFB3,False,False,False,13,2,25,2,27,0.5476190476190477,5.647540092468262e-06,6.318292697938551e-05
F05109,PFKL,False,False,False,0,0,0,42,0,0.0,,
F05110,PFKM,False,False,False,0,0,0,42,0,0.0,,
F05111,PFKP,False,False,False,0,0,2,40,2,0.047619047619047616,0.5,0.6282271944922547
F05112,PFN1,False,False,False,0,0,0,42,0,0.0,,
F05113,PFN2,False,False,False,0,0,0,42,0,0.0,,
F05114,PFN3,False,False,False,30,1,11,0,12,0.23809523809523808,0.00634765625,0.017898756035407724
F05115,PGAM1,False,False,False,0,0,0,42,0,0.0,,
F05116,PGAM2,False,False,False,4,15,2,21,17,-0.30952380952380953,0.002349853515625,0.007711557241586538
F05117,PGAM5,False,False,False,0,0,2,40,2,0.047619047619047616,0.5,0.6282271944922547
F05118,PGD,False,False,False,0,0,0,42,0,0.0,,
F05119,PGGT1B,False,False,False,14,3,18,7,21,0.35714285714285715,0.0014896392822265625,0.005365641493546336
F05120,PGK1,False,False,False,0,0,0,42,0,0.0,,
F05121,PGLS,False,False,False,0,0,1,41,1,0.023809523809523808,1.0,1.0
F05122,PGLYRP1,False,False,False,0,1,13,28,14,0.2857142857142857,0.0018310546875,0.006378594537049311
F05123,PGLYRP2,False,False,False,0,0,0,42,0,0.0,,
F05124,PGM1,False,False,False,0,0,0,42,0,0.0,,
F05125,PGM2,False,False,False,0,0,0,42,0,0.0,,
F05126,PGM2L1,False,False,False,1,2,11,28,13,0.21428571428571427,0.0224609375,0.050450721153846155
F05127,PGM3,False,False,False,0,0,6,36,6,0.14285714285714285,0.03125,0.06532373528475978
F05128,PGM5,False,False,False,0,11,1,30,12,-0.23809523809523808,0.00634765625,0.017898756035407724
F05129,PGP,False,False,False,0,0,5,37,5,0.11904761904761904,0.0625,0.11622558731955845
F05130,PGRMC1,False,False,False,0,0,0,42,0,0.0,,
F05131,PGRMC2,False,False,False,0,0,0,42,0,0.0,,
F05132,PHAX,False,False,False,4,3,23,12,26,0.47619047619047616,8.797645568847656e-05,0.0005361830369882106
F05133,PHB1,False,False,False,0,0,0,42,0,0.0,,
F05134,PHB2,False,False,False,0,0,0,42,0,0.0,,
F05135,PHC2,False,False,False,32,3,7,0,10,0.09523809523809523,0.34375,0.47586125158027814
F05136,PHF10,False,False,False,40,0,1,1,1,0.023809523809523808,1.0,1.0
F05137,PHF14,False,False,False,7,5,18,12,23,0.30952380952380953,0.010622024536132812,0.027605498893351496
F05138,PHF2,False,False,False,1,0,16,25,16,0.38095238095238093,3.0517578125e-05,0.00023755982023844786
F05139,PHF23,False,False,False,0,2,12,28,14,0.23809523809523808,0.012939453125,0.03188754952409977
F05140,PHF3,False,False,False,0,1,0,41,1,-0.023809523809523808,1.0,1.0
F05141,PHF5A,False,False,False,1,0,16,25,16,0.38095238095238093,3.0517578125e-05,0.00023755982023844786
F05142,PHF6,False,False,False,16,4,17,5,21,0.30952380952380953,0.007197380065917969,0.019985962397751925
F05143,PHGDH,False,False,False,0,0,0,42,0,0.0,,
F05144,PHIP,False,False,False,6,4,18,14,22,0.3333333333333333,0.004343509674072266,0.012688687665031029
F05145,PHKA1,False,False,False,2,12,6,22,18,-0.14285714285714285,0.237884521484375,0.3572982379812921
F05146,PHKB,False,False,False,0,7,6,29,13,-0.023809523809523808,1.0,1.0
F05147,PHKG1,False,False,False,20,20,2,0,22,-0.42857142857142855,0.00012111663818359375,0.0006813950323916738
F05148,PHLDA1,False,False,False,0,3,20,19,23,0.40476190476190477,0.00048828125,0.002121698288690476
F05149,PHLDA2,False,False,False,8,3,24,7,27,0.5,4.9233436584472656e-05,0.0003504481889057263
F05150,PHLDA3,False,False,False,3,2,18,19,20,0.38095238095238093,0.0004024505615234375,0.0018425785290654944
F05151,PHLDB1,False,False,False,14,3,13,12,16,0.23809523809523808,0.021270751953125,0.0488923947869761
F05152,PHLDB2,False,False,False,3,0,31,8,31,0.7380952380952381,9.313225746154785e-10,3.220415429065102e-07
F05153,PHLDB3,False,False,False,17,4,17,4,21,0.30952380952380953,0.007197380065917969,0.019985962397751925
F05154,PHPT1,False,False,False,0,0,3,39,3,0.07142857142857142,0.25,0.3572982379812921
F05155,PHRF1,False,False,False,34,2,4,2,6,0.047619047619047616,0.6875,0.8218477074235808
F05156,PHYHD1,False,False,False,5,27,0,10,27,-0.6428571428571429,1.4901161193847656e-08,1.2943592782203968e-06
F05157,PI16,False,False,False,24,14,0,4,14,-0.3333333333333333,0.0001220703125,0.0006813950323916738
F05158,PI3,False,False,False,0,2,12,28,14,0.23809523809523808,0.012939453125,0.03188754952409977
F05159,PI4K2A,False,False,False,0,0,3,39,3,0.07142857142857142,0.25,0.3572982379812921
F05160,PI4K2B,False,False,False,5,1,24,12,25,0.5476190476190477,1.5497207641601562e-06,2.4955062305226046e-05
F05161,PI4KA,False,False,False,0,0,3,39,3,0.07142857142857142,0.25,0.3572982379812921
F05162,PIAS1,False,False,False,35,4,2,1,6,-0.047619047619047616,0.6875,0.8218477074235808
F05163,PICALM,False,False,False,0,0,0,42,0,0.0,,
F05164,PICK1,False,False,False,34,7,1,0,8,-0.14285714285714285,0.0703125,0.12687534331227684
F05165,PIEZO1,False,False,False,2,0,26,14,26,0.6190476190476191,2.9802322387695312e-08,1.6049283449767065e-06
F05166,PIEZO2,False,False,False,34,2,6,0,8,0.09523809523809523,0.2890625,0.40597277148354
F05167,PIF1,False,False,False,32,4,3,3,7,-0.023809523809523808,1.0,1.0
F05168,PIGC,False,False,False,1,0,10,31,10,0.23809523809523808,0.001953125,0.006523655948144382
F05169,PIGG,False,False,False,7,2,25,8,27,0.5476190476190477,5.647540092468262e-06,6.318292697938551e-05
F05170,PIGK,False,False,False,0,0,2,40,2,0.047619047619047616,0.5,0.6282271944922547
F05171,PIGN,False,False,False,12,10,7,13,17,-0.07142857142857142,0.629058837890625,0.7611264392157286
F05172,PIGO,False,False,False,1,2,13,26,15,0.2619047619047619,0.00738525390625,0.0203017230811977
F05173,PIGR,False,False,False,8,8,10,16,18,0.047619047619047616,0.8145294189453125,0.9495135348599544
F05174,PIGS,False,False,False,0,0,8,34,8,0.19047619047619047,0.0078125,0.020482092976855548
F05175,PIGT,False,False,False,0,0,8,34,8,0.19047619047619047,0.0078125,0.020482092976855548
F05176,PIGU,False,False,False,0,0,11,31,11,0.2619047619047619,0.0009765625,0.0036371970663265306
F05177,PIH1D1,False,False,False,2,2,18,20,20,0.38095238095238093,0.0004024505615234375,0.0018425785290654944
F05178,PIK3AP1,False,False,False,18,3,16,5,19,0.30952380952380953,0.004425048828125,0.012728796322583735
F05179,PIK3C2A,False,False,False,5,2,23,12,25,0.5,1.9431114196777344e-05,0.00016998990715423056
F05180,PIK3C3,False,False,False,0,0,6,36,6,0.14285714285714285,0.03125,0.06532373528475978
F05181,PIK3CB,False,False,False,41,1,0,0,1,-0.023809523809523808,1.0,1.0
F05182,PIK3CD,False,False,False,19,0,21,2,21,0.5,9.5367431640625e-07,1.6797963160292393e-05
F05183,PIK3R1,False,False,False,13,3,20,6,23,0.40476190476190477,0.00048828125,0.002121698288690476
F05184,PIK3R2,False,False,False,24,6,9,3,15,0.07142857142857142,0.60723876953125,0.7455725501439567
F05185,PIK3R4,False,False,False,0,0,9,33,9,0.21428571428571427,0.00390625,0.01172410347190498
F05186,PIKFYVE,False,False,False,35,1,6,0,7,0.11904761904761904,0.125,0.2027277215502345
F05187,PIN1,False,False,False,0,4,1,37,5,-0.07142857142857142,0.375,0.510833506116525
F05188,PIN4,False,False,False,1,3,14,24,17,0.2619047619047619,0.012725830078125,0.03188754952409977
F05189,PINX1,False,False,False,36,1,4,1,5,0.07142857142857142,0.375,0.510833506116525
F05190,PIP,False,False,False,0,0,1,41,1,0.023809523809523808,1.0,1.0
F05191,PIP4K2A,False,False,False,0,0,3,39,3,0.07142857142857142,0.25,0.3572982379812921
F05192,PIP4K2B,False,False,False,4,5,9,24,14,0.09523809523809523,0.4239501953125,0.5711201113805875
F05193,PIP4K2C,False,False,False,0,0,2,40,2,0.047619047619047616,0.5,0.6282271944922547
F05194,PIP4P1,False,False,False,0,0,16,26,16,0.38095238095238093,3.0517578125e-05,0.00023755982023844786
F05195,PIP4P2,False,False,False,25,1,16,0,17,0.35714285714285715,0.000274658203125,0.0013119248560594895
F05196,PIPOX,False,False,False,9,7,15,11,22,0.19047619047619047,0.13380050659179688,0.21625321729596692
F05197,PIPSL,False,False,False,29,7,5,1,12,-0.047619047619047616,0.7744140625,0.9121370366842955
F05198,PIR,False,False,False,2,1,3,36,4,0.047619047619047616,0.625,0.7584503140007388
F05199,PISD,False,False,False,20,5,12,5,17,0.16666666666666666,0.143463134765625,0.23067860876411067
F05200,PITHD1,False,False,False,0,0,1,41,1,0.023809523809523808,1.0,1.0
F05201,PITPNA,False,False,False,0,0,1,41,1,0.023809523809523808,1.0,1.0
F05202,PITPNB,False,False,False,0,0,2,40,2,0.047619047619047616,0.5,0.6282271944922547
F05203,PITPNM1,False,False,False,33,1,7,1,8,0.14285714285714285,0.0703125,0.12687534331227684
F05204,PITRM1,False,False,False,0,0,1,41,1,0.023809523809523808,1.0,1.0
F05205,PITX1,False,False,False,18,15,6,3,21,-0.21428571428571427,0.0783538818359375,0.14015382620803413
F05206,PIWIL1,False,False,False,25,6,10,1,16,0.09523809523809523,0.454498291015625,0.6055675870964624
F05207,PKD1,False,False,False,11,5,13,13,18,0.19047619047619047,0.09625244140625,0.16967495037270258
F05208,PKD1L1,False,False,False,9,12,15,6,27,0.07142857142857142,0.7011080384254456,0.8375054204463959
F05209,PKHD1L1,False,False,False,21,9,11,1,20,0.047619047619047616,0.8238029479980469,0.958962680430044
F05210,PKIA,False,False,False,30,8,3,1,11,-0.11904761904761904,0.2265625,0.3435300311562428
F05211,PKLR,False,False,False,4,3,15,20,18,0.2857142857142857,0.007537841796875,0.020482092976855548
F05212,PKM,False,False,False,0,0,0,42,0,0.0,,
F05213,PKMYT1,False,False,False,39,1,2,0,3,0.023809523809523808,1.0,1.0
F05214,PKN1,False,False,False,4,4,9,25,13,0.11904761904761904,0.266845703125,0.37808416422929697
F05215,PKN2,False,False,False,0,0,6,36,6,0.14285714285714285,0.03125,0.06532373528475978
F05216,PKP1,False,False,False,0,0,0,42,0,0.0,,
F05217,PKP2,False,False,False,0,1,13,28,14,0.2857142857142857,0.0018310546875,0.006378594537049311
F05218,PKP3,False,False,False,0,0,0,42,0,0.0,,
F05219,PKP4,False,False,False,9,16,9,8,25,-0.16666666666666666,0.2295229434967041,0.34761773600123236
F05220,PLA2G2A,False,False,False,24,13,3,2,16,-0.23809523809523808,0.021270751953125,0.0488923947869761
F05221,PLA2G4A,False,False,False,5,1,11,25,12,0.23809523809523808,0.00634765625,0.017898756035407724
F05222,PLA2G4B,False,False,False,4,4,8,26,12,0.09523809523809523,0.3876953125,0.5249707755822342
F05223,PLA2G4D,False,False,False,14,7,10,11,17,0.07142857142857142,0.629058837890625,0.7611264392157286
F05224,PLA2G4E,False,False,False,2,0,13,27,13,0.30952380952380953,0.000244140625,0.0012069254373589164
F05225,PLA2R1,False,False,False,40,2,0,0,2,-0.047619047619047616,0.5,0.6282271944922547
F05226,PLAA,False,False,False,0,0,1,41,1,0.023809523809523808,1.0,1.0
F05227,PLAT,False,False,False,40,0,2,0,2,0.047619047619047616,0.5,0.6282271944922547
F05228,PLAU,False,False,False,7,1,33,1,34,0.7619047619047619,4.0745362639427185e-09,6.373738870024681e-07
F05229,PLAUR,False,False,False,15,2,24,1,26,0.5238095238095238,1.049041748046875e-05,0.00010522449289569418
F05230,PLB1,False,False,False,29,3,9,1,12,0.14285714285714285,0.14599609375,0.23332384722391145
F05231,PLBD1,False,False,False,0,0,4,38,4,0.09523809523809523,0.125,0.2027277215502345
F05232,PLBD2,False,False,False,0,0,12,30,12,0.2857142857142857,0.00048828125,0.002121698288690476
F05233,PLCB1,False,False,False,21,13,6,2,19,-0.16666666666666666,0.1670684814453125,0.2655794636089289
F05234,PLCB2,False,False,False,24,3,13,2,16,0.23809523809523808,0.021270751953125,0.0488923947869761
F05235,PLCB3,False,False,False,0,1,5,36,6,0.09523809523809523,0.21875,0.3337639340455179
F05236,PLCB4,False,False,False,1,2,10,29,12,0.19047619047619047,0.03857421875,0.07848337155963303
F05237,PLCD1,False,False,False,0,2,1,39,3,-0.023809523809523808,1.0,1.0
F05238,PLCD4,False,False,False,11,13,12,6,25,-0.023809523809523808,1.0,1.0
F05239,PLCG1,False,False,False,0,0,32,10,32,0.7619047619047619,4.656612873077393e-10,2.5494955480098724e-07
F05240,PLCG2,False,False,False,0,0,2,40,2,0.047619047619047616,0.5,0.6282271944922547
F05241,PLCH1,False,False,False,0,1,16,25,17,0.35714285714285715,0.000274658203125,0.0013119248560594895
F05242,PLCH2,False,False,False,17,7,14,4,21,0.16666666666666666,0.18924713134765625,0.2959661159138542
F05243,PLD1,False,False,False,0,0,7,35,7,0.16666666666666666,0.015625,0.03678117162307417
F05244,PLD2,False,False,False,1,0,18,23,18,0.42857142857142855,7.62939453125e-06,7.981707336037023e-05
F05245,PLD3,False,False,False,0,0,2,40,2,0.047619047619047616,0.5,0.6282271944922547
F05246,PLEC,False,False,False,0,0,0,42,0,0.0,,
F05247,PLEK,False,False,False,0,0,4,38,4,0.09523809523809523,0.125,0.2027277215502345
F05248,PLEK2,False,False,False,2,2,29,9,31,0.6428571428571429,4.628673195838928e-07,1.0408040296991798e-05
F05249,PLEKHA1,False,False,False,1,4,22,15,26,0.42857142857142855,0.0005335211753845215,0.0022326331989021056
F05250,PLEKHA2,False,False,False,12,3,21,6,24,0.42857142857142855,0.0002771615982055664,0.0013119248560594895
F05251,PLEKHA5,False,False,False,7,2,18,15,20,0.38095238095238093,0.0004024505615234375,0.0018425785290654944
F05252,PLEKHA7,False,False,False,21,15,4,2,19,-0.2619047619047619,0.0192108154296875,0.044614725123028234
F05253,PLEKHF1,False,False,False,0,3,7,32,10,0.09523809523809523,0.34375,0.47586125158027814
F05254,PLEKHF2,False,False,False,2,0,19,21,19,0.4523809523809524,3.814697265625e-06,4.684590847692757e-05
F05255,PLEKHG5,False,False,False,38,3,1,0,4,-0.047619047619047616,0.625,0.7584503140007388
F05256,PLEKHM1,False,False,False,5,3,3,31,6,0.0,1.0,1.0
F05257,PLEKHN1,False,False,False,27,8,5,2,13,-0.07142857142857142,0.5810546875,0.7167723050835524
F05258,PLEKHO2,False,False,False,0,0,6,36,6,0.14285714285714285,0.03125,0.06532373528475978
F05259,PLG,False,False,False,0,0,0,42,0,0.0,,
F05260,PLGLA,False,False,False,30,2,9,1,11,0.16666666666666666,0.0654296875,0.11997573175411666
F05261,PLGRKT,False,False,False,15,3,20,4,23,0.40476190476190477,0.00048828125,0.002121698288690476
F05262,PLIN1,False,False,False,3,14,1,24,15,-0.30952380952380953,0.0009765625,0.0036371970663265306
F05263,PLIN2,False,False,False,11,7,14,10,21,0.16666666666666666,0.18924713134765625,0.2959661159138542
F05264,PLIN3,False,False,False,0,0,0,42,0,0.0,,
F05265,PLIN4,False,False,False,2,11,1,28,12,-0.23809523809523808,0.00634765625,0.017898756035407724
F05266,PLIN5,False,False,False,29,6,4,3,10,-0.047619047619047616,0.75390625,0.8906966485344362
F05267,PLK1,False,False,False,37,0,4,1,4,0.09523809523809523,0.125,0.2027277215502345
F05268,PLLP,False,False,False,24,16,0,2,16,-0.38095238095238093,3.0517578125e-05,0.00023755982023844786
F05269,PLN,False,False,False,29,13,0,0,13,-0.30952380952380953,0.000244140625,0.0012069254373589164
F05270,PLOD1,False,False,False,0,0,10,32,10,0.23809523809523808,0.001953125,0.006523655948144382
F05271,PLOD2,False,False,False,2,0,31,9,31,0.7380952380952381,9.313225746154785e-10,3.220415429065102e-07
F05272,PLOD3,False,False,False,0,0,14,28,14,0.3333333333333333,0.0001220703125,0.0006813950323916738
F05273,PLP1,False,False,False,12,11,10,9,21,-0.023809523809523808,1.0,1.0
F05274,PLP2,False,False,False,0,0,2,40,2,0.047619047619047616,0.5,0.6282271944922547
F05275,PLPBP,False,False,False,0,0,1,41,1,0.023809523809523808,1.0,1.0
F05276,PLPP2,False,False,False,29,3,10,0,13,0.16666666666666666,0.09228515625,0.1641791163180341
F05277,PLPP3,False,False,False,2,5,4,31,9,-0.023809523809523808,1.0,1.0
F05278,PLPP6,False,False,False,39,0,3,0,3,0.07142857142857142,0.25,0.3572982379812921
F05279,PLRG1,False,False,False,0,0,9,33,9,0.21428571428571427,0.00390625,0.01172410347190498
F05280,PLS1,False,False,False,0,1,3,38,4,0.047619047619047616,0.625,0.7584503140007388
F05281,PLS3,False,False,False,0,0,0,42,0,0.0,,
F05282,PLSCR1,False,False,False,1,0,26,15,26,0.6190476190476191,2.9802322387695312e-08,1.6049283449767065e-06
F05283,PLSCR3,False,False,False,27,2,13,0,15,0.2619047619047619,0.00738525390625,0.0203017230811977
F05284,PLSCR4,False,False,False,31,8,3,0,11,-0.11904761904761904,0.2265625,0.3435300311562428
F05285,PLTP,False,False,False,2,2,14,24,16,0.2857142857142857,0.004180908203125,0.012350974323080598
F05286,PLVAP,False,False,False,5,12,6,19,18,-0.14285714285714285,0.237884521484375,0.3572982379812921
F05287,PLXDC2,False,False,False,0,0,1,41,1,0.023809523809523808,1.0,1.0
F05288,PLXNA1,False,False,False,6,2,19,15,21,0.40476190476190477,0.00022125244140625,0.0011491134703866107
F05289,PLXNA2,False,False,False,22,12,5,3,17,-0.16666666666666666,0.143463134765625,0.23067860876411067
F05290,PLXNB2,False,False,False,0,0,4,38,4,0.09523809523809523,0.125,0.2027277215502345
F05291,PLXND1,False,False,False,36,3,3,0,6,0.0,1.0,1.0
F05292,PM20D2,False,False,False,6,14,11,11,25,-0.07142857142857142,0.6900379657745361,0.8244316121365162
F05293,PML,False,False,False,0,0,0,42,0,0.0,,
F05294,PMM2,False,False,False,0,0,4,38,4,0.09523809523809523,0.125,0.2027277215502345
F05295,PMP2,False,False,False,9,29,1,3,30,-0.6666666666666666,5.774199962615967e-08,2.5428734816514053e-06
F05296,PMP22,False,False,False,15,3,17,7,20,0.3333333333333333,0.0025768280029296875,0.008286544849778888
F05297,PMPCA,False,False,False,0,0,3,39,3,0.07142857142857142,0.25,0.3572982379812921
F05298,PMPCB,False,False,False,0,0,4,38,4,0.09523809523809523,0.125,0.2027277215502345
F05299,PMS2,False,False,False,38,1,2,1,3,0.023809523809523808,1.0,1.0
F05300,PMVK,False,False,False,0,0,5,37,5,0.11904761904761904,0.0625,0.11622558731955845
F05301,PNISR,False,False,False,40,0,1,1,1,0.023809523809523808,1.0,1.0
F05302,PNKD,False,False,False,9,5,19,9,24,0.3333333333333333,0.006610751152038574,0.018521379560295707
F05303,PNKP,False,False,False,1,2,14,25,16,0.2857142857142857,0.004180908203125,0.012350974323080598
F05304,PNMA5,False,False,False,41,0,1,0,1,0.023809523809523808,1.0,1.0
F05305,PNN,False,False,False,0,0,1,41,1,0.023809523809523808,1.0,1.0
F05306,PNO1,False,False,False,2,2,30,8,32,0.6666666666666666,2.4633482098579407e-07,6.6876850160192855e-06
F05307,PNP,False,False,False,0,0,0,42,0,0.0,,
F05308,PNPLA4,False,False,False,37,2,2,1,4,0.0,1.0,1.0
F05309,PNPLA6,False,False,False,0,1,15,26,16,0.3333333333333333,0.000518798828125,0.002199037613407258
F05310,PNPLA8,False,False,False,2,12,3,25,15,-0.21428571428571427,0.03515625,0.07256568096135721
F05311,PNPO,False,False,False,0,0,2,40,2,0.047619047619047616,0.5,0.6282271944922547
F05312,PNPT1,False,False,False,0,0,2,40,2,0.047619047619047616,0.5,0.6282271944922547
F05313,PODN,False,False,False,2,24,0,16,24,-0.5714285714285714,1.1920928955078125e-07,3.896542449495685e-06
F05314,PODXL,False,False,False,0,3,11,28,14,0.19047619047619047,0.057373046875,0.11175242157389564
F05315,PODXL2,False,False,False,41,0,0,1,0,0.0,,
F05316,POF1B,False,False,False,0,0,1,41,1,0.023809523809523808,1.0,1.0
F05317,POFUT1,False,False,False,0,0,8,34,8,0.19047619047619047,0.0078125,0.020482092976855548
F05318,POFUT2,False,False,False,3,5,14,20,19,0.21428571428571427,0.063568115234375,0.1175464444384587
F05319,POGLUT1,False,False,False,0,0,9,33,9,0.21428571428571427,0.00390625,0.01172410347190498
F05320,POGLUT2,False,False,False,32,1,9,0,10,0.19047619047619047,0.021484375,0.0488923947869761
F05321,POGLUT3,False,False,False,1,4,7,30,11,0.07142857142857142,0.548828125,0.6802114282682513
F05322,POGZ,False,False,False,1,2,15,24,17,0.30952380952380953,0.002349853515625,0.007711557241586538
F05323,POLA1,False,False,False,3,2,15,22,17,0.30952380952380953,0.002349853515625,0.007711557241586538
F05324,POLA2,False,False,False,35,3,4,0,7,0.023809523809523808,1.0,1.0
F05325,POLB,False,False,False,24,3,13,2,16,0.23809523809523808,0.021270751953125,0.0488923947869761
F05326,POLD1,False,False,False,1,3,23,15,26,0.47619047619047616,8.797645568847656e-05,0.0005361830369882106
F05327,POLD2,False,False,False,12,0,21,9,21,0.5,9.5367431640625e-07,1.6797963160292393e-05
F05328,POLD3,False,False,False,17,1,20,4,21,0.4523809523809524,2.09808349609375e-05,0.0001751513160017273
F05329,POLDIP2,False,False,False,0,0,5,37,5,0.11904761904761904,0.0625,0.11622558731955845
F05330,POLDIP3,False,False,False,0,1,6,35,7,0.11904761904761904,0.125,0.2027277215502345
F05331,POLE,False,False,False,12,7,16,7,23,0.21428571428571427,0.0931396484375,0.1652072057868183
F05332,POLE3,False,False,False,2,0,18,22,18,0.42857142857142855,7.62939453125e-06,7.981707336037023e-05
F05333,POLN,False,False,False,9,8,18,7,26,0.23809523809523808,0.07551869750022888,0.13608278732213488
F05334,POLR1A,False,False,False,0,2,18,22,20,0.38095238095238093,0.0004024505615234375,0.0018425785290654944
F05335,POLR1B,False,False,False,14,2,22,4,24,0.47619047619047616,3.5881996154785156e-05,0.0002719085521763996
F05336,POLR1C,False,False,False,1,1,16,24,17,0.35714285714285715,0.000274658203125,0.0013119248560594895
F05337,POLR1D,False,False,False,7,1,27,7,28,0.6190476190476191,2.1606683731079102e-07,6.4820051193237305e-06
F05338,POLR1E,False,False,False,3,1,29,9,30,0.6666666666666666,5.774199962615967e-08,2.5428734816514053e-06
F05339,POLR1F,False,False,False,9,4,17,12,21,0.30952380952380953,0.007197380065917969,0.019985962397751925
F05340,POLR1G,False,False,False,5,0,26,11,26,0.6190476190476191,2.9802322387695312e-08,1.6049283449767065e-06
F05341,POLR2A,False,False,False,0,0,2,40,2,0.047619047619047616,0.5,0.6282271944922547
F05342,POLR2B,False,False,False,0,0,4,38,4,0.09523809523809523,0.125,0.2027277215502345
F05343,POLR2C,False,False,False,0,0,5,37,5,0.11904761904761904,0.0625,0.11622558731955845
F05344,POLR2D,False,False,False,7,1,16,18,17,0.35714285714285715,0.000274658203125,0.0013119248560594895
F05345,POLR2E,False,False,False,0,0,8,34,8,0.19047619047619047,0.0078125,0.020482092976855548
F05346,POLR2G,False,False,False,0,4,21,17,25,0.40476190476190477,0.0009105205535888672,0.0036371970663265306
F05347,POLR2H,False,False,False,0,0,9,33,9,0.21428571428571427,0.00390625,0.01172410347190498
F05348,POLR2I,False,False,False,0,1,10,31,11,0.21428571428571427,0.01171875,0.02986508436772692
F05349,POLR2J;POLR2J2;POLR2J3,False,True,True,42,0,0,0,0,0.0,,
F05350,POLR2K,False,False,False,11,2,24,5,26,0.5238095238095238,1.049041748046875e-05,0.00010522449289569418
F05351,POLR2L,False,False,False,2,0,25,15,25,0.5952380952380952,5.960464477539063e-08,2.5428734816514053e-06
F05352,POLR2M,False,False,False,30,1,9,2,10,0.19047619047619047,0.021484375,0.0488923947869761
F05353,POLR3A,False,False,False,17,2,18,5,20,0.38095238095238093,0.0004024505615234375,0.0018425785290654944
F05354,POLR3B,False,False,False,34,1,7,0,8,0.14285714285714285,0.0703125,0.12687534331227684
F05355,POLR3C,False,False,False,26,2,11,3,13,0.21428571428571427,0.0224609375,0.050450721153846155
F05356,POLR3D,False,False,False,7,4,19,12,23,0.35714285714285715,0.002599477767944336,0.008286544849778888
F05357,POLR3E,False,False,False,11,4,22,5,26,0.42857142857142855,0.0005335211753845215,0.0022326331989021056
F05358,POLR3F,False,False,False,32,0,9,1,9,0.21428571428571427,0.00390625,0.01172410347190498
F05359,POLRMT,False,False,False,20,1,17,4,18,0.38095238095238093,0.00014495849609375,0.000789045003592326
F05360,POMGNT2,False,False,False,40,1,0,1,1,-0.023809523809523808,1.0,1.0
F05361,POMP,False,False,False,17,6,13,6,19,0.16666666666666666,0.1670684814453125,0.2655794636089289
F05362,PON1,False,False,False,0,0,0,42,0,0.0,,
F05363,PON2,False,False,False,1,0,15,26,15,0.35714285714285715,6.103515625e-05,0.0004117053147458932
F05364,POP1,False,False,False,0,0,18,24,18,0.42857142857142855,7.62939453125e-06,7.981707336037023e-05
F05365,POP4,False,False,False,2,0,33,7,33,0.7857142857142857,2.3283064365386963e-10,1.6996636986732483e-07
F05366,POR,False,False,False,0,0,0,42,0,0.0,,
F05367,POSTN,False,False,False,0,0,0,42,0,0.0,,
F05368,POTEI,False,False,False,3,7,12,20,19,0.11904761904761904,0.359283447265625,0.4963188075136998
F05369,POU2F1,False,False,False,27,2,12,1,14,0.23809523809523808,0.012939453125,0.03188754952409977
F05370,PPA1,False,False,False,0,0,0,42,0,0.0,,
F05371,PPA2,False,False,False,0,0,0,42,0,0.0,,
F05372,PPAN,False,False,False,8,2,28,4,30,0.6190476190476191,8.67992639541626e-07,1.6797963160292393e-05
F05373,PPAT,False,False,False,0,0,11,31,11,0.2619047619047619,0.0009765625,0.0036371970663265306
F05374,PPBP,False,False,False,0,0,0,42,0,0.0,,
F05375,PPCDC,False,False,False,23,6,11,2,17,0.11904761904761904,0.332305908203125,0.4625529273081634
F05376,PPCS,False,False,False,0,0,6,36,6,0.14285714285714285,0.03125,0.06532373528475978
F05377,PPDPF,False,False,False,27,9,5,1,14,-0.09523809523809523,0.4239501953125,0.5711201113805875
F05378,PPFIA1,False,False,False,0,0,15,27,15,0.35714285714285715,6.103515625e-05,0.0004117053147458932
F05379,PPFIA2,False,False,False,34,2,5,1,7,0.07142857142857142,0.453125,0.6055675870964624
F05380,PPFIBP1,False,False,False,0,1,9,32,10,0.19047619047619047,0.021484375,0.0488923947869761
F05381,PPFIBP2,False,False,False,5,6,11,20,17,0.11904761904761904,0.332305908203125,0.4625529273081634
F05382,PPHLN1,False,False,False,1,4,20,17,24,0.38095238095238093,0.001543879508972168,0.005491764143988708
F05383,PPIA,False,False,False,0,0,0,42,0,0.0,,
F05384,PPIB,False,False,False,0,0,0,42,0,0.0,,
F05385,PPIC,False,False,False,0,0,10,32,10,0.23809523809523808,0.001953125,0.006523655948144382
F05386,PPID,False,False,False,0,1,7,34,8,0.14285714285714285,0.0703125,0.12687534331227684
F05387,PPIE,False,False,False,0,1,17,24,18,0.38095238095238093,0.00014495849609375,0.000789045003592326
F05388,PPIF,False,False,False,0,0,0,42,0,0.0,,
F05389,PPIG,False,False,False,0,1,18,23,19,0.40476190476190477,7.62939453125e-05,0.0004760220519497863
F05390,PPIH,False,False,False,0,0,3,39,3,0.07142857142857142,0.25,0.3572982379812921
F05391,PPIL1,False,False,False,8,4,21,9,25,0.40476190476190477,0.0009105205535888672,0.0036371970663265306
F05392,PPIL2,False,False,False,8,5,18,11,23,0.30952380952380953,0.010622024536132812,0.027605498893351496
F05393,PPIL3,False,False,False,0,0,2,40,2,0.047619047619047616,0.5,0.6282271944922547
F05394,PPIL4,False,False,False,6,1,29,6,30,0.6666666666666666,5.774199962615967e-08,2.5428734816514053e-06
F05395,PPIP5K2,False,False,False,7,4,17,14,21,0.30952380952380953,0.007197380065917969,0.019985962397751925
F05396,PPL,False,False,False,0,0,0,42,0,0.0,,
F05397,PPM1A,False,False,False,0,2,3,37,5,0.023809523809523808,1.0,1.0
F05398,PPM1B,False,False,False,2,2,14,24,16,0.2857142857142857,0.004180908203125,0.012350974323080598
F05399,PPM1F,False,False,False,0,0,0,42,0,0.0,,
F05400,PPM1G,False,False,False,0,0,7,35,7,0.16666666666666666,0.015625,0.03678117162307417
F05401,PPM1H,False,False,False,36,6,0,0,6,-0.14285714285714285,0.03125,0.06532373528475978
F05402,PPM1L,False,False,False,7,26,3,6,29,-0.5476190476190477,1.5236437320709229e-05,0.0001392364501953125
F05403,PPME1,False,False,False,0,0,3,39,3,0.07142857142857142,0.25,0.3572982379812921
F05404,PPOX,False,False,False,1,3,8,30,11,0.11904761904761904,0.2265625,0.3435300311562428
F05405,PPP1CA,False,False,False,0,0,0,42,0,0.0,,
F05406,PPP1CB,False,False,False,0,0,0,42,0,0.0,,
F05407,PPP1CC,False,False,False,0,0,1,41,1,0.023809523809523808,1.0,1.0
F05408,PPP1R10,False,False,False,2,1,20,19,21,0.4523809523809524,2.09808349609375e-05,0.0001751513160017273
F05409,PPP1R11,False,False,False,17,3,20,2,23,0.40476190476190477,0.00048828125,0.002121698288690476
F05410,PPP1R12A,False,False,False,0,0,0,42,0,0.0,,
F05411,PPP1R12B,False,False,False,4,20,1,17,21,-0.4523809523809524,2.09808349609375e-05,0.0001751513160017273
F05412,PPP1R12C,False,False,False,0,1,7,34,8,0.14285714285714285,0.0703125,0.12687534331227684
F05413,PPP1R13L,False,False,False,0,0,6,36,6,0.14285714285714285,0.03125,0.06532373528475978
F05414,PPP1R14A,False,False,False,25,9,4,4,13,-0.11904761904761904,0.266845703125,0.37808416422929697
F05415,PPP1R14B,False,False,False,0,0,5,37,5,0.11904761904761904,0.0625,0.11622558731955845
F05416,PPP1R14C,False,False,False,2,0,26,14,26,0.6190476190476191,2.9802322387695312e-08,1.6049283449767065e-06
F05417,PPP1R18,False,False,False,0,0,19,23,19,0.4523809523809524,3.814697265625e-06,4.684590847692757e-05
F05418,PPP1R1B,False,False,False,36,5,1,0,6,-0.09523809523809523,0.21875,0.3337639340455179
F05419,PPP1R2,False,False,False,14,7,13,8,20,0.14285714285714285,0.26317596435546875,0.3745810411211936
F05420,PPP1R21,False,False,False,2,6,11,23,17,0.11904761904761904,0.332305908203125,0.4625529273081634
F05421,PPP1R2P1,False,False,False,3,0,15,24,15,0.35714285714285715,6.103515625e-05,0.0004117053147458932
F05422,PPP1R3A,False,False,False,17,19,4,2,23,-0.35714285714285715,0.002599477767944336,0.008286544849778888
F05423,PPP1R3D,False,False,False,8,5,18,11,23,0.30952380952380953,0.010622024536132812,0.027605498893351496
F05424,PPP1R7,False,False,False,0,0,0,42,0,0.0,,
F05425,PPP1R8,False,False,False,0,0,18,24,18,0.42857142857142855,7.62939453125e-06,7.981707336037023e-05
F05426,PPP1R9B,False,False,False,0,0,8,34,8,0.19047619047619047,0.0078125,0.020482092976855548
F05427,PPP2CB,False,False,False,0,1,4,37,5,0.07142857142857142,0.375,0.510833506116525
F05428,PPP2R1A,False,False,False,0,0,0,42,0,0.0,,
F05429,PPP2R1B,False,False,False,1,1,18,22,19,0.40476190476190477,7.62939453125e-05,0.0004760220519497863
F05430,PPP2R2A,False,False,False,0,0,1,41,1,0.023809523809523808,1.0,1.0
F05431,PPP2R5A,False,False,False,0,1,1,40,2,0.0,1.0,1.0
F05432,PPP2R5B,False,False,False,7,3,21,11,24,0.42857142857142855,0.0002771615982055664,0.0013119248560594895
F05433,PPP2R5C,False,False,False,28,1,11,2,12,0.23809523809523808,0.00634765625,0.017898756035407724
F05434,PPP2R5D,False,False,False,0,0,5,37,5,0.11904761904761904,0.0625,0.11622558731955845
F05435,PPP2R5E,False,False,False,0,0,2,40,2,0.047619047619047616,0.5,0.6282271944922547
F05436,PPP3CA,False,False,False,0,0,0,42,0,0.0,,
F05437,PPP3CB,False,False,False,20,4,8,10,12,0.09523809523809523,0.3876953125,0.5249707755822342
F05438,PPP3CC,False,False,False,30,2,10,0,12,0.19047619047619047,0.03857421875,0.07848337155963303
F05439,PPP3R1;PPP3R2,False,True,True,42,0,0,0,0,0.0,,
F05440,PPP4C,False,False,False,0,0,7,35,7,0.16666666666666666,0.015625,0.03678117162307417
F05441,PPP4R1,False,False,False,0,0,1,41,1,0.023809523809523808,1.0,1.0
F05442,PPP4R2,False,False,False,1,1,21,19,22,0.47619047619047616,1.0967254638671875e-05,0.00010627560910925401
F05443,PPP4R3A,False,False,False,1,0,18,23,18,0.42857142857142855,7.62939453125e-06,7.981707336037023e-05
F05444,PPP5C,False,False,False,0,1,2,39,3,0.023809523809523808,1.0,1.0
F05445,PPP6C,False,False,False,0,0,2,40,2,0.047619047619047616,0.5,0.6282271944922547
F05446,PPP6R1,False,False,False,0,0,5,37,5,0.11904761904761904,0.0625,0.11622558731955845
F05447,PPP6R2,False,False,False,3,6,17,16,23,0.2619047619047619,0.03468966484069824,0.07226096956353438
F05448,PPP6R3,False,False,False,0,0,5,37,5,0.11904761904761904,0.0625,0.11622558731955845
F05449,PPT1,False,False,False,0,0,0,42,0,0.0,,
F05450,PPTC7,False,False,False,28,5,7,2,12,0.047619047619047616,0.7744140625,0.9121370366842955
F05451,PPWD1,False,False,False,4,4,17,17,21,0.30952380952380953,0.007197380065917969,0.019985962397751925
F05452,PQBP1,False,False,False,1,0,16,25,16,0.38095238095238093,3.0517578125e-05,0.00023755982023844786
F05453,PRAF2,False,False,False,0,1,2,39,3,0.023809523809523808,1.0,1.0
F05454,PRAG1,False,False,False,19,2,19,2,21,0.40476190476190477,0.00022125244140625,0.0011491134703866107
F05455,PRAM1,False,False,False,39,0,3,0,3,0.07142857142857142,0.25,0.3572982379812921
F05456,PRB2,False,False,True,42,0,0,0,0,0.0,,
F05457,PRB4,False,False,False,34,4,3,1,7,-0.023809523809523808,1.0,1.0
F05458,PRC1,False,False,False,32,1,8,1,9,0.16666666666666666,0.0390625,0.07848337155963303
F05459,PRCC,False,False,False,21,1,19,1,20,0.42857142857142855,4.00543212890625e-05,0.0002895015301090656
F05460,PRCP,False,False,False,0,1,9,32,10,0.19047619047619047,0.021484375,0.0488923947869761
F05461,PRDM15,False,False,False,31,10,1,0,11,-0.21428571428571427,0.01171875,0.02986508436772692
F05462,PRDX1,False,False,False,0,0,0,42,0,0.0,,
F05463,PRDX2,False,False,False,0,0,0,42,0,0.0,,
F05464,PRDX3,False,False,False,0,0,0,42,0,0.0,,
F05465,PRDX4,False,False,False,0,0,0,42,0,0.0,,
F05466,PRDX5,False,False,False,0,0,0,42,0,0.0,,
F05467,PRDX6,False,False,False,0,0,0,42,0,0.0,,
F05468,PREB,False,False,False,0,0,2,40,2,0.047619047619047616,0.5,0.6282271944922547
F05469,PRELP,False,False,False,0,0,0,42,0,0.0,,
F05470,PREP,False,False,False,0,0,0,42,0,0.0,,
F05471,PREPL,False,False,False,19,2,18,3,20,0.38095238095238093,0.0004024505615234375,0.0018425785290654944
F05472,PREX1,False,False,False,5,3,25,9,28,0.5238095238095238,2.744048833847046e-05,0.0002256370568006895
F05473,PRF1,False,False,False,22,2,16,2,18,0.3333333333333333,0.001312255859375,0.0048191844584090275
F05474,PRG2,False,False,False,0,0,5,37,5,0.11904761904761904,0.0625,0.11622558731955845
F05475,PRG3,False,False,False,0,1,15,26,16,0.3333333333333333,0.000518798828125,0.002199037613407258
F05476,PRG4,False,False,False,4,12,5,21,17,-0.16666666666666666,0.143463134765625,0.23067860876411067
F05477,PRH1,False,False,False,7,4,5,26,9,0.023809523809523808,1.0,1.0
F05478,PRIM1,False,False,False,21,1,19,1,20,0.42857142857142855,4.00543212890625e-05,0.0002895015301090656
F05479,PRIM2,False,False,False,7,1,26,8,27,0.5952380952380952,4.172325134277344e-07,1.0305329373008326e-05
F05480,PRKAA1,False,False,False,0,0,3,39,3,0.07142857142857142,0.25,0.3572982379812921
F05481,PRKAA2,False,False,False,17,19,4,2,23,-0.35714285714285715,0.002599477767944336,0.008286544849778888
F05482,PRKAB1,False,False,False,8,9,19,6,28,0.23809523809523808,0.08715855330228806,0.15581814835266192
F05483,PRKACA,False,False,False,0,0,2,40,2,0.047619047619047616,0.5,0.6282271944922547
F05484,PRKACB,False,False,False,0,3,12,27,15,0.21428571428571427,0.03515625,0.07256568096135721
F05485,PRKAG1,False,False,False,0,0,1,41,1,0.023809523809523808,1.0,1.0
F05486,PRKAR1A,False,False,False,0,0,0,42,0,0.0,,
F05487,PRKAR1B,False,False,False,30,1,10,1,11,0.21428571428571427,0.01171875,0.02986508436772692
F05488,PRKAR2A,False,False,False,0,0,0,42,0,0.0,,
F05489,PRKAR2B,False,False,False,1,19,3,19,22,-0.38095238095238093,0.0008554458618164062,0.0034628954480183543
F05490,PRKCA,False,False,False,6,1,22,13,23,0.5,5.7220458984375e-06,6.318292697938551e-05
F05491,PRKCB,False,False,False,10,6,16,10,22,0.23809523809523808,0.052478790283203125,0.10329108812481862
F05492,PRKCD,False,False,False,0,0,3,39,3,0.07142857142857142,0.25,0.3572982379812921
F05493,PRKCE,False,False,False,41,0,0,1,0,0.0,,
F05494,PRKCI,False,False,False,0,0,20,22,20,0.47619047619047616,1.9073486328125e-06,2.7785544384873893e-05
F05495,PRKCSH,False,False,False,0,0,0,42,0,0.0,,
F05496,PRKD1,False,False,False,9,11,12,10,23,0.023809523809523808,1.0,1.0
F05497,PRKD2,False,False,False,0,0,20,22,20,0.47619047619047616,1.9073486328125e-06,2.7785544384873893e-05
F05498,PRKDC,False,False,False,0,0,0,42,0,0.0,,
F05499,PRKG1,False,False,False,10,11,12,9,23,0.023809523809523808,1.0,1.0
F05500,PRKRA,False,False,False,0,0,0,42,0,0.0,,
F05501,PRL,False,False,False,40,1,1,0,2,0.0,1.0,1.0
F05502,PRMT1,False,False,False,0,0,2,40,2,0.047619047619047616,0.5,0.6282271944922547
F05503,PRMT3,False,False,False,2,0,27,13,27,0.6428571428571429,1.4901161193847656e-08,1.2943592782203968e-06
F05504,PRMT5,False,False,False,0,0,0,42,0,0.0,,
F05505,PRMT8,False,False,False,27,7,4,4,11,-0.07142857142857142,0.548828125,0.6802114282682513
F05506,PRNP,False,False,False,0,1,11,30,12,0.23809523809523808,0.00634765625,0.017898756035407724
F05507,PROB1,False,False,False,6,6,12,18,18,0.14285714285714285,0.237884521484375,0.3572982379812921
F05508,PROC,False,False,False,9,11,14,8,25,0.07142857142857142,0.6900379657745361,0.8244316121365162
F05509,PROCR,False,False,False,0,1,11,30,12,0.23809523809523808,0.00634765625,0.017898756035407724
F05510,PRODH,False,False,False,36,3,3,0,6,0.0,1.0,1.0
F05511,PROM1,False,False,False,37,4,0,1,4,-0.09523809523809523,0.125,0.2027277215502345
F05512,PROM2,False,False,False,4,6,10,22,16,0.09523809523809523,0.454498291015625,0.6055675870964624
F05513,PRORP,False,False,False,0,0,13,29,13,0.30952380952380953,0.000244140625,0.0012069254373589164
F05514,PROS1,False,False,False,0,0,0,42,0,0.0,,
F05515,PROZ,False,False,False,15,10,8,9,18,-0.047619047619047616,0.8145294189453125,0.9495135348599544
F05516,PRPF19,False,False,False,0,0,3,39,3,0.07142857142857142,0.25,0.3572982379812921
F05517,PRPF3,False,False,False,0,0,20,22,20,0.47619047619047616,1.9073486328125e-06,2.7785544384873893e-05
F05518,PRPF31,False,False,False,0,0,4,38,4,0.09523809523809523,0.125,0.2027277215502345
F05519,PRPF38A,False,False,False,0,0,23,19,23,0.5476190476190477,2.384185791015625e-07,6.66557474339262e-06
F05520,PRPF38B,False,False,False,2,2,29,9,31,0.6428571428571429,4.628673195838928e-07,1.0408040296991798e-05
F05521,PRPF4,False,False,False,0,0,7,35,7,0.16666666666666666,0.015625,0.03678117162307417
F05522,PRPF40A,False,False,False,0,0,5,37,5,0.11904761904761904,0.0625,0.11622558731955845
F05523,PRPF4B,False,False,False,0,0,11,31,11,0.2619047619047619,0.0009765625,0.0036371970663265306
F05524,PRPF6,False,False,False,0,0,3,39,3,0.07142857142857142,0.25,0.3572982379812921
F05525,PRPF8,False,False,False,0,0,0,42,0,0.0,,
F05526,PRPH,False,False,False,2,15,2,23,17,-0.30952380952380953,0.002349853515625,0.007711557241586538
F05527,PRPS1,False,False,False,0,0,8,34,8,0.19047619047619047,0.0078125,0.020482092976855548
F05528,PRPS2,False,False,False,0,0,14,28,14,0.3333333333333333,0.0001220703125,0.0006813950323916738
F05529,PRPSAP1,False,False,False,1,0,6,35,6,0.14285714285714285,0.03125,0.06532373528475978
F05530,PRPSAP2,False,False,False,0,0,1,41,1,0.023809523809523808,1.0,1.0
F05531,PRR12,False,False,False,33,2,6,1,8,0.09523809523809523,0.2890625,0.40597277148354
F05532,PRR14L,False,False,False,40,0,2,0,2,0.047619047619047616,0.5,0.6282271944922547
F05533,PRR33,False,False,False,20,13,3,6,16,-0.23809523809523808,0.021270751953125,0.0488923947869761
F05534,PRR4,False,False,False,35,4,3,0,7,-0.023809523809523808,1.0,1.0
F05535,PRR9,False,False,False,23,1,16,2,17,0.35714285714285715,0.000274658203125,0.0013119248560594895
F05536,PRRC1,False,False,False,0,0,6,36,6,0.14285714285714285,0.03125,0.06532373528475978
F05537,PRRC2A,False,False,False,1,1,15,25,16,0.3333333333333333,0.000518798828125,0.002199037613407258
F05538,PRRC2B,False,False,False,1,3,27,11,30,0.5714285714285714,8.430331945419312e-06,8.749965384108195e-05
F05539,PRRC2C,False,False,False,0,0,7,35,7,0.16666666666666666,0.015625,0.03678117162307417
F05540,PRRX1,False,False,False,16,3,18,5,21,0.35714285714285715,0.0014896392822265625,0.005365641493546336
F05541,PRSS22,False,False,False,17,3,14,8,17,0.2619047619047619,0.012725830078125,0.03188754952409977
F05542,PRSS23,False,False,False,25,1,14,2,15,0.30952380952380953,0.0009765625,0.0036371970663265306
F05543,PRSS27,False,False,False,10,11,8,13,19,-0.07142857142857142,0.6476058959960938,0.7818395326523955
F05544,PRSS8,False,False,False,14,4,14,10,18,0.23809523809523808,0.0308837890625,0.06532373528475978
F05545,PRTFDC1,False,False,False,16,0,24,2,24,0.5714285714285714,1.1920928955078125e-07,3.896542449495685e-06
F05546,PRTN3,False,False,False,0,0,0,42,0,0.0,,
F05547,PRUNE1,False,False,False,22,5,10,5,15,0.11904761904761904,0.3017578125,0.4219086674026389
F05548,PRX,False,False,False,1,4,2,35,6,-0.047619047619047616,0.6875,0.8218477074235808
F05549,PRXL2A,False,False,False,0,0,0,42,0,0.0,,
F05550,PRXL2B,False,False,False,7,7,16,12,23,0.21428571428571427,0.0931396484375,0.1652072057868183
F05551,PSAP,False,False,False,0,0,0,42,0,0.0,,
F05552,PSAT1,False,False,False,0,0,6,36,6,0.14285714285714285,0.03125,0.06532373528475978
F05553,PSCA,False,False,False,22,13,3,4,16,-0.23809523809523808,0.021270751953125,0.0488923947869761
F05554,PSEN1,False,False,False,2,0,26,14,26,0.6190476190476191,2.9802322387695312e-08,1.6049283449767065e-06
F05555,PSIP1,False,False,False,0,0,0,42,0,0.0,,
F05556,PSMA1,False,False,False,0,0,0,42,0,0.0,,
F05557,PSMA2,False,False,False,0,0,0,42,0,0.0,,
F05558,PSMA3,False,False,False,0,0,0,42,0,0.0,,
F05559,PSMA4,False,False,False,0,0,0,42,0,0.0,,
F05560,PSMA5,False,False,False,0,0,0,42,0,0.0,,
F05561,PSMA6,False,False,False,0,0,0,42,0,0.0,,
F05562,PSMA7,False,False,False,0,0,0,42,0,0.0,,
F05563,PSMB1,False,False,False,0,0,0,42,0,0.0,,
F05564,PSMB10,False,False,False,0,0,2,40,2,0.047619047619047616,0.5,0.6282271944922547
F05565,PSMB2,False,False,False,0,0,0,42,0,0.0,,
F05566,PSMB3,False,False,False,0,0,0,42,0,0.0,,
F05567,PSMB4,False,False,False,0,0,0,42,0,0.0,,
F05568,PSMB5,False,False,False,0,0,0,42,0,0.0,,
F05569,PSMB6,False,False,False,0,0,0,42,0,0.0,,
F05570,PSMB7,False,False,False,0,0,2,40,2,0.047619047619047616,0.5,0.6282271944922547
F05571,PSMB8,False,False,False,0,0,5,37,5,0.11904761904761904,0.0625,0.11622558731955845
F05572,PSMB9,False,False,False,0,0,4,38,4,0.09523809523809523,0.125,0.2027277215502345
F05573,PSMC1,False,False,False,0,0,0,42,0,0.0,,
F05574,PSMC2,False,False,False,0,0,0,42,0,0.0,,
F05575,PSMC3,False,False,False,0,0,0,42,0,0.0,,
F05576,PSMC4,False,False,False,0,0,0,42,0,0.0,,
F05577,PSMC5,False,False,False,0,0,0,42,0,0.0,,
F05578,PSMC6,False,False,False,0,0,0,42,0,0.0,,
F05579,PSMD1,False,False,False,0,0,0,42,0,0.0,,
F05580,PSMD10,False,False,False,0,0,1,41,1,0.023809523809523808,1.0,1.0
F05581,PSMD11,False,False,False,0,0,0,42,0,0.0,,
F05582,PSMD12,False,False,False,0,0,0,42,0,0.0,,
F05583,PSMD13,False,False,False,0,0,0,42,0,0.0,,
F05584,PSMD14,False,False,False,0,0,0,42,0,0.0,,
F05585,PSMD2,False,False,False,0,0,0,42,0,0.0,,
F05586,PSMD3,False,False,False,0,0,0,42,0,0.0,,
F05587,PSMD4,False,False,False,0,2,1,39,3,-0.023809523809523808,1.0,1.0
F05588,PSMD5,False,False,False,0,0,0,42,0,0.0,,
F05589,PSMD6,False,False,False,0,0,0,42,0,0.0,,
F05590,PSMD7,False,False,False,0,0,0,42,0,0.0,,
F05591,PSMD8,False,False,False,0,0,0,42,0,0.0,,
F05592,PSMD9,False,False,False,0,0,0,42,0,0.0,,
F05593,PSME1,False,False,False,0,0,0,42,0,0.0,,
F05594,PSME2,False,False,False,0,0,0,42,0,0.0,,
F05595,PSME3,False,False,False,0,0,5,37,5,0.11904761904761904,0.0625,0.11622558731955845
F05596,PSME3IP1,False,False,False,4,3,22,13,25,0.4523809523809524,0.00015652179718017578,0.0008387832034859338
F05597,PSME4,False,False,False,0,0,17,25,17,0.40476190476190477,1.52587890625e-05,0.0001392364501953125
F05598,PSMF1,False,False,False,0,0,0,42,0,0.0,,
F05599,PSMG1,False,False,False,0,0,6,36,6,0.14285714285714285,0.03125,0.06532373528475978
F05600,PSMG2,False,False,False,1,1,18,22,19,0.40476190476190477,7.62939453125e-05,0.0004760220519497863
F05601,PSMG3,False,False,False,2,4,20,16,24,0.38095238095238093,0.001543879508972168,0.005491764143988708
F05602,PSMG4,False,False,False,33,1,6,2,7,0.11904761904761904,0.125,0.2027277215502345
F05603,PSPC1,False,False,False,0,0,1,41,1,0.023809523809523808,1.0,1.0
F05604,PSPH,False,False,False,0,1,12,29,13,0.2619047619047619,0.00341796875,0.010703553235224024
F05605,PSTPIP2,False,False,False,3,0,26,13,26,0.6190476190476191,2.9802322387695312e-08,1.6049283449767065e-06
F05606,PTAR1,False,False,False,10,8,14,10,22,0.14285714285714285,0.28627872467041016,0.4047452595404766
F05607,PTBP1,False,False,False,0,0,0,42,0,0.0,,
F05608,PTBP2,False,False,False,0,0,1,41,1,0.023809523809523808,1.0,1.0
F05609,PTBP3,False,False,False,0,0,7,35,7,0.16666666666666666,0.015625,0.03678117162307417
F05610,PTCD1,False,False,False,24,1,14,3,15,0.30952380952380953,0.0009765625,0.0036371970663265306
F05611,PTCD2,False,False,False,33,7,1,1,8,-0.14285714285714285,0.0703125,0.12687534331227684
F05612,PTCD3,False,False,False,0,1,4,37,5,0.07142857142857142,0.375,0.510833506116525
F05613,PTDSS1,False,False,False,0,0,8,34,8,0.19047619047619047,0.0078125,0.020482092976855548
F05614,PTDSS2,False,False,False,24,4,13,1,17,0.21428571428571427,0.049041748046875,0.09713725796441626
F05615,PTER,False,False,False,5,7,10,20,17,0.07142857142857142,0.629058837890625,0.7611264392157286
F05616,PTGDS,False,False,False,8,19,4,11,23,-0.35714285714285715,0.002599477767944336,0.008286544849778888
F05617,PTGES,False,False,False,9,2,18,13,20,0.38095238095238093,0.0004024505615234375,0.0018425785290654944
F05618,PTGES2,False,False,False,0,0,1,41,1,0.023809523809523808,1.0,1.0
F05619,PTGES3,False,False,False,0,0,0,42,0,0.0,,
F05620,PTGFRN,False,False,False,0,0,4,38,4,0.09523809523809523,0.125,0.2027277215502345
F05621,PTGIS,False,False,False,1,20,2,19,22,-0.42857142857142855,0.00012111663818359375,0.0006813950323916738
F05622,PTGR1,False,False,False,0,1,3,38,4,0.047619047619047616,0.625,0.7584503140007388
F05623,PTGR2,False,False,False,0,10,4,28,14,-0.14285714285714285,0.1795654296875,0.2823599318344894
F05624,PTGR3,False,False,False,1,3,3,35,6,0.0,1.0,1.0
F05625,PTGS1,False,False,False,0,0,7,35,7,0.16666666666666666,0.015625,0.03678117162307417
F05626,PTGS2,False,False,False,2,3,33,4,36,0.7142857142857143,2.2721360437572002e-07,6.66557474339262e-06
F05627,PTHLH,False,False,False,35,1,5,1,6,0.09523809523809523,0.21875,0.3337639340455179
F05628,PTK2,False,False,False,1,0,3,38,3,0.07142857142857142,0.25,0.3572982379812921
F05629,PTK2B,False,False,False,0,0,15,27,15,0.35714285714285715,6.103515625e-05,0.0004117053147458932
F05630,PTK6,False,False,False,0,2,7,33,9,0.11904761904761904,0.1796875,0.2823599318344894
F05631,PTK7,False,False,False,0,0,8,34,8,0.19047619047619047,0.0078125,0.020482092976855548
F05632,PTMA,False,False,False,0,0,0,42,0,0.0,,
F05633,PTMS,False,False,False,3,5,9,25,14,0.09523809523809523,0.4239501953125,0.5711201113805875
F05634,PTP4A2,False,False,False,5,4,18,15,22,0.3333333333333333,0.004343509674072266,0.012688687665031029
F05635,PTPA,False,False,False,0,0,0,42,0,0.0,,
F05636,PTPMT1,False,False,False,0,2,4,36,6,0.047619047619047616,0.6875,0.8218477074235808
F05637,PTPN1,False,False,False,0,0,6,36,6,0.14285714285714285,0.03125,0.06532373528475978
F05638,PTPN11,False,False,False,0,0,0,42,0,0.0,,
F05639,PTPN12,False,False,False,0,0,15,27,15,0.35714285714285715,6.103515625e-05,0.0004117053147458932
F05640,PTPN13,False,False,False,36,2,4,0,6,0.047619047619047616,0.6875,0.8218477074235808
F05641,PTPN18,False,False,False,15,0,17,10,17,0.40476190476190477,1.52587890625e-05,0.0001392364501953125
F05642,PTPN2,False,False,False,30,1,10,1,11,0.21428571428571427,0.01171875,0.02986508436772692
F05643,PTPN23,False,False,False,0,1,5,36,6,0.09523809523809523,0.21875,0.3337639340455179
F05644,PTPN3,False,False,False,8,2,21,11,23,0.4523809523809524,6.604194641113281e-05,0.00042917466658866723
F05645,PTPN6,False,False,False,0,0,3,39,3,0.07142857142857142,0.25,0.3572982379812921
F05646,PTPN9,False,False,False,2,0,26,14,26,0.6190476190476191,2.9802322387695312e-08,1.6049283449767065e-06
F05647,PTPRA,False,False,False,4,5,23,10,28,0.42857142857142855,0.0009122341871261597,0.0036371970663265306
F05648,PTPRC,False,False,False,0,0,2,40,2,0.047619047619047616,0.5,0.6282271944922547
F05649,PTPRCAP,False,False,False,8,2,21,11,23,0.4523809523809524,6.604194641113281e-05,0.00042917466658866723
F05650,PTPRE,False,False,False,0,1,13,28,14,0.2857142857142857,0.0018310546875,0.006378594537049311
F05651,PTPRF,False,False,False,0,1,10,31,11,0.21428571428571427,0.01171875,0.02986508436772692
F05652,PTPRJ,False,False,False,4,4,20,14,24,0.38095238095238093,0.001543879508972168,0.005491764143988708
F05653,PTPRK,False,False,False,30,5,6,1,11,0.023809523809523808,1.0,1.0
F05654,PTPRS,False,False,False,37,2,3,0,5,0.023809523809523808,1.0,1.0
F05655,PTPRZ1,False,False,False,40,2,0,0,2,-0.047619047619047616,0.5,0.6282271944922547
F05656,PTRH2,False,False,False,0,0,9,33,9,0.21428571428571427,0.00390625,0.01172410347190498
F05657,PTRHD1,False,False,False,0,0,3,39,3,0.07142857142857142,0.25,0.3572982379812921
F05658,PTS,False,False,False,37,4,1,0,5,-0.07142857142857142,0.375,0.510833506116525
F05659,PTTG1IP,False,False,False,2,0,30,10,30,0.7142857142857143,1.862645149230957e-09,4.219854700154272e-07
F05660,PTX3,False,False,False,0,0,6,36,6,0.14285714285714285,0.03125,0.06532373528475978
F05661,PUDP,False,False,False,0,4,15,23,19,0.2619047619047619,0.0192108154296875,0.044614725123028234
F05662,PUF60,False,False,False,0,0,1,41,1,0.023809523809523808,1.0,1.0
F05663,PUM1,False,False,False,0,1,14,27,15,0.30952380952380953,0.0009765625,0.0036371970663265306
F05664,PUM2,False,False,False,21,1,18,2,19,0.40476190476190477,7.62939453125e-05,0.0004760220519497863
F05665,PUM3,False,False,False,0,0,16,26,16,0.38095238095238093,3.0517578125e-05,0.00023755982023844786
F05666,PURA,False,False,False,0,0,0,42,0,0.0,,
F05667,PURB,False,False,False,0,0,2,40,2,0.047619047619047616,0.5,0.6282271944922547
F05668,PUS1,False,False,False,0,0,4,38,4,0.09523809523809523,0.125,0.2027277215502345
F05669,PUS7,False,False,False,3,0,17,22,17,0.40476190476190477,1.52587890625e-05,0.0001392364501953125
F05670,PVR,False,False,False,3,2,21,16,23,0.4523809523809524,6.604194641113281e-05,0.00042917466658866723
F05671,PWP1,False,False,False,0,0,13,29,13,0.30952380952380953,0.000244140625,0.0012069254373589164
F05672,PWP2,False,False,False,0,0,12,30,12,0.2857142857142857,0.00048828125,0.002121698288690476
F05673,PXDN,False,False,False,0,0,14,28,14,0.3333333333333333,0.0001220703125,0.0006813950323916738
F05674,PXDNL,False,False,False,22,1,18,1,19,0.40476190476190477,7.62939453125e-05,0.0004760220519497863
F05675,PXK,False,False,False,7,4,13,18,17,0.21428571428571427,0.049041748046875,0.09713725796441626
F05676,PXMP2,False,False,False,36,0,5,1,5,0.11904761904761904,0.0625,0.11622558731955845
F05677,PXMP4,False,False,False,34,2,6,0,8,0.09523809523809523,0.2890625,0.40597277148354
F05678,PXN,False,False,False,1,0,6,35,6,0.14285714285714285,0.03125,0.06532373528475978
F05679,PYCARD,False,False,False,0,0,0,42,0,0.0,,
F05680,PYCR1,False,False,False,6,2,22,12,24,0.47619047619047616,3.5881996154785156e-05,0.0002719085521763996
F05681,PYCR2,False,False,False,4,4,20,14,24,0.38095238095238093,0.001543879508972168,0.005491764143988708
F05682,PYCR3,False,False,False,3,0,19,20,19,0.4523809523809524,3.814697265625e-06,4.684590847692757e-05
F05683,PYGB,False,False,False,0,0,0,42,0,0.0,,
F05684,PYGL,False,False,False,0,0,0,42,0,0.0,,
F05685,PYGM,False,False,False,0,2,0,40,2,-0.047619047619047616,0.5,0.6282271944922547
F05686,PYHIN1,False,False,False,24,5,7,6,12,0.047619047619047616,0.7744140625,0.9121370366842955
F05687,PYM1,False,False,False,0,0,3,39,3,0.07142857142857142,0.25,0.3572982379812921
F05688,PYURF,False,False,False,14,13,9,6,22,-0.09523809523809523,0.5234670639038086,0.6521006086173725
F05689,PZP,False,False,False,25,2,3,12,5,0.023809523809523808,1.0,1.0
F05690,QARS1,False,False,False,0,0,0,42,0,0.0,,
F05691,QDPR,False,False,False,0,1,0,41,1,-0.023809523809523808,1.0,1.0
F05692,QKI,False,False,False,0,0,3,39,3,0.07142857142857142,0.25,0.3572982379812921
F05693,QNG1,False,False,False,1,1,13,27,14,0.2857142857142857,0.0018310546875,0.006378594537049311
F05694,QPCT,False,False,False,25,4,7,6,11,0.07142857142857142,0.548828125,0.6802114282682513
F05695,QPCTL,False,False,False,7,4,19,12,23,0.35714285714285715,0.002599477767944336,0.008286544849778888
F05696,QPRT,False,False,False,15,4,16,7,20,0.2857142857142857,0.01181793212890625,0.029885994644693634
F05697,QRICH1,False,False,False,7,1,22,12,23,0.5,5.7220458984375e-06,6.318292697938551e-05
F05698,QRSL1,False,False,False,28,1,11,2,12,0.23809523809523808,0.00634765625,0.017898756035407724
F05699,QSOX1,False,False,False,0,0,2,40,2,0.047619047619047616,0.5,0.6282271944922547
F05700,QSOX2,False,False,False,10,2,22,8,24,0.47619047619047616,3.5881996154785156e-05,0.0002719085521763996
F05701,QTRT1,False,False,False,0,0,9,33,9,0.21428571428571427,0.00390625,0.01172410347190498
F05702,QTRT2,False,False,False,8,1,26,7,27,0.5952380952380952,4.172325134277344e-07,1.0305329373008326e-05
F05703,R3HCC1,False,False,False,30,3,7,2,10,0.09523809523809523,0.34375,0.47586125158027814
F05704,R3HDM1,False,False,False,25,0,17,0,17,0.40476190476190477,1.52587890625e-05,0.0001392364501953125
F05705,RAB10,False,False,False,0,0,0,42,0,0.0,,
F05706,RAB11B,False,False,False,1,3,4,34,7,0.023809523809523808,1.0,1.0
F05707,RAB11FIP1,False,False,False,0,0,0,42,0,0.0,,
F05708,RAB11FIP5,False,False,False,0,0,12,30,12,0.2857142857142857,0.00048828125,0.002121698288690476
F05709,RAB12,False,False,False,0,0,5,37,5,0.11904761904761904,0.0625,0.11622558731955845
F05710,RAB13,False,False,False,0,4,14,24,18,0.23809523809523808,0.0308837890625,0.06532373528475978
F05711,RAB14,False,False,False,0,0,0,42,0,0.0,,
F05712,RAB17,False,False,False,0,0,4,38,4,0.09523809523809523,0.125,0.2027277215502345
F05713,RAB18,False,False,False,0,0,0,42,0,0.0,,
F05714,RAB19,False,False,False,36,1,5,0,6,0.09523809523809523,0.21875,0.3337639340455179
F05715,RAB1A,False,False,False,0,0,1,41,1,0.023809523809523808,1.0,1.0
F05716,RAB1B,False,False,False,0,0,1,41,1,0.023809523809523808,1.0,1.0
F05717,RAB21,False,False,False,0,0,0,42,0,0.0,,
F05718,RAB22A,False,False,False,8,3,23,8,26,0.47619047619047616,8.797645568847656e-05,0.0005361830369882106
F05719,RAB23,False,False,False,3,2,17,20,19,0.35714285714285715,0.000728607177734375,0.0029843822679020224
F05720,RAB24,False,False,False,5,3,13,21,16,0.23809523809523808,0.021270751953125,0.0488923947869761
F05721,RAB25,False,False,False,0,2,8,32,10,0.14285714285714285,0.109375,0.19126796646260313
F05722,RAB27A,False,False,False,0,0,7,35,7,0.16666666666666666,0.015625,0.03678117162307417
F05723,RAB27B,False,False,False,1,2,4,35,6,0.047619047619047616,0.6875,0.8218477074235808
F05724,RAB29,False,False,False,13,3,23,3,26,0.47619047619047616,8.797645568847656e-05,0.0005361830369882106
F05725,RAB2A,False,False,False,0,0,0,42,0,0.0,,
F05726,RAB2B,False,False,False,1,0,11,30,11,0.2619047619047619,0.0009765625,0.0036371970663265306
F05727,RAB30,False,False,False,10,3,25,4,28,0.5238095238095238,2.744048833847046e-05,0.0002256370568006895
F05728,RAB31,False,False,False,0,0,11,31,11,0.2619047619047619,0.0009765625,0.0036371970663265306
F05729,RAB32,False,False,False,0,0,14,28,14,0.3333333333333333,0.0001220703125,0.0006813950323916738
F05730,RAB33A;RAB33B,False,True,True,42,0,0,0,0,0.0,,
F05731,RAB34,False,False,False,1,0,24,17,24,0.5714285714285714,1.1920928955078125e-07,3.896542449495685e-06
F05732,RAB35,False,False,False,0,0,0,42,0,0.0,,
F05733,RAB38,False,False,False,1,0,13,28,13,0.30952380952380953,0.000244140625,0.0012069254373589164
F05734,RAB39B,False,False,False,35,4,3,0,7,-0.023809523809523808,1.0,1.0
F05735,RAB3D,False,False,False,0,0,5,37,5,0.11904761904761904,0.0625,0.11622558731955845
F05736,RAB3GAP1,False,False,False,0,0,12,30,12,0.2857142857142857,0.00048828125,0.002121698288690476
F05737,RAB3GAP2,False,False,False,0,0,1,41,1,0.023809523809523808,1.0,1.0
F05738,RAB3IP,False,False,False,39,1,2,0,3,0.023809523809523808,1.0,1.0
F05739,RAB44,False,False,False,17,5,15,5,20,0.23809523809523808,0.04138946533203125,0.08245263409079603
F05740,RAB4A,False,False,False,0,1,15,26,16,0.3333333333333333,0.000518798828125,0.002199037613407258
F05741,RAB4B,False,False,False,3,0,19,20,19,0.4523809523809524,3.814697265625e-06,4.684590847692757e-05
F05742,RAB5A,False,False,False,0,0,7,35,7,0.16666666666666666,0.015625,0.03678117162307417
F05743,RAB5B,False,False,False,0,0,0,42,0,0.0,,
F05744,RAB5C,False,False,False,0,0,0,42,0,0.0,,
F05745,RAB6A,False,False,False,0,0,4,38,4,0.09523809523809523,0.125,0.2027277215502345
F05746,RAB6B,False,False,False,39,0,3,0,3,0.07142857142857142,0.25,0.3572982379812921
F05747,RAB6C,False,False,True,42,0,0,0,0,0.0,,
F05748,RAB7A,False,False,False,0,0,0,42,0,0.0,,
F05749,RAB8A,False,False,False,0,0,0,42,0,0.0,,
F05750,RAB8B,False,False,False,0,0,3,39,3,0.07142857142857142,0.25,0.3572982379812921
F05751,RAB9A,False,False,False,0,0,24,18,24,0.5714285714285714,1.1920928955078125e-07,3.896542449495685e-06
F05752,RABAC1,False,False,False,2,1,23,16,24,0.5238095238095238,2.9802322387695312e-06,3.9451045565085836e-05
F05753,RABEP1,False,False,False,0,1,6,35,7,0.11904761904761904,0.125,0.2027277215502345
F05754,RABEP2,False,False,False,2,1,20,19,21,0.4523809523809524,2.09808349609375e-05,0.0001751513160017273
F05755,RABGAP1,False,False,False,0,0,10,32,10,0.23809523809523808,0.001953125,0.006523655948144382
F05756,RABGAP1L,False,False,False,11,2,18,11,20,0.38095238095238093,0.0004024505615234375,0.0018425785290654944
F05757,RABGEF1,False,False,False,0,0,9,33,9,0.21428571428571427,0.00390625,0.01172410347190498
F05758,RABGGTA,False,False,False,0,1,3,38,4,0.047619047619047616,0.625,0.7584503140007388
F05759,RABGGTB,False,False,False,0,1,15,26,16,0.3333333333333333,0.000518798828125,0.002199037613407258
F05760,RABIF,False,False,False,1,1,14,26,15,0.30952380952380953,0.0009765625,0.0036371970663265306
F05761,RABL3,False,False,False,1,0,8,33,8,0.19047619047619047,0.0078125,0.020482092976855548
F05762,RABL6,False,False,False,0,0,2,40,2,0.047619047619047616,0.5,0.6282271944922547
F05763,RAC1,False,False,False,0,1,0,41,1,-0.023809523809523808,1.0,1.0
F05764,RAC2,False,False,False,0,0,1,41,1,0.023809523809523808,1.0,1.0
F05765,RACGAP1,False,False,False,6,3,29,4,32,0.6190476190476191,2.5560148060321808e-06,3.690773027611303e-05
F05766,RACK1,False,False,False,0,0,0,42,0,0.0,,
F05767,RAD21,False,False,False,0,0,3,39,3,0.07142857142857142,0.25,0.3572982379812921
F05768,RAD23A,False,False,False,0,0,1,41,1,0.023809523809523808,1.0,1.0
F05769,RAD23B,False,False,False,0,0,0,42,0,0.0,,
F05770,RAD50,False,False,False,0,0,4,38,4,0.09523809523809523,0.125,0.2027277215502345
F05771,RAD51C,False,False,False,39,0,2,1,2,0.047619047619047616,0.5,0.6282271944922547
F05772,RAD9A,False,False,False,11,3,23,5,26,0.47619047619047616,8.797645568847656e-05,0.0005361830369882106
F05773,RAE1,False,False,False,0,0,6,36,6,0.14285714285714285,0.03125,0.06532373528475978
F05774,RAI1,False,False,False,38,0,3,1,3,0.07142857142857142,0.25,0.3572982379812921
F05775,RAI14,False,False,False,2,2,5,33,7,0.07142857142857142,0.453125,0.6055675870964624
F05776,RALA,False,False,False,0,0,0,42,0,0.0,,
F05777,RALB,False,False,False,0,0,2,40,2,0.047619047619047616,0.5,0.6282271944922547
F05778,RALBP1,False,False,False,2,2,23,15,25,0.5,1.9431114196777344e-05,0.00016998990715423056
F05779,RALGAPA1,False,False,False,36,3,2,1,5,-0.023809523809523808,1.0,1.0
F05780,RALGAPA2,False,False,False,9,5,14,14,19,0.21428571428571427,0.063568115234375,0.1175464444384587
F05781,RALGAPB,False,False,False,2,2,17,21,19,0.35714285714285715,0.000728607177734375,0.0029843822679020224
F05782,RALGPS2,False,False,False,33,5,2,2,7,-0.07142857142857142,0.453125,0.6055675870964624
F05783,RALY,False,False,False,0,0,0,42,0,0.0,,
F05784,RAMACL,False,False,True,42,0,0,0,0,0.0,,
F05785,RAN,False,False,False,0,0,0,42,0,0.0,,
F05786,RANBP1,False,False,False,0,0,0,42,0,0.0,,
F05787,RANBP10,False,False,False,11,2,23,6,25,0.5,1.9431114196777344e-05,0.00016998990715423056
F05788,RANBP2,False,False,False,0,0,1,41,1,0.023809523809523808,1.0,1.0
F05789,RANBP3,False,False,False,0,0,3,39,3,0.07142857142857142,0.25,0.3572982379812921
F05790,RANBP6,False,False,False,0,1,13,28,14,0.2857142857142857,0.0018310546875,0.006378594537049311
F05791,RANBP9,False,False,False,1,2,15,24,17,0.30952380952380953,0.002349853515625,0.007711557241586538
F05792,RANGAP1,False,False,False,0,0,2,40,2,0.047619047619047616,0.5,0.6282271944922547
F05793,RAP1A,False,False,False,1,2,9,30,11,0.16666666666666666,0.0654296875,0.11997573175411666
F05794,RAP1B,False,False,False,24,2,12,4,14,0.23809523809523808,0.012939453125,0.03188754952409977
F05795,RAP1GAP,False,False,False,30,8,4,0,12,-0.09523809523809523,0.3876953125,0.5249707755822342
F05796,RAP1GDS1,False,False,False,0,0,6,36,6,0.14285714285714285,0.03125,0.06532373528475978
F05797,RAP2A,False,False,False,34,3,5,0,8,0.047619047619047616,0.7265625,0.8618009794186676
F05798,RAP2B,False,False,False,0,0,0,42,0,0.0,,
F05799,RAP2C,False,False,False,14,6,12,10,18,0.14285714285714285,0.237884521484375,0.3572982379812921
F05800,RAPH1,False,False,False,1,3,17,21,20,0.3333333333333333,0.0025768280029296875,0.008286544849778888
F05801,RARRES2,False,False,False,24,5,7,6,12,0.047619047619047616,0.7744140625,0.9121370366842955
F05802,RARS1,False,False,False,0,0,0,42,0,0.0,,
F05803,RARS2,False,False,False,31,3,6,2,9,0.07142857142857142,0.5078125,0.632959234490609
F05804,RASA1,False,False,False,1,3,22,16,25,0.4523809523809524,0.00015652179718017578,0.0008387832034859338
F05805,RASA2,False,False,False,17,6,16,3,22,0.23809523809523808,0.052478790283203125,0.10329108812481862
F05806,RASA3,False,False,False,28,3,11,0,14,0.19047619047619047,0.057373046875,0.11175242157389564
F05807,RASAL1,False,False,False,13,10,11,8,21,0.023809523809523808,1.0,1.0
F05808,RASAL2,False,False,False,3,5,19,15,24,0.3333333333333333,0.006610751152038574,0.018521379560295707
F05809,RASAL3,False,False,False,4,1,18,19,19,0.40476190476190477,7.62939453125e-05,0.0004760220519497863
F05810,RASGRP2,False,False,False,27,2,10,3,12,0.19047619047619047,0.03857421875,0.07848337155963303
F05811,RASIP1,False,False,False,1,10,5,26,15,-0.11904761904761904,0.3017578125,0.4219086674026389
F05812,RASSF2,False,False,False,20,2,16,4,18,0.3333333333333333,0.001312255859375,0.0048191844584090275
F05813,RASSF5,False,False,False,10,2,24,6,26,0.5238095238095238,1.049041748046875e-05,0.00010522449289569418
F05814,RASSF8,False,False,False,18,2,20,2,22,0.42857142857142855,0.00012111663818359375,0.0006813950323916738
F05815,RASSF9,False,False,False,2,0,24,16,24,0.5714285714285714,1.1920928955078125e-07,3.896542449495685e-06
F05816,RAVER1,False,False,False,0,0,11,31,11,0.2619047619047619,0.0009765625,0.0036371970663265306
F05817,RAVER2,False,False,False,26,10,5,1,15,-0.11904761904761904,0.3017578125,0.4219086674026389
F05818,RB1,False,False,False,6,0,24,12,24,0.5714285714285714,1.1920928955078125e-07,3.896542449495685e-06
F05819,RB1CC1,False,False,False,23,2,16,1,18,0.3333333333333333,0.001312255859375,0.0048191844584090275
F05820,RBBP4,False,False,False,0,0,3,39,3,0.07142857142857142,0.25,0.3572982379812921
F05821,RBBP5,False,False,False,1,0,13,28,13,0.30952380952380953,0.000244140625,0.0012069254373589164
F05822,RBBP7,False,False,False,0,0,10,32,10,0.23809523809523808,0.001953125,0.006523655948144382
F05823,RBBP8,False,False,False,41,0,1,0,1,0.023809523809523808,1.0,1.0
F05824,RBBP9,False,False,False,5,2,18,17,20,0.38095238095238093,0.0004024505615234375,0.0018425785290654944
F05825,RBCK1,False,False,False,22,5,12,3,17,0.16666666666666666,0.143463134765625,0.23067860876411067
F05826,RBFOX2,False,False,True,42,0,0,0,0,0.0,,
F05827,RBKS,False,False,False,11,18,5,8,23,-0.30952380952380953,0.010622024536132812,0.027605498893351496
F05828,RBM10,False,False,False,1,4,11,26,15,0.16666666666666666,0.11846923828125,0.2027277215502345
F05829,RBM12,False,False,False,0,0,9,33,9,0.21428571428571427,0.00390625,0.01172410347190498
F05830,RBM12B,False,False,False,0,1,13,28,14,0.2857142857142857,0.0018310546875,0.006378594537049311
F05831,RBM14,False,False,False,0,0,0,42,0,0.0,,
F05832,RBM15,False,False,False,0,0,4,38,4,0.09523809523809523,0.125,0.2027277215502345
F05833,RBM15B,False,False,False,19,2,16,5,18,0.3333333333333333,0.001312255859375,0.0048191844584090275
F05834,RBM17,False,False,False,0,0,7,35,7,0.16666666666666666,0.015625,0.03678117162307417
F05835,RBM19,False,False,False,7,2,29,4,31,0.6428571428571429,4.628673195838928e-07,1.0408040296991798e-05
F05836,RBM22,False,False,False,1,1,14,26,15,0.30952380952380953,0.0009765625,0.0036371970663265306
F05837,RBM24;RBM38,False,True,True,42,0,0,0,0,0.0,,
F05838,RBM25,False,False,False,0,0,1,41,1,0.023809523809523808,1.0,1.0
F05839,RBM26,False,False,False,1,1,14,26,15,0.30952380952380953,0.0009765625,0.0036371970663265306
F05840,RBM27,False,False,False,7,2,23,10,25,0.5,1.9431114196777344e-05,0.00016998990715423056
F05841,RBM28,False,False,False,0,0,15,27,15,0.35714285714285715,6.103515625e-05,0.0004117053147458932
F05842,RBM3,False,False,False,0,0,3,39,3,0.07142857142857142,0.25,0.3572982379812921
F05843,RBM33,False,False,False,10,4,22,6,26,0.42857142857142855,0.0005335211753845215,0.0022326331989021056
F05844,RBM34,False,False,False,0,0,14,28,14,0.3333333333333333,0.0001220703125,0.0006813950323916738
F05845,RBM39,False,False,False,0,0,2,40,2,0.047619047619047616,0.5,0.6282271944922547
F05846,RBM4,False,False,False,0,0,3,39,3,0.07142857142857142,0.25,0.3572982379812921
F05847,RBM42,False,False,False,0,1,14,27,15,0.30952380952380953,0.0009765625,0.0036371970663265306
F05848,RBM43,False,False,False,33,3,6,0,9,0.07142857142857142,0.5078125,0.632959234490609
F05849,RBM45,False,False,False,14,3,17,8,20,0.3333333333333333,0.0025768280029296875,0.008286544849778888
F05850,RBM47,False,False,False,0,2,11,29,13,0.21428571428571427,0.0224609375,0.050450721153846155
F05851,RBM4B,False,False,False,34,1,4,3,5,0.07142857142857142,0.375,0.510833506116525
F05852,RBM5,False,False,False,2,1,25,14,26,0.5714285714285714,8.046627044677734e-07,1.6117786488881927e-05
F05853,RBM6,False,False,False,14,5,17,6,22,0.2857142857142857,0.01690053939819336,0.03958522062250637
F05854,RBM7,False,False,False,16,4,18,4,22,0.3333333333333333,0.004343509674072266,0.012688687665031029
F05855,RBM8A,False,False,False,0,0,0,42,0,0.0,,
F05856,RBMS1,False,False,False,3,0,28,11,28,0.6666666666666666,7.450580596923828e-09,8.741127593176705e-07
F05857,RBMS2,False,False,False,28,0,13,1,13,0.30952380952380953,0.000244140625,0.0012069254373589164
F05858,RBMX,False,False,False,0,0,4,38,4,0.09523809523809523,0.125,0.2027277215502345
F05859,RBMX2,False,False,False,32,3,6,1,9,0.07142857142857142,0.5078125,0.632959234490609
F05860,RBMXL1,False,False,False,1,0,7,34,7,0.16666666666666666,0.015625,0.03678117162307417
F05861,RBP1,False,False,False,0,0,14,28,14,0.3333333333333333,0.0001220703125,0.0006813950323916738
F05862,RBP4,False,False,False,0,0,0,42,0,0.0,,
F05863,RBP7,False,False,False,35,4,3,0,7,-0.023809523809523808,1.0,1.0
F05864,RBPJ,False,False,False,31,1,9,1,10,0.19047619047619047,0.021484375,0.0488923947869761
F05865,RBPMS,False,False,False,2,1,10,29,11,0.21428571428571427,0.01171875,0.02986508436772692
F05866,RBX1,False,False,False,0,0,6,36,6,0.14285714285714285,0.03125,0.06532373528475978
F05867,RC3H1,False,False,False,38,4,0,0,4,-0.09523809523809523,0.125,0.2027277215502345
F05868,RCC1,False,False,False,0,0,0,42,0,0.0,,
F05869,RCC1L,False,False,False,4,4,21,13,25,0.40476190476190477,0.0009105205535888672,0.0036371970663265306
F05870,RCC2,False,False,False,0,0,3,39,3,0.07142857142857142,0.25,0.3572982379812921
F05871,RCE1,False,False,False,0,0,27,15,27,0.6428571428571429,1.4901161193847656e-08,1.2943592782203968e-06
F05872,RCHY1,False,False,False,20,1,18,3,19,0.40476190476190477,7.62939453125e-05,0.0004760220519497863
F05873,RCL1,False,False,False,0,0,18,24,18,0.42857142857142855,7.62939453125e-06,7.981707336037023e-05
F05874,RCN1,False,False,False,0,0,1,41,1,0.023809523809523808,1.0,1.0
F05875,RCN2,False,False,False,0,0,0,42,0,0.0,,
F05876,RCN3,False,False,False,0,0,6,36,6,0.14285714285714285,0.03125,0.06532373528475978
F05877,RCOR1,False,False,False,4,2,18,18,20,0.38095238095238093,0.0004024505615234375,0.0018425785290654944
F05878,RCOR2,False,False,False,36,3,2,1,5,-0.023809523809523808,1.0,1.0
F05879,RCSD1,False,False,False,0,2,9,31,11,0.16666666666666666,0.0654296875,0.11997573175411666
F05880,RDH10,False,False,False,2,1,19,20,20,0.42857142857142855,4.00543212890625e-05,0.0002895015301090656
F05881,RDH11,False,False,False,0,0,2,40,2,0.047619047619047616,0.5,0.6282271944922547
F05882,RDH12,False,False,False,9,4,13,16,17,0.21428571428571427,0.049041748046875,0.09713725796441626
F05883,RDH13,False,False,False,0,4,7,31,11,0.07142857142857142,0.548828125,0.6802114282682513
F05884,RDH14,False,False,False,0,0,3,39,3,0.07142857142857142,0.25,0.3572982379812921
F05885,RDH16,False,False,False,16,4,21,1,25,0.40476190476190477,0.0009105205535888672,0.0036371970663265306
F05886,RDX,False,False,False,0,0,0,42,0,0.0,,
F05887,RECK,False,False,False,22,14,4,2,18,-0.23809523809523808,0.0308837890625,0.06532373528475978
F05888,RECQL,False,False,False,0,0,3,39,3,0.07142857142857142,0.25,0.3572982379812921
F05889,RECQL5,False,False,False,35,7,0,0,7,-0.16666666666666666,0.015625,0.03678117162307417
F05890,REEP3,False,False,False,13,1,26,2,27,0.5952380952380952,4.172325134277344e-07,1.0305329373008326e-05
F05891,REEP4,False,False,False,8,6,18,10,24,0.2857142857142857,0.022655844688415527,0.0506978540881778
F05892,REEP5,False,False,False,0,0,0,42,0,0.0,,
F05893,REEP6,False,False,False,3,8,8,23,16,0.0,1.0,1.0
F05894,REL,False,False,False,0,0,17,25,17,0.40476190476190477,1.52587890625e-05,0.0001392364501953125
F05895,RELA,False,False,False,0,0,4,38,4,0.09523809523809523,0.125,0.2027277215502345
F05896,RELB,False,False,False,39,1,2,0,3,0.023809523809523808,1.0,1.0
F05897,RELCH,False,False,False,0,0,3,39,3,0.07142857142857142,0.25,0.3572982379812921
F05898,RENBP,False,False,False,10,7,14,11,21,0.16666666666666666,0.18924713134765625,0.2959661159138542
F05899,REPIN1,False,False,False,2,3,10,27,13,0.16666666666666666,0.09228515625,0.1641791163180341
F05900,REPS1,False,False,False,1,0,13,28,13,0.30952380952380953,0.000244140625,0.0012069254373589164
F05901,REPS2,False,False,False,41,1,0,0,1,-0.023809523809523808,1.0,1.0
F05902,RER1,False,False,False,0,0,2,40,2,0.047619047619047616,0.5,0.6282271944922547
F05903,RERGL,False,False,False,34,4,4,0,8,0.0,1.0,1.0
F05904,RESF1,False,False,False,1,6,6,29,12,0.0,1.0,1.0
F05905,RETN,False,False,False,0,1,16,25,17,0.35714285714285715,0.000274658203125,0.0013119248560594895
F05906,RETREG2,False,False,False,9,7,13,13,20,0.14285714285714285,0.26317596435546875,0.3745810411211936
F05907,RETREG3,False,False,False,0,0,3,39,3,0.07142857142857142,0.25,0.3572982379812921
F05908,RETSAT,False,False,False,0,1,1,40,2,0.0,1.0,1.0
F05909,REXO2,False,False,False,0,0,11,31,11,0.2619047619047619,0.0009765625,0.0036371970663265306
F05910,REXO4,False,False,False,37,0,4,1,4,0.09523809523809523,0.125,0.2027277215502345
F05911,RFC1,False,False,False,0,1,8,33,9,0.16666666666666666,0.0390625,0.07848337155963303
F05912,RFC2,False,False,False,0,0,15,27,15,0.35714285714285715,6.103515625e-05,0.0004117053147458932
F05913,RFC3,False,False,False,0,0,18,24,18,0.42857142857142855,7.62939453125e-06,7.981707336037023e-05
F05914,RFC4,False,False,False,0,0,11,31,11,0.2619047619047619,0.0009765625,0.0036371970663265306
F05915,RFC5,False,False,False,0,1,24,17,25,0.5476190476190477,1.5497207641601562e-06,2.4955062305226046e-05
F05916,RFK,False,False,False,35,7,0,0,7,-0.16666666666666666,0.015625,0.03678117162307417
F05917,RFT1,False,False,False,0,0,13,29,13,0.30952380952380953,0.000244140625,0.0012069254373589164
F05918,RFTN1,False,False,False,0,0,12,30,12,0.2857142857142857,0.00048828125,0.002121698288690476
F05919,RFX1,False,False,False,40,0,1,1,1,0.023809523809523808,1.0,1.0
F05920,RFX5,False,False,False,35,1,6,0,7,0.11904761904761904,0.125,0.2027277215502345
F05921,RGP1,False,False,False,13,1,26,2,27,0.5952380952380952,4.172325134277344e-07,1.0305329373008326e-05
F05922,RGPD1,False,False,True,42,0,0,0,0,0.0,,
F05923,RGS10,False,False,False,0,0,4,38,4,0.09523809523809523,0.125,0.2027277215502345
F05924,RGS12,False,False,False,11,8,13,10,21,0.11904761904761904,0.38331031799316406,0.5209658231723392
F05925,RGS14,False,False,False,22,2,12,6,14,0.23809523809523808,0.012939453125,0.03188754952409977
F05926,RGS19,False,False,False,1,2,24,15,26,0.5238095238095238,1.049041748046875e-05,0.00010522449289569418
F05927,RHAG,False,False,False,4,7,10,21,17,0.07142857142857142,0.629058837890625,0.7611264392157286
F05928,RHBDD1,False,False,False,22,2,14,4,16,0.2857142857142857,0.004180908203125,0.012350974323080598
F05929,RHBDD2,False,False,False,3,0,29,10,29,0.6904761904761905,3.725290298461914e-09,6.275681348947378e-07
F05930,RHBDF2,False,False,False,14,1,27,0,28,0.6190476190476191,2.1606683731079102e-07,6.4820051193237305e-06
F05931,RHCE;RHD,False,True,True,42,0,0,0,0,0.0,,
F05932,RHCG,False,False,False,0,4,8,30,12,0.09523809523809523,0.3876953125,0.5249707755822342
F05933,RHEB,False,False,False,0,0,6,36,6,0.14285714285714285,0.03125,0.06532373528475978
F05934,RHOA,False,False,False,0,0,0,42,0,0.0,,
F05935,RHOB,False,False,False,0,1,17,24,18,0.38095238095238093,0.00014495849609375,0.000789045003592326
F05936,RHOC,False,False,False,0,0,12,30,12,0.2857142857142857,0.00048828125,0.002121698288690476
F05937,RHOD,False,False,False,5,1,21,15,22,0.47619047619047616,1.0967254638671875e-05,0.00010627560910925401
F05938,RHOF,False,False,False,29,1,12,0,13,0.2619047619047619,0.00341796875,0.010703553235224024
F05939,RHOG,False,False,False,0,0,1,41,1,0.023809523809523808,1.0,1.0
F05940,RHOT1,False,False,False,0,0,3,39,3,0.07142857142857142,0.25,0.3572982379812921
F05941,RHOT2,False,False,False,0,0,6,36,6,0.14285714285714285,0.03125,0.06532373528475978
F05942,RHPN1,False,False,False,21,1,18,2,19,0.40476190476190477,7.62939453125e-05,0.0004760220519497863
F05943,RIC8A,False,False,False,0,0,2,40,2,0.047619047619047616,0.5,0.6282271944922547
F05944,RIC8B,False,False,False,28,0,14,0,14,0.3333333333333333,0.0001220703125,0.0006813950323916738
F05945,RICTOR,False,False,False,26,0,14,2,14,0.3333333333333333,0.0001220703125,0.0006813950323916738
F05946,RIDA,False,False,False,1,3,5,33,8,0.047619047619047616,0.7265625,0.8618009794186676
F05947,RIF1,False,False,False,3,1,24,14,25,0.5476190476190477,1.5497207641601562e-06,2.4955062305226046e-05
F05948,RIGI,False,False,False,0,0,2,40,2,0.047619047619047616,0.5,0.6282271944922547
F05949,RILP,False,False,False,21,9,6,6,15,-0.07142857142857142,0.60723876953125,0.7455725501439567
F05950,RILPL1,False,False,False,9,1,22,10,23,0.5,5.7220458984375e-06,6.318292697938551e-05
F05951,RIMOC1,False,False,False,1,0,17,24,17,0.40476190476190477,1.52587890625e-05,0.0001392364501953125
F05952,RIN1,False,False,False,0,0,7,35,7,0.16666666666666666,0.015625,0.03678117162307417
F05953,RIN2,False,False,False,31,5,4,2,9,-0.023809523809523808,1.0,1.0
F05954,RING1,False,False,False,5,4,17,16,21,0.30952380952380953,0.007197380065917969,0.019985962397751925
F05955,RIOK1,False,False,False,24,2,15,1,17,0.30952380952380953,0.002349853515625,0.007711557241586538
F05956,RIOK2,False,False,False,22,6,12,2,18,0.14285714285714285,0.237884521484375,0.3572982379812921
F05957,RIOK3,False,False,False,33,0,5,4,5,0.11904761904761904,0.0625,0.11622558731955845
F05958,RIOX1,False,False,False,4,1,25,12,26,0.5714285714285714,8.046627044677734e-07,1.6117786488881927e-05
F05959,RIOX2,False,False,False,6,3,17,16,20,0.3333333333333333,0.0025768280029296875,0.008286544849778888
F05960,RIPK1,False,False,False,0,0,13,29,13,0.30952380952380953,0.000244140625,0.0012069254373589164
F05961,RIPOR1,False,False,False,16,4,18,4,22,0.3333333333333333,0.004343509674072266,0.012688687665031029
F05962,RIT1,False,False,False,7,4,15,16,19,0.2619047619047619,0.0192108154296875,0.044614725123028234
F05963,RLIG1,False,False,False,8,2,21,11,23,0.4523809523809524,6.604194641113281e-05,0.00042917466658866723
F05964,RMDN1,False,False,False,0,0,1,41,1,0.023809523809523808,1.0,1.0
F05965,RMDN3,False,False,False,0,0,13,29,13,0.30952380952380953,0.000244140625,0.0012069254373589164
F05966,RMND1,False,False,False,1,0,30,11,30,0.7142857142857143,1.862645149230957e-09,4.219854700154272e-07
F05967,RMND5A,False,False,False,27,3,10,2,13,0.16666666666666666,0.09228515625,0.1641791163180341
F05968,RMND5B,False,False,False,15,25,1,1,26,-0.5714285714285714,8.046627044677734e-07,1.6117786488881927e-05
F05969,RNASE10,False,False,False,31,0,8,3,8,0.19047619047619047,0.0078125,0.020482092976855548
F05970,RNASE2,False,False,False,0,1,8,33,9,0.16666666666666666,0.0390625,0.07848337155963303
F05971,RNASE3,False,False,False,0,0,1,41,1,0.023809523809523808,1.0,1.0
F05972,RNASE4,False,False,False,19,13,3,7,16,-0.23809523809523808,0.021270751953125,0.0488923947869761
F05973,RNASE6,False,False,False,16,8,12,6,20,0.09523809523809523,0.5034446716308594,0.6302651472207976
F05974,RNASE7,False,False,False,5,1,19,17,20,0.42857142857142855,4.00543212890625e-05,0.0002895015301090656
F05975,RNASEH2A,False,False,False,15,2,21,4,23,0.4523809523809524,6.604194641113281e-05,0.00042917466658866723
F05976,RNASEH2B,False,False,False,7,5,18,12,23,0.30952380952380953,0.010622024536132812,0.027605498893351496
F05977,RNASEH2C,False,False,False,1,4,17,20,21,0.30952380952380953,0.007197380065917969,0.019985962397751925
F05978,RNASEL,False,False,False,0,0,17,25,17,0.40476190476190477,1.52587890625e-05,0.0001392364501953125
F05979,RNASET2,False,False,False,1,0,6,35,6,0.14285714285714285,0.03125,0.06532373528475978
F05980,RND3,False,False,False,9,3,21,9,24,0.42857142857142855,0.0002771615982055664,0.0013119248560594895
F05981,RNF114,False,False,False,1,0,25,16,25,0.5952380952380952,5.960464477539063e-08,2.5428734816514053e-06
F05982,RNF121,False,False,False,34,1,7,0,8,0.14285714285714285,0.0703125,0.12687534331227684
F05983,RNF123,False,False,False,0,6,7,29,13,0.023809523809523808,1.0,1.0
F05984,RNF126,False,False,False,1,1,18,22,19,0.40476190476190477,7.62939453125e-05,0.0004760220519497863
F05985,RNF133,False,False,False,22,6,12,2,18,0.14285714285714285,0.237884521484375,0.3572982379812921
F05986,RNF14,False,False,False,28,2,11,1,13,0.21428571428571427,0.0224609375,0.050450721153846155
F05987,RNF149,False,False,False,10,1,28,3,29,0.6428571428571429,1.1175870895385742e-07,3.896542449495685e-06
F05988,RNF17,False,False,False,13,9,12,8,21,0.07142857142857142,0.6636238098144531,0.7992682732320728
F05989,RNF170,False,False,False,1,3,12,26,15,0.21428571428571427,0.03515625,0.07256568096135721
F05990,RNF181,False,False,False,24,2,11,5,13,0.21428571428571427,0.0224609375,0.050450721153846155
F05991,RNF185,False,False,False,0,0,10,32,10,0.23809523809523808,0.001953125,0.006523655948144382
F05992,RNF19A,False,False,False,36,4,2,0,6,-0.047619047619047616,0.6875,0.8218477074235808
F05993,RNF2,False,False,False,36,1,4,1,5,0.07142857142857142,0.375,0.510833506116525
F05994,RNF20,False,False,False,2,1,19,20,20,0.42857142857142855,4.00543212890625e-05,0.0002895015301090656
F05995,RNF213,False,False,False,0,0,2,40,2,0.047619047619047616,0.5,0.6282271944922547
F05996,RNF214,False,False,False,2,1,29,10,30,0.6666666666666666,5.774199962615967e-08,2.5428734816514053e-06
F05997,RNF216,False,False,False,29,8,3,2,11,-0.11904761904761904,0.2265625,0.3435300311562428
F05998,RNF220,False,False,False,36,0,6,0,6,0.14285714285714285,0.03125,0.06532373528475978
F05999,RNF31,False,False,False,6,7,16,13,23,0.21428571428571427,0.0931396484375,0.1652072057868183
F06000,RNF39,False,False,False,10,3,15,14,18,0.2857142857142857,0.007537841796875,0.020482092976855548
F06001,RNF40,False,False,False,2,4,16,20,20,0.2857142857142857,0.01181793212890625,0.029885994644693634
F06002,RNF5,False,False,False,27,3,11,1,14,0.19047619047619047,0.057373046875,0.11175242157389564
F06003,RNF7,False,False,False,11,7,17,7,24,0.23809523809523808,0.06391465663909912,0.11792173381602955
F06004,RNGTT,False,False,False,40,0,1,1,1,0.023809523809523808,1.0,1.0
F06005,RNH1,False,False,False,0,0,0,42,0,0.0,,
F06006,RNMT,False,False,False,0,0,7,35,7,0.16666666666666666,0.015625,0.03678117162307417
F06007,RNPEP,False,False,False,0,0,0,42,0,0.0,,
F06008,RNPS1,False,False,False,0,0,5,37,5,0.11904761904761904,0.0625,0.11622558731955845
F06009,RO60,False,False,False,0,0,0,42,0,0.0,,
F06010,ROBO1,False,False,False,36,0,6,0,6,0.14285714285714285,0.03125,0.06532373528475978
F06011,ROCK1,False,False,False,0,0,5,37,5,0.11904761904761904,0.0625,0.11622558731955845
F06012,ROCK2,False,False,False,0,0,1,41,1,0.023809523809523808,1.0,1.0
F06013,ROMO1,False,False,False,1,1,14,26,15,0.30952380952380953,0.0009765625,0.0036371970663265306
F06014,ROR1,False,False,False,27,1,14,0,15,0.30952380952380953,0.0009765625,0.0036371970663265306
F06015,RP2,False,False,False,0,0,6,36,6,0.14285714285714285,0.03125,0.06532373528475978
F06016,RPA1,False,False,False,0,0,2,40,2,0.047619047619047616,0.5,0.6282271944922547
F06017,RPA2,False,False,False,0,0,3,39,3,0.07142857142857142,0.25,0.3572982379812921
F06018,RPA3,False,False,False,0,0,1,41,1,0.023809523809523808,1.0,1.0
F06019,RPAP1,False,False,False,3,4,15,20,19,0.2619047619047619,0.0192108154296875,0.044614725123028234
F06020,RPAP3,False,False,False,0,0,14,28,14,0.3333333333333333,0.0001220703125,0.0006813950323916738
F06021,RPE,False,False,False,0,0,6,36,6,0.14285714285714285,0.03125,0.06532373528475978
F06022,RPF1,False,False,False,24,0,16,2,16,0.38095238095238093,3.0517578125e-05,0.00023755982023844786
F06023,RPF2,False,False,False,0,0,4,38,4,0.09523809523809523,0.125,0.2027277215502345
F06024,RPIA,False,False,False,1,0,10,31,10,0.23809523809523808,0.001953125,0.006523655948144382
F06025,RPL10,False,False,False,0,0,1,41,1,0.023809523809523808,1.0,1.0
F06026,RPL10A,False,False,False,0,0,0,42,0,0.0,,
F06027,RPL11,False,False,False,0,0,0,42,0,0.0,,
F06028,RPL12,False,False,False,0,0,0,42,0,0.0,,
F06029,RPL13,False,False,False,0,0,0,42,0,0.0,,
F06030,RPL13A,False,False,False,0,0,0,42,0,0.0,,
F06031,RPL14,False,False,False,0,0,0,42,0,0.0,,
F06032,RPL15,False,False,False,0,0,0,42,0,0.0,,
F06033,RPL17,False,False,False,0,0,0,42,0,0.0,,
F06034,RPL18,False,False,False,0,0,0,42,0,0.0,,
F06035,RPL18A,False,False,False,0,0,0,42,0,0.0,,
F06036,RPL19,False,False,False,0,0,0,42,0,0.0,,
F06037,RPL21,False,False,False,0,0,0,42,0,0.0,,
F06038,RPL22,False,False,False,0,0,0,42,0,0.0,,
F06039,RPL22L1,False,False,False,6,7,13,16,20,0.14285714285714285,0.26317596435546875,0.3745810411211936
F06040,RPL23,False,False,False,0,0,0,42,0,0.0,,
F06041,RPL23A,False,False,False,0,0,0,42,0,0.0,,
F06042,RPL24,False,False,False,0,0,0,42,0,0.0,,
F06043,RPL26,False,False,False,1,0,10,31,10,0.23809523809523808,0.001953125,0.006523655948144382
F06044,RPL27,False,False,False,0,0,0,42,0,0.0,,
F06045,RPL27A,False,False,False,0,0,0,42,0,0.0,,
F06046,RPL28,False,False,False,0,0,0,42,0,0.0,,
F06047,RPL29,False,False,False,0,0,1,41,1,0.023809523809523808,1.0,1.0
F06048,RPL3,False,False,False,0,0,0,42,0,0.0,,
F06049,RPL30,False,False,False,0,0,0,42,0,0.0,,
F06050,RPL31,False,False,False,0,0,0,42,0,0.0,,
F06051,RPL32,False,False,False,0,0,1,41,1,0.023809523809523808,1.0,1.0
F06052,RPL34,False,False,False,0,0,3,39,3,0.07142857142857142,0.25,0.3572982379812921
F06053,RPL35,False,False,False,0,0,0,42,0,0.0,,
F06054,RPL35A,False,False,False,0,0,0,42,0,0.0,,
F06055,RPL36,False,False,False,0,0,2,40,2,0.047619047619047616,0.5,0.6282271944922547
F06056,RPL36AL,False,False,False,1,0,9,32,9,0.21428571428571427,0.00390625,0.01172410347190498
F06057,RPL37A,False,False,False,0,2,2,38,4,0.0,1.0,1.0
F06058,RPL38,False,False,False,0,0,0,42,0,0.0,,
F06059,RPL39;RPL39P5,False,True,True,42,0,0,0,0,0.0,,
F06060,RPL3L,False,False,False,18,16,3,5,19,-0.30952380952380953,0.004425048828125,0.012728796322583735
F06061,RPL4,False,False,False,0,0,0,42,0,0.0,,
F06062,RPL5,False,False,False,0,0,0,42,0,0.0,,
F06063,RPL6,False,False,False,0,0,0,42,0,0.0,,
F06064,RPL7,False,False,False,0,0,0,42,0,0.0,,
F06065,RPL7A,False,False,False,0,0,0,42,0,0.0,,
F06066,RPL7L1,False,False,False,1,1,19,21,20,0.42857142857142855,4.00543212890625e-05,0.0002895015301090656
F06067,RPL8,False,False,False,0,0,0,42,0,0.0,,
F06068,RPL9,False,False,False,0,0,0,42,0,0.0,,
F06069,RPLP0,False,False,False,0,0,0,42,0,0.0,,
F06070,RPLP1,False,False,False,0,0,0,42,0,0.0,,
F06071,RPLP2,False,False,False,0,0,0,42,0,0.0,,
F06072,RPN1,False,False,False,0,0,0,42,0,0.0,,
F06073,RPN2,False,False,False,0,0,0,42,0,0.0,,
F06074,RPP14,False,False,False,28,2,10,2,12,0.19047619047619047,0.03857421875,0.07848337155963303
F06075,RPP25L,False,False,False,0,0,11,31,11,0.2619047619047619,0.0009765625,0.0036371970663265306
F06076,RPP30,False,False,False,0,0,13,29,13,0.30952380952380953,0.000244140625,0.0012069254373589164
F06077,RPP38,False,False,False,0,1,6,35,7,0.11904761904761904,0.125,0.2027277215502345
F06078,RPP40,False,False,False,15,6,18,3,24,0.2857142857142857,0.022655844688415527,0.0506978540881778
F06079,RPRD1A,False,False,False,7,5,13,17,18,0.19047619047619047,0.09625244140625,0.16967495037270258
F06080,RPRD1B,False,False,False,0,0,1,41,1,0.023809523809523808,1.0,1.0
F06081,RPRD2,False,False,False,3,1,16,22,17,0.35714285714285715,0.000274658203125,0.0013119248560594895
F06082,RPS10,False,False,False,0,0,0,42,0,0.0,,
F06083,RPS11,False,False,False,0,0,0,42,0,0.0,,
F06084,RPS12,False,False,False,0,0,0,42,0,0.0,,
F06085,RPS13,False,False,False,0,0,0,42,0,0.0,,
F06086,RPS14,False,False,False,0,0,0,42,0,0.0,,
F06087,RPS15,False,False,False,0,0,4,38,4,0.09523809523809523,0.125,0.2027277215502345
F06088,RPS15A,False,False,False,0,0,0,42,0,0.0,,
F06089,RPS16,False,False,False,0,0,0,42,0,0.0,,
F06090,RPS17,False,False,False,0,0,0,42,0,0.0,,
F06091,RPS18,False,False,False,0,0,0,42,0,0.0,,
F06092,RPS19,False,False,False,0,0,0,42,0,0.0,,
F06093,RPS19BP1,False,False,False,2,0,25,15,25,0.5952380952380952,5.960464477539063e-08,2.5428734816514053e-06
F06094,RPS2,False,False,False,0,0,0,42,0,0.0,,
F06095,RPS20,False,False,False,0,0,0,42,0,0.0,,
F06096,RPS21,False,False,False,0,0,1,41,1,0.023809523809523808,1.0,1.0
F06097,RPS23,False,False,False,0,0,0,42,0,0.0,,
F06098,RPS24,False,False,False,0,0,0,42,0,0.0,,
F06099,RPS25,False,False,False,0,0,0,42,0,0.0,,
F06100,RPS26,False,False,False,0,0,4,38,4,0.09523809523809523,0.125,0.2027277215502345
F06101,RPS26P11,False,False,False,6,6,13,17,19,0.16666666666666666,0.1670684814453125,0.2655794636089289
F06102,RPS27,False,False,False,0,0,0,42,0,0.0,,
F06103,RPS27A,False,False,False,4,0,14,24,14,0.3333333333333333,0.0001220703125,0.0006813950323916738
F06104,RPS27L,False,False,False,0,0,3,39,3,0.07142857142857142,0.25,0.3572982379812921
F06105,RPS28,False,False,False,0,0,0,42,0,0.0,,
F06106,RPS29,False,False,False,0,0,1,41,1,0.023809523809523808,1.0,1.0
F06107,RPS3,False,False,False,0,0,0,42,0,0.0,,
F06108,RPS3A,False,False,False,0,0,0,42,0,0.0,,
F06109,RPS4X,False,False,False,0,0,0,42,0,0.0,,
F06110,RPS4Y1,False,False,False,7,3,5,27,8,0.047619047619047616,0.7265625,0.8618009794186676
F06111,RPS5,False,False,False,0,0,0,42,0,0.0,,
F06112,RPS6,False,False,False,0,0,0,42,0,0.0,,
F06113,RPS6KA1,False,False,False,1,0,14,27,14,0.3333333333333333,0.0001220703125,0.0006813950323916738
F06114,RPS6KA3,False,False,False,0,0,2,40,2,0.047619047619047616,0.5,0.6282271944922547
F06115,RPS6KA4,False,False,False,0,0,26,16,26,0.6190476190476191,2.9802322387695312e-08,1.6049283449767065e-06
F06116,RPS6KA5,False,False,False,15,10,13,4,23,0.07142857142857142,0.6776394844055176,0.8158496266344604
F06117,RPS6KA6,False,False,False,8,2,23,9,25,0.5,1.9431114196777344e-05,0.00016998990715423056
F06118,RPS6KB1,False,False,False,39,1,1,1,2,0.0,1.0,1.0
F06119,RPS6KB2,False,False,False,4,6,24,8,30,0.42857142857142855,0.001430906355381012,0.005249053464463009
F06120,RPS7,False,False,False,0,0,0,42,0,0.0,,
F06121,RPS8,False,False,False,0,0,0,42,0,0.0,,
F06122,RPS9,False,False,False,0,0,0,42,0,0.0,,
F06123,RPSA,False,False,False,0,0,0,42,0,0.0,,
F06124,RPTN,False,False,False,2,4,11,25,15,0.16666666666666666,0.11846923828125,0.2027277215502345
F06125,RPTOR,False,False,False,6,3,22,11,25,0.4523809523809524,0.00015652179718017578,0.0008387832034859338
F06126,RPUSD2,False,False,False,12,5,16,9,21,0.2619047619047619,0.02660369873046875,0.0591493403245955
F06127,RPUSD3,False,False,False,31,3,7,1,10,0.09523809523809523,0.34375,0.47586125158027814
F06128,RRAD,False,False,False,7,6,5,24,11,-0.023809523809523808,1.0,1.0
F06129,RRAGA,False,False,False,0,0,13,29,13,0.30952380952380953,0.000244140625,0.0012069254373589164
F06130,RRAGC,False,False,False,10,2,23,7,25,0.5,1.9431114196777344e-05,0.00016998990715423056
F06131,RRAS,False,False,False,0,0,0,42,0,0.0,,
F06132,RRAS2,False,False,False,0,0,12,30,12,0.2857142857142857,0.00048828125,0.002121698288690476
F06133,RRBP1,False,False,False,0,0,0,42,0,0.0,,
F06134,RRM1,False,False,False,0,0,8,34,8,0.19047619047619047,0.0078125,0.020482092976855548
F06135,RRM2,False,False,False,6,2,25,9,27,0.5476190476190477,5.647540092468262e-06,6.318292697938551e-05
F06136,RRM2B,False,False,False,0,0,4,38,4,0.09523809523809523,0.125,0.2027277215502345
F06137,RRP1,False,False,False,0,0,14,28,14,0.3333333333333333,0.0001220703125,0.0006813950323916738
F06138,RRP12,False,False,False,0,0,7,35,7,0.16666666666666666,0.015625,0.03678117162307417
F06139,RRP15,False,False,False,14,3,21,4,24,0.42857142857142855,0.0002771615982055664,0.0013119248560594895
F06140,RRP1B,False,False,False,0,0,13,29,13,0.30952380952380953,0.000244140625,0.0012069254373589164
F06141,RRP36,False,False,False,25,1,15,1,16,0.3333333333333333,0.000518798828125,0.002199037613407258
F06142,RRP7A,False,False,False,10,3,21,8,24,0.42857142857142855,0.0002771615982055664,0.0013119248560594895
F06143,RRP8,False,False,False,2,1,25,14,26,0.5714285714285714,8.046627044677734e-07,1.6117786488881927e-05
F06144,RRP9,False,False,False,0,0,10,32,10,0.23809523809523808,0.001953125,0.006523655948144382
F06145,RRS1,False,False,False,1,1,9,31,10,0.19047619047619047,0.021484375,0.0488923947869761
F06146,RSAD2,False,False,False,16,3,18,5,21,0.35714285714285715,0.0014896392822265625,0.005365641493546336
F06147,RSBN1L,False,False,False,35,0,6,1,6,0.14285714285714285,0.03125,0.06532373528475978
F06148,RSF1,False,False,False,1,3,6,32,9,0.07142857142857142,0.5078125,0.632959234490609
F06149,RSL1D1,False,False,False,0,0,1,41,1,0.023809523809523808,1.0,1.0
F06150,RSL24D1,False,False,False,22,1,18,1,19,0.40476190476190477,7.62939453125e-05,0.0004760220519497863
F06151,RSPH10B2,False,False,True,42,0,0,0,0,0.0,,
F06152,RSRC2,False,False,False,17,0,22,3,22,0.5238095238095238,4.76837158203125e-07,1.0408040296991798e-05
F06153,RSU1,False,False,False,0,0,0,42,0,0.0,,
F06154,RTCA,False,False,False,0,0,3,39,3,0.07142857142857142,0.25,0.3572982379812921
F06155,RTCB,False,False,False,0,0,0,42,0,0.0,,
F06156,RTF1,False,False,False,1,2,12,27,14,0.23809523809523808,0.012939453125,0.03188754952409977
F06157,RTF2,False,False,False,1,0,21,20,21,0.5,9.5367431640625e-07,1.6797963160292393e-05
F06158,RTKN,False,False,False,2,0,19,21,19,0.4523809523809524,3.814697265625e-06,4.684590847692757e-05
F06159,RTL8C,False,False,False,0,3,3,36,6,0.0,1.0,1.0
F06160,RTN1,False,False,False,11,7,15,9,22,0.19047619047619047,0.13380050659179688,0.21625321729596692
F06161,RTN2,False,False,False,6,13,6,17,19,-0.16666666666666666,0.1670684814453125,0.2655794636089289
F06162,RTN3,False,False,False,0,0,0,42,0,0.0,,
F06163,RTN4,False,False,False,0,0,0,42,0,0.0,,
F06164,RTN4IP1,False,False,False,4,8,10,20,18,0.047619047619047616,0.8145294189453125,0.9495135348599544
F06165,RTRAF,False,False,False,0,0,0,42,0,0.0,,
F06166,RUFY1,False,False,False,0,0,1,41,1,0.023809523809523808,1.0,1.0
F06167,RUFY3,False,False,False,18,12,7,5,19,-0.11904761904761904,0.359283447265625,0.4963188075136998
F06168,RUNDC1,False,False,False,37,4,1,0,5,-0.07142857142857142,0.375,0.510833506116525
F06169,RUNDC3A,False,False,False,17,5,8,12,13,0.07142857142857142,0.5810546875,0.7167723050835524
F06170,RUNX1,False,False,False,26,1,15,0,16,0.3333333333333333,0.000518798828125,0.002199037613407258
F06171,RUNX3,False,False,False,26,2,14,0,16,0.2857142857142857,0.004180908203125,0.012350974323080598
F06172,RUSF1,False,False,False,13,7,15,7,22,0.19047619047619047,0.13380050659179688,0.21625321729596692
F06173,RUVBL1,False,False,False,0,0,0,42,0,0.0,,
F06174,RUVBL2,False,False,False,0,0,0,42,0,0.0,,
F06175,RWDD1,False,False,False,21,6,11,4,17,0.11904761904761904,0.332305908203125,0.4625529273081634
F06176,RWDD4,False,False,False,4,2,18,18,20,0.38095238095238093,0.0004024505615234375,0.0018425785290654944
F06177,RXRA,False,False,False,9,10,18,5,28,0.19047619047619047,0.1849333420395851,0.29046427377482054
F06178,RYBP,False,False,False,37,4,0,1,4,-0.09523809523809523,0.125,0.2027277215502345
F06179,RYR1,False,False,False,0,0,5,37,5,0.11904761904761904,0.0625,0.11622558731955845
F06180,RYR2,False,False,False,38,1,3,0,4,0.047619047619047616,0.625,0.7584503140007388
F06181,RYR3,False,False,False,33,1,8,0,9,0.16666666666666666,0.0390625,0.07848337155963303
F06182,S100A1,False,False,False,1,4,2,35,6,-0.047619047619047616,0.6875,0.8218477074235808
F06183,S100A10,False,False,False,0,0,0,42,0,0.0,,
F06184,S100A11,False,False,False,0,0,0,42,0,0.0,,
F06185,S100A12,False,False,False,0,0,2,40,2,0.047619047619047616,0.5,0.6282271944922547
F06186,S100A13,False,False,False,0,0,0,42,0,0.0,,
F06187,S100A14,False,False,False,0,1,1,40,2,0.0,1.0,1.0
F06188,S100A16,False,False,False,0,0,0,42,0,0.0,,
F06189,S100A2,False,False,False,0,0,0,42,0,0.0,,
F06190,S100A3,False,False,False,31,8,2,1,10,-0.14285714285714285,0.109375,0.19126796646260313
F06191,S100A4,False,False,False,0,0,0,42,0,0.0,,
F06192,S100A6,False,False,False,0,0,0,42,0,0.0,,
F06193,S100A7,False,False,False,0,0,1,41,1,0.023809523809523808,1.0,1.0
F06194,S100A7A,False,False,False,10,2,26,4,28,0.5714285714285714,3.032386302947998e-06,3.9451045565085836e-05
F06195,S100A8,False,False,False,0,0,0,42,0,0.0,,
F06196,S100A9,False,False,False,0,0,0,42,0,0.0,,
F06197,S100B,False,False,False,1,21,2,18,23,-0.4523809523809524,6.604194641113281e-05,0.00042917466658866723
F06198,S100P,False,False,False,0,0,0,42,0,0.0,,
F06199,SAA1,False,False,False,15,4,7,16,11,0.07142857142857142,0.548828125,0.6802114282682513
F06200,SAA2,False,False,False,32,4,3,3,7,-0.023809523809523808,1.0,1.0
F06201,SAA4,False,False,False,0,1,2,39,3,0.023809523809523808,1.0,1.0
F06202,SAAL1,False,False,False,5,4,20,13,24,0.38095238095238093,0.001543879508972168,0.005491764143988708
F06203,SAC3D1,False,False,False,11,3,20,8,23,0.40476190476190477,0.00048828125,0.002121698288690476
F06204,SACM1L,False,False,False,0,0,0,42,0,0.0,,
F06205,SACS,False,False,False,1,6,7,28,13,0.023809523809523808,1.0,1.0
F06206,SAE1,False,False,False,0,0,3,39,3,0.07142857142857142,0.25,0.3572982379812921
F06207,SAFB,False,False,False,0,0,6,36,6,0.14285714285714285,0.03125,0.06532373528475978
F06208,SAFB2,False,False,False,0,0,7,35,7,0.16666666666666666,0.015625,0.03678117162307417
F06209,SAMD1,False,False,False,40,0,1,1,1,0.023809523809523808,1.0,1.0
F06210,SAMD11,False,False,False,41,0,0,1,0,0.0,,
F06211,SAMD15,False,False,False,28,7,7,0,14,0.0,1.0,1.0
F06212,SAMD4B,False,False,False,4,1,21,16,22,0.47619047619047616,1.0967254638671875e-05,0.00010627560910925401
F06213,SAMD9,False,False,False,0,0,6,36,6,0.14285714285714285,0.03125,0.06532373528475978
F06214,SAMD9L,False,False,False,10,6,22,4,28,0.38095238095238093,0.0037191659212112427,0.011630138078228398
F06215,SAMHD1,False,False,False,0,0,0,42,0,0.0,,
F06216,SAMM50,False,False,False,0,0,0,42,0,0.0,,
F06217,SAMSN1,False,False,False,32,1,8,1,9,0.16666666666666666,0.0390625,0.07848337155963303
F06218,SANBR,False,False,False,22,5,14,1,19,0.21428571428571427,0.063568115234375,0.1175464444384587
F06219,SAP18,False,False,False,0,0,9,33,9,0.21428571428571427,0.00390625,0.01172410347190498
F06220,SAP30,False,False,False,33,1,7,1,8,0.14285714285714285,0.0703125,0.12687534331227684
F06221,SAP30BP,False,False,False,2,1,24,15,25,0.5476190476190477,1.5497207641601562e-06,2.4955062305226046e-05
F06222,SAR1A,False,False,False,0,0,0,42,0,0.0,,
F06223,SAR1B,False,False,False,0,0,0,42,0,0.0,,
F06224,SARDH,False,False,False,36,5,1,0,6,-0.09523809523809523,0.21875,0.3337639340455179
F06225,SARG,False,False,False,0,0,4,38,4,0.09523809523809523,0.125,0.2027277215502345
F06226,SARM1,False,False,False,21,7,9,5,16,0.047619047619047616,0.803619384765625,0.9394625192010955
F06227,SARNP,False,False,False,0,0,2,40,2,0.047619047619047616,0.5,0.6282271944922547
F06228,SARS1,False,False,False,0,0,0,42,0,0.0,,
F06229,SARS2,False,False,False,0,0,5,37,5,0.11904761904761904,0.0625,0.11622558731955845
F06230,SART1,False,False,False,0,0,2,40,2,0.047619047619047616,0.5,0.6282271944922547
F06231,SART3,False,False,False,0,0,3,39,3,0.07142857142857142,0.25,0.3572982379812921
F06232,SASH3,False,False,False,9,4,24,5,28,0.47619047619047616,0.00017999112606048584,0.0009606350107371177
F06233,SAT2,False,False,False,32,7,3,0,10,-0.09523809523809523,0.34375,0.47586125158027814
F06234,SATB1,False,False,False,27,5,9,1,14,0.09523809523809523,0.4239501953125,0.5711201113805875
F06235,SBDS,False,False,False,0,0,0,42,0,0.0,,
F06236,SBF1,False,False,False,0,0,13,29,13,0.30952380952380953,0.000244140625,0.0012069254373589164
F06237,SBK2,False,False,False,40,2,0,0,2,-0.047619047619047616,0.5,0.6282271944922547
F06238,SBSN,False,False,False,0,0,0,42,0,0.0,,
F06239,SBSPON,False,False,False,28,8,5,1,13,-0.07142857142857142,0.5810546875,0.7167723050835524
F06240,SCAF1,False,False,False,9,2,24,7,26,0.5238095238095238,1.049041748046875e-05,0.00010522449289569418
F06241,SCAF11,False,False,False,0,0,23,19,23,0.5476190476190477,2.384185791015625e-07,6.66557474339262e-06
F06242,SCAF4,False,False,False,1,0,14,27,14,0.3333333333333333,0.0001220703125,0.0006813950323916738
F06243,SCAF8,False,False,False,4,6,15,17,21,0.21428571428571427,0.0783538818359375,0.14015382620803413
F06244,SCAMP1,False,False,False,0,1,15,26,16,0.3333333333333333,0.000518798828125,0.002199037613407258
F06245,SCAMP2,False,False,False,0,0,6,36,6,0.14285714285714285,0.03125,0.06532373528475978
F06246,SCAMP3,False,False,False,0,0,1,41,1,0.023809523809523808,1.0,1.0
F06247,SCAMP4,False,False,False,0,1,3,38,4,0.047619047619047616,0.625,0.7584503140007388
F06248,SCAPER,False,False,False,20,3,18,1,21,0.35714285714285715,0.0014896392822265625,0.005365641493546336
F06249,SCARB1,False,False,False,29,2,10,1,12,0.19047619047619047,0.03857421875,0.07848337155963303
F06250,SCARB2,False,False,False,0,0,0,42,0,0.0,,
F06251,SCCPDH,False,False,False,0,0,0,42,0,0.0,,
F06252,SCD,False,False,False,4,2,12,24,14,0.23809523809523808,0.012939453125,0.03188754952409977
F06253,SCD5,False,False,False,6,2,27,7,29,0.5952380952380952,1.6242265701293945e-06,2.5468182734487163e-05
F06254,SCEL,False,False,False,0,1,4,37,5,0.07142857142857142,0.375,0.510833506116525
F06255,SCFD1,False,False,False,0,0,0,42,0,0.0,,
F06256,SCFD2,False,False,False,0,0,4,38,4,0.09523809523809523,0.125,0.2027277215502345
F06257,SCG2,False,False,False,33,3,5,1,8,0.047619047619047616,0.7265625,0.8618009794186676
F06258,SCGB1D2,False,False,False,18,9,10,5,19,0.023809523809523808,1.0,1.0
F06259,SCIN,False,False,False,1,15,3,23,18,-0.2857142857142857,0.007537841796875,0.020482092976855548
F06260,SCLY,False,False,False,1,2,10,29,12,0.19047619047619047,0.03857421875,0.07848337155963303
F06261,SCML2,False,False,False,38,0,3,1,3,0.07142857142857142,0.25,0.3572982379812921
F06262,SCN1A;SCN4A;SCN5A;SCN9A;SCN2A;SCN3A;SCN11A;SCN8A;SCN10A,False,True,True,42,0,0,0,0,0.0,,
F06263,SCN7A,False,False,False,32,5,5,0,10,0.0,1.0,1.0
F06264,SCO1,False,False,False,0,0,0,42,0,0.0,,
F06265,SCO2,False,False,False,4,5,15,18,20,0.23809523809523808,0.04138946533203125,0.08245263409079603
F06266,SCOC,False,False,False,14,4,17,7,21,0.30952380952380953,0.007197380065917969,0.019985962397751925
F06267,SCP2,False,False,False,0,0,0,42,0,0.0,,
F06268,SCPEP1,False,False,False,1,1,16,24,17,0.35714285714285715,0.000274658203125,0.0013119248560594895
F06269,SCRIB,False,False,False,0,0,4,38,4,0.09523809523809523,0.125,0.2027277215502345
F06270,SCRN1,False,False,False,0,0,0,42,0,0.0,,
F06271,SCRN2,False,False,False,0,4,5,33,9,0.023809523809523808,1.0,1.0
F06272,SCRN3,False,False,False,11,3,15,13,18,0.2857142857142857,0.007537841796875,0.020482092976855548
F06273,SCYL1,False,False,False,0,0,3,39,3,0.07142857142857142,0.25,0.3572982379812921
F06274,SCYL2,False,False,False,0,0,8,34,8,0.19047619047619047,0.0078125,0.020482092976855548
F06275,SCYL3,False,False,False,16,1,18,7,19,0.40476190476190477,7.62939453125e-05,0.0004760220519497863
F06276,SDAD1,False,False,False,14,8,10,10,18,0.047619047619047616,0.8145294189453125,0.9495135348599544
F06277,SDC1,False,False,False,0,0,7,35,7,0.16666666666666666,0.015625,0.03678117162307417
F06278,SDC2,False,False,False,33,4,4,1,8,0.0,1.0,1.0
F06279,SDC4,False,False,False,0,1,13,28,14,0.2857142857142857,0.0018310546875,0.006378594537049311
F06280,SDCBP,False,False,False,0,0,0,42,0,0.0,,
F06281,SDCBP2,False,False,False,0,2,12,28,14,0.23809523809523808,0.012939453125,0.03188754952409977
F06282,SDE2,False,False,False,13,1,26,2,27,0.5952380952380952,4.172325134277344e-07,1.0305329373008326e-05
F06283,SDF2,False,False,False,4,2,24,12,26,0.5238095238095238,1.049041748046875e-05,0.00010522449289569418
F06284,SDF2L1,False,False,False,0,1,15,26,16,0.3333333333333333,0.000518798828125,0.002199037613407258
F06285,SDF4,False,False,False,4,3,20,15,23,0.40476190476190477,0.00048828125,0.002121698288690476
F06286,SDHA,False,False,False,0,0,0,42,0,0.0,,
F06287,SDHAF1,False,False,False,31,4,6,1,10,0.047619047619047616,0.75390625,0.8906966485344362
F06288,SDHAF2,False,False,False,35,1,4,2,5,0.07142857142857142,0.375,0.510833506116525
F06289,SDHAF3,False,False,False,40,0,1,1,1,0.023809523809523808,1.0,1.0
F06290,SDHB,False,False,False,0,0,0,42,0,0.0,,
F06291,SDHC,False,False,False,0,0,12,30,12,0.2857142857142857,0.00048828125,0.002121698288690476
F06292,SDHD,False,False,False,3,2,11,26,13,0.21428571428571427,0.0224609375,0.050450721153846155
F06293,SDR16C5,False,False,False,0,2,7,33,9,0.11904761904761904,0.1796875,0.2823599318344894
F06294,SDR39U1,False,False,False,1,8,2,31,10,-0.14285714285714285,0.109375,0.19126796646260313
F06295,SDR9C7,False,False,False,3,5,11,23,16,0.14285714285714285,0.210113525390625,0.3264237081618364
F06296,SDSL,False,False,False,27,3,9,3,12,0.14285714285714285,0.14599609375,0.23332384722391145
F06297,SEC11A,False,False,False,0,0,0,42,0,0.0,,
F06298,SEC11C,False,False,False,2,0,18,22,18,0.42857142857142855,7.62939453125e-06,7.981707336037023e-05
F06299,SEC13,False,False,False,0,0,1,41,1,0.023809523809523808,1.0,1.0
F06300,SEC14L2,False,False,False,5,2,26,9,28,0.5714285714285714,3.032386302947998e-06,3.9451045565085836e-05
F06301,SEC14L4,False,False,False,40,0,0,2,0,0.0,,
F06302,SEC16A,False,False,False,0,0,7,35,7,0.16666666666666666,0.015625,0.03678117162307417
F06303,SEC22B,False,False,False,0,0,0,42,0,0.0,,
F06304,SEC23A,False,False,False,0,0,0,42,0,0.0,,
F06305,SEC23B,False,False,False,0,0,4,38,4,0.09523809523809523,0.125,0.2027277215502345
F06306,SEC23IP,False,False,False,0,0,5,37,5,0.11904761904761904,0.0625,0.11622558731955845
F06307,SEC24A,False,False,False,0,0,4,38,4,0.09523809523809523,0.125,0.2027277215502345
F06308,SEC24B,False,False,False,0,0,1,41,1,0.023809523809523808,1.0,1.0
F06309,SEC24C,False,False,False,0,0,0,42,0,0.0,,
F06310,SEC24D,False,False,False,1,0,9,32,9,0.21428571428571427,0.00390625,0.01172410347190498
F06311,SEC31A,False,False,False,0,0,0,42,0,0.0,,
F06312,SEC61A1,False,False,False,0,0,0,42,0,0.0,,
F06313,SEC61B,False,False,False,0,0,0,42,0,0.0,,
F06314,SEC61G,False,False,False,0,0,14,28,14,0.3333333333333333,0.0001220703125,0.0006813950323916738
F06315,SEC62,False,False,False,0,0,3,39,3,0.07142857142857142,0.25,0.3572982379812921
F06316,SEC63,False,False,False,0,0,4,38,4,0.09523809523809523,0.125,0.2027277215502345
F06317,SECISBP2,False,False,False,39,1,1,1,2,0.0,1.0,1.0
F06318,SEH1L,False,False,False,1,0,11,30,11,0.2619047619047619,0.0009765625,0.0036371970663265306
F06319,SEL1L,False,False,False,0,0,15,27,15,0.35714285714285715,6.103515625e-05,0.0004117053147458932
F06320,SEL1L3,False,False,False,36,2,4,0,6,0.047619047619047616,0.6875,0.8218477074235808
F06321,SELENBP1,False,False,False,0,0,0,42,0,0.0,,
F06322,SELENOF,False,False,False,0,0,8,34,8,0.19047619047619047,0.0078125,0.020482092976855548
F06323,SELENOH,False,False,False,0,0,4,38,4,0.09523809523809523,0.125,0.2027277215502345
F06324,SELENOI,False,False,False,0,0,10,32,10,0.23809523809523808,0.001953125,0.006523655948144382
F06325,SELENOM,False,False,False,0,2,10,30,12,0.19047619047619047,0.03857421875,0.07848337155963303
F06326,SELENON,False,False,False,13,3,18,8,21,0.35714285714285715,0.0014896392822265625,0.005365641493546336
F06327,SELENOO,False,False,False,1,6,8,27,14,0.047619047619047616,0.79052734375,0.9276236200102697
F06328,SELENOP,False,False,False,0,1,3,38,4,0.047619047619047616,0.625,0.7584503140007388
F06329,SELENOT,False,False,False,0,0,27,15,27,0.6428571428571429,1.4901161193847656e-08,1.2943592782203968e-06
F06330,SELL,False,False,False,17,8,10,7,18,0.047619047619047616,0.8145294189453125,0.9495135348599544
F06331,SELPLG,False,False,False,12,4,21,5,25,0.40476190476190477,0.0009105205535888672,0.0036371970663265306
F06332,SEMA3B,False,False,False,17,9,10,6,19,0.023809523809523808,1.0,1.0
F06333,SEMA3C,False,False,False,34,1,7,0,8,0.14285714285714285,0.0703125,0.12687534331227684
F06334,SEMA4B,False,False,False,0,1,11,30,12,0.23809523809523808,0.00634765625,0.017898756035407724
F06335,SEMA5A,False,False,False,29,8,4,1,12,-0.09523809523809523,0.3876953125,0.5249707755822342
F06336,SEMG1,False,False,False,22,7,11,2,18,0.09523809523809523,0.480682373046875,0.6282271944922547
F06337,SEMG2,False,False,False,30,3,8,1,11,0.11904761904761904,0.2265625,0.3435300311562428
F06338,SENP3,False,False,False,36,0,6,0,6,0.14285714285714285,0.03125,0.06532373528475978
F06339,SEPHS1,False,False,False,0,0,12,30,12,0.2857142857142857,0.00048828125,0.002121698288690476
F06340,SEPSECS,False,False,False,28,11,2,1,13,-0.21428571428571427,0.0224609375,0.050450721153846155
F06341,SEPTIN1,False,False,False,7,3,13,19,16,0.23809523809523808,0.021270751953125,0.0488923947869761
F06342,SEPTIN10,False,False,False,0,0,1,41,1,0.023809523809523808,1.0,1.0
F06343,SEPTIN11,False,False,False,0,0,0,42,0,0.0,,
F06344,SEPTIN2,False,False,False,0,0,0,42,0,0.0,,
F06345,SEPTIN3,False,False,False,41,1,0,0,1,-0.023809523809523808,1.0,1.0
F06346,SEPTIN5,False,False,False,1,2,10,29,12,0.19047619047619047,0.03857421875,0.07848337155963303
F06347,SEPTIN6,False,False,False,0,1,12,29,13,0.2619047619047619,0.00341796875,0.010703553235224024
F06348,SEPTIN7,False,False,False,0,0,0,42,0,0.0,,
F06349,SEPTIN8,False,False,False,0,0,3,39,3,0.07142857142857142,0.25,0.3572982379812921
F06350,SEPTIN9,False,False,False,0,0,0,42,0,0.0,,
F06351,SERBP1,False,False,False,0,0,0,42,0,0.0,,
F06352,SERF2,False,False,False,23,4,14,1,18,0.23809523809523808,0.0308837890625,0.06532373528475978
F06353,SERINC1,False,False,False,0,0,16,26,16,0.38095238095238093,3.0517578125e-05,0.00023755982023844786
F06354,SERPINA1,False,False,False,0,0,0,42,0,0.0,,
F06355,SERPINA10,False,False,False,1,2,12,27,14,0.23809523809523808,0.012939453125,0.03188754952409977
F06356,SERPINA11,False,False,False,36,5,1,0,6,-0.09523809523809523,0.21875,0.3337639340455179
F06357,SERPINA12,False,False,False,39,1,2,0,3,0.023809523809523808,1.0,1.0
F06358,SERPINA3,False,False,False,0,0,0,42,0,0.0,,
F06359,SERPINA4,False,False,False,0,0,1,41,1,0.023809523809523808,1.0,1.0
F06360,SERPINA5,False,False,False,0,1,1,40,2,0.0,1.0,1.0
F06361,SERPINA6,False,False,False,0,0,1,41,1,0.023809523809523808,1.0,1.0
F06362,SERPINA7,False,False,False,0,0,1,41,1,0.023809523809523808,1.0,1.0
F06363,SERPINB1,False,False,False,0,0,0,42,0,0.0,,
F06364,SERPINB10,False,False,False,3,1,22,16,23,0.5,5.7220458984375e-06,6.318292697938551e-05
F06365,SERPINB12,False,False,False,17,7,10,8,17,0.07142857142857142,0.629058837890625,0.7611264392157286
F06366,SERPINB13,False,False,False,0,2,6,34,8,0.09523809523809523,0.2890625,0.40597277148354
F06367,SERPINB2,False,False,False,0,2,7,33,9,0.11904761904761904,0.1796875,0.2823599318344894
F06368,SERPINB3,False,False,False,0,1,2,39,3,0.023809523809523808,1.0,1.0
F06369,SERPINB4,False,False,False,0,4,10,28,14,0.14285714285714285,0.1795654296875,0.2823599318344894
F06370,SERPINB5,False,False,False,0,1,1,40,2,0.0,1.0,1.0
F06371,SERPINB6,False,False,False,0,0,0,42,0,0.0,,
F06372,SERPINB7,False,False,False,3,0,26,13,26,0.6190476190476191,2.9802322387695312e-08,1.6049283449767065e-06
F06373,SERPINB8,False,False,False,0,0,9,33,9,0.21428571428571427,0.00390625,0.01172410347190498
F06374,SERPINB9,False,False,False,0,0,2,40,2,0.047619047619047616,0.5,0.6282271944922547
F06375,SERPINC1,False,False,False,0,0,0,42,0,0.0,,
F06376,SERPIND1,False,False,False,0,0,0,42,0,0.0,,
F06377,SERPINE1,False,False,False,2,1,31,8,32,0.7142857142857143,1.5366822481155396e-08,1.2943592782203968e-06
F06378,SERPINE2,False,False,False,8,5,17,12,22,0.2857142857142857,0.01690053939819336,0.03958522062250637
F06379,SERPINF1,False,False,False,0,0,0,42,0,0.0,,
F06380,SERPINF2,False,False,False,0,0,0,42,0,0.0,,
F06381,SERPING1,False,False,False,0,0,0,42,0,0.0,,
F06382,SERPINH1,False,False,False,0,0,0,42,0,0.0,,
F06383,SESN2,False,False,False,33,1,8,0,9,0.16666666666666666,0.0390625,0.07848337155963303
F06384,SET,False,False,False,0,0,1,41,1,0.023809523809523808,1.0,1.0
F06385,SETD1A,False,False,False,41,1,0,0,1,-0.023809523809523808,1.0,1.0
F06386,SETD3,False,False,False,0,0,9,33,9,0.21428571428571427,0.00390625,0.01172410347190498
F06387,SETD7,False,False,False,1,7,4,30,11,-0.07142857142857142,0.548828125,0.6802114282682513
F06388,SETDB1,False,False,False,23,2,14,3,16,0.2857142857142857,0.004180908203125,0.012350974323080598
F06389,SF1,False,False,False,0,0,1,41,1,0.023809523809523808,1.0,1.0
F06390,SF3A1,False,False,False,0,0,1,41,1,0.023809523809523808,1.0,1.0
F06391,SF3A2,False,False,False,10,5,22,5,27,0.40476190476190477,0.0015137195587158203,0.005431533315545025
F06392,SF3A3,False,False,False,0,0,2,40,2,0.047619047619047616,0.5,0.6282271944922547
F06393,SF3B1,False,False,False,0,0,1,41,1,0.023809523809523808,1.0,1.0
F06394,SF3B2,False,False,False,0,0,0,42,0,0.0,,
F06395,SF3B3,False,False,False,0,0,0,42,0,0.0,,
F06396,SF3B4,False,False,False,0,0,6,36,6,0.14285714285714285,0.03125,0.06532373528475978
F06397,SF3B5,False,False,False,0,1,11,30,12,0.23809523809523808,0.00634765625,0.017898756035407724
F06398,SF3B6,False,False,False,0,0,3,39,3,0.07142857142857142,0.25,0.3572982379812921
F06399,SFMBT1,False,False,False,32,3,6,1,9,0.07142857142857142,0.5078125,0.632959234490609
F06400,SFN,False,False,False,0,0,0,42,0,0.0,,
F06401,SFPQ,False,False,False,0,0,0,42,0,0.0,,
F06402,SFRP1,False,False,False,8,29,1,4,30,-0.6666666666666666,5.774199962615967e-08,2.5428734816514053e-06
F06403,SFRP2,False,False,False,31,2,6,3,8,0.09523809523809523,0.2890625,0.40597277148354
F06404,SFSWAP,False,False,False,16,5,15,6,20,0.23809523809523808,0.04138946533203125,0.08245263409079603
F06405,SFT2D2,False,False,False,7,1,23,11,24,0.5238095238095238,2.9802322387695312e-06,3.9451045565085836e-05
F06406,SFXN1,False,False,False,0,0,0,42,0,0.0,,
F06407,SFXN2,False,False,False,20,7,9,6,16,0.047619047619047616,0.803619384765625,0.9394625192010955
F06408,SFXN3,False,False,False,0,0,1,41,1,0.023809523809523808,1.0,1.0
F06409,SFXN4,False,False,False,8,10,10,14,20,0.0,1.0,1.0
F06410,SGCA,False,False,False,15,16,5,6,21,-0.2619047619047619,0.02660369873046875,0.0591493403245955
F06411,SGCB,False,False,False,4,17,5,16,22,-0.2857142857142857,0.01690053939819336,0.03958522062250637
F06412,SGCD,False,False,False,0,15,1,26,16,-0.3333333333333333,0.000518798828125,0.002199037613407258
F06413,SGCG,False,False,False,19,16,2,5,18,-0.3333333333333333,0.001312255859375,0.0048191844584090275
F06414,SGK3,False,False,False,31,3,8,0,11,0.11904761904761904,0.2265625,0.3435300311562428
F06415,SGMS2,False,False,False,33,9,0,0,9,-0.21428571428571427,0.00390625,0.01172410347190498
F06416,SGPL1,False,False,False,0,0,7,35,7,0.16666666666666666,0.015625,0.03678117162307417
F06417,SGSH,False,False,False,2,5,6,29,11,0.023809523809523808,1.0,1.0
F06418,SGSM2,False,False,False,34,0,8,0,8,0.19047619047619047,0.0078125,0.020482092976855548
F06419,SGSM3,False,False,False,18,8,13,3,21,0.11904761904761904,0.38331031799316406,0.5209658231723392
F06420,SGTA,False,False,False,0,0,0,42,0,0.0,,
F06421,SH2D1A,False,False,False,36,1,5,0,6,0.09523809523809523,0.21875,0.3337639340455179
F06422,SH2D2A,False,False,False,31,0,10,1,10,0.23809523809523808,0.001953125,0.006523655948144382
F06423,SH2D3C,False,False,True,42,0,0,0,0,0.0,,
F06424,SH2D5,False,False,False,38,0,4,0,4,0.09523809523809523,0.125,0.2027277215502345
F06425,SH2D7,False,False,False,25,14,3,0,17,-0.2619047619047619,0.012725830078125,0.03188754952409977
F06426,SH3BGR,False,False,False,4,8,8,22,16,0.0,1.0,1.0
F06427,SH3BGRL,False,False,False,0,0,0,42,0,0.0,,
F06428,SH3BGRL2,False,False,False,0,2,0,40,2,-0.047619047619047616,0.5,0.6282271944922547
F06429,SH3BGRL3,False,False,False,0,0,0,42,0,0.0,,
F06430,SH3BP1,False,False,False,0,0,13,29,13,0.30952380952380953,0.000244140625,0.0012069254373589164
F06431,SH3BP4,False,False,False,24,5,12,1,17,0.16666666666666666,0.143463134765625,0.23067860876411067
F06432,SH3D19,False,False,False,13,8,10,11,18,0.047619047619047616,0.8145294189453125,0.9495135348599544
F06433,SH3GL1,False,False,False,0,0,2,40,2,0.047619047619047616,0.5,0.6282271944922547
F06434,SH3GLB1,False,False,False,0,0,1,41,1,0.023809523809523808,1.0,1.0
F06435,SH3GLB2,False,False,False,0,0,0,42,0,0.0,,
F06436,SH3KBP1,False,False,False,0,0,8,34,8,0.19047619047619047,0.0078125,0.020482092976855548
F06437,SH3PXD2A,False,False,False,7,0,25,10,25,0.5952380952380952,5.960464477539063e-08,2.5428734816514053e-06
F06438,SH3PXD2B,False,False,False,0,0,6,36,6,0.14285714285714285,0.03125,0.06532373528475978
F06439,SH3RF2,False,False,False,24,9,4,5,13,-0.11904761904761904,0.266845703125,0.37808416422929697
F06440,SH3RF3,False,False,False,10,13,6,13,19,-0.16666666666666666,0.1670684814453125,0.2655794636089289
F06441,SHARPIN,False,False,False,16,3,22,1,25,0.4523809523809524,0.00015652179718017578,0.0008387832034859338
F06442,SHBG,False,False,False,8,9,6,19,15,-0.07142857142857142,0.60723876953125,0.7455725501439567
F06443,SHC1,False,False,False,1,0,19,22,19,0.4523809523809524,3.814697265625e-06,4.684590847692757e-05
F06444,SHE,False,False,False,38,4,0,0,4,-0.09523809523809523,0.125,0.2027277215502345
F06445,SHFL,False,False,False,5,2,11,24,13,0.21428571428571427,0.0224609375,0.050450721153846155
F06446,SHKBP1,False,False,False,34,1,7,0,8,0.14285714285714285,0.0703125,0.12687534331227684
F06447,SHMT1,False,False,False,0,4,5,33,9,0.023809523809523808,1.0,1.0
F06448,SHMT2,False,False,False,0,0,2,40,2,0.047619047619047616,0.5,0.6282271944922547
F06449,SHOC2,False,False,False,0,0,16,26,16,0.38095238095238093,3.0517578125e-05,0.00023755982023844786
F06450,SHPK,False,False,False,2,0,12,28,12,0.2857142857142857,0.00048828125,0.002121698288690476
F06451,SHROOM2,False,False,False,25,8,8,1,16,0.0,1.0,1.0
F06452,SHTN1,False,False,False,0,1,8,33,9,0.16666666666666666,0.0390625,0.07848337155963303
F06453,SIAE,False,False,False,4,11,8,19,19,-0.07142857142857142,0.6476058959960938,0.7818395326523955
F06454,SIDT2,False,False,False,3,3,23,13,26,0.47619047619047616,8.797645568847656e-05,0.0005361830369882106
F06455,SIGIRR,False,False,False,31,5,6,0,11,0.023809523809523808,1.0,1.0
F06456,SIGLEC1,False,False,False,15,5,13,9,18,0.19047619047619047,0.09625244140625,0.16967495037270258
F06457,SIGLEC5,False,False,False,20,2,20,0,22,0.42857142857142855,0.00012111663818359375,0.0006813950323916738
F06458,SIGLEC8,False,False,False,36,4,2,0,6,-0.047619047619047616,0.6875,0.8218477074235808
F06459,SIGLEC9,False,False,False,17,5,13,7,18,0.19047619047619047,0.09625244140625,0.16967495037270258
F06460,SIGMAR1,False,False,False,0,2,21,19,23,0.4523809523809524,6.604194641113281e-05,0.00042917466658866723
F06461,SIK3,False,False,False,1,3,29,9,32,0.6190476190476191,2.5560148060321808e-06,3.690773027611303e-05
F06462,SIL1,False,False,False,3,2,18,19,20,0.38095238095238093,0.0004024505615234375,0.0018425785290654944
F06463,SIN3A,False,False,False,2,2,14,24,16,0.2857142857142857,0.004180908203125,0.012350974323080598
F06464,SIN3B,False,False,False,41,0,1,0,1,0.023809523809523808,1.0,1.0
F06465,SINHCAF,False,False,False,41,0,0,1,0,0.0,,
F06466,SIPA1,False,False,False,0,1,8,33,9,0.16666666666666666,0.0390625,0.07848337155963303
F06467,SIPA1L1,False,False,False,35,0,6,1,6,0.14285714285714285,0.03125,0.06532373528475978
F06468,SIPA1L3,False,False,False,19,2,20,1,22,0.42857142857142855,0.00012111663818359375,0.0006813950323916738
F06469,SIRPA,False,False,False,6,2,27,7,29,0.5952380952380952,1.6242265701293945e-06,2.5468182734487163e-05
F06470,SIRT2,False,False,False,0,3,2,37,5,-0.023809523809523808,1.0,1.0
F06471,SIRT3,False,False,False,0,5,1,36,6,-0.09523809523809523,0.21875,0.3337639340455179
F06472,SIRT5,False,False,False,0,2,6,34,8,0.09523809523809523,0.2890625,0.40597277148354
F06473,SIRT6,False,False,False,34,2,5,1,7,0.07142857142857142,0.453125,0.6055675870964624
F06474,SIT1,False,False,False,36,2,4,0,6,0.047619047619047616,0.6875,0.8218477074235808
F06475,SIX5,False,False,False,41,0,0,1,0,0.0,,
F06476,SKA3,False,False,False,40,0,1,1,1,0.023809523809523808,1.0,1.0
F06477,SKAP1,False,False,False,36,2,4,0,6,0.047619047619047616,0.6875,0.8218477074235808
F06478,SKAP2,False,False,False,13,4,18,7,22,0.3333333333333333,0.004343509674072266,0.012688687665031029
F06479,SKIC2,False,False,False,0,0,2,40,2,0.047619047619047616,0.5,0.6282271944922547
F06480,SKIC3,False,False,False,0,0,0,42,0,0.0,,
F06481,SKIC8,False,False,False,0,0,7,35,7,0.16666666666666666,0.015625,0.03678117162307417
F06482,SKP1,False,False,False,0,0,0,42,0,0.0,,
F06483,SKP2,False,False,False,26,2,10,4,12,0.19047619047619047,0.03857421875,0.07848337155963303
F06484,SLAIN2,False,False,False,1,1,12,28,13,0.2619047619047619,0.00341796875,0.010703553235224024
F06485,SLAMF8,False,False,False,31,2,9,0,11,0.16666666666666666,0.0654296875,0.11997573175411666
F06486,SLBP,False,False,False,24,5,10,3,15,0.11904761904761904,0.3017578125,0.4219086674026389
F06487,SLC12A2,False,False,False,0,2,4,36,6,0.047619047619047616,0.6875,0.8218477074235808
F06488,SLC12A4,False,False,False,8,1,26,7,27,0.5952380952380952,4.172325134277344e-07,1.0305329373008326e-05
F06489,SLC12A6,False,False,False,8,1,24,9,25,0.5476190476190477,1.5497207641601562e-06,2.4955062305226046e-05
F06490,SLC12A9,False,False,False,3,0,27,12,27,0.6428571428571429,1.4901161193847656e-08,1.2943592782203968e-06
F06491,SLC13A2,False,False,False,40,2,0,0,2,-0.047619047619047616,0.5,0.6282271944922547
F06492,SLC15A3,False,False,False,16,1,23,2,24,0.5238095238095238,2.9802322387695312e-06,3.9451045565085836e-05
F06493,SLC15A4,False,False,False,15,1,21,5,22,0.47619047619047616,1.0967254638671875e-05,0.00010627560910925401
F06494,SLC16A1,False,False,False,0,0,3,39,3,0.07142857142857142,0.25,0.3572982379812921
F06495,SLC16A2,False,False,False,34,2,6,0,8,0.09523809523809523,0.2890625,0.40597277148354
F06496,SLC16A3,False,False,False,0,0,11,31,11,0.2619047619047619,0.0009765625,0.0036371970663265306
F06497,SLC16A7,False,False,False,6,19,5,12,24,-0.3333333333333333,0.006610751152038574,0.018521379560295707
F06498,SLC17A1,False,False,False,23,15,2,2,17,-0.30952380952380953,0.002349853515625,0.007711557241586538
F06499,SLC17A5,False,False,False,7,3,23,9,26,0.47619047619047616,8.797645568847656e-05,0.0005361830369882106
F06500,SLC18B1,False,False,False,37,5,0,0,5,-0.11904761904761904,0.0625,0.11622558731955845
F06501,SLC19A2,False,False,False,38,1,3,0,4,0.047619047619047616,0.625,0.7584503140007388
F06502,SLC1A2,False,False,False,39,2,1,0,3,-0.023809523809523808,1.0,1.0
F06503,SLC1A3,False,False,False,8,6,7,21,13,0.023809523809523808,1.0,1.0
F06504,SLC1A4,False,False,False,0,1,5,36,6,0.09523809523809523,0.21875,0.3337639340455179
F06505,SLC1A5,False,False,False,0,0,5,37,5,0.11904761904761904,0.0625,0.11622558731955845
F06506,SLC20A2,False,False,False,0,2,11,29,13,0.21428571428571427,0.0224609375,0.050450721153846155
F06507,SLC22A18,False,False,False,4,6,15,17,21,0.21428571428571427,0.0783538818359375,0.14015382620803413
F06508,SLC22A18AS,False,False,False,5,5,14,18,19,0.21428571428571427,0.063568115234375,0.1175464444384587
F06509,SLC22A25,False,False,False,39,2,1,0,3,-0.023809523809523808,1.0,1.0
F06510,SLC25A1,False,False,False,0,0,1,41,1,0.023809523809523808,1.0,1.0
F06511,SLC25A10,False,False,False,0,0,8,34,8,0.19047619047619047,0.0078125,0.020482092976855548
F06512,SLC25A11,False,False,False,0,0,0,42,0,0.0,,
F06513,SLC25A12,False,False,False,0,0,0,42,0,0.0,,
F06514,SLC25A13,False,False,False,0,0,4,38,4,0.09523809523809523,0.125,0.2027277215502345
F06515,SLC25A15,False,False,False,26,1,12,3,13,0.2619047619047619,0.00341796875,0.010703553235224024
F06516,SLC25A19,False,False,False,18,5,17,2,22,0.2857142857142857,0.01690053939819336,0.03958522062250637
F06517,SLC25A20,False,False,False,0,0,2,40,2,0.047619047619047616,0.5,0.6282271944922547
F06518,SLC25A22,False,False,False,0,1,14,27,15,0.30952380952380953,0.0009765625,0.0036371970663265306
F06519,SLC25A24,False,False,False,0,0,0,42,0,0.0,,
F06520,SLC25A29,False,False,False,23,6,5,8,11,-0.023809523809523808,1.0,1.0
F06521,SLC25A3,False,False,False,0,0,0,42,0,0.0,,
F06522,SLC25A31,False,False,False,29,0,11,2,11,0.2619047619047619,0.0009765625,0.0036371970663265306
F06523,SLC25A32,False,False,False,11,0,26,5,26,0.6190476190476191,2.9802322387695312e-08,1.6049283449767065e-06
F06524,SLC25A39,False,False,False,32,5,5,0,10,0.0,1.0,1.0
F06525,SLC25A4,False,False,False,0,0,0,42,0,0.0,,
F06526,SLC25A40,False,False,False,8,1,22,11,23,0.5,5.7220458984375e-06,6.318292697938551e-05
F06527,SLC25A42,False,False,False,33,9,0,0,9,-0.21428571428571427,0.00390625,0.01172410347190498
F06528,SLC25A46,False,False,False,13,8,13,8,21,0.11904761904761904,0.38331031799316406,0.5209658231723392
F06529,SLC25A5,False,False,False,0,0,0,42,0,0.0,,
F06530,SLC25A6,False,False,False,0,0,0,42,0,0.0,,
F06531,SLC26A2,False,False,False,15,12,9,6,21,-0.07142857142857142,0.6636238098144531,0.7992682732320728
F06532,SLC26A5,False,False,False,7,9,19,7,28,0.23809523809523808,0.08715855330228806,0.15581814835266192
F06533,SLC27A1,False,False,False,4,5,6,27,11,0.023809523809523808,1.0,1.0
F06534,SLC27A2,False,False,False,27,5,8,2,13,0.07142857142857142,0.5810546875,0.7167723050835524
F06535,SLC27A3,False,False,False,0,0,5,37,5,0.11904761904761904,0.0625,0.11622558731955845
F06536,SLC27A4,False,False,False,0,0,9,33,9,0.21428571428571427,0.00390625,0.01172410347190498
F06537,SLC27A6,False,False,False,31,11,0,0,11,-0.2619047619047619,0.0009765625,0.0036371970663265306
F06538,SLC28A3,False,False,False,26,0,15,1,15,0.35714285714285715,6.103515625e-05,0.0004117053147458932
F06539,SLC29A1,False,False,False,0,0,0,42,0,0.0,,
F06540,SLC2A1,False,False,False,0,0,0,42,0,0.0,,
F06541,SLC2A10,False,False,False,2,8,7,25,15,-0.023809523809523808,1.0,1.0
F06542,SLC2A3;SLC2A14,False,True,True,42,0,0,0,0,0.0,,
F06543,SLC2A4,False,False,False,21,19,1,1,20,-0.42857142857142855,4.00543212890625e-05,0.0002895015301090656
F06544,SLC30A1,False,False,False,2,0,26,14,26,0.6190476190476191,2.9802322387695312e-08,1.6049283449767065e-06
F06545,SLC30A6,False,False,False,10,3,22,7,25,0.4523809523809524,0.00015652179718017578,0.0008387832034859338
F06546,SLC30A7,False,False,False,0,0,15,27,15,0.35714285714285715,6.103515625e-05,0.0004117053147458932
F06547,SLC30A9,False,False,False,25,3,12,2,15,0.21428571428571427,0.03515625,0.07256568096135721
F06548,SLC33A1,False,False,False,0,0,21,21,21,0.5,9.5367431640625e-07,1.6797963160292393e-05
F06549,SLC34A2,False,False,False,16,4,18,4,22,0.3333333333333333,0.004343509674072266,0.012688687665031029
F06550,SLC34A3,False,False,False,31,6,4,1,10,-0.047619047619047616,0.75390625,0.8906966485344362
F06551,SLC35A1,False,False,False,35,4,2,1,6,-0.047619047619047616,0.6875,0.8218477074235808
F06552,SLC35A2,False,False,False,15,5,18,4,23,0.30952380952380953,0.010622024536132812,0.027605498893351496
F06553,SLC35A3,False,False,False,35,3,2,2,5,-0.023809523809523808,1.0,1.0
F06554,SLC35A4,False,False,False,0,0,0,42,0,0.0,,
F06555,SLC35B2,False,False,False,0,0,24,18,24,0.5714285714285714,1.1920928955078125e-07,3.896542449495685e-06
F06556,SLC35C1,False,False,False,31,5,6,0,11,0.023809523809523808,1.0,1.0
F06557,SLC35D1,False,False,False,9,4,25,4,29,0.5,0.00010371580719947815,0.0006315225702507612
F06558,SLC35E1,False,False,False,0,0,8,34,8,0.19047619047619047,0.0078125,0.020482092976855548
F06559,SLC35F6,False,False,False,0,0,4,38,4,0.09523809523809523,0.125,0.2027277215502345
F06560,SLC36A1,False,False,False,25,0,16,1,16,0.38095238095238093,3.0517578125e-05,0.00023755982023844786
F06561,SLC36A2,False,False,False,3,3,12,24,15,0.21428571428571427,0.03515625,0.07256568096135721
F06562,SLC38A1,False,False,False,19,0,21,2,21,0.5,9.5367431640625e-07,1.6797963160292393e-05
F06563,SLC38A10,False,False,False,1,1,22,18,23,0.5,5.7220458984375e-06,6.318292697938551e-05
F06564,SLC38A2,False,False,False,2,0,37,3,37,0.8809523809523809,1.4551915228366852e-11,4.780304152518511e-08
F06565,SLC38A5,False,False,False,6,0,33,3,33,0.7857142857142857,2.3283064365386963e-10,1.6996636986732483e-07
F06566,SLC38A9,False,False,False,17,1,23,1,24,0.5238095238095238,2.9802322387695312e-06,3.9451045565085836e-05
F06567,SLC39A10,False,False,False,0,0,0,42,0,0.0,,
F06568,SLC39A11,False,False,False,2,0,17,23,17,0.40476190476190477,1.52587890625e-05,0.0001392364501953125
F06569,SLC39A12,False,False,False,23,8,8,3,16,0.0,1.0,1.0
F06570,SLC39A14,False,False,False,2,0,32,8,32,0.7619047619047619,4.656612873077393e-10,2.5494955480098724e-07
F06571,SLC39A6,False,False,False,33,1,7,1,8,0.14285714285714285,0.0703125,0.12687534331227684
F06572,SLC39A7,False,False,False,0,0,7,35,7,0.16666666666666666,0.015625,0.03678117162307417
F06573,SLC39A8,False,False,False,36,0,5,1,5,0.11904761904761904,0.0625,0.11622558731955845
F06574,SLC39A9,False,False,False,36,3,3,0,6,0.0,1.0,1.0
F06575,SLC3A2,False,False,False,0,0,0,42,0,0.0,,
F06576,SLC41A3,False,False,False,26,5,10,1,15,0.11904761904761904,0.3017578125,0.4219086674026389
F06577,SLC44A1,False,False,False,0,1,7,34,8,0.14285714285714285,0.0703125,0.12687534331227684
F06578,SLC44A2,False,False,False,0,0,2,40,2,0.047619047619047616,0.5,0.6282271944922547
F06579,SLC44A4,False,False,False,36,6,0,0,6,-0.14285714285714285,0.03125,0.06532373528475978
F06580,SLC4A1,False,False,False,0,0,0,42,0,0.0,,
F06581,SLC4A1AP,False,False,False,0,0,9,33,9,0.21428571428571427,0.00390625,0.01172410347190498
F06582,SLC4A2,False,False,False,35,2,5,0,7,0.07142857142857142,0.453125,0.6055675870964624
F06583,SLC4A7,False,False,False,6,4,17,15,21,0.30952380952380953,0.007197380065917969,0.019985962397751925
F06584,SLC5A1,False,False,False,15,6,15,6,21,0.21428571428571427,0.0783538818359375,0.14015382620803413
F06585,SLC66A3,False,False,False,11,5,15,11,20,0.23809523809523808,0.04138946533203125,0.08245263409079603
F06586,SLC6A11,False,False,False,4,3,25,10,28,0.5238095238095238,2.744048833847046e-05,0.0002256370568006895
F06587,SLC6A14,False,False,False,12,2,26,2,28,0.5714285714285714,3.032386302947998e-06,3.9451045565085836e-05
F06588,SLC6A15,False,False,False,40,0,1,1,1,0.023809523809523808,1.0,1.0
F06589,SLC6A6,False,False,False,11,10,14,7,24,0.09523809523809523,0.5412561893463135,0.6736224974436976
F06590,SLC7A1,False,False,False,0,0,11,31,11,0.2619047619047619,0.0009765625,0.0036371970663265306
F06591,SLC7A5,False,False,False,0,0,6,36,6,0.14285714285714285,0.03125,0.06532373528475978
F06592,SLC7A8,False,False,False,5,1,34,2,35,0.7857142857142857,2.0954757928848267e-09,4.4410567610494554e-07
F06593,SLC9A1,False,False,False,3,0,25,14,25,0.5952380952380952,5.960464477539063e-08,2.5428734816514053e-06
F06594,SLFN11,False,False,False,39,0,3,0,3,0.07142857142857142,0.25,0.3572982379812921
F06595,SLFN5,False,False,False,0,0,2,40,2,0.047619047619047616,0.5,0.6282271944922547
F06596,SLIRP,False,False,False,0,0,1,41,1,0.023809523809523808,1.0,1.0
F06597,SLITRK3,False,False,False,19,4,15,4,19,0.2619047619047619,0.0192108154296875,0.044614725123028234
F06598,SLK,False,False,False,0,0,3,39,3,0.07142857142857142,0.25,0.3572982379812921
F06599,SLMAP,False,False,False,0,1,3,38,4,0.047619047619047616,0.625,0.7584503140007388
F06600,SLPI,False,False,False,0,1,0,41,1,-0.023809523809523808,1.0,1.0
F06601,SLTM,False,False,False,0,0,9,33,9,0.21428571428571427,0.00390625,0.01172410347190498
F06602,SLURP1,False,False,False,21,6,13,2,19,0.16666666666666666,0.1670684814453125,0.2655794636089289
F06603,SLURP2,False,False,False,2,7,11,22,18,0.09523809523809523,0.480682373046875,0.6282271944922547
F06604,SLX9,False,False,False,6,4,26,6,30,0.5238095238095238,5.947612226009369e-05,0.0004117053147458932
F06605,SMAD1,False,False,False,41,0,0,1,0,0.0,,
F06606,SMAD2,False,False,False,0,0,6,36,6,0.14285714285714285,0.03125,0.06532373528475978
F06607,SMAD4,False,False,False,11,4,18,9,22,0.3333333333333333,0.004343509674072266,0.012688687665031029
F06608,SMAP,False,False,False,5,0,21,16,21,0.5,9.5367431640625e-07,1.6797963160292393e-05
F06609,SMAP1,False,False,False,0,0,8,34,8,0.19047619047619047,0.0078125,0.020482092976855548
F06610,SMAP2,False,False,False,0,0,6,36,6,0.14285714285714285,0.03125,0.06532373528475978
F06611,SMARCA1,False,False,False,24,2,15,1,17,0.30952380952380953,0.002349853515625,0.007711557241586538
F06612,SMARCA2,False,False,False,0,1,5,36,6,0.09523809523809523,0.21875,0.3337639340455179
F06613,SMARCA4,False,False,False,0,0,15,27,15,0.35714285714285715,6.103515625e-05,0.0004117053147458932
F06614,SMARCA5,False,False,False,0,0,1,41,1,0.023809523809523808,1.0,1.0
F06615,SMARCAD1,False,False,False,41,0,0,1,0,0.0,,
F06616,SMARCAL1,False,False,False,32,3,7,0,10,0.09523809523809523,0.34375,0.47586125158027814
F06617,SMARCB1,False,False,False,0,1,13,28,14,0.2857142857142857,0.0018310546875,0.006378594537049311
F06618,SMARCC1,False,False,False,1,0,11,30,11,0.2619047619047619,0.0009765625,0.0036371970663265306
F06619,SMARCC2,False,False,False,0,0,7,35,7,0.16666666666666666,0.015625,0.03678117162307417
F06620,SMARCD1,False,False,False,18,4,17,3,21,0.30952380952380953,0.007197380065917969,0.019985962397751925
F06621,SMARCD2,False,False,False,0,0,6,36,6,0.14285714285714285,0.03125,0.06532373528475978
F06622,SMARCE1,False,False,False,0,0,7,35,7,0.16666666666666666,0.015625,0.03678117162307417
F06623,SMC1A,False,False,False,0,0,0,42,0,0.0,,
F06624,SMC2,False,False,False,0,0,7,35,7,0.16666666666666666,0.015625,0.03678117162307417
F06625,SMC3,False,False,False,0,0,0,42,0,0.0,,
F06626,SMC4,False,False,False,0,0,21,21,21,0.5,9.5367431640625e-07,1.6797963160292393e-05
F06627,SMC5,False,False,False,31,1,8,2,9,0.16666666666666666,0.0390625,0.07848337155963303
F06628,SMC6,False,False,False,17,3,19,3,22,0.38095238095238093,0.0008554458618164062,0.0034628954480183543
F06629,SMCHD1,False,False,False,0,0,3,39,3,0.07142857142857142,0.25,0.3572982379812921
F06630,SMG1,False,False,False,9,3,23,7,26,0.47619047619047616,8.797645568847656e-05,0.0005361830369882106
F06631,SMG8,False,False,False,5,2,28,7,30,0.6190476190476191,8.67992639541626e-07,1.6797963160292393e-05
F06632,SMG9,False,False,False,14,3,20,5,23,0.40476190476190477,0.00048828125,0.002121698288690476
F06633,SMIM11,False,False,False,37,4,1,0,5,-0.07142857142857142,0.375,0.510833506116525
F06634,SMIM12,False,False,False,15,5,15,7,20,0.23809523809523808,0.04138946533203125,0.08245263409079603
F06635,SMIM20,False,False,False,1,8,11,22,19,0.07142857142857142,0.6476058959960938,0.7818395326523955
F06636,SMIM22,False,False,False,36,6,0,0,6,-0.14285714285714285,0.03125,0.06532373528475978
F06637,SMIM5,False,False,False,31,6,5,0,11,-0.023809523809523808,1.0,1.0
F06638,SMIM7,False,False,False,7,2,22,11,24,0.47619047619047616,3.5881996154785156e-05,0.0002719085521763996
F06639,SMKR1,False,False,False,37,2,2,1,4,0.0,1.0,1.0
F06640,SMN1,False,False,False,2,0,22,18,22,0.5238095238095238,4.76837158203125e-07,1.0408040296991798e-05
F06641,SMNDC1,False,False,False,0,5,22,15,27,0.40476190476190477,0.0015137195587158203,0.005431533315545025
F06642,SMOC1,False,False,False,35,5,2,0,7,-0.07142857142857142,0.453125,0.6055675870964624
F06643,SMPD2,False,False,False,16,5,13,8,18,0.19047619047619047,0.09625244140625,0.16967495037270258
F06644,SMPD4,False,False,False,0,0,4,38,4,0.09523809523809523,0.125,0.2027277215502345
F06645,SMPDL3B,False,False,False,35,1,6,0,7,0.11904761904761904,0.125,0.2027277215502345
F06646,SMPX,False,False,False,13,22,3,4,25,-0.4523809523809524,0.00015652179718017578,0.0008387832034859338
F06647,SMR3B,False,False,False,34,7,0,1,7,-0.16666666666666666,0.015625,0.03678117162307417
F06648,SMS,False,False,False,0,0,6,36,6,0.14285714285714285,0.03125,0.06532373528475978
F06649,SMTN,False,False,False,0,2,10,30,12,0.19047619047619047,0.03857421875,0.07848337155963303
F06650,SMTNL1,False,False,False,22,15,3,2,18,-0.2857142857142857,0.007537841796875,0.020482092976855548
F06651,SMU1,False,False,False,0,0,4,38,4,0.09523809523809523,0.125,0.2027277215502345
F06652,SMUG1,False,False,False,11,8,15,8,23,0.16666666666666666,0.21003961563110352,0.3264237081618364
F06653,SMYD1,False,False,False,5,13,4,20,17,-0.21428571428571427,0.049041748046875,0.09713725796441626
F06654,SMYD3,False,False,False,35,0,5,2,5,0.11904761904761904,0.0625,0.11622558731955845
F06655,SMYD5,False,False,False,0,1,18,23,19,0.40476190476190477,7.62939453125e-05,0.0004760220519497863
F06656,SNAP23,False,False,False,0,0,4,38,4,0.09523809523809523,0.125,0.2027277215502345
F06657,SNAP29,False,False,False,0,0,5,37,5,0.11904761904761904,0.0625,0.11622558731955845
F06658,SNAP47,False,False,False,35,4,3,0,7,-0.023809523809523808,1.0,1.0
F06659,SNAPIN,False,False,False,0,0,7,35,7,0.16666666666666666,0.015625,0.03678117162307417
F06660,SNCA,False,False,False,0,0,0,42,0,0.0,,
F06661,SNCB,False,False,False,40,1,1,0,2,0.0,1.0,1.0
F06662,SNCG,False,False,False,0,20,4,18,24,-0.38095238095238093,0.001543879508972168,0.005491764143988708
F06663,SND1,False,False,False,0,0,0,42,0,0.0,,
F06664,SNF8,False,False,False,0,4,7,31,11,0.07142857142857142,0.548828125,0.6802114282682513
F06665,SNIP1,False,False,False,22,2,17,1,19,0.35714285714285715,0.000728607177734375,0.0029843822679020224
F06666,SNRNP200,False,False,False,0,0,0,42,0,0.0,,
F06667,SNRNP27,False,False,False,14,1,19,8,20,0.42857142857142855,4.00543212890625e-05,0.0002895015301090656
F06668,SNRNP40,False,False,False,0,0,5,37,5,0.11904761904761904,0.0625,0.11622558731955845
F06669,SNRNP70,False,False,False,0,0,0,42,0,0.0,,
F06670,SNRPA,False,False,False,0,0,2,40,2,0.047619047619047616,0.5,0.6282271944922547
F06671,SNRPA1,False,False,False,0,0,2,40,2,0.047619047619047616,0.5,0.6282271944922547
F06672,SNRPB;SNRPN,False,True,True,42,0,0,0,0,0.0,,
F06673,SNRPB2,False,False,False,0,0,14,28,14,0.3333333333333333,0.0001220703125,0.0006813950323916738
F06674,SNRPC,False,False,False,0,0,13,29,13,0.30952380952380953,0.000244140625,0.0012069254373589164
F06675,SNRPD1,False,False,False,0,0,0,42,0,0.0,,
F06676,SNRPD2,False,False,False,0,0,0,42,0,0.0,,
F06677,SNRPD3,False,False,False,0,0,0,42,0,0.0,,
F06678,SNRPE,False,False,False,0,0,6,36,6,0.14285714285714285,0.03125,0.06532373528475978
F06679,SNRPF,False,False,False,0,0,3,39,3,0.07142857142857142,0.25,0.3572982379812921
F06680,SNRPGP15,False,False,True,42,0,0,0,0,0.0,,
F06681,SNTA1,False,False,False,3,24,5,10,29,-0.4523809523809524,0.0005461126565933228,0.00228096640420733
F06682,SNTB1,False,False,False,0,0,0,42,0,0.0,,
F06683,SNTB2,False,False,False,0,0,0,42,0,0.0,,
F06684,SNU13,False,False,False,0,0,0,42,0,0.0,,
F06685,SNUPN,False,False,False,12,0,24,6,24,0.5714285714285714,1.1920928955078125e-07,3.896542449495685e-06
F06686,SNW1,False,False,False,0,0,4,38,4,0.09523809523809523,0.125,0.2027277215502345
F06687,SNX1,False,False,False,0,0,2,40,2,0.047619047619047616,0.5,0.6282271944922547
F06688,SNX12,False,False,False,0,0,0,42,0,0.0,,
F06689,SNX15,False,False,False,9,5,8,20,13,0.07142857142857142,0.5810546875,0.7167723050835524
F06690,SNX17,False,False,False,0,0,2,40,2,0.047619047619047616,0.5,0.6282271944922547
F06691,SNX18,False,False,False,0,0,5,37,5,0.11904761904761904,0.0625,0.11622558731955845
F06692,SNX2,False,False,False,0,0,0,42,0,0.0,,
F06693,SNX24,False,False,False,4,6,9,23,15,0.07142857142857142,0.60723876953125,0.7455725501439567
F06694,SNX27,False,False,False,0,0,1,41,1,0.023809523809523808,1.0,1.0
F06695,SNX29,False,False,False,35,4,3,0,7,-0.023809523809523808,1.0,1.0
F06696,SNX3,False,False,False,0,0,0,42,0,0.0,,
F06697,SNX33,False,False,False,3,6,11,22,17,0.11904761904761904,0.332305908203125,0.4625529273081634
F06698,SNX4,False,False,False,0,0,6,36,6,0.14285714285714285,0.03125,0.06532373528475978
F06699,SNX5,False,False,False,0,0,0,42,0,0.0,,
F06700,SNX6,False,False,False,0,0,0,42,0,0.0,,
F06701,SNX7,False,False,False,23,8,11,0,19,0.07142857142857142,0.6476058959960938,0.7818395326523955
F06702,SNX8,False,False,False,6,0,26,10,26,0.6190476190476191,2.9802322387695312e-08,1.6049283449767065e-06
F06703,SNX9,False,False,False,0,0,3,39,3,0.07142857142857142,0.25,0.3572982379812921
F06704,SOAT1,False,False,False,1,0,31,10,31,0.7380952380952381,9.313225746154785e-10,3.220415429065102e-07
F06705,SOAT2,False,False,False,8,5,13,16,18,0.19047619047619047,0.09625244140625,0.16967495037270258
F06706,SOCS6,False,False,False,31,2,8,1,10,0.14285714285714285,0.109375,0.19126796646260313
F06707,SOCS7,False,False,False,40,0,2,0,2,0.047619047619047616,0.5,0.6282271944922547
F06708,SOD1,False,False,False,0,0,0,42,0,0.0,,
F06709,SOD2,False,False,False,0,0,0,42,0,0.0,,
F06710,SOD3,False,False,False,0,5,0,37,5,-0.11904761904761904,0.0625,0.11622558731955845
F06711,SON,False,False,False,0,0,4,38,4,0.09523809523809523,0.125,0.2027277215502345
F06712,SORBS1,False,False,False,0,6,0,36,6,-0.14285714285714285,0.03125,0.06532373528475978
F06713,SORBS2,False,False,False,0,10,2,30,12,-0.19047619047619047,0.03857421875,0.07848337155963303
F06714,SORBS3,False,False,False,0,0,0,42,0,0.0,,
F06715,SORD,False,False,False,0,0,0,42,0,0.0,,
F06716,SORL1,False,False,False,13,4,20,5,24,0.38095238095238093,0.001543879508972168,0.005491764143988708
F06717,SORT1,False,False,False,6,13,4,19,17,-0.21428571428571427,0.049041748046875,0.09713725796441626
F06718,SOS1;SOS2,False,True,True,42,0,0,0,0,0.0,,
F06719,SOSTDC1,False,False,False,40,1,1,0,2,0.0,1.0,1.0
F06720,SOWAHC,False,False,False,0,1,7,34,8,0.14285714285714285,0.0703125,0.12687534331227684
F06721,SOX15,False,False,False,15,1,26,0,27,0.5952380952380952,4.172325134277344e-07,1.0305329373008326e-05
F06722,SOX5,False,False,False,37,1,3,1,4,0.047619047619047616,0.625,0.7584503140007388
F06723,SP1,False,False,False,12,4,20,6,24,0.38095238095238093,0.001543879508972168,0.005491764143988708
F06724,SP100,False,False,False,0,0,8,34,8,0.19047619047619047,0.0078125,0.020482092976855548
F06725,SP110,False,False,False,2,1,30,9,31,0.6904761904761905,2.9802322387695312e-08,1.6049283449767065e-06
F06726,SP140,False,False,False,32,1,9,0,10,0.19047619047619047,0.021484375,0.0488923947869761
F06727,SP3,False,False,False,1,1,17,23,18,0.38095238095238093,0.00014495849609375,0.000789045003592326
F06728,SP6,False,False,False,32,4,4,2,8,0.0,1.0,1.0
F06729,SPAG1,False,False,False,11,2,23,6,25,0.5,1.9431114196777344e-05,0.00016998990715423056
F06730,SPAG17,False,False,False,38,1,3,0,4,0.047619047619047616,0.625,0.7584503140007388
F06731,SPAG5,False,False,False,40,1,0,1,1,-0.023809523809523808,1.0,1.0
F06732,SPAG7,False,False,False,3,2,9,28,11,0.16666666666666666,0.0654296875,0.11997573175411666
F06733,SPAG9,False,False,False,0,0,1,41,1,0.023809523809523808,1.0,1.0
F06734,SPANXB1,False,False,False,35,2,4,1,6,0.047619047619047616,0.6875,0.8218477074235808
F06735,SPARC,False,False,False,0,0,4,38,4,0.09523809523809523,0.125,0.2027277215502345
F06736,SPARCL1,False,False,False,1,2,13,26,15,0.2619047619047619,0.00738525390625,0.0203017230811977
F06737,SPART,False,False,False,1,2,5,34,7,0.07142857142857142,0.453125,0.6055675870964624
F06738,SPAST,False,False,False,17,4,13,8,17,0.21428571428571427,0.049041748046875,0.09713725796441626
F06739,SPATA20,False,False,False,5,7,10,20,17,0.07142857142857142,0.629058837890625,0.7611264392157286
F06740,SPATS2,False,False,False,6,2,27,7,29,0.5952380952380952,1.6242265701293945e-06,2.5468182734487163e-05
F06741,SPATS2L,False,False,False,0,1,16,25,17,0.35714285714285715,0.000274658203125,0.0013119248560594895
F06742,SPC24,False,False,False,22,0,19,1,19,0.4523809523809524,3.814697265625e-06,4.684590847692757e-05
F06743,SPCS1,False,False,False,0,0,8,34,8,0.19047619047619047,0.0078125,0.020482092976855548
F06744,SPCS2,False,False,False,0,0,2,40,2,0.047619047619047616,0.5,0.6282271944922547
F06745,SPCS3,False,False,False,0,0,3,39,3,0.07142857142857142,0.25,0.3572982379812921
F06746,SPECC1,False,False,False,11,2,23,6,25,0.5,1.9431114196777344e-05,0.00016998990715423056
F06747,SPECC1L,False,False,False,33,3,5,1,8,0.047619047619047616,0.7265625,0.8618009794186676
F06748,SPEG,False,False,False,23,13,2,4,15,-0.2619047619047619,0.00738525390625,0.0203017230811977
F06749,SPEN,False,False,False,10,6,22,4,28,0.38095238095238093,0.0037191659212112427,0.011630138078228398
F06750,SPG21,False,False,False,1,0,29,12,29,0.6904761904761905,3.725290298461914e-09,6.275681348947378e-07
F06751,SPG7,False,False,False,17,10,9,6,19,-0.023809523809523808,1.0,1.0
F06752,SPHK1,False,False,False,5,2,26,9,28,0.5714285714285714,3.032386302947998e-06,3.9451045565085836e-05
F06753,SPI1,False,False,False,15,3,20,4,23,0.40476190476190477,0.00048828125,0.002121698288690476
F06754,SPIN1,False,False,False,2,5,21,14,26,0.38095238095238093,0.002493917942047119,0.008159880915960942
F06755,SPIN2A;SPIN2B,False,True,True,42,0,0,0,0,0.0,,
F06756,SPINK5,False,False,False,0,5,2,35,7,-0.07142857142857142,0.453125,0.6055675870964624
F06757,SPINK7,False,False,False,22,10,4,6,14,-0.14285714285714285,0.1795654296875,0.2823599318344894
F06758,SPINT1,False,False,False,0,1,8,33,9,0.16666666666666666,0.0390625,0.07848337155963303
F06759,SPINT2,False,False,False,1,0,9,32,9,0.21428571428571427,0.00390625,0.01172410347190498
F06760,SPIRE1,False,False,False,35,0,6,1,6,0.14285714285714285,0.03125,0.06532373528475978
F06761,SPN,False,False,False,3,5,17,17,22,0.2857142857142857,0.01690053939819336,0.03958522062250637
F06762,SPNS1,False,False,False,0,0,18,24,18,0.42857142857142855,7.62939453125e-06,7.981707336037023e-05
F06763,SPON1,False,False,False,9,13,1,19,14,-0.2857142857142857,0.0018310546875,0.006378594537049311
F06764,SPOUT1,False,False,False,16,1,20,5,21,0.4523809523809524,2.09808349609375e-05,0.0001751513160017273
F06765,SPP1,False,False,False,32,3,7,0,10,0.09523809523809523,0.34375,0.47586125158027814
F06766,SPP2,False,False,False,13,18,2,9,20,-0.38095238095238093,0.0004024505615234375,0.0018425785290654944
F06767,SPPL2A,False,False,False,0,4,23,15,27,0.4523809523809524,0.000310748815536499,0.0014656279383164384
F06768,SPR,False,False,False,0,0,0,42,0,0.0,,
F06769,SPRR1A,False,False,False,0,1,0,41,1,-0.023809523809523808,1.0,1.0
F06770,SPRR1B,False,False,False,0,1,0,41,1,-0.023809523809523808,1.0,1.0
F06771,SPRR2A,False,False,False,0,4,10,28,14,0.14285714285714285,0.1795654296875,0.2823599318344894
F06772,SPRR2D,False,False,False,10,2,21,9,23,0.4523809523809524,6.604194641113281e-05,0.00042917466658866723
F06773,SPRR2F,False,False,False,7,2,21,12,23,0.4523809523809524,6.604194641113281e-05,0.00042917466658866723
F06774,SPRR2G,False,False,False,8,0,24,10,24,0.5714285714285714,1.1920928955078125e-07,3.896542449495685e-06
F06775,SPRR3,False,False,False,0,0,0,42,0,0.0,,
F06776,SPRR4,False,False,False,25,0,16,1,16,0.38095238095238093,3.0517578125e-05,0.00023755982023844786
F06777,SPRR5,False,False,False,23,0,18,1,18,0.42857142857142855,7.62939453125e-06,7.981707336037023e-05
F06778,SPRY1,False,False,False,27,1,13,1,14,0.2857142857142857,0.0018310546875,0.006378594537049311
F06779,SPRYD3,False,False,False,34,0,7,1,7,0.16666666666666666,0.015625,0.03678117162307417
F06780,SPRYD4,False,False,False,0,3,4,35,7,0.023809523809523808,1.0,1.0
F06781,SPRYD7,False,False,False,5,1,27,9,28,0.6190476190476191,2.1606683731079102e-07,6.4820051193237305e-06
F06782,SPTA1,False,False,False,0,0,0,42,0,0.0,,
F06783,SPTAN1,False,False,False,0,0,0,42,0,0.0,,
F06784,SPTB,False,False,False,0,0,0,42,0,0.0,,
F06785,SPTBN1,False,False,False,0,0,0,42,0,0.0,,
F06786,SPTBN2,False,False,False,0,0,3,39,3,0.07142857142857142,0.25,0.3572982379812921
F06787,SPTBN5,False,False,False,34,8,0,0,8,-0.19047619047619047,0.0078125,0.020482092976855548
F06788,SPTLC1,False,False,False,0,0,3,39,3,0.07142857142857142,0.25,0.3572982379812921
F06789,SPTLC2,False,False,False,0,0,6,36,6,0.14285714285714285,0.03125,0.06532373528475978
F06790,SQLE,False,False,False,5,3,27,7,30,0.5714285714285714,8.430331945419312e-06,8.749965384108195e-05
F06791,SQOR,False,False,False,0,0,0,42,0,0.0,,
F06792,SQSTM1,False,False,False,0,0,1,41,1,0.023809523809523808,1.0,1.0
F06793,SRA1,False,False,False,0,0,12,30,12,0.2857142857142857,0.00048828125,0.002121698288690476
F06794,SRBD1,False,False,False,12,4,18,8,22,0.3333333333333333,0.004343509674072266,0.012688687665031029
F06795,SRC,False,False,False,0,0,7,35,7,0.16666666666666666,0.015625,0.03678117162307417
F06796,SRD5A1,False,False,False,31,3,8,0,11,0.11904761904761904,0.2265625,0.3435300311562428
F06797,SRD5A3,False,False,False,38,0,4,0,4,0.09523809523809523,0.125,0.2027277215502345
F06798,SREK1,False,False,False,1,1,17,23,18,0.38095238095238093,0.00014495849609375,0.000789045003592326
F06799,SREK1IP1,False,False,False,25,2,9,6,11,0.16666666666666666,0.0654296875,0.11997573175411666
F06800,SRFBP1,False,False,False,32,0,7,3,7,0.16666666666666666,0.015625,0.03678117162307417
F06801,SRGAP2,False,False,False,37,0,4,1,4,0.09523809523809523,0.125,0.2027277215502345
F06802,SRGN,False,False,False,18,0,22,2,22,0.5238095238095238,4.76837158203125e-07,1.0408040296991798e-05
F06803,SRI,False,False,False,0,0,0,42,0,0.0,,
F06804,SRL,False,False,False,4,8,5,25,13,-0.07142857142857142,0.5810546875,0.7167723050835524
F06805,SRM,False,False,False,0,0,0,42,0,0.0,,
F06806,SRP14,False,False,False,0,0,0,42,0,0.0,,
F06807,SRP19,False,False,False,0,0,2,40,2,0.047619047619047616,0.5,0.6282271944922547
F06808,SRP54,False,False,False,0,0,8,34,8,0.19047619047619047,0.0078125,0.020482092976855548
F06809,SRP68,False,False,False,0,0,4,38,4,0.09523809523809523,0.125,0.2027277215502345
F06810,SRP72,False,False,False,0,0,2,40,2,0.047619047619047616,0.5,0.6282271944922547
F06811,SRP9,False,False,False,0,0,1,41,1,0.023809523809523808,1.0,1.0
F06812,SRPK1,False,False,False,0,1,18,23,19,0.40476190476190477,7.62939453125e-05,0.0004760220519497863
F06813,SRPK2,False,False,False,0,0,28,14,28,0.6666666666666666,7.450580596923828e-09,8.741127593176705e-07
F06814,SRPRA,False,False,False,0,0,5,37,5,0.11904761904761904,0.0625,0.11622558731955845
F06815,SRPRB,False,False,False,0,0,2,40,2,0.047619047619047616,0.5,0.6282271944922547
F06816,SRPX,False,False,False,5,13,5,19,18,-0.19047619047619047,0.09625244140625,0.16967495037270258
F06817,SRPX2,False,False,False,15,9,10,8,19,0.023809523809523808,1.0,1.0
F06818,SRRM1,False,False,False,0,0,3,39,3,0.07142857142857142,0.25,0.3572982379812921
F06819,SRRM2,False,False,False,0,0,1,41,1,0.023809523809523808,1.0,1.0
F06820,SRRT,False,False,False,0,0,1,41,1,0.023809523809523808,1.0,1.0
F06821,SRSF1,False,False,False,0,0,0,42,0,0.0,,
F06822,SRSF10,False,False,False,0,0,1,41,1,0.023809523809523808,1.0,1.0
F06823,SRSF11,False,False,False,0,0,2,40,2,0.047619047619047616,0.5,0.6282271944922547
F06824,SRSF2,False,False,False,0,0,5,37,5,0.11904761904761904,0.0625,0.11622558731955845
F06825,SRSF3,False,False,False,0,0,0,42,0,0.0,,
F06826,SRSF4,False,False,False,0,0,4,38,4,0.09523809523809523,0.125,0.2027277215502345
F06827,SRSF5,False,False,False,0,1,9,32,10,0.19047619047619047,0.021484375,0.0488923947869761
F06828,SRSF6,False,False,False,0,0,1,41,1,0.023809523809523808,1.0,1.0
F06829,SRSF7,False,False,False,0,0,0,42,0,0.0,,
F06830,SRSF9,False,False,False,0,0,4,38,4,0.09523809523809523,0.125,0.2027277215502345
F06831,SRXN1,False,False,False,7,6,14,15,20,0.19047619047619047,0.11531829833984375,0.20069966095172806
F06832,SS18,False,False,False,2,2,8,30,10,0.14285714285714285,0.109375,0.19126796646260313
F06833,SS18L2,False,False,False,14,2,22,4,24,0.47619047619047616,3.5881996154785156e-05,0.0002719085521763996
F06834,SSB,False,False,False,0,0,0,42,0,0.0,,
F06835,SSBP1,False,False,False,0,0,0,42,0,0.0,,
F06836,SSBP3,False,False,False,17,2,21,2,23,0.4523809523809524,6.604194641113281e-05,0.00042917466658866723
F06837,SSC5D,False,False,False,0,0,3,39,3,0.07142857142857142,0.25,0.3572982379812921
F06838,SSH1,False,False,False,37,4,1,0,5,-0.07142857142857142,0.375,0.510833506116525
F06839,SSH3,False,False,False,0,0,6,36,6,0.14285714285714285,0.03125,0.06532373528475978
F06840,SSNA1,False,False,False,13,4,19,6,23,0.35714285714285715,0.002599477767944336,0.008286544849778888
F06841,SSPN,False,False,False,22,17,2,1,19,-0.35714285714285715,0.000728607177734375,0.0029843822679020224
F06842,SSR1,False,False,False,0,0,0,42,0,0.0,,
F06843,SSR3,False,False,False,0,0,7,35,7,0.16666666666666666,0.015625,0.03678117162307417
F06844,SSR4,False,False,False,0,0,0,42,0,0.0,,
F06845,SSRP1,False,False,False,0,0,4,38,4,0.09523809523809523,0.125,0.2027277215502345
F06846,SSTR5,False,False,False,26,2,12,2,14,0.23809523809523808,0.012939453125,0.03188754952409977
F06847,SSU72,False,False,False,0,0,12,30,12,0.2857142857142857,0.00048828125,0.002121698288690476
F06848,ST13,False,False,True,42,0,0,0,0,0.0,,
F06849,ST14,False,False,False,1,0,7,34,7,0.16666666666666666,0.015625,0.03678117162307417
F06850,ST3GAL4,False,False,False,27,11,3,1,14,-0.19047619047619047,0.057373046875,0.11175242157389564
F06851,ST3GAL6,False,False,False,15,6,8,13,14,0.047619047619047616,0.79052734375,0.9276236200102697
F06852,ST6GAL1,False,False,False,37,2,3,0,5,0.023809523809523808,1.0,1.0
F06853,ST6GALNAC1,False,False,False,19,14,8,1,22,-0.14285714285714285,0.28627872467041016,0.4047452595404766
F06854,ST7,False,False,False,28,1,13,0,14,0.2857142857142857,0.0018310546875,0.006378594537049311
F06855,ST8SIA5,False,False,False,37,1,4,0,5,0.07142857142857142,0.375,0.510833506116525
F06856,STAB1,False,False,False,0,2,4,36,6,0.047619047619047616,0.6875,0.8218477074235808
F06857,STAC3,False,False,False,26,15,0,1,15,-0.35714285714285715,6.103515625e-05,0.0004117053147458932
F06858,STAG1,False,False,False,2,0,8,32,8,0.19047619047619047,0.0078125,0.020482092976855548
F06859,STAG2,False,False,False,1,6,17,18,23,0.2619047619047619,0.03468966484069824,0.07226096956353438
F06860,STAM,False,False,False,0,0,5,37,5,0.11904761904761904,0.0625,0.11622558731955845
F06861,STAM2,False,False,False,1,0,12,29,12,0.2857142857142857,0.00048828125,0.002121698288690476
F06862,STAMBP,False,False,False,3,1,20,18,21,0.4523809523809524,2.09808349609375e-05,0.0001751513160017273
F06863,STAP1,False,False,False,39,1,2,0,3,0.023809523809523808,1.0,1.0
F06864,STAP2,False,False,False,4,5,11,22,16,0.14285714285714285,0.210113525390625,0.3264237081618364
F06865,STARD10,False,False,False,1,1,5,35,6,0.09523809523809523,0.21875,0.3337639340455179
F06866,STARD3NL,False,False,False,10,1,24,7,25,0.5476190476190477,1.5497207641601562e-06,2.4955062305226046e-05
F06867,STARD5,False,False,False,16,1,22,3,23,0.5,5.7220458984375e-06,6.318292697938551e-05
F06868,STARD7,False,False,False,15,6,8,13,14,0.047619047619047616,0.79052734375,0.9276236200102697
F06869,STAT1,False,False,False,0,0,0,42,0,0.0,,
F06870,STAT2,False,False,False,0,1,5,36,6,0.09523809523809523,0.21875,0.3337639340455179
F06871,STAT3,False,False,False,0,0,0,42,0,0.0,,
F06872,STAT5A,False,False,False,1,3,8,30,11,0.11904761904761904,0.2265625,0.3435300311562428
F06873,STAT5B,False,False,False,1,1,13,27,14,0.2857142857142857,0.0018310546875,0.006378594537049311
F06874,STAT6,False,False,False,0,0,4,38,4,0.09523809523809523,0.125,0.2027277215502345
F06875,STAU1,False,False,False,0,0,6,36,6,0.14285714285714285,0.03125,0.06532373528475978
F06876,STAU2,False,False,False,3,4,16,19,20,0.2857142857142857,0.01181793212890625,0.029885994644693634
F06877,STBD1,False,False,False,3,8,10,21,18,0.047619047619047616,0.8145294189453125,0.9495135348599544
F06878,STEAP2,False,False,False,38,1,3,0,4,0.047619047619047616,0.625,0.7584503140007388
F06879,STEAP3,False,False,False,14,4,15,9,19,0.2619047619047619,0.0192108154296875,0.044614725123028234
F06880,STEAP4,False,False,False,0,0,3,39,3,0.07142857142857142,0.25,0.3572982379812921
F06881,STEEP1,False,False,False,20,2,18,2,20,0.38095238095238093,0.0004024505615234375,0.0018425785290654944
F06882,STIM1,False,False,False,0,0,0,42,0,0.0,,
F06883,STING1,False,False,False,0,0,6,36,6,0.14285714285714285,0.03125,0.06532373528475978
F06884,STIP1,False,False,False,0,0,0,42,0,0.0,,
F06885,STK10,False,False,False,0,0,22,20,22,0.5238095238095238,4.76837158203125e-07,1.0408040296991798e-05
F06886,STK11IP,False,False,False,4,7,16,15,23,0.21428571428571427,0.0931396484375,0.1652072057868183
F06887,STK17B,False,False,False,33,2,7,0,9,0.11904761904761904,0.1796875,0.2823599318344894
F06888,STK24,False,False,False,0,0,1,41,1,0.023809523809523808,1.0,1.0
F06889,STK25,False,False,False,35,1,6,0,7,0.11904761904761904,0.125,0.2027277215502345
F06890,STK26,False,False,False,0,0,11,31,11,0.2619047619047619,0.0009765625,0.0036371970663265306
F06891,STK3,False,False,False,0,1,16,25,17,0.35714285714285715,0.000274658203125,0.0013119248560594895
F06892,STK33,False,False,False,40,1,0,1,1,-0.023809523809523808,1.0,1.0
F06893,STK38,False,False,False,0,0,10,32,10,0.23809523809523808,0.001953125,0.006523655948144382
F06894,STK38L,False,False,False,8,1,20,13,21,0.4523809523809524,2.09808349609375e-05,0.0001751513160017273
F06895,STK39,False,False,False,2,0,8,32,8,0.19047619047619047,0.0078125,0.020482092976855548
F06896,STK4,False,False,False,0,0,9,33,9,0.21428571428571427,0.00390625,0.01172410347190498
F06897,STMN1,False,False,False,0,0,0,42,0,0.0,,
F06898,STOM,False,False,False,0,0,0,42,0,0.0,,
F06899,STOML1,False,False,False,19,6,16,1,22,0.23809523809523808,0.052478790283203125,0.10329108812481862
F06900,STOML2,False,False,False,0,0,0,42,0,0.0,,
F06901,STON1,False,False,False,37,0,5,0,5,0.11904761904761904,0.0625,0.11622558731955845
F06902,STON2,False,False,False,3,0,22,17,22,0.5238095238095238,4.76837158203125e-07,1.0408040296991798e-05
F06903,STRAP,False,False,False,0,0,0,42,0,0.0,,
F06904,STRBP,False,False,False,10,8,11,13,19,0.07142857142857142,0.6476058959960938,0.7818395326523955
F06905,STRIP1,False,False,False,0,1,12,29,13,0.2619047619047619,0.00341796875,0.010703553235224024
F06906,STRN,False,False,False,0,0,6,36,6,0.14285714285714285,0.03125,0.06532373528475978
F06907,STRN3,False,False,False,0,1,6,35,7,0.11904761904761904,0.125,0.2027277215502345
F06908,STRN4,False,False,False,1,0,20,21,20,0.47619047619047616,1.9073486328125e-06,2.7785544384873893e-05
F06909,STS,False,False,False,39,1,2,0,3,0.023809523809523808,1.0,1.0
F06910,STT3A,False,False,False,0,0,0,42,0,0.0,,
F06911,STT3B,False,False,False,0,0,1,41,1,0.023809523809523808,1.0,1.0
F06912,STUB1,False,False,False,0,1,0,41,1,-0.023809523809523808,1.0,1.0
F06913,STX10,False,False,False,0,2,11,29,13,0.21428571428571427,0.0224609375,0.050450721153846155
F06914,STX11,False,False,False,5,3,25,9,28,0.5238095238095238,2.744048833847046e-05,0.0002256370568006895
F06915,STX12,False,False,False,0,0,4,38,4,0.09523809523809523,0.125,0.2027277215502345
F06916,STX16,False,False,False,0,0,5,37,5,0.11904761904761904,0.0625,0.11622558731955845
F06917,STX17,False,False,False,2,18,8,14,26,-0.23809523809523808,0.07551869750022888,0.13608278732213488
F06918,STX18,False,False,False,0,1,7,34,8,0.14285714285714285,0.0703125,0.12687534331227684
F06919,STX1A,False,False,False,39,2,1,0,3,-0.023809523809523808,1.0,1.0
F06920,STX1B,False,False,False,40,1,1,0,2,0.0,1.0,1.0
F06921,STX3,False,False,False,2,0,20,20,20,0.47619047619047616,1.9073486328125e-06,2.7785544384873893e-05
F06922,STX4,False,False,False,0,0,5,37,5,0.11904761904761904,0.0625,0.11622558731955845
F06923,STX5,False,False,False,0,1,8,33,9,0.16666666666666666,0.0390625,0.07848337155963303
F06924,STX6,False,False,False,0,0,21,21,21,0.5,9.5367431640625e-07,1.6797963160292393e-05
F06925,STX7,False,False,False,0,0,0,42,0,0.0,,
F06926,STX8,False,False,False,0,0,5,37,5,0.11904761904761904,0.0625,0.11622558731955845
F06927,STXBP1,False,False,False,0,1,4,37,5,0.07142857142857142,0.375,0.510833506116525
F06928,STXBP2,False,False,False,0,0,4,38,4,0.09523809523809523,0.125,0.2027277215502345
F06929,STXBP3,False,False,False,0,0,0,42,0,0.0,,
F06930,STXBP5,False,False,False,0,0,0,42,0,0.0,,
F06931,STYXL2,False,False,False,32,5,3,2,8,-0.047619047619047616,0.7265625,0.8618009794186676
F06932,SUB1,False,False,False,0,0,0,42,0,0.0,,
F06933,SUCLA2,False,False,False,0,0,0,42,0,0.0,,
F06934,SUCLG1,False,False,False,0,0,0,42,0,0.0,,
F06935,SUCLG2,False,False,False,0,0,0,42,0,0.0,,
F06936,SUDS3,False,False,False,20,2,18,2,20,0.38095238095238093,0.0004024505615234375,0.0018425785290654944
F06937,SUGP1,False,False,False,29,4,9,0,13,0.11904761904761904,0.266845703125,0.37808416422929697
F06938,SUGP2,False,False,False,11,6,17,8,23,0.2619047619047619,0.03468966484069824,0.07226096956353438
F06939,SUGT1,False,False,False,0,0,0,42,0,0.0,,
F06940,SULF1,False,False,False,25,1,15,1,16,0.3333333333333333,0.000518798828125,0.002199037613407258
F06941,SULT1A1,False,False,False,19,5,12,6,17,0.16666666666666666,0.143463134765625,0.23067860876411067
F06942,SULT1A3,False,False,True,42,0,0,0,0,0.0,,
F06943,SULT2B1,False,False,False,0,1,5,36,6,0.09523809523809523,0.21875,0.3337639340455179
F06944,SUMF1,False,False,False,11,4,18,9,22,0.3333333333333333,0.004343509674072266,0.012688687665031029
F06945,SUMF2,False,False,False,0,0,3,39,3,0.07142857142857142,0.25,0.3572982379812921
F06946,SUMO1,False,False,False,0,0,11,31,11,0.2619047619047619,0.0009765625,0.0036371970663265306
F06947,SUMO1P1,False,False,False,41,0,1,0,1,0.023809523809523808,1.0,1.0
F06948,SUMO2,False,False,False,40,0,2,0,2,0.047619047619047616,0.5,0.6282271944922547
F06949,SUN1,False,False,False,0,0,0,42,0,0.0,,
F06950,SUN2,False,False,False,0,0,0,42,0,0.0,,
F06951,SUOX,False,False,False,2,17,3,20,20,-0.3333333333333333,0.0025768280029296875,0.008286544849778888
F06952,SUPT16H,False,False,False,0,0,2,40,2,0.047619047619047616,0.5,0.6282271944922547
F06953,SUPT4H1,False,False,False,0,0,7,35,7,0.16666666666666666,0.015625,0.03678117162307417
F06954,SUPT5H,False,False,False,0,0,7,35,7,0.16666666666666666,0.015625,0.03678117162307417
F06955,SUPT6H,False,False,False,0,0,11,31,11,0.2619047619047619,0.0009765625,0.0036371970663265306
F06956,SUPV3L1,False,False,False,1,0,12,29,12,0.2857142857142857,0.00048828125,0.002121698288690476
F06957,SURF1,False,False,False,3,8,12,19,20,0.09523809523809523,0.5034446716308594,0.6302651472207976
F06958,SURF4,False,False,False,0,0,0,42,0,0.0,,
F06959,SURF6,False,False,False,8,0,25,9,25,0.5952380952380952,5.960464477539063e-08,2.5428734816514053e-06
F06960,SUSD2,False,False,False,1,3,3,35,6,0.0,1.0,1.0
F06961,SUV39H2,False,False,False,21,1,15,5,16,0.3333333333333333,0.000518798828125,0.002199037613407258
F06962,SVIL,False,False,False,0,0,0,42,0,0.0,,
F06963,SVIP,False,False,False,20,7,14,1,21,0.16666666666666666,0.18924713134765625,0.2959661159138542
F06964,SWAP70,False,False,False,0,0,3,39,3,0.07142857142857142,0.25,0.3572982379812921
F06965,SYAP1,False,False,False,1,0,10,31,10,0.23809523809523808,0.001953125,0.006523655948144382
F06966,SYDE1,False,False,False,12,2,18,10,20,0.38095238095238093,0.0004024505615234375,0.0018425785290654944
F06967,SYF2,False,False,False,5,1,16,20,17,0.35714285714285715,0.000274658203125,0.0013119248560594895
F06968,SYK,False,False,False,0,0,6,36,6,0.14285714285714285,0.03125,0.06532373528475978
F06969,SYMPK,False,False,False,0,0,6,36,6,0.14285714285714285,0.03125,0.06532373528475978
F06970,SYN1,False,False,False,5,11,20,6,31,0.21428571428571427,0.14961278438568115,0.23904571824268608
F06971,SYN2,False,False,False,38,3,1,0,4,-0.047619047619047616,0.625,0.7584503140007388
F06972,SYNC,False,False,False,9,21,2,10,23,-0.4523809523809524,6.604194641113281e-05,0.00042917466658866723
F06973,SYNCRIP,False,False,False,0,0,0,42,0,0.0,,
F06974,SYNE1,False,False,False,0,0,2,40,2,0.047619047619047616,0.5,0.6282271944922547
F06975,SYNE2,False,False,False,0,0,0,42,0,0.0,,
F06976,SYNE3,False,False,False,4,5,6,27,11,0.023809523809523808,1.0,1.0
F06977,SYNGR1,False,False,False,5,13,7,17,20,-0.14285714285714285,0.26317596435546875,0.3745810411211936
F06978,SYNGR2,False,False,False,0,0,11,31,11,0.2619047619047619,0.0009765625,0.0036371970663265306
F06979,SYNJ2BP,False,False,False,0,0,1,41,1,0.023809523809523808,1.0,1.0
F06980,SYNM,False,False,False,0,1,0,41,1,-0.023809523809523808,1.0,1.0
F06981,SYNPO,False,False,False,0,0,7,35,7,0.16666666666666666,0.015625,0.03678117162307417
F06982,SYNPO2,False,False,False,0,2,0,40,2,-0.047619047619047616,0.5,0.6282271944922547
F06983,SYNPO2L,False,False,False,14,17,4,7,21,-0.30952380952380953,0.007197380065917969,0.019985962397751925
F06984,SYNRG,False,False,False,9,1,20,12,21,0.4523809523809524,2.09808349609375e-05,0.0001751513160017273
F06985,SYPL1,False,False,False,0,0,0,42,0,0.0,,
F06986,SYPL2,False,False,False,2,14,6,20,20,-0.19047619047619047,0.11531829833984375,0.20069966095172806
F06987,SYT1,False,False,False,39,1,1,1,2,0.0,1.0,1.0
F06988,SYT16,False,False,False,27,9,3,3,12,-0.14285714285714285,0.14599609375,0.23332384722391145
F06989,SYT4,False,False,False,2,0,21,19,21,0.5,9.5367431640625e-07,1.6797963160292393e-05
F06990,SYTL1,False,False,False,0,0,6,36,6,0.14285714285714285,0.03125,0.06532373528475978
F06991,SYTL3,False,False,False,39,3,0,0,3,-0.07142857142857142,0.25,0.3572982379812921
F06992,SYVN1,False,False,False,16,1,16,9,17,0.35714285714285715,0.000274658203125,0.0013119248560594895
F06993,SZRD1,False,False,False,10,2,26,4,28,0.5714285714285714,3.032386302947998e-06,3.9451045565085836e-05
F06994,TAB1,False,False,False,4,0,25,13,25,0.5952380952380952,5.960464477539063e-08,2.5428734816514053e-06
F06995,TAB2,False,False,False,14,2,25,1,27,0.5476190476190477,5.647540092468262e-06,6.318292697938551e-05
F06996,TACC1,False,False,False,1,3,11,27,14,0.19047619047619047,0.057373046875,0.11175242157389564
F06997,TACC2,False,False,False,0,1,3,38,4,0.047619047619047616,0.625,0.7584503140007388
F06998,TACC3,False,False,False,20,2,18,2,20,0.38095238095238093,0.0004024505615234375,0.0018425785290654944
F06999,TACO1,False,False,False,0,0,6,36,6,0.14285714285714285,0.03125,0.06532373528475978
F07000,TACSTD2,False,False,False,0,1,5,36,6,0.09523809523809523,0.21875,0.3337639340455179
F07001,TAF1;TAF1L,False,True,True,42,0,0,0,0,0.0,,
F07002,TAF15,False,False,False,1,1,15,25,16,0.3333333333333333,0.000518798828125,0.002199037613407258
F07003,TAF1A,False,False,False,34,7,1,0,8,-0.14285714285714285,0.0703125,0.12687534331227684
F07004,TAF4,False,False,False,29,1,11,1,12,0.23809523809523808,0.00634765625,0.017898756035407724
F07005,TAF5,False,False,False,12,4,19,7,23,0.35714285714285715,0.002599477767944336,0.008286544849778888
F07006,TAF6,False,False,False,34,1,6,1,7,0.11904761904761904,0.125,0.2027277215502345
F07007,TAF8,False,False,False,18,1,21,2,22,0.47619047619047616,1.0967254638671875e-05,0.00010627560910925401
F07008,TAF9;TAF9B,False,True,True,42,0,0,0,0,0.0,,
F07009,TAGAP,False,False,False,31,3,6,2,9,0.07142857142857142,0.5078125,0.632959234490609
F07010,TAGLN,False,False,False,0,0,0,42,0,0.0,,
F07011,TAGLN2,False,False,False,0,0,0,42,0,0.0,,
F07012,TALDO1,False,False,False,0,0,0,42,0,0.0,,
F07013,TAMM41,False,False,False,1,5,6,30,11,0.023809523809523808,1.0,1.0
F07014,TANC1,False,False,False,6,3,24,9,27,0.5,4.9233436584472656e-05,0.0003504481889057263
F07015,TANGO2,False,False,False,0,3,3,36,6,0.0,1.0,1.0
F07016,TANGO6,False,False,False,9,7,14,12,21,0.16666666666666666,0.18924713134765625,0.2959661159138542
F07017,TAOK1,False,False,False,0,0,9,33,9,0.21428571428571427,0.00390625,0.01172410347190498
F07018,TAOK2,False,False,False,33,1,7,1,8,0.14285714285714285,0.0703125,0.12687534331227684
F07019,TAOK3,False,False,False,0,0,2,40,2,0.047619047619047616,0.5,0.6282271944922547
F07020,TAP1,False,False,False,0,0,1,41,1,0.023809523809523808,1.0,1.0
F07021,TAP2,False,False,False,0,0,3,39,3,0.07142857142857142,0.25,0.3572982379812921
F07022,TAPBP,False,False,False,0,0,0,42,0,0.0,,
F07023,TAPBPL,False,False,False,1,0,25,16,25,0.5952380952380952,5.960464477539063e-08,2.5428734816514053e-06
F07024,TAPT1,False,False,False,9,12,10,11,22,-0.047619047619047616,0.8318119049072266,0.9670862175261863
F07025,TARBP1,False,False,False,15,1,18,8,19,0.40476190476190477,7.62939453125e-05,0.0004760220519497863
F07026,TARBP2,False,False,False,6,4,23,9,27,0.4523809523809524,0.000310748815536499,0.0014656279383164384
F07027,TARDBP,False,False,False,0,0,0,42,0,0.0,,
F07028,TARS1,False,False,False,0,0,2,40,2,0.047619047619047616,0.5,0.6282271944922547
F07029,TARS2,False,False,False,0,2,7,33,9,0.11904761904761904,0.1796875,0.2823599318344894
F07030,TARS3,False,False,False,5,8,12,17,20,0.09523809523809523,0.5034446716308594,0.6302651472207976
F07031,TASOR,False,False,False,14,6,16,6,22,0.23809523809523808,0.052478790283203125,0.10329108812481862
F07032,TATDN1,False,False,False,1,1,16,24,17,0.35714285714285715,0.000274658203125,0.0013119248560594895
F07033,TAX1BP3,False,False,False,0,0,1,41,1,0.023809523809523808,1.0,1.0
F07034,TBC1D1,False,False,False,28,6,8,0,14,0.047619047619047616,0.79052734375,0.9276236200102697
F07035,TBC1D10A,False,False,False,1,0,16,25,16,0.38095238095238093,3.0517578125e-05,0.00023755982023844786
F07036,TBC1D10B,False,False,False,0,0,15,27,15,0.35714285714285715,6.103515625e-05,0.0004117053147458932
F07037,TBC1D10C,False,False,False,25,3,14,0,17,0.2619047619047619,0.012725830078125,0.03188754952409977
F07038,TBC1D13,False,False,False,6,1,24,11,25,0.5476190476190477,1.5497207641601562e-06,2.4955062305226046e-05
F07039,TBC1D15,False,False,False,0,0,3,39,3,0.07142857142857142,0.25,0.3572982379812921
F07040,TBC1D17,False,False,False,0,4,3,35,7,-0.023809523809523808,1.0,1.0
F07041,TBC1D2,False,False,False,0,0,11,31,11,0.2619047619047619,0.0009765625,0.0036371970663265306
F07042,TBC1D22A,False,False,False,1,2,13,26,15,0.2619047619047619,0.00738525390625,0.0203017230811977
F07043,TBC1D23,False,False,False,1,0,14,27,14,0.3333333333333333,0.0001220703125,0.0006813950323916738
F07044,TBC1D24,False,False,False,12,4,21,5,25,0.40476190476190477,0.0009105205535888672,0.0036371970663265306
F07045,TBC1D2B,False,False,False,0,0,20,22,20,0.47619047619047616,1.9073486328125e-06,2.7785544384873893e-05
F07046,TBC1D4,False,False,False,2,1,9,30,10,0.19047619047619047,0.021484375,0.0488923947869761
F07047,TBC1D5,False,False,False,1,0,7,34,7,0.16666666666666666,0.015625,0.03678117162307417
F07048,TBC1D8B,False,False,False,5,0,21,16,21,0.5,9.5367431640625e-07,1.6797963160292393e-05
F07049,TBC1D9,False,False,False,33,4,3,2,7,-0.023809523809523808,1.0,1.0
F07050,TBC1D9B,False,False,False,0,0,13,29,13,0.30952380952380953,0.000244140625,0.0012069254373589164
F07051,TBCA,False,False,False,0,0,0,42,0,0.0,,
F07052,TBCB,False,False,False,0,0,0,42,0,0.0,,
F07053,TBCC,False,False,False,1,0,21,20,21,0.5,9.5367431640625e-07,1.6797963160292393e-05
F07054,TBCD,False,False,False,0,0,6,36,6,0.14285714285714285,0.03125,0.06532373528475978
F07055,TBCE,False,False,False,1,0,10,31,10,0.23809523809523808,0.001953125,0.006523655948144382
F07056,TBCEL,False,False,False,15,4,14,9,18,0.23809523809523808,0.0308837890625,0.06532373528475978
F07057,TBK1,False,False,False,1,0,20,21,20,0.47619047619047616,1.9073486328125e-06,2.7785544384873893e-05
F07058,TBL1XR1,False,False,False,0,0,6,36,6,0.14285714285714285,0.03125,0.06532373528475978
F07059,TBL2,False,False,False,0,0,8,34,8,0.19047619047619047,0.0078125,0.020482092976855548
F07060,TBL3,False,False,False,0,0,12,30,12,0.2857142857142857,0.00048828125,0.002121698288690476
F07061,TBP,False,False,False,34,1,6,1,7,0.11904761904761904,0.125,0.2027277215502345
F07062,TBPL1,False,False,False,12,0,25,5,25,0.5952380952380952,5.960464477539063e-08,2.5428734816514053e-06
F07063,TBRG4,False,False,False,0,0,12,30,12,0.2857142857142857,0.00048828125,0.002121698288690476
F07064,TBX21,False,False,False,27,7,7,1,14,0.0,1.0,1.0
F07065,TBXAS1,False,False,False,0,0,6,36,6,0.14285714285714285,0.03125,0.06532373528475978
F07066,TC2N,False,False,False,39,3,0,0,3,-0.07142857142857142,0.25,0.3572982379812921
F07067,TCAF1,False,False,False,12,3,22,5,25,0.4523809523809524,0.00015652179718017578,0.0008387832034859338
F07068,TCAF2,False,False,False,2,2,18,20,20,0.38095238095238093,0.0004024505615234375,0.0018425785290654944
F07069,TCAP,False,False,False,11,17,4,10,21,-0.30952380952380953,0.007197380065917969,0.019985962397751925
F07070,TCEA1,False,False,False,0,0,9,33,9,0.21428571428571427,0.00390625,0.01172410347190498
F07071,TCEA3,False,False,False,39,3,0,0,3,-0.07142857142857142,0.25,0.3572982379812921
F07072,TCEAL2,False,False,False,28,3,11,0,14,0.19047619047619047,0.057373046875,0.11175242157389564
F07073,TCEAL3,False,False,False,38,3,1,0,4,-0.047619047619047616,0.625,0.7584503140007388
F07074,TCEAL4,False,False,False,10,3,17,12,20,0.3333333333333333,0.0025768280029296875,0.008286544849778888
F07075,TCERG1,False,False,False,0,0,2,40,2,0.047619047619047616,0.5,0.6282271944922547
F07076,TCF12,False,False,False,34,2,5,1,7,0.07142857142857142,0.453125,0.6055675870964624
F07077,TCF20,False,False,False,16,1,22,3,23,0.5,5.7220458984375e-06,6.318292697938551e-05
F07078,TCF25,False,False,False,3,1,24,14,25,0.5476190476190477,1.5497207641601562e-06,2.4955062305226046e-05
F07079,TCF3,False,False,False,39,1,1,1,2,0.0,1.0,1.0
F07080,TCHH,False,False,False,1,2,7,32,9,0.11904761904761904,0.1796875,0.2823599318344894
F07081,TCHHL1,False,False,False,13,6,17,6,23,0.2619047619047619,0.03468966484069824,0.07226096956353438
F07082,TCIRG1,False,False,False,0,0,11,31,11,0.2619047619047619,0.0009765625,0.0036371970663265306
F07083,TCL1A,False,False,False,39,1,2,0,3,0.023809523809523808,1.0,1.0
F07084,TCN1,False,False,False,8,1,20,13,21,0.4523809523809524,2.09808349609375e-05,0.0001751513160017273
F07085,TCOF1,False,False,False,0,0,9,33,9,0.21428571428571427,0.00390625,0.01172410347190498
F07086,TCP1,False,False,False,0,0,0,42,0,0.0,,
F07087,TCP11L1,False,False,False,0,3,18,21,21,0.35714285714285715,0.0014896392822265625,0.005365641493546336
F07088,TDP1,False,False,False,13,1,22,6,23,0.5,5.7220458984375e-06,6.318292697938551e-05
F07089,TDRD12,False,False,False,26,5,10,1,15,0.11904761904761904,0.3017578125,0.4219086674026389
F07090,TDRD15,False,False,False,0,2,8,32,10,0.14285714285714285,0.109375,0.19126796646260313
F07091,TDRD5,False,False,False,28,2,11,1,13,0.21428571428571427,0.0224609375,0.050450721153846155
F07092,TDRD7,False,False,False,6,2,30,4,32,0.6666666666666666,2.4633482098579407e-07,6.6876850160192855e-06
F07093,TECR,False,False,False,0,0,0,42,0,0.0,,
F07094,TEKT1,False,False,False,41,1,0,0,1,-0.023809523809523808,1.0,1.0
F07095,TELO2,False,False,False,7,1,22,12,23,0.5,5.7220458984375e-06,6.318292697938551e-05
F07096,TENM1,False,False,False,15,6,15,6,21,0.21428571428571427,0.0783538818359375,0.14015382620803413
F07097,TENM2,False,False,False,22,0,19,1,19,0.4523809523809524,3.814697265625e-06,4.684590847692757e-05
F07098,TENT2,False,False,False,35,3,4,0,7,0.023809523809523808,1.0,1.0
F07099,TENT4B,False,False,False,39,0,2,1,2,0.047619047619047616,0.5,0.6282271944922547
F07100,TENT5A,False,False,False,35,3,4,0,7,0.023809523809523808,1.0,1.0
F07101,TEP1,False,False,False,12,2,19,9,21,0.40476190476190477,0.00022125244140625,0.0011491134703866107
F07102,TERF2,False,False,False,3,3,22,14,25,0.4523809523809524,0.00015652179718017578,0.0008387832034859338
F07103,TERF2IP,False,False,False,0,0,13,29,13,0.30952380952380953,0.000244140625,0.0012069254373589164
F07104,TERT,False,False,False,4,1,17,20,18,0.38095238095238093,0.00014495849609375,0.000789045003592326
F07105,TES,False,False,False,0,0,3,39,3,0.07142857142857142,0.25,0.3572982379812921
F07106,TESC,False,False,False,27,12,3,0,15,-0.21428571428571427,0.03515625,0.07256568096135721
F07107,TET2,False,False,False,40,2,0,0,2,-0.047619047619047616,0.5,0.6282271944922547
F07108,TEX10,False,False,False,0,0,14,28,14,0.3333333333333333,0.0001220703125,0.0006813950323916738
F07109,TEX13C,False,False,False,29,4,9,0,13,0.11904761904761904,0.266845703125,0.37808416422929697
F07110,TEX2,False,False,False,8,2,22,10,24,0.47619047619047616,3.5881996154785156e-05,0.0002719085521763996
F07111,TEX22,False,False,False,11,8,14,9,22,0.14285714285714285,0.28627872467041016,0.4047452595404766
F07112,TEX264,False,False,False,0,1,16,25,17,0.35714285714285715,0.000274658203125,0.0013119248560594895
F07113,TEX47,False,False,False,6,2,24,10,26,0.5238095238095238,1.049041748046875e-05,0.00010522449289569418
F07114,TF,False,False,False,0,0,0,42,0,0.0,,
F07115,TFAM,False,False,False,0,0,0,42,0,0.0,,
F07116,TFAP2A,False,False,False,40,1,1,0,2,0.0,1.0,1.0
F07117,TFAP2D,False,False,False,1,2,14,25,16,0.2857142857142857,0.004180908203125,0.012350974323080598
F07118,TFAP4,False,False,False,41,0,0,1,0,0.0,,
F07119,TFB1M,False,False,False,12,6,14,10,20,0.19047619047619047,0.11531829833984375,0.20069966095172806
F07120,TFB2M,False,False,False,26,0,15,1,15,0.35714285714285715,6.103515625e-05,0.0004117053147458932
F07121,TFCP2,False,False,False,1,0,17,24,17,0.40476190476190477,1.52587890625e-05,0.0001392364501953125
F07122,TFF1,False,False,False,29,11,2,0,13,-0.21428571428571427,0.0224609375,0.050450721153846155
F07123,TFF2,False,False,False,41,1,0,0,1,-0.023809523809523808,1.0,1.0
F07124,TFF3,False,False,False,36,5,1,0,6,-0.09523809523809523,0.21875,0.3337639340455179
F07125,TFG,False,False,False,0,0,4,38,4,0.09523809523809523,0.125,0.2027277215502345
F07126,TFIP11,False,False,False,29,2,10,1,12,0.19047619047619047,0.03857421875,0.07848337155963303
F07127,TFRC,False,False,False,0,0,2,40,2,0.047619047619047616,0.5,0.6282271944922547
F07128,TG,False,False,False,32,0,9,1,9,0.21428571428571427,0.00390625,0.01172410347190498
F07129,TGFB1,False,False,False,9,1,24,8,25,0.5476190476190477,1.5497207641601562e-06,2.4955062305226046e-05
F07130,TGFB1I1,False,False,False,0,0,1,41,1,0.023809523809523808,1.0,1.0
F07131,TGFBI,False,False,False,0,0,0,42,0,0.0,,
F07132,TGM1,False,False,False,0,1,5,36,6,0.09523809523809523,0.21875,0.3337639340455179
F07133,TGM2,False,False,False,0,0,0,42,0,0.0,,
F07134,TGM3,False,False,False,0,1,1,40,2,0.0,1.0,1.0
F07135,TGM5,False,False,False,10,10,7,15,17,-0.07142857142857142,0.629058837890625,0.7611264392157286
F07136,TGOLN2,False,False,False,0,0,0,42,0,0.0,,
F07137,THAP11,False,False,False,12,8,13,9,21,0.11904761904761904,0.38331031799316406,0.5209658231723392
F07138,THAP9,False,False,False,1,11,5,25,16,-0.14285714285714285,0.210113525390625,0.3264237081618364
F07139,THBD,False,False,False,1,4,10,27,14,0.14285714285714285,0.1795654296875,0.2823599318344894
F07140,THBS1,False,False,False,0,0,0,42,0,0.0,,
F07141,THBS2,False,False,False,0,0,14,28,14,0.3333333333333333,0.0001220703125,0.0006813950323916738
F07142,THBS4,False,False,False,1,9,0,32,9,-0.21428571428571427,0.00390625,0.01172410347190498
F07143,THEM5,False,False,False,11,9,11,11,20,0.047619047619047616,0.8238029479980469,0.958962680430044
F07144,THEM6,False,False,False,0,0,2,40,2,0.047619047619047616,0.5,0.6282271944922547
F07145,THEMIS2,False,False,False,0,0,20,22,20,0.47619047619047616,1.9073486328125e-06,2.7785544384873893e-05
F07146,THG1L,False,False,False,9,3,24,6,27,0.5,4.9233436584472656e-05,0.0003504481889057263
F07147,THNSL1,False,False,False,26,7,6,3,13,-0.023809523809523808,1.0,1.0
F07148,THOC1,False,False,False,1,1,27,13,28,0.6190476190476191,2.1606683731079102e-07,6.4820051193237305e-06
F07149,THOC2,False,False,False,0,0,7,35,7,0.16666666666666666,0.015625,0.03678117162307417
F07150,THOC3,False,False,False,1,3,16,22,19,0.30952380952380953,0.004425048828125,0.012728796322583735
F07151,THOC5,False,False,False,11,1,24,6,25,0.5476190476190477,1.5497207641601562e-06,2.4955062305226046e-05
F07152,THOC6,False,False,False,0,0,12,30,12,0.2857142857142857,0.00048828125,0.002121698288690476
F07153,THOC7,False,False,False,3,5,20,14,25,0.35714285714285715,0.004077315330505371,0.012181883456762296
F07154,THOP1,False,False,False,0,0,4,38,4,0.09523809523809523,0.125,0.2027277215502345
F07155,THRAP3,False,False,False,0,0,1,41,1,0.023809523809523808,1.0,1.0
F07156,THSD4,False,False,False,3,6,13,20,19,0.16666666666666666,0.1670684814453125,0.2655794636089289
F07157,THSD7B,False,False,False,41,0,0,1,0,0.0,,
F07158,THTPA,False,False,False,12,14,10,6,24,-0.09523809523809523,0.5412561893463135,0.6736224974436976
F07159,THUMPD1,False,False,False,0,0,3,39,3,0.07142857142857142,0.25,0.3572982379812921
F07160,THUMPD3,False,False,False,3,1,19,19,20,0.42857142857142855,4.00543212890625e-05,0.0002895015301090656
F07161,THY1,False,False,False,0,0,3,39,3,0.07142857142857142,0.25,0.3572982379812921
F07162,THYN1,False,False,False,0,2,2,38,4,0.0,1.0,1.0
F07163,TIA1,False,False,False,0,0,6,36,6,0.14285714285714285,0.03125,0.06532373528475978
F07164,TIAL1,False,False,False,0,0,5,37,5,0.11904761904761904,0.0625,0.11622558731955845
F07165,TICAM2,False,False,False,37,3,1,1,4,-0.047619047619047616,0.625,0.7584503140007388
F07166,TIGAR,False,False,False,0,0,4,38,4,0.09523809523809523,0.125,0.2027277215502345
F07167,TIMELESS,False,False,False,26,9,4,3,13,-0.11904761904761904,0.266845703125,0.37808416422929697
F07168,TIMM10,False,False,False,9,4,15,14,19,0.2619047619047619,0.0192108154296875,0.044614725123028234
F07169,TIMM10B,False,False,False,6,5,13,18,18,0.19047619047619047,0.09625244140625,0.16967495037270258
F07170,TIMM13,False,False,False,0,0,0,42,0,0.0,,
F07171,TIMM17B,False,False,False,1,5,18,18,23,0.30952380952380953,0.010622024536132812,0.027605498893351496
F07172,TIMM21,False,False,False,9,10,10,13,20,0.0,1.0,1.0
F07173,TIMM22,False,False,False,6,2,21,13,23,0.4523809523809524,6.604194641113281e-05,0.00042917466658866723
F07174,TIMM23,False,False,False,9,5,15,13,20,0.23809523809523808,0.04138946533203125,0.08245263409079603
F07175,TIMM29,False,False,False,40,0,1,1,1,0.023809523809523808,1.0,1.0
F07176,TIMM44,False,False,False,0,0,1,41,1,0.023809523809523808,1.0,1.0
F07177,TIMM50,False,False,False,0,0,0,42,0,0.0,,
F07178,TIMM8A,False,False,False,0,0,1,41,1,0.023809523809523808,1.0,1.0
F07179,TIMM8B,False,False,False,0,5,13,24,18,0.19047619047619047,0.09625244140625,0.16967495037270258
F07180,TIMM9,False,False,False,0,1,2,39,3,0.023809523809523808,1.0,1.0
F07181,TIMMDC1,False,False,False,0,1,10,31,11,0.21428571428571427,0.01171875,0.02986508436772692
F07182,TIMP1,False,False,False,2,1,19,20,20,0.42857142857142855,4.00543212890625e-05,0.0002895015301090656
F07183,TIMP2,False,False,False,2,3,18,19,21,0.35714285714285715,0.0014896392822265625,0.005365641493546336
F07184,TIMP3,False,False,False,1,8,5,28,13,-0.07142857142857142,0.5810546875,0.7167723050835524
F07185,TINAGL1,False,False,False,0,0,1,41,1,0.023809523809523808,1.0,1.0
F07186,TIPRL,False,False,False,0,0,3,39,3,0.07142857142857142,0.25,0.3572982379812921
F07187,TJAP1,False,False,False,17,1,24,0,25,0.5476190476190477,1.5497207641601562e-06,2.4955062305226046e-05
F07188,TJP1,False,False,False,0,0,0,42,0,0.0,,
F07189,TJP2,False,False,False,0,1,2,39,3,0.023809523809523808,1.0,1.0
F07190,TJP3,False,False,False,18,16,3,5,19,-0.30952380952380953,0.004425048828125,0.012728796322583735
F07191,TK1,False,False,False,7,3,26,6,29,0.5476190476190477,1.5236437320709229e-05,0.0001392364501953125
F07192,TK2,False,False,False,3,6,16,17,22,0.23809523809523808,0.052478790283203125,0.10329108812481862
F07193,TKFC,False,False,False,0,0,0,42,0,0.0,,
F07194,TKT,False,False,False,0,0,0,42,0,0.0,,
F07195,TKTL2,False,False,False,24,7,9,2,16,0.047619047619047616,0.803619384765625,0.9394625192010955
F07196,TLCD1,False,False,False,27,1,11,3,12,0.23809523809523808,0.00634765625,0.017898756035407724
F07197,TLE1,False,False,False,26,4,10,2,14,0.14285714285714285,0.1795654296875,0.2823599318344894
F07198,TLE2,False,False,False,25,6,8,3,14,0.047619047619047616,0.79052734375,0.9276236200102697
F07199,TLE3,False,False,False,0,1,11,30,12,0.23809523809523808,0.00634765625,0.017898756035407724
F07200,TLE5,False,False,False,20,8,12,2,20,0.09523809523809523,0.5034446716308594,0.6302651472207976
F07201,TLK1,False,False,False,41,0,0,1,0,0.0,,
F07202,TLK2,False,False,False,41,0,0,1,0,0.0,,
F07203,TLL1,False,False,False,38,1,3,0,4,0.047619047619047616,0.625,0.7584503140007388
F07204,TLN1,False,False,False,0,0,0,42,0,0.0,,
F07205,TLN2,False,False,False,0,0,0,42,0,0.0,,
F07206,TLR2,False,False,False,1,1,26,14,27,0.5952380952380952,4.172325134277344e-07,1.0305329373008326e-05
F07207,TM2D3,False,False,False,12,6,18,6,24,0.2857142857142857,0.022655844688415527,0.0506978540881778
F07208,TM7SF2,False,False,False,0,12,2,28,14,-0.23809523809523808,0.012939453125,0.03188754952409977
F07209,TM9SF1,False,False,False,0,0,13,29,13,0.30952380952380953,0.000244140625,0.0012069254373589164
F07210,TM9SF2,False,False,False,0,0,3,39,3,0.07142857142857142,0.25,0.3572982379812921
F07211,TM9SF3,False,False,False,0,0,2,40,2,0.047619047619047616,0.5,0.6282271944922547
F07212,TM9SF4,False,False,False,0,0,6,36,6,0.14285714285714285,0.03125,0.06532373528475978
F07213,TMA16,False,False,False,1,1,22,18,23,0.5,5.7220458984375e-06,6.318292697938551e-05
F07214,TMBIM1,False,False,False,0,0,8,34,8,0.19047619047619047,0.0078125,0.020482092976855548
F07215,TMBIM6,False,False,False,0,0,21,21,21,0.5,9.5367431640625e-07,1.6797963160292393e-05
F07216,TMC4,False,False,False,40,2,0,0,2,-0.047619047619047616,0.5,0.6282271944922547
F07217,TMCC2,False,False,False,33,6,2,1,8,-0.09523809523809523,0.2890625,0.40597277148354
F07218,TMCC3,False,False,False,15,1,24,2,25,0.5476190476190477,1.5497207641601562e-06,2.4955062305226046e-05
F07219,TMCO1,False,False,False,0,0,2,40,2,0.047619047619047616,0.5,0.6282271944922547
F07220,TMED1,False,False,False,2,4,5,31,9,0.023809523809523808,1.0,1.0
F07221,TMED10,False,False,False,0,0,0,42,0,0.0,,
F07222,TMED2,False,False,False,0,0,3,39,3,0.07142857142857142,0.25,0.3572982379812921
F07223,TMED3,False,False,False,0,0,7,35,7,0.16666666666666666,0.015625,0.03678117162307417
F07224,TMED4,False,False,False,0,0,0,42,0,0.0,,
F07225,TMED5,False,False,False,0,0,3,39,3,0.07142857142857142,0.25,0.3572982379812921
F07226,TMED7,False,False,False,0,0,0,42,0,0.0,,
F07227,TMED9,False,False,False,0,0,0,42,0,0.0,,
F07228,TMEM106B,False,False,False,0,0,18,24,18,0.42857142857142855,7.62939453125e-06,7.981707336037023e-05
F07229,TMEM109,False,False,False,0,0,0,42,0,0.0,,
F07230,TMEM11,False,False,False,0,2,3,37,5,0.023809523809523808,1.0,1.0
F07231,TMEM119,False,False,False,11,13,7,11,20,-0.14285714285714285,0.26317596435546875,0.3745810411211936
F07232,TMEM120A,False,False,False,1,4,11,26,15,0.16666666666666666,0.11846923828125,0.2027277215502345
F07233,TMEM123,False,False,False,0,0,15,27,15,0.35714285714285715,6.103515625e-05,0.0004117053147458932
F07234,TMEM126A,False,False,False,0,0,3,39,3,0.07142857142857142,0.25,0.3572982379812921
F07235,TMEM128,False,False,False,3,3,14,22,17,0.2619047619047619,0.012725830078125,0.03188754952409977
F07236,TMEM132A,False,False,False,29,2,11,0,13,0.21428571428571427,0.0224609375,0.050450721153846155
F07237,TMEM143,False,False,False,17,18,3,4,21,-0.35714285714285715,0.0014896392822265625,0.005365641493546336
F07238,TMEM14C,False,False,False,4,2,13,23,15,0.2619047619047619,0.00738525390625,0.0203017230811977
F07239,TMEM154,False,False,False,15,8,12,7,20,0.09523809523809523,0.5034446716308594,0.6302651472207976
F07240,TMEM161A,False,False,False,5,3,18,16,21,0.35714285714285715,0.0014896392822265625,0.005365641493546336
F07241,TMEM164,False,False,False,36,2,2,2,4,0.0,1.0,1.0
F07242,TMEM165,False,False,False,0,0,5,37,5,0.11904761904761904,0.0625,0.11622558731955845
F07243,TMEM167A,False,False,False,0,0,4,38,4,0.09523809523809523,0.125,0.2027277215502345
F07244,TMEM168,False,False,False,12,8,9,13,17,0.023809523809523808,1.0,1.0
F07245,TMEM169,False,False,False,36,5,1,0,6,-0.09523809523809523,0.21875,0.3337639340455179
F07246,TMEM179B,False,False,False,10,5,21,6,26,0.38095238095238093,0.002493917942047119,0.008159880915960942
F07247,TMEM182,False,False,False,36,5,1,0,6,-0.09523809523809523,0.21875,0.3337639340455179
F07248,TMEM192,False,False,False,34,1,5,2,6,0.09523809523809523,0.21875,0.3337639340455179
F07249,TMEM198,False,False,False,1,4,1,36,5,-0.07142857142857142,0.375,0.510833506116525
F07250,TMEM199,False,False,False,4,1,24,13,25,0.5476190476190477,1.5497207641601562e-06,2.4955062305226046e-05
F07251,TMEM201,False,False,False,24,2,14,2,16,0.2857142857142857,0.004180908203125,0.012350974323080598
F07252,TMEM205,False,False,False,0,1,2,39,3,0.023809523809523808,1.0,1.0
F07253,TMEM209,False,False,False,31,0,8,3,8,0.19047619047619047,0.0078125,0.020482092976855548
F07254,TMEM214,False,False,False,0,1,10,31,11,0.21428571428571427,0.01171875,0.02986508436772692
F07255,TMEM230,False,False,False,10,0,28,4,28,0.6666666666666666,7.450580596923828e-09,8.741127593176705e-07
F07256,TMEM236,False,False,False,23,14,3,2,17,-0.2619047619047619,0.012725830078125,0.03188754952409977
F07257,TMEM237,False,False,False,27,0,14,1,14,0.3333333333333333,0.0001220703125,0.0006813950323916738
F07258,TMEM245,False,False,False,0,1,7,34,8,0.14285714285714285,0.0703125,0.12687534331227684
F07259,TMEM256,False,False,False,0,3,4,35,7,0.023809523809523808,1.0,1.0
F07260,TMEM258,False,False,False,9,3,10,20,13,0.16666666666666666,0.09228515625,0.1641791163180341
F07261,TMEM259,False,False,False,35,1,6,0,7,0.11904761904761904,0.125,0.2027277215502345
F07262,TMEM260,False,False,False,36,3,2,1,5,-0.023809523809523808,1.0,1.0
F07263,TMEM263,False,False,False,1,1,19,21,20,0.42857142857142855,4.00543212890625e-05,0.0002895015301090656
F07264,TMEM30A,False,False,False,0,0,12,30,12,0.2857142857142857,0.00048828125,0.002121698288690476
F07265,TMEM33,False,False,False,0,0,1,41,1,0.023809523809523808,1.0,1.0
F07266,TMEM38A,False,False,False,26,8,5,3,13,-0.07142857142857142,0.5810546875,0.7167723050835524
F07267,TMEM38B,False,False,False,39,1,1,1,2,0.0,1.0,1.0
F07268,TMEM39A,False,False,False,28,5,8,1,13,0.07142857142857142,0.5810546875,0.7167723050835524
F07269,TMEM40,False,False,False,0,1,11,30,12,0.23809523809523808,0.00634765625,0.017898756035407724
F07270,TMEM41A,False,False,False,0,0,6,36,6,0.14285714285714285,0.03125,0.06532373528475978
F07271,TMEM41B,False,False,False,0,0,7,35,7,0.16666666666666666,0.015625,0.03678117162307417
F07272,TMEM43,False,False,False,0,0,0,42,0,0.0,,
F07273,TMEM45A,False,False,False,13,5,20,4,25,0.35714285714285715,0.004077315330505371,0.012181883456762296
F07274,TMEM45B,False,False,False,24,2,12,4,14,0.23809523809523808,0.012939453125,0.03188754952409977
F07275,TMEM50A,False,False,False,11,1,24,6,25,0.5476190476190477,1.5497207641601562e-06,2.4955062305226046e-05
F07276,TMEM51,False,False,False,16,1,19,6,20,0.42857142857142855,4.00543212890625e-05,0.0002895015301090656
F07277,TMEM63A,False,False,False,1,1,11,29,12,0.23809523809523808,0.00634765625,0.017898756035407724
F07278,TMEM65,False,False,False,0,4,16,22,20,0.2857142857142857,0.01181793212890625,0.029885994644693634
F07279,TMEM70,False,False,False,1,2,15,24,17,0.30952380952380953,0.002349853515625,0.007711557241586538
F07280,TMEM79,False,False,False,5,4,11,22,15,0.16666666666666666,0.11846923828125,0.2027277215502345
F07281,TMEM87A,False,False,False,1,1,25,15,26,0.5714285714285714,8.046627044677734e-07,1.6117786488881927e-05
F07282,TMEM87B,False,False,False,0,3,17,22,20,0.3333333333333333,0.0025768280029296875,0.008286544849778888
F07283,TMEM97,False,False,False,5,2,18,17,20,0.38095238095238093,0.0004024505615234375,0.0018425785290654944
F07284,TMF1,False,False,False,2,1,21,18,22,0.47619047619047616,1.0967254638671875e-05,0.00010627560910925401
F07285,TMLHE,False,False,False,8,15,8,11,23,-0.16666666666666666,0.21003961563110352,0.3264237081618364
F07286,TMOD1,False,False,False,0,3,1,38,4,-0.047619047619047616,0.625,0.7584503140007388
F07287,TMOD2,False,False,False,19,15,5,3,20,-0.23809523809523808,0.04138946533203125,0.08245263409079603
F07288,TMOD3,False,False,False,0,0,2,40,2,0.047619047619047616,0.5,0.6282271944922547
F07289,TMOD4,False,False,False,7,9,7,19,16,-0.047619047619047616,0.803619384765625,0.9394625192010955
F07290,TMPO,True,False,False,0,0,0,42,0,0.0,,
F07291,TMPO,True,False,False,2,2,17,21,19,0.35714285714285715,0.000728607177734375,0.0029843822679020224
F07292,TMPPE,False,False,False,33,3,5,1,8,0.047619047619047616,0.7265625,0.8618009794186676
F07293,TMPRSS11A,False,False,False,9,24,4,5,28,-0.47619047619047616,0.00017999112606048584,0.0009606350107371177
F07294,TMPRSS11B,False,False,False,8,28,3,3,31,-0.5952380952380952,4.649162292480469e-06,5.6669751876802744e-05
F07295,TMPRSS11D,False,False,False,2,9,8,23,17,-0.023809523809523808,1.0,1.0
F07296,TMPRSS11E,False,False,False,4,8,5,25,13,-0.07142857142857142,0.5810546875,0.7167723050835524
F07297,TMSB10,False,False,False,0,0,2,40,2,0.047619047619047616,0.5,0.6282271944922547
F07298,TMSB4X,False,False,False,0,0,0,42,0,0.0,,
F07299,TMT1A,False,False,False,0,0,0,42,0,0.0,,
F07300,TMTC3,False,False,False,0,0,11,31,11,0.2619047619047619,0.0009765625,0.0036371970663265306
F07301,TMX1,False,False,False,0,0,0,42,0,0.0,,
F07302,TMX2,False,False,False,0,0,3,39,3,0.07142857142857142,0.25,0.3572982379812921
F07303,TMX3,False,False,False,0,0,0,42,0,0.0,,
F07304,TMX4,False,False,False,0,0,1,41,1,0.023809523809523808,1.0,1.0
F07305,TNC,False,False,False,0,0,0,42,0,0.0,,
F07306,TNFAIP2,False,False,False,0,0,0,42,0,0.0,,
F07307,TNFAIP8,False,False,False,3,3,18,18,21,0.35714285714285715,0.0014896392822265625,0.005365641493546336
F07308,TNFRSF10B,False,False,False,27,2,13,0,15,0.2619047619047619,0.00738525390625,0.0203017230811977
F07309,TNFRSF10C,False,False,False,33,0,9,0,9,0.21428571428571427,0.00390625,0.01172410347190498
F07310,TNFRSF18,False,False,False,39,0,2,1,2,0.047619047619047616,0.5,0.6282271944922547
F07311,TNFRSF6B,False,False,False,20,2,20,0,22,0.42857142857142855,0.00012111663818359375,0.0006813950323916738
F07312,TNFSF10,False,False,False,0,5,8,29,13,0.07142857142857142,0.5810546875,0.7167723050835524
F07313,TNIP1,False,False,False,3,1,31,7,32,0.7142857142857143,1.5366822481155396e-08,1.2943592782203968e-06
F07314,TNIP2,False,False,False,35,2,5,0,7,0.07142857142857142,0.453125,0.6055675870964624
F07315,TNK1,False,False,False,12,1,25,4,26,0.5714285714285714,8.046627044677734e-07,1.6117786488881927e-05
F07316,TNKS1BP1,False,False,False,0,0,0,42,0,0.0,,
F07317,TNKS2,False,False,False,36,1,5,0,6,0.09523809523809523,0.21875,0.3337639340455179
F07318,TNMD,False,False,False,40,2,0,0,2,-0.047619047619047616,0.5,0.6282271944922547
F07319,TNN,False,False,False,3,12,18,9,30,0.14285714285714285,0.361594608053565,0.4994064693949805
F07320,TNNC1,False,False,False,3,12,2,25,14,-0.23809523809523808,0.012939453125,0.03188754952409977
F07321,TNNC2,False,False,False,0,4,2,36,6,-0.047619047619047616,0.6875,0.8218477074235808
F07322,TNNI1,False,False,False,1,2,0,39,2,-0.047619047619047616,0.5,0.6282271944922547
F07323,TNNI2,False,False,False,12,12,3,15,15,-0.21428571428571427,0.03515625,0.07256568096135721
F07324,TNNT1,False,False,False,0,12,4,26,16,-0.19047619047619047,0.076812744140625,0.13784750860527348
F07325,TNNT2,False,False,False,27,2,12,1,14,0.23809523809523808,0.012939453125,0.03188754952409977
F07326,TNNT3,False,False,False,0,7,3,32,10,-0.09523809523809523,0.34375,0.47586125158027814
F07327,TNPO1,False,False,False,0,0,0,42,0,0.0,,
F07328,TNPO2,False,False,False,0,0,13,29,13,0.30952380952380953,0.000244140625,0.0012069254373589164
F07329,TNPO3,False,False,False,0,0,7,35,7,0.16666666666666666,0.015625,0.03678117162307417
F07330,TNR,False,False,False,23,9,8,2,17,-0.023809523809523808,1.0,1.0
F07331,TNRC6A,False,False,False,20,1,20,1,21,0.4523809523809524,2.09808349609375e-05,0.0001751513160017273
F07332,TNS1,False,False,False,0,0,0,42,0,0.0,,
F07333,TNS2,False,False,False,2,11,2,27,13,-0.21428571428571427,0.0224609375,0.050450721153846155
F07334,TNS3,False,False,False,6,2,17,17,19,0.35714285714285715,0.000728607177734375,0.0029843822679020224
F07335,TNS4,False,False,False,2,1,21,18,22,0.47619047619047616,1.0967254638671875e-05,0.00010627560910925401
F07336,TNXB,False,False,False,0,4,0,38,4,-0.09523809523809523,0.125,0.2027277215502345
F07337,TOE1,False,False,False,27,0,13,2,13,0.30952380952380953,0.000244140625,0.0012069254373589164
F07338,TOGARAM1,False,False,False,1,1,11,29,12,0.23809523809523808,0.00634765625,0.017898756035407724
F07339,TOLLIP,False,False,False,0,0,0,42,0,0.0,,
F07340,TOM1,False,False,False,0,0,0,42,0,0.0,,
F07341,TOM1L1,False,False,False,16,7,14,5,21,0.16666666666666666,0.18924713134765625,0.2959661159138542
F07342,TOM1L2,False,False,False,0,0,1,41,1,0.023809523809523808,1.0,1.0
F07343,TOMM20,False,False,False,5,3,19,15,22,0.38095238095238093,0.0008554458618164062,0.0034628954480183543
F07344,TOMM22,False,False,False,0,0,1,41,1,0.023809523809523808,1.0,1.0
F07345,TOMM34,False,False,False,0,0,10,32,10,0.23809523809523808,0.001953125,0.006523655948144382
F07346,TOMM40,False,False,False,0,0,6,36,6,0.14285714285714285,0.03125,0.06532373528475978
F07347,TOMM5,False,False,False,0,1,12,29,13,0.2619047619047619,0.00341796875,0.010703553235224024
F07348,TOMM6,False,False,False,0,0,0,42,0,0.0,,
F07349,TOMM7,False,False,False,5,4,22,11,26,0.42857142857142855,0.0005335211753845215,0.0022326331989021056
F07350,TOMM70,False,False,False,0,0,1,41,1,0.023809523809523808,1.0,1.0
F07351,TONSL,False,False,False,36,1,4,1,5,0.07142857142857142,0.375,0.510833506116525
F07352,TOP1,False,False,False,0,0,5,37,5,0.11904761904761904,0.0625,0.11622558731955845
F07353,TOP2A,False,False,False,0,1,11,30,12,0.23809523809523808,0.00634765625,0.017898756035407724
F07354,TOP2B,False,False,False,0,1,3,38,4,0.047619047619047616,0.625,0.7584503140007388
F07355,TOPAZ1,False,False,False,28,3,10,1,13,0.16666666666666666,0.09228515625,0.1641791163180341
F07356,TOPORS,False,False,False,34,2,5,1,7,0.07142857142857142,0.453125,0.6055675870964624
F07357,TOR1A,False,False,False,1,1,30,10,31,0.6904761904761905,2.9802322387695312e-08,1.6049283449767065e-06
F07358,TOR1AIP1,False,False,False,0,0,0,42,0,0.0,,
F07359,TOR1AIP2,False,False,False,0,0,26,16,26,0.6190476190476191,2.9802322387695312e-08,1.6049283449767065e-06
F07360,TOR1B,False,False,False,1,0,28,13,28,0.6666666666666666,7.450580596923828e-09,8.741127593176705e-07
F07361,TOR2A,False,False,False,3,4,17,18,21,0.30952380952380953,0.007197380065917969,0.019985962397751925
F07362,TOR4A,False,False,False,0,1,10,31,11,0.21428571428571427,0.01171875,0.02986508436772692
F07363,TOX4,False,False,False,1,2,26,13,28,0.5714285714285714,3.032386302947998e-06,3.9451045565085836e-05
F07364,TP53BP1,False,False,False,0,0,12,30,12,0.2857142857142857,0.00048828125,0.002121698288690476
F07365,TP53BP2,False,False,False,9,0,26,7,26,0.6190476190476191,2.9802322387695312e-08,1.6049283449767065e-06
F07366,TP53I11,False,False,False,10,2,21,9,23,0.4523809523809524,6.604194641113281e-05,0.00042917466658866723
F07367,TP53I3,False,False,False,0,0,8,34,8,0.19047619047619047,0.0078125,0.020482092976855548
F07368,TP53RK,False,False,False,2,1,16,23,17,0.35714285714285715,0.000274658203125,0.0013119248560594895
F07369,TP63,False,False,False,1,0,20,21,20,0.47619047619047616,1.9073486328125e-06,2.7785544384873893e-05
F07370,TP73,False,False,False,37,1,4,0,5,0.07142857142857142,0.375,0.510833506116525
F07371,TPBG,False,False,False,0,0,9,33,9,0.21428571428571427,0.00390625,0.01172410347190498
F07372,TPD52,False,False,False,0,0,1,41,1,0.023809523809523808,1.0,1.0
F07373,TPD52L1,False,False,False,0,4,2,36,6,-0.047619047619047616,0.6875,0.8218477074235808
F07374,TPD52L2,False,False,False,0,0,0,42,0,0.0,,
F07375,TPI1,False,False,False,0,0,0,42,0,0.0,,
F07376,TPM1,False,False,False,0,0,0,42,0,0.0,,
F07377,TPM2,False,False,False,0,0,0,42,0,0.0,,
F07378,TPM3,False,False,False,0,0,0,42,0,0.0,,
F07379,TPM4,False,False,False,0,0,0,42,0,0.0,,
F07380,TPMT,False,False,False,1,1,14,26,15,0.30952380952380953,0.0009765625,0.0036371970663265306
F07381,TPP1,False,False,False,0,0,0,42,0,0.0,,
F07382,TPP2,False,False,False,0,0,0,42,0,0.0,,
F07383,TPPP,False,False,False,1,11,0,30,11,-0.2619047619047619,0.0009765625,0.0036371970663265306
F07384,TPPP3,False,False,False,0,0,0,42,0,0.0,,
F07385,TPR,False,False,False,0,0,0,42,0,0.0,,
F07386,TPRG1,False,False,False,15,12,8,7,20,-0.09523809523809523,0.5034446716308594,0.6302651472207976
F07387,TPRG1L,False,False,False,7,1,28,6,29,0.6428571428571429,1.1175870895385742e-07,3.896542449495685e-06
F07388,TPRKB,False,False,False,2,3,17,20,20,0.3333333333333333,0.0025768280029296875,0.008286544849778888
F07389,TPSB2;TPSAB1,False,True,True,42,0,0,0,0,0.0,,
F07390,TPSD1,False,False,False,17,9,14,2,23,0.11904761904761904,0.4048728942871094,0.5474408140494564
F07391,TPT1,False,False,False,0,0,0,42,0,0.0,,
F07392,TPX2,False,False,False,14,0,20,8,20,0.47619047619047616,1.9073486328125e-06,2.7785544384873893e-05
F07393,TRA2A,False,False,False,0,0,2,40,2,0.047619047619047616,0.5,0.6282271944922547
F07394,TRA2B,False,False,False,0,0,0,42,0,0.0,,
F07395,TRABD,False,False,False,1,2,17,22,19,0.35714285714285715,0.000728607177734375,0.0029843822679020224
F07396,TRADD,False,False,False,0,0,0,42,0,0.0,,
F07397,TRAF2,False,False,False,4,3,18,17,21,0.35714285714285715,0.0014896392822265625,0.005365641493546336
F07398,TRAF3IP2,False,False,False,19,4,19,0,23,0.35714285714285715,0.002599477767944336,0.008286544849778888
F07399,TRAF3IP3,False,False,False,32,1,9,0,10,0.19047619047619047,0.021484375,0.0488923947869761
F07400,TRAF6,False,False,False,16,8,14,4,22,0.14285714285714285,0.28627872467041016,0.4047452595404766
F07401,TRAFD1,False,False,False,3,1,21,17,22,0.47619047619047616,1.0967254638671875e-05,0.00010627560910925401
F07402,TRAM1,False,False,False,0,0,20,22,20,0.47619047619047616,1.9073486328125e-06,2.7785544384873893e-05
F07403,TRAP1,False,False,False,0,0,0,42,0,0.0,,
F07404,TRAPPC1,False,False,False,2,0,23,17,23,0.5476190476190477,2.384185791015625e-07,6.66557474339262e-06
F07405,TRAPPC10,False,False,False,37,1,3,1,4,0.047619047619047616,0.625,0.7584503140007388
F07406,TRAPPC11,False,False,False,29,5,6,2,11,0.023809523809523808,1.0,1.0
F07407,TRAPPC13,False,False,False,38,2,2,0,4,0.0,1.0,1.0
F07408,TRAPPC2L,False,False,False,1,2,18,21,20,0.38095238095238093,0.0004024505615234375,0.0018425785290654944
F07409,TRAPPC3,False,False,False,2,1,21,18,22,0.47619047619047616,1.0967254638671875e-05,0.00010627560910925401
F07410,TRAPPC4,False,False,False,0,1,8,33,9,0.16666666666666666,0.0390625,0.07848337155963303
F07411,TRAPPC5,False,False,False,0,0,7,35,7,0.16666666666666666,0.015625,0.03678117162307417
F07412,TRAPPC6B,False,False,False,0,0,24,18,24,0.5714285714285714,1.1920928955078125e-07,3.896542449495685e-06
F07413,TRAPPC8,False,False,False,1,0,14,27,14,0.3333333333333333,0.0001220703125,0.0006813950323916738
F07414,TRB,False,False,False,39,1,2,0,3,0.023809523809523808,1.0,1.0
F07415,TRDN,False,False,False,13,19,4,6,23,-0.35714285714285715,0.002599477767944336,0.008286544849778888
F07416,TRERF1,False,False,False,26,7,8,1,15,0.023809523809523808,1.0,1.0
F07417,TREX1,False,False,False,38,4,0,0,4,-0.09523809523809523,0.125,0.2027277215502345
F07418,TREX2,False,False,False,12,4,22,4,26,0.42857142857142855,0.0005335211753845215,0.0022326331989021056
F07419,TRHDE,False,False,False,36,2,4,0,6,0.047619047619047616,0.6875,0.8218477074235808
F07420,TRIM14,False,False,False,25,3,14,0,17,0.2619047619047619,0.012725830078125,0.03188754952409977
F07421,TRIM16,False,False,False,0,1,8,33,9,0.16666666666666666,0.0390625,0.07848337155963303
F07422,TRIM2,False,False,False,36,5,1,0,6,-0.09523809523809523,0.21875,0.3337639340455179
F07423,TRIM21,False,False,False,0,0,6,36,6,0.14285714285714285,0.03125,0.06532373528475978
F07424,TRIM22,False,False,False,0,0,10,32,10,0.23809523809523808,0.001953125,0.006523655948144382
F07425,TRIM23,False,False,False,27,2,11,2,13,0.21428571428571427,0.0224609375,0.050450721153846155
F07426,TRIM24,False,False,False,41,0,0,1,0,0.0,,
F07427,TRIM25,False,False,False,0,0,0,42,0,0.0,,
F07428,TRIM26,False,False,False,1,1,14,26,15,0.30952380952380953,0.0009765625,0.0036371970663265306
F07429,TRIM28,False,False,False,0,0,0,42,0,0.0,,
F07430,TRIM29,False,False,False,0,1,5,36,6,0.09523809523809523,0.21875,0.3337639340455179
F07431,TRIM3,False,False,False,38,3,1,0,4,-0.047619047619047616,0.625,0.7584503140007388
F07432,TRIM32,False,False,False,14,3,18,7,21,0.35714285714285715,0.0014896392822265625,0.005365641493546336
F07433,TRIM33,False,False,False,8,5,23,6,28,0.42857142857142855,0.0009122341871261597,0.0036371970663265306
F07434,TRIM38,False,False,False,3,2,30,7,32,0.6666666666666666,2.4633482098579407e-07,6.6876850160192855e-06
F07435,TRIM41,False,False,False,39,1,1,1,2,0.0,1.0,1.0
F07436,TRIM47,False,False,False,0,1,8,33,9,0.16666666666666666,0.0390625,0.07848337155963303
F07437,TRIM5,False,False,False,3,2,29,8,31,0.6428571428571429,4.628673195838928e-07,1.0408040296991798e-05
F07438,TRIM54,False,False,False,22,13,6,1,19,-0.16666666666666666,0.1670684814453125,0.2655794636089289
F07439,TRIM56,False,False,False,0,0,22,20,22,0.5238095238095238,4.76837158203125e-07,1.0408040296991798e-05
F07440,TRIM60,False,False,False,14,2,25,1,27,0.5476190476190477,5.647540092468262e-06,6.318292697938551e-05
F07441,TRIM65,False,False,False,11,3,21,7,24,0.42857142857142855,0.0002771615982055664,0.0013119248560594895
F07442,TRIM72,False,False,False,3,8,9,22,17,0.023809523809523808,1.0,1.0
F07443,TRIO,False,False,False,0,1,24,17,25,0.5476190476190477,1.5497207641601562e-06,2.4955062305226046e-05
F07444,TRIOBP,False,False,False,0,1,1,40,2,0.0,1.0,1.0
F07445,TRIP10,False,False,False,0,0,1,41,1,0.023809523809523808,1.0,1.0
F07446,TRIP11,False,False,False,0,0,9,33,9,0.21428571428571427,0.00390625,0.01172410347190498
F07447,TRIP12,False,False,False,0,0,4,38,4,0.09523809523809523,0.125,0.2027277215502345
F07448,TRIP13,False,False,False,2,1,31,8,32,0.7142857142857143,1.5366822481155396e-08,1.2943592782203968e-06
F07449,TRIP4,False,False,False,2,0,21,19,21,0.5,9.5367431640625e-07,1.6797963160292393e-05
F07450,TRIP6,False,False,False,1,0,9,32,9,0.21428571428571427,0.00390625,0.01172410347190498
F07451,TRIR,False,False,False,0,2,14,26,16,0.2857142857142857,0.004180908203125,0.012350974323080598
F07452,TRMT1,False,False,False,1,0,27,14,27,0.6428571428571429,1.4901161193847656e-08,1.2943592782203968e-06
F07453,TRMT10A,False,False,False,30,2,9,1,11,0.16666666666666666,0.0654296875,0.11997573175411666
F07454,TRMT10C,False,False,False,0,0,9,33,9,0.21428571428571427,0.00390625,0.01172410347190498
F07455,TRMT11,False,False,False,3,6,9,24,15,0.07142857142857142,0.60723876953125,0.7455725501439567
F07456,TRMT112,False,False,False,0,0,2,40,2,0.047619047619047616,0.5,0.6282271944922547
F07457,TRMT1L,False,False,False,14,1,26,1,27,0.5952380952380952,4.172325134277344e-07,1.0305329373008326e-05
F07458,TRMT2A,False,False,False,4,2,26,10,28,0.5714285714285714,3.032386302947998e-06,3.9451045565085836e-05
F07459,TRMT5,False,False,False,11,2,24,5,26,0.5238095238095238,1.049041748046875e-05,0.00010522449289569418
F07460,TRMT6,False,False,False,3,0,22,17,22,0.5238095238095238,4.76837158203125e-07,1.0408040296991798e-05
F07461,TRMT61A,False,False,False,1,0,27,14,27,0.6428571428571429,1.4901161193847656e-08,1.2943592782203968e-06
F07462,TRMT61B,False,False,False,40,0,1,1,1,0.023809523809523808,1.0,1.0
F07463,TRMU,False,False,False,39,0,2,1,2,0.047619047619047616,0.5,0.6282271944922547
F07464,TRNT1,False,False,False,0,0,1,41,1,0.023809523809523808,1.0,1.0
F07465,TRPC4;TRPC5,False,True,True,42,0,0,0,0,0.0,,
F07466,TRPM2,False,False,False,28,4,10,0,14,0.14285714285714285,0.1795654296875,0.2823599318344894
F07467,TRPM4,False,False,False,1,2,18,21,20,0.38095238095238093,0.0004024505615234375,0.0018425785290654944
F07468,TRPS1,False,False,False,18,7,12,5,19,0.11904761904761904,0.359283447265625,0.4963188075136998
F07469,TRPV2,False,False,False,16,2,20,4,22,0.42857142857142855,0.00012111663818359375,0.0006813950323916738
F07470,TRPV4,False,False,False,40,2,0,0,2,-0.047619047619047616,0.5,0.6282271944922547
F07471,TRRAP,False,False,False,2,2,17,21,19,0.35714285714285715,0.000728607177734375,0.0029843822679020224
F07472,TRUB2,False,False,False,38,0,3,1,3,0.07142857142857142,0.25,0.3572982379812921
F07473,TSC2,False,False,False,1,3,19,19,22,0.38095238095238093,0.0008554458618164062,0.0034628954480183543
F07474,TSC22D1,False,False,False,11,3,14,14,17,0.2619047619047619,0.012725830078125,0.03188754952409977
F07475,TSC22D2,False,False,False,15,1,20,6,21,0.4523809523809524,2.09808349609375e-05,0.0001751513160017273
F07476,TSC22D4,False,False,False,0,3,13,26,16,0.23809523809523808,0.021270751953125,0.0488923947869761
F07477,TSEN15,False,False,False,19,2,18,3,20,0.38095238095238093,0.0004024505615234375,0.0018425785290654944
F07478,TSEN34,False,False,False,3,3,27,9,30,0.5714285714285714,8.430331945419312e-06,8.749965384108195e-05
F07479,TSFM,False,False,False,0,0,3,39,3,0.07142857142857142,0.25,0.3572982379812921
F07480,TSG101,False,False,False,0,0,1,41,1,0.023809523809523808,1.0,1.0
F07481,TSGA10IP,False,False,False,15,8,13,6,21,0.11904761904761904,0.38331031799316406,0.5209658231723392
F07482,TSKU,False,False,False,29,0,13,0,13,0.30952380952380953,0.000244140625,0.0012069254373589164
F07483,TSN,False,False,False,0,0,1,41,1,0.023809523809523808,1.0,1.0
F07484,TSNAX,False,False,False,0,1,13,28,14,0.2857142857142857,0.0018310546875,0.006378594537049311
F07485,TSPAN1,False,False,False,31,4,6,1,10,0.047619047619047616,0.75390625,0.8906966485344362
F07486,TSPAN13,False,False,False,14,5,12,11,17,0.16666666666666666,0.143463134765625,0.23067860876411067
F07487,TSPAN14,False,False,False,1,1,13,27,14,0.2857142857142857,0.0018310546875,0.006378594537049311
F07488,TSPAN15,False,False,False,39,0,2,1,2,0.047619047619047616,0.5,0.6282271944922547
F07489,TSPAN6,False,False,False,20,6,11,5,17,0.11904761904761904,0.332305908203125,0.4625529273081634
F07490,TSPAN8,False,False,False,24,17,1,0,18,-0.38095238095238093,0.00014495849609375,0.000789045003592326
F07491,TSPAN9,False,False,False,28,2,12,0,14,0.23809523809523808,0.012939453125,0.03188754952409977
F07492,TSPO,False,False,False,0,0,0,42,0,0.0,,
F07493,TSR1,False,False,False,0,0,16,26,16,0.38095238095238093,3.0517578125e-05,0.00023755982023844786
F07494,TSR2,False,False,False,18,6,16,2,22,0.23809523809523808,0.052478790283203125,0.10329108812481862
F07495,TSR3,False,False,False,0,1,5,36,6,0.09523809523809523,0.21875,0.3337639340455179
F07496,TSSC4,False,False,False,5,3,25,9,28,0.5238095238095238,2.744048833847046e-05,0.0002256370568006895
F07497,TSSK4,False,False,False,28,3,11,0,14,0.19047619047619047,0.057373046875,0.11175242157389564
F07498,TST,False,False,False,0,0,1,41,1,0.023809523809523808,1.0,1.0
F07499,TSTD1,False,False,False,1,0,1,40,1,0.023809523809523808,1.0,1.0
F07500,TTC1,False,False,False,0,0,6,36,6,0.14285714285714285,0.03125,0.06532373528475978
F07501,TTC21A,False,False,False,40,1,1,0,2,0.0,1.0,1.0
F07502,TTC22,False,False,False,11,10,8,13,18,-0.047619047619047616,0.8145294189453125,0.9495135348599544
F07503,TTC3,False,False,False,11,7,13,11,20,0.14285714285714285,0.26317596435546875,0.3745810411211936
F07504,TTC38,False,False,False,0,0,2,40,2,0.047619047619047616,0.5,0.6282271944922547
F07505,TTC39A,False,False,False,34,4,4,0,8,0.0,1.0,1.0
F07506,TTC39B,False,False,False,0,0,18,24,18,0.42857142857142855,7.62939453125e-06,7.981707336037023e-05
F07507,TTC39C,False,False,False,31,3,8,0,11,0.11904761904761904,0.2265625,0.3435300311562428
F07508,TTC4,False,False,False,10,1,28,3,29,0.6428571428571429,1.1175870895385742e-07,3.896542449495685e-06
F07509,TTC41P,False,False,False,19,5,15,3,20,0.23809523809523808,0.04138946533203125,0.08245263409079603
F07510,TTC9,False,False,False,9,8,11,14,19,0.07142857142857142,0.6476058959960938,0.7818395326523955
F07511,TTC9C,False,False,False,13,3,15,11,18,0.2857142857142857,0.007537841796875,0.020482092976855548
F07512,TTF2,False,False,False,17,14,8,3,22,-0.14285714285714285,0.28627872467041016,0.4047452595404766
F07513,TTI1,False,False,False,3,0,28,11,28,0.6666666666666666,7.450580596923828e-09,8.741127593176705e-07
F07514,TTI2,False,False,False,28,0,13,1,13,0.30952380952380953,0.000244140625,0.0012069254373589164
F07515,TTK,False,False,False,41,1,0,0,1,-0.023809523809523808,1.0,1.0
F07516,TTLL12,False,False,False,0,0,0,42,0,0.0,,
F07517,TTLL4,False,False,False,36,4,2,0,6,-0.047619047619047616,0.6875,0.8218477074235808
F07518,TTN,False,False,False,0,0,0,42,0,0.0,,
F07519,TTPA,False,False,False,21,5,14,2,19,0.21428571428571427,0.063568115234375,0.1175464444384587
F07520,TTPAL,False,False,False,7,2,28,5,30,0.6190476190476191,8.67992639541626e-07,1.6797963160292393e-05
F07521,TTR,False,False,False,0,0,0,42,0,0.0,,
F07522,TTYH3,False,False,False,25,1,16,0,17,0.35714285714285715,0.000274658203125,0.0013119248560594895
F07523,TUB,False,False,False,14,4,18,6,22,0.3333333333333333,0.004343509674072266,0.012688687665031029
F07524,TUBA1B,False,False,True,42,0,0,0,0,0.0,,
F07525,TUBA1C,False,False,False,0,0,2,40,2,0.047619047619047616,0.5,0.6282271944922547
F07526,TUBA3C;TUBA3D,False,True,True,42,0,0,0,0,0.0,,
F07527,TUBA4A,False,False,False,0,0,0,42,0,0.0,,
F07528,TUBA4B,False,False,False,0,0,0,42,0,0.0,,
F07529,TUBA8,False,False,False,13,13,8,8,21,-0.11904761904761904,0.38331031799316406,0.5209658231723392
F07530,TUBB,False,False,False,0,0,0,42,0,0.0,,
F07531,TUBB1,False,False,False,2,4,11,25,15,0.16666666666666666,0.11846923828125,0.2027277215502345
F07532,TUBB2A,False,False,False,0,0,0,42,0,0.0,,
F07533,TUBB2B,False,False,False,11,26,3,2,29,-0.5476190476190477,1.5236437320709229e-05,0.0001392364501953125
F07534,TUBB3,False,False,False,0,0,5,37,5,0.11904761904761904,0.0625,0.11622558731955845
F07535,TUBB4A,False,False,False,0,0,1,41,1,0.023809523809523808,1.0,1.0
F07536,TUBB4B,False,False,False,0,0,0,42,0,0.0,,
F07537,TUBB6,False,False,False,0,0,0,42,0,0.0,,
F07538,TUBB8,False,False,True,42,0,0,0,0,0.0,,
F07539,TUBG1,False,False,False,13,1,18,10,19,0.40476190476190477,7.62939453125e-05,0.0004760220519497863
F07540,TUBGCP2,False,False,False,0,0,5,37,5,0.11904761904761904,0.0625,0.11622558731955845
F07541,TUBGCP3,False,False,False,7,7,20,8,27,0.30952380952380953,0.0191572904586792,0.044614725123028234
F07542,TUBGCP5,False,False,False,34,1,6,1,7,0.11904761904761904,0.125,0.2027277215502345
F07543,TUFM,False,False,False,0,0,0,42,0,0.0,,
F07544,TUFT1,False,False,False,1,0,11,30,11,0.2619047619047619,0.0009765625,0.0036371970663265306
F07545,TULP2,False,False,False,26,6,9,1,15,0.07142857142857142,0.60723876953125,0.7455725501439567
F07546,TUT7,False,False,False,3,1,21,17,22,0.47619047619047616,1.0967254638671875e-05,0.00010627560910925401
F07547,TVP23C,False,False,False,40,0,1,1,1,0.023809523809523808,1.0,1.0
F07548,TWF1,False,False,False,0,0,6,36,6,0.14285714285714285,0.03125,0.06532373528475978
F07549,TWF2,False,False,False,0,0,0,42,0,0.0,,
F07550,TWNK,False,False,False,39,2,0,1,2,-0.047619047619047616,0.5,0.6282271944922547
F07551,TWSG1,False,False,False,21,2,15,4,17,0.30952380952380953,0.002349853515625,0.007711557241586538
F07552,TXLNA,False,False,False,0,0,8,34,8,0.19047619047619047,0.0078125,0.020482092976855548
F07553,TXLNB,False,False,False,10,17,3,12,20,-0.3333333333333333,0.0025768280029296875,0.008286544849778888
F07554,TXLNG,False,False,False,10,0,27,5,27,0.6428571428571429,1.4901161193847656e-08,1.2943592782203968e-06
F07555,TXN,False,False,False,0,0,0,42,0,0.0,,
F07556,TXN2,False,False,False,0,1,8,33,9,0.16666666666666666,0.0390625,0.07848337155963303
F07557,TXNDC12,False,False,False,0,0,0,42,0,0.0,,
F07558,TXNDC15,False,False,False,30,0,11,1,11,0.2619047619047619,0.0009765625,0.0036371970663265306
F07559,TXNDC17,False,False,False,0,0,0,42,0,0.0,,
F07560,TXNDC5,False,False,False,0,0,0,42,0,0.0,,
F07561,TXNDC8,False,False,False,33,1,7,1,8,0.14285714285714285,0.0703125,0.12687534331227684
F07562,TXNDC9,False,False,False,0,1,3,38,4,0.047619047619047616,0.625,0.7584503140007388
F07563,TXNIP,False,False,False,12,7,5,18,12,-0.047619047619047616,0.7744140625,0.9121370366842955
F07564,TXNL1,False,False,False,0,0,0,42,0,0.0,,
F07565,TXNRD1,False,False,False,0,0,6,36,6,0.14285714285714285,0.03125,0.06532373528475978
F07566,TXNRD2,False,False,False,3,2,11,26,13,0.21428571428571427,0.0224609375,0.050450721153846155
F07567,TYMP,False,False,False,0,0,0,42,0,0.0,,
F07568,TYMS,False,False,False,21,1,18,2,19,0.40476190476190477,7.62939453125e-05,0.0004760220519497863
F07569,TYROBP,False,False,False,16,3,23,0,26,0.47619047619047616,8.797645568847656e-05,0.0005361830369882106
F07570,U2AF1,False,False,False,0,0,0,42,0,0.0,,
F07571,U2AF2,False,False,False,0,0,0,42,0,0.0,,
F07572,U2SURP,False,False,False,0,0,3,39,3,0.07142857142857142,0.25,0.3572982379812921
F07573,UACA,False,False,False,0,1,2,39,3,0.023809523809523808,1.0,1.0
F07574,UAP1,False,False,False,0,0,10,32,10,0.23809523809523808,0.001953125,0.006523655948144382
F07575,UAP1L1,False,False,False,0,0,14,28,14,0.3333333333333333,0.0001220703125,0.0006813950323916738
F07576,UBA1,False,False,False,0,0,0,42,0,0.0,,
F07577,UBA2,False,False,False,0,0,2,40,2,0.047619047619047616,0.5,0.6282271944922547
F07578,UBA3,False,False,False,0,0,5,37,5,0.11904761904761904,0.0625,0.11622558731955845
F07579,UBA5,False,False,False,0,0,13,29,13,0.30952380952380953,0.000244140625,0.0012069254373589164
F07580,UBA6,False,False,False,0,0,2,40,2,0.047619047619047616,0.5,0.6282271944922547
F07581,UBA7,False,False,False,1,1,10,30,11,0.21428571428571427,0.01171875,0.02986508436772692
F07582,UBAC1,False,False,False,0,6,1,35,7,-0.11904761904761904,0.125,0.2027277215502345
F07583,UBAC2,False,False,False,0,1,19,22,20,0.42857142857142855,4.00543212890625e-05,0.0002895015301090656
F07584,UBAP1,False,False,False,3,2,24,13,26,0.5238095238095238,1.049041748046875e-05,0.00010522449289569418
F07585,UBAP2,False,False,False,1,0,7,34,7,0.16666666666666666,0.015625,0.03678117162307417
F07586,UBAP2L,False,False,False,0,0,1,41,1,0.023809523809523808,1.0,1.0
F07587,UBASH3B,False,False,False,17,1,22,2,23,0.5,5.7220458984375e-06,6.318292697938551e-05
F07588,UBE2A,False,False,False,1,2,21,18,23,0.4523809523809524,6.604194641113281e-05,0.00042917466658866723
F07589,UBE2C,False,False,False,12,1,24,5,25,0.5476190476190477,1.5497207641601562e-06,2.4955062305226046e-05
F07590,UBE2D1,False,False,False,23,6,10,3,16,0.09523809523809523,0.454498291015625,0.6055675870964624
F07591,UBE2D2,False,False,False,0,7,13,22,20,0.14285714285714285,0.26317596435546875,0.3745810411211936
F07592,UBE2E1,False,False,False,3,2,20,17,22,0.42857142857142855,0.00012111663818359375,0.0006813950323916738
F07593,UBE2E2,False,False,False,11,0,23,8,23,0.5476190476190477,2.384185791015625e-07,6.66557474339262e-06
F07594,UBE2E3,False,False,False,15,1,24,2,25,0.5476190476190477,1.5497207641601562e-06,2.4955062305226046e-05
F07595,UBE2F,False,False,False,3,5,15,19,20,0.23809523809523808,0.04138946533203125,0.08245263409079603
F07596,UBE2G1,False,False,False,0,0,3,39,3,0.07142857142857142,0.25,0.3572982379812921
F07597,UBE2G2,False,False,False,5,7,19,11,26,0.2857142857142857,0.028959274291992188,0.06432130902582443
F07598,UBE2H,False,False,False,0,1,13,28,14,0.2857142857142857,0.0018310546875,0.006378594537049311
F07599,UBE2I,False,False,False,0,0,0,42,0,0.0,,
F07600,UBE2J1,False,False,False,20,7,14,1,21,0.16666666666666666,0.18924713134765625,0.2959661159138542
F07601,UBE2K,False,False,False,0,0,5,37,5,0.11904761904761904,0.0625,0.11622558731955845
F07602,UBE2L3,False,False,False,0,0,0,42,0,0.0,,
F07603,UBE2L6,False,False,False,0,0,7,35,7,0.16666666666666666,0.015625,0.03678117162307417
F07604,UBE2M,False,False,False,0,0,2,40,2,0.047619047619047616,0.5,0.6282271944922547
F07605,UBE2N,False,False,False,0,0,0,42,0,0.0,,
F07606,UBE2O,False,False,False,0,1,1,40,2,0.0,1.0,1.0
F07607,UBE2Q2,False,False,False,3,5,10,24,15,0.11904761904761904,0.3017578125,0.4219086674026389
F07608,UBE2R2,False,False,False,1,3,14,24,17,0.2619047619047619,0.012725830078125,0.03188754952409977
F07609,UBE2S,False,False,False,28,0,12,2,12,0.2857142857142857,0.00048828125,0.002121698288690476
F07610,UBE2T,False,False,False,25,0,16,1,16,0.38095238095238093,3.0517578125e-05,0.00023755982023844786
F07611,UBE2V1,False,False,False,0,0,0,42,0,0.0,,
F07612,UBE2V2,False,False,False,0,0,0,42,0,0.0,,
F07613,UBE2Z,False,False,False,1,0,21,20,21,0.5,9.5367431640625e-07,1.6797963160292393e-05
F07614,UBE3A,False,False,False,0,0,9,33,9,0.21428571428571427,0.00390625,0.01172410347190498
F07615,UBE3C,False,False,False,0,0,5,37,5,0.11904761904761904,0.0625,0.11622558731955845
F07616,UBE4A,False,False,False,0,0,12,30,12,0.2857142857142857,0.00048828125,0.002121698288690476
F07617,UBE4B,False,False,False,0,0,6,36,6,0.14285714285714285,0.03125,0.06532373528475978
F07618,UBFD1,False,False,False,2,3,21,16,24,0.42857142857142855,0.0002771615982055664,0.0013119248560594895
F07619,UBIAD1,False,False,False,19,2,18,3,20,0.38095238095238093,0.0004024505615234375,0.0018425785290654944
F07620,UBL3,False,False,False,6,5,9,22,14,0.09523809523809523,0.4239501953125,0.5711201113805875
F07621,UBL4A,False,False,False,0,2,4,36,6,0.047619047619047616,0.6875,0.8218477074235808
F07622,UBL5,False,False,False,9,3,23,7,26,0.47619047619047616,8.797645568847656e-05,0.0005361830369882106
F07623,UBL7,False,False,False,23,3,12,4,15,0.21428571428571427,0.03515625,0.07256568096135721
F07624,UBLCP1,False,False,False,0,0,0,42,0,0.0,,
F07625,UBQLN1,False,False,False,0,0,8,34,8,0.19047619047619047,0.0078125,0.020482092976855548
F07626,UBQLN2,False,False,False,0,0,4,38,4,0.09523809523809523,0.125,0.2027277215502345
F07627,UBQLN4,False,False,False,0,0,14,28,14,0.3333333333333333,0.0001220703125,0.0006813950323916738
F07628,UBR1,False,False,False,2,2,18,20,20,0.38095238095238093,0.0004024505615234375,0.0018425785290654944
F07629,UBR2,False,False,False,32,1,8,1,9,0.16666666666666666,0.0390625,0.07848337155963303
F07630,UBR3,False,False,False,14,14,8,6,22,-0.14285714285714285,0.28627872467041016,0.4047452595404766
F07631,UBR4,False,False,False,0,0,0,42,0,0.0,,
F07632,UBR5,False,False,False,0,1,20,21,21,0.4523809523809524,2.09808349609375e-05,0.0001751513160017273
F07633,UBR7,False,False,False,8,4,21,9,25,0.40476190476190477,0.0009105205535888672,0.0036371970663265306
F07634,UBTF,False,False,False,0,0,3,39,3,0.07142857142857142,0.25,0.3572982379812921
F07635,UBXN1,False,False,False,0,0,0,42,0,0.0,,
F07636,UBXN4,False,False,False,1,2,21,18,23,0.4523809523809524,6.604194641113281e-05,0.00042917466658866723
F07637,UBXN6,False,False,False,0,0,3,39,3,0.07142857142857142,0.25,0.3572982379812921
F07638,UBXN7,False,False,False,0,0,8,34,8,0.19047619047619047,0.0078125,0.020482092976855548
F07639,UCHL1,False,False,False,0,7,1,34,8,-0.14285714285714285,0.0703125,0.12687534331227684
F07640,UCHL3,False,False,False,0,0,0,42,0,0.0,,
F07641,UCHL5,False,False,False,0,0,1,41,1,0.023809523809523808,1.0,1.0
F07642,UCK2,False,False,False,6,4,27,5,31,0.5476190476190477,3.39532271027565e-05,0.000263991363390663
F07643,UEVLD,False,False,False,14,4,21,3,25,0.40476190476190477,0.0009105205535888672,0.0036371970663265306
F07644,UFC1,False,False,False,0,0,0,42,0,0.0,,
F07645,UFD1,False,False,False,0,0,3,39,3,0.07142857142857142,0.25,0.3572982379812921
F07646,UFL1,False,False,False,0,0,0,42,0,0.0,,
F07647,UFM1,False,False,False,0,0,0,42,0,0.0,,
F07648,UFSP2,False,False,False,0,0,15,27,15,0.35714285714285715,6.103515625e-05,0.0004117053147458932
F07649,UGCG,False,False,False,20,0,19,3,19,0.4523809523809524,3.814697265625e-06,4.684590847692757e-05
F07650,UGDH,False,False,False,0,0,0,42,0,0.0,,
F07651,UGGT1,False,False,False,0,0,1,41,1,0.023809523809523808,1.0,1.0
F07652,UGGT2,False,False,False,21,1,16,4,17,0.35714285714285715,0.000274658203125,0.0013119248560594895
F07653,UGP2,False,False,False,0,0,0,42,0,0.0,,
F07654,UGT1A10,False,False,False,29,11,1,1,12,-0.23809523809523808,0.00634765625,0.017898756035407724
F07655,UGT1A6,False,False,False,35,4,3,0,7,-0.023809523809523808,1.0,1.0
F07656,UGT1A7,False,False,False,15,13,7,7,20,-0.14285714285714285,0.26317596435546875,0.3745810411211936
F07657,UGT2B4,False,False,False,16,1,20,5,21,0.4523809523809524,2.09808349609375e-05,0.0001751513160017273
F07658,UHRF1,False,False,False,17,0,22,3,22,0.5238095238095238,4.76837158203125e-07,1.0408040296991798e-05
F07659,UHRF2,False,False,False,3,2,26,11,28,0.5714285714285714,3.032386302947998e-06,3.9451045565085836e-05
F07660,UIMC1,False,False,False,28,3,9,2,12,0.14285714285714285,0.14599609375,0.23332384722391145
F07661,ULBP2,False,False,False,10,3,21,8,24,0.42857142857142855,0.0002771615982055664,0.0013119248560594895
F07662,ULK1,False,False,False,16,3,21,2,24,0.42857142857142855,0.0002771615982055664,0.0013119248560594895
F07663,ULK3,False,False,False,5,9,10,18,19,0.023809523809523808,1.0,1.0
F07664,UMAD1,False,False,False,20,4,16,2,20,0.2857142857142857,0.01181793212890625,0.029885994644693634
F07665,UMPS,False,False,False,0,0,7,35,7,0.16666666666666666,0.015625,0.03678117162307417
F07666,UNC119B,False,False,True,42,0,0,0,0,0.0,,
F07667,UNC13B,False,False,False,40,0,2,0,2,0.047619047619047616,0.5,0.6282271944922547
F07668,UNC13D,False,False,False,0,0,14,28,14,0.3333333333333333,0.0001220703125,0.0006813950323916738
F07669,UNC45A,False,False,False,0,0,3,39,3,0.07142857142857142,0.25,0.3572982379812921
F07670,UNC45B,False,False,False,7,14,8,13,22,-0.14285714285714285,0.28627872467041016,0.4047452595404766
F07671,UNC93B1,False,False,False,1,0,9,32,9,0.21428571428571427,0.00390625,0.01172410347190498
F07672,UNG,False,False,False,40,0,1,1,1,0.023809523809523808,1.0,1.0
F07673,UPF1,False,False,False,0,0,3,39,3,0.07142857142857142,0.25,0.3572982379812921
F07674,UPF2,False,False,False,0,0,7,35,7,0.16666666666666666,0.015625,0.03678117162307417
F07675,UPF3B,False,False,False,10,3,17,12,20,0.3333333333333333,0.0025768280029296875,0.008286544849778888
F07676,UPK1B,False,False,False,41,1,0,0,1,-0.023809523809523808,1.0,1.0
F07677,UPK3BL1,False,False,True,42,0,0,0,0,0.0,,
F07678,UPP1,False,False,False,0,0,22,20,22,0.5238095238095238,4.76837158203125e-07,1.0408040296991798e-05
F07679,UQCC1,False,False,False,3,7,13,19,20,0.14285714285714285,0.26317596435546875,0.3745810411211936
F07680,UQCC2,False,False,False,0,0,13,29,13,0.30952380952380953,0.000244140625,0.0012069254373589164
F07681,UQCC3,False,False,False,26,5,8,3,13,0.07142857142857142,0.5810546875,0.7167723050835524
F07682,UQCR10,False,False,False,0,0,0,42,0,0.0,,
F07683,UQCR11,False,False,False,2,3,11,26,14,0.19047619047619047,0.057373046875,0.11175242157389564
F07684,UQCRB,False,False,False,0,0,0,42,0,0.0,,
F07685,UQCRC1,False,False,False,0,0,0,42,0,0.0,,
F07686,UQCRC2,False,False,False,0,0,0,42,0,0.0,,
F07687,UQCRFS1,False,False,False,0,0,0,42,0,0.0,,
F07688,UQCRH,False,False,False,0,0,0,42,0,0.0,,
F07689,UQCRQ,False,False,False,0,0,1,41,1,0.023809523809523808,1.0,1.0
F07690,URB1,False,False,False,7,4,14,17,18,0.23809523809523808,0.0308837890625,0.06532373528475978
F07691,URB2,False,False,False,14,2,23,3,25,0.5,1.9431114196777344e-05,0.00016998990715423056
F07692,URGCP,False,False,False,32,1,9,0,10,0.19047619047619047,0.021484375,0.0488923947869761
F07693,URM1,False,False,False,2,2,24,14,26,0.5238095238095238,1.049041748046875e-05,0.00010522449289569418
F07694,UROC1,False,False,False,4,17,3,18,20,-0.3333333333333333,0.0025768280029296875,0.008286544849778888
F07695,UROD,False,False,False,0,0,6,36,6,0.14285714285714285,0.03125,0.06532373528475978
F07696,UROS,False,False,False,27,6,8,1,14,0.047619047619047616,0.79052734375,0.9276236200102697
F07697,USE1,False,False,False,1,3,8,30,11,0.11904761904761904,0.2265625,0.3435300311562428
F07698,USO1,False,False,False,0,0,0,42,0,0.0,,
F07699,USP10,False,False,False,0,0,3,39,3,0.07142857142857142,0.25,0.3572982379812921
F07700,USP11,False,False,False,13,3,16,10,19,0.30952380952380953,0.004425048828125,0.012728796322583735
F07701,USP12,False,False,True,42,0,0,0,0,0.0,,
F07702,USP14,False,False,False,0,0,0,42,0,0.0,,
F07703,USP15,False,False,False,0,0,0,42,0,0.0,,
F07704,USP19,False,False,False,4,2,18,18,20,0.38095238095238093,0.0004024505615234375,0.0018425785290654944
F07705,USP24,False,False,False,0,1,7,34,8,0.14285714285714285,0.0703125,0.12687534331227684
F07706,USP28,False,False,False,20,5,13,4,18,0.19047619047619047,0.09625244140625,0.16967495037270258
F07707,USP3,False,False,False,19,0,17,6,17,0.40476190476190477,1.52587890625e-05,0.0001392364501953125
F07708,USP32,False,False,False,13,3,20,6,23,0.40476190476190477,0.00048828125,0.002121698288690476
F07709,USP35,False,False,False,36,1,5,0,6,0.09523809523809523,0.21875,0.3337639340455179
F07710,USP36,False,False,False,17,6,14,5,20,0.19047619047619047,0.11531829833984375,0.20069966095172806
F07711,USP39,False,False,False,0,0,4,38,4,0.09523809523809523,0.125,0.2027277215502345
F07712,USP4,False,False,False,7,8,17,10,25,0.21428571428571427,0.10775214433670044,0.18964146485189443
F07713,USP40,False,False,False,40,0,2,0,2,0.047619047619047616,0.5,0.6282271944922547
F07714,USP41;USP18,False,True,True,42,0,0,0,0,0.0,,
F07715,USP47,False,False,False,0,0,2,40,2,0.047619047619047616,0.5,0.6282271944922547
F07716,USP5,False,False,False,0,0,0,42,0,0.0,,
F07717,USP7,False,False,False,0,0,0,42,0,0.0,,
F07718,USP8,False,False,False,0,0,7,35,7,0.16666666666666666,0.015625,0.03678117162307417
F07719,USP9X,False,False,False,0,0,1,41,1,0.023809523809523808,1.0,1.0
F07720,UTP11,False,False,False,35,0,6,1,6,0.14285714285714285,0.03125,0.06532373528475978
F07721,UTP14A,False,False,False,0,0,4,38,4,0.09523809523809523,0.125,0.2027277215502345
F07722,UTP15,False,False,False,1,0,22,19,22,0.5238095238095238,4.76837158203125e-07,1.0408040296991798e-05
F07723,UTP18,False,False,False,0,0,10,32,10,0.23809523809523808,0.001953125,0.006523655948144382
F07724,UTP20,False,False,False,0,0,19,23,19,0.4523809523809524,3.814697265625e-06,4.684590847692757e-05
F07725,UTP23,False,False,False,38,1,2,1,3,0.023809523809523808,1.0,1.0
F07726,UTP25,False,False,False,7,2,28,5,30,0.6190476190476191,8.67992639541626e-07,1.6797963160292393e-05
F07727,UTP3,False,False,False,0,0,7,35,7,0.16666666666666666,0.015625,0.03678117162307417
F07728,UTP4,False,False,False,3,1,27,11,28,0.6190476190476191,2.1606683731079102e-07,6.4820051193237305e-06
F07729,UTP6,False,False,False,0,3,21,18,24,0.42857142857142855,0.0002771615982055664,0.0013119248560594895
F07730,UTRN,False,False,False,0,0,0,42,0,0.0,,
F07731,UVRAG,False,False,False,34,3,5,0,8,0.047619047619047616,0.7265625,0.8618009794186676
F07732,UXS1,False,False,False,17,2,19,4,21,0.40476190476190477,0.00022125244140625,0.0011491134703866107
F07733,UXT,False,False,False,7,1,30,4,31,0.6904761904761905,2.9802322387695312e-08,1.6049283449767065e-06
F07734,VAC14,False,False,False,0,0,4,38,4,0.09523809523809523,0.125,0.2027277215502345
F07735,VAMP2,False,False,False,5,8,18,11,26,0.23809523809523808,0.07551869750022888,0.13608278732213488
F07736,VAMP3,False,False,False,0,0,0,42,0,0.0,,
F07737,VAMP4,False,False,False,28,1,13,0,14,0.2857142857142857,0.0018310546875,0.006378594537049311
F07738,VAMP5,False,False,False,28,7,7,0,14,0.0,1.0,1.0
F07739,VAMP7,False,False,False,0,0,15,27,15,0.35714285714285715,6.103515625e-05,0.0004117053147458932
F07740,VAMP8,False,False,False,0,0,6,36,6,0.14285714285714285,0.03125,0.06532373528475978
F07741,VANGL1,False,False,False,4,2,21,15,23,0.4523809523809524,6.604194641113281e-05,0.00042917466658866723
F07742,VAPA,False,False,False,0,0,0,42,0,0.0,,
F07743,VAPB,False,False,False,0,0,0,42,0,0.0,,
F07744,VARS1,False,False,False,0,0,0,42,0,0.0,,
F07745,VASN,False,False,False,19,11,4,8,15,-0.16666666666666666,0.11846923828125,0.2027277215502345
F07746,VASP,False,False,False,0,0,0,42,0,0.0,,
F07747,VAT1,False,False,False,0,0,0,42,0,0.0,,
F07748,VAT1L,False,False,False,33,5,3,1,8,-0.047619047619047616,0.7265625,0.8618009794186676
F07749,VAV1,False,False,False,3,2,21,16,23,0.4523809523809524,6.604194641113281e-05,0.00042917466658866723
F07750,VAV2,False,False,False,0,1,5,36,6,0.09523809523809523,0.21875,0.3337639340455179
F07751,VBP1,False,False,False,0,0,1,41,1,0.023809523809523808,1.0,1.0
F07752,VCAM1,False,False,False,22,8,11,1,19,0.07142857142857142,0.6476058959960938,0.7818395326523955
F07753,VCAN,False,False,False,0,1,0,41,1,-0.023809523809523808,1.0,1.0
F07754,VCL,False,False,False,0,0,0,42,0,0.0,,
F07755,VCP,False,False,False,0,0,0,42,0,0.0,,
F07756,VCPIP1,False,False,False,0,0,9,33,9,0.21428571428571427,0.00390625,0.01172410347190498
F07757,VDAC1,False,False,False,0,0,0,42,0,0.0,,
F07758,VDAC2,False,False,False,0,0,0,42,0,0.0,,
F07759,VDAC3,False,False,False,0,0,0,42,0,0.0,,
F07760,VEZF1,False,False,False,26,6,8,2,14,0.047619047619047616,0.79052734375,0.9276236200102697
F07761,VGF,False,False,False,40,2,0,0,2,-0.047619047619047616,0.5,0.6282271944922547
F07762,VIM,False,False,False,0,0,0,42,0,0.0,,
F07763,VIP,False,False,False,40,2,0,0,2,-0.047619047619047616,0.5,0.6282271944922547
F07764,VIPAS39,False,False,False,0,0,18,24,18,0.42857142857142855,7.62939453125e-06,7.981707336037023e-05
F07765,VIRMA,False,False,False,10,1,28,3,29,0.6428571428571429,1.1175870895385742e-07,3.896542449495685e-06
F07766,VIT,False,False,False,11,31,0,0,31,-0.7380952380952381,9.313225746154785e-10,3.220415429065102e-07
F07767,VKORC1,False,False,False,1,7,7,27,14,0.0,1.0,1.0
F07768,VKORC1L1,False,False,False,0,0,6,36,6,0.14285714285714285,0.03125,0.06532373528475978
F07769,VLDLR,False,False,False,36,0,5,1,5,0.11904761904761904,0.0625,0.11622558731955845
F07770,VMP1,False,False,False,2,0,26,14,26,0.6190476190476191,2.9802322387695312e-08,1.6049283449767065e-06
F07771,VN1R5,False,False,False,40,1,1,0,2,0.0,1.0,1.0
F07772,VNN1,False,False,False,12,5,20,5,25,0.35714285714285715,0.004077315330505371,0.012181883456762296
F07773,VNN2,False,False,False,14,2,19,7,21,0.40476190476190477,0.00022125244140625,0.0011491134703866107
F07774,VPS11,False,False,False,0,1,10,31,11,0.21428571428571427,0.01171875,0.02986508436772692
F07775,VPS13A,False,False,False,20,6,7,9,13,0.023809523809523808,1.0,1.0
F07776,VPS13B,False,False,False,25,8,6,3,14,-0.047619047619047616,0.79052734375,0.9276236200102697
F07777,VPS13C,False,False,False,0,0,1,41,1,0.023809523809523808,1.0,1.0
F07778,VPS13D,False,False,False,21,2,16,3,18,0.3333333333333333,0.001312255859375,0.0048191844584090275
F07779,VPS16,False,False,False,0,0,8,34,8,0.19047619047619047,0.0078125,0.020482092976855548
F07780,VPS18,False,False,False,0,0,5,37,5,0.11904761904761904,0.0625,0.11622558731955845
F07781,VPS25,False,False,False,0,0,2,40,2,0.047619047619047616,0.5,0.6282271944922547
F07782,VPS26A,False,False,False,0,0,2,40,2,0.047619047619047616,0.5,0.6282271944922547
F07783,VPS26B,False,False,False,1,0,7,34,7,0.16666666666666666,0.015625,0.03678117162307417
F07784,VPS26C,False,False,False,2,1,11,28,12,0.23809523809523808,0.00634765625,0.017898756035407724
F07785,VPS28,False,False,False,2,2,14,24,16,0.2857142857142857,0.004180908203125,0.012350974323080598
F07786,VPS29,False,False,False,0,0,1,41,1,0.023809523809523808,1.0,1.0
F07787,VPS33A,False,False,False,0,0,6,36,6,0.14285714285714285,0.03125,0.06532373528475978
F07788,VPS33B,False,False,False,0,0,6,36,6,0.14285714285714285,0.03125,0.06532373528475978
F07789,VPS35,False,False,False,0,0,0,42,0,0.0,,
F07790,VPS35L,False,False,False,1,1,4,36,5,0.07142857142857142,0.375,0.510833506116525
F07791,VPS36,False,False,False,0,0,3,39,3,0.07142857142857142,0.25,0.3572982379812921
F07792,VPS37A,False,False,False,20,3,16,3,19,0.30952380952380953,0.004425048828125,0.012728796322583735
F07793,VPS37B,False,False,False,0,0,11,31,11,0.2619047619047619,0.0009765625,0.0036371970663265306
F07794,VPS39,False,False,False,2,1,24,15,25,0.5476190476190477,1.5497207641601562e-06,2.4955062305226046e-05
F07795,VPS41,False,False,False,2,0,23,17,23,0.5476190476190477,2.384185791015625e-07,6.66557474339262e-06
F07796,VPS45,False,False,False,0,0,4,38,4,0.09523809523809523,0.125,0.2027277215502345
F07797,VPS4A,False,False,False,0,0,1,41,1,0.023809523809523808,1.0,1.0
F07798,VPS4B,False,False,False,0,0,0,42,0,0.0,,
F07799,VPS50,False,False,False,0,0,16,26,16,0.38095238095238093,3.0517578125e-05,0.00023755982023844786
F07800,VPS51,False,False,False,0,0,5,37,5,0.11904761904761904,0.0625,0.11622558731955845
F07801,VPS52,False,False,False,1,0,8,33,8,0.19047619047619047,0.0078125,0.020482092976855548
F07802,VPS53,False,False,False,0,1,5,36,6,0.09523809523809523,0.21875,0.3337639340455179
F07803,VPS72,False,False,False,19,3,17,3,20,0.3333333333333333,0.0025768280029296875,0.008286544849778888
F07804,VRK1,False,False,False,0,0,14,28,14,0.3333333333333333,0.0001220703125,0.0006813950323916738
F07805,VRK2,False,False,False,7,2,24,9,26,0.5238095238095238,1.049041748046875e-05,0.00010522449289569418
F07806,VSIG10L,False,False,False,4,10,5,23,15,-0.11904761904761904,0.3017578125,0.4219086674026389
F07807,VSIG2,False,False,False,39,3,0,0,3,-0.07142857142857142,0.25,0.3572982379812921
F07808,VSIG4,False,False,False,33,6,3,0,9,-0.07142857142857142,0.5078125,0.632959234490609
F07809,VSIG8,False,False,False,12,10,11,9,21,0.023809523809523808,1.0,1.0
F07810,VSIR,False,False,False,28,0,13,1,13,0.30952380952380953,0.000244140625,0.0012069254373589164
F07811,VSNL1,False,False,False,0,1,8,33,9,0.16666666666666666,0.0390625,0.07848337155963303
F07812,VTA1,False,False,False,0,0,0,42,0,0.0,,
F07813,VTI1A,False,False,False,0,0,15,27,15,0.35714285714285715,6.103515625e-05,0.0004117053147458932
F07814,VTI1B,False,False,False,0,0,11,31,11,0.2619047619047619,0.0009765625,0.0036371970663265306
F07815,VTN,False,False,False,0,0,0,42,0,0.0,,
F07816,VWA1,False,False,False,0,0,0,42,0,0.0,,
F07817,VWA5A,False,False,False,0,1,1,40,2,0.0,1.0,1.0
F07818,VWA8,False,False,False,0,0,2,40,2,0.047619047619047616,0.5,0.6282271944922547
F07819,VWF,False,False,False,0,0,0,42,0,0.0,,
F07820,WAC,False,False,False,5,5,26,6,31,0.5,0.00019219517707824707,0.0010241056880811706
F07821,WAPL,False,False,False,11,3,25,3,28,0.5238095238095238,2.744048833847046e-05,0.0002256370568006895
F07822,WARS1,False,False,False,0,0,0,42,0,0.0,,
F07823,WARS2,False,False,False,28,9,3,2,12,-0.14285714285714285,0.14599609375,0.23332384722391145
F07824,WAS,False,False,False,1,2,9,30,11,0.16666666666666666,0.0654296875,0.11997573175411666
F07825,WASF1,False,False,False,8,10,11,13,21,0.023809523809523808,1.0,1.0
F07826,WASF2,False,False,False,0,0,1,41,1,0.023809523809523808,1.0,1.0
F07827,WASH3P,False,False,True,42,0,0,0,0,0.0,,
F07828,WASH6P,False,False,False,20,1,20,1,21,0.4523809523809524,2.09808349609375e-05,0.0001751513160017273
F07829,WASHC2C,False,False,False,41,0,1,0,1,0.023809523809523808,1.0,1.0
F07830,WASHC3,False,False,False,0,1,9,32,10,0.19047619047619047,0.021484375,0.0488923947869761
F07831,WASHC4,False,False,False,0,0,4,38,4,0.09523809523809523,0.125,0.2027277215502345
F07832,WASHC5,False,False,False,0,0,5,37,5,0.11904761904761904,0.0625,0.11622558731955845
F07833,WASL,False,False,False,1,1,7,33,8,0.14285714285714285,0.0703125,0.12687534331227684
F07834,WBP11,False,False,False,1,0,7,34,7,0.16666666666666666,0.015625,0.03678117162307417
F07835,WBP2,False,False,False,0,0,4,38,4,0.09523809523809523,0.125,0.2027277215502345
F07836,WDFY1,False,False,False,0,0,7,35,7,0.16666666666666666,0.015625,0.03678117162307417
F07837,WDFY2,False,False,False,20,1,19,2,20,0.42857142857142855,4.00543212890625e-05,0.0002895015301090656
F07838,WDFY4,False,False,False,16,5,18,3,23,0.30952380952380953,0.010622024536132812,0.027605498893351496
F07839,WDHD1,False,False,False,6,5,18,13,23,0.30952380952380953,0.010622024536132812,0.027605498893351496
F07840,WDPCP,False,False,False,34,2,4,2,6,0.047619047619047616,0.6875,0.8218477074235808
F07841,WDR1,False,False,False,0,0,0,42,0,0.0,,
F07842,WDR11,False,False,False,0,0,12,30,12,0.2857142857142857,0.00048828125,0.002121698288690476
F07843,WDR12,False,False,False,0,0,16,26,16,0.38095238095238093,3.0517578125e-05,0.00023755982023844786
F07844,WDR13,False,False,False,2,3,9,28,12,0.14285714285714285,0.14599609375,0.23332384722391145
F07845,WDR18,False,False,False,0,0,3,39,3,0.07142857142857142,0.25,0.3572982379812921
F07846,WDR26,False,False,False,0,0,12,30,12,0.2857142857142857,0.00048828125,0.002121698288690476
F07847,WDR3,False,False,False,0,0,7,35,7,0.16666666666666666,0.015625,0.03678117162307417
F07848,WDR33,False,False,False,1,0,14,27,14,0.3333333333333333,0.0001220703125,0.0006813950323916738
F07849,WDR36,False,False,False,0,0,7,35,7,0.16666666666666666,0.015625,0.03678117162307417
F07850,WDR37,False,False,False,2,1,9,30,10,0.19047619047619047,0.021484375,0.0488923947869761
F07851,WDR4,False,False,False,30,1,10,1,11,0.21428571428571427,0.01171875,0.02986508436772692
F07852,WDR43,False,False,False,0,0,15,27,15,0.35714285714285715,6.103515625e-05,0.0004117053147458932
F07853,WDR44,False,False,False,0,0,3,39,3,0.07142857142857142,0.25,0.3572982379812921
F07854,WDR46,False,False,False,13,5,17,7,22,0.2857142857142857,0.01690053939819336,0.03958522062250637
F07855,WDR47,False,False,False,1,2,16,23,18,0.3333333333333333,0.001312255859375,0.0048191844584090275
F07856,WDR48,False,False,False,24,4,13,1,17,0.21428571428571427,0.049041748046875,0.09713725796441626
F07857,WDR5,False,False,False,0,0,10,32,10,0.23809523809523808,0.001953125,0.006523655948144382
F07858,WDR7,False,False,False,1,6,8,27,14,0.047619047619047616,0.79052734375,0.9276236200102697
F07859,WDR70,False,False,False,9,2,23,8,25,0.5,1.9431114196777344e-05,0.00016998990715423056
F07860,WDR72,False,False,False,36,6,0,0,6,-0.14285714285714285,0.03125,0.06532373528475978
F07861,WDR74,False,False,False,11,0,26,5,26,0.6190476190476191,2.9802322387695312e-08,1.6049283449767065e-06
F07862,WDR75,False,False,False,1,0,34,7,34,0.8095238095238095,1.1641532182693481e-10,1.0926409491470882e-07
F07863,WDR76,False,False,False,41,0,0,1,0,0.0,,
F07864,WDR77,False,False,False,0,0,0,42,0,0.0,,
F07865,WDR81,False,False,False,1,0,16,25,16,0.38095238095238093,3.0517578125e-05,0.00023755982023844786
F07866,WDR82,False,False,False,0,0,8,34,8,0.19047619047619047,0.0078125,0.020482092976855548
F07867,WDR91,False,False,False,0,2,9,31,11,0.16666666666666666,0.0654296875,0.11997573175411666
F07868,WFDC12,False,False,False,11,2,25,4,27,0.5476190476190477,5.647540092468262e-06,6.318292697938551e-05
F07869,WFDC2,False,False,False,41,1,0,0,1,-0.023809523809523808,1.0,1.0
F07870,WFDC5,False,False,False,26,0,14,2,14,0.3333333333333333,0.0001220703125,0.0006813950323916738
F07871,WFS1,False,False,False,1,0,8,33,8,0.19047619047619047,0.0078125,0.020482092976855548
F07872,WIPF1,False,False,False,6,2,26,8,28,0.5714285714285714,3.032386302947998e-06,3.9451045565085836e-05
F07873,WIPF2,False,False,False,5,1,22,14,23,0.5,5.7220458984375e-06,6.318292697938551e-05
F07874,WIPI1,False,False,False,6,2,26,8,28,0.5714285714285714,3.032386302947998e-06,3.9451045565085836e-05
F07875,WIZ,False,False,False,26,7,5,4,12,-0.047619047619047616,0.7744140625,0.9121370366842955
F07876,WLS,False,False,False,0,0,5,37,5,0.11904761904761904,0.0625,0.11622558731955845
F07877,WNK1,False,False,False,0,0,11,31,11,0.2619047619047619,0.0009765625,0.0036371970663265306
F07878,WNK4,False,False,False,38,4,0,0,4,-0.09523809523809523,0.125,0.2027277215502345
F07879,WNT10B,False,False,False,40,2,0,0,2,-0.047619047619047616,0.5,0.6282271944922547
F07880,WNT5A,False,False,False,15,0,24,3,24,0.5714285714285714,1.1920928955078125e-07,3.896542449495685e-06
F07881,WRN,False,False,False,7,1,28,6,29,0.6428571428571429,1.1175870895385742e-07,3.896542449495685e-06
F07882,WRNIP1,False,False,False,1,5,20,16,25,0.35714285714285715,0.004077315330505371,0.012181883456762296
F07883,WTAP,False,False,False,0,0,7,35,7,0.16666666666666666,0.015625,0.03678117162307417
F07884,WTIP,False,False,False,12,8,9,13,17,0.023809523809523808,1.0,1.0
F07885,WWP2,False,False,False,24,4,11,3,15,0.16666666666666666,0.11846923828125,0.2027277215502345
F07886,XAB2,False,False,False,0,0,9,33,9,0.21428571428571427,0.00390625,0.01172410347190498
F07887,XDH,False,False,False,0,1,6,35,7,0.11904761904761904,0.125,0.2027277215502345
F07888,XIAP,False,False,False,22,1,15,4,16,0.3333333333333333,0.000518798828125,0.002199037613407258
F07889,XIRP1,False,False,False,1,6,13,22,19,0.16666666666666666,0.1670684814453125,0.2655794636089289
F07890,XIRP2,False,False,False,1,11,12,18,23,0.023809523809523808,1.0,1.0
F07891,XPC,False,False,False,15,13,11,3,24,-0.047619047619047616,0.8388197422027588,0.9750611652993852
F07892,XPNPEP1,False,False,False,0,0,0,42,0,0.0,,
F07893,XPO1,False,False,False,0,0,0,42,0,0.0,,
F07894,XPO4,False,False,False,6,4,22,10,26,0.42857142857142855,0.0005335211753845215,0.0022326331989021056
F07895,XPO5,False,False,False,0,0,4,38,4,0.09523809523809523,0.125,0.2027277215502345
F07896,XPO6,False,False,False,4,2,31,5,33,0.6904761904761905,1.3085082173347473e-07,4.2141661705339655e-06
F07897,XPO7,False,False,False,0,0,2,40,2,0.047619047619047616,0.5,0.6282271944922547
F07898,XPOT,False,False,False,0,0,11,31,11,0.2619047619047619,0.0009765625,0.0036371970663265306
F07899,XPR1,False,False,False,15,0,24,3,24,0.5714285714285714,1.1920928955078125e-07,3.896542449495685e-06
F07900,XRCC1,False,False,False,0,1,6,35,7,0.11904761904761904,0.125,0.2027277215502345
F07901,XRCC4,False,False,False,0,0,18,24,18,0.42857142857142855,7.62939453125e-06,7.981707336037023e-05
F07902,XRCC5,False,False,False,0,0,0,42,0,0.0,,
F07903,XRCC6,False,False,False,0,0,0,42,0,0.0,,
F07904,XRN1,False,False,False,0,0,10,32,10,0.23809523809523808,0.001953125,0.006523655948144382
F07905,XRN2,False,False,False,0,0,3,39,3,0.07142857142857142,0.25,0.3572982379812921
F07906,XYLT2,False,False,False,0,2,15,25,17,0.30952380952380953,0.002349853515625,0.007711557241586538
F07907,YAF2,False,False,False,14,0,25,3,25,0.5952380952380952,5.960464477539063e-08,2.5428734816514053e-06
F07908,YAP1,False,False,False,0,2,9,31,11,0.16666666666666666,0.0654296875,0.11997573175411666
F07909,YARS1,False,False,False,0,0,0,42,0,0.0,,
F07910,YARS2,False,False,False,0,0,15,27,15,0.35714285714285715,6.103515625e-05,0.0004117053147458932
F07911,YBX1,False,False,False,0,0,0,42,0,0.0,,
F07912,YBX3,False,False,False,0,0,0,42,0,0.0,,
F07913,YEATS2,False,False,False,12,8,11,11,19,0.07142857142857142,0.6476058959960938,0.7818395326523955
F07914,YEATS4,False,False,False,32,3,6,1,9,0.07142857142857142,0.5078125,0.632959234490609
F07915,YES1,False,False,False,3,3,19,17,22,0.38095238095238093,0.0008554458618164062,0.0034628954480183543
F07916,YIF1A,False,False,False,13,2,24,3,26,0.5238095238095238,1.049041748046875e-05,0.00010522449289569418
F07917,YIF1B,False,False,False,13,6,22,1,28,0.38095238095238093,0.0037191659212112427,0.011630138078228398
F07918,YIPF3,False,False,False,8,6,18,10,24,0.2857142857142857,0.022655844688415527,0.0506978540881778
F07919,YIPF4,False,False,False,5,2,16,19,18,0.3333333333333333,0.001312255859375,0.0048191844584090275
F07920,YIPF5,False,False,False,0,0,10,32,10,0.23809523809523808,0.001953125,0.006523655948144382
F07921,YIPF6,False,False,False,0,1,10,31,11,0.21428571428571427,0.01171875,0.02986508436772692
F07922,YKT6,False,False,False,0,0,0,42,0,0.0,,
F07923,YLPM1,False,False,False,0,0,12,30,12,0.2857142857142857,0.00048828125,0.002121698288690476
F07924,YME1L1,False,False,False,0,1,22,19,23,0.5,5.7220458984375e-06,6.318292697938551e-05
F07925,YOD1,False,False,False,0,2,5,35,7,0.07142857142857142,0.453125,0.6055675870964624
F07926,YRDC,False,False,False,13,2,23,4,25,0.5,1.9431114196777344e-05,0.00016998990715423056
F07927,YTHDC1,False,False,False,0,0,9,33,9,0.21428571428571427,0.00390625,0.01172410347190498
F07928,YTHDC2,False,False,False,31,0,11,0,11,0.2619047619047619,0.0009765625,0.0036371970663265306
F07929,YTHDF1,False,False,False,32,2,8,0,10,0.14285714285714285,0.109375,0.19126796646260313
F07930,YTHDF2,False,False,False,1,0,13,28,13,0.30952380952380953,0.000244140625,0.0012069254373589164
F07931,YTHDF3,False,False,False,0,0,10,32,10,0.23809523809523808,0.001953125,0.006523655948144382
F07932,YWHAB,False,False,False,0,0,0,42,0,0.0,,
F07933,YWHAE,False,False,False,0,0,0,42,0,0.0,,
F07934,YWHAG,False,False,False,0,0,0,42,0,0.0,,
F07935,YWHAH,False,False,False,0,0,0,42,0,0.0,,
F07936,YWHAQ,False,False,False,0,0,0,42,0,0.0,,
F07937,YWHAZ,False,False,False,0,0,0,42,0,0.0,,
F07938,YY1,False,False,False,0,1,17,24,18,0.38095238095238093,0.00014495849609375,0.000789045003592326
F07939,ZAP70,False,False,False,21,3,16,2,19,0.30952380952380953,0.004425048828125,0.012728796322583735
F07940,ZBED1,False,False,False,35,1,5,1,6,0.09523809523809523,0.21875,0.3337639340455179
F07941,ZBTB1,False,False,False,27,2,11,2,13,0.21428571428571427,0.0224609375,0.050450721153846155
F07942,ZBTB17,False,False,False,39,2,1,0,3,-0.023809523809523808,1.0,1.0
F07943,ZBTB18,False,False,False,39,2,1,0,3,-0.023809523809523808,1.0,1.0
F07944,ZBTB4,False,False,False,19,0,20,3,20,0.47619047619047616,1.9073486328125e-06,2.7785544384873893e-05
F07945,ZBTB47;ZNF652,False,True,True,42,0,0,0,0,0.0,,
F07946,ZBTB7A,False,False,False,10,5,19,8,24,0.3333333333333333,0.006610751152038574,0.018521379560295707
F07947,ZBTB7B,False,False,False,9,2,16,15,18,0.3333333333333333,0.001312255859375,0.0048191844584090275
F07948,ZBTB8OS,False,False,False,18,3,17,4,20,0.3333333333333333,0.0025768280029296875,0.008286544849778888
F07949,ZC3H11A,False,False,False,0,0,11,31,11,0.2619047619047619,0.0009765625,0.0036371970663265306
F07950,ZC3H12D,False,False,False,34,2,6,0,8,0.09523809523809523,0.2890625,0.40597277148354
F07951,ZC3H13,False,False,False,15,1,23,3,24,0.5238095238095238,2.9802322387695312e-06,3.9451045565085836e-05
F07952,ZC3H14,False,False,False,1,1,12,28,13,0.2619047619047619,0.00341796875,0.010703553235224024
F07953,ZC3H15,False,False,False,0,0,7,35,7,0.16666666666666666,0.015625,0.03678117162307417
F07954,ZC3H18,False,False,False,3,1,19,19,20,0.42857142857142855,4.00543212890625e-05,0.0002895015301090656
F07955,ZC3H4,False,False,False,0,1,12,29,13,0.2619047619047619,0.00341796875,0.010703553235224024
F07956,ZC3H7A,False,False,False,37,2,2,1,4,0.0,1.0,1.0
F07957,ZC3H7B,False,False,False,0,0,9,33,9,0.21428571428571427,0.00390625,0.01172410347190498
F07958,ZC3HAV1,False,False,False,0,0,3,39,3,0.07142857142857142,0.25,0.3572982379812921
F07959,ZC3HAV1L,False,False,False,10,1,25,6,26,0.5714285714285714,8.046627044677734e-07,1.6117786488881927e-05
F07960,ZC3HC1,False,False,False,0,2,27,13,29,0.5952380952380952,1.6242265701293945e-06,2.5468182734487163e-05
F07961,ZCCHC3,False,False,False,12,1,25,4,26,0.5714285714285714,8.046627044677734e-07,1.6117786488881927e-05
F07962,ZCCHC8,False,False,False,0,1,10,31,11,0.21428571428571427,0.01171875,0.02986508436772692
F07963,ZDHHC12,False,False,False,34,3,5,0,8,0.047619047619047616,0.7265625,0.8618009794186676
F07964,ZDHHC13,False,False,False,2,6,11,23,17,0.11904761904761904,0.332305908203125,0.4625529273081634
F07965,ZDHHC20,False,False,False,25,5,11,1,16,0.14285714285714285,0.210113525390625,0.3264237081618364
F07966,ZDHHC21,False,False,False,4,5,13,20,18,0.19047619047619047,0.09625244140625,0.16967495037270258
F07967,ZDHHC5,False,False,False,0,2,18,22,20,0.38095238095238093,0.0004024505615234375,0.0018425785290654944
F07968,ZEB1,False,False,False,36,2,2,2,4,0.0,1.0,1.0
F07969,ZEB2,False,False,False,37,5,0,0,5,-0.11904761904761904,0.0625,0.11622558731955845
F07970,ZFAND1,False,False,False,11,3,25,3,28,0.5238095238095238,2.744048833847046e-05,0.0002256370568006895
F07971,ZFAND2B,False,False,False,14,3,17,8,20,0.3333333333333333,0.0025768280029296875,0.008286544849778888
F07972,ZFAND5,False,False,False,34,0,7,1,7,0.16666666666666666,0.015625,0.03678117162307417
F07973,ZFAND6,False,False,False,12,2,24,4,26,0.5238095238095238,1.049041748046875e-05,0.00010522449289569418
F07974,ZFP36,False,False,False,23,8,6,5,14,-0.047619047619047616,0.79052734375,0.9276236200102697
F07975,ZFP36L2;ZFP36L1,False,True,True,42,0,0,0,0,0.0,,
F07976,ZFP42,False,False,False,17,2,17,6,19,0.35714285714285715,0.000728607177734375,0.0029843822679020224
F07977,ZFP91,False,False,False,2,4,20,16,24,0.38095238095238093,0.001543879508972168,0.005491764143988708
F07978,ZFPL1,False,False,False,0,0,14,28,14,0.3333333333333333,0.0001220703125,0.0006813950323916738
F07979,ZFPM1,False,False,False,36,6,0,0,6,-0.14285714285714285,0.03125,0.06532373528475978
F07980,ZFR,False,False,False,0,0,10,32,10,0.23809523809523808,0.001953125,0.006523655948144382
F07981,ZFYVE16,False,False,False,18,1,22,1,23,0.5,5.7220458984375e-06,6.318292697938551e-05
F07982,ZFYVE26,False,False,False,26,2,13,1,15,0.2619047619047619,0.00738525390625,0.0203017230811977
F07983,ZG16B,False,False,False,7,4,9,22,13,0.11904761904761904,0.266845703125,0.37808416422929697
F07984,ZGPAT,False,False,False,9,5,22,6,27,0.40476190476190477,0.0015137195587158203,0.005431533315545025
F07985,ZHX2,False,False,False,12,9,17,4,26,0.19047619047619047,0.16863754391670227,0.26794405405870225
F07986,ZKSCAN1,False,False,False,36,1,3,2,4,0.047619047619047616,0.625,0.7584503140007388
F07987,ZKSCAN8,False,False,False,33,2,6,1,8,0.09523809523809523,0.2890625,0.40597277148354
F07988,ZMAT2,False,False,False,18,1,18,5,19,0.40476190476190477,7.62939453125e-05,0.0004760220519497863
F07989,ZMIZ1,False,False,False,17,2,17,6,19,0.35714285714285715,0.000728607177734375,0.0029843822679020224
F07990,ZMPSTE24,False,False,False,0,0,5,37,5,0.11904761904761904,0.0625,0.11622558731955845
F07991,ZMYM1,False,False,False,26,14,1,1,15,-0.30952380952380953,0.0009765625,0.0036371970663265306
F07992,ZMYM2,False,False,False,39,0,2,1,2,0.047619047619047616,0.5,0.6282271944922547
F07993,ZMYM3,False,False,False,38,1,2,1,3,0.023809523809523808,1.0,1.0
F07994,ZMYM4,False,False,False,31,1,9,1,10,0.19047619047619047,0.021484375,0.0488923947869761
F07995,ZMYND15,False,False,False,23,8,5,6,13,-0.07142857142857142,0.5810546875,0.7167723050835524
F07996,ZMYND8,False,False,False,1,2,13,26,15,0.2619047619047619,0.00738525390625,0.0203017230811977
F07997,ZNF16,False,False,False,41,1,0,0,1,-0.023809523809523808,1.0,1.0
F07998,ZNF174,False,False,False,16,4,18,4,22,0.3333333333333333,0.004343509674072266,0.012688687665031029
F07999,ZNF177,False,False,False,26,13,2,1,15,-0.2619047619047619,0.00738525390625,0.0203017230811977
F08000,ZNF185,False,False,False,0,0,4,38,4,0.09523809523809523,0.125,0.2027277215502345
F08001,ZNF2,False,False,False,40,1,1,0,2,0.0,1.0,1.0
F08002,ZNF207,False,False,False,0,0,5,37,5,0.11904761904761904,0.0625,0.11622558731955845
F08003,ZNF22,False,False,False,14,4,19,5,23,0.35714285714285715,0.002599477767944336,0.008286544849778888
F08004,ZNF230,False,False,False,32,3,7,0,10,0.09523809523809523,0.34375,0.47586125158027814
F08005,ZNF24,False,False,False,32,1,8,1,9,0.16666666666666666,0.0390625,0.07848337155963303
F08006,ZNF277,False,False,False,24,10,6,2,16,-0.09523809523809523,0.454498291015625,0.6055675870964624
F08007,ZNF280C,False,False,False,34,1,6,1,7,0.11904761904761904,0.125,0.2027277215502345
F08008,ZNF281,False,False,False,33,0,8,1,8,0.19047619047619047,0.0078125,0.020482092976855548
F08009,ZNF282,False,False,False,18,5,15,4,20,0.23809523809523808,0.04138946533203125,0.08245263409079603
F08010,ZNF292,False,False,False,41,0,0,1,0,0.0,,
F08011,ZNF30,False,False,False,9,26,2,5,28,-0.5714285714285714,3.032386302947998e-06,3.9451045565085836e-05
F08012,ZNF311;ZKSCAN4;ZKSCAN3,False,True,True,42,0,0,0,0,0.0,,
F08013,ZNF316,False,False,False,31,1,8,2,9,0.16666666666666666,0.0390625,0.07848337155963303
F08014,ZNF324,False,False,True,42,0,0,0,0,0.0,,
F08015,ZNF326,False,False,False,0,0,8,34,8,0.19047619047619047,0.0078125,0.020482092976855548
F08016,ZNF330,False,False,False,19,7,14,2,21,0.16666666666666666,0.18924713134765625,0.2959661159138542
F08017,ZNF350,False,False,False,26,3,11,2,14,0.19047619047619047,0.057373046875,0.11175242157389564
F08018,ZNF366,False,False,False,38,3,0,1,3,-0.07142857142857142,0.25,0.3572982379812921
F08019,ZNF384,False,False,False,40,1,1,0,2,0.0,1.0,1.0
F08020,ZNF397,False,False,False,17,7,12,6,19,0.11904761904761904,0.359283447265625,0.4963188075136998
F08021,ZNF428,False,False,False,7,3,24,8,27,0.5,4.9233436584472656e-05,0.0003504481889057263
F08022,ZNF451,False,False,False,33,9,0,0,9,-0.21428571428571427,0.00390625,0.01172410347190498
F08023,ZNF460,False,False,False,38,0,3,1,3,0.07142857142857142,0.25,0.3572982379812921
F08024,ZNF462,False,False,False,31,4,6,1,10,0.047619047619047616,0.75390625,0.8906966485344362
F08025,ZNF469,False,False,False,40,2,0,0,2,-0.047619047619047616,0.5,0.6282271944922547
F08026,ZNF492,False,False,False,32,4,6,0,10,0.047619047619047616,0.75390625,0.8906966485344362
F08027,ZNF510,False,False,False,36,3,3,0,6,0.0,1.0,1.0
F08028,ZNF511,False,False,False,28,0,13,1,13,0.30952380952380953,0.000244140625,0.0012069254373589164
F08029,ZNF512,False,False,False,0,5,18,19,23,0.30952380952380953,0.010622024536132812,0.027605498893351496
F08030,ZNF512B,False,False,False,6,1,19,16,20,0.42857142857142855,4.00543212890625e-05,0.0002895015301090656
F08031,ZNF529,False,False,False,1,0,25,16,25,0.5952380952380952,5.960464477539063e-08,2.5428734816514053e-06
F08032,ZNF536,False,False,False,9,8,20,5,28,0.2857142857142857,0.03569813817739487,0.07361480471609676
F08033,ZNF566,False,False,False,31,1,10,0,11,0.21428571428571427,0.01171875,0.02986508436772692
F08034,ZNF579,False,False,False,30,0,10,2,10,0.23809523809523808,0.001953125,0.006523655948144382
F08035,ZNF593,False,False,False,34,1,6,1,7,0.11904761904761904,0.125,0.2027277215502345
F08036,ZNF594,False,False,False,39,1,2,0,3,0.023809523809523808,1.0,1.0
F08037,ZNF598,False,False,False,0,0,8,34,8,0.19047619047619047,0.0078125,0.020482092976855548
F08038,ZNF613,False,False,False,41,1,0,0,1,-0.023809523809523808,1.0,1.0
F08039,ZNF622,False,False,False,4,1,23,14,24,0.5238095238095238,2.9802322387695312e-06,3.9451045565085836e-05
F08040,ZNF638,False,False,False,1,0,15,26,15,0.35714285714285715,6.103515625e-05,0.0004117053147458932
F08041,ZNF644,False,False,False,24,4,13,1,17,0.21428571428571427,0.049041748046875,0.09713725796441626
F08042,ZNF664,False,False,False,41,0,0,1,0,0.0,,
F08043,ZNF669,False,False,False,18,5,12,7,17,0.16666666666666666,0.143463134765625,0.23067860876411067
F08044,ZNF671,False,False,False,4,4,14,20,18,0.23809523809523808,0.0308837890625,0.06532373528475978
F08045,ZNF682,False,False,True,42,0,0,0,0,0.0,,
F08046,ZNF687,False,False,False,37,1,3,1,4,0.047619047619047616,0.625,0.7584503140007388
F08047,ZNF691,False,False,False,39,0,2,1,2,0.047619047619047616,0.5,0.6282271944922547
F08048,ZNF703,False,False,False,33,6,2,1,8,-0.09523809523809523,0.2890625,0.40597277148354
F08049,ZNF706,False,False,False,4,3,16,19,19,0.30952380952380953,0.004425048828125,0.012728796322583735
F08050,ZNF713,False,False,False,39,3,0,0,3,-0.07142857142857142,0.25,0.3572982379812921
F08051,ZNF740,False,False,False,26,4,9,3,13,0.11904761904761904,0.266845703125,0.37808416422929697
F08052,ZNF749,False,False,True,42,0,0,0,0,0.0,,
F08053,ZNF770,False,False,False,26,3,8,5,11,0.11904761904761904,0.2265625,0.3435300311562428
F08054,ZNF771,False,False,False,40,0,1,1,1,0.023809523809523808,1.0,1.0
F08055,ZNF787,False,False,False,2,1,23,16,24,0.5238095238095238,2.9802322387695312e-06,3.9451045565085836e-05
F08056,ZNF830,False,False,False,33,2,6,1,8,0.09523809523809523,0.2890625,0.40597277148354
F08057,ZNFX1,False,False,False,10,0,24,8,24,0.5714285714285714,1.1920928955078125e-07,3.896542449495685e-06
F08058,ZNG1F;ZNG1C;ZNG1E;ZNG1B;ZNG1A,False,True,True,42,0,0,0,0,0.0,,
F08059,ZNHIT2,False,False,False,18,0,23,1,23,0.5476190476190477,2.384185791015625e-07,6.66557474339262e-06
F08060,ZNRD2,False,False,False,3,0,21,18,21,0.5,9.5367431640625e-07,1.6797963160292393e-05
F08061,ZNRF2,False,False,False,11,2,22,7,24,0.47619047619047616,3.5881996154785156e-05,0.0002719085521763996
F08062,ZPR1,False,False,False,0,0,3,39,3,0.07142857142857142,0.25,0.3572982379812921
F08063,ZRANB2,False,False,False,0,0,4,38,4,0.09523809523809523,0.125,0.2027277215502345
F08064,ZRANB3,False,False,False,38,4,0,0,4,-0.09523809523809523,0.125,0.2027277215502345
F08065,ZSCAN18,False,False,False,8,3,19,12,22,0.38095238095238093,0.0008554458618164062,0.0034628954480183543
F08066,ZSCAN23,False,False,False,2,2,31,7,33,0.6904761904761905,1.3085082173347473e-07,4.2141661705339655e-06
F08067,ZSWIM6,False,False,False,2,0,24,16,24,0.5714285714285714,1.1920928955078125e-07,3.896542449495685e-06
F08068,ZW10,False,False,False,0,0,3,39,3,0.07142857142857142,0.25,0.3572982379812921
F08069,ZWILCH,False,False,False,27,0,14,1,14,0.3333333333333333,0.0001220703125,0.0006813950323916738
F08070,ZYX,False,False,False,0,0,0,42,0,0.0,,
F08071,ZZEF1,False,False,False,1,0,14,27,14,0.3333333333333333,0.0001220703125,0.0006813950323916738
